log_id,normalised,match_type,top1_template,top1_score,top2_template,top2_score,top3_template,top3_score,latency_ms,store_size
1,cancelAutohide,exact,cancelAutohide,1.0,suspendAutohide,0.7907,resumeSuspendedAutohide,0.6555,75.7,186
2,"notifyUiVisibilityChanged:vis=<*>, SystemUiVisibility=<*>",exact,"notifyUiVisibilityChanged:vis=<*>, SystemUiVisibility=<*>",1.0,onNotificationVisibilityChanged called,0.6485,<*> I NotificationManager: <*> called,0.6396,55.8,186
3,getTasks: caller <*> does not hold REAL_GET_TASKS; limiting output,exact,getTasks: caller <*> does not hold REAL_GET_TASKS; limiting output,1.0,<*> W ActivityManager: getTasks: caller <*> does not hold REAL_GET_TASKS; limiting output,0.8241,getRunningAppProcesses: caller <*> does not hold REAL_GET_TASKS; limiting output,0.8139,54.42,186
4,"release:lock=<*>, flg=<*>, tag=""*launch*"", name=android"", ws=WorkSource{<*>}, uid=<*>, pid=<*>",exact,"release:lock=<*>, flg=<*>, tag=""*launch*"", name=android"", ws=WorkSource{<*>}, uid=<*>, pid=<*>",1.0,"release:lock=<*>, flg=<*>, tag=""WindowManager"", name=android"", ws=WorkSource{<*>}, uid=<*>, pid=<*>",0.8903,"acquire lock=<*>, flags=<*>, tag=""*launch*"", name=android, ws=WorkSource{<*>}, uid=<*>, pid=<*>",0.8405,56.63,186
5,"ready=true,policy=<*>,wakefulness=<*>,wksummary=<*>,uasummary=<*>,bootcompleted=true,boostinprogress=false,waitmodeenable=false,mode=false,manual=<*>,auto=-<*>,adj=<*>.0userId=<*>",exact,"ready=true,policy=<*>,wakefulness=<*>,wksummary=<*>,uasummary=<*>,bootcompleted=true,boostinprogress=false,waitmodeenable=false,mode=false,manual=<*>,auto=-<*>,adj=<*>.0userId=<*>",1.0,"<*> D PowerManagerService: ready=true,policy=<*>,wakefulness=<*>,wksummary=<*>,uasummary=<*>,bootcompleted=true,boostinprogress=false,waitmodeenable=false,mode=false,manual=<*>,auto=-<*>,adj=<*>.0userId=<*>",0.7294,"<*> D PowerManagerService: <*> suspend blocker ""PowerManagerService.WakeLocks"".",0.5022,58.58,186
6,"Releasing suspend blocker ""PowerManagerService.WakeLocks"".",exact,"Releasing suspend blocker ""PowerManagerService.WakeLocks"".",1.0,"Acquiring suspend blocker ""PowerManagerService.WakeLocks"".",0.91,"<*> D PowerManagerService: <*> suspend blocker ""PowerManagerService.WakeLocks"".",0.8899,54.5,186
7,<*><*> <*>:<*>:<*>.<*> <*> <*> I WindowManager: Destroying surface Surface(name=<*><*>.<*>) called by <*>:<*> <*>:<*> <*>:<*> <*>:<*> <*>:<*> <*>:<*> <*>:<*> <*>:<*>,partial,<*> I WindowManager: Destroying surface Surface<*> called by com.android.server.wm.WindowStateAnimator.destroySurface<*> com.android.server.wm.WindowStateAnimator.destroySurfaceLocked<*> com.android.server.wm.WindowState.removeLocked<*> com.android.server.wm.WindowManagerService.removeWindowInnerLocked<*> com.android.server.wm.WindowManagerService.removeWindowInnerLocked<*> com.android.server.wm.WindowManagerService.removeWindowLocked<*> com.android.server.wm.WindowManagerService.removeWindowLocked<*> com.android.server.wm.WindowManagerService.removeWindow<*>,0.9802,<*> I WindowManager: Destroying surface Surface(name=SurfaceView - <*><*>.<*>) called by com.android.server.wm.WindowStateAnimator.destroyDeferredSurfaceLocked<*> com.android.server.wm.WindowManagerService.performDeferredDestroyWindow<*> com.android.server.wm.Session.performDeferredDestroy<*> android.view.IWindowSession<*> com.android.server.wm.Session.onTransact<*> android.os.Binder.execTransact<*> <bottom of call stack> <bottom of call stack>,0.9012,Destroying surface Surface(name=PopupWindow:<*>) called by com.android.server.wm.WindowStateAnimator.destroySurface<*> com.android.server.wm.WindowStateAnimator.destroySurfaceLocked<*> com.android.server.wm.WindowState.removeLocked<*> com.android.server.wm.WindowManagerService.removeWindowInnerLocked<*> com.android.server.wm.WindowManagerService.removeWindowInnerLocked<*> com.android.server.wm.WindowManagerService.removeWindowLocked<*> com.android.server.wm.WindowManagerService.removeWindowLocked<*> com.android.server.wm.WindowManagerService.removeWindow<*>,0.8098,60.1,186
8,<*><*> <*>:<*>:<*>.<*> <*> <*> I WindowManager: Destroying surface Surface(name=<*><*>.<*>) called by <*>:<*> <*>:<*> <*>:<*> <*>:<*> <*>:<*> <*>:<*> <*>:<*> <*>:<*>,partial,<*> I WindowManager: Destroying surface Surface<*> called by com.android.server.wm.WindowStateAnimator.destroySurface<*> com.android.server.wm.WindowStateAnimator.destroySurfaceLocked<*> com.android.server.wm.WindowState.removeLocked<*> com.android.server.wm.WindowManagerService.removeWindowInnerLocked<*> com.android.server.wm.WindowManagerService.removeWindowInnerLocked<*> com.android.server.wm.WindowManagerService.removeWindowLocked<*> com.android.server.wm.WindowManagerService.removeWindowLocked<*> com.android.server.wm.WindowManagerService.removeWindow<*>,0.9888,<*> I WindowManager: Destroying surface Surface(name=SurfaceView - <*><*>.<*>) called by com.android.server.wm.WindowStateAnimator.destroyDeferredSurfaceLocked<*> com.android.server.wm.WindowManagerService.performDeferredDestroyWindow<*> com.android.server.wm.Session.performDeferredDestroy<*> android.view.IWindowSession<*> com.android.server.wm.Session.onTransact<*> android.os.Binder.execTransact<*> <bottom of call stack> <bottom of call stack>,0.9012,Destroying surface Surface(name=PopupWindow:<*>) called by com.android.server.wm.WindowStateAnimator.destroySurface<*> com.android.server.wm.WindowStateAnimator.destroySurfaceLocked<*> com.android.server.wm.WindowState.removeLocked<*> com.android.server.wm.WindowManagerService.removeWindowInnerLocked<*> com.android.server.wm.WindowManagerService.removeWindowInnerLocked<*> com.android.server.wm.WindowManagerService.removeWindowLocked<*> com.android.server.wm.WindowManagerService.removeWindowLocked<*> com.android.server.wm.WindowManagerService.removeWindow<*>,0.8098,60.21,186
9,<*><*> <*>:<*>:<*>.<*> <*> <*> W ActivityManager: getTasks: caller <*> does not hold REAL_GET_TASKS; limiting output,exact,<*> W ActivityManager: getTasks: caller <*> does not hold REAL_GET_TASKS; limiting output,1.0,<*> W ActivityManager: getRunningAppProcesses: caller <*> does not hold REAL_GET_TASKS; limiting output,0.9301,getTasks: caller <*> does not hold REAL_GET_TASKS; limiting output,0.8241,56.72,186
10,<*><*> <*>:<*>:<*>.<*> <*> <*> W ActivityManager: getTasks: caller <*> does not hold REAL_GET_TASKS; limiting output,exact,<*> W ActivityManager: getTasks: caller <*> does not hold REAL_GET_TASKS; limiting output,1.0,<*> W ActivityManager: getRunningAppProcesses: caller <*> does not hold REAL_GET_TASKS; limiting output,0.9301,getTasks: caller <*> does not hold REAL_GET_TASKS; limiting output,0.8241,56.28,186
11,getRingerMode...,new,getRingerMode...,1.0,,0.0,,0.0,54.48,187
12,"userActivityNoUpdateLocked: eventTime=<*>, event=<*>, flags=<*>, uid=<*>",exact,"userActivityNoUpdateLocked: eventTime=<*>, event=<*>, flags=<*>, uid=<*>",1.0,"cancelNotificationLocked called,tell the app,reason = <*>",0.5343,"release:lock=<*>, flg=<*>, tag=""SCREEN_FROZEN"", name=android"", ws=null, uid=<*>, pid=<*>",0.4766,55.6,187
13,suspendAutohide,exact,suspendAutohide,1.0,cancelAutohide,0.7907,resumeSuspendedAutohide,0.771,54.94,187
14,"ready=true,policy=<*>,wakefulness=<*>,wksummary=<*>,uasummary=<*>,bootcompleted=true,boostinprogress=false,waitmodeenable=false,mode=false,manual=<*>,auto=-<*>,adj=<*>.0userId=<*>",exact,"ready=true,policy=<*>,wakefulness=<*>,wksummary=<*>,uasummary=<*>,bootcompleted=true,boostinprogress=false,waitmodeenable=false,mode=false,manual=<*>,auto=-<*>,adj=<*>.0userId=<*>",1.0,"<*> D PowerManagerService: ready=true,policy=<*>,wakefulness=<*>,wksummary=<*>,uasummary=<*>,bootcompleted=true,boostinprogress=false,waitmodeenable=false,mode=false,manual=<*>,auto=-<*>,adj=<*>.0userId=<*>",0.7294,"<*> D PowerManagerService: <*> suspend blocker ""PowerManagerService.WakeLocks"".",0.5022,59.37,187
15,interceptKeyTq keycode=<*> interactive=true keyguardActive=false policyFlags=<*> down true canceled false,exact,interceptKeyTq keycode=<*> interactive=true keyguardActive=false policyFlags=<*> down false canceled false,0.9995,<*> D WindowManager: interceptKeyTq keycode=<*> interactive=true keyguardActive=false policyFlags=<*> down <*> canceled false,0.8529,"interceptKeyBeforeQueueing: key <*> , result : <*>",0.7206,54.99,187
16,"interceptKeyBeforeQueueing: key <*> , result : <*>",exact,"interceptKeyBeforeQueueing: key <*> , result : <*>",1.0,interceptKeyTq keycode=<*> interactive=true keyguardActive=false policyFlags=<*> down false canceled false,0.7202,"<*> D WindowManager: interceptKeyBeforeQueueing: key <*> , result : <*>",0.7061,54.3,187
17,"userActivityNoUpdateLocked: eventTime=<*>, event=<*>, flags=<*>, uid=<*>",exact,"userActivityNoUpdateLocked: eventTime=<*>, event=<*>, flags=<*>, uid=<*>",1.0,"cancelNotificationLocked called,tell the app,reason = <*>",0.5343,"release:lock=<*>, flg=<*>, tag=""SCREEN_FROZEN"", name=android"", ws=null, uid=<*>, pid=<*>",0.4766,54.92,187
18,"ready=true,policy=<*>,wakefulness=<*>,wksummary=<*>,uasummary=<*>,bootcompleted=true,boostinprogress=false,waitmodeenable=false,mode=false,manual=<*>,auto=-<*>,adj=<*>.0userId=<*>",exact,"ready=true,policy=<*>,wakefulness=<*>,wksummary=<*>,uasummary=<*>,bootcompleted=true,boostinprogress=false,waitmodeenable=false,mode=false,manual=<*>,auto=-<*>,adj=<*>.0userId=<*>",1.0,"<*> D PowerManagerService: ready=true,policy=<*>,wakefulness=<*>,wksummary=<*>,uasummary=<*>,bootcompleted=true,boostinprogress=false,waitmodeenable=false,mode=false,manual=<*>,auto=-<*>,adj=<*>.0userId=<*>",0.7294,"<*> D PowerManagerService: <*> suspend blocker ""PowerManagerService.WakeLocks"".",0.5022,58.32,187
19,resumeSuspendedAutohide,exact,resumeSuspendedAutohide,1.0,suspendAutohide,0.771,cancelAutohide,0.6555,54.21,187
20,"userActivityNoUpdateLocked: eventTime=<*>, event=<*>, flags=<*>, uid=<*>",exact,"userActivityNoUpdateLocked: eventTime=<*>, event=<*>, flags=<*>, uid=<*>",1.0,"cancelNotificationLocked called,tell the app,reason = <*>",0.5343,"release:lock=<*>, flg=<*>, tag=""SCREEN_FROZEN"", name=android"", ws=null, uid=<*>, pid=<*>",0.4766,55.37,187
21,"ready=true,policy=<*>,wakefulness=<*>,wksummary=<*>,uasummary=<*>,bootcompleted=true,boostinprogress=false,waitmodeenable=false,mode=false,manual=<*>,auto=-<*>,adj=<*>.0userId=<*>",exact,"ready=true,policy=<*>,wakefulness=<*>,wksummary=<*>,uasummary=<*>,bootcompleted=true,boostinprogress=false,waitmodeenable=false,mode=false,manual=<*>,auto=-<*>,adj=<*>.0userId=<*>",1.0,"<*> D PowerManagerService: ready=true,policy=<*>,wakefulness=<*>,wksummary=<*>,uasummary=<*>,bootcompleted=true,boostinprogress=false,waitmodeenable=false,mode=false,manual=<*>,auto=-<*>,adj=<*>.0userId=<*>",0.7294,"<*> D PowerManagerService: <*> suspend blocker ""PowerManagerService.WakeLocks"".",0.5022,58.44,187
22,interceptKeyTq keycode=<*> interactive=true keyguardActive=false policyFlags=<*> down false canceled false,exact,interceptKeyTq keycode=<*> interactive=true keyguardActive=false policyFlags=<*> down false canceled false,0.9999,<*> D WindowManager: interceptKeyTq keycode=<*> interactive=true keyguardActive=false policyFlags=<*> down <*> canceled false,0.8531,"interceptKeyBeforeQueueing: key <*> , result : <*>",0.7198,55.17,187
23,"interceptKeyBeforeQueueing: key <*> , result : <*>",exact,"interceptKeyBeforeQueueing: key <*> , result : <*>",1.0,interceptKeyTq keycode=<*> interactive=true keyguardActive=false policyFlags=<*> down false canceled false,0.7201,"<*> D WindowManager: interceptKeyBeforeQueueing: key <*> , result : <*>",0.7061,54.43,187
24,querySoundEffectsEnabled...,exact,querySoundEffectsEnabled...,1.0,playSoundEffect effectType: <*>,0.4443,<*> V AudioManager: querySoundEffectsEnabled...,0.4433,54.01,187
25,"userActivityNoUpdateLocked: eventTime=<*>, event=<*>, flags=<*>, uid=<*>",exact,"userActivityNoUpdateLocked: eventTime=<*>, event=<*>, flags=<*>, uid=<*>",1.0,"cancelNotificationLocked called,tell the app,reason = <*>",0.5343,"release:lock=<*>, flg=<*>, tag=""SCREEN_FROZEN"", name=android"", ws=null, uid=<*>, pid=<*>",0.4766,54.94,187
26,"ready=true,policy=<*>,wakefulness=<*>,wksummary=<*>,uasummary=<*>,bootcompleted=true,boostinprogress=false,waitmodeenable=false,mode=false,manual=<*>,auto=-<*>,adj=<*>.0userId=<*>",exact,"ready=true,policy=<*>,wakefulness=<*>,wksummary=<*>,uasummary=<*>,bootcompleted=true,boostinprogress=false,waitmodeenable=false,mode=false,manual=<*>,auto=-<*>,adj=<*>.0userId=<*>",1.0,"<*> D PowerManagerService: ready=true,policy=<*>,wakefulness=<*>,wksummary=<*>,uasummary=<*>,bootcompleted=true,boostinprogress=false,waitmodeenable=false,mode=false,manual=<*>,auto=-<*>,adj=<*>.0userId=<*>",0.7294,"<*> D PowerManagerService: <*> suspend blocker ""PowerManagerService.WakeLocks"".",0.5022,58.55,187
27,"animateCollapsePanels:flags=<*>, force=false, delayed=false, mExpandedVisible=false",exact,"animateCollapsePanels:flags=<*>, force<*> delayed<*> mExpandedVisible<*>",0.9984,makeExpandedInvisible: mExpandedVisible=true,0.5227,instantCollapse,0.4281,55.38,187
28,closeQs,exact,closeQs,1.0,cancelNotificationLocked:<*>|<*>|<*>|null|<*>,0.2927,querySoundEffectsEnabled...,0.2804,53.88,187
29,cancelPeek: false,exact,cancelPeek: false,1.0,"cancelNotificationLocked,remove =<*>",0.6466,cancelNotificationLocked:<*>|<*>|<*>|null|<*>,0.627,53.94,187
30,instantCollapse,exact,instantCollapse,1.0,"animateCollapsePanels:flags=<*>, force<*> delayed<*> mExpandedVisible<*>",0.4334,onExpandingStarted,0.3329,54.09,187
31,cancelPeek: false,exact,cancelPeek: false,1.0,"cancelNotificationLocked,remove =<*>",0.6466,cancelNotificationLocked:<*>|<*>|<*>|null|<*>,0.627,53.73,187
32,"userActivityNoUpdateLocked: eventTime=<*>, event=<*>, flags=<*>, uid=<*>",exact,"userActivityNoUpdateLocked: eventTime=<*>, event=<*>, flags=<*>, uid=<*>",1.0,"cancelNotificationLocked called,tell the app,reason = <*>",0.5343,"release:lock=<*>, flg=<*>, tag=""SCREEN_FROZEN"", name=android"", ws=null, uid=<*>, pid=<*>",0.4766,54.96,187
33,"ready=true,policy=<*>,wakefulness=<*>,wksummary=<*>,uasummary=<*>,bootcompleted=true,boostinprogress=false,waitmodeenable=false,mode=false,manual=<*>,auto=-<*>,adj=<*>.0userId=<*>",exact,"ready=true,policy=<*>,wakefulness=<*>,wksummary=<*>,uasummary=<*>,bootcompleted=true,boostinprogress=false,waitmodeenable=false,mode=false,manual=<*>,auto=-<*>,adj=<*>.0userId=<*>",1.0,"<*> D PowerManagerService: ready=true,policy=<*>,wakefulness=<*>,wksummary=<*>,uasummary=<*>,bootcompleted=true,boostinprogress=false,waitmodeenable=false,mode=false,manual=<*>,auto=-<*>,adj=<*>.0userId=<*>",0.7294,"<*> D PowerManagerService: <*> suspend blocker ""PowerManagerService.WakeLocks"".",0.5022,58.84,187
34,playSoundEffect effectType: <*>,exact,playSoundEffect effectType: <*>,1.0,<*> V AudioManager: playSoundEffect effectType: <*>,0.7282,<*> V AudioManager: querySoundEffectsEnabled...,0.5239,54.27,187
35,querySoundEffectsEnabled...,exact,querySoundEffectsEnabled...,1.0,playSoundEffect effectType: <*>,0.4443,<*> V AudioManager: querySoundEffectsEnabled...,0.4433,53.81,187
36,"START u0 {act=<*> cat=[<*>] flg=<*> cmp=<*>/.activity.SplashActivity bnds=[<*>,<*>][<*>,<*>]} from uid <*> on display <*>",partial,<*> I ActivityManager: START u0 {act=<*> flg=<*> cmp=<*>/.activity.SplashActivity (has extras)} from uid <*> on display <*>,0.8871,"START u0 {act=<*> cat=[<*>] flg=<*> cmp=<*>/.NotePadActivity bnds=[<*>,<*>][<*>,<*>]} from uid <*> on display <*>",0.8822,"<*> D ActivityManager: Skipping, withExcluded: false, tr.intent:Intent { <*> cmp<*> extras<*> extras<*> }",0.5807,57.23,187
37,"ActivityRecord info: ActivityInfo{<*> <*>}, euid: <*>",exact,"ActivityRecord info: ActivityInfo{<*> <*>}, euid: <*>",1.0,"<*> I ActivityManager: ActivityRecord info: ActivityInfo{<*> <*>}, euid: <*>",0.8814,"ACTIVITY check resid: <*>, size=<*>",0.5581,54.81,187
38,"acquire lock=<*>, flags=<*>, tag=""*launch*"", name=android, ws=WorkSource{<*>}, uid=<*>, pid=<*>",exact,"acquire lock=<*>, flags=<*>, tag=""*launch*"", name=android, ws=WorkSource{<*>}, uid=<*>, pid=<*>",1.0,"release:lock=<*>, flg=<*>, tag=""*launch*"", name=android"", ws=WorkSource{<*>}, uid=<*>, pid=<*>",0.8405,"acquire lock=<*>, flags=<*>, tag=""WiredAccessoryManager"", name=android, ws=null, uid=<*>, pid=<*>",0.763,56.76,187
39,"ready=true,policy=<*>,wakefulness=<*>,wksummary=<*>,uasummary=<*>,bootcompleted=true,boostinprogress=false,waitmodeenable=false,mode=false,manual=<*>,auto=-<*>,adj=<*>.0userId=<*>",exact,"ready=true,policy=<*>,wakefulness=<*>,wksummary=<*>,uasummary=<*>,bootcompleted=true,boostinprogress=false,waitmodeenable=false,mode=false,manual=<*>,auto=-<*>,adj=<*>.0userId=<*>",1.0,"<*> D PowerManagerService: ready=true,policy=<*>,wakefulness=<*>,wksummary=<*>,uasummary=<*>,bootcompleted=true,boostinprogress=false,waitmodeenable=false,mode=false,manual=<*>,auto=-<*>,adj=<*>.0userId=<*>",0.7294,"<*> D PowerManagerService: <*> suspend blocker ""PowerManagerService.WakeLocks"".",0.5022,58.37,187
40,"Acquiring suspend blocker ""PowerManagerService.WakeLocks"".",exact,"Acquiring suspend blocker ""PowerManagerService.WakeLocks"".",1.0,"Releasing suspend blocker ""PowerManagerService.WakeLocks"".",0.91,"<*> D PowerManagerService: <*> suspend blocker ""PowerManagerService.WakeLocks"".",0.8857,54.52,187
41,The change in focus caused us to need to do a layout begin,exact,The change in focus caused us to need to do a layout begin,1.0,The change in focus caused us to need to do a layout end,0.9503,<*> I WindowManager: The change in focus caused us to need to do a layout <*>,0.655,54.6,187
42,The change in focus caused us to need to do a layout end,exact,The change in focus caused us to need to do a layout end,1.0,The change in focus caused us to need to do a layout begin,0.9503,<*> I WindowManager: The change in focus caused us to need to do a layout <*>,0.6557,54.01,187
43,"updateClipping isOverlap:false, getTopPadding=<*>.<*>, Translation=-<*>.<*>",exact,"updateClipping isOverlap<*> getTopPadding=<*>.<*>, Translation<*>",0.9981,"release:lock=<*>, flg=<*>, tag=""RILJ_ACK_WL"", name=<*>"", ws=null, uid=<*>, pid=<*>",0.4443,"overlapAmount:<*>.<*>, previousNotificationEnd:<*>.<*>, newYTranslation:-<*>.<*>, location:<*>, i:<*>, getTopPadding:<*>.<*>, getLocationOnScreen():-<*>",0.4262,55.14,187
44,updateDimmedActivatedHideSensitive overlap:false,exact,updateDimmedActivatedHideSensitive overlap<*>,0.9985,resumeSuspendedAutohide,0.5479,suspendAutohide,0.5116,53.99,187
45,"setSystemUiVisibility vis=<*> mask=<*> oldVal=<*> newVal=<*> diff=<*> fullscreenStackVis=<*> dockedStackVis=<*>, fullscreenStackBounds=Rect(<*>, <*> - <*>, <*>), dockedStackBounds=Rect(<*>, <*> - <*>, <*>)",exact,"setSystemUiVisibility vis=<*> mask=<*> oldVal=<*> newVal=<*> diff=<*> fullscreenStackVis=<*> dockedStackVis=<*>, fullscreenStackBounds=Rect(<*>, <*> - <*>, <*>), dockedStackBounds=Rect(<*>, <*> - <*>, <*>)",1.0,"<*> I WindowManager: Taking screenshot from Surface with crop:[Rect(<*>, <*> - <*>, <*>)], width:[<*>], height:[<*>], minLayer:[<*>], maxLayer:[<*>], inRotation:[false], rot:[<*>]",0.4978,"overlapAmount:<*>.<*>, previousNotificationEnd:<*>.<*>, newYTranslation:-<*>.<*>, location:<*>, i:<*>, getTopPadding:<*>.<*>, getLocationOnScreen():-<*>",0.4857,59.68,187
46,cancelAutohide,exact,cancelAutohide,1.0,suspendAutohide,0.7907,resumeSuspendedAutohide,0.6555,54.3,187
47,"notifyUiVisibilityChanged:vis=<*>, SystemUiVisibility=<*>",exact,"notifyUiVisibilityChanged:vis=<*>, SystemUiVisibility=<*>",1.0,onNotificationVisibilityChanged called,0.6485,<*> I NotificationManager: <*> called,0.6396,54.57,187
48,setLightsOn(true),exact,setLightsOn(true),1.0,"updateLightsLocked,mInCall =false,mScreenOn = true,ledNotification == null<*>",0.6514,"updateLightsLocked,turn off notificationLight",0.5854,54.21,187
49,"setSystemUiVisibility vis=<*> mask=<*> oldVal=<*> newVal=<*> diff=<*> fullscreenStackVis=<*> dockedStackVis=<*>, fullscreenStackBounds=Rect(<*>, <*> - <*>, <*>), dockedStackBounds=Rect(<*>, <*> - <*>, <*>)",exact,"setSystemUiVisibility vis=<*> mask=<*> oldVal=<*> newVal=<*> diff=<*> fullscreenStackVis=<*> dockedStackVis=<*>, fullscreenStackBounds=Rect(<*>, <*> - <*>, <*>), dockedStackBounds=Rect(<*>, <*> - <*>, <*>)",1.0,"<*> I WindowManager: Taking screenshot from Surface with crop:[Rect(<*>, <*> - <*>, <*>)], width:[<*>], height:[<*>], minLayer:[<*>], maxLayer:[<*>], inRotation:[false], rot:[<*>]",0.4978,"overlapAmount:<*>.<*>, previousNotificationEnd:<*>.<*>, newYTranslation:-<*>.<*>, location:<*>, i:<*>, getTopPadding:<*>.<*>, getLocationOnScreen():-<*>",0.4857,60.25,187
50,"Skipping, withExcluded: false, tr.intent:Intent { flg=<*> cmp=<*>/.recents.RecentsActivity bnds=[<*>,<*>][<*>,<*>] }",exact,"Skipping, withExcluded: false, tr.intent:Intent { flg=<*> cmp=<*>/.recents.RecentsActivity bnds=[<*>,<*>][<*>,<*>] }",1.0,"<*> D ActivityManager: Skipping, withExcluded: false, tr.intent:Intent { flg=<*> cmp=<*>/.recents.RecentsActivity bnds=[<*>,<*>][<*>,<*>] }",0.8529,"Skipping, withExcluded: false, tr.intent:Intent { flg=<*> cmp=<*>/.<*> (has extras) }",0.7771,57.81,187
51,"Skipping, withExcluded: false, tr.intent:Intent { act=<*> flg=<*> cmp=<*>/.InCallActivity (has extras) }",exact,"Skipping, withExcluded: false, tr.intent:Intent { act=<*> flg=<*> cmp=<*>/.InCallActivity (has extras) }",1.0,"Skipping, withExcluded: false, tr.intent:Intent { flg=<*> cmp=<*>/.<*> (has extras) }",0.8996,"Skipping, withExcluded: false, tr.intent:Intent { act=<*> dat=tel:xxxxxxxxxxx flg=<*> cmp=<*>/.ChooseSubActivity (has extras) }",0.861,55.97,187
52,"Skipping, withExcluded: false, tr.intent:Intent { flg=<*> cmp=<*>/.<*> (has extras) }",exact,"Skipping, withExcluded: false, tr.intent:Intent { flg=<*> cmp=<*>/.<*> (has extras) }",1.0,"Skipping, withExcluded: false, tr.intent:Intent { act=<*> flg=<*> cmp=<*>/.InCallActivity (has extras) }",0.8996,"Skipping, withExcluded: false, tr.intent:Intent { act=<*> dat=tel:xxxxxxxxxxx flg=<*> cmp=<*>/.ChooseSubActivity (has extras) }",0.8368,55.83,187
53,"Skipping, withExcluded: false, tr.intent:Intent { flg=<*> cmp=<*>/.<*> (has extras) }",exact,"Skipping, withExcluded: false, tr.intent:Intent { flg=<*> cmp=<*>/.<*> (has extras) }",1.0,"Skipping, withExcluded: false, tr.intent:Intent { act=<*> flg=<*> cmp=<*>/.InCallActivity (has extras) }",0.8996,"Skipping, withExcluded: false, tr.intent:Intent { act=<*> dat=tel:xxxxxxxxxxx flg=<*> cmp=<*>/.ChooseSubActivity (has extras) }",0.8368,55.37,187
54,"Skipping, withExcluded: false, tr.intent:Intent { act=<*> dat=tel:xxxxxxxxxxx flg=<*> cmp=<*>/.ChooseSubActivity (has extras) }",exact,"Skipping, withExcluded: false, tr.intent:Intent { act=<*> dat=tel:xxxxxxxxxxx flg=<*> cmp=<*>/.ChooseSubActivity (has extras) }",1.0,"Skipping, withExcluded: false, tr.intent:Intent { act=<*> flg=<*> cmp=<*>/.InCallActivity (has extras) }",0.861,"<*> D ActivityManager: Skipping, withExcluded: false, tr.intent:Intent { act=<*> dat=tel:xxxxxxxxxxx flg=<*> cmp=<*>/.ChooseSubActivity (has extras) }",0.8481,56.77,187
55,"Skipping, withExcluded: false, tr.intent:Intent { act=<*> dat=file://<*>.apk typ=application<*>.android.package-archive flg=<*> cmp=<*>/.PackageInstallerActivity (has extras) }",exact,"Skipping, withExcluded: false, tr.intent:Intent { act=<*> dat=file://<*>.apk typ=application<*>.android.package-archive flg=<*> cmp=<*>/.PackageInstallerActivity (has extras) }",1.0,"<*> D ActivityManager: Skipping, withExcluded: false, tr.intent:Intent { act=<*> dat=file://<*>.apk typ=application<*>.android.package-archive flg=<*> cmp=<*>/.PackageInstallerActivity (has extras) }",0.8303,"Skipping, withExcluded: false, tr.intent:Intent { flg=<*> cmp=<*>/.<*> (has extras) }",0.6987,57.25,187
56,"getRecentTasks: num=<*>,flags=<*>,totalTasks=<*>",exact,"getRecentTasks: num=<*>,flags=<*>,totalTasks=<*>",1.0,"<*> D ActivityManager: getRecentTasks: num=<*>,flags=<*>,totalTasks=<*>",0.8022,getRecentTasks: topActivity=ComponentInfo{<*><*>.<*>},0.59,54.97,187
57,getRecentTasks: topActivity=ComponentInfo{<*><*>.<*>},exact,getRecentTasks: topActivity=ComponentInfo{<*><*>.<*>},1.0,<*> D ActivityManager: getRecentTasks: topActivity=ComponentInfo{<*><*>.<*>},0.8818,"<*> D ActivityManager: getRecentTasks: num=<*>,flags=<*>,totalTasks=<*>",0.6316,54.4,187
58,"<*><*> <*>:<*>:<*>.<*> <*> <*> D ActivityManager: Skipping, withExcluded: false, tr.intent:Intent { flg=<*> cmp=<*>/.recents.RecentsActivity bnds=[<*>,<*>][<*>,<*>] }",exact,"<*> D ActivityManager: Skipping, withExcluded: false, tr.intent:Intent { flg=<*> cmp=<*>/.recents.RecentsActivity bnds=[<*>,<*>][<*>,<*>] }",1.0,"<*> D ActivityManager: Skipping, withExcluded: false, tr.intent:Intent { <*> cmp<*> extras<*> extras<*> }",0.873,"Skipping, withExcluded: false, tr.intent:Intent { flg=<*> cmp=<*>/.recents.RecentsActivity bnds=[<*>,<*>][<*>,<*>] }",0.8529,59.03,187
59,"<*><*> <*>:<*>:<*>.<*> <*> <*> D ActivityManager: Skipping, withExcluded: false, tr.intent:Intent { act=<*> flg=<*> cmp=<*>/.InCallActivity (has extras) }",partial,"<*> D ActivityManager: Skipping, withExcluded: false, tr.intent:Intent { <*> cmp<*> extras<*> extras<*> }",0.9872,"<*> D ActivityManager: Skipping, withExcluded: false, tr.intent:Intent { act=<*> dat=tel:xxxxxxxxxxx flg=<*> cmp=<*>/.ChooseSubActivity (has extras) }",0.9227,"<*> D ActivityManager: Skipping, withExcluded: false, tr.intent:Intent { flg=<*> cmp=<*>/.recents.RecentsActivity bnds=[<*>,<*>][<*>,<*>] }",0.8544,57.7,187
60,"<*><*> <*>:<*>:<*>.<*> <*> <*> D ActivityManager: Skipping, withExcluded: false, tr.intent:Intent { flg=<*> cmp=<*>/.<*> (has extras) }",partial,"<*> D ActivityManager: Skipping, withExcluded: false, tr.intent:Intent { <*> cmp<*> extras<*> extras<*> }",0.98,"<*> D ActivityManager: Skipping, withExcluded: false, tr.intent:Intent { act=<*> dat=tel:xxxxxxxxxxx flg=<*> cmp=<*>/.ChooseSubActivity (has extras) }",0.9342,"<*> D ActivityManager: Skipping, withExcluded: false, tr.intent:Intent { flg=<*> cmp=<*>/.recents.RecentsActivity bnds=[<*>,<*>][<*>,<*>] }",0.8691,57.65,187
61,"<*><*> <*>:<*>:<*>.<*> <*> <*> D ActivityManager: getRecentTasks: num=<*>,flags=<*>,totalTasks=<*>",exact,"<*> D ActivityManager: getRecentTasks: num=<*>,flags=<*>,totalTasks=<*>",1.0,<*> D ActivityManager: getRecentTasks: topActivity=ComponentInfo{<*><*>.<*>},0.8262,"getRecentTasks: num=<*>,flags=<*>,totalTasks=<*>",0.8022,56.64,187
62,<*><*> <*>:<*>:<*>.<*> <*> <*> D ActivityManager: getRecentTasks: topActivity=ComponentInfo{<*><*>.<*>},exact,<*> D ActivityManager: getRecentTasks: topActivity=ComponentInfo{<*><*>.<*>},1.0,getRecentTasks: topActivity=ComponentInfo{<*><*>.<*>},0.8818,"<*> D ActivityManager: getRecentTasks: num=<*>,flags=<*>,totalTasks=<*>",0.8262,56.9,187
63,setLightsOn(true),exact,setLightsOn(true),1.0,"updateLightsLocked,mInCall =false,mScreenOn = true,ledNotification == null<*>",0.6514,"updateLightsLocked,turn off notificationLight",0.5854,54.09,187
64,"setSystemUiVisibility vis=<*> mask=<*> oldVal=<*> newVal=<*> diff=<*> fullscreenStackVis=<*> dockedStackVis=<*>, fullscreenStackBounds=Rect(<*>, <*> - <*>, <*>), dockedStackBounds=Rect(<*>, <*> - <*>, <*>)",exact,"setSystemUiVisibility vis=<*> mask=<*> oldVal=<*> newVal=<*> diff=<*> fullscreenStackVis=<*> dockedStackVis=<*>, fullscreenStackBounds=Rect(<*>, <*> - <*>, <*>), dockedStackBounds=Rect(<*>, <*> - <*>, <*>)",1.0,"<*> I WindowManager: Taking screenshot from Surface with crop:[Rect(<*>, <*> - <*>, <*>)], width:[<*>], height:[<*>], minLayer:[<*>], maxLayer:[<*>], inRotation:[false], rot:[<*>]",0.4978,"overlapAmount:<*>.<*>, previousNotificationEnd:<*>.<*>, newYTranslation:-<*>.<*>, location:<*>, i:<*>, getTopPadding:<*>.<*>, getLocationOnScreen():-<*>",0.4857,60.41,187
65,"<*><*> <*>:<*>:<*>.<*> <*> <*> I NotificationManager: cancelNotificationWithTag pid <*>,uid = <*>,tag = null,pkg =<*>,id =<*>",exact,"<*> I NotificationManager: cancelNotificationWithTag pid <*>,uid = <*>,tag = null,pkg =<*>,id =<*>",1.0,"cancelNotificationWithTag pid <*>,uid = <*>,tag = null,pkg =<*>,id =<*>",0.8193,<*> I NotificationManager: <*> called,0.7753,57.51,187
66,"cancelNotification,index:<*>",exact,"cancelNotification,index:<*>",1.0,"cancelNotification,index:-<*>",0.985,"cancelNotificationLocked,remove =<*>",0.74,54.56,187
67,"cancelNotification,cancelNotificationLocked,callingUid = <*>,callingPid = <*>",exact,"cancelNotification,cancelNotificationLocked,callingUid = <*>,callingPid = <*>",1.0,"cancelNotificationLocked,remove =<*>",0.8137,cancelNotificationLocked:<*>|<*>|<*>|null|<*>,0.8104,54.83,187
68,"cancelNotificationLocked called,tell the app,reason = <*>",exact,"cancelNotificationLocked called,tell the app,reason = <*>",1.0,"cancelNotificationLocked,remove =<*>",0.7577,"cancelNotification,cancelNotificationLocked,callingUid = <*>,callingPid = <*>",0.7464,54.32,187
69,cancelNotificationLocked:<*>|<*>|<*>|null|<*>,exact,cancelNotificationLocked:<*>|<*>|<*>|null|<*>,1.0,"cancelNotificationLocked,remove =<*>",0.8662,"cancelNotification,cancelNotificationLocked,callingUid = <*>,callingPid = <*>",0.8104,54.53,187
70,"cancelNotificationWithTag pid <*>,uid = <*>,tag = null,pkg =<*>,id =<*>",exact,"cancelNotificationWithTag pid <*>,uid = <*>,tag = null,pkg =<*>,id =<*>",1.0,"<*> I NotificationManager: cancelNotificationWithTag pid <*>,uid = <*>,tag = null,pkg =<*>,id =<*>",0.8193,"cancelNotification,cancelNotificationLocked,callingUid = <*>,callingPid = <*>",0.7156,54.93,187
71,"cancelNotificationLocked,remove =<*>",exact,"cancelNotificationLocked,remove =<*>",1.0,cancelNotificationLocked:<*>|<*>|<*>|null|<*>,0.8662,"cancelNotification,cancelNotificationLocked,callingUid = <*>,callingPid = <*>",0.8137,53.93,187
72,"cancelNotificationWithTag pid <*>,uid = <*>,tag = null,pkg =<*>,id =<*>",exact,"cancelNotificationWithTag pid <*>,uid = <*>,tag = null,pkg =<*>,id =<*>",1.0,"<*> I NotificationManager: cancelNotificationWithTag pid <*>,uid = <*>,tag = null,pkg =<*>,id =<*>",0.8193,"cancelNotification,cancelNotificationLocked,callingUid = <*>,callingPid = <*>",0.7156,54.71,187
73,"updateLightsLocked,mInCall =false,mScreenOn = true,ledNotification == null?true",exact,"updateLightsLocked,mInCall =false,mScreenOn = true,ledNotification == null<*>",0.9993,"updateLightsLocked,turn off notificationLight",0.7428,setLightsOn(true),0.6524,54.98,187
74,"updateLightsLocked,turn off notificationLight",exact,"updateLightsLocked,turn off notificationLight",1.0,"updateLightsLocked,mInCall =false,mScreenOn = true,ledNotification == null<*>",0.7494,setLightsOn(true),0.5854,53.99,187
75,"cancelNotification,index:-<*>",exact,"cancelNotification,index:-<*>",1.0,"cancelNotification,index:<*>",0.985,"cancelNotificationLocked,remove =<*>",0.732,53.87,187
76,"cancelNotification,index:-<*>",exact,"cancelNotification,index:-<*>",1.0,"cancelNotification,index:<*>",0.985,"cancelNotificationLocked,remove =<*>",0.732,53.7,187
77,"setSystemUiVisibility vis=<*> mask=<*> oldVal=<*> newVal=<*> diff=<*> fullscreenStackVis=<*> dockedStackVis=<*>, fullscreenStackBounds=Rect(<*>, <*> - <*>, <*>), dockedStackBounds=Rect(<*>, <*> - <*>, <*>)",exact,"setSystemUiVisibility vis=<*> mask=<*> oldVal=<*> newVal=<*> diff=<*> fullscreenStackVis=<*> dockedStackVis=<*>, fullscreenStackBounds=Rect(<*>, <*> - <*>, <*>), dockedStackBounds=Rect(<*>, <*> - <*>, <*>)",1.0,"<*> I WindowManager: Taking screenshot from Surface with crop:[Rect(<*>, <*> - <*>, <*>)], width:[<*>], height:[<*>], minLayer:[<*>], maxLayer:[<*>], inRotation:[false], rot:[<*>]",0.4978,"overlapAmount:<*>.<*>, previousNotificationEnd:<*>.<*>, newYTranslation:-<*>.<*>, location:<*>, i:<*>, getTopPadding:<*>.<*>, getLocationOnScreen():-<*>",0.4857,59.79,187
78,cancelAutohide,exact,cancelAutohide,1.0,suspendAutohide,0.7907,resumeSuspendedAutohide,0.6555,53.97,187
79,"notifyUiVisibilityChanged:vis=<*>, SystemUiVisibility=<*>",exact,"notifyUiVisibilityChanged:vis=<*>, SystemUiVisibility=<*>",1.0,onNotificationVisibilityChanged called,0.6485,<*> I NotificationManager: <*> called,0.6396,54.69,187
80,"cancelNotificationWithTag pid <*>,uid = <*>,tag = null,pkg =<*>,id =<*>",exact,"cancelNotificationWithTag pid <*>,uid = <*>,tag = null,pkg =<*>,id =<*>",1.0,"<*> I NotificationManager: cancelNotificationWithTag pid <*>,uid = <*>,tag = null,pkg =<*>,id =<*>",0.8193,"cancelNotification,cancelNotificationLocked,callingUid = <*>,callingPid = <*>",0.7156,55.16,187
81,"<*><*> <*>:<*>:<*>.<*> <*> <*> I NotificationManager: cancelNotificationWithTag pid <*>,uid = <*>,tag = null,pkg =<*>,id =<*>",exact,"<*> I NotificationManager: cancelNotificationWithTag pid <*>,uid = <*>,tag = null,pkg =<*>,id =<*>",1.0,"cancelNotificationWithTag pid <*>,uid = <*>,tag = null,pkg =<*>,id =<*>",0.8193,<*> I NotificationManager: <*> called,0.7753,57.17,187
82,"cancelNotification,index:-<*>",exact,"cancelNotification,index:-<*>",1.0,"cancelNotification,index:<*>",0.985,"cancelNotificationLocked,remove =<*>",0.732,54.28,187
83,"cancelNotification,index:-<*>",exact,"cancelNotification,index:-<*>",1.0,"cancelNotification,index:<*>",0.985,"cancelNotificationLocked,remove =<*>",0.732,53.86,187
84,"cancelNotificationWithTag pid <*>,uid = <*>,tag = null,pkg =<*>,id =<*>",exact,"cancelNotificationWithTag pid <*>,uid = <*>,tag = null,pkg =<*>,id =<*>",1.0,"<*> I NotificationManager: cancelNotificationWithTag pid <*>,uid = <*>,tag = null,pkg =<*>,id =<*>",0.8193,"cancelNotification,cancelNotificationLocked,callingUid = <*>,callingPid = <*>",0.7156,55.81,187
85,"cancelNotification,index:-<*>",exact,"cancelNotification,index:-<*>",1.0,"cancelNotification,index:<*>",0.985,"cancelNotificationLocked,remove =<*>",0.732,54.65,187
86,"<*><*> <*>:<*>:<*>.<*> <*> <*> I NotificationManager: cancelNotificationWithTag pid <*>,uid = <*>,tag = null,pkg =<*>,id =<*>",exact,"<*> I NotificationManager: cancelNotificationWithTag pid <*>,uid = <*>,tag = null,pkg =<*>,id =<*>",1.0,"cancelNotificationWithTag pid <*>,uid = <*>,tag = null,pkg =<*>,id =<*>",0.8193,<*> I NotificationManager: <*> called,0.7753,57.24,187
87,"cancelNotification,index:-<*>",exact,"cancelNotification,index:-<*>",1.0,"cancelNotification,index:<*>",0.985,"cancelNotificationLocked,remove =<*>",0.732,54.17,187
88,shouldBlockLocation running ...,exact,shouldBlockLocation running ...,1.0,shouldBlockLocation ret:false,0.8056,<*> W PhoneInterfaceManager: shouldBlockLocation running ...,0.6211,53.76,187
89,setLightsOn(true),exact,setLightsOn(true),1.0,"updateLightsLocked,mInCall =false,mScreenOn = true,ledNotification == null<*>",0.6518,"updateLightsLocked,turn off notificationLight",0.5854,54.47,187
90,"setSystemUiVisibility vis=<*> mask=<*> oldVal=<*> newVal=<*> diff=<*> fullscreenStackVis=<*> dockedStackVis=<*>, fullscreenStackBounds=Rect(<*>, <*> - <*>, <*>), dockedStackBounds=Rect(<*>, <*> - <*>, <*>)",exact,"setSystemUiVisibility vis=<*> mask=<*> oldVal=<*> newVal=<*> diff=<*> fullscreenStackVis=<*> dockedStackVis=<*>, fullscreenStackBounds=Rect(<*>, <*> - <*>, <*>), dockedStackBounds=Rect(<*>, <*> - <*>, <*>)",1.0,"<*> I WindowManager: Taking screenshot from Surface with crop:[Rect(<*>, <*> - <*>, <*>)], width:[<*>], height:[<*>], minLayer:[<*>], maxLayer:[<*>], inRotation:[false], rot:[<*>]",0.4978,"overlapAmount:<*>.<*>, previousNotificationEnd:<*>.<*>, newYTranslation:-<*>.<*>, location:<*>, i:<*>, getTopPadding:<*>.<*>, getLocationOnScreen():-<*>",0.4857,59.82,187
91,removeNotification:<*>|<*>|<*>|null|<*>,exact,removeNotification:<*>|<*>|<*>|null|<*>,1.0,addNotification key=<*>|<*>|<*>|null|<*>,0.8375,Marking notification as seen <*>,0.7113,54.76,187
92,"updateNotificationShade: total=<*>, active=<*>",exact,"updateNotificationShade: total=<*>, active=<*>",1.0,addNotification key=<*>|<*>|<*>|null|<*>,0.5749,<*> I NotificationManager: <*> called,0.5697,54.65,187
93,"<*><*> <*>:<*>:<*>.<*> <*> <*> I NotificationManager: cancelNotificationWithTag pid <*>,uid = <*>,tag = null,pkg =<*>,id =<*>",exact,"<*> I NotificationManager: cancelNotificationWithTag pid <*>,uid = <*>,tag = null,pkg =<*>,id =<*>",1.0,"cancelNotificationWithTag pid <*>,uid = <*>,tag = null,pkg =<*>,id =<*>",0.8193,<*> I NotificationManager: <*> called,0.7753,57.2,187
94,"cancelNotification,index:-<*>",exact,"cancelNotification,index:-<*>",1.0,"cancelNotification,index:<*>",0.985,"cancelNotificationLocked,remove =<*>",0.732,53.99,187
95,removeNotificationChildren,exact,removeNotificationChildren,1.0,removeNotification:<*>|<*>|<*>|null|<*>,0.574,<*> I NotificationManager: <*> called,0.5098,54.08,187
96,"animateCollapsePanels:flags=<*>, force=false, delayed=false, mExpandedVisible=false",exact,"animateCollapsePanels:flags=<*>, force<*> delayed<*> mExpandedVisible<*>",0.9989,makeExpandedInvisible: mExpandedVisible=true,0.5227,instantCollapse,0.4281,54.56,187
97,closeQs,exact,closeQs,1.0,cancelNotificationLocked:<*>|<*>|<*>|null|<*>,0.2927,querySoundEffectsEnabled...,0.2804,53.56,187
98,cancelPeek: false,exact,cancelPeek: false,1.0,"cancelNotificationLocked,remove =<*>",0.6466,cancelNotificationLocked:<*>|<*>|<*>|null|<*>,0.627,53.8,187
99,instantCollapse,exact,instantCollapse,1.0,"animateCollapsePanels:flags=<*>, force<*> delayed<*> mExpandedVisible<*>",0.4326,onExpandingStarted,0.3329,53.65,187
100,cancelPeek: false,exact,cancelPeek: false,1.0,"cancelNotificationLocked,remove =<*>",0.6466,cancelNotificationLocked:<*>|<*>|<*>|null|<*>,0.627,53.64,187
101,"release:lock=<*>, flg=<*>, tag=""*launch*"", name=android"", ws=WorkSource{<*>}, uid=<*>, pid=<*>",exact,"release:lock=<*>, flg=<*>, tag=""*launch*"", name=android"", ws=WorkSource{<*>}, uid=<*>, pid=<*>",1.0,"release:lock=<*>, flg=<*>, tag=""WindowManager"", name=android"", ws=WorkSource{<*>}, uid=<*>, pid=<*>",0.8903,"acquire lock=<*>, flags=<*>, tag=""*launch*"", name=android, ws=WorkSource{<*>}, uid=<*>, pid=<*>",0.8405,56.6,187
102,"ready=true,policy=<*>,wakefulness=<*>,wksummary=<*>,uasummary=<*>,bootcompleted=true,boostinprogress=false,waitmodeenable=false,mode=false,manual=<*>,auto=-<*>,adj=<*>.0userId=<*>",exact,"ready=true,policy=<*>,wakefulness=<*>,wksummary=<*>,uasummary=<*>,bootcompleted=true,boostinprogress=false,waitmodeenable=false,mode=false,manual=<*>,auto=-<*>,adj=<*>.0userId=<*>",1.0,"<*> D PowerManagerService: ready=true,policy=<*>,wakefulness=<*>,wksummary=<*>,uasummary=<*>,bootcompleted=true,boostinprogress=false,waitmodeenable=false,mode=false,manual=<*>,auto=-<*>,adj=<*>.0userId=<*>",0.7294,"<*> D PowerManagerService: <*> suspend blocker ""PowerManagerService.WakeLocks"".",0.5022,59.84,187
103,"Releasing suspend blocker ""PowerManagerService.WakeLocks"".",exact,"Releasing suspend blocker ""PowerManagerService.WakeLocks"".",1.0,"Acquiring suspend blocker ""PowerManagerService.WakeLocks"".",0.91,"<*> D PowerManagerService: <*> suspend blocker ""PowerManagerService.WakeLocks"".",0.8899,54.88,187
104,"updateClipping isOverlap:false, getTopPadding=<*>.<*>, Translation=<*>.<*>",exact,"updateClipping isOverlap<*> getTopPadding=<*>.<*>, Translation<*>",0.9978,"release:lock=<*>, flg=<*>, tag=""RILJ_ACK_WL"", name=<*>"", ws=null, uid=<*>, pid=<*>",0.4443,"overlapAmount:<*>.<*>, previousNotificationEnd:<*>.<*>, newYTranslation:-<*>.<*>, location:<*>, i:<*>, getTopPadding:<*>.<*>, getLocationOnScreen():-<*>",0.4279,54.97,187
105,updateDimmedActivatedHideSensitive overlap:false,exact,updateDimmedActivatedHideSensitive overlap<*>,0.9991,resumeSuspendedAutohide,0.5479,suspendAutohide,0.5116,54.14,187
106,setLightsOn(true),exact,setLightsOn(true),1.0,"updateLightsLocked,mInCall =false,mScreenOn = true,ledNotification == null<*>",0.6518,"updateLightsLocked,turn off notificationLight",0.5854,68.98,187
107,"setSystemUiVisibility vis=<*> mask=<*> oldVal=<*> newVal=<*> diff=<*> fullscreenStackVis=<*> dockedStackVis=<*>, fullscreenStackBounds=Rect(<*>, <*> - <*>, <*>), dockedStackBounds=Rect(<*>, <*> - <*>, <*>)",exact,"setSystemUiVisibility vis=<*> mask=<*> oldVal=<*> newVal=<*> diff=<*> fullscreenStackVis=<*> dockedStackVis=<*>, fullscreenStackBounds=Rect(<*>, <*> - <*>, <*>), dockedStackBounds=Rect(<*>, <*> - <*>, <*>)",1.0,"<*> I WindowManager: Taking screenshot from Surface with crop:[Rect(<*>, <*> - <*>, <*>)], width:[<*>], height:[<*>], minLayer:[<*>], maxLayer:[<*>], inRotation:[false], rot:[<*>]",0.4978,"overlapAmount:<*>.<*>, previousNotificationEnd:<*>.<*>, newYTranslation:-<*>.<*>, location:<*>, i:<*>, getTopPadding:<*>.<*>, getLocationOnScreen():-<*>",0.4857,72.29,187
108,setLightsOn(true),exact,setLightsOn(true),1.0,"updateLightsLocked,mInCall =false,mScreenOn = true,ledNotification == null<*>",0.6518,"updateLightsLocked,turn off notificationLight",0.5854,71.07,187
109,"setSystemUiVisibility vis=<*> mask=<*> oldVal=<*> newVal=<*> diff=<*> fullscreenStackVis=<*> dockedStackVis=<*>, fullscreenStackBounds=Rect(<*>, <*> - <*>, <*>), dockedStackBounds=Rect(<*>, <*> - <*>, <*>)",exact,"setSystemUiVisibility vis=<*> mask=<*> oldVal=<*> newVal=<*> diff=<*> fullscreenStackVis=<*> dockedStackVis=<*>, fullscreenStackBounds=Rect(<*>, <*> - <*>, <*>), dockedStackBounds=Rect(<*>, <*> - <*>, <*>)",1.0,"<*> I WindowManager: Taking screenshot from Surface with crop:[Rect(<*>, <*> - <*>, <*>)], width:[<*>], height:[<*>], minLayer:[<*>], maxLayer:[<*>], inRotation:[false], rot:[<*>]",0.4978,"overlapAmount:<*>.<*>, previousNotificationEnd:<*>.<*>, newYTranslation:-<*>.<*>, location:<*>, i:<*>, getTopPadding:<*>.<*>, getLocationOnScreen():-<*>",0.4857,99.38,187
110,"<*><*> <*>:<*>:<*>.<*> <*> <*> I NotificationManager: cancelNotificationWithTag pid <*>,uid = <*>,tag = null,pkg =<*>,id =<*>",exact,"<*> I NotificationManager: cancelNotificationWithTag pid <*>,uid = <*>,tag = null,pkg =<*>,id =<*>",1.0,"cancelNotificationWithTag pid <*>,uid = <*>,tag = null,pkg =<*>,id =<*>",0.8193,<*> I NotificationManager: <*> called,0.7753,72.72,187
111,"cancelNotification,index:-<*>",exact,"cancelNotification,index:-<*>",1.0,"cancelNotification,index:<*>",0.985,"cancelNotificationLocked,remove =<*>",0.732,68.46,187
112,shouldBlockLocation ret:true,partial,shouldBlockLocation ret:false,0.9797,shouldBlockLocation running ...,0.8064,<*> I PhoneInterfaceManager: shouldBlockLocation ret:false,0.575,72.26,187
113,getAllCellInfo is blocked by permission manager . callingPackage = <*>,fuzzy,getNeighboringCellInfo calling app is com.amap.android.ams<*>,0.6504,<*> W PhoneInterfaceManager: shouldBlockLocation running ...,0.3671,getRingtonePlayer...,0.366,79.86,187
114,setLightsOn(true),exact,setLightsOn(true),1.0,"updateLightsLocked,mInCall =false,mScreenOn = true,ledNotification == null<*>",0.6518,"updateLightsLocked,turn off notificationLight",0.5854,72.65,187
115,"setSystemUiVisibility vis=<*> mask=<*> oldVal=<*> newVal=<*> diff=<*> fullscreenStackVis=<*> dockedStackVis=<*>, fullscreenStackBounds=Rect(<*>, <*> - <*>, <*>), dockedStackBounds=Rect(<*>, <*> - <*>, <*>)",exact,"setSystemUiVisibility vis=<*> mask=<*> oldVal=<*> newVal=<*> diff=<*> fullscreenStackVis=<*> dockedStackVis=<*>, fullscreenStackBounds=Rect(<*>, <*> - <*>, <*>), dockedStackBounds=Rect(<*>, <*> - <*>, <*>)",1.0,"<*> I WindowManager: Taking screenshot from Surface with crop:[Rect(<*>, <*> - <*>, <*>)], width:[<*>], height:[<*>], minLayer:[<*>], maxLayer:[<*>], inRotation:[false], rot:[<*>]",0.4978,"overlapAmount:<*>.<*>, previousNotificationEnd:<*>.<*>, newYTranslation:-<*>.<*>, location:<*>, i:<*>, getTopPadding:<*>.<*>, getLocationOnScreen():-<*>",0.4857,61.29,187
116,setLightsOn(true),exact,setLightsOn(true),1.0,"updateLightsLocked,mInCall =false,mScreenOn = true,ledNotification == null<*>",0.6518,"updateLightsLocked,turn off notificationLight",0.5854,55.08,187
117,"setSystemUiVisibility vis=<*> mask=<*> oldVal=<*> newVal=<*> diff=<*> fullscreenStackVis=<*> dockedStackVis=<*>, fullscreenStackBounds=Rect(<*>, <*> - <*>, <*>), dockedStackBounds=Rect(<*>, <*> - <*>, <*>)",exact,"setSystemUiVisibility vis=<*> mask=<*> oldVal=<*> newVal=<*> diff=<*> fullscreenStackVis=<*> dockedStackVis=<*>, fullscreenStackBounds=Rect(<*>, <*> - <*>, <*>), dockedStackBounds=Rect(<*>, <*> - <*>, <*>)",1.0,"<*> I WindowManager: Taking screenshot from Surface with crop:[Rect(<*>, <*> - <*>, <*>)], width:[<*>], height:[<*>], minLayer:[<*>], maxLayer:[<*>], inRotation:[false], rot:[<*>]",0.4978,"overlapAmount:<*>.<*>, previousNotificationEnd:<*>.<*>, newYTranslation:-<*>.<*>, location:<*>, i:<*>, getTopPadding:<*>.<*>, getLocationOnScreen():-<*>",0.4857,60.9,187
118,setLightsOn(true),exact,setLightsOn(true),1.0,"updateLightsLocked,mInCall =false,mScreenOn = true,ledNotification == null<*>",0.6518,"updateLightsLocked,turn off notificationLight",0.5854,55.3,187
119,"setSystemUiVisibility vis=<*> mask=<*> oldVal=<*> newVal=<*> diff=<*> fullscreenStackVis=<*> dockedStackVis=<*>, fullscreenStackBounds=Rect(<*>, <*> - <*>, <*>), dockedStackBounds=Rect(<*>, <*> - <*>, <*>)",exact,"setSystemUiVisibility vis=<*> mask=<*> oldVal=<*> newVal=<*> diff=<*> fullscreenStackVis=<*> dockedStackVis=<*>, fullscreenStackBounds=Rect(<*>, <*> - <*>, <*>), dockedStackBounds=Rect(<*>, <*> - <*>, <*>)",1.0,"<*> I WindowManager: Taking screenshot from Surface with crop:[Rect(<*>, <*> - <*>, <*>)], width:[<*>], height:[<*>], minLayer:[<*>], maxLayer:[<*>], inRotation:[false], rot:[<*>]",0.4978,"overlapAmount:<*>.<*>, previousNotificationEnd:<*>.<*>, newYTranslation:-<*>.<*>, location:<*>, i:<*>, getTopPadding:<*>.<*>, getLocationOnScreen():-<*>",0.4857,61.19,187
120,<*><*> <*>:<*>:<*>.<*> <*> <*> W ActivityManager: getTasks: caller <*> does not hold REAL_GET_TASKS; limiting output,exact,<*> W ActivityManager: getTasks: caller <*> does not hold REAL_GET_TASKS; limiting output,1.0,<*> W ActivityManager: getRunningAppProcesses: caller <*> does not hold REAL_GET_TASKS; limiting output,0.9301,getTasks: caller <*> does not hold REAL_GET_TASKS; limiting output,0.8241,57.69,187
121,getTasks: caller <*> does not hold REAL_GET_TASKS; limiting output,exact,getTasks: caller <*> does not hold REAL_GET_TASKS; limiting output,1.0,<*> W ActivityManager: getTasks: caller <*> does not hold REAL_GET_TASKS; limiting output,0.8241,getRunningAppProcesses: caller <*> does not hold REAL_GET_TASKS; limiting output,0.8139,55.33,187
122,<*><*> <*>:<*>:<*>.<*> <*> <*> V AudioManager: isMusicActive...,exact,<*> V AudioManager: isMusicActive...,1.0,<*> V AudioManager: isBluetoothScoOn...,0.8822,<*> V AudioManager: querySoundEffectsEnabled...,0.8451,56.16,187
123,"userActivityNoUpdateLocked: eventTime=<*>, event=<*>, flags=<*>, uid=<*>",exact,"userActivityNoUpdateLocked: eventTime=<*>, event=<*>, flags=<*>, uid=<*>",1.0,"cancelNotificationLocked called,tell the app,reason = <*>",0.5343,"release:lock=<*>, flg=<*>, tag=""SCREEN_FROZEN"", name=android"", ws=null, uid=<*>, pid=<*>",0.4766,55.96,187
124,"ready=true,policy=<*>,wakefulness=<*>,wksummary=<*>,uasummary=<*>,bootcompleted=true,boostinprogress=false,waitmodeenable=false,mode=false,manual=<*>,auto=-<*>,adj=<*>.0userId=<*>",exact,"ready=true,policy=<*>,wakefulness=<*>,wksummary=<*>,uasummary=<*>,bootcompleted=true,boostinprogress=false,waitmodeenable=false,mode=false,manual=<*>,auto=-<*>,adj=<*>.0userId=<*>",1.0,"<*> D PowerManagerService: ready=true,policy=<*>,wakefulness=<*>,wksummary=<*>,uasummary=<*>,bootcompleted=true,boostinprogress=false,waitmodeenable=false,mode=false,manual=<*>,auto=-<*>,adj=<*>.0userId=<*>",0.7294,"<*> D PowerManagerService: <*> suspend blocker ""PowerManagerService.WakeLocks"".",0.5022,59.79,187
125,<*><*> <*>:<*>:<*>.<*> <*> <*> V AudioManager: playSoundEffect effectType: <*>,exact,<*> V AudioManager: playSoundEffect effectType: <*>,1.0,<*> V AudioManager: querySoundEffectsEnabled...,0.8796,<*> V AudioManager: isMusicActive...,0.8416,56.55,187
126,<*><*> <*>:<*>:<*>.<*> <*> <*> V AudioManager: querySoundEffectsEnabled...,exact,<*> V AudioManager: querySoundEffectsEnabled...,1.0,<*> V AudioManager: playSoundEffect effectType: <*>,0.8796,<*> V AudioManager: isBluetoothScoOn...,0.8749,55.63,187
127,setLightsOn(true),exact,setLightsOn(true),1.0,"updateLightsLocked,mInCall =false,mScreenOn = true,ledNotification == null<*>",0.6518,"updateLightsLocked,turn off notificationLight",0.5854,54.76,187
128,"setSystemUiVisibility vis=<*> mask=<*> oldVal=<*> newVal=<*> diff=<*> fullscreenStackVis=<*> dockedStackVis=<*>, fullscreenStackBounds=Rect(<*>, <*> - <*>, <*>), dockedStackBounds=Rect(<*>, <*> - <*>, <*>)",exact,"setSystemUiVisibility vis=<*> mask=<*> oldVal=<*> newVal=<*> diff=<*> fullscreenStackVis=<*> dockedStackVis=<*>, fullscreenStackBounds=Rect(<*>, <*> - <*>, <*>), dockedStackBounds=Rect(<*>, <*> - <*>, <*>)",1.0,"<*> I WindowManager: Taking screenshot from Surface with crop:[Rect(<*>, <*> - <*>, <*>)], width:[<*>], height:[<*>], minLayer:[<*>], maxLayer:[<*>], inRotation:[false], rot:[<*>]",0.4978,"overlapAmount:<*>.<*>, previousNotificationEnd:<*>.<*>, newYTranslation:-<*>.<*>, location:<*>, i:<*>, getTopPadding:<*>.<*>, getLocationOnScreen():-<*>",0.4857,60.48,187
129,HBM brightnessIn =<*>,exact,HBM brightnessIn =<*>,1.0,HBM brightnessOut =<*>,0.9267,"Animating brightness: target=<*>, rate=<*>",0.5363,55.1,187
130,HBM brightnessOut =<*>,exact,HBM brightnessOut =<*>,1.0,HBM brightnessIn =<*>,0.9267,"Animating brightness: target=<*>, rate=<*>",0.4981,54.64,187
131,"Animating brightness: target=<*>, rate=<*>",exact,"Animating brightness: target=<*>, rate=<*>",1.0,HBM brightnessIn =<*>,0.5363,HBM brightnessOut =<*>,0.4981,55.04,187
132,HBM brightnessIn =<*>,exact,HBM brightnessIn =<*>,1.0,HBM brightnessOut =<*>,0.9267,"Animating brightness: target=<*>, rate=<*>",0.5363,54.52,187
133,HBM brightnessOut =<*>,exact,HBM brightnessOut =<*>,1.0,HBM brightnessIn =<*>,0.9267,"Animating brightness: target=<*>, rate=<*>",0.4981,54.53,187
134,"Animating brightness: target=<*>, rate=<*>",exact,"Animating brightness: target=<*>, rate=<*>",1.0,HBM brightnessIn =<*>,0.5363,HBM brightnessOut =<*>,0.4981,55.64,187
135,shouldBlockLocation running ...,exact,shouldBlockLocation running ...,1.0,shouldBlockLocation ret:false,0.8095,<*> W PhoneInterfaceManager: shouldBlockLocation running ...,0.6211,55.12,187
136,shouldBlockLocation ret:true,exact,shouldBlockLocation ret:false,0.991,shouldBlockLocation running ...,0.8064,<*> I PhoneInterfaceManager: shouldBlockLocation ret:false,0.575,55.6,187
137,getAllCellInfo is blocked by permission manager . callingPackage = <*>,partial,getNeighboringCellInfo calling app is com.amap.android.ams<*>,0.8345,<*> W PhoneInterfaceManager: shouldBlockLocation running ...,0.3671,getRingtonePlayer...,0.366,72.62,187
138,shouldBlockLocation running ...,exact,shouldBlockLocation running ...,1.0,shouldBlockLocation ret:false,0.8101,<*> W PhoneInterfaceManager: shouldBlockLocation running ...,0.6211,56.1,187
139,shouldBlockLocation ret:true,exact,shouldBlockLocation ret:false,0.9949,shouldBlockLocation running ...,0.8064,<*> I PhoneInterfaceManager: shouldBlockLocation ret:false,0.575,57.11,187
140,getCellLocation is blocked by permission manager uid:<*> pid:<*>,fuzzy,getNeighboringCellInfo calling app is com.amap.android.ams<*>,0.7416,<*> W PhoneInterfaceManager: shouldBlockLocation running ...,0.4001,<*> I PhoneInterfaceManager: shouldBlockLocation ret:false,0.373,75.24,187
141,getRunningAppProcesses: caller <*> does not hold REAL_GET_TASKS; limiting output,exact,getRunningAppProcesses: caller <*> does not hold REAL_GET_TASKS; limiting output,1.0,getTasks: caller <*> does not hold REAL_GET_TASKS; limiting output,0.8139,<*> W ActivityManager: getRunningAppProcesses: caller <*> does not hold REAL_GET_TASKS; limiting output,0.8118,70.13,187
142,HBM brightnessIn =<*>,exact,HBM brightnessIn =<*>,1.0,HBM brightnessOut =<*>,0.9267,"Animating brightness: target=<*>, rate=<*>",0.5363,56.53,187
143,HBM brightnessOut =<*>,exact,HBM brightnessOut =<*>,1.0,HBM brightnessIn =<*>,0.9267,"Animating brightness: target=<*>, rate=<*>",0.4981,54.6,187
144,"Animating brightness: target=<*>, rate=<*>",exact,"Animating brightness: target=<*>, rate=<*>",1.0,HBM brightnessIn =<*>,0.5363,HBM brightnessOut =<*>,0.4981,55.43,187
145,"userActivityNoUpdateLocked: eventTime=<*>, event=<*>, flags=<*>, uid=<*>",exact,"userActivityNoUpdateLocked: eventTime=<*>, event=<*>, flags=<*>, uid=<*>",1.0,"cancelNotificationLocked called,tell the app,reason = <*>",0.5343,"release:lock=<*>, flg=<*>, tag=""SCREEN_FROZEN"", name=android"", ws=null, uid=<*>, pid=<*>",0.4766,55.65,187
146,"ready=true,policy=<*>,wakefulness=<*>,wksummary=<*>,uasummary=<*>,bootcompleted=true,boostinprogress=false,waitmodeenable=false,mode=false,manual=<*>,auto=-<*>,adj=<*>.0userId=<*>",exact,"ready=true,policy=<*>,wakefulness=<*>,wksummary=<*>,uasummary=<*>,bootcompleted=true,boostinprogress=false,waitmodeenable=false,mode=false,manual=<*>,auto=-<*>,adj=<*>.0userId=<*>",1.0,"<*> D PowerManagerService: ready=true,policy=<*>,wakefulness=<*>,wksummary=<*>,uasummary=<*>,bootcompleted=true,boostinprogress=false,waitmodeenable=false,mode=false,manual=<*>,auto=-<*>,adj=<*>.0userId=<*>",0.7294,"<*> D PowerManagerService: <*> suspend blocker ""PowerManagerService.WakeLocks"".",0.5022,59.23,187
147,HBM brightnessIn =<*>,exact,HBM brightnessIn =<*>,1.0,HBM brightnessOut =<*>,0.9267,"Animating brightness: target=<*>, rate=<*>",0.5363,55.78,187
148,HBM brightnessOut =<*>,exact,HBM brightnessOut =<*>,1.0,HBM brightnessIn =<*>,0.9267,"Animating brightness: target=<*>, rate=<*>",0.4981,53.96,187
149,"Animating brightness: target=<*>, rate=<*>",exact,"Animating brightness: target=<*>, rate=<*>",1.0,HBM brightnessIn =<*>,0.5363,HBM brightnessOut =<*>,0.4981,54.12,187
150,setLightsOn(true),exact,setLightsOn(true),1.0,"updateLightsLocked,mInCall =false,mScreenOn = true,ledNotification == null<*>",0.6518,"updateLightsLocked,turn off notificationLight",0.5854,53.84,187
151,"setSystemUiVisibility vis=<*> mask=<*> oldVal=<*> newVal=<*> diff=<*> fullscreenStackVis=<*> dockedStackVis=<*>, fullscreenStackBounds=Rect(<*>, <*> - <*>, <*>), dockedStackBounds=Rect(<*>, <*> - <*>, <*>)",exact,"setSystemUiVisibility vis=<*> mask=<*> oldVal=<*> newVal=<*> diff=<*> fullscreenStackVis=<*> dockedStackVis=<*>, fullscreenStackBounds=Rect(<*>, <*> - <*>, <*>), dockedStackBounds=Rect(<*>, <*> - <*>, <*>)",1.0,"<*> I WindowManager: Taking screenshot from Surface with crop:[Rect(<*>, <*> - <*>, <*>)], width:[<*>], height:[<*>], minLayer:[<*>], maxLayer:[<*>], inRotation:[false], rot:[<*>]",0.4978,"overlapAmount:<*>.<*>, previousNotificationEnd:<*>.<*>, newYTranslation:-<*>.<*>, location:<*>, i:<*>, getTopPadding:<*>.<*>, getLocationOnScreen():-<*>",0.4857,61.15,187
152,setLightsOn(true),exact,setLightsOn(true),1.0,"updateLightsLocked,mInCall =false,mScreenOn = true,ledNotification == null<*>",0.6518,"updateLightsLocked,turn off notificationLight",0.5854,54.09,187
153,"setSystemUiVisibility vis=<*> mask=<*> oldVal=<*> newVal=<*> diff=<*> fullscreenStackVis=<*> dockedStackVis=<*>, fullscreenStackBounds=Rect(<*>, <*> - <*>, <*>), dockedStackBounds=Rect(<*>, <*> - <*>, <*>)",exact,"setSystemUiVisibility vis=<*> mask=<*> oldVal=<*> newVal=<*> diff=<*> fullscreenStackVis=<*> dockedStackVis=<*>, fullscreenStackBounds=Rect(<*>, <*> - <*>, <*>), dockedStackBounds=Rect(<*>, <*> - <*>, <*>)",1.0,"<*> I WindowManager: Taking screenshot from Surface with crop:[Rect(<*>, <*> - <*>, <*>)], width:[<*>], height:[<*>], minLayer:[<*>], maxLayer:[<*>], inRotation:[false], rot:[<*>]",0.4978,"overlapAmount:<*>.<*>, previousNotificationEnd:<*>.<*>, newYTranslation:-<*>.<*>, location:<*>, i:<*>, getTopPadding:<*>.<*>, getLocationOnScreen():-<*>",0.4857,59.94,187
154,setLightsOn(true),exact,setLightsOn(true),1.0,"updateLightsLocked,mInCall =false,mScreenOn = true,ledNotification == null<*>",0.6518,"updateLightsLocked,turn off notificationLight",0.5854,55.33,187
155,"setSystemUiVisibility vis=<*> mask=<*> oldVal=<*> newVal=<*> diff=<*> fullscreenStackVis=<*> dockedStackVis=<*>, fullscreenStackBounds=Rect(<*>, <*> - <*>, <*>), dockedStackBounds=Rect(<*>, <*> - <*>, <*>)",exact,"setSystemUiVisibility vis=<*> mask=<*> oldVal=<*> newVal=<*> diff=<*> fullscreenStackVis=<*> dockedStackVis=<*>, fullscreenStackBounds=Rect(<*>, <*> - <*>, <*>), dockedStackBounds=Rect(<*>, <*> - <*>, <*>)",1.0,"<*> I WindowManager: Taking screenshot from Surface with crop:[Rect(<*>, <*> - <*>, <*>)], width:[<*>], height:[<*>], minLayer:[<*>], maxLayer:[<*>], inRotation:[false], rot:[<*>]",0.4978,"overlapAmount:<*>.<*>, previousNotificationEnd:<*>.<*>, newYTranslation:-<*>.<*>, location:<*>, i:<*>, getTopPadding:<*>.<*>, getLocationOnScreen():-<*>",0.4857,60.73,187
156,setLightsOn(true),exact,setLightsOn(true),1.0,"updateLightsLocked,mInCall =false,mScreenOn = true,ledNotification == null<*>",0.6518,"updateLightsLocked,turn off notificationLight",0.5854,54.24,187
157,"setSystemUiVisibility vis=<*> mask=<*> oldVal=<*> newVal=<*> diff=<*> fullscreenStackVis=<*> dockedStackVis=<*>, fullscreenStackBounds=Rect(<*>, <*> - <*>, <*>), dockedStackBounds=Rect(<*>, <*> - <*>, <*>)",exact,"setSystemUiVisibility vis=<*> mask=<*> oldVal=<*> newVal=<*> diff=<*> fullscreenStackVis=<*> dockedStackVis=<*>, fullscreenStackBounds=Rect(<*>, <*> - <*>, <*>), dockedStackBounds=Rect(<*>, <*> - <*>, <*>)",1.0,"<*> I WindowManager: Taking screenshot from Surface with crop:[Rect(<*>, <*> - <*>, <*>)], width:[<*>], height:[<*>], minLayer:[<*>], maxLayer:[<*>], inRotation:[false], rot:[<*>]",0.4978,"overlapAmount:<*>.<*>, previousNotificationEnd:<*>.<*>, newYTranslation:-<*>.<*>, location:<*>, i:<*>, getTopPadding:<*>.<*>, getLocationOnScreen():-<*>",0.4857,59.82,187
158,setLightsOn(true),exact,setLightsOn(true),1.0,"updateLightsLocked,mInCall =false,mScreenOn = true,ledNotification == null<*>",0.6518,"updateLightsLocked,turn off notificationLight",0.5854,54.13,187
159,"setSystemUiVisibility vis=<*> mask=<*> oldVal=<*> newVal=<*> diff=<*> fullscreenStackVis=<*> dockedStackVis=<*>, fullscreenStackBounds=Rect(<*>, <*> - <*>, <*>), dockedStackBounds=Rect(<*>, <*> - <*>, <*>)",exact,"setSystemUiVisibility vis=<*> mask=<*> oldVal=<*> newVal=<*> diff=<*> fullscreenStackVis=<*> dockedStackVis=<*>, fullscreenStackBounds=Rect(<*>, <*> - <*>, <*>), dockedStackBounds=Rect(<*>, <*> - <*>, <*>)",1.0,"<*> I WindowManager: Taking screenshot from Surface with crop:[Rect(<*>, <*> - <*>, <*>)], width:[<*>], height:[<*>], minLayer:[<*>], maxLayer:[<*>], inRotation:[false], rot:[<*>]",0.4978,"overlapAmount:<*>.<*>, previousNotificationEnd:<*>.<*>, newYTranslation:-<*>.<*>, location:<*>, i:<*>, getTopPadding:<*>.<*>, getLocationOnScreen():-<*>",0.4857,59.91,187
160,setLightsOn(true),exact,setLightsOn(true),1.0,"updateLightsLocked,mInCall =false,mScreenOn = true,ledNotification == null<*>",0.6518,"updateLightsLocked,turn off notificationLight",0.5854,54.22,187
161,"setSystemUiVisibility vis=<*> mask=<*> oldVal=<*> newVal=<*> diff=<*> fullscreenStackVis=<*> dockedStackVis=<*>, fullscreenStackBounds=Rect(<*>, <*> - <*>, <*>), dockedStackBounds=Rect(<*>, <*> - <*>, <*>)",exact,"setSystemUiVisibility vis=<*> mask=<*> oldVal=<*> newVal=<*> diff=<*> fullscreenStackVis=<*> dockedStackVis=<*>, fullscreenStackBounds=Rect(<*>, <*> - <*>, <*>), dockedStackBounds=Rect(<*>, <*> - <*>, <*>)",1.0,"<*> I WindowManager: Taking screenshot from Surface with crop:[Rect(<*>, <*> - <*>, <*>)], width:[<*>], height:[<*>], minLayer:[<*>], maxLayer:[<*>], inRotation:[false], rot:[<*>]",0.4978,"overlapAmount:<*>.<*>, previousNotificationEnd:<*>.<*>, newYTranslation:-<*>.<*>, location:<*>, i:<*>, getTopPadding:<*>.<*>, getLocationOnScreen():-<*>",0.4857,59.72,187
162,setLightsOn(true),exact,setLightsOn(true),1.0,"updateLightsLocked,mInCall =false,mScreenOn = true,ledNotification == null<*>",0.6518,"updateLightsLocked,turn off notificationLight",0.5854,54.08,187
163,"setSystemUiVisibility vis=<*> mask=<*> oldVal=<*> newVal=<*> diff=<*> fullscreenStackVis=<*> dockedStackVis=<*>, fullscreenStackBounds=Rect(<*>, <*> - <*>, <*>), dockedStackBounds=Rect(<*>, <*> - <*>, <*>)",exact,"setSystemUiVisibility vis=<*> mask=<*> oldVal=<*> newVal=<*> diff=<*> fullscreenStackVis=<*> dockedStackVis=<*>, fullscreenStackBounds=Rect(<*>, <*> - <*>, <*>), dockedStackBounds=Rect(<*>, <*> - <*>, <*>)",1.0,"<*> I WindowManager: Taking screenshot from Surface with crop:[Rect(<*>, <*> - <*>, <*>)], width:[<*>], height:[<*>], minLayer:[<*>], maxLayer:[<*>], inRotation:[false], rot:[<*>]",0.4978,"overlapAmount:<*>.<*>, previousNotificationEnd:<*>.<*>, newYTranslation:-<*>.<*>, location:<*>, i:<*>, getTopPadding:<*>.<*>, getLocationOnScreen():-<*>",0.4857,59.48,187
164,setLightsOn(true),exact,setLightsOn(true),1.0,"updateLightsLocked,mInCall =false,mScreenOn = true,ledNotification == null<*>",0.6518,"updateLightsLocked,turn off notificationLight",0.5854,54.41,187
165,"setSystemUiVisibility vis=<*> mask=<*> oldVal=<*> newVal=<*> diff=<*> fullscreenStackVis=<*> dockedStackVis=<*>, fullscreenStackBounds=Rect(<*>, <*> - <*>, <*>), dockedStackBounds=Rect(<*>, <*> - <*>, <*>)",exact,"setSystemUiVisibility vis=<*> mask=<*> oldVal=<*> newVal=<*> diff=<*> fullscreenStackVis=<*> dockedStackVis=<*>, fullscreenStackBounds=Rect(<*>, <*> - <*>, <*>), dockedStackBounds=Rect(<*>, <*> - <*>, <*>)",1.0,"<*> I WindowManager: Taking screenshot from Surface with crop:[Rect(<*>, <*> - <*>, <*>)], width:[<*>], height:[<*>], minLayer:[<*>], maxLayer:[<*>], inRotation:[false], rot:[<*>]",0.4978,"overlapAmount:<*>.<*>, previousNotificationEnd:<*>.<*>, newYTranslation:-<*>.<*>, location:<*>, i:<*>, getTopPadding:<*>.<*>, getLocationOnScreen():-<*>",0.4857,60.16,187
166,setLightsOn(true),exact,setLightsOn(true),1.0,"updateLightsLocked,mInCall =false,mScreenOn = true,ledNotification == null<*>",0.6518,"updateLightsLocked,turn off notificationLight",0.5854,54.26,187
167,"setSystemUiVisibility vis=<*> mask=<*> oldVal=<*> newVal=<*> diff=<*> fullscreenStackVis=<*> dockedStackVis=<*>, fullscreenStackBounds=Rect(<*>, <*> - <*>, <*>), dockedStackBounds=Rect(<*>, <*> - <*>, <*>)",exact,"setSystemUiVisibility vis=<*> mask=<*> oldVal=<*> newVal=<*> diff=<*> fullscreenStackVis=<*> dockedStackVis=<*>, fullscreenStackBounds=Rect(<*>, <*> - <*>, <*>), dockedStackBounds=Rect(<*>, <*> - <*>, <*>)",1.0,"<*> I WindowManager: Taking screenshot from Surface with crop:[Rect(<*>, <*> - <*>, <*>)], width:[<*>], height:[<*>], minLayer:[<*>], maxLayer:[<*>], inRotation:[false], rot:[<*>]",0.4978,"overlapAmount:<*>.<*>, previousNotificationEnd:<*>.<*>, newYTranslation:-<*>.<*>, location:<*>, i:<*>, getTopPadding:<*>.<*>, getLocationOnScreen():-<*>",0.4857,60.12,187
168,setLightsOn(true),exact,setLightsOn(true),1.0,"updateLightsLocked,mInCall =false,mScreenOn = true,ledNotification == null<*>",0.6518,"updateLightsLocked,turn off notificationLight",0.5854,54.48,187
169,"setSystemUiVisibility vis=<*> mask=<*> oldVal=<*> newVal=<*> diff=<*> fullscreenStackVis=<*> dockedStackVis=<*>, fullscreenStackBounds=Rect(<*>, <*> - <*>, <*>), dockedStackBounds=Rect(<*>, <*> - <*>, <*>)",exact,"setSystemUiVisibility vis=<*> mask=<*> oldVal=<*> newVal=<*> diff=<*> fullscreenStackVis=<*> dockedStackVis=<*>, fullscreenStackBounds=Rect(<*>, <*> - <*>, <*>), dockedStackBounds=Rect(<*>, <*> - <*>, <*>)",1.0,"<*> I WindowManager: Taking screenshot from Surface with crop:[Rect(<*>, <*> - <*>, <*>)], width:[<*>], height:[<*>], minLayer:[<*>], maxLayer:[<*>], inRotation:[false], rot:[<*>]",0.4978,"overlapAmount:<*>.<*>, previousNotificationEnd:<*>.<*>, newYTranslation:-<*>.<*>, location:<*>, i:<*>, getTopPadding:<*>.<*>, getLocationOnScreen():-<*>",0.4857,60.15,187
170,setLightsOn(true),exact,setLightsOn(true),1.0,"updateLightsLocked,mInCall =false,mScreenOn = true,ledNotification == null<*>",0.6518,"updateLightsLocked,turn off notificationLight",0.5854,54.27,187
171,"setSystemUiVisibility vis=<*> mask=<*> oldVal=<*> newVal=<*> diff=<*> fullscreenStackVis=<*> dockedStackVis=<*>, fullscreenStackBounds=Rect(<*>, <*> - <*>, <*>), dockedStackBounds=Rect(<*>, <*> - <*>, <*>)",exact,"setSystemUiVisibility vis=<*> mask=<*> oldVal=<*> newVal=<*> diff=<*> fullscreenStackVis=<*> dockedStackVis=<*>, fullscreenStackBounds=Rect(<*>, <*> - <*>, <*>), dockedStackBounds=Rect(<*>, <*> - <*>, <*>)",1.0,"<*> I WindowManager: Taking screenshot from Surface with crop:[Rect(<*>, <*> - <*>, <*>)], width:[<*>], height:[<*>], minLayer:[<*>], maxLayer:[<*>], inRotation:[false], rot:[<*>]",0.4978,"overlapAmount:<*>.<*>, previousNotificationEnd:<*>.<*>, newYTranslation:-<*>.<*>, location:<*>, i:<*>, getTopPadding:<*>.<*>, getLocationOnScreen():-<*>",0.4857,60.7,187
172,setLightsOn(true),exact,setLightsOn(true),1.0,"updateLightsLocked,mInCall =false,mScreenOn = true,ledNotification == null<*>",0.6518,"updateLightsLocked,turn off notificationLight",0.5854,54.61,187
173,"setSystemUiVisibility vis=<*> mask=<*> oldVal=<*> newVal=<*> diff=<*> fullscreenStackVis=<*> dockedStackVis=<*>, fullscreenStackBounds=Rect(<*>, <*> - <*>, <*>), dockedStackBounds=Rect(<*>, <*> - <*>, <*>)",exact,"setSystemUiVisibility vis=<*> mask=<*> oldVal=<*> newVal=<*> diff=<*> fullscreenStackVis=<*> dockedStackVis=<*>, fullscreenStackBounds=Rect(<*>, <*> - <*>, <*>), dockedStackBounds=Rect(<*>, <*> - <*>, <*>)",1.0,"<*> I WindowManager: Taking screenshot from Surface with crop:[Rect(<*>, <*> - <*>, <*>)], width:[<*>], height:[<*>], minLayer:[<*>], maxLayer:[<*>], inRotation:[false], rot:[<*>]",0.4978,"overlapAmount:<*>.<*>, previousNotificationEnd:<*>.<*>, newYTranslation:-<*>.<*>, location:<*>, i:<*>, getTopPadding:<*>.<*>, getLocationOnScreen():-<*>",0.4857,60.58,187
174,setLightsOn(true),exact,setLightsOn(true),1.0,"updateLightsLocked,mInCall =false,mScreenOn = true,ledNotification == null<*>",0.6518,"updateLightsLocked,turn off notificationLight",0.5854,54.62,187
175,"setSystemUiVisibility vis=<*> mask=<*> oldVal=<*> newVal=<*> diff=<*> fullscreenStackVis=<*> dockedStackVis=<*>, fullscreenStackBounds=Rect(<*>, <*> - <*>, <*>), dockedStackBounds=Rect(<*>, <*> - <*>, <*>)",exact,"setSystemUiVisibility vis=<*> mask=<*> oldVal=<*> newVal=<*> diff=<*> fullscreenStackVis=<*> dockedStackVis=<*>, fullscreenStackBounds=Rect(<*>, <*> - <*>, <*>), dockedStackBounds=Rect(<*>, <*> - <*>, <*>)",1.0,"<*> I WindowManager: Taking screenshot from Surface with crop:[Rect(<*>, <*> - <*>, <*>)], width:[<*>], height:[<*>], minLayer:[<*>], maxLayer:[<*>], inRotation:[false], rot:[<*>]",0.4978,"overlapAmount:<*>.<*>, previousNotificationEnd:<*>.<*>, newYTranslation:-<*>.<*>, location:<*>, i:<*>, getTopPadding:<*>.<*>, getLocationOnScreen():-<*>",0.4857,60.95,187
176,setLightsOn(true),exact,setLightsOn(true),1.0,"updateLightsLocked,mInCall =false,mScreenOn = true,ledNotification == null<*>",0.6518,"updateLightsLocked,turn off notificationLight",0.5854,55.37,187
177,"setSystemUiVisibility vis=<*> mask=<*> oldVal=<*> newVal=<*> diff=<*> fullscreenStackVis=<*> dockedStackVis=<*>, fullscreenStackBounds=Rect(<*>, <*> - <*>, <*>), dockedStackBounds=Rect(<*>, <*> - <*>, <*>)",exact,"setSystemUiVisibility vis=<*> mask=<*> oldVal=<*> newVal=<*> diff=<*> fullscreenStackVis=<*> dockedStackVis=<*>, fullscreenStackBounds=Rect(<*>, <*> - <*>, <*>), dockedStackBounds=Rect(<*>, <*> - <*>, <*>)",1.0,"<*> I WindowManager: Taking screenshot from Surface with crop:[Rect(<*>, <*> - <*>, <*>)], width:[<*>], height:[<*>], minLayer:[<*>], maxLayer:[<*>], inRotation:[false], rot:[<*>]",0.4978,"overlapAmount:<*>.<*>, previousNotificationEnd:<*>.<*>, newYTranslation:-<*>.<*>, location:<*>, i:<*>, getTopPadding:<*>.<*>, getLocationOnScreen():-<*>",0.4857,60.35,187
178,setLightsOn(true),exact,setLightsOn(true),1.0,"updateLightsLocked,mInCall =false,mScreenOn = true,ledNotification == null<*>",0.6518,"updateLightsLocked,turn off notificationLight",0.5854,63.93,187
179,"setSystemUiVisibility vis=<*> mask=<*> oldVal=<*> newVal=<*> diff=<*> fullscreenStackVis=<*> dockedStackVis=<*>, fullscreenStackBounds=Rect(<*>, <*> - <*>, <*>), dockedStackBounds=Rect(<*>, <*> - <*>, <*>)",exact,"setSystemUiVisibility vis=<*> mask=<*> oldVal=<*> newVal=<*> diff=<*> fullscreenStackVis=<*> dockedStackVis=<*>, fullscreenStackBounds=Rect(<*>, <*> - <*>, <*>), dockedStackBounds=Rect(<*>, <*> - <*>, <*>)",1.0,"<*> I WindowManager: Taking screenshot from Surface with crop:[Rect(<*>, <*> - <*>, <*>)], width:[<*>], height:[<*>], minLayer:[<*>], maxLayer:[<*>], inRotation:[false], rot:[<*>]",0.4978,"overlapAmount:<*>.<*>, previousNotificationEnd:<*>.<*>, newYTranslation:-<*>.<*>, location:<*>, i:<*>, getTopPadding:<*>.<*>, getLocationOnScreen():-<*>",0.4857,82.06,187
180,setLightsOn(true),exact,setLightsOn(true),1.0,"updateLightsLocked,mInCall =false,mScreenOn = true,ledNotification == null<*>",0.6518,"updateLightsLocked,turn off notificationLight",0.5854,64.02,187
181,"setSystemUiVisibility vis=<*> mask=<*> oldVal=<*> newVal=<*> diff=<*> fullscreenStackVis=<*> dockedStackVis=<*>, fullscreenStackBounds=Rect(<*>, <*> - <*>, <*>), dockedStackBounds=Rect(<*>, <*> - <*>, <*>)",exact,"setSystemUiVisibility vis=<*> mask=<*> oldVal=<*> newVal=<*> diff=<*> fullscreenStackVis=<*> dockedStackVis=<*>, fullscreenStackBounds=Rect(<*>, <*> - <*>, <*>), dockedStackBounds=Rect(<*>, <*> - <*>, <*>)",1.0,"<*> I WindowManager: Taking screenshot from Surface with crop:[Rect(<*>, <*> - <*>, <*>)], width:[<*>], height:[<*>], minLayer:[<*>], maxLayer:[<*>], inRotation:[false], rot:[<*>]",0.4978,"overlapAmount:<*>.<*>, previousNotificationEnd:<*>.<*>, newYTranslation:-<*>.<*>, location:<*>, i:<*>, getTopPadding:<*>.<*>, getLocationOnScreen():-<*>",0.4857,83.88,187
182,"userActivityNoUpdateLocked: eventTime=<*>, event=<*>, flags=<*>, uid=<*>",exact,"userActivityNoUpdateLocked: eventTime=<*>, event=<*>, flags=<*>, uid=<*>",1.0,"cancelNotificationLocked called,tell the app,reason = <*>",0.5343,"release:lock=<*>, flg=<*>, tag=""SCREEN_FROZEN"", name=android"", ws=null, uid=<*>, pid=<*>",0.4766,79.28,187
183,"ready=true,policy=<*>,wakefulness=<*>,wksummary=<*>,uasummary=<*>,bootcompleted=true,boostinprogress=false,waitmodeenable=false,mode=false,manual=<*>,auto=-<*>,adj=<*>.0userId=<*>",exact,"ready=true,policy=<*>,wakefulness=<*>,wksummary=<*>,uasummary=<*>,bootcompleted=true,boostinprogress=false,waitmodeenable=false,mode=false,manual=<*>,auto=-<*>,adj=<*>.0userId=<*>",1.0,"<*> D PowerManagerService: ready=true,policy=<*>,wakefulness=<*>,wksummary=<*>,uasummary=<*>,bootcompleted=true,boostinprogress=false,waitmodeenable=false,mode=false,manual=<*>,auto=-<*>,adj=<*>.0userId=<*>",0.7294,"<*> D PowerManagerService: <*> suspend blocker ""PowerManagerService.WakeLocks"".",0.5022,76.55,187
184,setLightsOn(true),exact,setLightsOn(true),1.0,"updateLightsLocked,mInCall =false,mScreenOn = true,ledNotification == null<*>",0.6518,"updateLightsLocked,turn off notificationLight",0.5854,69.44,187
185,"setSystemUiVisibility vis=<*> mask=<*> oldVal=<*> newVal=<*> diff=<*> fullscreenStackVis=<*> dockedStackVis=<*>, fullscreenStackBounds=Rect(<*>, <*> - <*>, <*>), dockedStackBounds=Rect(<*>, <*> - <*>, <*>)",exact,"setSystemUiVisibility vis=<*> mask=<*> oldVal=<*> newVal=<*> diff=<*> fullscreenStackVis=<*> dockedStackVis=<*>, fullscreenStackBounds=Rect(<*>, <*> - <*>, <*>), dockedStackBounds=Rect(<*>, <*> - <*>, <*>)",1.0,"<*> I WindowManager: Taking screenshot from Surface with crop:[Rect(<*>, <*> - <*>, <*>)], width:[<*>], height:[<*>], minLayer:[<*>], maxLayer:[<*>], inRotation:[false], rot:[<*>]",0.4978,"overlapAmount:<*>.<*>, previousNotificationEnd:<*>.<*>, newYTranslation:-<*>.<*>, location:<*>, i:<*>, getTopPadding:<*>.<*>, getLocationOnScreen():-<*>",0.4857,88.03,187
186,setLightsOn(true),exact,setLightsOn(true),1.0,"updateLightsLocked,mInCall =false,mScreenOn = true,ledNotification == null<*>",0.6518,"updateLightsLocked,turn off notificationLight",0.5854,80.42,187
187,"setSystemUiVisibility vis=<*> mask=<*> oldVal=<*> newVal=<*> diff=<*> fullscreenStackVis=<*> dockedStackVis=<*>, fullscreenStackBounds=Rect(<*>, <*> - <*>, <*>), dockedStackBounds=Rect(<*>, <*> - <*>, <*>)",exact,"setSystemUiVisibility vis=<*> mask=<*> oldVal=<*> newVal=<*> diff=<*> fullscreenStackVis=<*> dockedStackVis=<*>, fullscreenStackBounds=Rect(<*>, <*> - <*>, <*>), dockedStackBounds=Rect(<*>, <*> - <*>, <*>)",1.0,"<*> I WindowManager: Taking screenshot from Surface with crop:[Rect(<*>, <*> - <*>, <*>)], width:[<*>], height:[<*>], minLayer:[<*>], maxLayer:[<*>], inRotation:[false], rot:[<*>]",0.4978,"overlapAmount:<*>.<*>, previousNotificationEnd:<*>.<*>, newYTranslation:-<*>.<*>, location:<*>, i:<*>, getTopPadding:<*>.<*>, getLocationOnScreen():-<*>",0.4857,64.83,187
188,setLightsOn(true),exact,setLightsOn(true),1.0,"updateLightsLocked,mInCall =false,mScreenOn = true,ledNotification == null<*>",0.6518,"updateLightsLocked,turn off notificationLight",0.5854,59.36,187
189,"setSystemUiVisibility vis=<*> mask=<*> oldVal=<*> newVal=<*> diff=<*> fullscreenStackVis=<*> dockedStackVis=<*>, fullscreenStackBounds=Rect(<*>, <*> - <*>, <*>), dockedStackBounds=Rect(<*>, <*> - <*>, <*>)",exact,"setSystemUiVisibility vis=<*> mask=<*> oldVal=<*> newVal=<*> diff=<*> fullscreenStackVis=<*> dockedStackVis=<*>, fullscreenStackBounds=Rect(<*>, <*> - <*>, <*>), dockedStackBounds=Rect(<*>, <*> - <*>, <*>)",1.0,"<*> I WindowManager: Taking screenshot from Surface with crop:[Rect(<*>, <*> - <*>, <*>)], width:[<*>], height:[<*>], minLayer:[<*>], maxLayer:[<*>], inRotation:[false], rot:[<*>]",0.4978,"overlapAmount:<*>.<*>, previousNotificationEnd:<*>.<*>, newYTranslation:-<*>.<*>, location:<*>, i:<*>, getTopPadding:<*>.<*>, getLocationOnScreen():-<*>",0.4857,72.57,187
190,setLightsOn(true),exact,setLightsOn(true),1.0,"updateLightsLocked,mInCall =false,mScreenOn = true,ledNotification == null<*>",0.6518,"updateLightsLocked,turn off notificationLight",0.5854,65.06,187
191,"setSystemUiVisibility vis=<*> mask=<*> oldVal=<*> newVal=<*> diff=<*> fullscreenStackVis=<*> dockedStackVis=<*>, fullscreenStackBounds=Rect(<*>, <*> - <*>, <*>), dockedStackBounds=Rect(<*>, <*> - <*>, <*>)",exact,"setSystemUiVisibility vis=<*> mask=<*> oldVal=<*> newVal=<*> diff=<*> fullscreenStackVis=<*> dockedStackVis=<*>, fullscreenStackBounds=Rect(<*>, <*> - <*>, <*>), dockedStackBounds=Rect(<*>, <*> - <*>, <*>)",1.0,"<*> I WindowManager: Taking screenshot from Surface with crop:[Rect(<*>, <*> - <*>, <*>)], width:[<*>], height:[<*>], minLayer:[<*>], maxLayer:[<*>], inRotation:[false], rot:[<*>]",0.4978,"overlapAmount:<*>.<*>, previousNotificationEnd:<*>.<*>, newYTranslation:-<*>.<*>, location:<*>, i:<*>, getTopPadding:<*>.<*>, getLocationOnScreen():-<*>",0.4857,68.01,187
192,setLightsOn(true),exact,setLightsOn(true),1.0,"updateLightsLocked,mInCall =false,mScreenOn = true,ledNotification == null<*>",0.6518,"updateLightsLocked,turn off notificationLight",0.5854,54.94,187
193,"setSystemUiVisibility vis=<*> mask=<*> oldVal=<*> newVal=<*> diff=<*> fullscreenStackVis=<*> dockedStackVis=<*>, fullscreenStackBounds=Rect(<*>, <*> - <*>, <*>), dockedStackBounds=Rect(<*>, <*> - <*>, <*>)",exact,"setSystemUiVisibility vis=<*> mask=<*> oldVal=<*> newVal=<*> diff=<*> fullscreenStackVis=<*> dockedStackVis=<*>, fullscreenStackBounds=Rect(<*>, <*> - <*>, <*>), dockedStackBounds=Rect(<*>, <*> - <*>, <*>)",1.0,"<*> I WindowManager: Taking screenshot from Surface with crop:[Rect(<*>, <*> - <*>, <*>)], width:[<*>], height:[<*>], minLayer:[<*>], maxLayer:[<*>], inRotation:[false], rot:[<*>]",0.4978,"overlapAmount:<*>.<*>, previousNotificationEnd:<*>.<*>, newYTranslation:-<*>.<*>, location:<*>, i:<*>, getTopPadding:<*>.<*>, getLocationOnScreen():-<*>",0.4857,61.0,187
194,setLightsOn(true),exact,setLightsOn(true),1.0,"updateLightsLocked,mInCall =false,mScreenOn = true,ledNotification == null<*>",0.6518,"updateLightsLocked,turn off notificationLight",0.5854,54.76,187
195,"setSystemUiVisibility vis=<*> mask=<*> oldVal=<*> newVal=<*> diff=<*> fullscreenStackVis=<*> dockedStackVis=<*>, fullscreenStackBounds=Rect(<*>, <*> - <*>, <*>), dockedStackBounds=Rect(<*>, <*> - <*>, <*>)",exact,"setSystemUiVisibility vis=<*> mask=<*> oldVal=<*> newVal=<*> diff=<*> fullscreenStackVis=<*> dockedStackVis=<*>, fullscreenStackBounds=Rect(<*>, <*> - <*>, <*>), dockedStackBounds=Rect(<*>, <*> - <*>, <*>)",1.0,"<*> I WindowManager: Taking screenshot from Surface with crop:[Rect(<*>, <*> - <*>, <*>)], width:[<*>], height:[<*>], minLayer:[<*>], maxLayer:[<*>], inRotation:[false], rot:[<*>]",0.4978,"overlapAmount:<*>.<*>, previousNotificationEnd:<*>.<*>, newYTranslation:-<*>.<*>, location:<*>, i:<*>, getTopPadding:<*>.<*>, getLocationOnScreen():-<*>",0.4857,60.64,187
196,shouldBlockLocation running ...,exact,shouldBlockLocation running ...,1.0,shouldBlockLocation ret:false,0.81,<*> W PhoneInterfaceManager: shouldBlockLocation running ...,0.6211,55.0,187
197,shouldBlockLocation ret:true,exact,shouldBlockLocation ret:false,0.9967,shouldBlockLocation running ...,0.8064,<*> I PhoneInterfaceManager: shouldBlockLocation ret:false,0.575,54.59,187
198,getAllCellInfo is blocked by permission manager . callingPackage = <*>,partial,getNeighboringCellInfo calling app is com.amap.android.ams<*>,0.9082,<*> W PhoneInterfaceManager: shouldBlockLocation running ...,0.3671,getRingtonePlayer...,0.366,55.1,187
199,"userActivityNoUpdateLocked: eventTime=<*>, event=<*>, flags=<*>, uid=<*>",exact,"userActivityNoUpdateLocked: eventTime=<*>, event=<*>, flags=<*>, uid=<*>",1.0,"cancelNotificationLocked called,tell the app,reason = <*>",0.5343,"release:lock=<*>, flg=<*>, tag=""SCREEN_FROZEN"", name=android"", ws=null, uid=<*>, pid=<*>",0.4766,55.95,187
200,"ready=true,policy=<*>,wakefulness=<*>,wksummary=<*>,uasummary=<*>,bootcompleted=true,boostinprogress=false,waitmodeenable=false,mode=false,manual=<*>,auto=-<*>,adj=<*>.0userId=<*>",exact,"ready=true,policy=<*>,wakefulness=<*>,wksummary=<*>,uasummary=<*>,bootcompleted=true,boostinprogress=false,waitmodeenable=false,mode=false,manual=<*>,auto=-<*>,adj=<*>.0userId=<*>",1.0,"<*> D PowerManagerService: ready=true,policy=<*>,wakefulness=<*>,wksummary=<*>,uasummary=<*>,bootcompleted=true,boostinprogress=false,waitmodeenable=false,mode=false,manual=<*>,auto=-<*>,adj=<*>.0userId=<*>",0.7294,"<*> D PowerManagerService: <*> suspend blocker ""PowerManagerService.WakeLocks"".",0.5022,59.42,187
201,setLightsOn(true),exact,setLightsOn(true),1.0,"updateLightsLocked,mInCall =false,mScreenOn = true,ledNotification == null<*>",0.6518,"updateLightsLocked,turn off notificationLight",0.5854,55.03,187
202,"setSystemUiVisibility vis=<*> mask=<*> oldVal=<*> newVal=<*> diff=<*> fullscreenStackVis=<*> dockedStackVis=<*>, fullscreenStackBounds=Rect(<*>, <*> - <*>, <*>), dockedStackBounds=Rect(<*>, <*> - <*>, <*>)",exact,"setSystemUiVisibility vis=<*> mask=<*> oldVal=<*> newVal=<*> diff=<*> fullscreenStackVis=<*> dockedStackVis=<*>, fullscreenStackBounds=Rect(<*>, <*> - <*>, <*>), dockedStackBounds=Rect(<*>, <*> - <*>, <*>)",1.0,"<*> I WindowManager: Taking screenshot from Surface with crop:[Rect(<*>, <*> - <*>, <*>)], width:[<*>], height:[<*>], minLayer:[<*>], maxLayer:[<*>], inRotation:[false], rot:[<*>]",0.4978,"overlapAmount:<*>.<*>, previousNotificationEnd:<*>.<*>, newYTranslation:-<*>.<*>, location:<*>, i:<*>, getTopPadding:<*>.<*>, getLocationOnScreen():-<*>",0.4857,61.74,187
203,"userActivityNoUpdateLocked: eventTime=<*>, event=<*>, flags=<*>, uid=<*>",exact,"userActivityNoUpdateLocked: eventTime=<*>, event=<*>, flags=<*>, uid=<*>",1.0,"cancelNotificationLocked called,tell the app,reason = <*>",0.5343,"release:lock=<*>, flg=<*>, tag=""SCREEN_FROZEN"", name=android"", ws=null, uid=<*>, pid=<*>",0.4766,58.11,187
204,"ready=true,policy=<*>,wakefulness=<*>,wksummary=<*>,uasummary=<*>,bootcompleted=true,boostinprogress=false,waitmodeenable=false,mode=false,manual=<*>,auto=-<*>,adj=<*>.0userId=<*>",exact,"ready=true,policy=<*>,wakefulness=<*>,wksummary=<*>,uasummary=<*>,bootcompleted=true,boostinprogress=false,waitmodeenable=false,mode=false,manual=<*>,auto=-<*>,adj=<*>.0userId=<*>",1.0,"<*> D PowerManagerService: ready=true,policy=<*>,wakefulness=<*>,wksummary=<*>,uasummary=<*>,bootcompleted=true,boostinprogress=false,waitmodeenable=false,mode=false,manual=<*>,auto=-<*>,adj=<*>.0userId=<*>",0.7294,"<*> D PowerManagerService: <*> suspend blocker ""PowerManagerService.WakeLocks"".",0.5022,60.03,187
205,getRunningAppProcesses: caller <*> does not hold REAL_GET_TASKS; limiting output,exact,getRunningAppProcesses: caller <*> does not hold REAL_GET_TASKS; limiting output,1.0,getTasks: caller <*> does not hold REAL_GET_TASKS; limiting output,0.8139,<*> W ActivityManager: getRunningAppProcesses: caller <*> does not hold REAL_GET_TASKS; limiting output,0.8118,55.68,187
206,<*><*> <*>:<*>:<*>.<*> <*> <*> W ActivityManager: getRunningAppProcesses: caller <*> does not hold REAL_GET_TASKS; limiting output,exact,<*> W ActivityManager: getRunningAppProcesses: caller <*> does not hold REAL_GET_TASKS; limiting output,1.0,<*> W ActivityManager: getTasks: caller <*> does not hold REAL_GET_TASKS; limiting output,0.9301,getRunningAppProcesses: caller <*> does not hold REAL_GET_TASKS; limiting output,0.8118,57.35,187
207,"userActivityNoUpdateLocked: eventTime=<*>, event=<*>, flags=<*>, uid=<*>",exact,"userActivityNoUpdateLocked: eventTime=<*>, event=<*>, flags=<*>, uid=<*>",1.0,"cancelNotificationLocked called,tell the app,reason = <*>",0.5343,"release:lock=<*>, flg=<*>, tag=""SCREEN_FROZEN"", name=android"", ws=null, uid=<*>, pid=<*>",0.4766,55.76,187
208,"ready=true,policy=<*>,wakefulness=<*>,wksummary=<*>,uasummary=<*>,bootcompleted=true,boostinprogress=false,waitmodeenable=false,mode=false,manual=<*>,auto=-<*>,adj=<*>.0userId=<*>",exact,"ready=true,policy=<*>,wakefulness=<*>,wksummary=<*>,uasummary=<*>,bootcompleted=true,boostinprogress=false,waitmodeenable=false,mode=false,manual=<*>,auto=-<*>,adj=<*>.0userId=<*>",1.0,"<*> D PowerManagerService: ready=true,policy=<*>,wakefulness=<*>,wksummary=<*>,uasummary=<*>,bootcompleted=true,boostinprogress=false,waitmodeenable=false,mode=false,manual=<*>,auto=-<*>,adj=<*>.0userId=<*>",0.7294,"<*> D PowerManagerService: <*> suspend blocker ""PowerManagerService.WakeLocks"".",0.5022,59.36,187
209,setLightsOn(true),exact,setLightsOn(true),1.0,"updateLightsLocked,mInCall =false,mScreenOn = true,ledNotification == null<*>",0.6518,"updateLightsLocked,turn off notificationLight",0.5854,54.77,187
210,"setSystemUiVisibility vis=<*> mask=<*> oldVal=<*> newVal=<*> diff=<*> fullscreenStackVis=<*> dockedStackVis=<*>, fullscreenStackBounds=Rect(<*>, <*> - <*>, <*>), dockedStackBounds=Rect(<*>, <*> - <*>, <*>)",exact,"setSystemUiVisibility vis=<*> mask=<*> oldVal=<*> newVal=<*> diff=<*> fullscreenStackVis=<*> dockedStackVis=<*>, fullscreenStackBounds=Rect(<*>, <*> - <*>, <*>), dockedStackBounds=Rect(<*>, <*> - <*>, <*>)",1.0,"<*> I WindowManager: Taking screenshot from Surface with crop:[Rect(<*>, <*> - <*>, <*>)], width:[<*>], height:[<*>], minLayer:[<*>], maxLayer:[<*>], inRotation:[false], rot:[<*>]",0.4978,"overlapAmount:<*>.<*>, previousNotificationEnd:<*>.<*>, newYTranslation:-<*>.<*>, location:<*>, i:<*>, getTopPadding:<*>.<*>, getLocationOnScreen():-<*>",0.4857,60.5,187
211,setLightsOn(true),exact,setLightsOn(true),1.0,"updateLightsLocked,mInCall =false,mScreenOn = true,ledNotification == null<*>",0.6518,"updateLightsLocked,turn off notificationLight",0.5854,54.89,187
212,"setSystemUiVisibility vis=<*> mask=<*> oldVal=<*> newVal=<*> diff=<*> fullscreenStackVis=<*> dockedStackVis=<*>, fullscreenStackBounds=Rect(<*>, <*> - <*>, <*>), dockedStackBounds=Rect(<*>, <*> - <*>, <*>)",exact,"setSystemUiVisibility vis=<*> mask=<*> oldVal=<*> newVal=<*> diff=<*> fullscreenStackVis=<*> dockedStackVis=<*>, fullscreenStackBounds=Rect(<*>, <*> - <*>, <*>), dockedStackBounds=Rect(<*>, <*> - <*>, <*>)",1.0,"<*> I WindowManager: Taking screenshot from Surface with crop:[Rect(<*>, <*> - <*>, <*>)], width:[<*>], height:[<*>], minLayer:[<*>], maxLayer:[<*>], inRotation:[false], rot:[<*>]",0.4978,"overlapAmount:<*>.<*>, previousNotificationEnd:<*>.<*>, newYTranslation:-<*>.<*>, location:<*>, i:<*>, getTopPadding:<*>.<*>, getLocationOnScreen():-<*>",0.4857,60.74,187
213,setLightsOn(true),exact,setLightsOn(true),1.0,"updateLightsLocked,mInCall =false,mScreenOn = true,ledNotification == null<*>",0.6518,"updateLightsLocked,turn off notificationLight",0.5854,55.15,187
214,"setSystemUiVisibility vis=<*> mask=<*> oldVal=<*> newVal=<*> diff=<*> fullscreenStackVis=<*> dockedStackVis=<*>, fullscreenStackBounds=Rect(<*>, <*> - <*>, <*>), dockedStackBounds=Rect(<*>, <*> - <*>, <*>)",exact,"setSystemUiVisibility vis=<*> mask=<*> oldVal=<*> newVal=<*> diff=<*> fullscreenStackVis=<*> dockedStackVis=<*>, fullscreenStackBounds=Rect(<*>, <*> - <*>, <*>), dockedStackBounds=Rect(<*>, <*> - <*>, <*>)",1.0,"<*> I WindowManager: Taking screenshot from Surface with crop:[Rect(<*>, <*> - <*>, <*>)], width:[<*>], height:[<*>], minLayer:[<*>], maxLayer:[<*>], inRotation:[false], rot:[<*>]",0.4978,"overlapAmount:<*>.<*>, previousNotificationEnd:<*>.<*>, newYTranslation:-<*>.<*>, location:<*>, i:<*>, getTopPadding:<*>.<*>, getLocationOnScreen():-<*>",0.4857,61.0,187
215,<*><*> <*>:<*>:<*>.<*> <*> <*> W ActivityManager: getRunningAppProcesses: caller <*> does not hold REAL_GET_TASKS; limiting output,exact,<*> W ActivityManager: getRunningAppProcesses: caller <*> does not hold REAL_GET_TASKS; limiting output,1.0,<*> W ActivityManager: getTasks: caller <*> does not hold REAL_GET_TASKS; limiting output,0.9301,getRunningAppProcesses: caller <*> does not hold REAL_GET_TASKS; limiting output,0.8118,57.19,187
216,getTasks: caller <*> does not hold REAL_GET_TASKS; limiting output,exact,getTasks: caller <*> does not hold REAL_GET_TASKS; limiting output,1.0,<*> W ActivityManager: getTasks: caller <*> does not hold REAL_GET_TASKS; limiting output,0.8241,getRunningAppProcesses: caller <*> does not hold REAL_GET_TASKS; limiting output,0.8139,55.18,187
217,setLightsOn(true),exact,setLightsOn(true),1.0,"updateLightsLocked,mInCall =false,mScreenOn = true,ledNotification == null<*>",0.6518,"updateLightsLocked,turn off notificationLight",0.5854,55.04,187
218,"setSystemUiVisibility vis=<*> mask=<*> oldVal=<*> newVal=<*> diff=<*> fullscreenStackVis=<*> dockedStackVis=<*>, fullscreenStackBounds=Rect(<*>, <*> - <*>, <*>), dockedStackBounds=Rect(<*>, <*> - <*>, <*>)",exact,"setSystemUiVisibility vis=<*> mask=<*> oldVal=<*> newVal=<*> diff=<*> fullscreenStackVis=<*> dockedStackVis=<*>, fullscreenStackBounds=Rect(<*>, <*> - <*>, <*>), dockedStackBounds=Rect(<*>, <*> - <*>, <*>)",1.0,"<*> I WindowManager: Taking screenshot from Surface with crop:[Rect(<*>, <*> - <*>, <*>)], width:[<*>], height:[<*>], minLayer:[<*>], maxLayer:[<*>], inRotation:[false], rot:[<*>]",0.4978,"overlapAmount:<*>.<*>, previousNotificationEnd:<*>.<*>, newYTranslation:-<*>.<*>, location:<*>, i:<*>, getTopPadding:<*>.<*>, getLocationOnScreen():-<*>",0.4857,60.65,187
219,"userActivityNoUpdateLocked: eventTime=<*>, event=<*>, flags=<*>, uid=<*>",exact,"userActivityNoUpdateLocked: eventTime=<*>, event=<*>, flags=<*>, uid=<*>",1.0,"cancelNotificationLocked called,tell the app,reason = <*>",0.5343,"release:lock=<*>, flg=<*>, tag=""SCREEN_FROZEN"", name=android"", ws=null, uid=<*>, pid=<*>",0.4766,56.06,187
220,"ready=true,policy=<*>,wakefulness=<*>,wksummary=<*>,uasummary=<*>,bootcompleted=true,boostinprogress=false,waitmodeenable=false,mode=false,manual=<*>,auto=-<*>,adj=<*>.0userId=<*>",exact,"ready=true,policy=<*>,wakefulness=<*>,wksummary=<*>,uasummary=<*>,bootcompleted=true,boostinprogress=false,waitmodeenable=false,mode=false,manual=<*>,auto=-<*>,adj=<*>.0userId=<*>",1.0,"<*> D PowerManagerService: ready=true,policy=<*>,wakefulness=<*>,wksummary=<*>,uasummary=<*>,bootcompleted=true,boostinprogress=false,waitmodeenable=false,mode=false,manual=<*>,auto=-<*>,adj=<*>.0userId=<*>",0.7294,"<*> D PowerManagerService: <*> suspend blocker ""PowerManagerService.WakeLocks"".",0.5022,59.61,187
221,setLightsOn(true),exact,setLightsOn(true),1.0,"updateLightsLocked,mInCall =false,mScreenOn = true,ledNotification == null<*>",0.6518,"updateLightsLocked,turn off notificationLight",0.5854,55.47,187
222,"setSystemUiVisibility vis=<*> mask=<*> oldVal=<*> newVal=<*> diff=<*> fullscreenStackVis=<*> dockedStackVis=<*>, fullscreenStackBounds=Rect(<*>, <*> - <*>, <*>), dockedStackBounds=Rect(<*>, <*> - <*>, <*>)",exact,"setSystemUiVisibility vis=<*> mask=<*> oldVal=<*> newVal=<*> diff=<*> fullscreenStackVis=<*> dockedStackVis=<*>, fullscreenStackBounds=Rect(<*>, <*> - <*>, <*>), dockedStackBounds=Rect(<*>, <*> - <*>, <*>)",1.0,"<*> I WindowManager: Taking screenshot from Surface with crop:[Rect(<*>, <*> - <*>, <*>)], width:[<*>], height:[<*>], minLayer:[<*>], maxLayer:[<*>], inRotation:[false], rot:[<*>]",0.4978,"overlapAmount:<*>.<*>, previousNotificationEnd:<*>.<*>, newYTranslation:-<*>.<*>, location:<*>, i:<*>, getTopPadding:<*>.<*>, getLocationOnScreen():-<*>",0.4857,61.74,187
223,setLightsOn(true),exact,setLightsOn(true),1.0,"updateLightsLocked,mInCall =false,mScreenOn = true,ledNotification == null<*>",0.6518,"updateLightsLocked,turn off notificationLight",0.5854,55.34,187
224,"setSystemUiVisibility vis=<*> mask=<*> oldVal=<*> newVal=<*> diff=<*> fullscreenStackVis=<*> dockedStackVis=<*>, fullscreenStackBounds=Rect(<*>, <*> - <*>, <*>), dockedStackBounds=Rect(<*>, <*> - <*>, <*>)",exact,"setSystemUiVisibility vis=<*> mask=<*> oldVal=<*> newVal=<*> diff=<*> fullscreenStackVis=<*> dockedStackVis=<*>, fullscreenStackBounds=Rect(<*>, <*> - <*>, <*>), dockedStackBounds=Rect(<*>, <*> - <*>, <*>)",1.0,"<*> I WindowManager: Taking screenshot from Surface with crop:[Rect(<*>, <*> - <*>, <*>)], width:[<*>], height:[<*>], minLayer:[<*>], maxLayer:[<*>], inRotation:[false], rot:[<*>]",0.4978,"overlapAmount:<*>.<*>, previousNotificationEnd:<*>.<*>, newYTranslation:-<*>.<*>, location:<*>, i:<*>, getTopPadding:<*>.<*>, getLocationOnScreen():-<*>",0.4857,60.63,187
225,<*><*> <*>:<*>:<*>.<*> <*> <*> V AudioManager: isMusicActive...,exact,<*> V AudioManager: isMusicActive...,1.0,<*> V AudioManager: isBluetoothScoOn...,0.8822,<*> V AudioManager: querySoundEffectsEnabled...,0.8451,55.92,187
226,setLightsOn(true),exact,setLightsOn(true),1.0,"updateLightsLocked,mInCall =false,mScreenOn = true,ledNotification == null<*>",0.6518,"updateLightsLocked,turn off notificationLight",0.5854,54.61,187
227,"setSystemUiVisibility vis=<*> mask=<*> oldVal=<*> newVal=<*> diff=<*> fullscreenStackVis=<*> dockedStackVis=<*>, fullscreenStackBounds=Rect(<*>, <*> - <*>, <*>), dockedStackBounds=Rect(<*>, <*> - <*>, <*>)",exact,"setSystemUiVisibility vis=<*> mask=<*> oldVal=<*> newVal=<*> diff=<*> fullscreenStackVis=<*> dockedStackVis=<*>, fullscreenStackBounds=Rect(<*>, <*> - <*>, <*>), dockedStackBounds=Rect(<*>, <*> - <*>, <*>)",1.0,"<*> I WindowManager: Taking screenshot from Surface with crop:[Rect(<*>, <*> - <*>, <*>)], width:[<*>], height:[<*>], minLayer:[<*>], maxLayer:[<*>], inRotation:[false], rot:[<*>]",0.4978,"overlapAmount:<*>.<*>, previousNotificationEnd:<*>.<*>, newYTranslation:-<*>.<*>, location:<*>, i:<*>, getTopPadding:<*>.<*>, getLocationOnScreen():-<*>",0.4857,81.13,187
228,setLightsOn(true),exact,setLightsOn(true),1.0,"updateLightsLocked,mInCall =false,mScreenOn = true,ledNotification == null<*>",0.6518,"updateLightsLocked,turn off notificationLight",0.5854,88.99,187
229,"setSystemUiVisibility vis=<*> mask=<*> oldVal=<*> newVal=<*> diff=<*> fullscreenStackVis=<*> dockedStackVis=<*>, fullscreenStackBounds=Rect(<*>, <*> - <*>, <*>), dockedStackBounds=Rect(<*>, <*> - <*>, <*>)",exact,"setSystemUiVisibility vis=<*> mask=<*> oldVal=<*> newVal=<*> diff=<*> fullscreenStackVis=<*> dockedStackVis=<*>, fullscreenStackBounds=Rect(<*>, <*> - <*>, <*>), dockedStackBounds=Rect(<*>, <*> - <*>, <*>)",1.0,"<*> I WindowManager: Taking screenshot from Surface with crop:[Rect(<*>, <*> - <*>, <*>)], width:[<*>], height:[<*>], minLayer:[<*>], maxLayer:[<*>], inRotation:[false], rot:[<*>]",0.4978,"overlapAmount:<*>.<*>, previousNotificationEnd:<*>.<*>, newYTranslation:-<*>.<*>, location:<*>, i:<*>, getTopPadding:<*>.<*>, getLocationOnScreen():-<*>",0.4857,72.27,187
230,setLightsOn(true),exact,setLightsOn(true),1.0,"updateLightsLocked,mInCall =false,mScreenOn = true,ledNotification == null<*>",0.6518,"updateLightsLocked,turn off notificationLight",0.5854,55.05,187
231,"setSystemUiVisibility vis=<*> mask=<*> oldVal=<*> newVal=<*> diff=<*> fullscreenStackVis=<*> dockedStackVis=<*>, fullscreenStackBounds=Rect(<*>, <*> - <*>, <*>), dockedStackBounds=Rect(<*>, <*> - <*>, <*>)",exact,"setSystemUiVisibility vis=<*> mask=<*> oldVal=<*> newVal=<*> diff=<*> fullscreenStackVis=<*> dockedStackVis=<*>, fullscreenStackBounds=Rect(<*>, <*> - <*>, <*>), dockedStackBounds=Rect(<*>, <*> - <*>, <*>)",1.0,"<*> I WindowManager: Taking screenshot from Surface with crop:[Rect(<*>, <*> - <*>, <*>)], width:[<*>], height:[<*>], minLayer:[<*>], maxLayer:[<*>], inRotation:[false], rot:[<*>]",0.4978,"overlapAmount:<*>.<*>, previousNotificationEnd:<*>.<*>, newYTranslation:-<*>.<*>, location:<*>, i:<*>, getTopPadding:<*>.<*>, getLocationOnScreen():-<*>",0.4857,59.21,187
232,setLightsOn(true),exact,setLightsOn(true),1.0,"updateLightsLocked,mInCall =false,mScreenOn = true,ledNotification == null<*>",0.6518,"updateLightsLocked,turn off notificationLight",0.5854,54.86,187
233,"setSystemUiVisibility vis=<*> mask=<*> oldVal=<*> newVal=<*> diff=<*> fullscreenStackVis=<*> dockedStackVis=<*>, fullscreenStackBounds=Rect(<*>, <*> - <*>, <*>), dockedStackBounds=Rect(<*>, <*> - <*>, <*>)",exact,"setSystemUiVisibility vis=<*> mask=<*> oldVal=<*> newVal=<*> diff=<*> fullscreenStackVis=<*> dockedStackVis=<*>, fullscreenStackBounds=Rect(<*>, <*> - <*>, <*>), dockedStackBounds=Rect(<*>, <*> - <*>, <*>)",1.0,"<*> I WindowManager: Taking screenshot from Surface with crop:[Rect(<*>, <*> - <*>, <*>)], width:[<*>], height:[<*>], minLayer:[<*>], maxLayer:[<*>], inRotation:[false], rot:[<*>]",0.4978,"overlapAmount:<*>.<*>, previousNotificationEnd:<*>.<*>, newYTranslation:-<*>.<*>, location:<*>, i:<*>, getTopPadding:<*>.<*>, getLocationOnScreen():-<*>",0.4857,60.5,187
234,"userActivityNoUpdateLocked: eventTime=<*>, event=<*>, flags=<*>, uid=<*>",exact,"userActivityNoUpdateLocked: eventTime=<*>, event=<*>, flags=<*>, uid=<*>",1.0,"cancelNotificationLocked called,tell the app,reason = <*>",0.5343,"release:lock=<*>, flg=<*>, tag=""SCREEN_FROZEN"", name=android"", ws=null, uid=<*>, pid=<*>",0.4766,55.75,187
235,"ready=true,policy=<*>,wakefulness=<*>,wksummary=<*>,uasummary=<*>,bootcompleted=true,boostinprogress=false,waitmodeenable=false,mode=false,manual=<*>,auto=-<*>,adj=<*>.0userId=<*>",exact,"ready=true,policy=<*>,wakefulness=<*>,wksummary=<*>,uasummary=<*>,bootcompleted=true,boostinprogress=false,waitmodeenable=false,mode=false,manual=<*>,auto=-<*>,adj=<*>.0userId=<*>",1.0,"<*> D PowerManagerService: ready=true,policy=<*>,wakefulness=<*>,wksummary=<*>,uasummary=<*>,bootcompleted=true,boostinprogress=false,waitmodeenable=false,mode=false,manual=<*>,auto=-<*>,adj=<*>.0userId=<*>",0.7294,"<*> D PowerManagerService: <*> suspend blocker ""PowerManagerService.WakeLocks"".",0.5022,59.12,187
236,setLightsOn(true),exact,setLightsOn(true),1.0,"updateLightsLocked,mInCall =false,mScreenOn = true,ledNotification == null<*>",0.6518,"updateLightsLocked,turn off notificationLight",0.5854,54.96,187
237,"setSystemUiVisibility vis=<*> mask=<*> oldVal=<*> newVal=<*> diff=<*> fullscreenStackVis=<*> dockedStackVis=<*>, fullscreenStackBounds=Rect(<*>, <*> - <*>, <*>), dockedStackBounds=Rect(<*>, <*> - <*>, <*>)",exact,"setSystemUiVisibility vis=<*> mask=<*> oldVal=<*> newVal=<*> diff=<*> fullscreenStackVis=<*> dockedStackVis=<*>, fullscreenStackBounds=Rect(<*>, <*> - <*>, <*>), dockedStackBounds=Rect(<*>, <*> - <*>, <*>)",1.0,"<*> I WindowManager: Taking screenshot from Surface with crop:[Rect(<*>, <*> - <*>, <*>)], width:[<*>], height:[<*>], minLayer:[<*>], maxLayer:[<*>], inRotation:[false], rot:[<*>]",0.4978,"overlapAmount:<*>.<*>, previousNotificationEnd:<*>.<*>, newYTranslation:-<*>.<*>, location:<*>, i:<*>, getTopPadding:<*>.<*>, getLocationOnScreen():-<*>",0.4857,60.85,187
238,setLightsOn(true),exact,setLightsOn(true),1.0,"updateLightsLocked,mInCall =false,mScreenOn = true,ledNotification == null<*>",0.6518,"updateLightsLocked,turn off notificationLight",0.5854,87.13,187
239,"setSystemUiVisibility vis=<*> mask=<*> oldVal=<*> newVal=<*> diff=<*> fullscreenStackVis=<*> dockedStackVis=<*>, fullscreenStackBounds=Rect(<*>, <*> - <*>, <*>), dockedStackBounds=Rect(<*>, <*> - <*>, <*>)",exact,"setSystemUiVisibility vis=<*> mask=<*> oldVal=<*> newVal=<*> diff=<*> fullscreenStackVis=<*> dockedStackVis=<*>, fullscreenStackBounds=Rect(<*>, <*> - <*>, <*>), dockedStackBounds=Rect(<*>, <*> - <*>, <*>)",1.0,"<*> I WindowManager: Taking screenshot from Surface with crop:[Rect(<*>, <*> - <*>, <*>)], width:[<*>], height:[<*>], minLayer:[<*>], maxLayer:[<*>], inRotation:[false], rot:[<*>]",0.4978,"overlapAmount:<*>.<*>, previousNotificationEnd:<*>.<*>, newYTranslation:-<*>.<*>, location:<*>, i:<*>, getTopPadding:<*>.<*>, getLocationOnScreen():-<*>",0.4857,85.98,187
240,"userActivityNoUpdateLocked: eventTime=<*>, event=<*>, flags=<*>, uid=<*>",exact,"userActivityNoUpdateLocked: eventTime=<*>, event=<*>, flags=<*>, uid=<*>",1.0,"cancelNotificationLocked called,tell the app,reason = <*>",0.5343,"release:lock=<*>, flg=<*>, tag=""SCREEN_FROZEN"", name=android"", ws=null, uid=<*>, pid=<*>",0.4766,63.65,187
241,"ready=true,policy=<*>,wakefulness=<*>,wksummary=<*>,uasummary=<*>,bootcompleted=true,boostinprogress=false,waitmodeenable=false,mode=false,manual=<*>,auto=-<*>,adj=<*>.0userId=<*>",exact,"ready=true,policy=<*>,wakefulness=<*>,wksummary=<*>,uasummary=<*>,bootcompleted=true,boostinprogress=false,waitmodeenable=false,mode=false,manual=<*>,auto=-<*>,adj=<*>.0userId=<*>",1.0,"<*> D PowerManagerService: ready=true,policy=<*>,wakefulness=<*>,wksummary=<*>,uasummary=<*>,bootcompleted=true,boostinprogress=false,waitmodeenable=false,mode=false,manual=<*>,auto=-<*>,adj=<*>.0userId=<*>",0.7294,"<*> D PowerManagerService: <*> suspend blocker ""PowerManagerService.WakeLocks"".",0.5022,59.51,187
242,setLightsOn(true),exact,setLightsOn(true),1.0,"updateLightsLocked,mInCall =false,mScreenOn = true,ledNotification == null<*>",0.6518,"updateLightsLocked,turn off notificationLight",0.5854,54.95,187
243,"setSystemUiVisibility vis=<*> mask=<*> oldVal=<*> newVal=<*> diff=<*> fullscreenStackVis=<*> dockedStackVis=<*>, fullscreenStackBounds=Rect(<*>, <*> - <*>, <*>), dockedStackBounds=Rect(<*>, <*> - <*>, <*>)",exact,"setSystemUiVisibility vis=<*> mask=<*> oldVal=<*> newVal=<*> diff=<*> fullscreenStackVis=<*> dockedStackVis=<*>, fullscreenStackBounds=Rect(<*>, <*> - <*>, <*>), dockedStackBounds=Rect(<*>, <*> - <*>, <*>)",1.0,"<*> I WindowManager: Taking screenshot from Surface with crop:[Rect(<*>, <*> - <*>, <*>)], width:[<*>], height:[<*>], minLayer:[<*>], maxLayer:[<*>], inRotation:[false], rot:[<*>]",0.4978,"overlapAmount:<*>.<*>, previousNotificationEnd:<*>.<*>, newYTranslation:-<*>.<*>, location:<*>, i:<*>, getTopPadding:<*>.<*>, getLocationOnScreen():-<*>",0.4857,60.41,187
244,"userActivityNoUpdateLocked: eventTime=<*>, event=<*>, flags=<*>, uid=<*>",exact,"userActivityNoUpdateLocked: eventTime=<*>, event=<*>, flags=<*>, uid=<*>",1.0,"cancelNotificationLocked called,tell the app,reason = <*>",0.5343,"release:lock=<*>, flg=<*>, tag=""SCREEN_FROZEN"", name=android"", ws=null, uid=<*>, pid=<*>",0.4766,55.93,187
245,"ready=true,policy=<*>,wakefulness=<*>,wksummary=<*>,uasummary=<*>,bootcompleted=true,boostinprogress=false,waitmodeenable=false,mode=false,manual=<*>,auto=-<*>,adj=<*>.0userId=<*>",exact,"ready=true,policy=<*>,wakefulness=<*>,wksummary=<*>,uasummary=<*>,bootcompleted=true,boostinprogress=false,waitmodeenable=false,mode=false,manual=<*>,auto=-<*>,adj=<*>.0userId=<*>",1.0,"<*> D PowerManagerService: ready=true,policy=<*>,wakefulness=<*>,wksummary=<*>,uasummary=<*>,bootcompleted=true,boostinprogress=false,waitmodeenable=false,mode=false,manual=<*>,auto=-<*>,adj=<*>.0userId=<*>",0.7294,"<*> D PowerManagerService: <*> suspend blocker ""PowerManagerService.WakeLocks"".",0.5022,59.4,187
246,HBM brightnessIn =<*>,exact,HBM brightnessIn =<*>,1.0,HBM brightnessOut =<*>,0.9267,"Animating brightness: target=<*>, rate=<*>",0.5363,54.94,187
247,HBM brightnessOut =<*>,exact,HBM brightnessOut =<*>,1.0,HBM brightnessIn =<*>,0.9267,"Animating brightness: target=<*>, rate=<*>",0.4981,54.69,187
248,"Animating brightness: target=<*>, rate=<*>",exact,"Animating brightness: target=<*>, rate=<*>",1.0,HBM brightnessIn =<*>,0.5363,HBM brightnessOut =<*>,0.4981,54.85,187
249,setLightsOn(true),exact,setLightsOn(true),1.0,"updateLightsLocked,mInCall =false,mScreenOn = true,ledNotification == null<*>",0.6518,"updateLightsLocked,turn off notificationLight",0.5854,54.73,187
250,"setSystemUiVisibility vis=<*> mask=<*> oldVal=<*> newVal=<*> diff=<*> fullscreenStackVis=<*> dockedStackVis=<*>, fullscreenStackBounds=Rect(<*>, <*> - <*>, <*>), dockedStackBounds=Rect(<*>, <*> - <*>, <*>)",exact,"setSystemUiVisibility vis=<*> mask=<*> oldVal=<*> newVal=<*> diff=<*> fullscreenStackVis=<*> dockedStackVis=<*>, fullscreenStackBounds=Rect(<*>, <*> - <*>, <*>), dockedStackBounds=Rect(<*>, <*> - <*>, <*>)",1.0,"<*> I WindowManager: Taking screenshot from Surface with crop:[Rect(<*>, <*> - <*>, <*>)], width:[<*>], height:[<*>], minLayer:[<*>], maxLayer:[<*>], inRotation:[false], rot:[<*>]",0.4978,"overlapAmount:<*>.<*>, previousNotificationEnd:<*>.<*>, newYTranslation:-<*>.<*>, location:<*>, i:<*>, getTopPadding:<*>.<*>, getLocationOnScreen():-<*>",0.4857,60.76,187
251,setLightsOn(true),exact,setLightsOn(true),1.0,"updateLightsLocked,mInCall =false,mScreenOn = true,ledNotification == null<*>",0.6518,"updateLightsLocked,turn off notificationLight",0.5854,54.79,187
252,"setSystemUiVisibility vis=<*> mask=<*> oldVal=<*> newVal=<*> diff=<*> fullscreenStackVis=<*> dockedStackVis=<*>, fullscreenStackBounds=Rect(<*>, <*> - <*>, <*>), dockedStackBounds=Rect(<*>, <*> - <*>, <*>)",exact,"setSystemUiVisibility vis=<*> mask=<*> oldVal=<*> newVal=<*> diff=<*> fullscreenStackVis=<*> dockedStackVis=<*>, fullscreenStackBounds=Rect(<*>, <*> - <*>, <*>), dockedStackBounds=Rect(<*>, <*> - <*>, <*>)",1.0,"<*> I WindowManager: Taking screenshot from Surface with crop:[Rect(<*>, <*> - <*>, <*>)], width:[<*>], height:[<*>], minLayer:[<*>], maxLayer:[<*>], inRotation:[false], rot:[<*>]",0.4978,"overlapAmount:<*>.<*>, previousNotificationEnd:<*>.<*>, newYTranslation:-<*>.<*>, location:<*>, i:<*>, getTopPadding:<*>.<*>, getLocationOnScreen():-<*>",0.4857,60.55,187
253,HBM brightnessIn =<*>,exact,HBM brightnessIn =<*>,1.0,HBM brightnessOut =<*>,0.9267,"Animating brightness: target=<*>, rate=<*>",0.5363,55.0,187
254,HBM brightnessOut =<*>,exact,HBM brightnessOut =<*>,1.0,HBM brightnessIn =<*>,0.9267,"Animating brightness: target=<*>, rate=<*>",0.4981,54.69,187
255,"Animating brightness: target=<*>, rate=<*>",exact,"Animating brightness: target=<*>, rate=<*>",1.0,HBM brightnessIn =<*>,0.5363,HBM brightnessOut =<*>,0.4981,55.36,187
256,"userActivityNoUpdateLocked: eventTime=<*>, event=<*>, flags=<*>, uid=<*>",exact,"userActivityNoUpdateLocked: eventTime=<*>, event=<*>, flags=<*>, uid=<*>",1.0,"cancelNotificationLocked called,tell the app,reason = <*>",0.5343,"release:lock=<*>, flg=<*>, tag=""SCREEN_FROZEN"", name=android"", ws=null, uid=<*>, pid=<*>",0.4766,55.9,187
257,"ready=true,policy=<*>,wakefulness=<*>,wksummary=<*>,uasummary=<*>,bootcompleted=true,boostinprogress=false,waitmodeenable=false,mode=false,manual=<*>,auto=-<*>,adj=<*>.0userId=<*>",exact,"ready=true,policy=<*>,wakefulness=<*>,wksummary=<*>,uasummary=<*>,bootcompleted=true,boostinprogress=false,waitmodeenable=false,mode=false,manual=<*>,auto=-<*>,adj=<*>.0userId=<*>",1.0,"<*> D PowerManagerService: ready=true,policy=<*>,wakefulness=<*>,wksummary=<*>,uasummary=<*>,bootcompleted=true,boostinprogress=false,waitmodeenable=false,mode=false,manual=<*>,auto=-<*>,adj=<*>.0userId=<*>",0.7294,"<*> D PowerManagerService: <*> suspend blocker ""PowerManagerService.WakeLocks"".",0.5022,59.31,187
258,setLightsOn(true),exact,setLightsOn(true),1.0,"updateLightsLocked,mInCall =false,mScreenOn = true,ledNotification == null<*>",0.6518,"updateLightsLocked,turn off notificationLight",0.5854,54.83,187
259,"setSystemUiVisibility vis=<*> mask=<*> oldVal=<*> newVal=<*> diff=<*> fullscreenStackVis=<*> dockedStackVis=<*>, fullscreenStackBounds=Rect(<*>, <*> - <*>, <*>), dockedStackBounds=Rect(<*>, <*> - <*>, <*>)",exact,"setSystemUiVisibility vis=<*> mask=<*> oldVal=<*> newVal=<*> diff=<*> fullscreenStackVis=<*> dockedStackVis=<*>, fullscreenStackBounds=Rect(<*>, <*> - <*>, <*>), dockedStackBounds=Rect(<*>, <*> - <*>, <*>)",1.0,"<*> I WindowManager: Taking screenshot from Surface with crop:[Rect(<*>, <*> - <*>, <*>)], width:[<*>], height:[<*>], minLayer:[<*>], maxLayer:[<*>], inRotation:[false], rot:[<*>]",0.4978,"overlapAmount:<*>.<*>, previousNotificationEnd:<*>.<*>, newYTranslation:-<*>.<*>, location:<*>, i:<*>, getTopPadding:<*>.<*>, getLocationOnScreen():-<*>",0.4857,60.27,187
260,setLightsOn(true),exact,setLightsOn(true),1.0,"updateLightsLocked,mInCall =false,mScreenOn = true,ledNotification == null<*>",0.6518,"updateLightsLocked,turn off notificationLight",0.5854,55.07,187
261,"setSystemUiVisibility vis=<*> mask=<*> oldVal=<*> newVal=<*> diff=<*> fullscreenStackVis=<*> dockedStackVis=<*>, fullscreenStackBounds=Rect(<*>, <*> - <*>, <*>), dockedStackBounds=Rect(<*>, <*> - <*>, <*>)",exact,"setSystemUiVisibility vis=<*> mask=<*> oldVal=<*> newVal=<*> diff=<*> fullscreenStackVis=<*> dockedStackVis=<*>, fullscreenStackBounds=Rect(<*>, <*> - <*>, <*>), dockedStackBounds=Rect(<*>, <*> - <*>, <*>)",1.0,"<*> I WindowManager: Taking screenshot from Surface with crop:[Rect(<*>, <*> - <*>, <*>)], width:[<*>], height:[<*>], minLayer:[<*>], maxLayer:[<*>], inRotation:[false], rot:[<*>]",0.4978,"overlapAmount:<*>.<*>, previousNotificationEnd:<*>.<*>, newYTranslation:-<*>.<*>, location:<*>, i:<*>, getTopPadding:<*>.<*>, getLocationOnScreen():-<*>",0.4857,60.32,187
262,HBM brightnessIn =<*>,exact,HBM brightnessIn =<*>,1.0,HBM brightnessOut =<*>,0.9267,"Animating brightness: target=<*>, rate=<*>",0.5363,55.08,187
263,HBM brightnessOut =<*>,exact,HBM brightnessOut =<*>,1.0,HBM brightnessIn =<*>,0.9267,"Animating brightness: target=<*>, rate=<*>",0.4981,54.64,187
264,"Animating brightness: target=<*>, rate=<*>",exact,"Animating brightness: target=<*>, rate=<*>",1.0,HBM brightnessIn =<*>,0.5363,HBM brightnessOut =<*>,0.4981,54.88,187
265,setLightsOn(true),exact,setLightsOn(true),1.0,"updateLightsLocked,mInCall =false,mScreenOn = true,ledNotification == null<*>",0.6518,"updateLightsLocked,turn off notificationLight",0.5854,54.43,187
266,"setSystemUiVisibility vis=<*> mask=<*> oldVal=<*> newVal=<*> diff=<*> fullscreenStackVis=<*> dockedStackVis=<*>, fullscreenStackBounds=Rect(<*>, <*> - <*>, <*>), dockedStackBounds=Rect(<*>, <*> - <*>, <*>)",exact,"setSystemUiVisibility vis=<*> mask=<*> oldVal=<*> newVal=<*> diff=<*> fullscreenStackVis=<*> dockedStackVis=<*>, fullscreenStackBounds=Rect(<*>, <*> - <*>, <*>), dockedStackBounds=Rect(<*>, <*> - <*>, <*>)",1.0,"<*> I WindowManager: Taking screenshot from Surface with crop:[Rect(<*>, <*> - <*>, <*>)], width:[<*>], height:[<*>], minLayer:[<*>], maxLayer:[<*>], inRotation:[false], rot:[<*>]",0.4978,"overlapAmount:<*>.<*>, previousNotificationEnd:<*>.<*>, newYTranslation:-<*>.<*>, location:<*>, i:<*>, getTopPadding:<*>.<*>, getLocationOnScreen():-<*>",0.4857,61.21,187
267,setLightsOn(true),exact,setLightsOn(true),1.0,"updateLightsLocked,mInCall =false,mScreenOn = true,ledNotification == null<*>",0.6518,"updateLightsLocked,turn off notificationLight",0.5854,55.21,187
268,"setSystemUiVisibility vis=<*> mask=<*> oldVal=<*> newVal=<*> diff=<*> fullscreenStackVis=<*> dockedStackVis=<*>, fullscreenStackBounds=Rect(<*>, <*> - <*>, <*>), dockedStackBounds=Rect(<*>, <*> - <*>, <*>)",exact,"setSystemUiVisibility vis=<*> mask=<*> oldVal=<*> newVal=<*> diff=<*> fullscreenStackVis=<*> dockedStackVis=<*>, fullscreenStackBounds=Rect(<*>, <*> - <*>, <*>), dockedStackBounds=Rect(<*>, <*> - <*>, <*>)",1.0,"<*> I WindowManager: Taking screenshot from Surface with crop:[Rect(<*>, <*> - <*>, <*>)], width:[<*>], height:[<*>], minLayer:[<*>], maxLayer:[<*>], inRotation:[false], rot:[<*>]",0.4978,"overlapAmount:<*>.<*>, previousNotificationEnd:<*>.<*>, newYTranslation:-<*>.<*>, location:<*>, i:<*>, getTopPadding:<*>.<*>, getLocationOnScreen():-<*>",0.4857,60.01,187
269,HBM brightnessIn =<*>,exact,HBM brightnessIn =<*>,1.0,HBM brightnessOut =<*>,0.9267,"Animating brightness: target=<*>, rate=<*>",0.5363,55.2,187
270,HBM brightnessOut =<*>,exact,HBM brightnessOut =<*>,1.0,HBM brightnessIn =<*>,0.9267,"Animating brightness: target=<*>, rate=<*>",0.4981,54.79,187
271,"Animating brightness: target=<*>, rate=<*>",exact,"Animating brightness: target=<*>, rate=<*>",1.0,HBM brightnessIn =<*>,0.5363,HBM brightnessOut =<*>,0.4981,55.04,187
272,"userActivityNoUpdateLocked: eventTime=<*>, event=<*>, flags=<*>, uid=<*>",exact,"userActivityNoUpdateLocked: eventTime=<*>, event=<*>, flags=<*>, uid=<*>",1.0,"cancelNotificationLocked called,tell the app,reason = <*>",0.5343,"release:lock=<*>, flg=<*>, tag=""SCREEN_FROZEN"", name=android"", ws=null, uid=<*>, pid=<*>",0.4766,55.99,187
273,"ready=true,policy=<*>,wakefulness=<*>,wksummary=<*>,uasummary=<*>,bootcompleted=true,boostinprogress=false,waitmodeenable=false,mode=false,manual=<*>,auto=-<*>,adj=<*>.0userId=<*>",exact,"ready=true,policy=<*>,wakefulness=<*>,wksummary=<*>,uasummary=<*>,bootcompleted=true,boostinprogress=false,waitmodeenable=false,mode=false,manual=<*>,auto=-<*>,adj=<*>.0userId=<*>",1.0,"<*> D PowerManagerService: ready=true,policy=<*>,wakefulness=<*>,wksummary=<*>,uasummary=<*>,bootcompleted=true,boostinprogress=false,waitmodeenable=false,mode=false,manual=<*>,auto=-<*>,adj=<*>.0userId=<*>",0.7294,"<*> D PowerManagerService: <*> suspend blocker ""PowerManagerService.WakeLocks"".",0.5022,59.84,187
274,setLightsOn(true),exact,setLightsOn(true),1.0,"updateLightsLocked,mInCall =false,mScreenOn = true,ledNotification == null<*>",0.6518,"updateLightsLocked,turn off notificationLight",0.5854,55.02,187
275,"setSystemUiVisibility vis=<*> mask=<*> oldVal=<*> newVal=<*> diff=<*> fullscreenStackVis=<*> dockedStackVis=<*>, fullscreenStackBounds=Rect(<*>, <*> - <*>, <*>), dockedStackBounds=Rect(<*>, <*> - <*>, <*>)",exact,"setSystemUiVisibility vis=<*> mask=<*> oldVal=<*> newVal=<*> diff=<*> fullscreenStackVis=<*> dockedStackVis=<*>, fullscreenStackBounds=Rect(<*>, <*> - <*>, <*>), dockedStackBounds=Rect(<*>, <*> - <*>, <*>)",1.0,"<*> I WindowManager: Taking screenshot from Surface with crop:[Rect(<*>, <*> - <*>, <*>)], width:[<*>], height:[<*>], minLayer:[<*>], maxLayer:[<*>], inRotation:[false], rot:[<*>]",0.4978,"overlapAmount:<*>.<*>, previousNotificationEnd:<*>.<*>, newYTranslation:-<*>.<*>, location:<*>, i:<*>, getTopPadding:<*>.<*>, getLocationOnScreen():-<*>",0.4857,59.53,187
276,HBM brightnessIn =<*>,exact,HBM brightnessIn =<*>,1.0,HBM brightnessOut =<*>,0.9267,"Animating brightness: target=<*>, rate=<*>",0.5363,55.14,187
277,HBM brightnessOut =<*>,exact,HBM brightnessOut =<*>,1.0,HBM brightnessIn =<*>,0.9267,"Animating brightness: target=<*>, rate=<*>",0.4981,54.77,187
278,"Animating brightness: target=<*>, rate=<*>",exact,"Animating brightness: target=<*>, rate=<*>",1.0,HBM brightnessIn =<*>,0.5363,HBM brightnessOut =<*>,0.4981,54.73,187
279,HBM brightnessIn =<*>,exact,HBM brightnessIn =<*>,1.0,HBM brightnessOut =<*>,0.9267,"Animating brightness: target=<*>, rate=<*>",0.5363,54.85,187
280,HBM brightnessOut =<*>,exact,HBM brightnessOut =<*>,1.0,HBM brightnessIn =<*>,0.9267,"Animating brightness: target=<*>, rate=<*>",0.4981,54.65,187
281,"Animating brightness: target=<*>, rate=<*>",exact,"Animating brightness: target=<*>, rate=<*>",1.0,HBM brightnessIn =<*>,0.5363,HBM brightnessOut =<*>,0.4981,54.87,187
282,HBM brightnessIn =<*>,exact,HBM brightnessIn =<*>,1.0,HBM brightnessOut =<*>,0.9267,"Animating brightness: target=<*>, rate=<*>",0.5363,54.86,187
283,HBM brightnessOut =<*>,exact,HBM brightnessOut =<*>,1.0,HBM brightnessIn =<*>,0.9267,"Animating brightness: target=<*>, rate=<*>",0.4981,54.59,187
284,"Animating brightness: target=<*>, rate=<*>",exact,"Animating brightness: target=<*>, rate=<*>",1.0,HBM brightnessIn =<*>,0.5363,HBM brightnessOut =<*>,0.4981,55.03,187
285,"userActivityNoUpdateLocked: eventTime=<*>, event=<*>, flags=<*>, uid=<*>",exact,"userActivityNoUpdateLocked: eventTime=<*>, event=<*>, flags=<*>, uid=<*>",1.0,"cancelNotificationLocked called,tell the app,reason = <*>",0.5343,"release:lock=<*>, flg=<*>, tag=""SCREEN_FROZEN"", name=android"", ws=null, uid=<*>, pid=<*>",0.4766,55.14,187
286,"ready=true,policy=<*>,wakefulness=<*>,wksummary=<*>,uasummary=<*>,bootcompleted=true,boostinprogress=false,waitmodeenable=false,mode=false,manual=<*>,auto=-<*>,adj=<*>.0userId=<*>",exact,"ready=true,policy=<*>,wakefulness=<*>,wksummary=<*>,uasummary=<*>,bootcompleted=true,boostinprogress=false,waitmodeenable=false,mode=false,manual=<*>,auto=-<*>,adj=<*>.0userId=<*>",1.0,"<*> D PowerManagerService: ready=true,policy=<*>,wakefulness=<*>,wksummary=<*>,uasummary=<*>,bootcompleted=true,boostinprogress=false,waitmodeenable=false,mode=false,manual=<*>,auto=-<*>,adj=<*>.0userId=<*>",0.7294,"<*> D PowerManagerService: <*> suspend blocker ""PowerManagerService.WakeLocks"".",0.5022,59.66,187
287,"sending alarm Alarm{<*> type <*> when <*> PendingIntent{<*>: PendingIntentRecord{<*> android broadcastIntent}}},repeatInterval = <*>,listenerTag =time_tick",exact,"sending alarm Alarm{<*> type <*> when <*> PendingIntent{<*>: PendingIntentRecord{<*> android broadcastIntent}}},repeatInterval = <*>,listenerTag =time_tick",1.0,"sending alarm Alarm{<*> type <*> when <*> PendingIntent{<*>: PendingIntentRecord{<*> com.android.phone<*> broadcastIntent}}},repeatInterval = <*>,listenerTag =null",0.9124,Received TIME_TICK alarm; rescheduling,0.5769,58.02,187
288,"ready=true,policy=<*>,wakefulness=<*>,wksummary=<*>,uasummary=<*>,bootcompleted=true,boostinprogress=false,waitmodeenable=false,mode=false,manual=<*>,auto=-<*>,adj=<*>.0userId=<*>",exact,"ready=true,policy=<*>,wakefulness=<*>,wksummary=<*>,uasummary=<*>,bootcompleted=true,boostinprogress=false,waitmodeenable=false,mode=false,manual=<*>,auto=-<*>,adj=<*>.0userId=<*>",1.0,"<*> D PowerManagerService: ready=true,policy=<*>,wakefulness=<*>,wksummary=<*>,uasummary=<*>,bootcompleted=true,boostinprogress=false,waitmodeenable=false,mode=false,manual=<*>,auto=-<*>,adj=<*>.0userId=<*>",0.7294,"<*> D PowerManagerService: <*> suspend blocker ""PowerManagerService.WakeLocks"".",0.5022,59.8,187
289,"Acquiring suspend blocker ""PowerManagerService.WakeLocks"".",exact,"Acquiring suspend blocker ""PowerManagerService.WakeLocks"".",1.0,"Releasing suspend blocker ""PowerManagerService.WakeLocks"".",0.91,"<*> D PowerManagerService: <*> suspend blocker ""PowerManagerService.WakeLocks"".",0.8857,55.08,187
290,Received TIME_TICK alarm; rescheduling,exact,Received TIME_TICK alarm; rescheduling,1.0,"sending alarm Alarm{<*> type <*> when <*> PendingIntent{<*>: PendingIntentRecord{<*> android broadcastIntent}}},repeatInterval = <*>,listenerTag =time_tick",0.5769,"sending alarm Alarm{<*> type <*> when <*> PendingIntent{<*>: PendingIntentRecord{<*> com.android.phone<*> broadcastIntent}}},repeatInterval = <*>,listenerTag =null",0.5085,54.92,187
291,scheduleTimeTickEvent triggerAtTime = <*>,exact,scheduleTimeTickEvent triggerAtTime = <*>,1.0,Received TIME_TICK alarm; rescheduling,0.4689,"sending alarm Alarm{<*> type <*> when <*> PendingIntent{<*>: PendingIntentRecord{<*> android broadcastIntent}}},repeatInterval = <*>,listenerTag =time_tick",0.4084,55.25,187
292,"updateClipping isOverlap:false, getTopPadding=<*>.<*>, Translation=<*>.<*>",exact,"updateClipping isOverlap<*> getTopPadding=<*>.<*>, Translation<*>",0.9985,"release:lock=<*>, flg=<*>, tag=""RILJ_ACK_WL"", name=<*>"", ws=null, uid=<*>, pid=<*>",0.4443,"overlapAmount:<*>.<*>, previousNotificationEnd:<*>.<*>, newYTranslation:-<*>.<*>, location:<*>, i:<*>, getTopPadding:<*>.<*>, getLocationOnScreen():-<*>",0.4279,55.37,187
293,updateDimmedActivatedHideSensitive overlap:false,exact,updateDimmedActivatedHideSensitive overlap<*>,0.9994,resumeSuspendedAutohide,0.5479,suspendAutohide,0.5116,54.72,187
294,"updateClipping isOverlap:false, getTopPadding=<*>.<*>, Translation=<*>.<*>",exact,"updateClipping isOverlap<*> getTopPadding=<*>.<*>, Translation<*>",0.9989,"release:lock=<*>, flg=<*>, tag=""RILJ_ACK_WL"", name=<*>"", ws=null, uid=<*>, pid=<*>",0.4443,"overlapAmount:<*>.<*>, previousNotificationEnd:<*>.<*>, newYTranslation:-<*>.<*>, location:<*>, i:<*>, getTopPadding:<*>.<*>, getLocationOnScreen():-<*>",0.4279,55.54,187
295,updateDimmedActivatedHideSensitive overlap:false,exact,updateDimmedActivatedHideSensitive overlap<*>,0.9996,resumeSuspendedAutohide,0.5479,suspendAutohide,0.5116,54.73,187
296,received broadcast <*>,exact,received broadcast android.intent.action.TIME_TICK<*>,1.0,Sending non-protected broadcast com.android.systemui.statusbar.visible.change<*> from system <*> pkg com.android.systemui<*>,0.6077,<*> W ActivityManager: Sending non-protected broadcast com.android.systemui.statusbar.visible.change<*> from system <*> pkg com.android.systemui<*>,0.5519,54.46,187
297,handleTimeUpdate,exact,handleTimeUpdate,1.0,"userActivityNoUpdateLocked: eventTime=<*>, event=<*>, flags=<*>, uid=<*>",0.4107,Received TIME_TICK alarm; rescheduling,0.4057,54.25,187
298,HBM brightnessIn =<*>,exact,HBM brightnessIn =<*>,1.0,HBM brightnessOut =<*>,0.9267,"Animating brightness: target=<*>, rate=<*>",0.5363,54.46,187
299,HBM brightnessOut =<*>,exact,HBM brightnessOut =<*>,1.0,HBM brightnessIn =<*>,0.9267,"Animating brightness: target=<*>, rate=<*>",0.4981,54.6,187
300,"Animating brightness: target=<*>, rate=<*>",exact,"Animating brightness: target=<*>, rate=<*>",1.0,HBM brightnessIn =<*>,0.5363,HBM brightnessOut =<*>,0.4981,54.5,187
301,<*><*> <*>:<*>:<*>.<*> <*> <*> V AudioManager: playSoundEffect effectType: <*>,exact,<*> V AudioManager: playSoundEffect effectType: <*>,1.0,<*> V AudioManager: querySoundEffectsEnabled...,0.8796,<*> V AudioManager: isMusicActive...,0.8416,56.13,187
302,<*><*> <*>:<*>:<*>.<*> <*> <*> V AudioManager: querySoundEffectsEnabled...,exact,<*> V AudioManager: querySoundEffectsEnabled...,1.0,<*> V AudioManager: playSoundEffect effectType: <*>,0.8796,<*> V AudioManager: isBluetoothScoOn...,0.8749,58.07,187
303,Destroying surface Surface(name=PopupWindow:<*>) called by <*>:<*> <*>:<*> <*>:<*> <*>:<*> <*>:<*> <*>:<*> <*>:<*> <*>:<*>,exact,Destroying surface Surface(name=PopupWindow:<*>) called by com.android.server.wm.WindowStateAnimator.destroySurface<*> com.android.server.wm.WindowStateAnimator.destroySurfaceLocked<*> com.android.server.wm.WindowState.removeLocked<*> com.android.server.wm.WindowManagerService.removeWindowInnerLocked<*> com.android.server.wm.WindowManagerService.removeWindowInnerLocked<*> com.android.server.wm.WindowManagerService.removeWindowLocked<*> com.android.server.wm.WindowManagerService.removeWindowLocked<*> com.android.server.wm.WindowManagerService.removeWindow<*>,1.0,Destroying surface Surface(name=<*><*>.<*>) called by com.android.server.wm.WindowStateAnimator.destroySurface<*> com.android.server.wm.WindowStateAnimator.destroySurfaceLocked<*> com.android.server.wm.WindowState.destroyOrSaveSurface<*> com.android.server.wm.AppWindowToken.destroySurfaces<*> com.android.server.wm.AppWindowToken.notifyAppStopped<*> com.android.server.wm.WindowManagerService.notifyAppStopped<*> com.android.server.am.ActivityStack.activityStoppedLocked<*> com.android.server.am.ActivityManagerService.activityStopped<*>,0.8503,<*> I WindowManager: Destroying surface Surface<*> called by com.android.server.wm.WindowStateAnimator.destroySurface<*> com.android.server.wm.WindowStateAnimator.destroySurfaceLocked<*> com.android.server.wm.WindowState.removeLocked<*> com.android.server.wm.WindowManagerService.removeWindowInnerLocked<*> com.android.server.wm.WindowManagerService.removeWindowInnerLocked<*> com.android.server.wm.WindowManagerService.removeWindowLocked<*> com.android.server.wm.WindowManagerService.removeWindowLocked<*> com.android.server.wm.WindowManagerService.removeWindow<*>,0.8482,58.93,187
304,isWiredHeadsetOn...,new,isWiredHeadsetOn...,1.0,,0.0,,0.0,55.22,188
305,Destroying surface Surface(name=PopupWindow:<*>) called by <*>:<*> <*>:<*> <*>:<*> <*>:<*> <*>:<*> <*>:<*> <*>:<*> <*>:<*>,exact,Destroying surface Surface(name=PopupWindow:<*>) called by com.android.server.wm.WindowStateAnimator.destroySurface<*> com.android.server.wm.WindowStateAnimator.destroySurfaceLocked<*> com.android.server.wm.WindowState.removeLocked<*> com.android.server.wm.WindowManagerService.removeWindowInnerLocked<*> com.android.server.wm.WindowManagerService.removeWindowInnerLocked<*> com.android.server.wm.WindowManagerService.removeWindowLocked<*> com.android.server.wm.WindowManagerService.removeWindowLocked<*> com.android.server.wm.WindowManagerService.removeWindow<*>,1.0,Destroying surface Surface(name=<*><*>.<*>) called by com.android.server.wm.WindowStateAnimator.destroySurface<*> com.android.server.wm.WindowStateAnimator.destroySurfaceLocked<*> com.android.server.wm.WindowState.destroyOrSaveSurface<*> com.android.server.wm.AppWindowToken.destroySurfaces<*> com.android.server.wm.AppWindowToken.notifyAppStopped<*> com.android.server.wm.WindowManagerService.notifyAppStopped<*> com.android.server.am.ActivityStack.activityStoppedLocked<*> com.android.server.am.ActivityManagerService.activityStopped<*>,0.8503,<*> I WindowManager: Destroying surface Surface<*> called by com.android.server.wm.WindowStateAnimator.destroySurface<*> com.android.server.wm.WindowStateAnimator.destroySurfaceLocked<*> com.android.server.wm.WindowState.removeLocked<*> com.android.server.wm.WindowManagerService.removeWindowInnerLocked<*> com.android.server.wm.WindowManagerService.removeWindowInnerLocked<*> com.android.server.wm.WindowManagerService.removeWindowLocked<*> com.android.server.wm.WindowManagerService.removeWindowLocked<*> com.android.server.wm.WindowManagerService.removeWindow<*>,0.8482,58.95,188
306,"acquire lock=<*>, flags=<*>, tag=""AudioMix"", name=audioserver, ws=null, uid=<*>, pid=<*>",exact,"acquire lock=<*>, flags=<*>, tag=""AudioMix"", name=audioserver, ws=null, uid=<*>, pid=<*>",1.0,"release:lock=<*>, flg=<*>, tag=""AudioMix"", name=audioserver"", ws=null, uid=<*>, pid=<*>",0.8381,"acquire lock=<*>, flags=<*>, tag=""handleAudioEvent"", name=android, ws=null, uid=<*>, pid=<*>",0.7548,58.04,188
307,"ready=true,policy=<*>,wakefulness=<*>,wksummary=<*>,uasummary=<*>,bootcompleted=true,boostinprogress=false,waitmodeenable=false,mode=false,manual=<*>,auto=-<*>,adj=<*>.0userId=<*>",exact,"ready=true,policy=<*>,wakefulness=<*>,wksummary=<*>,uasummary=<*>,bootcompleted=true,boostinprogress=false,waitmodeenable=false,mode=false,manual=<*>,auto=-<*>,adj=<*>.0userId=<*>",1.0,"<*> D PowerManagerService: ready=true,policy=<*>,wakefulness=<*>,wksummary=<*>,uasummary=<*>,bootcompleted=true,boostinprogress=false,waitmodeenable=false,mode=false,manual=<*>,auto=-<*>,adj=<*>.0userId=<*>",0.7294,"<*> D PowerManagerService: <*> suspend blocker ""PowerManagerService.WakeLocks"".",0.5022,60.06,188
308,"acquire lock=<*>, flags=<*>, tag=""AudioMix"", name=audioserver, ws=null, uid=<*>, pid=<*>",exact,"acquire lock=<*>, flags=<*>, tag=""AudioMix"", name=audioserver, ws=null, uid=<*>, pid=<*>",1.0,"release:lock=<*>, flg=<*>, tag=""AudioMix"", name=audioserver"", ws=null, uid=<*>, pid=<*>",0.8381,"acquire lock=<*>, flags=<*>, tag=""handleAudioEvent"", name=android, ws=null, uid=<*>, pid=<*>",0.7548,57.42,188
309,"ready=true,policy=<*>,wakefulness=<*>,wksummary=<*>,uasummary=<*>,bootcompleted=true,boostinprogress=false,waitmodeenable=false,mode=false,manual=<*>,auto=-<*>,adj=<*>.0userId=<*>",exact,"ready=true,policy=<*>,wakefulness=<*>,wksummary=<*>,uasummary=<*>,bootcompleted=true,boostinprogress=false,waitmodeenable=false,mode=false,manual=<*>,auto=-<*>,adj=<*>.0userId=<*>",1.0,"<*> D PowerManagerService: ready=true,policy=<*>,wakefulness=<*>,wksummary=<*>,uasummary=<*>,bootcompleted=true,boostinprogress=false,waitmodeenable=false,mode=false,manual=<*>,auto=-<*>,adj=<*>.0userId=<*>",0.7294,"<*> D PowerManagerService: <*> suspend blocker ""PowerManagerService.WakeLocks"".",0.5022,60.35,188
310,"acquire lock=<*>, flags=<*>, tag=""AudioMix"", name=audioserver, ws=null, uid=<*>, pid=<*>",exact,"acquire lock=<*>, flags=<*>, tag=""AudioMix"", name=audioserver, ws=null, uid=<*>, pid=<*>",1.0,"release:lock=<*>, flg=<*>, tag=""AudioMix"", name=audioserver"", ws=null, uid=<*>, pid=<*>",0.8381,"acquire lock=<*>, flags=<*>, tag=""handleAudioEvent"", name=android, ws=null, uid=<*>, pid=<*>",0.7548,56.86,188
311,"ready=true,policy=<*>,wakefulness=<*>,wksummary=<*>,uasummary=<*>,bootcompleted=true,boostinprogress=false,waitmodeenable=false,mode=false,manual=<*>,auto=-<*>,adj=<*>.0userId=<*>",exact,"ready=true,policy=<*>,wakefulness=<*>,wksummary=<*>,uasummary=<*>,bootcompleted=true,boostinprogress=false,waitmodeenable=false,mode=false,manual=<*>,auto=-<*>,adj=<*>.0userId=<*>",1.0,"<*> D PowerManagerService: ready=true,policy=<*>,wakefulness=<*>,wksummary=<*>,uasummary=<*>,bootcompleted=true,boostinprogress=false,waitmodeenable=false,mode=false,manual=<*>,auto=-<*>,adj=<*>.0userId=<*>",0.7294,"<*> D PowerManagerService: <*> suspend blocker ""PowerManagerService.WakeLocks"".",0.5022,59.74,188
312,"acquire lock=<*>, flags=<*>, tag=""AudioMix"", name=audioserver, ws=null, uid=<*>, pid=<*>",exact,"acquire lock=<*>, flags=<*>, tag=""AudioMix"", name=audioserver, ws=null, uid=<*>, pid=<*>",1.0,"release:lock=<*>, flg=<*>, tag=""AudioMix"", name=audioserver"", ws=null, uid=<*>, pid=<*>",0.8381,"acquire lock=<*>, flags=<*>, tag=""handleAudioEvent"", name=android, ws=null, uid=<*>, pid=<*>",0.7548,57.69,188
313,"ready=true,policy=<*>,wakefulness=<*>,wksummary=<*>,uasummary=<*>,bootcompleted=true,boostinprogress=false,waitmodeenable=false,mode=false,manual=<*>,auto=-<*>,adj=<*>.0userId=<*>",exact,"ready=true,policy=<*>,wakefulness=<*>,wksummary=<*>,uasummary=<*>,bootcompleted=true,boostinprogress=false,waitmodeenable=false,mode=false,manual=<*>,auto=-<*>,adj=<*>.0userId=<*>",1.0,"<*> D PowerManagerService: ready=true,policy=<*>,wakefulness=<*>,wksummary=<*>,uasummary=<*>,bootcompleted=true,boostinprogress=false,waitmodeenable=false,mode=false,manual=<*>,auto=-<*>,adj=<*>.0userId=<*>",0.7294,"<*> D PowerManagerService: <*> suspend blocker ""PowerManagerService.WakeLocks"".",0.5022,59.91,188
314,HBM brightnessIn =<*>,exact,HBM brightnessIn =<*>,1.0,HBM brightnessOut =<*>,0.9267,"Animating brightness: target=<*>, rate=<*>",0.5363,55.53,188
315,HBM brightnessOut =<*>,exact,HBM brightnessOut =<*>,1.0,HBM brightnessIn =<*>,0.9267,"Animating brightness: target=<*>, rate=<*>",0.4981,54.93,188
316,"Animating brightness: target=<*>, rate=<*>",exact,"Animating brightness: target=<*>, rate=<*>",1.0,HBM brightnessIn =<*>,0.5363,HBM brightnessOut =<*>,0.4981,55.04,188
317,"ready=true,policy=<*>,wakefulness=<*>,wksummary=<*>,uasummary=<*>,bootcompleted=true,boostinprogress=false,waitmodeenable=false,mode=false,manual=<*>,auto=-<*>,adj=<*>.0userId=<*>",exact,"ready=true,policy=<*>,wakefulness=<*>,wksummary=<*>,uasummary=<*>,bootcompleted=true,boostinprogress=false,waitmodeenable=false,mode=false,manual=<*>,auto=-<*>,adj=<*>.0userId=<*>",1.0,"<*> D PowerManagerService: ready=true,policy=<*>,wakefulness=<*>,wksummary=<*>,uasummary=<*>,bootcompleted=true,boostinprogress=false,waitmodeenable=false,mode=false,manual=<*>,auto=-<*>,adj=<*>.0userId=<*>",0.7294,"<*> D PowerManagerService: <*> suspend blocker ""PowerManagerService.WakeLocks"".",0.5022,59.58,188
318,setLightsOn(true),exact,setLightsOn(true),1.0,"updateLightsLocked,mInCall =false,mScreenOn = true,ledNotification == null<*>",0.6518,"updateLightsLocked,turn off notificationLight",0.5854,55.27,188
319,"setSystemUiVisibility vis=<*> mask=<*> oldVal=<*> newVal=<*> diff=<*> fullscreenStackVis=<*> dockedStackVis=<*>, fullscreenStackBounds=Rect(<*>, <*> - <*>, <*>), dockedStackBounds=Rect(<*>, <*> - <*>, <*>)",exact,"setSystemUiVisibility vis=<*> mask=<*> oldVal=<*> newVal=<*> diff=<*> fullscreenStackVis=<*> dockedStackVis=<*>, fullscreenStackBounds=Rect(<*>, <*> - <*>, <*>), dockedStackBounds=Rect(<*>, <*> - <*>, <*>)",1.0,"<*> I WindowManager: Taking screenshot from Surface with crop:[Rect(<*>, <*> - <*>, <*>)], width:[<*>], height:[<*>], minLayer:[<*>], maxLayer:[<*>], inRotation:[false], rot:[<*>]",0.4978,"overlapAmount:<*>.<*>, previousNotificationEnd:<*>.<*>, newYTranslation:-<*>.<*>, location:<*>, i:<*>, getTopPadding:<*>.<*>, getLocationOnScreen():-<*>",0.4857,60.61,188
320,"setDataSource(<*>, <*>, <*>)",new,"setDataSource(<*>, <*>, <*>)",1.0,,0.0,,0.0,55.96,189
321,setLightsOn(true),exact,setLightsOn(true),1.0,"updateLightsLocked,mInCall =false,mScreenOn = true,ledNotification == null<*>",0.6518,"updateLightsLocked,turn off notificationLight",0.5854,55.26,189
322,"setSystemUiVisibility vis=<*> mask=<*> oldVal=<*> newVal=<*> diff=<*> fullscreenStackVis=<*> dockedStackVis=<*>, fullscreenStackBounds=Rect(<*>, <*> - <*>, <*>), dockedStackBounds=Rect(<*>, <*> - <*>, <*>)",exact,"setSystemUiVisibility vis=<*> mask=<*> oldVal=<*> newVal=<*> diff=<*> fullscreenStackVis=<*> dockedStackVis=<*>, fullscreenStackBounds=Rect(<*>, <*> - <*>, <*>), dockedStackBounds=Rect(<*>, <*> - <*>, <*>)",1.0,"<*> I WindowManager: Taking screenshot from Surface with crop:[Rect(<*>, <*> - <*>, <*>)], width:[<*>], height:[<*>], minLayer:[<*>], maxLayer:[<*>], inRotation:[false], rot:[<*>]",0.4978,"overlapAmount:<*>.<*>, previousNotificationEnd:<*>.<*>, newYTranslation:-<*>.<*>, location:<*>, i:<*>, getTopPadding:<*>.<*>, getLocationOnScreen():-<*>",0.4857,61.1,189
323,setLightsOn(true),exact,setLightsOn(true),1.0,"updateLightsLocked,mInCall =false,mScreenOn = true,ledNotification == null<*>",0.6518,"updateLightsLocked,turn off notificationLight",0.5854,55.71,189
324,"setSystemUiVisibility vis=<*> mask=<*> oldVal=<*> newVal=<*> diff=<*> fullscreenStackVis=<*> dockedStackVis=<*>, fullscreenStackBounds=Rect(<*>, <*> - <*>, <*>), dockedStackBounds=Rect(<*>, <*> - <*>, <*>)",exact,"setSystemUiVisibility vis=<*> mask=<*> oldVal=<*> newVal=<*> diff=<*> fullscreenStackVis=<*> dockedStackVis=<*>, fullscreenStackBounds=Rect(<*>, <*> - <*>, <*>), dockedStackBounds=Rect(<*>, <*> - <*>, <*>)",1.0,"<*> I WindowManager: Taking screenshot from Surface with crop:[Rect(<*>, <*> - <*>, <*>)], width:[<*>], height:[<*>], minLayer:[<*>], maxLayer:[<*>], inRotation:[false], rot:[<*>]",0.4978,"overlapAmount:<*>.<*>, previousNotificationEnd:<*>.<*>, newYTranslation:-<*>.<*>, location:<*>, i:<*>, getTopPadding:<*>.<*>, getLocationOnScreen():-<*>",0.4857,60.77,189
325,setLightsOn(true),exact,setLightsOn(true),1.0,"updateLightsLocked,mInCall =false,mScreenOn = true,ledNotification == null<*>",0.6518,"updateLightsLocked,turn off notificationLight",0.5854,55.27,189
326,"setSystemUiVisibility vis=<*> mask=<*> oldVal=<*> newVal=<*> diff=<*> fullscreenStackVis=<*> dockedStackVis=<*>, fullscreenStackBounds=Rect(<*>, <*> - <*>, <*>), dockedStackBounds=Rect(<*>, <*> - <*>, <*>)",exact,"setSystemUiVisibility vis=<*> mask=<*> oldVal=<*> newVal=<*> diff=<*> fullscreenStackVis=<*> dockedStackVis=<*>, fullscreenStackBounds=Rect(<*>, <*> - <*>, <*>), dockedStackBounds=Rect(<*>, <*> - <*>, <*>)",1.0,"<*> I WindowManager: Taking screenshot from Surface with crop:[Rect(<*>, <*> - <*>, <*>)], width:[<*>], height:[<*>], minLayer:[<*>], maxLayer:[<*>], inRotation:[false], rot:[<*>]",0.4978,"overlapAmount:<*>.<*>, previousNotificationEnd:<*>.<*>, newYTranslation:-<*>.<*>, location:<*>, i:<*>, getTopPadding:<*>.<*>, getLocationOnScreen():-<*>",0.4857,60.88,189
327,getStreamVolume treamType: <*>,partial,getLastAudibleStreamVolume treamType: <*>,0.8475,getDevicesForStream streamType: <*>,0.7013,<*> V AudioManager: getRingerMode...,0.4081,55.39,189
328,setLightsOn(true),exact,setLightsOn(true),1.0,"updateLightsLocked,mInCall =false,mScreenOn = true,ledNotification == null<*>",0.6518,"updateLightsLocked,turn off notificationLight",0.5854,54.97,189
329,"setSystemUiVisibility vis=<*> mask=<*> oldVal=<*> newVal=<*> diff=<*> fullscreenStackVis=<*> dockedStackVis=<*>, fullscreenStackBounds=Rect(<*>, <*> - <*>, <*>), dockedStackBounds=Rect(<*>, <*> - <*>, <*>)",exact,"setSystemUiVisibility vis=<*> mask=<*> oldVal=<*> newVal=<*> diff=<*> fullscreenStackVis=<*> dockedStackVis=<*>, fullscreenStackBounds=Rect(<*>, <*> - <*>, <*>), dockedStackBounds=Rect(<*>, <*> - <*>, <*>)",1.0,"<*> I WindowManager: Taking screenshot from Surface with crop:[Rect(<*>, <*> - <*>, <*>)], width:[<*>], height:[<*>], minLayer:[<*>], maxLayer:[<*>], inRotation:[false], rot:[<*>]",0.4978,"overlapAmount:<*>.<*>, previousNotificationEnd:<*>.<*>, newYTranslation:-<*>.<*>, location:<*>, i:<*>, getTopPadding:<*>.<*>, getLocationOnScreen():-<*>",0.4857,60.84,189
330,setLightsOn(true),exact,setLightsOn(true),1.0,"updateLightsLocked,mInCall =false,mScreenOn = true,ledNotification == null<*>",0.6518,"updateLightsLocked,turn off notificationLight",0.5854,55.42,189
331,"setSystemUiVisibility vis=<*> mask=<*> oldVal=<*> newVal=<*> diff=<*> fullscreenStackVis=<*> dockedStackVis=<*>, fullscreenStackBounds=Rect(<*>, <*> - <*>, <*>), dockedStackBounds=Rect(<*>, <*> - <*>, <*>)",exact,"setSystemUiVisibility vis=<*> mask=<*> oldVal=<*> newVal=<*> diff=<*> fullscreenStackVis=<*> dockedStackVis=<*>, fullscreenStackBounds=Rect(<*>, <*> - <*>, <*>), dockedStackBounds=Rect(<*>, <*> - <*>, <*>)",1.0,"<*> I WindowManager: Taking screenshot from Surface with crop:[Rect(<*>, <*> - <*>, <*>)], width:[<*>], height:[<*>], minLayer:[<*>], maxLayer:[<*>], inRotation:[false], rot:[<*>]",0.4978,"overlapAmount:<*>.<*>, previousNotificationEnd:<*>.<*>, newYTranslation:-<*>.<*>, location:<*>, i:<*>, getTopPadding:<*>.<*>, getLocationOnScreen():-<*>",0.4857,61.37,189
332,HBM brightnessIn =<*>,exact,HBM brightnessIn =<*>,1.0,HBM brightnessOut =<*>,0.9267,"Animating brightness: target=<*>, rate=<*>",0.5363,55.6,189
333,HBM brightnessOut =<*>,exact,HBM brightnessOut =<*>,1.0,HBM brightnessIn =<*>,0.9267,"Animating brightness: target=<*>, rate=<*>",0.4981,55.86,189
334,"Animating brightness: target=<*>, rate=<*>",exact,"Animating brightness: target=<*>, rate=<*>",1.0,HBM brightnessIn =<*>,0.5363,HBM brightnessOut =<*>,0.4981,55.74,189
335,"userActivityNoUpdateLocked: eventTime=<*>, event=<*>, flags=<*>, uid=<*>",exact,"userActivityNoUpdateLocked: eventTime=<*>, event=<*>, flags=<*>, uid=<*>",1.0,"cancelNotificationLocked called,tell the app,reason = <*>",0.5343,"release:lock=<*>, flg=<*>, tag=""SCREEN_FROZEN"", name=android"", ws=null, uid=<*>, pid=<*>",0.4766,56.74,189
336,"ready=true,policy=<*>,wakefulness=<*>,wksummary=<*>,uasummary=<*>,bootcompleted=true,boostinprogress=false,waitmodeenable=false,mode=false,manual=<*>,auto=-<*>,adj=<*>.0userId=<*>",exact,"ready=true,policy=<*>,wakefulness=<*>,wksummary=<*>,uasummary=<*>,bootcompleted=true,boostinprogress=false,waitmodeenable=false,mode=false,manual=<*>,auto=-<*>,adj=<*>.0userId=<*>",1.0,"<*> D PowerManagerService: ready=true,policy=<*>,wakefulness=<*>,wksummary=<*>,uasummary=<*>,bootcompleted=true,boostinprogress=false,waitmodeenable=false,mode=false,manual=<*>,auto=-<*>,adj=<*>.0userId=<*>",0.7294,"<*> D PowerManagerService: <*> suspend blocker ""PowerManagerService.WakeLocks"".",0.5022,78.5,189
337,HBM brightnessIn =<*>,exact,HBM brightnessIn =<*>,1.0,HBM brightnessOut =<*>,0.9267,"Animating brightness: target=<*>, rate=<*>",0.5363,55.36,189
338,HBM brightnessOut =<*>,exact,HBM brightnessOut =<*>,1.0,HBM brightnessIn =<*>,0.9267,"Animating brightness: target=<*>, rate=<*>",0.4981,55.92,189
339,"Animating brightness: target=<*>, rate=<*>",exact,"Animating brightness: target=<*>, rate=<*>",1.0,HBM brightnessIn =<*>,0.5363,HBM brightnessOut =<*>,0.4981,55.21,189
340,Destroying surface Surface(name=PopupWindow:<*>) called by <*>:<*> <*>:<*> <*>:<*> <*>:<*> <*>:<*> <*>:<*> <*>:<*> <*>:<*>,exact,Destroying surface Surface(name=PopupWindow:<*>) called by com.android.server.wm.WindowStateAnimator.destroySurface<*> com.android.server.wm.WindowStateAnimator.destroySurfaceLocked<*> com.android.server.wm.WindowState.removeLocked<*> com.android.server.wm.WindowManagerService.removeWindowInnerLocked<*> com.android.server.wm.WindowManagerService.removeWindowInnerLocked<*> com.android.server.wm.WindowManagerService.removeWindowLocked<*> com.android.server.wm.WindowManagerService.removeWindowLocked<*> com.android.server.wm.WindowManagerService.removeWindow<*>,1.0,Destroying surface Surface(name=<*><*>.<*>) called by com.android.server.wm.WindowStateAnimator.destroySurface<*> com.android.server.wm.WindowStateAnimator.destroySurfaceLocked<*> com.android.server.wm.WindowState.destroyOrSaveSurface<*> com.android.server.wm.AppWindowToken.destroySurfaces<*> com.android.server.wm.AppWindowToken.notifyAppStopped<*> com.android.server.wm.WindowManagerService.notifyAppStopped<*> com.android.server.am.ActivityStack.activityStoppedLocked<*> com.android.server.am.ActivityManagerService.activityStopped<*>,0.8503,<*> I WindowManager: Destroying surface Surface<*> called by com.android.server.wm.WindowStateAnimator.destroySurface<*> com.android.server.wm.WindowStateAnimator.destroySurfaceLocked<*> com.android.server.wm.WindowState.removeLocked<*> com.android.server.wm.WindowManagerService.removeWindowInnerLocked<*> com.android.server.wm.WindowManagerService.removeWindowInnerLocked<*> com.android.server.wm.WindowManagerService.removeWindowLocked<*> com.android.server.wm.WindowManagerService.removeWindowLocked<*> com.android.server.wm.WindowManagerService.removeWindow<*>,0.8482,58.19,189
341,setLightsOn(true),exact,setLightsOn(true),1.0,"updateLightsLocked,mInCall =false,mScreenOn = true,ledNotification == null<*>",0.6518,"updateLightsLocked,turn off notificationLight",0.5854,56.43,189
342,"setSystemUiVisibility vis=<*> mask=<*> oldVal=<*> newVal=<*> diff=<*> fullscreenStackVis=<*> dockedStackVis=<*>, fullscreenStackBounds=Rect(<*>, <*> - <*>, <*>), dockedStackBounds=Rect(<*>, <*> - <*>, <*>)",exact,"setSystemUiVisibility vis=<*> mask=<*> oldVal=<*> newVal=<*> diff=<*> fullscreenStackVis=<*> dockedStackVis=<*>, fullscreenStackBounds=Rect(<*>, <*> - <*>, <*>), dockedStackBounds=Rect(<*>, <*> - <*>, <*>)",1.0,"<*> I WindowManager: Taking screenshot from Surface with crop:[Rect(<*>, <*> - <*>, <*>)], width:[<*>], height:[<*>], minLayer:[<*>], maxLayer:[<*>], inRotation:[false], rot:[<*>]",0.4978,"overlapAmount:<*>.<*>, previousNotificationEnd:<*>.<*>, newYTranslation:-<*>.<*>, location:<*>, i:<*>, getTopPadding:<*>.<*>, getLocationOnScreen():-<*>",0.4857,61.76,189
343,setLightsOn(true),exact,setLightsOn(true),1.0,"updateLightsLocked,mInCall =false,mScreenOn = true,ledNotification == null<*>",0.6518,"updateLightsLocked,turn off notificationLight",0.5854,56.35,189
344,"setSystemUiVisibility vis=<*> mask=<*> oldVal=<*> newVal=<*> diff=<*> fullscreenStackVis=<*> dockedStackVis=<*>, fullscreenStackBounds=Rect(<*>, <*> - <*>, <*>), dockedStackBounds=Rect(<*>, <*> - <*>, <*>)",exact,"setSystemUiVisibility vis=<*> mask=<*> oldVal=<*> newVal=<*> diff=<*> fullscreenStackVis=<*> dockedStackVis=<*>, fullscreenStackBounds=Rect(<*>, <*> - <*>, <*>), dockedStackBounds=Rect(<*>, <*> - <*>, <*>)",1.0,"<*> I WindowManager: Taking screenshot from Surface with crop:[Rect(<*>, <*> - <*>, <*>)], width:[<*>], height:[<*>], minLayer:[<*>], maxLayer:[<*>], inRotation:[false], rot:[<*>]",0.4978,"overlapAmount:<*>.<*>, previousNotificationEnd:<*>.<*>, newYTranslation:-<*>.<*>, location:<*>, i:<*>, getTopPadding:<*>.<*>, getLocationOnScreen():-<*>",0.4857,60.95,189
345,setLightsOn(true),exact,setLightsOn(true),1.0,"updateLightsLocked,mInCall =false,mScreenOn = true,ledNotification == null<*>",0.6518,"updateLightsLocked,turn off notificationLight",0.5854,55.43,189
346,"setSystemUiVisibility vis=<*> mask=<*> oldVal=<*> newVal=<*> diff=<*> fullscreenStackVis=<*> dockedStackVis=<*>, fullscreenStackBounds=Rect(<*>, <*> - <*>, <*>), dockedStackBounds=Rect(<*>, <*> - <*>, <*>)",exact,"setSystemUiVisibility vis=<*> mask=<*> oldVal=<*> newVal=<*> diff=<*> fullscreenStackVis=<*> dockedStackVis=<*>, fullscreenStackBounds=Rect(<*>, <*> - <*>, <*>), dockedStackBounds=Rect(<*>, <*> - <*>, <*>)",1.0,"<*> I WindowManager: Taking screenshot from Surface with crop:[Rect(<*>, <*> - <*>, <*>)], width:[<*>], height:[<*>], minLayer:[<*>], maxLayer:[<*>], inRotation:[false], rot:[<*>]",0.4978,"overlapAmount:<*>.<*>, previousNotificationEnd:<*>.<*>, newYTranslation:-<*>.<*>, location:<*>, i:<*>, getTopPadding:<*>.<*>, getLocationOnScreen():-<*>",0.4857,60.77,189
347,HBM brightnessIn =<*>,exact,HBM brightnessIn =<*>,1.0,HBM brightnessOut =<*>,0.9267,"Animating brightness: target=<*>, rate=<*>",0.5363,55.45,189
348,HBM brightnessOut =<*>,exact,HBM brightnessOut =<*>,1.0,HBM brightnessIn =<*>,0.9267,"Animating brightness: target=<*>, rate=<*>",0.4981,54.96,189
349,"Animating brightness: target=<*>, rate=<*>",exact,"Animating brightness: target=<*>, rate=<*>",1.0,HBM brightnessIn =<*>,0.5363,HBM brightnessOut =<*>,0.4981,56.9,189
350,setLightsOn(true),exact,setLightsOn(true),1.0,"updateLightsLocked,mInCall =false,mScreenOn = true,ledNotification == null<*>",0.6518,"updateLightsLocked,turn off notificationLight",0.5854,55.42,189
351,"setSystemUiVisibility vis=<*> mask=<*> oldVal=<*> newVal=<*> diff=<*> fullscreenStackVis=<*> dockedStackVis=<*>, fullscreenStackBounds=Rect(<*>, <*> - <*>, <*>), dockedStackBounds=Rect(<*>, <*> - <*>, <*>)",exact,"setSystemUiVisibility vis=<*> mask=<*> oldVal=<*> newVal=<*> diff=<*> fullscreenStackVis=<*> dockedStackVis=<*>, fullscreenStackBounds=Rect(<*>, <*> - <*>, <*>), dockedStackBounds=Rect(<*>, <*> - <*>, <*>)",1.0,"<*> I WindowManager: Taking screenshot from Surface with crop:[Rect(<*>, <*> - <*>, <*>)], width:[<*>], height:[<*>], minLayer:[<*>], maxLayer:[<*>], inRotation:[false], rot:[<*>]",0.4978,"overlapAmount:<*>.<*>, previousNotificationEnd:<*>.<*>, newYTranslation:-<*>.<*>, location:<*>, i:<*>, getTopPadding:<*>.<*>, getLocationOnScreen():-<*>",0.4857,61.02,189
352,Destroying surface Surface(name=InputMethod) called by <*>:<*> <*>:<*> <*>:<*> <*>:<*> <*>:<*> <*>:<*> <*>$H.handleMessage:<*> <*>:<*>,exact,Destroying surface Surface(name=InputMethod) called by com.android.server.wm.WindowStateAnimator.destroySurface<*> com.android.server.wm.WindowStateAnimator.destroySurfaceLocked<*> com.android.server.wm.WindowState.destroyOrSaveSurface<*> com.android.server.wm.WindowSurfacePlacer.performSurfacePlacementInner<*> com.android.server.wm.WindowSurfacePlacer.performSurfacePlacementLoop<*> com.android.server.wm.WindowSurfacePlacer.performSurfacePlacement<*> com.android.server.wm.WindowManagerService<*> android.os.Handler.dispatchMessage<*>,1.0,Destroying surface Surface(name=<*><*>.<*>) called by com.android.server.wm.WindowStateAnimator.destroySurface<*> com.android.server.wm.WindowStateAnimator.destroySurfaceLocked<*> com.android.server.wm.WindowState.destroyOrSaveSurface<*> com.android.server.wm.AppWindowToken.destroySurfaces<*> com.android.server.wm.AppWindowToken.notifyAppStopped<*> com.android.server.wm.WindowManagerService.notifyAppStopped<*> com.android.server.am.ActivityStack.activityStoppedLocked<*> com.android.server.am.ActivityManagerService.activityStopped<*>,0.8861,Destroying surface Surface(name=<*><*>.<*>) called by com.android.server.wm.WindowStateAnimator.destroySurface<*> com.android.server.wm.WindowStateAnimator.destroySurfaceLocked<*> com.android.server.wm.WindowState.destroyOrSaveSurface<*> com.android.server.wm.WindowManagerService.tryStartExitingAnimation<*> com.android.server.wm.WindowManagerService.relayoutWindow<*> com.android.server.wm.Session.relayout<*> android.view.IWindowSession<*> com.android.server.wm.Session.onTransact<*>,0.8362,59.56,189
353,"userActivityNoUpdateLocked: eventTime=<*>, event=<*>, flags=<*>, uid=<*>",exact,"userActivityNoUpdateLocked: eventTime=<*>, event=<*>, flags=<*>, uid=<*>",1.0,"cancelNotificationLocked called,tell the app,reason = <*>",0.5343,"release:lock=<*>, flg=<*>, tag=""SCREEN_FROZEN"", name=android"", ws=null, uid=<*>, pid=<*>",0.4766,56.68,189
354,"ready=true,policy=<*>,wakefulness=<*>,wksummary=<*>,uasummary=<*>,bootcompleted=true,boostinprogress=false,waitmodeenable=false,mode=false,manual=<*>,auto=-<*>,adj=<*>.0userId=<*>",exact,"ready=true,policy=<*>,wakefulness=<*>,wksummary=<*>,uasummary=<*>,bootcompleted=true,boostinprogress=false,waitmodeenable=false,mode=false,manual=<*>,auto=-<*>,adj=<*>.0userId=<*>",1.0,"<*> D PowerManagerService: ready=true,policy=<*>,wakefulness=<*>,wksummary=<*>,uasummary=<*>,bootcompleted=true,boostinprogress=false,waitmodeenable=false,mode=false,manual=<*>,auto=-<*>,adj=<*>.0userId=<*>",0.7294,"<*> D PowerManagerService: <*> suspend blocker ""PowerManagerService.WakeLocks"".",0.5022,60.35,189
355,<*><*> <*>:<*>:<*>.<*> <*> <*> V AudioManager: playSoundEffect effectType: <*>,exact,<*> V AudioManager: playSoundEffect effectType: <*>,1.0,<*> V AudioManager: querySoundEffectsEnabled...,0.8796,<*> V AudioManager: isMusicActive...,0.8416,57.59,189
356,<*><*> <*>:<*>:<*>.<*> <*> <*> V AudioManager: querySoundEffectsEnabled...,exact,<*> V AudioManager: querySoundEffectsEnabled...,1.0,<*> V AudioManager: playSoundEffect effectType: <*>,0.8796,<*> V AudioManager: isBluetoothScoOn...,0.8749,57.07,189
357,HBM brightnessIn =<*>,exact,HBM brightnessIn =<*>,1.0,HBM brightnessOut =<*>,0.9267,"Animating brightness: target=<*>, rate=<*>",0.5363,55.19,189
358,HBM brightnessOut =<*>,exact,HBM brightnessOut =<*>,1.0,HBM brightnessIn =<*>,0.9267,"Animating brightness: target=<*>, rate=<*>",0.4981,54.83,189
359,"Animating brightness: target=<*>, rate=<*>",exact,"Animating brightness: target=<*>, rate=<*>",1.0,HBM brightnessIn =<*>,0.5363,HBM brightnessOut =<*>,0.4981,55.42,189
360,HBM brightnessIn =<*>,exact,HBM brightnessIn =<*>,1.0,HBM brightnessOut =<*>,0.9267,"Animating brightness: target=<*>, rate=<*>",0.5363,55.0,189
361,HBM brightnessOut =<*>,exact,HBM brightnessOut =<*>,1.0,HBM brightnessIn =<*>,0.9267,"Animating brightness: target=<*>, rate=<*>",0.4981,55.31,189
362,"Animating brightness: target=<*>, rate=<*>",exact,"Animating brightness: target=<*>, rate=<*>",1.0,HBM brightnessIn =<*>,0.5363,HBM brightnessOut =<*>,0.4981,55.4,189
363,HBM brightnessIn =<*>,exact,HBM brightnessIn =<*>,1.0,HBM brightnessOut =<*>,0.9267,"Animating brightness: target=<*>, rate=<*>",0.5363,55.1,189
364,HBM brightnessOut =<*>,exact,HBM brightnessOut =<*>,1.0,HBM brightnessIn =<*>,0.9267,"Animating brightness: target=<*>, rate=<*>",0.4981,55.59,189
365,"Animating brightness: target=<*>, rate=<*>",exact,"Animating brightness: target=<*>, rate=<*>",1.0,HBM brightnessIn =<*>,0.5363,HBM brightnessOut =<*>,0.4981,55.28,189
366,"userActivityNoUpdateLocked: eventTime=<*>, event=<*>, flags=<*>, uid=<*>",exact,"userActivityNoUpdateLocked: eventTime=<*>, event=<*>, flags=<*>, uid=<*>",1.0,"cancelNotificationLocked called,tell the app,reason = <*>",0.5343,"release:lock=<*>, flg=<*>, tag=""SCREEN_FROZEN"", name=android"", ws=null, uid=<*>, pid=<*>",0.4766,56.27,189
367,"ready=true,policy=<*>,wakefulness=<*>,wksummary=<*>,uasummary=<*>,bootcompleted=true,boostinprogress=false,waitmodeenable=false,mode=false,manual=<*>,auto=-<*>,adj=<*>.0userId=<*>",exact,"ready=true,policy=<*>,wakefulness=<*>,wksummary=<*>,uasummary=<*>,bootcompleted=true,boostinprogress=false,waitmodeenable=false,mode=false,manual=<*>,auto=-<*>,adj=<*>.0userId=<*>",1.0,"<*> D PowerManagerService: ready=true,policy=<*>,wakefulness=<*>,wksummary=<*>,uasummary=<*>,bootcompleted=true,boostinprogress=false,waitmodeenable=false,mode=false,manual=<*>,auto=-<*>,adj=<*>.0userId=<*>",0.7294,"<*> D PowerManagerService: <*> suspend blocker ""PowerManagerService.WakeLocks"".",0.5022,59.48,189
368,HBM brightnessIn =<*>,exact,HBM brightnessIn =<*>,1.0,HBM brightnessOut =<*>,0.9267,"Animating brightness: target=<*>, rate=<*>",0.5363,55.46,189
369,HBM brightnessOut =<*>,exact,HBM brightnessOut =<*>,1.0,HBM brightnessIn =<*>,0.9267,"Animating brightness: target=<*>, rate=<*>",0.4981,55.22,189
370,"Animating brightness: target=<*>, rate=<*>",exact,"Animating brightness: target=<*>, rate=<*>",1.0,HBM brightnessIn =<*>,0.5363,HBM brightnessOut =<*>,0.4981,55.51,189
371,"userActivityNoUpdateLocked: eventTime=<*>, event=<*>, flags=<*>, uid=<*>",exact,"userActivityNoUpdateLocked: eventTime=<*>, event=<*>, flags=<*>, uid=<*>",1.0,"cancelNotificationLocked called,tell the app,reason = <*>",0.5343,"release:lock=<*>, flg=<*>, tag=""SCREEN_FROZEN"", name=android"", ws=null, uid=<*>, pid=<*>",0.4766,56.21,189
372,"ready=true,policy=<*>,wakefulness=<*>,wksummary=<*>,uasummary=<*>,bootcompleted=true,boostinprogress=false,waitmodeenable=false,mode=false,manual=<*>,auto=-<*>,adj=<*>.0userId=<*>",exact,"ready=true,policy=<*>,wakefulness=<*>,wksummary=<*>,uasummary=<*>,bootcompleted=true,boostinprogress=false,waitmodeenable=false,mode=false,manual=<*>,auto=-<*>,adj=<*>.0userId=<*>",1.0,"<*> D PowerManagerService: ready=true,policy=<*>,wakefulness=<*>,wksummary=<*>,uasummary=<*>,bootcompleted=true,boostinprogress=false,waitmodeenable=false,mode=false,manual=<*>,auto=-<*>,adj=<*>.0userId=<*>",0.7294,"<*> D PowerManagerService: <*> suspend blocker ""PowerManagerService.WakeLocks"".",0.5022,59.95,189
373,HBM brightnessIn =<*>,exact,HBM brightnessIn =<*>,1.0,HBM brightnessOut =<*>,0.9267,"Animating brightness: target=<*>, rate=<*>",0.5363,55.55,189
374,HBM brightnessOut =<*>,exact,HBM brightnessOut =<*>,1.0,HBM brightnessIn =<*>,0.9267,"Animating brightness: target=<*>, rate=<*>",0.4981,55.11,189
375,"Animating brightness: target=<*>, rate=<*>",exact,"Animating brightness: target=<*>, rate=<*>",1.0,HBM brightnessIn =<*>,0.5363,HBM brightnessOut =<*>,0.4981,55.59,189
376,"updateIsPoweredLocked: wasPowered=false, mIsPowered=false, oldPlugType=<*>, mPlugType=<*>, mBatteryLevel=<*>",new,"updateIsPoweredLocked: wasPowered=false, mIsPowered=false, oldPlugType=<*>, mPlugType=<*>, mBatteryLevel=<*>",1.0,,0.0,,0.0,56.97,190
377,received broadcast <*>,exact,received broadcast android.intent.action.TIME_TICK<*>,1.0,Sending non-protected broadcast com.android.systemui.statusbar.visible.change<*> from system <*> pkg com.android.systemui<*>,0.6077,<*> W ActivityManager: Sending non-protected broadcast com.android.systemui.statusbar.visible.change<*> from system <*> pkg com.android.systemui<*>,0.5519,55.7,190
378,ACTION_BATTERY_CHANGED AMP: <*>; Volt: <*>,new,ACTION_BATTERY_CHANGED AMP: <*>; Volt: <*>,1.0,,0.0,,0.0,58.45,191
379,updateChargingLocked: charging=false,new,updateChargingLocked: charging=false,1.0,,0.0,,0.0,56.63,192
380,"onReceive, action:<*>",new,"onReceive, action:<*>",1.0,,0.0,,0.0,58.64,193
381,ACTION_BATTERY_CHANGED pluggedType: <*>,fuzzy,ACTION_BATTERY_CHANGED AMP: <*>; Volt: <*>,0.7484,"updateIsPoweredLocked: wasPowered=false, mIsPowered=false, oldPlugType=<*>, mPlugType=<*>, mBatteryLevel=<*>",0.4852,"<*> D PowerManagerService: ready=true,policy=<*>,wakefulness=<*>,wksummary=<*>,uasummary=<*>,bootcompleted=true,boostinprogress=false,waitmodeenable=false,mode=false,manual=<*>,auto=-<*>,adj=<*>.0userId=<*>",0.3684,57.51,193
382,ApStaDisabledState what=<*>,new,ApStaDisabledState what=<*>,1.0,,0.0,,0.0,58.25,194
383,DefaultState what=<*>,fuzzy,<*>: Must execute in UI,0.6026,"setDataSource(<*>, <*>, <*>)",0.4476,ApStaDisabledState what=<*>,0.4471,56.71,194
384,battery changed pluggedType: <*>,fuzzy,ACTION_BATTERY_CHANGED AMP: <*>; Volt: <*>,0.7577,"updateIsPoweredLocked: wasPowered=false, mIsPowered=false, oldPlugType=<*>, mPlugType=<*>, mBatteryLevel=<*>",0.4784,updateChargingLocked: charging=false,0.3076,57.88,194
385,RefreshBatteryInfo isBatteryLow: <*>,new,RefreshBatteryInfo isBatteryLow: <*>,1.0,,0.0,,0.0,57.5,195
386,ChargingSpeed Wattage: -<*> ST: <*> --> <*>,new,ChargingSpeed Wattage: -<*> ST: <*> --> <*>,1.0,,0.0,,0.0,57.59,196
387,handleBatteryUpdate,fuzzy,handleTimeUpdate,0.6147,RefreshBatteryInfo isBatteryLow: <*>,0.579,mHeadsUpExistenceChangedRunnable,0.3953,58.56,196
388,RefreshBatteryInfo isBatteryLow: <*>,exact,RefreshBatteryInfo isBatteryLow: <*>,1.0,"updateIsPoweredLocked: wasPowered=false, mIsPowered=false, oldPlugType=<*>, mPlugType=<*>, mBatteryLevel=<*>",0.3821,remove(PendingIntent{<*>: PendingIntentRecord{<*> com.tencent.qt.qtl<*> broadcastIntent}}) changed bounds; rebatching,0.3616,58.36,196
389,"ready=true,policy=<*>,wakefulness=<*>,wksummary=<*>,uasummary=<*>,bootcompleted=true,boostinprogress=false,waitmodeenable=false,mode=false,manual=<*>,auto=-<*>,adj=<*>.0userId=<*>",exact,"ready=true,policy=<*>,wakefulness=<*>,wksummary=<*>,uasummary=<*>,bootcompleted=true,boostinprogress=false,waitmodeenable=false,mode=false,manual=<*>,auto=-<*>,adj=<*>.0userId=<*>",1.0,"<*> D PowerManagerService: ready=true,policy=<*>,wakefulness=<*>,wksummary=<*>,uasummary=<*>,bootcompleted=true,boostinprogress=false,waitmodeenable=false,mode=false,manual=<*>,auto=-<*>,adj=<*>.0userId=<*>",0.7294,"updateIsPoweredLocked: wasPowered=false, mIsPowered=false, oldPlugType=<*>, mPlugType=<*>, mBatteryLevel=<*>",0.5091,61.8,196
390,"<*><*> <*>:<*>:<*>.<*> <*> <*> D PowerManagerService: ready=true,policy=<*>,wakefulness=<*>,wksummary=<*>,uasummary=<*>,bootcompleted=true,boostinprogress=false,waitmodeenable=false,mode=false,manual=<*>,auto=-<*>,adj=<*>.0userId=<*>",exact,"<*> D PowerManagerService: ready=true,policy=<*>,wakefulness=<*>,wksummary=<*>,uasummary=<*>,bootcompleted=true,boostinprogress=false,waitmodeenable=false,mode=false,manual=<*>,auto=-<*>,adj=<*>.0userId=<*>",1.0,<*> D PowerManagerService: <*> pid=<*>,0.8163,"<*> D PowerManagerService: <*> suspend blocker ""PowerManagerService.WakeLocks"".",0.7836,64.72,196
391,setLightsOn(true),exact,setLightsOn(true),1.0,"updateLightsLocked,mInCall =false,mScreenOn = true,ledNotification == null<*>",0.6518,"updateLightsLocked,turn off notificationLight",0.5854,57.47,196
392,"setSystemUiVisibility vis=<*> mask=<*> oldVal=<*> newVal=<*> diff=<*> fullscreenStackVis=<*> dockedStackVis=<*>, fullscreenStackBounds=Rect(<*>, <*> - <*>, <*>), dockedStackBounds=Rect(<*>, <*> - <*>, <*>)",exact,"setSystemUiVisibility vis=<*> mask=<*> oldVal=<*> newVal=<*> diff=<*> fullscreenStackVis=<*> dockedStackVis=<*>, fullscreenStackBounds=Rect(<*>, <*> - <*>, <*>), dockedStackBounds=Rect(<*>, <*> - <*>, <*>)",1.0,"<*> I WindowManager: Taking screenshot from Surface with crop:[Rect(<*>, <*> - <*>, <*>)], width:[<*>], height:[<*>], minLayer:[<*>], maxLayer:[<*>], inRotation:[false], rot:[<*>]",0.4978,"overlapAmount:<*>.<*>, previousNotificationEnd:<*>.<*>, newYTranslation:-<*>.<*>, location:<*>, i:<*>, getTopPadding:<*>.<*>, getLocationOnScreen():-<*>",0.4857,63.01,196
393,HBM brightnessIn =<*>,exact,HBM brightnessIn =<*>,1.0,HBM brightnessOut =<*>,0.9267,"Animating brightness: target=<*>, rate=<*>",0.5363,57.18,196
394,HBM brightnessOut =<*>,exact,HBM brightnessOut =<*>,1.0,HBM brightnessIn =<*>,0.9267,"Animating brightness: target=<*>, rate=<*>",0.4981,57.25,196
395,"Animating brightness: target=<*>, rate=<*>",exact,"Animating brightness: target=<*>, rate=<*>",1.0,HBM brightnessIn =<*>,0.5363,HBM brightnessOut =<*>,0.4981,58.18,196
396,"release:lock=<*>, flg=<*>, tag=""AudioMix"", name=audioserver"", ws=null, uid=<*>, pid=<*>",exact,"release:lock=<*>, flg=<*>, tag=""AudioMix"", name=audioserver"", ws=null, uid=<*>, pid=<*>",1.0,"acquire lock=<*>, flags=<*>, tag=""AudioMix"", name=audioserver, ws=null, uid=<*>, pid=<*>",0.8381,"<*> D PowerManagerService: release:lock=<*>, flg=<*>, tag=""AudioMix"", name=audioserver"", ws=null, uid=<*>, pid=<*>",0.781,60.35,196
397,"ready=true,policy=<*>,wakefulness=<*>,wksummary=<*>,uasummary=<*>,bootcompleted=true,boostinprogress=false,waitmodeenable=false,mode=false,manual=<*>,auto=-<*>,adj=<*>.0userId=<*>",exact,"ready=true,policy=<*>,wakefulness=<*>,wksummary=<*>,uasummary=<*>,bootcompleted=true,boostinprogress=false,waitmodeenable=false,mode=false,manual=<*>,auto=-<*>,adj=<*>.0userId=<*>",1.0,"<*> D PowerManagerService: ready=true,policy=<*>,wakefulness=<*>,wksummary=<*>,uasummary=<*>,bootcompleted=true,boostinprogress=false,waitmodeenable=false,mode=false,manual=<*>,auto=-<*>,adj=<*>.0userId=<*>",0.7294,"updateIsPoweredLocked: wasPowered=false, mIsPowered=false, oldPlugType=<*>, mPlugType=<*>, mBatteryLevel=<*>",0.5091,62.16,196
398,"release:lock=<*>, flg=<*>, tag=""AudioMix"", name=audioserver"", ws=null, uid=<*>, pid=<*>",exact,"release:lock=<*>, flg=<*>, tag=""AudioMix"", name=audioserver"", ws=null, uid=<*>, pid=<*>",1.0,"acquire lock=<*>, flags=<*>, tag=""AudioMix"", name=audioserver, ws=null, uid=<*>, pid=<*>",0.8381,"<*> D PowerManagerService: release:lock=<*>, flg=<*>, tag=""AudioMix"", name=audioserver"", ws=null, uid=<*>, pid=<*>",0.781,59.57,196
399,"ready=true,policy=<*>,wakefulness=<*>,wksummary=<*>,uasummary=<*>,bootcompleted=true,boostinprogress=false,waitmodeenable=false,mode=false,manual=<*>,auto=-<*>,adj=<*>.0userId=<*>",exact,"ready=true,policy=<*>,wakefulness=<*>,wksummary=<*>,uasummary=<*>,bootcompleted=true,boostinprogress=false,waitmodeenable=false,mode=false,manual=<*>,auto=-<*>,adj=<*>.0userId=<*>",1.0,"<*> D PowerManagerService: ready=true,policy=<*>,wakefulness=<*>,wksummary=<*>,uasummary=<*>,bootcompleted=true,boostinprogress=false,waitmodeenable=false,mode=false,manual=<*>,auto=-<*>,adj=<*>.0userId=<*>",0.7294,"updateIsPoweredLocked: wasPowered=false, mIsPowered=false, oldPlugType=<*>, mPlugType=<*>, mBatteryLevel=<*>",0.5091,61.81,196
400,"<*><*> <*>:<*>:<*>.<*> <*> <*> D PowerManagerService: release:lock=<*>, flg=<*>, tag=""AudioMix"", name=audioserver"", ws=null, uid=<*>, pid=<*>",exact,"<*> D PowerManagerService: release:lock=<*>, flg=<*>, tag=""AudioMix"", name=audioserver"", ws=null, uid=<*>, pid=<*>",1.0,"release:lock=<*>, flg=<*>, tag=""AudioMix"", name=audioserver"", ws=null, uid=<*>, pid=<*>",0.781,<*> D PowerManagerService: <*> pid=<*>,0.7167,61.35,196
401,"<*><*> <*>:<*>:<*>.<*> <*> <*> D PowerManagerService: ready=true,policy=<*>,wakefulness=<*>,wksummary=<*>,uasummary=<*>,bootcompleted=true,boostinprogress=false,waitmodeenable=false,mode=false,manual=<*>,auto=-<*>,adj=<*>.0userId=<*>",exact,"<*> D PowerManagerService: ready=true,policy=<*>,wakefulness=<*>,wksummary=<*>,uasummary=<*>,bootcompleted=true,boostinprogress=false,waitmodeenable=false,mode=false,manual=<*>,auto=-<*>,adj=<*>.0userId=<*>",1.0,<*> D PowerManagerService: <*> pid=<*>,0.8163,"<*> D PowerManagerService: <*> suspend blocker ""PowerManagerService.WakeLocks"".",0.7836,64.64,196
402,"<*><*> <*>:<*>:<*>.<*> <*> <*> D PowerManagerService: release:lock=<*>, flg=<*>, tag=""AudioMix"", name=audioserver"", ws=null, uid=<*>, pid=<*>",exact,"<*> D PowerManagerService: release:lock=<*>, flg=<*>, tag=""AudioMix"", name=audioserver"", ws=null, uid=<*>, pid=<*>",1.0,"release:lock=<*>, flg=<*>, tag=""AudioMix"", name=audioserver"", ws=null, uid=<*>, pid=<*>",0.781,<*> D PowerManagerService: <*> pid=<*>,0.7167,62.42,196
403,"<*><*> <*>:<*>:<*>.<*> <*> <*> D PowerManagerService: ready=true,policy=<*>,wakefulness=<*>,wksummary=<*>,uasummary=<*>,bootcompleted=true,boostinprogress=false,waitmodeenable=false,mode=false,manual=<*>,auto=-<*>,adj=<*>.0userId=<*>",exact,"<*> D PowerManagerService: ready=true,policy=<*>,wakefulness=<*>,wksummary=<*>,uasummary=<*>,bootcompleted=true,boostinprogress=false,waitmodeenable=false,mode=false,manual=<*>,auto=-<*>,adj=<*>.0userId=<*>",1.0,<*> D PowerManagerService: <*> pid=<*>,0.8163,"<*> D PowerManagerService: <*> suspend blocker ""PowerManagerService.WakeLocks"".",0.7836,64.34,196
404,"<*><*> <*>:<*>:<*>.<*> <*> <*> D PowerManagerService: Releasing suspend blocker ""PowerManagerService.WakeLocks"".",exact,"<*> D PowerManagerService: <*> suspend blocker ""PowerManagerService.WakeLocks"".",0.9907,"Releasing suspend blocker ""PowerManagerService.WakeLocks"".",0.9076,"Acquiring suspend blocker ""PowerManagerService.WakeLocks"".",0.8568,59.84,196
405,HBM brightnessIn =<*>,exact,HBM brightnessIn =<*>,1.0,HBM brightnessOut =<*>,0.9267,"Animating brightness: target=<*>, rate=<*>",0.5363,57.94,196
406,HBM brightnessOut =<*>,exact,HBM brightnessOut =<*>,1.0,HBM brightnessIn =<*>,0.9267,"Animating brightness: target=<*>, rate=<*>",0.4981,57.08,196
407,"Animating brightness: target=<*>, rate=<*>",exact,"Animating brightness: target=<*>, rate=<*>",1.0,HBM brightnessIn =<*>,0.5363,HBM brightnessOut =<*>,0.4981,57.47,196
408,<*><*> <*>:<*>:<*>.<*> <*> <*> W ActivityManager: getRunningAppProcesses: caller <*> does not hold REAL_GET_TASKS; limiting output,exact,<*> W ActivityManager: getRunningAppProcesses: caller <*> does not hold REAL_GET_TASKS; limiting output,1.0,<*> W ActivityManager: getTasks: caller <*> does not hold REAL_GET_TASKS; limiting output,0.9301,getRunningAppProcesses: caller <*> does not hold REAL_GET_TASKS; limiting output,0.8118,59.52,196
409,<*><*> <*>:<*>:<*>.<*> <*> <*> W ActivityManager: getRunningAppProcesses: caller <*> does not hold REAL_GET_TASKS; limiting output,exact,<*> W ActivityManager: getRunningAppProcesses: caller <*> does not hold REAL_GET_TASKS; limiting output,1.0,<*> W ActivityManager: getTasks: caller <*> does not hold REAL_GET_TASKS; limiting output,0.9301,getRunningAppProcesses: caller <*> does not hold REAL_GET_TASKS; limiting output,0.8118,59.7,196
410,HBM brightnessIn =<*>,exact,HBM brightnessIn =<*>,1.0,HBM brightnessOut =<*>,0.9267,"Animating brightness: target=<*>, rate=<*>",0.5363,57.36,196
411,HBM brightnessOut =<*>,exact,HBM brightnessOut =<*>,1.0,HBM brightnessIn =<*>,0.9267,"Animating brightness: target=<*>, rate=<*>",0.4981,56.97,196
412,"Animating brightness: target=<*>, rate=<*>",exact,"Animating brightness: target=<*>, rate=<*>",1.0,HBM brightnessIn =<*>,0.5363,HBM brightnessOut =<*>,0.4981,57.72,196
413,"userActivityNoUpdateLocked: eventTime=<*>, event=<*>, flags=<*>, uid=<*>",exact,"userActivityNoUpdateLocked: eventTime=<*>, event=<*>, flags=<*>, uid=<*>",1.0,"cancelNotificationLocked called,tell the app,reason = <*>",0.5343,"release:lock=<*>, flg=<*>, tag=""SCREEN_FROZEN"", name=android"", ws=null, uid=<*>, pid=<*>",0.4766,58.46,196
414,"ready=true,policy=<*>,wakefulness=<*>,wksummary=<*>,uasummary=<*>,bootcompleted=true,boostinprogress=false,waitmodeenable=false,mode=false,manual=<*>,auto=-<*>,adj=<*>.0userId=<*>",exact,"ready=true,policy=<*>,wakefulness=<*>,wksummary=<*>,uasummary=<*>,bootcompleted=true,boostinprogress=false,waitmodeenable=false,mode=false,manual=<*>,auto=-<*>,adj=<*>.0userId=<*>",1.0,"<*> D PowerManagerService: ready=true,policy=<*>,wakefulness=<*>,wksummary=<*>,uasummary=<*>,bootcompleted=true,boostinprogress=false,waitmodeenable=false,mode=false,manual=<*>,auto=-<*>,adj=<*>.0userId=<*>",0.7294,"updateIsPoweredLocked: wasPowered=false, mIsPowered=false, oldPlugType=<*>, mPlugType=<*>, mBatteryLevel=<*>",0.5091,61.76,196
415,suspendAutohide,exact,suspendAutohide,1.0,cancelAutohide,0.7907,resumeSuspendedAutohide,0.771,57.66,196
416,<*><*> <*>:<*>:<*>.<*> <*> <*> D WindowManager: interceptKeyTq keycode=<*> interactive=true keyguardActive=false policyFlags=<*> down true canceled false,exact,<*> D WindowManager: interceptKeyTq keycode=<*> interactive=true keyguardActive=false policyFlags=<*> down <*> canceled false,0.9999,"<*> D WindowManager: interceptKeyBeforeQueueing: key <*> , result : <*>",0.8871,interceptKeyTq keycode=<*> interactive=true keyguardActive=false policyFlags=<*> down false canceled false,0.8541,60.09,196
417,"<*><*> <*>:<*>:<*>.<*> <*> <*> D WindowManager: interceptKeyBeforeQueueing: key <*> , result : <*>",exact,"<*> D WindowManager: interceptKeyBeforeQueueing: key <*> , result : <*>",1.0,<*> D WindowManager: interceptKeyTq keycode=<*> interactive=true keyguardActive=false policyFlags=<*> down <*> canceled false,0.8877,"interceptKeyBeforeQueueing: key <*> , result : <*>",0.7061,59.72,196
418,"userActivityNoUpdateLocked: eventTime=<*>, event=<*>, flags=<*>, uid=<*>",exact,"userActivityNoUpdateLocked: eventTime=<*>, event=<*>, flags=<*>, uid=<*>",1.0,"cancelNotificationLocked called,tell the app,reason = <*>",0.5343,"release:lock=<*>, flg=<*>, tag=""SCREEN_FROZEN"", name=android"", ws=null, uid=<*>, pid=<*>",0.4766,58.23,196
419,"ready=true,policy=<*>,wakefulness=<*>,wksummary=<*>,uasummary=<*>,bootcompleted=true,boostinprogress=false,waitmodeenable=false,mode=false,manual=<*>,auto=-<*>,adj=<*>.0userId=<*>",exact,"ready=true,policy=<*>,wakefulness=<*>,wksummary=<*>,uasummary=<*>,bootcompleted=true,boostinprogress=false,waitmodeenable=false,mode=false,manual=<*>,auto=-<*>,adj=<*>.0userId=<*>",1.0,"<*> D PowerManagerService: ready=true,policy=<*>,wakefulness=<*>,wksummary=<*>,uasummary=<*>,bootcompleted=true,boostinprogress=false,waitmodeenable=false,mode=false,manual=<*>,auto=-<*>,adj=<*>.0userId=<*>",0.7294,"updateIsPoweredLocked: wasPowered=false, mIsPowered=false, oldPlugType=<*>, mPlugType=<*>, mBatteryLevel=<*>",0.5091,61.44,196
420,resumeSuspendedAutohide,exact,resumeSuspendedAutohide,1.0,suspendAutohide,0.771,cancelAutohide,0.6555,57.61,196
421,"<*><*> <*>:<*>:<*>.<*> <*> <*> D PowerManagerService: userActivityNoUpdateLocked: eventTime=<*>, event=<*>, flags=<*>, uid=<*>",fuzzy,"userActivityNoUpdateLocked: eventTime=<*>, event=<*>, flags=<*>, uid=<*>",0.7739,"<*> D PowerManagerService: release:lock=<*>, flg=<*>, tag=""View Lock"", name=<*>"", ws=null, uid=<*>, pid=<*>",0.762,<*> D PowerManagerService: <*> pid=<*>,0.6984,60.46,196
422,"<*><*> <*>:<*>:<*>.<*> <*> <*> D PowerManagerService: ready=true,policy=<*>,wakefulness=<*>,wksummary=<*>,uasummary=<*>,bootcompleted=true,boostinprogress=false,waitmodeenable=false,mode=false,manual=<*>,auto=-<*>,adj=<*>.0userId=<*>",exact,"<*> D PowerManagerService: ready=true,policy=<*>,wakefulness=<*>,wksummary=<*>,uasummary=<*>,bootcompleted=true,boostinprogress=false,waitmodeenable=false,mode=false,manual=<*>,auto=-<*>,adj=<*>.0userId=<*>",1.0,<*> D PowerManagerService: <*> pid=<*>,0.8163,"<*> D PowerManagerService: <*> suspend blocker ""PowerManagerService.WakeLocks"".",0.7794,64.96,196
423,<*><*> <*>:<*>:<*>.<*> <*> <*> D WindowManager: interceptKeyTq keycode=<*> interactive=true keyguardActive=false policyFlags=<*> down false canceled false,exact,<*> D WindowManager: interceptKeyTq keycode=<*> interactive=true keyguardActive=false policyFlags=<*> down <*> canceled false,0.9998,"<*> D WindowManager: interceptKeyBeforeQueueing: key <*> , result : <*>",0.8884,interceptKeyTq keycode=<*> interactive=true keyguardActive=false policyFlags=<*> down false canceled false,0.8521,60.21,196
424,"<*><*> <*>:<*>:<*>.<*> <*> <*> D WindowManager: interceptKeyBeforeQueueing: key <*> , result : <*>",exact,"<*> D WindowManager: interceptKeyBeforeQueueing: key <*> , result : <*>",1.0,<*> D WindowManager: interceptKeyTq keycode=<*> interactive=true keyguardActive=false policyFlags=<*> down <*> canceled false,0.8879,"interceptKeyBeforeQueueing: key <*> , result : <*>",0.7061,60.06,196
425,querySoundEffectsEnabled...,exact,querySoundEffectsEnabled...,1.0,playSoundEffect effectType: <*>,0.4443,<*> V AudioManager: querySoundEffectsEnabled...,0.4433,57.93,196
426,"userActivityNoUpdateLocked: eventTime=<*>, event=<*>, flags=<*>, uid=<*>",exact,"userActivityNoUpdateLocked: eventTime=<*>, event=<*>, flags=<*>, uid=<*>",0.9997,"cancelNotificationLocked called,tell the app,reason = <*>",0.5343,"release:lock=<*>, flg=<*>, tag=""SCREEN_FROZEN"", name=android"", ws=null, uid=<*>, pid=<*>",0.4766,58.03,196
427,"ready=true,policy=<*>,wakefulness=<*>,wksummary=<*>,uasummary=<*>,bootcompleted=true,boostinprogress=false,waitmodeenable=false,mode=false,manual=<*>,auto=-<*>,adj=<*>.0userId=<*>",exact,"ready=true,policy=<*>,wakefulness=<*>,wksummary=<*>,uasummary=<*>,bootcompleted=true,boostinprogress=false,waitmodeenable=false,mode=false,manual=<*>,auto=-<*>,adj=<*>.0userId=<*>",1.0,"<*> D PowerManagerService: ready=true,policy=<*>,wakefulness=<*>,wksummary=<*>,uasummary=<*>,bootcompleted=true,boostinprogress=false,waitmodeenable=false,mode=false,manual=<*>,auto=-<*>,adj=<*>.0userId=<*>",0.7294,"updateIsPoweredLocked: wasPowered=false, mIsPowered=false, oldPlugType=<*>, mPlugType=<*>, mBatteryLevel=<*>",0.5091,61.87,196
428,"animateCollapsePanels:flags=<*>, force=false, delayed=false, mExpandedVisible=false",exact,"animateCollapsePanels:flags=<*>, force<*> delayed<*> mExpandedVisible<*>",0.9993,makeExpandedInvisible: mExpandedVisible=true,0.5227,instantCollapse,0.4281,58.75,196
429,closeQs,exact,closeQs,1.0,cancelNotificationLocked:<*>|<*>|<*>|null|<*>,0.2927,querySoundEffectsEnabled...,0.2804,57.11,196
430,cancelPeek: false,exact,cancelPeek: false,1.0,"cancelNotificationLocked,remove =<*>",0.6466,cancelNotificationLocked:<*>|<*>|<*>|null|<*>,0.627,57.17,196
431,instantCollapse,exact,instantCollapse,1.0,"animateCollapsePanels:flags=<*>, force<*> delayed<*> mExpandedVisible<*>",0.432,onExpandingStarted,0.3329,56.91,196
432,cancelPeek: false,exact,cancelPeek: false,1.0,"cancelNotificationLocked,remove =<*>",0.6466,cancelNotificationLocked:<*>|<*>|<*>|null|<*>,0.627,56.73,196
433,setLightsOn(true),exact,setLightsOn(true),1.0,"updateLightsLocked,mInCall =false,mScreenOn = true,ledNotification == null<*>",0.6518,"updateLightsLocked,turn off notificationLight",0.5854,56.85,196
434,"setSystemUiVisibility vis=<*> mask=<*> oldVal=<*> newVal=<*> diff=<*> fullscreenStackVis=<*> dockedStackVis=<*>, fullscreenStackBounds=Rect(<*>, <*> - <*>, <*>), dockedStackBounds=Rect(<*>, <*> - <*>, <*>)",exact,"setSystemUiVisibility vis=<*> mask=<*> oldVal=<*> newVal=<*> diff=<*> fullscreenStackVis=<*> dockedStackVis=<*>, fullscreenStackBounds=Rect(<*>, <*> - <*>, <*>), dockedStackBounds=Rect(<*>, <*> - <*>, <*>)",1.0,"<*> I WindowManager: Taking screenshot from Surface with crop:[Rect(<*>, <*> - <*>, <*>)], width:[<*>], height:[<*>], minLayer:[<*>], maxLayer:[<*>], inRotation:[false], rot:[<*>]",0.4978,"overlapAmount:<*>.<*>, previousNotificationEnd:<*>.<*>, newYTranslation:-<*>.<*>, location:<*>, i:<*>, getTopPadding:<*>.<*>, getLocationOnScreen():-<*>",0.4857,63.38,196
435,"acquire lock=<*>, flags=<*>, tag=""*launch*"", name=android, ws=WorkSource{<*>}, uid=<*>, pid=<*>",exact,"acquire lock=<*>, flags=<*>, tag=""*launch*"", name=android, ws=WorkSource{<*>}, uid=<*>, pid=<*>",1.0,"release:lock=<*>, flg=<*>, tag=""*launch*"", name=android"", ws=WorkSource{<*>}, uid=<*>, pid=<*>",0.8405,"acquire lock=<*>, flags=<*>, tag=""WiredAccessoryManager"", name=android, ws=null, uid=<*>, pid=<*>",0.763,60.51,196
436,"ready=true,policy=<*>,wakefulness=<*>,wksummary=<*>,uasummary=<*>,bootcompleted=true,boostinprogress=false,waitmodeenable=false,mode=false,manual=<*>,auto=-<*>,adj=<*>.0userId=<*>",exact,"ready=true,policy=<*>,wakefulness=<*>,wksummary=<*>,uasummary=<*>,bootcompleted=true,boostinprogress=false,waitmodeenable=false,mode=false,manual=<*>,auto=-<*>,adj=<*>.0userId=<*>",1.0,"<*> D PowerManagerService: ready=true,policy=<*>,wakefulness=<*>,wksummary=<*>,uasummary=<*>,bootcompleted=true,boostinprogress=false,waitmodeenable=false,mode=false,manual=<*>,auto=-<*>,adj=<*>.0userId=<*>",0.7294,"updateIsPoweredLocked: wasPowered=false, mIsPowered=false, oldPlugType=<*>, mPlugType=<*>, mBatteryLevel=<*>",0.5091,61.8,196
437,"Acquiring suspend blocker ""PowerManagerService.WakeLocks"".",exact,"Acquiring suspend blocker ""PowerManagerService.WakeLocks"".",1.0,"Releasing suspend blocker ""PowerManagerService.WakeLocks"".",0.91,"<*> D PowerManagerService: <*> suspend blocker ""PowerManagerService.WakeLocks"".",0.88,57.69,196
438,setLightsOn(true),exact,setLightsOn(true),1.0,"updateLightsLocked,mInCall =false,mScreenOn = true,ledNotification == null<*>",0.6518,"updateLightsLocked,turn off notificationLight",0.5854,56.99,196
439,"setSystemUiVisibility vis=<*> mask=<*> oldVal=<*> newVal=<*> diff=<*> fullscreenStackVis=<*> dockedStackVis=<*>, fullscreenStackBounds=Rect(<*>, <*> - <*>, <*>), dockedStackBounds=Rect(<*>, <*> - <*>, <*>)",exact,"setSystemUiVisibility vis=<*> mask=<*> oldVal=<*> newVal=<*> diff=<*> fullscreenStackVis=<*> dockedStackVis=<*>, fullscreenStackBounds=Rect(<*>, <*> - <*>, <*>), dockedStackBounds=Rect(<*>, <*> - <*>, <*>)",1.0,"<*> I WindowManager: Taking screenshot from Surface with crop:[Rect(<*>, <*> - <*>, <*>)], width:[<*>], height:[<*>], minLayer:[<*>], maxLayer:[<*>], inRotation:[false], rot:[<*>]",0.4978,"overlapAmount:<*>.<*>, previousNotificationEnd:<*>.<*>, newYTranslation:-<*>.<*>, location:<*>, i:<*>, getTopPadding:<*>.<*>, getLocationOnScreen():-<*>",0.4857,62.84,196
440,setLightsOn(true),exact,setLightsOn(true),1.0,"updateLightsLocked,mInCall =false,mScreenOn = true,ledNotification == null<*>",0.6518,"updateLightsLocked,turn off notificationLight",0.5854,57.36,196
441,"setSystemUiVisibility vis=<*> mask=<*> oldVal=<*> newVal=<*> diff=<*> fullscreenStackVis=<*> dockedStackVis=<*>, fullscreenStackBounds=Rect(<*>, <*> - <*>, <*>), dockedStackBounds=Rect(<*>, <*> - <*>, <*>)",exact,"setSystemUiVisibility vis=<*> mask=<*> oldVal=<*> newVal=<*> diff=<*> fullscreenStackVis=<*> dockedStackVis=<*>, fullscreenStackBounds=Rect(<*>, <*> - <*>, <*>), dockedStackBounds=Rect(<*>, <*> - <*>, <*>)",1.0,"<*> I WindowManager: Taking screenshot from Surface with crop:[Rect(<*>, <*> - <*>, <*>)], width:[<*>], height:[<*>], minLayer:[<*>], maxLayer:[<*>], inRotation:[false], rot:[<*>]",0.4978,"overlapAmount:<*>.<*>, previousNotificationEnd:<*>.<*>, newYTranslation:-<*>.<*>, location:<*>, i:<*>, getTopPadding:<*>.<*>, getLocationOnScreen():-<*>",0.4857,62.9,196
442,getRunningAppProcesses: caller <*> does not hold REAL_GET_TASKS; limiting output,exact,getRunningAppProcesses: caller <*> does not hold REAL_GET_TASKS; limiting output,1.0,getTasks: caller <*> does not hold REAL_GET_TASKS; limiting output,0.8139,<*> W ActivityManager: getRunningAppProcesses: caller <*> does not hold REAL_GET_TASKS; limiting output,0.8118,57.97,196
443,setLightsOn(true),exact,setLightsOn(true),1.0,"updateLightsLocked,mInCall =false,mScreenOn = true,ledNotification == null<*>",0.6518,"updateLightsLocked,turn off notificationLight",0.5854,57.11,196
444,"setSystemUiVisibility vis=<*> mask=<*> oldVal=<*> newVal=<*> diff=<*> fullscreenStackVis=<*> dockedStackVis=<*>, fullscreenStackBounds=Rect(<*>, <*> - <*>, <*>), dockedStackBounds=Rect(<*>, <*> - <*>, <*>)",exact,"setSystemUiVisibility vis=<*> mask=<*> oldVal=<*> newVal=<*> diff=<*> fullscreenStackVis=<*> dockedStackVis=<*>, fullscreenStackBounds=Rect(<*>, <*> - <*>, <*>), dockedStackBounds=Rect(<*>, <*> - <*>, <*>)",1.0,"<*> I WindowManager: Taking screenshot from Surface with crop:[Rect(<*>, <*> - <*>, <*>)], width:[<*>], height:[<*>], minLayer:[<*>], maxLayer:[<*>], inRotation:[false], rot:[<*>]",0.4978,"overlapAmount:<*>.<*>, previousNotificationEnd:<*>.<*>, newYTranslation:-<*>.<*>, location:<*>, i:<*>, getTopPadding:<*>.<*>, getLocationOnScreen():-<*>",0.4857,63.15,196
445,"<*><*> <*>:<*>:<*>.<*> <*> <*> I WindowManager: Taking screenshot from Surface with crop:[Rect(<*>, <*> - <*>, <*>)], width:[<*>], height:[<*>], minLayer:[<*>], maxLayer:[<*>], inRotation:[false], rot:[<*>]",exact,"<*> I WindowManager: Taking screenshot from Surface with crop:[Rect(<*>, <*> - <*>, <*>)], width:[<*>], height:[<*>], minLayer:[<*>], maxLayer:[<*>], inRotation:[false], rot:[<*>]",1.0,"Taking screenshot from Surface with crop:[Rect(<*>, <*> - <*>, <*>)], width:[<*>], height:[<*>], minLayer:[<*>], maxLayer:[<*>], inRotation:[false], rot:[<*>]",0.7867,<*> I WindowManager: Destroying surface Surface<*> called by com.android.server.wm.WindowStateAnimator.destroySurface<*> com.android.server.wm.WindowStateAnimator.destroySurfaceLocked<*> com.android.server.wm.WindowState.removeLocked<*> com.android.server.wm.WindowManagerService.removeWindowInnerLocked<*> com.android.server.wm.WindowManagerService.removeWindowInnerLocked<*> com.android.server.wm.WindowManagerService.removeWindowLocked<*> com.android.server.wm.WindowManagerService.removeWindowLocked<*> com.android.server.wm.WindowManagerService.removeWindow<*>,0.7212,63.74,196
446,The change in focus caused us to need to do a layout begin,exact,The change in focus caused us to need to do a layout begin,1.0,The change in focus caused us to need to do a layout end,0.9503,<*> I WindowManager: The change in focus caused us to need to do a layout <*>,0.655,58.32,196
447,The change in focus caused us to need to do a layout end,exact,The change in focus caused us to need to do a layout end,1.0,The change in focus caused us to need to do a layout begin,0.9503,<*> I WindowManager: The change in focus caused us to need to do a layout <*>,0.6557,57.3,196
448,"setSystemUiVisibility vis=<*> mask=<*> oldVal=<*> newVal=<*> diff=<*> fullscreenStackVis=<*> dockedStackVis=<*>, fullscreenStackBounds=Rect(<*>, <*> - <*>, <*>), dockedStackBounds=Rect(<*>, <*> - <*>, <*>)",exact,"setSystemUiVisibility vis=<*> mask=<*> oldVal=<*> newVal=<*> diff=<*> fullscreenStackVis=<*> dockedStackVis=<*>, fullscreenStackBounds=Rect(<*>, <*> - <*>, <*>), dockedStackBounds=Rect(<*>, <*> - <*>, <*>)",1.0,"<*> I WindowManager: Taking screenshot from Surface with crop:[Rect(<*>, <*> - <*>, <*>)], width:[<*>], height:[<*>], minLayer:[<*>], maxLayer:[<*>], inRotation:[false], rot:[<*>]",0.4978,"overlapAmount:<*>.<*>, previousNotificationEnd:<*>.<*>, newYTranslation:-<*>.<*>, location:<*>, i:<*>, getTopPadding:<*>.<*>, getLocationOnScreen():-<*>",0.4857,63.25,196
449,cancelAutohide,exact,cancelAutohide,1.0,suspendAutohide,0.7907,resumeSuspendedAutohide,0.6555,57.16,196
450,"notifyUiVisibilityChanged:vis=<*>, SystemUiVisibility=<*>",exact,"notifyUiVisibilityChanged:vis=<*>, SystemUiVisibility=<*>",1.0,onNotificationVisibilityChanged called,0.6485,<*> I NotificationManager: <*> called,0.6396,57.66,196
451,"updateClipping isOverlap:false, getTopPadding=<*>.<*>, Translation=<*>.<*>",exact,"updateClipping isOverlap<*> getTopPadding=<*>.<*>, Translation<*>",0.9991,"release:lock=<*>, flg=<*>, tag=""RILJ_ACK_WL"", name=<*>"", ws=null, uid=<*>, pid=<*>",0.4443,"updateIsPoweredLocked: wasPowered=false, mIsPowered=false, oldPlugType=<*>, mPlugType=<*>, mBatteryLevel=<*>",0.4386,58.06,196
452,updateDimmedActivatedHideSensitive overlap:false,exact,updateDimmedActivatedHideSensitive overlap<*>,0.9997,resumeSuspendedAutohide,0.5479,suspendAutohide,0.5116,57.86,196
453,"Skipping, withExcluded: false, tr.intent:Intent { flg=<*> cmp=<*>/.recents.RecentsActivity bnds=[<*>,<*>][<*>,<*>] }",exact,"Skipping, withExcluded: false, tr.intent:Intent { flg=<*> cmp=<*>/.recents.RecentsActivity bnds=[<*>,<*>][<*>,<*>] }",1.0,"<*> D ActivityManager: Skipping, withExcluded: false, tr.intent:Intent { flg=<*> cmp=<*>/.recents.RecentsActivity bnds=[<*>,<*>][<*>,<*>] }",0.8529,"Skipping, withExcluded: false, tr.intent:Intent { flg=<*> cmp=<*>/.<*> (has extras) }",0.7771,59.51,196
454,"Skipping, withExcluded: false, tr.intent:Intent { act=<*> flg=<*> cmp=<*>/.InCallActivity (has extras) }",exact,"Skipping, withExcluded: false, tr.intent:Intent { act=<*> flg=<*> cmp=<*>/.InCallActivity (has extras) }",1.0,"Skipping, withExcluded: false, tr.intent:Intent { flg=<*> cmp=<*>/.<*> (has extras) }",0.8996,"Skipping, withExcluded: false, tr.intent:Intent { act=<*> dat=tel:xxxxxxxxxxx flg=<*> cmp=<*>/.ChooseSubActivity (has extras) }",0.861,59.28,196
455,"Skipping, withExcluded: false, tr.intent:Intent { flg=<*> cmp=<*>/.<*> (has extras) }",exact,"Skipping, withExcluded: false, tr.intent:Intent { flg=<*> cmp=<*>/.<*> (has extras) }",1.0,"Skipping, withExcluded: false, tr.intent:Intent { act=<*> flg=<*> cmp=<*>/.InCallActivity (has extras) }",0.8996,"Skipping, withExcluded: false, tr.intent:Intent { act=<*> dat=tel:xxxxxxxxxxx flg=<*> cmp=<*>/.ChooseSubActivity (has extras) }",0.8368,58.16,196
456,"Skipping, withExcluded: false, tr.intent:Intent { flg=<*> cmp=<*>/.<*> (has extras) }",exact,"Skipping, withExcluded: false, tr.intent:Intent { flg=<*> cmp=<*>/.<*> (has extras) }",1.0,"Skipping, withExcluded: false, tr.intent:Intent { act=<*> flg=<*> cmp=<*>/.InCallActivity (has extras) }",0.8996,"Skipping, withExcluded: false, tr.intent:Intent { act=<*> dat=tel:xxxxxxxxxxx flg=<*> cmp=<*>/.ChooseSubActivity (has extras) }",0.8368,58.58,196
457,"Skipping, withExcluded: false, tr.intent:Intent { act=<*> dat=tel:xxxxxxxxxxx flg=<*> cmp=<*>/.ChooseSubActivity (has extras) }",exact,"Skipping, withExcluded: false, tr.intent:Intent { act=<*> dat=tel:xxxxxxxxxxx flg=<*> cmp=<*>/.ChooseSubActivity (has extras) }",1.0,"Skipping, withExcluded: false, tr.intent:Intent { act=<*> flg=<*> cmp=<*>/.InCallActivity (has extras) }",0.861,"<*> D ActivityManager: Skipping, withExcluded: false, tr.intent:Intent { act=<*> dat=tel:xxxxxxxxxxx flg=<*> cmp=<*>/.ChooseSubActivity (has extras) }",0.8481,59.89,196
458,"Skipping, withExcluded: false, tr.intent:Intent { act=<*> dat=file://<*>.apk typ=application<*>.android.package-archive flg=<*> cmp=<*>/.PackageInstallerActivity (has extras) }",exact,"Skipping, withExcluded: false, tr.intent:Intent { act=<*> dat=file://<*>.apk typ=application<*>.android.package-archive flg=<*> cmp=<*>/.PackageInstallerActivity (has extras) }",1.0,"<*> D ActivityManager: Skipping, withExcluded: false, tr.intent:Intent { act=<*> dat=file://<*>.apk typ=application<*>.android.package-archive flg=<*> cmp=<*>/.PackageInstallerActivity (has extras) }",0.8303,"Skipping, withExcluded: false, tr.intent:Intent { flg=<*> cmp=<*>/.<*> (has extras) }",0.6987,61.01,196
459,"getRecentTasks: num=<*>,flags=<*>,totalTasks=<*>",exact,"getRecentTasks: num=<*>,flags=<*>,totalTasks=<*>",1.0,"<*> D ActivityManager: getRecentTasks: num=<*>,flags=<*>,totalTasks=<*>",0.8022,getRecentTasks: topActivity=ComponentInfo{<*><*>.<*>},0.59,57.96,196
460,getRecentTasks: topActivity=ComponentInfo{<*><*>.<*>},exact,getRecentTasks: topActivity=ComponentInfo{<*><*>.<*>},1.0,<*> D ActivityManager: getRecentTasks: topActivity=ComponentInfo{<*><*>.<*>},0.8818,"<*> D ActivityManager: getRecentTasks: num=<*>,flags=<*>,totalTasks=<*>",0.6316,57.43,196
461,"Skipping, withExcluded: false, tr.intent:Intent { flg=<*> cmp=<*>/.recents.RecentsActivity bnds=[<*>,<*>][<*>,<*>] }",exact,"Skipping, withExcluded: false, tr.intent:Intent { flg=<*> cmp=<*>/.recents.RecentsActivity bnds=[<*>,<*>][<*>,<*>] }",1.0,"<*> D ActivityManager: Skipping, withExcluded: false, tr.intent:Intent { flg=<*> cmp=<*>/.recents.RecentsActivity bnds=[<*>,<*>][<*>,<*>] }",0.8529,"Skipping, withExcluded: false, tr.intent:Intent { flg=<*> cmp=<*>/.<*> (has extras) }",0.7771,60.05,196
462,"Skipping, withExcluded: false, tr.intent:Intent { act=<*> flg=<*> cmp=<*>/.InCallActivity (has extras) }",exact,"Skipping, withExcluded: false, tr.intent:Intent { act=<*> flg=<*> cmp=<*>/.InCallActivity (has extras) }",1.0,"Skipping, withExcluded: false, tr.intent:Intent { flg=<*> cmp=<*>/.<*> (has extras) }",0.8996,"Skipping, withExcluded: false, tr.intent:Intent { act=<*> dat=tel:xxxxxxxxxxx flg=<*> cmp=<*>/.ChooseSubActivity (has extras) }",0.861,58.68,196
463,"Skipping, withExcluded: false, tr.intent:Intent { flg=<*> cmp=<*>/.<*> (has extras) }",exact,"Skipping, withExcluded: false, tr.intent:Intent { flg=<*> cmp=<*>/.<*> (has extras) }",1.0,"Skipping, withExcluded: false, tr.intent:Intent { act=<*> flg=<*> cmp=<*>/.InCallActivity (has extras) }",0.8996,"Skipping, withExcluded: false, tr.intent:Intent { act=<*> dat=tel:xxxxxxxxxxx flg=<*> cmp=<*>/.ChooseSubActivity (has extras) }",0.8368,58.72,196
464,"getRecentTasks: num=<*>,flags=<*>,totalTasks=<*>",exact,"getRecentTasks: num=<*>,flags=<*>,totalTasks=<*>",1.0,"<*> D ActivityManager: getRecentTasks: num=<*>,flags=<*>,totalTasks=<*>",0.8022,getRecentTasks: topActivity=ComponentInfo{<*><*>.<*>},0.59,58.01,196
465,getRecentTasks: topActivity=ComponentInfo{<*><*>.<*>},exact,getRecentTasks: topActivity=ComponentInfo{<*><*>.<*>},1.0,<*> D ActivityManager: getRecentTasks: topActivity=ComponentInfo{<*><*>.<*>},0.8818,"<*> D ActivityManager: getRecentTasks: num=<*>,flags=<*>,totalTasks=<*>",0.6316,57.7,196
466,"setSystemUiVisibility vis=<*> mask=<*> oldVal=<*> newVal=<*> diff=<*> fullscreenStackVis=<*> dockedStackVis=<*>, fullscreenStackBounds=Rect(<*>, <*> - <*>, <*>), dockedStackBounds=Rect(<*>, <*> - <*>, <*>)",exact,"setSystemUiVisibility vis=<*> mask=<*> oldVal=<*> newVal=<*> diff=<*> fullscreenStackVis=<*> dockedStackVis=<*>, fullscreenStackBounds=Rect(<*>, <*> - <*>, <*>), dockedStackBounds=Rect(<*>, <*> - <*>, <*>)",1.0,"<*> I WindowManager: Taking screenshot from Surface with crop:[Rect(<*>, <*> - <*>, <*>)], width:[<*>], height:[<*>], minLayer:[<*>], maxLayer:[<*>], inRotation:[false], rot:[<*>]",0.4978,"overlapAmount:<*>.<*>, previousNotificationEnd:<*>.<*>, newYTranslation:-<*>.<*>, location:<*>, i:<*>, getTopPadding:<*>.<*>, getLocationOnScreen():-<*>",0.4857,63.39,196
467,cancelAutohide,exact,cancelAutohide,1.0,suspendAutohide,0.7907,resumeSuspendedAutohide,0.6555,57.38,196
468,"notifyUiVisibilityChanged:vis=<*>, SystemUiVisibility=<*>",exact,"notifyUiVisibilityChanged:vis=<*>, SystemUiVisibility=<*>",1.0,onNotificationVisibilityChanged called,0.6485,<*> I NotificationManager: <*> called,0.6396,57.56,196
469,getRingerMode...,exact,getRingerMode...,1.0,<*> V AudioManager: getRingerMode...,0.4717,getRingtonePlayer...,0.4099,57.11,196
470,"release:lock=<*>, flg=<*>, tag=""*launch*"", name=android"", ws=WorkSource{<*>}, uid=<*>, pid=<*>",exact,"release:lock=<*>, flg=<*>, tag=""*launch*"", name=android"", ws=WorkSource{<*>}, uid=<*>, pid=<*>",1.0,"release:lock=<*>, flg=<*>, tag=""WindowManager"", name=android"", ws=WorkSource{<*>}, uid=<*>, pid=<*>",0.8903,"acquire lock=<*>, flags=<*>, tag=""*launch*"", name=android, ws=WorkSource{<*>}, uid=<*>, pid=<*>",0.8405,59.93,196
471,"ready=true,policy=<*>,wakefulness=<*>,wksummary=<*>,uasummary=<*>,bootcompleted=true,boostinprogress=false,waitmodeenable=false,mode=false,manual=<*>,auto=-<*>,adj=<*>.0userId=<*>",exact,"ready=true,policy=<*>,wakefulness=<*>,wksummary=<*>,uasummary=<*>,bootcompleted=true,boostinprogress=false,waitmodeenable=false,mode=false,manual=<*>,auto=-<*>,adj=<*>.0userId=<*>",1.0,"<*> D PowerManagerService: ready=true,policy=<*>,wakefulness=<*>,wksummary=<*>,uasummary=<*>,bootcompleted=true,boostinprogress=false,waitmodeenable=false,mode=false,manual=<*>,auto=-<*>,adj=<*>.0userId=<*>",0.7294,"updateIsPoweredLocked: wasPowered=false, mIsPowered=false, oldPlugType=<*>, mPlugType=<*>, mBatteryLevel=<*>",0.5091,61.73,196
472,"Releasing suspend blocker ""PowerManagerService.WakeLocks"".",exact,"Releasing suspend blocker ""PowerManagerService.WakeLocks"".",1.0,"Acquiring suspend blocker ""PowerManagerService.WakeLocks"".",0.91,"<*> D PowerManagerService: <*> suspend blocker ""PowerManagerService.WakeLocks"".",0.8959,57.72,196
473,enqueueNotificationInternal: pkg=<*> id=<*> notification=Notification(pri=<*> contentView=null vibrate=[] sound=null tick defaults=<*> flags=<*> color=<*> category=msg vis=PRIVATE),exact,enqueueNotificationInternal: pkg=<*> id=<*> notification=Notification(pri=<*> contentView=null vibrate=[<*>] sound=null tick defaults=<*> flags=<*> color=<*> vis=PRIVATE),0.9904,<*> I NotificationManager: <*> called,0.6111,"<*> I NotificationManager: cancelNotificationWithTag pid <*>,uid = <*>,tag = null,pkg =<*>,id =<*>",0.5751,60.43,196
474,enqueueNotificationInternal: n.getKey = <*>|<*>|<*>|null|<*>,exact,enqueueNotificationInternal: n.getKey = <*>,1.0,"interceptKeyBeforeQueueing: key <*> , result : <*>",0.5957,addNotification key=<*>|<*>|<*>|null|<*>,0.5174,58.66,196
475,"updateLightsLocked,mInCall =false,mScreenOn = true,ledNotification == null?false",exact,"updateLightsLocked,mInCall =false,mScreenOn = true,ledNotification == null<*>",0.9988,"updateLightsLocked,turn off notificationLight",0.759,setLightsOn(true),0.6494,57.83,196
476,"updateLightsLocked,turn off notificationLight",exact,"updateLightsLocked,turn off notificationLight",1.0,"updateLightsLocked,mInCall =false,mScreenOn = true,ledNotification == null<*>",0.7514,setLightsOn(true),0.5854,57.55,196
477,addNotification key=<*>|<*>|<*>|null|<*>,exact,addNotification key=<*>|<*>|<*>|null|<*>,1.0,removeNotification:<*>|<*>|<*>|null|<*>,0.8375,Marking notification as seen <*>,0.6929,57.74,196
478,mHeadsUpExistenceChangedRunnable,exact,mHeadsUpExistenceChangedRunnable,1.0,logNotificationVisibilityChanges runInThread start,0.455,logNotificationVisibilityChanges runInThread over,0.4468,57.21,196
479,disable: < expand ICONS* alerts SYSTEM_INFO* back home recent clock navigationbar search quick_settings >,exact,disable: < expand <*> alerts <*> back home recent clock navigationbar search quick_settings >,1.0,"<*> I ActivityManager: cleanUpApplicationRecordLocked, <*> pid<*> restart<*> <*>",0.4313,"notifyUiVisibilityChanged:vis=<*>, SystemUiVisibility=<*>",0.4172,57.79,196
480,suspendAutohide,exact,suspendAutohide,1.0,cancelAutohide,0.7907,resumeSuspendedAutohide,0.771,57.9,196
481,"updateNotificationShade: total=<*>, active=<*>",exact,"updateNotificationShade: total=<*>, active=<*>",1.0,addNotification key=<*>|<*>|<*>|null|<*>,0.5749,<*> I NotificationManager: <*> called,0.5697,57.43,196
482,removeNotificationChildren,exact,removeNotificationChildren,1.0,removeNotification:<*>|<*>|<*>|null|<*>,0.574,<*> I NotificationManager: <*> called,0.5098,57.04,196
483,"updateNotificationShade: total=<*>, active=<*>",exact,"updateNotificationShade: total=<*>, active=<*>",1.0,addNotification key=<*>|<*>|<*>|null|<*>,0.5749,<*> I NotificationManager: <*> called,0.5697,57.55,196
484,removeNotificationChildren,exact,removeNotificationChildren,1.0,removeNotification:<*>|<*>|<*>|null|<*>,0.574,<*> I NotificationManager: <*> called,0.5098,56.85,196
485,Marking notification as seen <*>|<*>|<*>|null|<*>,exact,Marking notification as seen <*>,1.0,removeNotification:<*>|<*>|<*>|null|<*>,0.7113,addNotification key=<*>|<*>|<*>|null|<*>,0.6929,57.65,196
486,<*><*> <*>:<*>:<*>.<*> <*> <*> W ActivityManager: getTasks: caller <*> does not hold REAL_GET_TASKS; limiting output,exact,<*> W ActivityManager: getTasks: caller <*> does not hold REAL_GET_TASKS; limiting output,1.0,<*> W ActivityManager: getRunningAppProcesses: caller <*> does not hold REAL_GET_TASKS; limiting output,0.9301,getTasks: caller <*> does not hold REAL_GET_TASKS; limiting output,0.8241,60.4,196
487,getTasks: caller <*> does not hold REAL_GET_TASKS; limiting output,exact,getTasks: caller <*> does not hold REAL_GET_TASKS; limiting output,1.0,<*> W ActivityManager: getTasks: caller <*> does not hold REAL_GET_TASKS; limiting output,0.8241,getRunningAppProcesses: caller <*> does not hold REAL_GET_TASKS; limiting output,0.8139,58.28,196
488,<*><*> <*>:<*>:<*>.<*> <*> <*> I NotificationManager: onNotificationExpansionChanged called,partial,<*> I NotificationManager: <*> called,0.9873,<*> I NotificationManager: onNotificationClick called,0.8928,"<*> I NotificationManager: cancelNotificationWithTag pid <*>,uid = <*>,tag = null,pkg =<*>,id =<*>",0.7861,58.9,196
489,Destroying surface Surface(name=<*><*>.<*>) called by <*>:<*> <*>:<*> <*>:<*> <*>:<*> <*>:<*> <*>:<*> <*>:<*> <*>:<*>,exact,Destroying surface Surface(name=<*><*>.<*>) called by com.android.server.wm.WindowStateAnimator.destroySurface<*> com.android.server.wm.WindowStateAnimator.destroySurfaceLocked<*> com.android.server.wm.WindowState.destroyOrSaveSurface<*> com.android.server.wm.AppWindowToken.destroySurfaces<*> com.android.server.wm.AppWindowToken.notifyAppStopped<*> com.android.server.wm.WindowManagerService.notifyAppStopped<*> com.android.server.am.ActivityStack.activityStoppedLocked<*> com.android.server.am.ActivityManagerService.activityStopped<*>,1.0,Destroying surface Surface(name=<*><*>.<*>) called by com.android.server.wm.WindowStateAnimator.destroySurface<*> com.android.server.wm.WindowStateAnimator.destroySurfaceLocked<*> com.android.server.wm.WindowState.destroyOrSaveSurface<*> com.android.server.wm.WindowManagerService.tryStartExitingAnimation<*> com.android.server.wm.WindowManagerService.relayoutWindow<*> com.android.server.wm.Session.relayout<*> android.view.IWindowSession<*> com.android.server.wm.Session.onTransact<*>,0.9164,Destroying surface Surface(name=InputMethod) called by com.android.server.wm.WindowStateAnimator.destroySurface<*> com.android.server.wm.WindowStateAnimator.destroySurfaceLocked<*> com.android.server.wm.WindowState.destroyOrSaveSurface<*> com.android.server.wm.WindowSurfacePlacer.performSurfacePlacementInner<*> com.android.server.wm.WindowSurfacePlacer.performSurfacePlacementLoop<*> com.android.server.wm.WindowSurfacePlacer.performSurfacePlacement<*> com.android.server.wm.WindowManagerService<*> android.os.Handler.dispatchMessage<*>,0.8861,60.8,196
490,"updateClipping isOverlap:false, getTopPadding=<*>.<*>, Translation=-<*>.<*>",exact,"updateClipping isOverlap<*> getTopPadding=<*>.<*>, Translation<*>",0.9986,"release:lock=<*>, flg=<*>, tag=""RILJ_ACK_WL"", name=<*>"", ws=null, uid=<*>, pid=<*>",0.4443,"updateIsPoweredLocked: wasPowered=false, mIsPowered=false, oldPlugType=<*>, mPlugType=<*>, mBatteryLevel=<*>",0.4403,58.33,196
491,updateDimmedActivatedHideSensitive overlap:false,exact,updateDimmedActivatedHideSensitive overlap<*>,0.9998,resumeSuspendedAutohide,0.5479,suspendAutohide,0.5116,57.33,196
492,getRunningAppProcesses: caller <*> does not hold REAL_GET_TASKS; limiting output,exact,getRunningAppProcesses: caller <*> does not hold REAL_GET_TASKS; limiting output,1.0,getTasks: caller <*> does not hold REAL_GET_TASKS; limiting output,0.8139,<*> W ActivityManager: getRunningAppProcesses: caller <*> does not hold REAL_GET_TASKS; limiting output,0.8118,58.13,196
493,"updateClipping isOverlap:false, getTopPadding=<*>.<*>, Translation=-<*>.<*>",exact,"updateClipping isOverlap<*> getTopPadding=<*>.<*>, Translation<*>",0.9989,"release:lock=<*>, flg=<*>, tag=""RILJ_ACK_WL"", name=<*>"", ws=null, uid=<*>, pid=<*>",0.4443,"updateIsPoweredLocked: wasPowered=false, mIsPowered=false, oldPlugType=<*>, mPlugType=<*>, mBatteryLevel=<*>",0.4403,58.16,196
494,updateDimmedActivatedHideSensitive overlap:false,exact,updateDimmedActivatedHideSensitive overlap<*>,0.9998,resumeSuspendedAutohide,0.5479,suspendAutohide,0.5116,57.41,196
495,getTasks: caller <*> does not hold REAL_GET_TASKS; limiting output,exact,getTasks: caller <*> does not hold REAL_GET_TASKS; limiting output,1.0,<*> W ActivityManager: getTasks: caller <*> does not hold REAL_GET_TASKS; limiting output,0.8241,getRunningAppProcesses: caller <*> does not hold REAL_GET_TASKS; limiting output,0.8139,57.82,196
496,getTasks: caller <*> does not hold REAL_GET_TASKS; limiting output,exact,getTasks: caller <*> does not hold REAL_GET_TASKS; limiting output,1.0,<*> W ActivityManager: getTasks: caller <*> does not hold REAL_GET_TASKS; limiting output,0.8241,getRunningAppProcesses: caller <*> does not hold REAL_GET_TASKS; limiting output,0.8139,57.4,196
497,<*><*> <*>:<*>:<*>.<*> <*> <*> W ActivityManager: getTasks: caller <*> does not hold REAL_GET_TASKS; limiting output,exact,<*> W ActivityManager: getTasks: caller <*> does not hold REAL_GET_TASKS; limiting output,1.0,<*> W ActivityManager: getRunningAppProcesses: caller <*> does not hold REAL_GET_TASKS; limiting output,0.9301,getTasks: caller <*> does not hold REAL_GET_TASKS; limiting output,0.8241,60.0,196
498,getTasks: caller <*> does not hold REAL_GET_TASKS; limiting output,exact,getTasks: caller <*> does not hold REAL_GET_TASKS; limiting output,1.0,<*> W ActivityManager: getTasks: caller <*> does not hold REAL_GET_TASKS; limiting output,0.8241,getRunningAppProcesses: caller <*> does not hold REAL_GET_TASKS; limiting output,0.8139,59.09,196
499,<*><*> <*>:<*>:<*>.<*> <*> <*> W ActivityManager: getTasks: caller <*> does not hold REAL_GET_TASKS; limiting output,exact,<*> W ActivityManager: getTasks: caller <*> does not hold REAL_GET_TASKS; limiting output,1.0,<*> W ActivityManager: getRunningAppProcesses: caller <*> does not hold REAL_GET_TASKS; limiting output,0.9301,getTasks: caller <*> does not hold REAL_GET_TASKS; limiting output,0.8241,60.7,196
500,getRunningAppProcesses: caller <*> does not hold REAL_GET_TASKS; limiting output,exact,getRunningAppProcesses: caller <*> does not hold REAL_GET_TASKS; limiting output,1.0,getTasks: caller <*> does not hold REAL_GET_TASKS; limiting output,0.8139,<*> W ActivityManager: getRunningAppProcesses: caller <*> does not hold REAL_GET_TASKS; limiting output,0.8118,58.43,196
501,"sending alarm Alarm{<*> type <*> when <*> PendingIntent{<*>: PendingIntentRecord{<*> <*> broadcastIntent}}},repeatInterval = <*>,listenerTag =null",exact,"sending alarm Alarm{<*> type <*> when <*> PendingIntent{<*>: PendingIntentRecord{<*> com.android.phone<*> broadcastIntent}}},repeatInterval = <*>,listenerTag =null",1.0,"sending alarm Alarm{<*> type <*> when <*> PendingIntent{<*>: PendingIntentRecord{<*> android broadcastIntent}}},repeatInterval = <*>,listenerTag =time_tick",0.9124,"<*> I NotificationManager: cancelNotificationWithTag pid <*>,uid = <*>,tag = null,pkg =<*>,id =<*>",0.5458,60.08,196
502,"ready=true,policy=<*>,wakefulness=<*>,wksummary=<*>,uasummary=<*>,bootcompleted=true,boostinprogress=false,waitmodeenable=false,mode=false,manual=<*>,auto=-<*>,adj=<*>.0userId=<*>",exact,"ready=true,policy=<*>,wakefulness=<*>,wksummary=<*>,uasummary=<*>,bootcompleted=true,boostinprogress=false,waitmodeenable=false,mode=false,manual=<*>,auto=-<*>,adj=<*>.0userId=<*>",1.0,"<*> D PowerManagerService: ready=true,policy=<*>,wakefulness=<*>,wksummary=<*>,uasummary=<*>,bootcompleted=true,boostinprogress=false,waitmodeenable=false,mode=false,manual=<*>,auto=-<*>,adj=<*>.0userId=<*>",0.7294,"updateIsPoweredLocked: wasPowered=false, mIsPowered=false, oldPlugType=<*>, mPlugType=<*>, mBatteryLevel=<*>",0.5091,63.27,196
503,"Acquiring suspend blocker ""PowerManagerService.WakeLocks"".",exact,"Acquiring suspend blocker ""PowerManagerService.WakeLocks"".",1.0,"Releasing suspend blocker ""PowerManagerService.WakeLocks"".",0.91,"<*> D PowerManagerService: <*> suspend blocker ""PowerManagerService.WakeLocks"".",0.88,58.14,196
504,"ready=true,policy=<*>,wakefulness=<*>,wksummary=<*>,uasummary=<*>,bootcompleted=true,boostinprogress=false,waitmodeenable=false,mode=false,manual=<*>,auto=-<*>,adj=<*>.0userId=<*>",exact,"ready=true,policy=<*>,wakefulness=<*>,wksummary=<*>,uasummary=<*>,bootcompleted=true,boostinprogress=false,waitmodeenable=false,mode=false,manual=<*>,auto=-<*>,adj=<*>.0userId=<*>",1.0,"<*> D PowerManagerService: ready=true,policy=<*>,wakefulness=<*>,wksummary=<*>,uasummary=<*>,bootcompleted=true,boostinprogress=false,waitmodeenable=false,mode=false,manual=<*>,auto=-<*>,adj=<*>.0userId=<*>",0.7294,"updateIsPoweredLocked: wasPowered=false, mIsPowered=false, oldPlugType=<*>, mPlugType=<*>, mBatteryLevel=<*>",0.5091,62.27,196
505,"Releasing suspend blocker ""PowerManagerService.WakeLocks"".",exact,"Releasing suspend blocker ""PowerManagerService.WakeLocks"".",1.0,"Acquiring suspend blocker ""PowerManagerService.WakeLocks"".",0.91,"<*> D PowerManagerService: <*> suspend blocker ""PowerManagerService.WakeLocks"".",0.8959,58.19,196
506,"ready=true,policy=<*>,wakefulness=<*>,wksummary=<*>,uasummary=<*>,bootcompleted=true,boostinprogress=false,waitmodeenable=false,mode=false,manual=<*>,auto=-<*>,adj=<*>.0userId=<*>",exact,"ready=true,policy=<*>,wakefulness=<*>,wksummary=<*>,uasummary=<*>,bootcompleted=true,boostinprogress=false,waitmodeenable=false,mode=false,manual=<*>,auto=-<*>,adj=<*>.0userId=<*>",1.0,"<*> D PowerManagerService: ready=true,policy=<*>,wakefulness=<*>,wksummary=<*>,uasummary=<*>,bootcompleted=true,boostinprogress=false,waitmodeenable=false,mode=false,manual=<*>,auto=-<*>,adj=<*>.0userId=<*>",0.7294,"updateIsPoweredLocked: wasPowered=false, mIsPowered=false, oldPlugType=<*>, mPlugType=<*>, mBatteryLevel=<*>",0.5091,61.35,196
507,"Acquiring suspend blocker ""PowerManagerService.WakeLocks"".",exact,"Acquiring suspend blocker ""PowerManagerService.WakeLocks"".",1.0,"Releasing suspend blocker ""PowerManagerService.WakeLocks"".",0.91,"<*> D PowerManagerService: <*> suspend blocker ""PowerManagerService.WakeLocks"".",0.88,57.41,196
508,"updateClipping isOverlap:false, getTopPadding=<*>.<*>, Translation=-<*>.<*>",exact,"updateClipping isOverlap<*> getTopPadding=<*>.<*>, Translation<*>",0.9991,"release:lock=<*>, flg=<*>, tag=""RILJ_ACK_WL"", name=<*>"", ws=null, uid=<*>, pid=<*>",0.4443,"updateIsPoweredLocked: wasPowered=false, mIsPowered=false, oldPlugType=<*>, mPlugType=<*>, mBatteryLevel=<*>",0.4403,57.5,196
509,updateDimmedActivatedHideSensitive overlap:false,exact,updateDimmedActivatedHideSensitive overlap<*>,0.9999,resumeSuspendedAutohide,0.5479,suspendAutohide,0.5116,56.88,196
510,logNotificationVisibilityChanges runInThread start,exact,logNotificationVisibilityChanges runInThread start,1.0,logNotificationVisibilityChanges runInThread over,0.9482,onNotificationVisibilityChanged called,0.6008,56.48,196
511,onNotificationVisibilityChanged called,exact,onNotificationVisibilityChanged called,1.0,<*> I NotificationManager: <*> called,0.7052,"notifyUiVisibilityChanged:vis=<*>, SystemUiVisibility=<*>",0.6485,56.24,196
512,logNotificationVisibilityChanges runInThread over,exact,logNotificationVisibilityChanges runInThread over,1.0,logNotificationVisibilityChanges runInThread start,0.9482,onNotificationVisibilityChanged called,0.6184,56.32,196
513,"<*><*> <*>:<*>:<*>.<*> <*> <*> D PowerManagerService: ready=true,policy=<*>,wakefulness=<*>,wksummary=<*>,uasummary=<*>,bootcompleted=true,boostinprogress=false,waitmodeenable=false,mode=false,manual=<*>,auto=-<*>,adj=<*>.0userId=<*>",exact,"<*> D PowerManagerService: ready=true,policy=<*>,wakefulness=<*>,wksummary=<*>,uasummary=<*>,bootcompleted=true,boostinprogress=false,waitmodeenable=false,mode=false,manual=<*>,auto=-<*>,adj=<*>.0userId=<*>",1.0,<*> D PowerManagerService: <*> pid=<*>,0.8163,"<*> D PowerManagerService: <*> suspend blocker ""PowerManagerService.WakeLocks"".",0.7794,64.48,196
514,"<*><*> <*>:<*>:<*>.<*> <*> <*> D PowerManagerService: Releasing suspend blocker ""PowerManagerService.WakeLocks"".",exact,"<*> D PowerManagerService: <*> suspend blocker ""PowerManagerService.WakeLocks"".",0.9947,"Releasing suspend blocker ""PowerManagerService.WakeLocks"".",0.9076,"Acquiring suspend blocker ""PowerManagerService.WakeLocks"".",0.8568,59.93,196
515,"userActivityNoUpdateLocked: eventTime=<*>, event=<*>, flags=<*>, uid=<*>",exact,"userActivityNoUpdateLocked: eventTime=<*>, event=<*>, flags=<*>, uid=<*>",0.9997,"cancelNotificationLocked called,tell the app,reason = <*>",0.5343,"release:lock=<*>, flg=<*>, tag=""SCREEN_FROZEN"", name=android"", ws=null, uid=<*>, pid=<*>",0.4766,59.17,196
516,"ready=true,policy=<*>,wakefulness=<*>,wksummary=<*>,uasummary=<*>,bootcompleted=true,boostinprogress=false,waitmodeenable=false,mode=false,manual=<*>,auto=-<*>,adj=<*>.0userId=<*>",exact,"ready=true,policy=<*>,wakefulness=<*>,wksummary=<*>,uasummary=<*>,bootcompleted=true,boostinprogress=false,waitmodeenable=false,mode=false,manual=<*>,auto=-<*>,adj=<*>.0userId=<*>",1.0,"<*> D PowerManagerService: ready=true,policy=<*>,wakefulness=<*>,wksummary=<*>,uasummary=<*>,bootcompleted=true,boostinprogress=false,waitmodeenable=false,mode=false,manual=<*>,auto=-<*>,adj=<*>.0userId=<*>",0.7294,"updateIsPoweredLocked: wasPowered=false, mIsPowered=false, oldPlugType=<*>, mPlugType=<*>, mBatteryLevel=<*>",0.5091,62.05,196
517,"onInterceptTouchEvent MotionEvent { action=ACTION_DOWN, actionButton=<*>, id[<*>]=<*>, x[<*>]=<*>.<*>, y[<*>]=<*>.<*>, toolType[<*>]=TOOL_TYPE_FINGER, buttonState=<*>, metaState=<*>, flags=<*>, edgeFlags=<*>, pointerCount=<*>, historySize=<*>, eventTime=<*>, downTime=<*>, deviceId=<*>, source=<*> }, mBlockTouches=false",exact,"onInterceptTouchEvent MotionEvent { action<*> actionButton=<*>, id[<*>]=<*>, x[<*>]=<*>.<*>, y[<*>]=<*>.<*>, toolType[<*>]=TOOL_TYPE_FINGER, buttonState=<*>, metaState=<*>, flags=<*>, edgeFlags=<*>, pointerCount=<*>, historySize=<*>, eventTime=<*>, downTime=<*>, deviceId=<*>, source=<*> }, mBlockTouches=false",0.9988,"<*> D ActivityManager: Skipping, withExcluded: false, tr.intent:Intent { act=<*> dat=tel:xxxxxxxxxxx flg=<*> cmp=<*>/.ChooseSubActivity (has extras) }",0.4693,<*> I ActivityManager: START u0 {act=<*> flg=<*> cmp=<*>/.activity.SplashActivity (has extras)} from uid <*> on display <*>,0.4662,67.77,196
518,"updateClipping isOverlap:false, getTopPadding=<*>.<*>, Translation=-<*>.<*>",exact,"updateClipping isOverlap<*> getTopPadding=<*>.<*>, Translation<*>",0.9992,"release:lock=<*>, flg=<*>, tag=""RILJ_ACK_WL"", name=<*>"", ws=null, uid=<*>, pid=<*>",0.4443,"updateIsPoweredLocked: wasPowered=false, mIsPowered=false, oldPlugType=<*>, mPlugType=<*>, mBatteryLevel=<*>",0.4403,58.84,196
519,updateDimmedActivatedHideSensitive overlap:false,exact,updateDimmedActivatedHideSensitive overlap<*>,0.9999,resumeSuspendedAutohide,0.5479,suspendAutohide,0.5116,57.37,196
520,"onInterceptTouchEvent MotionEvent { action=ACTION_UP, actionButton=<*>, id[<*>]=<*>, x[<*>]=<*>.<*>, y[<*>]=<*>.<*>, toolType[<*>]=TOOL_TYPE_FINGER, buttonState=<*>, metaState=<*>, flags=<*>, edgeFlags=<*>, pointerCount=<*>, historySize=<*>, eventTime=<*>, downTime=<*>, deviceId=<*>, source=<*> }, mBlockTouches=false",exact,"onInterceptTouchEvent MotionEvent { action<*> actionButton=<*>, id[<*>]=<*>, x[<*>]=<*>.<*>, y[<*>]=<*>.<*>, toolType[<*>]=TOOL_TYPE_FINGER, buttonState=<*>, metaState=<*>, flags=<*>, edgeFlags=<*>, pointerCount=<*>, historySize=<*>, eventTime=<*>, downTime=<*>, deviceId=<*>, source=<*> }, mBlockTouches=false",0.9981,"<*> D ActivityManager: Skipping, withExcluded: false, tr.intent:Intent { act=<*> dat=tel:xxxxxxxxxxx flg=<*> cmp=<*>/.ChooseSubActivity (has extras) }",0.4686,"<*> D ActivityManager: ActivityManagerService,attachApplication,callingPid = <*>",0.4681,71.91,196
521,HBM brightnessIn =<*>,exact,HBM brightnessIn =<*>,1.0,HBM brightnessOut =<*>,0.9267,"Animating brightness: target=<*>, rate=<*>",0.5363,62.33,196
522,HBM brightnessOut =<*>,exact,HBM brightnessOut =<*>,1.0,HBM brightnessIn =<*>,0.9267,"Animating brightness: target=<*>, rate=<*>",0.4981,57.15,196
523,"Animating brightness: target=<*>, rate=<*>",exact,"Animating brightness: target=<*>, rate=<*>",1.0,HBM brightnessIn =<*>,0.5363,HBM brightnessOut =<*>,0.4981,57.14,196
524,playSoundEffect effectType: <*>,exact,playSoundEffect effectType: <*>,1.0,<*> V AudioManager: playSoundEffect effectType: <*>,0.7282,<*> V AudioManager: querySoundEffectsEnabled...,0.5239,57.16,196
525,querySoundEffectsEnabled...,exact,querySoundEffectsEnabled...,1.0,playSoundEffect effectType: <*>,0.4443,<*> V AudioManager: querySoundEffectsEnabled...,0.4433,57.04,196
526,"updateNotificationShade: total=<*>, active=<*>",exact,"updateNotificationShade: total=<*>, active=<*>",1.0,addNotification key=<*>|<*>|<*>|null|<*>,0.5749,<*> I NotificationManager: <*> called,0.5706,57.78,196
527,removeNotificationChildren,exact,removeNotificationChildren,1.0,removeNotification:<*>|<*>|<*>|null|<*>,0.574,<*> I NotificationManager: <*> called,0.5072,57.68,196
528,"animateCollapsePanels:flags=<*>, force=true, delayed=true, mExpandedVisible=true",exact,"animateCollapsePanels:flags=<*>, force<*> delayed<*> mExpandedVisible<*>",0.996,makeExpandedInvisible: mExpandedVisible=true,0.5059,instantCollapse,0.4404,58.15,196
529,closeQs,exact,closeQs,1.0,cancelNotificationLocked:<*>|<*>|<*>|null|<*>,0.2927,querySoundEffectsEnabled...,0.2804,56.91,196
530,cancelPeek: false,exact,cancelPeek: false,1.0,"cancelNotificationLocked,remove =<*>",0.6466,cancelNotificationLocked:<*>|<*>|<*>|null|<*>,0.627,56.83,196
531,instantCollapse,exact,instantCollapse,1.0,"animateCollapsePanels:flags=<*>, force<*> delayed<*> mExpandedVisible<*>",0.4332,onExpandingStarted,0.3329,57.23,196
532,cancelPeek: false,exact,cancelPeek: false,1.0,"cancelNotificationLocked,remove =<*>",0.6466,cancelNotificationLocked:<*>|<*>|<*>|null|<*>,0.627,57.29,196
533,"updateNotificationShade: total=<*>, active=<*>",exact,"updateNotificationShade: total=<*>, active=<*>",1.0,addNotification key=<*>|<*>|<*>|null|<*>,0.5749,<*> I NotificationManager: <*> called,0.5706,57.3,196
534,removeNotificationChildren,exact,removeNotificationChildren,1.0,removeNotification:<*>|<*>|<*>|null|<*>,0.574,<*> I NotificationManager: <*> called,0.5072,56.83,196
535,logNotificationVisibilityChanges runInThread start,exact,logNotificationVisibilityChanges runInThread start,1.0,logNotificationVisibilityChanges runInThread over,0.9482,onNotificationVisibilityChanged called,0.6008,57.21,196
536,onNotificationVisibilityChanged called,exact,onNotificationVisibilityChanged called,1.0,<*> I NotificationManager: <*> called,0.7052,"notifyUiVisibilityChanged:vis=<*>, SystemUiVisibility=<*>",0.6485,57.09,196
537,logNotificationVisibilityChanges runInThread over,exact,logNotificationVisibilityChanges runInThread over,1.0,logNotificationVisibilityChanges runInThread start,0.9482,onNotificationVisibilityChanged called,0.6184,57.77,196
538,START u0 {flg=<*> cmp=<*>/.ui.LauncherUI (has extras)} from uid <*> on display <*>,fuzzy,<*> I ActivityManager: START u0 {act=<*> flg=<*> cmp=<*>/.activity.SplashActivity (has extras)} from uid <*> on display <*>,0.6885,"START u0 {act=<*> cat=[<*>] flg=<*> cmp=<*>/.NotePadActivity bnds=[<*>,<*>][<*>,<*>]} from uid <*> on display <*>",0.6147,<*> I WindowManager: The change in focus caused us to need to do a layout <*>,0.42,58.75,196
539,"ActivityRecord info: ActivityInfo{<*> <*>}, euid: <*>",exact,"ActivityRecord info: ActivityInfo{<*> <*>}, euid: <*>",1.0,"<*> I ActivityManager: ActivityRecord info: ActivityInfo{<*> <*>}, euid: <*>",0.8814,"ACTIVITY check resid: <*>, size=<*>",0.5581,57.95,196
540,"overlapAmount:<*>.<*>, previousNotificationEnd:<*>.<*>, newYTranslation:-<*>.<*>, location:<*>, i:<*>, getTopPadding:<*>.<*>, getLocationOnScreen():-<*>",exact,"overlapAmount:<*>.<*>, previousNotificationEnd:<*>.<*>, newYTranslation:-<*>.<*>, location:<*>, i:<*>, getTopPadding:<*>.<*>, getLocationOnScreen():-<*>",1.0,<*> I WindowManager: The change in focus caused us to need to do a layout <*>,0.4977,"setSystemUiVisibility vis=<*> mask=<*> oldVal=<*> newVal=<*> diff=<*> fullscreenStackVis=<*> dockedStackVis=<*>, fullscreenStackBounds=Rect(<*>, <*> - <*>, <*>), dockedStackBounds=Rect(<*>, <*> - <*>, <*>)",0.4857,61.13,196
541,"state.clipTopAmount:<*>, i:<*>",exact,"state.clipTopAmount:<*>, i:<*>",1.0,"state.clipTopAmount:-<*>, i:<*>",0.9949,"overlapAmount:<*>.<*>, previousNotificationEnd:<*>.<*>, newYTranslation:-<*>.<*>, location:<*>, i:<*>, getTopPadding:<*>.<*>, getLocationOnScreen():-<*>",0.4475,57.73,196
542,"updateClipping isOverlap:true, getTopPadding=<*>.<*>, Translation=-<*>.<*>",partial,"updateClipping isOverlap<*> getTopPadding=<*>.<*>, Translation<*>",0.9896,"overlapAmount:<*>.<*>, previousNotificationEnd:<*>.<*>, newYTranslation:-<*>.<*>, location:<*>, i:<*>, getTopPadding:<*>.<*>, getLocationOnScreen():-<*>",0.4534,"release:lock=<*>, flg=<*>, tag=""RILJ_ACK_WL"", name=<*>"", ws=null, uid=<*>, pid=<*>",0.4352,58.51,196
543,updateDimmedActivatedHideSensitive overlap:true,exact,updateDimmedActivatedHideSensitive overlap<*>,0.9953,resumeSuspendedAutohide,0.5542,suspendAutohide,0.5141,57.62,196
544,makeExpandedInvisible: mExpandedVisible=true,exact,makeExpandedInvisible: mExpandedVisible=true,1.0,"notifyUiVisibilityChanged:vis=<*>, SystemUiVisibility=<*>",0.5202,"animateCollapsePanels:flags=<*>, force<*> delayed<*> mExpandedVisible<*>",0.5185,57.49,196
545,closeQs,exact,closeQs,1.0,cancelNotificationLocked:<*>|<*>|<*>|null|<*>,0.2927,querySoundEffectsEnabled...,0.2804,57.02,196
546,cancelPeek: false,exact,cancelPeek: false,1.0,"cancelNotificationLocked,remove =<*>",0.6466,cancelNotificationLocked:<*>|<*>|<*>|null|<*>,0.627,57.02,196
547,instantCollapse,exact,instantCollapse,1.0,"animateCollapsePanels:flags=<*>, force<*> delayed<*> mExpandedVisible<*>",0.4332,onExpandingStarted,0.3329,56.71,196
548,cancelPeek: false,exact,cancelPeek: false,1.0,"cancelNotificationLocked,remove =<*>",0.6466,cancelNotificationLocked:<*>|<*>|<*>|null|<*>,0.627,57.36,196
549,"updateNotificationShade: total=<*>, active=<*>",exact,"updateNotificationShade: total=<*>, active=<*>",1.0,addNotification key=<*>|<*>|<*>|null|<*>,0.5749,<*> I NotificationManager: <*> called,0.5706,58.11,196
550,removeNotificationChildren,exact,removeNotificationChildren,1.0,removeNotification:<*>|<*>|<*>|null|<*>,0.574,<*> I NotificationManager: <*> called,0.5072,57.1,196
551,closeQs,exact,closeQs,1.0,cancelNotificationLocked:<*>|<*>|<*>|null|<*>,0.2927,querySoundEffectsEnabled...,0.2804,56.92,196
552,startActivity called from non-Activity context; forcing Intent.FLAG_ACTIVITY_NEW_TASK for: Intent { flg=<*> cmp=<*>/.ui.LauncherUI (has extras) },new,startActivity called from non-Activity context; forcing Intent.FLAG_ACTIVITY_NEW_TASK for: Intent { flg=<*> cmp=<*>/.ui.LauncherUI (has extras) },1.0,,0.0,,0.0,59.89,197
553,resumeSuspendedAutohide,exact,resumeSuspendedAutohide,1.0,suspendAutohide,0.771,cancelAutohide,0.6555,57.54,197
554,disable: < expand icons* alerts system_info* back home recent clock navigationbar search quick_settings >,exact,disable: < expand <*> alerts <*> back home recent clock navigationbar search quick_settings >,1.0,"<*> I ActivityManager: cleanUpApplicationRecordLocked, <*> pid<*> restart<*> <*>",0.4313,"notifyUiVisibilityChanged:vis=<*>, SystemUiVisibility=<*>",0.4172,59.58,197
555,"overlapAmount:<*>.<*>, previousNotificationEnd:<*>.<*>, newYTranslation:-<*>.<*>, location:<*>, i:<*>, getTopPadding:<*>.<*>, getLocationOnScreen():-<*>",exact,"overlapAmount:<*>.<*>, previousNotificationEnd:<*>.<*>, newYTranslation:-<*>.<*>, location:<*>, i:<*>, getTopPadding:<*>.<*>, getLocationOnScreen():-<*>",1.0,<*> I WindowManager: The change in focus caused us to need to do a layout <*>,0.4977,"setSystemUiVisibility vis=<*> mask=<*> oldVal=<*> newVal=<*> diff=<*> fullscreenStackVis=<*> dockedStackVis=<*>, fullscreenStackBounds=Rect(<*>, <*> - <*>, <*>), dockedStackBounds=Rect(<*>, <*> - <*>, <*>)",0.4857,61.27,197
556,"state.clipTopAmount:<*>, i:<*>",exact,"state.clipTopAmount:<*>, i:<*>",1.0,"state.clipTopAmount:-<*>, i:<*>",0.9949,"overlapAmount:<*>.<*>, previousNotificationEnd:<*>.<*>, newYTranslation:-<*>.<*>, location:<*>, i:<*>, getTopPadding:<*>.<*>, getLocationOnScreen():-<*>",0.4475,57.89,197
557,"updateClipping isOverlap:true, getTopPadding=<*>.<*>, Translation=-<*>.<*>",exact,"updateClipping isOverlap<*> getTopPadding=<*>.<*>, Translation<*>",0.991,"overlapAmount:<*>.<*>, previousNotificationEnd:<*>.<*>, newYTranslation:-<*>.<*>, location:<*>, i:<*>, getTopPadding:<*>.<*>, getLocationOnScreen():-<*>",0.4534,"release:lock=<*>, flg=<*>, tag=""RILJ_ACK_WL"", name=<*>"", ws=null, uid=<*>, pid=<*>",0.4352,58.25,197
558,updateDimmedActivatedHideSensitive overlap:true,exact,updateDimmedActivatedHideSensitive overlap<*>,0.996,resumeSuspendedAutohide,0.5542,suspendAutohide,0.5141,58.06,197
559,makeExpandedInvisible: mExpandedVisible=false,partial,makeExpandedInvisible: mExpandedVisible=true,0.9873,"notifyUiVisibilityChanged:vis=<*>, SystemUiVisibility=<*>",0.5178,"animateCollapsePanels:flags=<*>, force<*> delayed<*> mExpandedVisible<*>",0.5083,57.76,197
560,"acquire lock=<*>, flags=<*>, tag=""*launch*"", name=android, ws=WorkSource{<*>}, uid=<*>, pid=<*>",exact,"acquire lock=<*>, flags=<*>, tag=""*launch*"", name=android, ws=WorkSource{<*>}, uid=<*>, pid=<*>",1.0,"release:lock=<*>, flg=<*>, tag=""*launch*"", name=android"", ws=WorkSource{<*>}, uid=<*>, pid=<*>",0.8405,"acquire lock=<*>, flags=<*>, tag=""WiredAccessoryManager"", name=android, ws=null, uid=<*>, pid=<*>",0.763,60.09,197
561,"ready=true,policy=<*>,wakefulness=<*>,wksummary=<*>,uasummary=<*>,bootcompleted=true,boostinprogress=false,waitmodeenable=false,mode=false,manual=<*>,auto=-<*>,adj=<*>.0userId=<*>",exact,"ready=true,policy=<*>,wakefulness=<*>,wksummary=<*>,uasummary=<*>,bootcompleted=true,boostinprogress=false,waitmodeenable=false,mode=false,manual=<*>,auto=-<*>,adj=<*>.0userId=<*>",1.0,"<*> D PowerManagerService: ready=true,policy=<*>,wakefulness=<*>,wksummary=<*>,uasummary=<*>,bootcompleted=true,boostinprogress=false,waitmodeenable=false,mode=false,manual=<*>,auto=-<*>,adj=<*>.0userId=<*>",0.7294,"updateIsPoweredLocked: wasPowered=false, mIsPowered=false, oldPlugType=<*>, mPlugType=<*>, mBatteryLevel=<*>",0.5091,61.93,197
562,"Acquiring suspend blocker ""PowerManagerService.WakeLocks"".",exact,"Acquiring suspend blocker ""PowerManagerService.WakeLocks"".",1.0,"Releasing suspend blocker ""PowerManagerService.WakeLocks"".",0.91,"<*> D PowerManagerService: <*> suspend blocker ""PowerManagerService.WakeLocks"".",0.8761,58.21,197
563,onNotificationClick called,fuzzy,<*> I NotificationManager: onNotificationClick called,0.7844,onNotificationVisibilityChanged called,0.6523,<*> I NotificationManager: <*> called,0.6513,57.36,197
564,"cancelNotification,index:<*>",exact,"cancelNotification,index:<*>",1.0,"cancelNotification,index:-<*>",0.985,"cancelNotificationLocked,remove =<*>",0.74,57.39,197
565,applyOptionsLocked: Unknown animationType=<*>,fuzzy,<*> E ActivityManager: applyOptionsLocked: Unknown animationType=<*>,0.7562,playSoundEffect effectType: <*>,0.4035,"orientation change is complete, call stopFreezingDisplayLocked",0.3988,57.79,197
566,<*><*> <*>:<*>:<*>.<*> <*> <*> W ActivityManager: getRunningAppProcesses: caller <*> does not hold REAL_GET_TASKS; limiting output,exact,<*> W ActivityManager: getRunningAppProcesses: caller <*> does not hold REAL_GET_TASKS; limiting output,1.0,<*> W ActivityManager: getTasks: caller <*> does not hold REAL_GET_TASKS; limiting output,0.9301,getRunningAppProcesses: caller <*> does not hold REAL_GET_TASKS; limiting output,0.8118,59.87,197
567,"Skipping, withExcluded: false, tr.intent:Intent { flg=<*> cmp=<*>/.recents.RecentsActivity bnds=[<*>,<*>][<*>,<*>] }",exact,"Skipping, withExcluded: false, tr.intent:Intent { flg=<*> cmp=<*>/.recents.RecentsActivity bnds=[<*>,<*>][<*>,<*>] }",1.0,"<*> D ActivityManager: Skipping, withExcluded: false, tr.intent:Intent { flg=<*> cmp=<*>/.recents.RecentsActivity bnds=[<*>,<*>][<*>,<*>] }",0.8529,"Skipping, withExcluded: false, tr.intent:Intent { flg=<*> cmp=<*>/.<*> (has extras) }",0.7771,60.48,197
568,"Skipping, withExcluded: false, tr.intent:Intent { act=<*> flg=<*> cmp=<*>/.InCallActivity (has extras) }",exact,"Skipping, withExcluded: false, tr.intent:Intent { act=<*> flg=<*> cmp=<*>/.InCallActivity (has extras) }",1.0,"Skipping, withExcluded: false, tr.intent:Intent { flg=<*> cmp=<*>/.<*> (has extras) }",0.8996,"Skipping, withExcluded: false, tr.intent:Intent { act=<*> dat=tel:xxxxxxxxxxx flg=<*> cmp=<*>/.ChooseSubActivity (has extras) }",0.861,59.48,197
569,"Skipping, withExcluded: false, tr.intent:Intent { flg=<*> cmp=<*>/.<*> (has extras) }",exact,"Skipping, withExcluded: false, tr.intent:Intent { flg=<*> cmp=<*>/.<*> (has extras) }",1.0,"Skipping, withExcluded: false, tr.intent:Intent { act=<*> flg=<*> cmp=<*>/.InCallActivity (has extras) }",0.8996,"Skipping, withExcluded: false, tr.intent:Intent { act=<*> dat=tel:xxxxxxxxxxx flg=<*> cmp=<*>/.ChooseSubActivity (has extras) }",0.8368,58.57,197
570,"Skipping, withExcluded: false, tr.intent:Intent { flg=<*> cmp=<*>/.<*> (has extras) }",exact,"Skipping, withExcluded: false, tr.intent:Intent { flg=<*> cmp=<*>/.<*> (has extras) }",1.0,"Skipping, withExcluded: false, tr.intent:Intent { act=<*> flg=<*> cmp=<*>/.InCallActivity (has extras) }",0.8996,"Skipping, withExcluded: false, tr.intent:Intent { act=<*> dat=tel:xxxxxxxxxxx flg=<*> cmp=<*>/.ChooseSubActivity (has extras) }",0.8368,58.64,197
571,"Skipping, withExcluded: false, tr.intent:Intent { act=<*> dat=tel:xxxxxxxxxxx flg=<*> cmp=<*>/.ChooseSubActivity (has extras) }",exact,"Skipping, withExcluded: false, tr.intent:Intent { act=<*> dat=tel:xxxxxxxxxxx flg=<*> cmp=<*>/.ChooseSubActivity (has extras) }",1.0,"Skipping, withExcluded: false, tr.intent:Intent { act=<*> flg=<*> cmp=<*>/.InCallActivity (has extras) }",0.861,"<*> D ActivityManager: Skipping, withExcluded: false, tr.intent:Intent { act=<*> dat=tel:xxxxxxxxxxx flg=<*> cmp=<*>/.ChooseSubActivity (has extras) }",0.8481,59.82,197
572,"Skipping, withExcluded: false, tr.intent:Intent { act=<*> dat=file://<*>.apk typ=application<*>.android.package-archive flg=<*> cmp=<*>/.PackageInstallerActivity (has extras) }",exact,"Skipping, withExcluded: false, tr.intent:Intent { act=<*> dat=file://<*>.apk typ=application<*>.android.package-archive flg=<*> cmp=<*>/.PackageInstallerActivity (has extras) }",1.0,"<*> D ActivityManager: Skipping, withExcluded: false, tr.intent:Intent { act=<*> dat=file://<*>.apk typ=application<*>.android.package-archive flg=<*> cmp=<*>/.PackageInstallerActivity (has extras) }",0.8303,"Skipping, withExcluded: false, tr.intent:Intent { flg=<*> cmp=<*>/.<*> (has extras) }",0.6987,61.21,197
573,"getRecentTasks: num=<*>,flags=<*>,totalTasks=<*>",exact,"getRecentTasks: num=<*>,flags=<*>,totalTasks=<*>",1.0,"<*> D ActivityManager: getRecentTasks: num=<*>,flags=<*>,totalTasks=<*>",0.8022,getRecentTasks: topActivity=ComponentInfo{<*><*>.<*>},0.59,58.45,197
574,getRecentTasks: topActivity=ComponentInfo{<*><*>.<*>},exact,getRecentTasks: topActivity=ComponentInfo{<*><*>.<*>},1.0,<*> D ActivityManager: getRecentTasks: topActivity=ComponentInfo{<*><*>.<*>},0.8818,"<*> D ActivityManager: getRecentTasks: num=<*>,flags=<*>,totalTasks=<*>",0.6316,58.36,197
575,"Skipping, withExcluded: false, tr.intent:Intent { flg=<*> cmp=<*>/.recents.RecentsActivity bnds=[<*>,<*>][<*>,<*>] }",exact,"Skipping, withExcluded: false, tr.intent:Intent { flg=<*> cmp=<*>/.recents.RecentsActivity bnds=[<*>,<*>][<*>,<*>] }",1.0,"<*> D ActivityManager: Skipping, withExcluded: false, tr.intent:Intent { flg=<*> cmp=<*>/.recents.RecentsActivity bnds=[<*>,<*>][<*>,<*>] }",0.8529,"Skipping, withExcluded: false, tr.intent:Intent { flg=<*> cmp=<*>/.<*> (has extras) }",0.7771,60.05,197
576,"Skipping, withExcluded: false, tr.intent:Intent { act=<*> flg=<*> cmp=<*>/.InCallActivity (has extras) }",exact,"Skipping, withExcluded: false, tr.intent:Intent { act=<*> flg=<*> cmp=<*>/.InCallActivity (has extras) }",1.0,"Skipping, withExcluded: false, tr.intent:Intent { flg=<*> cmp=<*>/.<*> (has extras) }",0.8996,"Skipping, withExcluded: false, tr.intent:Intent { act=<*> dat=tel:xxxxxxxxxxx flg=<*> cmp=<*>/.ChooseSubActivity (has extras) }",0.861,58.98,197
577,"Skipping, withExcluded: false, tr.intent:Intent { flg=<*> cmp=<*>/.<*> (has extras) }",exact,"Skipping, withExcluded: false, tr.intent:Intent { flg=<*> cmp=<*>/.<*> (has extras) }",1.0,"Skipping, withExcluded: false, tr.intent:Intent { act=<*> flg=<*> cmp=<*>/.InCallActivity (has extras) }",0.8996,"Skipping, withExcluded: false, tr.intent:Intent { act=<*> dat=tel:xxxxxxxxxxx flg=<*> cmp=<*>/.ChooseSubActivity (has extras) }",0.8368,59.26,197
578,"getRecentTasks: num=<*>,flags=<*>,totalTasks=<*>",exact,"getRecentTasks: num=<*>,flags=<*>,totalTasks=<*>",1.0,"<*> D ActivityManager: getRecentTasks: num=<*>,flags=<*>,totalTasks=<*>",0.8022,getRecentTasks: topActivity=ComponentInfo{<*><*>.<*>},0.59,58.93,197
579,getRecentTasks: topActivity=ComponentInfo{<*><*>.<*>},exact,getRecentTasks: topActivity=ComponentInfo{<*><*>.<*>},1.0,<*> D ActivityManager: getRecentTasks: topActivity=ComponentInfo{<*><*>.<*>},0.8818,"<*> D ActivityManager: getRecentTasks: num=<*>,flags=<*>,totalTasks=<*>",0.6316,58.04,197
580,mHeadsUpExistenceChangedRunnable,exact,mHeadsUpExistenceChangedRunnable,1.0,logNotificationVisibilityChanges runInThread start,0.455,logNotificationVisibilityChanges runInThread over,0.4468,57.36,197
581,"updateClipping isOverlap:false, getTopPadding=<*>.<*>, Translation=-<*>.<*>",exact,"updateClipping isOverlap<*> getTopPadding=<*>.<*>, Translation<*>",0.9989,"release:lock=<*>, flg=<*>, tag=""RILJ_ACK_WL"", name=<*>"", ws=null, uid=<*>, pid=<*>",0.4443,"updateIsPoweredLocked: wasPowered=false, mIsPowered=false, oldPlugType=<*>, mPlugType=<*>, mBatteryLevel=<*>",0.4403,58.55,197
582,updateDimmedActivatedHideSensitive overlap:false,exact,updateDimmedActivatedHideSensitive overlap<*>,0.9996,resumeSuspendedAutohide,0.5479,suspendAutohide,0.5116,57.47,197
583,HBM brightnessIn =<*>,exact,HBM brightnessIn =<*>,1.0,HBM brightnessOut =<*>,0.9267,"Animating brightness: target=<*>, rate=<*>",0.5363,57.38,197
584,HBM brightnessOut =<*>,exact,HBM brightnessOut =<*>,1.0,HBM brightnessIn =<*>,0.9267,"Animating brightness: target=<*>, rate=<*>",0.4981,57.9,197
585,"Animating brightness: target=<*>, rate=<*>",exact,"Animating brightness: target=<*>, rate=<*>",1.0,HBM brightnessIn =<*>,0.5363,HBM brightnessOut =<*>,0.4981,57.89,197
586,HBM brightnessIn =<*>,exact,HBM brightnessIn =<*>,1.0,HBM brightnessOut =<*>,0.9267,"Animating brightness: target=<*>, rate=<*>",0.5363,58.02,197
587,HBM brightnessOut =<*>,exact,HBM brightnessOut =<*>,1.0,HBM brightnessIn =<*>,0.9267,"Animating brightness: target=<*>, rate=<*>",0.4981,57.24,197
588,"Animating brightness: target=<*>, rate=<*>",exact,"Animating brightness: target=<*>, rate=<*>",1.0,HBM brightnessIn =<*>,0.5363,HBM brightnessOut =<*>,0.4981,57.87,197
589,HBM brightnessIn =<*>,exact,HBM brightnessIn =<*>,1.0,HBM brightnessOut =<*>,0.9267,"Animating brightness: target=<*>, rate=<*>",0.5363,57.83,197
590,HBM brightnessOut =<*>,exact,HBM brightnessOut =<*>,1.0,HBM brightnessIn =<*>,0.9267,"Animating brightness: target=<*>, rate=<*>",0.4981,57.47,197
591,"Animating brightness: target=<*>, rate=<*>",exact,"Animating brightness: target=<*>, rate=<*>",1.0,HBM brightnessIn =<*>,0.5363,HBM brightnessOut =<*>,0.4981,57.43,197
592,HBM brightnessIn =<*>,exact,HBM brightnessIn =<*>,1.0,HBM brightnessOut =<*>,0.9267,"Animating brightness: target=<*>, rate=<*>",0.5363,57.42,197
593,HBM brightnessOut =<*>,exact,HBM brightnessOut =<*>,1.0,HBM brightnessIn =<*>,0.9267,"Animating brightness: target=<*>, rate=<*>",0.4981,57.27,197
594,"Animating brightness: target=<*>, rate=<*>",exact,"Animating brightness: target=<*>, rate=<*>",1.0,HBM brightnessIn =<*>,0.5363,HBM brightnessOut =<*>,0.4981,58.24,197
595,HBM brightnessIn =<*>,exact,HBM brightnessIn =<*>,1.0,HBM brightnessOut =<*>,0.9267,"Animating brightness: target=<*>, rate=<*>",0.5363,57.43,197
596,HBM brightnessOut =<*>,exact,HBM brightnessOut =<*>,1.0,HBM brightnessIn =<*>,0.9267,"Animating brightness: target=<*>, rate=<*>",0.4981,57.48,197
597,"Animating brightness: target=<*>, rate=<*>",exact,"Animating brightness: target=<*>, rate=<*>",1.0,HBM brightnessIn =<*>,0.5363,HBM brightnessOut =<*>,0.4981,57.71,197
598,HBM brightnessIn =<*>,exact,HBM brightnessIn =<*>,1.0,HBM brightnessOut =<*>,0.9267,"Animating brightness: target=<*>, rate=<*>",0.5363,57.35,197
599,HBM brightnessOut =<*>,exact,HBM brightnessOut =<*>,1.0,HBM brightnessIn =<*>,0.9267,"Animating brightness: target=<*>, rate=<*>",0.4981,57.81,197
600,"Animating brightness: target=<*>, rate=<*>",exact,"Animating brightness: target=<*>, rate=<*>",1.0,HBM brightnessIn =<*>,0.5363,HBM brightnessOut =<*>,0.4981,57.55,197
