log_id,normalised,match_type,top1_template,top1_score,top2_template,top2_score,top3_template,top3_score,latency_ms,store_size
1,workerEnv.init() ok /etc/httpd/conf/workers2.properties,exact,workerEnv.init() ok /etc/httpd/conf/workers2.properties,1.0,mod_jk child workerEnv in error state <*>,0.5216,mod_jk child init 1 -2,0.3325,20.5,6
2,mod_jk child workerEnv in error state 6,exact,mod_jk child workerEnv in error state <*>,0.9905,mod_jk child init 1 -2,0.6569,workerEnv.init() ok /etc/httpd/conf/workers2.properties,0.5231,13.11,6
3,mod_jk child workerEnv in error state 6,exact,mod_jk child workerEnv in error state <*>,0.993,mod_jk child init 1 -2,0.6569,workerEnv.init() ok /etc/httpd/conf/workers2.properties,0.5231,11.45,6
4,mod_jk child workerEnv in error state 6,exact,mod_jk child workerEnv in error state <*>,0.9946,mod_jk child init 1 -2,0.6569,workerEnv.init() ok /etc/httpd/conf/workers2.properties,0.5231,8.93,6
5,mod_jk child workerEnv in error state 6,exact,mod_jk child workerEnv in error state <*>,0.9958,mod_jk child init 1 -2,0.6569,workerEnv.init() ok /etc/httpd/conf/workers2.properties,0.5231,7.73,6
6,jk2_init() Found child 5384 in scoreboard slot 7,partial,jk2_init() Found child child<*> in scoreboard slot <*>,0.9781,jk2_init() Found child <*> in scoreboard slot <*>,0.8927,mod_jk child init 1 -2,0.5895,7.85,6
7,jk2_init() Found child 5385 in scoreboard slot 8,partial,jk2_init() Found child child<*> in scoreboard slot <*>,0.9717,jk2_init() Found child <*> in scoreboard slot <*>,0.8842,mod_jk child init 1 -2,0.5873,7.75,6
8,jk2_init() Found child 5386 in scoreboard slot 9,partial,jk2_init() Found child child<*> in scoreboard slot <*>,0.973,jk2_init() Found child <*> in scoreboard slot <*>,0.8997,mod_jk child init 1 -2,0.5962,7.38,6
9,jk2_init() Found child 5387 in scoreboard slot 6,partial,jk2_init() Found child child<*> in scoreboard slot <*>,0.9809,jk2_init() Found child <*> in scoreboard slot <*>,0.9024,mod_jk child init 1 -2,0.5985,7.48,6
10,workerEnv.init() ok /etc/httpd/conf/workers2.properties,exact,workerEnv.init() ok /etc/httpd/conf/workers2.properties,1.0,mod_jk child workerEnv in error state <*>,0.5234,mod_jk child init 1 -2,0.3325,7.95,6
11,mod_jk child workerEnv in error state 6,exact,mod_jk child workerEnv in error state <*>,0.9966,mod_jk child init 1 -2,0.6569,workerEnv.init() ok /etc/httpd/conf/workers2.properties,0.5231,7.35,6
12,workerEnv.init() ok /etc/httpd/conf/workers2.properties,exact,workerEnv.init() ok /etc/httpd/conf/workers2.properties,1.0,mod_jk child workerEnv in error state <*>,0.5235,mod_jk child init 1 -2,0.3325,7.73,6
13,mod_jk child workerEnv in error state 6,exact,mod_jk child workerEnv in error state <*>,0.9972,mod_jk child init 1 -2,0.6569,workerEnv.init() ok /etc/httpd/conf/workers2.properties,0.5231,7.4,6
14,workerEnv.init() ok /etc/httpd/conf/workers2.properties,exact,workerEnv.init() ok /etc/httpd/conf/workers2.properties,1.0,mod_jk child workerEnv in error state <*>,0.5236,mod_jk child init 1 -2,0.3325,7.76,6
15,mod_jk child workerEnv in error state 6,exact,mod_jk child workerEnv in error state <*>,0.9976,mod_jk child init 1 -2,0.6569,workerEnv.init() ok /etc/httpd/conf/workers2.properties,0.5231,7.29,6
16,workerEnv.init() ok /etc/httpd/conf/workers2.properties,exact,workerEnv.init() ok /etc/httpd/conf/workers2.properties,1.0,mod_jk child workerEnv in error state <*>,0.5236,mod_jk child init 1 -2,0.3325,7.54,6
17,mod_jk child workerEnv in error state 6,exact,mod_jk child workerEnv in error state <*>,0.998,mod_jk child init 1 -2,0.6569,workerEnv.init() ok /etc/httpd/conf/workers2.properties,0.5231,7.17,6
18,jk2_init() Found child 5388 in scoreboard slot 10,partial,jk2_init() Found child child<*> in scoreboard slot <*>,0.9766,jk2_init() Found child <*> in scoreboard slot <*>,0.8941,mod_jk child init 1 -2,0.5916,7.58,6
19,workerEnv.init() ok /etc/httpd/conf/workers2.properties,exact,workerEnv.init() ok /etc/httpd/conf/workers2.properties,1.0,mod_jk child workerEnv in error state <*>,0.5237,mod_jk child init 1 -2,0.3325,7.6,6
20,mod_jk child workerEnv in error state 6,exact,mod_jk child workerEnv in error state <*>,0.9982,mod_jk child init 1 -2,0.6569,workerEnv.init() ok /etc/httpd/conf/workers2.properties,0.5231,7.04,6
21,[client <*>] Directory index forbidden by rule: /var/www/html/,exact,[client <*>] Directory index forbidden by rule: /var/www/html/,1.0,workerEnv.init() ok /etc/httpd/conf/workers2.properties,0.1366,mod_jk child workerEnv in error state <*>,0.1062,7.57,6
22,[client <*>] Directory index forbidden by rule: /var/www/html/,exact,[client <*>] Directory index forbidden by rule: /var/www/html/,1.0,workerEnv.init() ok /etc/httpd/conf/workers2.properties,0.1366,mod_jk child workerEnv in error state <*>,0.1062,7.39,6
23,jk2_init() Found child 5404 in scoreboard slot 8,partial,jk2_init() Found child child<*> in scoreboard slot <*>,0.9527,jk2_init() Found child <*> in scoreboard slot <*>,0.8537,mod_jk child init 1 -2,0.614,7.4,6
24,jk2_init() Found child 5405 in scoreboard slot 9,partial,jk2_init() Found child child<*> in scoreboard slot <*>,0.9598,jk2_init() Found child <*> in scoreboard slot <*>,0.8694,mod_jk child init 1 -2,0.6092,7.7,6
25,jk2_init() Found child 5418 in scoreboard slot 6,partial,jk2_init() Found child child<*> in scoreboard slot <*>,0.9703,jk2_init() Found child <*> in scoreboard slot <*>,0.8861,mod_jk child init 1 -2,0.5999,7.64,6
26,jk2_init() Found child 5419 in scoreboard slot 7,partial,jk2_init() Found child child<*> in scoreboard slot <*>,0.9743,jk2_init() Found child <*> in scoreboard slot <*>,0.894,mod_jk child init 1 -2,0.5889,7.37,6
27,jk2_init() Found child 5417 in scoreboard slot 9,partial,jk2_init() Found child child<*> in scoreboard slot <*>,0.9697,jk2_init() Found child <*> in scoreboard slot <*>,0.8851,mod_jk child init 1 -2,0.588,8.07,6
28,jk2_init() Found child 5416 in scoreboard slot 8,partial,jk2_init() Found child child<*> in scoreboard slot <*>,0.972,jk2_init() Found child <*> in scoreboard slot <*>,0.8792,mod_jk child init 1 -2,0.5977,7.49,6
29,workerEnv.init() ok /etc/httpd/conf/workers2.properties,exact,workerEnv.init() ok /etc/httpd/conf/workers2.properties,1.0,mod_jk child workerEnv in error state <*>,0.5237,mod_jk child init 1 -2,0.3325,7.65,6
30,mod_jk child workerEnv in error state 6,exact,mod_jk child workerEnv in error state <*>,0.9985,mod_jk child init 1 -2,0.6569,workerEnv.init() ok /etc/httpd/conf/workers2.properties,0.5231,7.18,6
31,workerEnv.init() ok /etc/httpd/conf/workers2.properties,exact,workerEnv.init() ok /etc/httpd/conf/workers2.properties,1.0,mod_jk child workerEnv in error state <*>,0.5237,mod_jk child init 1 -2,0.3325,7.59,6
32,mod_jk child workerEnv in error state 6,exact,mod_jk child workerEnv in error state <*>,0.9987,mod_jk child init 1 -2,0.6569,workerEnv.init() ok /etc/httpd/conf/workers2.properties,0.5231,7.19,6
33,workerEnv.init() ok /etc/httpd/conf/workers2.properties,exact,workerEnv.init() ok /etc/httpd/conf/workers2.properties,1.0,mod_jk child workerEnv in error state <*>,0.5237,mod_jk child init 1 -2,0.3325,7.69,6
34,mod_jk child workerEnv in error state 7,partial,mod_jk child workerEnv in error state <*>,0.9894,mod_jk child init 1 -2,0.6508,workerEnv.init() ok /etc/httpd/conf/workers2.properties,0.5226,7.22,6
35,workerEnv.init() ok /etc/httpd/conf/workers2.properties,exact,workerEnv.init() ok /etc/httpd/conf/workers2.properties,1.0,mod_jk child workerEnv in error state <*>,0.5239,mod_jk child init 1 -2,0.3325,7.58,6
36,mod_jk child workerEnv in error state 7,exact,mod_jk child workerEnv in error state <*>,0.9905,mod_jk child init 1 -2,0.6508,workerEnv.init() ok /etc/httpd/conf/workers2.properties,0.5226,7.2,6
37,jk2_init() Found child 5426 in scoreboard slot 6,partial,jk2_init() Found child child<*> in scoreboard slot <*>,0.9621,jk2_init() Found child <*> in scoreboard slot <*>,0.8784,mod_jk child init 1 -2,0.5884,7.34,6
38,jk2_init() Found child 5425 in scoreboard slot 9,partial,jk2_init() Found child child<*> in scoreboard slot <*>,0.9775,jk2_init() Found child <*> in scoreboard slot <*>,0.8918,mod_jk child init 1 -2,0.5898,7.44,6
39,jk2_init() Found child 5428 in scoreboard slot 8,partial,jk2_init() Found child child<*> in scoreboard slot <*>,0.9762,jk2_init() Found child <*> in scoreboard slot <*>,0.8853,mod_jk child init 1 -2,0.5899,7.37,6
40,jk2_init() Found child 5429 in scoreboard slot 9,partial,jk2_init() Found child child<*> in scoreboard slot <*>,0.9807,jk2_init() Found child <*> in scoreboard slot <*>,0.9009,mod_jk child init 1 -2,0.5873,7.44,6
41,jk2_init() Found child 5430 in scoreboard slot 6,partial,jk2_init() Found child child<*> in scoreboard slot <*>,0.9625,jk2_init() Found child <*> in scoreboard slot <*>,0.8742,mod_jk child init 1 -2,0.5942,7.67,6
42,jk2_init() Found child 5434 in scoreboard slot 6,partial,jk2_init() Found child child<*> in scoreboard slot <*>,0.97,jk2_init() Found child <*> in scoreboard slot <*>,0.8797,mod_jk child init 1 -2,0.5936,7.36,6
43,jk2_init() Found child 5433 in scoreboard slot 9,partial,jk2_init() Found child child<*> in scoreboard slot <*>,0.9729,jk2_init() Found child <*> in scoreboard slot <*>,0.8829,mod_jk child init 1 -2,0.5957,7.43,6
44,jk2_init() Found child 5435 in scoreboard slot 7,partial,jk2_init() Found child child<*> in scoreboard slot <*>,0.9769,jk2_init() Found child <*> in scoreboard slot <*>,0.8837,mod_jk child init 1 -2,0.5986,7.31,6
45,jk2_init() Found child 5432 in scoreboard slot 8,partial,jk2_init() Found child child<*> in scoreboard slot <*>,0.9666,jk2_init() Found child <*> in scoreboard slot <*>,0.8696,mod_jk child init 1 -2,0.5915,7.38,6
46,workerEnv.init() ok /etc/httpd/conf/workers2.properties,exact,workerEnv.init() ok /etc/httpd/conf/workers2.properties,1.0,mod_jk child workerEnv in error state <*>,0.5241,mod_jk child init 1 -2,0.3325,7.97,6
47,mod_jk child workerEnv in error state 8,partial,mod_jk child workerEnv in error state <*>,0.9812,mod_jk child init 1 -2,0.6456,workerEnv.init() ok /etc/httpd/conf/workers2.properties,0.5065,7.36,6
48,workerEnv.init() ok /etc/httpd/conf/workers2.properties,exact,workerEnv.init() ok /etc/httpd/conf/workers2.properties,1.0,mod_jk child workerEnv in error state <*>,0.5237,mod_jk child init 1 -2,0.3325,7.72,6
49,mod_jk child workerEnv in error state 7,exact,mod_jk child workerEnv in error state <*>,0.9917,mod_jk child init 1 -2,0.6508,workerEnv.init() ok /etc/httpd/conf/workers2.properties,0.5226,7.25,6
50,workerEnv.init() ok /etc/httpd/conf/workers2.properties,exact,workerEnv.init() ok /etc/httpd/conf/workers2.properties,1.0,mod_jk child workerEnv in error state <*>,0.5238,mod_jk child init 1 -2,0.3325,7.5,6
51,mod_jk child workerEnv in error state 6,exact,mod_jk child workerEnv in error state <*>,0.9976,mod_jk child init 1 -2,0.6569,workerEnv.init() ok /etc/httpd/conf/workers2.properties,0.5231,7.3,6
52,workerEnv.init() ok /etc/httpd/conf/workers2.properties,exact,workerEnv.init() ok /etc/httpd/conf/workers2.properties,1.0,mod_jk child workerEnv in error state <*>,0.5239,mod_jk child init 1 -2,0.3325,7.51,6
53,mod_jk child workerEnv in error state 7,exact,mod_jk child workerEnv in error state <*>,0.9922,mod_jk child init 1 -2,0.6508,workerEnv.init() ok /etc/httpd/conf/workers2.properties,0.5226,7.18,6
54,jk2_init() Found child 5470 in scoreboard slot 9,partial,jk2_init() Found child child<*> in scoreboard slot <*>,0.9674,jk2_init() Found child <*> in scoreboard slot <*>,0.8811,mod_jk child init 1 -2,0.5875,7.34,6
55,jk2_init() Found child 5469 in scoreboard slot 8,partial,jk2_init() Found child child<*> in scoreboard slot <*>,0.9786,jk2_init() Found child <*> in scoreboard slot <*>,0.8946,mod_jk child init 1 -2,0.5863,7.5,6
56,jk2_init() Found child 5474 in scoreboard slot 9,partial,jk2_init() Found child child<*> in scoreboard slot <*>,0.9828,jk2_init() Found child <*> in scoreboard slot <*>,0.8939,mod_jk child init 1 -2,0.589,7.37,6
57,jk2_init() Found child 5475 in scoreboard slot 6,partial,jk2_init() Found child child<*> in scoreboard slot <*>,0.9768,jk2_init() Found child <*> in scoreboard slot <*>,0.8912,mod_jk child init 1 -2,0.6096,7.44,6
58,jk2_init() Found child 5482 in scoreboard slot 9,partial,jk2_init() Found child child<*> in scoreboard slot <*>,0.9767,jk2_init() Found child <*> in scoreboard slot <*>,0.8915,mod_jk child init 1 -2,0.5873,7.73,6
59,jk2_init() Found child 5480 in scoreboard slot 7,partial,jk2_init() Found child child<*> in scoreboard slot <*>,0.9706,jk2_init() Found child <*> in scoreboard slot <*>,0.8895,mod_jk child init 1 -2,0.6036,7.43,6
60,jk2_init() Found child 5479 in scoreboard slot 6,partial,jk2_init() Found child child<*> in scoreboard slot <*>,0.9814,jk2_init() Found child <*> in scoreboard slot <*>,0.8993,mod_jk child init 1 -2,0.5941,7.55,6
61,jk2_init() Found child 5481 in scoreboard slot 8,partial,jk2_init() Found child child<*> in scoreboard slot <*>,0.9724,jk2_init() Found child <*> in scoreboard slot <*>,0.8823,mod_jk child init 1 -2,0.5987,7.73,6
62,workerEnv.init() ok /etc/httpd/conf/workers2.properties,exact,workerEnv.init() ok /etc/httpd/conf/workers2.properties,1.0,mod_jk child workerEnv in error state <*>,0.524,mod_jk child init 1 -2,0.3325,7.66,6
63,workerEnv.init() ok /etc/httpd/conf/workers2.properties,exact,workerEnv.init() ok /etc/httpd/conf/workers2.properties,1.0,mod_jk child workerEnv in error state <*>,0.524,mod_jk child init 1 -2,0.3325,7.68,6
64,mod_jk child workerEnv in error state 8,partial,mod_jk child workerEnv in error state <*>,0.9829,mod_jk child init 1 -2,0.6456,workerEnv.init() ok /etc/httpd/conf/workers2.properties,0.5065,7.08,6
65,workerEnv.init() ok /etc/httpd/conf/workers2.properties,exact,workerEnv.init() ok /etc/httpd/conf/workers2.properties,1.0,mod_jk child workerEnv in error state <*>,0.5236,mod_jk child init 1 -2,0.3325,7.59,6
66,mod_jk child workerEnv in error state 7,exact,mod_jk child workerEnv in error state <*>,0.9929,mod_jk child init 1 -2,0.6508,workerEnv.init() ok /etc/httpd/conf/workers2.properties,0.5226,7.14,6
67,jk2_init() Found child 5484 in scoreboard slot 7,partial,jk2_init() Found child child<*> in scoreboard slot <*>,0.9813,jk2_init() Found child <*> in scoreboard slot <*>,0.8876,mod_jk child init 1 -2,0.5916,7.53,6
68,jk2_init() Found child 5483 in scoreboard slot 6,partial,jk2_init() Found child child<*> in scoreboard slot <*>,0.9765,jk2_init() Found child <*> in scoreboard slot <*>,0.8882,mod_jk child init 1 -2,0.5947,7.42,6
69,workerEnv.init() ok /etc/httpd/conf/workers2.properties,exact,workerEnv.init() ok /etc/httpd/conf/workers2.properties,1.0,mod_jk child workerEnv in error state <*>,0.5237,mod_jk child init 1 -2,0.3325,7.76,6
70,mod_jk child workerEnv in error state 7,exact,mod_jk child workerEnv in error state <*>,0.9935,mod_jk child init 1 -2,0.6508,workerEnv.init() ok /etc/httpd/conf/workers2.properties,0.5226,7.22,6
71,workerEnv.init() ok /etc/httpd/conf/workers2.properties,exact,workerEnv.init() ok /etc/httpd/conf/workers2.properties,1.0,mod_jk child workerEnv in error state <*>,0.5238,mod_jk child init 1 -2,0.3325,7.67,6
72,mod_jk child workerEnv in error state 8,partial,mod_jk child workerEnv in error state <*>,0.9843,mod_jk child init 1 -2,0.6456,workerEnv.init() ok /etc/httpd/conf/workers2.properties,0.5065,7.21,6
73,jk2_init() Found child 5497 in scoreboard slot 7,partial,jk2_init() Found child child<*> in scoreboard slot <*>,0.9806,jk2_init() Found child <*> in scoreboard slot <*>,0.8954,mod_jk child init 1 -2,0.5935,7.46,6
74,jk2_init() Found child 5495 in scoreboard slot 9,partial,jk2_init() Found child child<*> in scoreboard slot <*>,0.9709,jk2_init() Found child <*> in scoreboard slot <*>,0.8874,mod_jk child init 1 -2,0.5762,7.57,6
75,jk2_init() Found child 5494 in scoreboard slot 8,partial,jk2_init() Found child child<*> in scoreboard slot <*>,0.98,jk2_init() Found child <*> in scoreboard slot <*>,0.8872,mod_jk child init 1 -2,0.5859,7.65,6
76,jk2_init() Found child 5496 in scoreboard slot 6,partial,jk2_init() Found child child<*> in scoreboard slot <*>,0.9746,jk2_init() Found child <*> in scoreboard slot <*>,0.8941,mod_jk child init 1 -2,0.5852,7.5,6
77,workerEnv.init() ok /etc/httpd/conf/workers2.properties,exact,workerEnv.init() ok /etc/httpd/conf/workers2.properties,1.0,mod_jk child workerEnv in error state <*>,0.5235,mod_jk child init 1 -2,0.3325,7.47,6
78,workerEnv.init() ok /etc/httpd/conf/workers2.properties,exact,workerEnv.init() ok /etc/httpd/conf/workers2.properties,1.0,mod_jk child workerEnv in error state <*>,0.5235,mod_jk child init 1 -2,0.3325,7.78,6
79,mod_jk child workerEnv in error state 6,exact,mod_jk child workerEnv in error state <*>,0.9964,mod_jk child init 1 -2,0.6569,workerEnv.init() ok /etc/httpd/conf/workers2.properties,0.5231,7.18,6
80,mod_jk child workerEnv in error state 6,exact,mod_jk child workerEnv in error state <*>,0.9966,mod_jk child init 1 -2,0.6569,workerEnv.init() ok /etc/httpd/conf/workers2.properties,0.5231,7.2,6
81,jk2_init() Found child 5499 in scoreboard slot 9,partial,jk2_init() Found child child<*> in scoreboard slot <*>,0.9677,jk2_init() Found child <*> in scoreboard slot <*>,0.889,mod_jk child init 1 -2,0.5707,7.45,6
82,jk2_init() Found child 5498 in scoreboard slot 8,partial,jk2_init() Found child child<*> in scoreboard slot <*>,0.9769,jk2_init() Found child <*> in scoreboard slot <*>,0.8871,mod_jk child init 1 -2,0.5845,7.37,6
83,workerEnv.init() ok /etc/httpd/conf/workers2.properties,exact,workerEnv.init() ok /etc/httpd/conf/workers2.properties,1.0,mod_jk child workerEnv in error state <*>,0.5236,mod_jk child init 1 -2,0.3325,7.54,6
84,workerEnv.init() ok /etc/httpd/conf/workers2.properties,exact,workerEnv.init() ok /etc/httpd/conf/workers2.properties,1.0,mod_jk child workerEnv in error state <*>,0.5236,mod_jk child init 1 -2,0.3325,7.55,6
85,mod_jk child workerEnv in error state 7,exact,mod_jk child workerEnv in error state <*>,0.9935,mod_jk child init 1 -2,0.6508,workerEnv.init() ok /etc/httpd/conf/workers2.properties,0.5226,7.23,6
86,mod_jk child workerEnv in error state 7,exact,mod_jk child workerEnv in error state <*>,0.9939,mod_jk child init 1 -2,0.6508,workerEnv.init() ok /etc/httpd/conf/workers2.properties,0.5226,7.28,6
87,jk2_init() Found child 5500 in scoreboard slot 6,partial,jk2_init() Found child child<*> in scoreboard slot <*>,0.9377,jk2_init() Found child <*> in scoreboard slot <*>,0.8433,mod_jk child init 1 -2,0.6158,7.33,6
88,workerEnv.init() ok /etc/httpd/conf/workers2.properties,exact,workerEnv.init() ok /etc/httpd/conf/workers2.properties,1.0,mod_jk child workerEnv in error state <*>,0.5237,mod_jk child init 1 -2,0.3325,7.56,6
89,mod_jk child workerEnv in error state 6,exact,mod_jk child workerEnv in error state <*>,0.9964,mod_jk child init 1 -2,0.6569,workerEnv.init() ok /etc/httpd/conf/workers2.properties,0.5231,7.25,6
90,jk2_init() Found child 5503 in scoreboard slot 10,partial,jk2_init() Found child child<*> in scoreboard slot <*>,0.9431,jk2_init() Found child <*> in scoreboard slot <*>,0.8459,mod_jk child init 1 -2,0.6191,7.3,6
91,workerEnv.init() ok /etc/httpd/conf/workers2.properties,exact,workerEnv.init() ok /etc/httpd/conf/workers2.properties,1.0,mod_jk child workerEnv in error state <*>,0.5237,mod_jk child init 1 -2,0.3325,7.57,6
92,mod_jk child workerEnv in error state 6,exact,mod_jk child workerEnv in error state <*>,0.9967,mod_jk child init 1 -2,0.6569,workerEnv.init() ok /etc/httpd/conf/workers2.properties,0.5231,7.14,6
93,[client <*>] Directory index forbidden by rule: /var/www/html/,exact,[client <*>] Directory index forbidden by rule: /var/www/html/,1.0,workerEnv.init() ok /etc/httpd/conf/workers2.properties,0.1366,mod_jk child workerEnv in error state <*>,0.1061,7.59,6
94,jk2_init() Found child 5515 in scoreboard slot 7,partial,jk2_init() Found child child<*> in scoreboard slot <*>,0.9715,jk2_init() Found child <*> in scoreboard slot <*>,0.8807,mod_jk child init 1 -2,0.621,7.46,6
95,jk2_init() Found child 5516 in scoreboard slot 8,partial,jk2_init() Found child child<*> in scoreboard slot <*>,0.9721,jk2_init() Found child <*> in scoreboard slot <*>,0.8785,mod_jk child init 1 -2,0.6126,7.29,6
96,workerEnv.init() ok /etc/httpd/conf/workers2.properties,exact,workerEnv.init() ok /etc/httpd/conf/workers2.properties,1.0,mod_jk child workerEnv in error state <*>,0.5238,mod_jk child init 1 -2,0.3325,7.44,6
97,workerEnv.init() ok /etc/httpd/conf/workers2.properties,exact,workerEnv.init() ok /etc/httpd/conf/workers2.properties,1.0,mod_jk child workerEnv in error state <*>,0.5238,mod_jk child init 1 -2,0.3325,7.57,6
98,mod_jk child workerEnv in error state 6,exact,mod_jk child workerEnv in error state <*>,0.9969,mod_jk child init 1 -2,0.6569,workerEnv.init() ok /etc/httpd/conf/workers2.properties,0.5231,7.33,6
99,mod_jk child workerEnv in error state 6,exact,mod_jk child workerEnv in error state <*>,0.997,mod_jk child init 1 -2,0.6569,workerEnv.init() ok /etc/httpd/conf/workers2.properties,0.5231,7.1,6
100,jk2_init() Found child 5517 in scoreboard slot 6,partial,jk2_init() Found child child<*> in scoreboard slot <*>,0.9751,jk2_init() Found child <*> in scoreboard slot <*>,0.8886,mod_jk child init 1 -2,0.6137,7.43,6
101,jk2_init() Found child 5518 in scoreboard slot 9,partial,jk2_init() Found child child<*> in scoreboard slot <*>,0.9804,jk2_init() Found child <*> in scoreboard slot <*>,0.8965,mod_jk child init 1 -2,0.6084,7.49,6
102,workerEnv.init() ok /etc/httpd/conf/workers2.properties,exact,workerEnv.init() ok /etc/httpd/conf/workers2.properties,1.0,mod_jk child workerEnv in error state <*>,0.5238,mod_jk child init 1 -2,0.3325,8.56,6
103,workerEnv.init() ok /etc/httpd/conf/workers2.properties,exact,workerEnv.init() ok /etc/httpd/conf/workers2.properties,1.0,mod_jk child workerEnv in error state <*>,0.5238,mod_jk child init 1 -2,0.3325,8.05,6
104,mod_jk child workerEnv in error state 6,exact,mod_jk child workerEnv in error state <*>,0.9972,mod_jk child init 1 -2,0.6569,workerEnv.init() ok /etc/httpd/conf/workers2.properties,0.5231,9.72,6
105,jk2_init() Found child 5527 in scoreboard slot 7,partial,jk2_init() Found child child<*> in scoreboard slot <*>,0.977,jk2_init() Found child <*> in scoreboard slot <*>,0.8887,mod_jk child init 1 -2,0.6052,8.09,6
106,jk2_init() Found child 5526 in scoreboard slot 9,partial,jk2_init() Found child child<*> in scoreboard slot <*>,0.9806,jk2_init() Found child <*> in scoreboard slot <*>,0.8949,mod_jk child init 1 -2,0.6014,8.13,6
107,jk2_init() Found child 5538 in scoreboard slot 9,partial,jk2_init() Found child child<*> in scoreboard slot <*>,0.9786,jk2_init() Found child <*> in scoreboard slot <*>,0.8893,mod_jk child init 1 -2,0.6125,7.49,6
108,jk2_init() Found child 5565 in scoreboard slot 9,partial,jk2_init() Found child child<*> in scoreboard slot <*>,0.9837,jk2_init() Found child <*> in scoreboard slot <*>,0.8993,mod_jk child init 1 -2,0.6108,8.39,6
109,jk2_init() Found child 5563 in scoreboard slot 7,partial,jk2_init() Found child child<*> in scoreboard slot <*>,0.98,jk2_init() Found child <*> in scoreboard slot <*>,0.8931,mod_jk child init 1 -2,0.6019,7.65,6
110,jk2_init() Found child 5562 in scoreboard slot 6,partial,jk2_init() Found child child<*> in scoreboard slot <*>,0.9762,jk2_init() Found child <*> in scoreboard slot <*>,0.8956,mod_jk child init 1 -2,0.6104,7.6,6
111,jk2_init() Found child 5564 in scoreboard slot 8,partial,jk2_init() Found child child<*> in scoreboard slot <*>,0.9705,jk2_init() Found child <*> in scoreboard slot <*>,0.8806,mod_jk child init 1 -2,0.6189,7.49,6
112,jk2_init() Found child 5567 in scoreboard slot 12,partial,jk2_init() Found child child<*> in scoreboard slot <*>,0.9809,jk2_init() Found child <*> in scoreboard slot <*>,0.8984,mod_jk child init 1 -2,0.6111,7.71,6
113,jk2_init() Found child 5568 in scoreboard slot 13,partial,jk2_init() Found child child<*> in scoreboard slot <*>,0.9832,jk2_init() Found child <*> in scoreboard slot <*>,0.8973,mod_jk child init 1 -2,0.6081,7.7,6
114,jk2_init() Found child 5566 in scoreboard slot 10,partial,jk2_init() Found child child<*> in scoreboard slot <*>,0.9754,jk2_init() Found child <*> in scoreboard slot <*>,0.8925,mod_jk child init 1 -2,0.6175,7.44,6
115,workerEnv.init() ok /etc/httpd/conf/workers2.properties,exact,workerEnv.init() ok /etc/httpd/conf/workers2.properties,1.0,mod_jk child workerEnv in error state <*>,0.5238,mod_jk child init 1 -2,0.3325,7.76,6
116,workerEnv.init() ok /etc/httpd/conf/workers2.properties,exact,workerEnv.init() ok /etc/httpd/conf/workers2.properties,1.0,mod_jk child workerEnv in error state <*>,0.5238,mod_jk child init 1 -2,0.3325,7.64,6
117,workerEnv.init() ok /etc/httpd/conf/workers2.properties,exact,workerEnv.init() ok /etc/httpd/conf/workers2.properties,1.0,mod_jk child workerEnv in error state <*>,0.5238,mod_jk child init 1 -2,0.3325,7.67,6
118,workerEnv.init() ok /etc/httpd/conf/workers2.properties,exact,workerEnv.init() ok /etc/httpd/conf/workers2.properties,1.0,mod_jk child workerEnv in error state <*>,0.5238,mod_jk child init 1 -2,0.3325,7.74,6
119,workerEnv.init() ok /etc/httpd/conf/workers2.properties,exact,workerEnv.init() ok /etc/httpd/conf/workers2.properties,1.0,mod_jk child workerEnv in error state <*>,0.5238,mod_jk child init 1 -2,0.3325,7.56,6
120,workerEnv.init() ok /etc/httpd/conf/workers2.properties,exact,workerEnv.init() ok /etc/httpd/conf/workers2.properties,1.0,mod_jk child workerEnv in error state <*>,0.5238,mod_jk child init 1 -2,0.3325,7.57,6
121,workerEnv.init() ok /etc/httpd/conf/workers2.properties,exact,workerEnv.init() ok /etc/httpd/conf/workers2.properties,1.0,mod_jk child workerEnv in error state <*>,0.5238,mod_jk child init 1 -2,0.3325,7.74,6
122,mod_jk child workerEnv in error state 6,exact,mod_jk child workerEnv in error state <*>,0.9974,mod_jk child init 1 -2,0.6569,workerEnv.init() ok /etc/httpd/conf/workers2.properties,0.5231,7.17,6
123,mod_jk child workerEnv in error state 7,exact,mod_jk child workerEnv in error state <*>,0.9931,mod_jk child init 1 -2,0.6508,workerEnv.init() ok /etc/httpd/conf/workers2.properties,0.5226,7.42,6
124,mod_jk child workerEnv in error state 8,partial,mod_jk child workerEnv in error state <*>,0.9833,mod_jk child init 1 -2,0.6456,workerEnv.init() ok /etc/httpd/conf/workers2.properties,0.5065,7.28,6
125,mod_jk child workerEnv in error state 6,exact,mod_jk child workerEnv in error state <*>,0.9971,mod_jk child init 1 -2,0.6569,workerEnv.init() ok /etc/httpd/conf/workers2.properties,0.5231,7.17,6
126,mod_jk child workerEnv in error state 6,exact,mod_jk child workerEnv in error state <*>,0.9973,mod_jk child init 1 -2,0.6569,workerEnv.init() ok /etc/httpd/conf/workers2.properties,0.5231,7.2,6
127,mod_jk child workerEnv in error state 6,exact,mod_jk child workerEnv in error state <*>,0.9974,mod_jk child init 1 -2,0.6569,workerEnv.init() ok /etc/httpd/conf/workers2.properties,0.5231,7.38,6
128,mod_jk child workerEnv in error state 7,exact,mod_jk child workerEnv in error state <*>,0.993,mod_jk child init 1 -2,0.6508,workerEnv.init() ok /etc/httpd/conf/workers2.properties,0.5226,7.24,6
129,jk2_init() Found child 5579 in scoreboard slot 6,partial,jk2_init() Found child child<*> in scoreboard slot <*>,0.9866,jk2_init() Found child <*> in scoreboard slot <*>,0.9047,mod_jk child init 1 -2,0.6064,7.55,6
130,jk2_init() Found child 5592 in scoreboard slot 8,partial,jk2_init() Found child child<*> in scoreboard slot <*>,0.9856,jk2_init() Found child <*> in scoreboard slot <*>,0.8978,mod_jk child init 1 -2,0.6063,7.62,6
131,jk2_init() Found child 5593 in scoreboard slot 9,partial,jk2_init() Found child child<*> in scoreboard slot <*>,0.9832,jk2_init() Found child <*> in scoreboard slot <*>,0.8994,mod_jk child init 1 -2,0.5924,7.6,6
132,jk2_init() Found child 5616 in scoreboard slot 6,partial,jk2_init() Found child child<*> in scoreboard slot <*>,0.9706,jk2_init() Found child <*> in scoreboard slot <*>,0.8845,mod_jk child init 1 -2,0.6134,7.73,6
133,jk2_init() Found child 5617 in scoreboard slot 7,partial,jk2_init() Found child child<*> in scoreboard slot <*>,0.9742,jk2_init() Found child <*> in scoreboard slot <*>,0.8862,mod_jk child init 1 -2,0.6104,7.46,6
134,jk2_init() Found child 5618 in scoreboard slot 8,partial,jk2_init() Found child child<*> in scoreboard slot <*>,0.9687,jk2_init() Found child <*> in scoreboard slot <*>,0.8809,mod_jk child init 1 -2,0.6109,7.58,6
135,workerEnv.init() ok /etc/httpd/conf/workers2.properties,exact,workerEnv.init() ok /etc/httpd/conf/workers2.properties,1.0,mod_jk child workerEnv in error state <*>,0.5238,mod_jk child init 1 -2,0.3325,7.51,6
136,mod_jk child workerEnv in error state 6,exact,mod_jk child workerEnv in error state <*>,0.9974,mod_jk child init 1 -2,0.6569,workerEnv.init() ok /etc/httpd/conf/workers2.properties,0.5231,7.38,6
137,workerEnv.init() ok /etc/httpd/conf/workers2.properties,exact,workerEnv.init() ok /etc/httpd/conf/workers2.properties,1.0,mod_jk child workerEnv in error state <*>,0.5238,mod_jk child init 1 -2,0.3325,7.81,6
138,mod_jk child workerEnv in error state 7,exact,mod_jk child workerEnv in error state <*>,0.9932,mod_jk child init 1 -2,0.6508,workerEnv.init() ok /etc/httpd/conf/workers2.properties,0.5226,9.45,6
139,workerEnv.init() ok /etc/httpd/conf/workers2.properties,exact,workerEnv.init() ok /etc/httpd/conf/workers2.properties,1.0,mod_jk child workerEnv in error state <*>,0.5239,mod_jk child init 1 -2,0.3325,10.96,6
140,mod_jk child workerEnv in error state 6,exact,mod_jk child workerEnv in error state <*>,0.9973,mod_jk child init 1 -2,0.6569,workerEnv.init() ok /etc/httpd/conf/workers2.properties,0.5231,10.5,6
141,jk2_init() Can't find child 5619 in scoreboard,partial,jk2_init() Found child child<*> in scoreboard slot <*>,0.9145,jk2_init() Found child <*> in scoreboard slot <*>,0.8446,mod_jk child init 1 -2,0.6582,10.41,6
142,workerEnv.init() ok /etc/httpd/conf/workers2.properties,exact,workerEnv.init() ok /etc/httpd/conf/workers2.properties,1.0,mod_jk child workerEnv in error state <*>,0.5239,mod_jk child init 1 -2,0.3325,10.3,6
143,mod_jk child init 1 -2,exact,mod_jk child init 1 -2,1.0,mod_jk child workerEnv in error state <*>,0.6571,jk2_init() Found child child<*> in scoreboard slot <*>,0.6235,10.3,6
144,jk2_init() Can't find child 5620 in scoreboard,partial,jk2_init() Found child child<*> in scoreboard slot <*>,0.8964,jk2_init() Found child <*> in scoreboard slot <*>,0.814,mod_jk child init 1 -2,0.6575,10.35,6
145,workerEnv.init() ok /etc/httpd/conf/workers2.properties,exact,workerEnv.init() ok /etc/httpd/conf/workers2.properties,1.0,mod_jk child workerEnv in error state <*>,0.5239,mod_jk child init 1 -2,0.3325,10.38,6
146,mod_jk child init 1 -2,exact,mod_jk child init 1 -2,1.0,mod_jk child workerEnv in error state <*>,0.6571,jk2_init() Found child child<*> in scoreboard slot <*>,0.6236,10.0,6
147,jk2_init() Can't find child 5621 in scoreboard,partial,jk2_init() Found child child<*> in scoreboard slot <*>,0.909,jk2_init() Found child <*> in scoreboard slot <*>,0.8321,mod_jk child init 1 -2,0.6496,9.38,6
148,workerEnv.init() ok /etc/httpd/conf/workers2.properties,exact,workerEnv.init() ok /etc/httpd/conf/workers2.properties,1.0,mod_jk child workerEnv in error state <*>,0.5239,mod_jk child init 1 -2,0.3325,8.7,6
149,mod_jk child init 1 -2,exact,mod_jk child init 1 -2,1.0,mod_jk child workerEnv in error state <*>,0.6571,jk2_init() Found child child<*> in scoreboard slot <*>,0.6238,7.72,6
150,jk2_init() Can't find child 5622 in scoreboard,partial,jk2_init() Found child child<*> in scoreboard slot <*>,0.915,jk2_init() Found child <*> in scoreboard slot <*>,0.8377,mod_jk child init 1 -2,0.6535,8.05,6
151,workerEnv.init() ok /etc/httpd/conf/workers2.properties,exact,workerEnv.init() ok /etc/httpd/conf/workers2.properties,1.0,mod_jk child workerEnv in error state <*>,0.5239,mod_jk child init 1 -2,0.3325,8.29,6
152,mod_jk child init 1 -2,exact,mod_jk child init 1 -2,1.0,mod_jk child workerEnv in error state <*>,0.6571,jk2_init() Found child child<*> in scoreboard slot <*>,0.6239,7.73,6
153,jk2_init() Found child 5785 in scoreboard slot 6,partial,jk2_init() Found child child<*> in scoreboard slot <*>,0.9776,jk2_init() Found child <*> in scoreboard slot <*>,0.889,mod_jk child init 1 -2,0.6009,8.34,6
154,jk2_init() Found child 5786 in scoreboard slot 7,partial,jk2_init() Found child child<*> in scoreboard slot <*>,0.9803,jk2_init() Found child <*> in scoreboard slot <*>,0.8961,mod_jk child init 1 -2,0.6167,7.79,6
155,jk2_init() Found child 5790 in scoreboard slot 7,partial,jk2_init() Found child child<*> in scoreboard slot <*>,0.9821,jk2_init() Found child <*> in scoreboard slot <*>,0.894,mod_jk child init 1 -2,0.6083,7.85,6
156,jk2_init() Found child 5788 in scoreboard slot 9,partial,jk2_init() Found child child<*> in scoreboard slot <*>,0.9834,jk2_init() Found child <*> in scoreboard slot <*>,0.8952,mod_jk child init 1 -2,0.5896,8.0,6
157,jk2_init() Found child 5789 in scoreboard slot 6,partial,jk2_init() Found child child<*> in scoreboard slot <*>,0.9861,jk2_init() Found child <*> in scoreboard slot <*>,0.9019,mod_jk child init 1 -2,0.5999,7.87,6
158,jk2_init() Found child 5787 in scoreboard slot 8,partial,jk2_init() Found child child<*> in scoreboard slot <*>,0.9817,jk2_init() Found child <*> in scoreboard slot <*>,0.8905,mod_jk child init 1 -2,0.6057,7.98,6
159,workerEnv.init() ok /etc/httpd/conf/workers2.properties,exact,workerEnv.init() ok /etc/httpd/conf/workers2.properties,1.0,mod_jk child workerEnv in error state <*>,0.5239,mod_jk child init 1 -2,0.3325,7.95,6
160,mod_jk child workerEnv in error state 7,exact,mod_jk child workerEnv in error state <*>,0.9933,mod_jk child init 1 -2,0.6508,workerEnv.init() ok /etc/httpd/conf/workers2.properties,0.5226,7.89,6
161,workerEnv.init() ok /etc/httpd/conf/workers2.properties,exact,workerEnv.init() ok /etc/httpd/conf/workers2.properties,1.0,mod_jk child workerEnv in error state <*>,0.5239,mod_jk child init 1 -2,0.3325,9.28,6
162,mod_jk child workerEnv in error state 6,exact,mod_jk child workerEnv in error state <*>,0.9973,mod_jk child init 1 -2,0.6569,workerEnv.init() ok /etc/httpd/conf/workers2.properties,0.5231,8.15,6
163,workerEnv.init() ok /etc/httpd/conf/workers2.properties,exact,workerEnv.init() ok /etc/httpd/conf/workers2.properties,1.0,mod_jk child workerEnv in error state <*>,0.5239,mod_jk child init 1 -2,0.3325,8.55,6
164,mod_jk child workerEnv in error state 7,exact,mod_jk child workerEnv in error state <*>,0.9935,mod_jk child init 1 -2,0.6508,workerEnv.init() ok /etc/httpd/conf/workers2.properties,0.5226,8.04,6
165,workerEnv.init() ok /etc/httpd/conf/workers2.properties,exact,workerEnv.init() ok /etc/httpd/conf/workers2.properties,1.0,mod_jk child workerEnv in error state <*>,0.524,mod_jk child init 1 -2,0.3325,8.32,6
166,mod_jk child workerEnv in error state 6,exact,mod_jk child workerEnv in error state <*>,0.9973,mod_jk child init 1 -2,0.6569,workerEnv.init() ok /etc/httpd/conf/workers2.properties,0.5231,9.51,6
167,jk2_init() Found child 5798 in scoreboard slot 8,partial,jk2_init() Found child child<*> in scoreboard slot <*>,0.9822,jk2_init() Found child <*> in scoreboard slot <*>,0.8913,mod_jk child init 1 -2,0.5955,15.91,6
168,workerEnv.init() ok /etc/httpd/conf/workers2.properties,exact,workerEnv.init() ok /etc/httpd/conf/workers2.properties,1.0,mod_jk child workerEnv in error state <*>,0.524,mod_jk child init 1 -2,0.3325,25.14,6
169,mod_jk child workerEnv in error state 6,exact,mod_jk child workerEnv in error state <*>,0.9974,mod_jk child init 1 -2,0.6569,workerEnv.init() ok /etc/httpd/conf/workers2.properties,0.5231,12.0,6
170,jk2_init() Found child 5811 in scoreboard slot 6,partial,jk2_init() Found child child<*> in scoreboard slot <*>,0.9617,jk2_init() Found child <*> in scoreboard slot <*>,0.8813,mod_jk child init 1 -2,0.608,11.6,6
171,jk2_init() Found child 5810 in scoreboard slot 9,partial,jk2_init() Found child child<*> in scoreboard slot <*>,0.9715,jk2_init() Found child <*> in scoreboard slot <*>,0.8942,mod_jk child init 1 -2,0.6048,11.45,6
172,workerEnv.init() ok /etc/httpd/conf/workers2.properties,exact,workerEnv.init() ok /etc/httpd/conf/workers2.properties,1.0,mod_jk child workerEnv in error state <*>,0.524,mod_jk child init 1 -2,0.3325,11.85,6
173,workerEnv.init() ok /etc/httpd/conf/workers2.properties,exact,workerEnv.init() ok /etc/httpd/conf/workers2.properties,1.0,mod_jk child workerEnv in error state <*>,0.524,mod_jk child init 1 -2,0.3325,12.22,6
174,mod_jk child workerEnv in error state 6,exact,mod_jk child workerEnv in error state <*>,0.9975,mod_jk child init 1 -2,0.6569,workerEnv.init() ok /etc/httpd/conf/workers2.properties,0.5231,11.49,6
175,mod_jk child workerEnv in error state 6,exact,mod_jk child workerEnv in error state <*>,0.9976,mod_jk child init 1 -2,0.6569,workerEnv.init() ok /etc/httpd/conf/workers2.properties,0.5231,12.02,6
176,jk2_init() Found child 5817 in scoreboard slot 8,partial,jk2_init() Found child child<*> in scoreboard slot <*>,0.9713,jk2_init() Found child <*> in scoreboard slot <*>,0.8833,mod_jk child init 1 -2,0.6061,11.6,6
177,jk2_init() Found child 5816 in scoreboard slot 7,partial,jk2_init() Found child child<*> in scoreboard slot <*>,0.9706,jk2_init() Found child <*> in scoreboard slot <*>,0.882,mod_jk child init 1 -2,0.607,10.93,6
178,workerEnv.init() ok /etc/httpd/conf/workers2.properties,exact,workerEnv.init() ok /etc/httpd/conf/workers2.properties,1.0,mod_jk child workerEnv in error state <*>,0.524,mod_jk child init 1 -2,0.3325,9.16,6
179,mod_jk child workerEnv in error state 6,exact,mod_jk child workerEnv in error state <*>,0.9977,mod_jk child init 1 -2,0.6569,workerEnv.init() ok /etc/httpd/conf/workers2.properties,0.5231,8.27,6
180,workerEnv.init() ok /etc/httpd/conf/workers2.properties,exact,workerEnv.init() ok /etc/httpd/conf/workers2.properties,1.0,mod_jk child workerEnv in error state <*>,0.524,mod_jk child init 1 -2,0.3325,8.36,6
181,mod_jk child workerEnv in error state 6,exact,mod_jk child workerEnv in error state <*>,0.9978,mod_jk child init 1 -2,0.6569,workerEnv.init() ok /etc/httpd/conf/workers2.properties,0.5231,11.52,6
182,jk2_init() Found child 5825 in scoreboard slot 9,partial,jk2_init() Found child child<*> in scoreboard slot <*>,0.9824,jk2_init() Found child <*> in scoreboard slot <*>,0.8987,mod_jk child init 1 -2,0.6033,13.67,6
183,jk2_init() Found child 5826 in scoreboard slot 6,partial,jk2_init() Found child child<*> in scoreboard slot <*>,0.9592,jk2_init() Found child <*> in scoreboard slot <*>,0.8795,mod_jk child init 1 -2,0.5972,12.79,6
184,workerEnv.init() ok /etc/httpd/conf/workers2.properties,exact,workerEnv.init() ok /etc/httpd/conf/workers2.properties,1.0,mod_jk child workerEnv in error state <*>,0.524,mod_jk child init 1 -2,0.3325,12.11,6
185,mod_jk child workerEnv in error state 6,exact,mod_jk child workerEnv in error state <*>,0.9978,mod_jk child init 1 -2,0.6569,workerEnv.init() ok /etc/httpd/conf/workers2.properties,0.5231,11.57,6
186,workerEnv.init() ok /etc/httpd/conf/workers2.properties,exact,workerEnv.init() ok /etc/httpd/conf/workers2.properties,1.0,mod_jk child workerEnv in error state <*>,0.524,mod_jk child init 1 -2,0.3325,12.14,6
187,mod_jk child workerEnv in error state 6,exact,mod_jk child workerEnv in error state <*>,0.9979,mod_jk child init 1 -2,0.6569,workerEnv.init() ok /etc/httpd/conf/workers2.properties,0.5231,12.44,6
188,jk2_init() Found child 5845 in scoreboard slot 7,partial,jk2_init() Found child child<*> in scoreboard slot <*>,0.9678,jk2_init() Found child <*> in scoreboard slot <*>,0.882,mod_jk child init 1 -2,0.602,12.2,6
189,workerEnv.init() ok /etc/httpd/conf/workers2.properties,exact,workerEnv.init() ok /etc/httpd/conf/workers2.properties,1.0,mod_jk child workerEnv in error state <*>,0.524,mod_jk child init 1 -2,0.3325,12.26,6
190,mod_jk child workerEnv in error state 6,exact,mod_jk child workerEnv in error state <*>,0.998,mod_jk child init 1 -2,0.6569,workerEnv.init() ok /etc/httpd/conf/workers2.properties,0.5231,11.29,6
191,jk2_init() Found child 5856 in scoreboard slot 8,partial,jk2_init() Found child child<*> in scoreboard slot <*>,0.9716,jk2_init() Found child <*> in scoreboard slot <*>,0.8803,mod_jk child init 1 -2,0.6054,11.6,6
192,workerEnv.init() ok /etc/httpd/conf/workers2.properties,exact,workerEnv.init() ok /etc/httpd/conf/workers2.properties,1.0,mod_jk child workerEnv in error state <*>,0.524,mod_jk child init 1 -2,0.3325,12.13,6
193,mod_jk child workerEnv in error state 6,exact,mod_jk child workerEnv in error state <*>,0.9981,mod_jk child init 1 -2,0.6569,workerEnv.init() ok /etc/httpd/conf/workers2.properties,0.5231,12.21,6
194,jk2_init() Found child 5877 in scoreboard slot 9,partial,jk2_init() Found child child<*> in scoreboard slot <*>,0.9804,jk2_init() Found child <*> in scoreboard slot <*>,0.899,mod_jk child init 1 -2,0.6027,11.57,6
195,jk2_init() Found child 5876 in scoreboard slot 8,partial,jk2_init() Found child child<*> in scoreboard slot <*>,0.9773,jk2_init() Found child <*> in scoreboard slot <*>,0.8916,mod_jk child init 1 -2,0.6038,11.47,6
196,jk2_init() Found child 5878 in scoreboard slot 6,partial,jk2_init() Found child child<*> in scoreboard slot <*>,0.9805,jk2_init() Found child <*> in scoreboard slot <*>,0.8955,mod_jk child init 1 -2,0.6056,11.61,6
197,jk2_init() Found child 5875 in scoreboard slot 7,partial,jk2_init() Found child child<*> in scoreboard slot <*>,0.9718,jk2_init() Found child <*> in scoreboard slot <*>,0.8843,mod_jk child init 1 -2,0.612,11.62,6
198,workerEnv.init() ok /etc/httpd/conf/workers2.properties,exact,workerEnv.init() ok /etc/httpd/conf/workers2.properties,1.0,mod_jk child workerEnv in error state <*>,0.524,mod_jk child init 1 -2,0.3325,11.6,6
199,mod_jk child workerEnv in error state 6,exact,mod_jk child workerEnv in error state <*>,0.9981,mod_jk child init 1 -2,0.6569,workerEnv.init() ok /etc/httpd/conf/workers2.properties,0.5231,11.52,6
200,workerEnv.init() ok /etc/httpd/conf/workers2.properties,exact,workerEnv.init() ok /etc/httpd/conf/workers2.properties,1.0,mod_jk child workerEnv in error state <*>,0.524,mod_jk child init 1 -2,0.3325,11.68,6
201,mod_jk child workerEnv in error state 6,exact,mod_jk child workerEnv in error state <*>,0.9982,mod_jk child init 1 -2,0.6569,workerEnv.init() ok /etc/httpd/conf/workers2.properties,0.5231,11.35,6
202,workerEnv.init() ok /etc/httpd/conf/workers2.properties,exact,workerEnv.init() ok /etc/httpd/conf/workers2.properties,1.0,mod_jk child workerEnv in error state <*>,0.524,mod_jk child init 1 -2,0.3325,12.3,6
203,mod_jk child workerEnv in error state 6,exact,mod_jk child workerEnv in error state <*>,0.9982,mod_jk child init 1 -2,0.6569,workerEnv.init() ok /etc/httpd/conf/workers2.properties,0.5231,13.01,6
204,workerEnv.init() ok /etc/httpd/conf/workers2.properties,exact,workerEnv.init() ok /etc/httpd/conf/workers2.properties,1.0,mod_jk child workerEnv in error state <*>,0.524,mod_jk child init 1 -2,0.3325,12.47,6
205,mod_jk child workerEnv in error state 6,exact,mod_jk child workerEnv in error state <*>,0.9983,mod_jk child init 1 -2,0.6569,workerEnv.init() ok /etc/httpd/conf/workers2.properties,0.5231,11.35,6
206,jk2_init() Found child 5893 in scoreboard slot 9,partial,jk2_init() Found child child<*> in scoreboard slot <*>,0.9776,jk2_init() Found child <*> in scoreboard slot <*>,0.8965,mod_jk child init 1 -2,0.5892,11.54,6
207,jk2_init() Found child 5892 in scoreboard slot 8,partial,jk2_init() Found child child<*> in scoreboard slot <*>,0.9801,jk2_init() Found child <*> in scoreboard slot <*>,0.8954,mod_jk child init 1 -2,0.6009,11.86,6
208,jk2_init() Found child 5901 in scoreboard slot 9,partial,jk2_init() Found child child<*> in scoreboard slot <*>,0.9461,jk2_init() Found child <*> in scoreboard slot <*>,0.8699,mod_jk child init 1 -2,0.5868,12.68,6
209,jk2_init() Found child 5899 in scoreboard slot 7,partial,jk2_init() Found child child<*> in scoreboard slot <*>,0.9786,jk2_init() Found child <*> in scoreboard slot <*>,0.8988,mod_jk child init 1 -2,0.5883,11.96,6
210,jk2_init() Found child 5900 in scoreboard slot 8,partial,jk2_init() Found child child<*> in scoreboard slot <*>,0.9316,jk2_init() Found child <*> in scoreboard slot <*>,0.847,mod_jk child init 1 -2,0.5778,11.46,6
211,jk2_init() Found child 5898 in scoreboard slot 6,partial,jk2_init() Found child child<*> in scoreboard slot <*>,0.9835,jk2_init() Found child <*> in scoreboard slot <*>,0.9016,mod_jk child init 1 -2,0.5981,11.63,6
212,workerEnv.init() ok /etc/httpd/conf/workers2.properties,exact,workerEnv.init() ok /etc/httpd/conf/workers2.properties,1.0,mod_jk child workerEnv in error state <*>,0.524,mod_jk child init 1 -2,0.3325,11.61,6
213,mod_jk child workerEnv in error state 7,exact,mod_jk child workerEnv in error state <*>,0.9921,mod_jk child init 1 -2,0.6508,workerEnv.init() ok /etc/httpd/conf/workers2.properties,0.5226,11.19,6
214,workerEnv.init() ok /etc/httpd/conf/workers2.properties,exact,workerEnv.init() ok /etc/httpd/conf/workers2.properties,1.0,mod_jk child workerEnv in error state <*>,0.5241,mod_jk child init 1 -2,0.3325,11.56,6
215,mod_jk child workerEnv in error state 7,exact,mod_jk child workerEnv in error state <*>,0.9923,mod_jk child init 1 -2,0.6508,workerEnv.init() ok /etc/httpd/conf/workers2.properties,0.5226,11.29,6
216,workerEnv.init() ok /etc/httpd/conf/workers2.properties,exact,workerEnv.init() ok /etc/httpd/conf/workers2.properties,1.0,mod_jk child workerEnv in error state <*>,0.5241,mod_jk child init 1 -2,0.3325,11.62,6
217,mod_jk child workerEnv in error state 6,exact,mod_jk child workerEnv in error state <*>,0.9982,mod_jk child init 1 -2,0.6569,workerEnv.init() ok /etc/httpd/conf/workers2.properties,0.5231,11.34,6
218,workerEnv.init() ok /etc/httpd/conf/workers2.properties,exact,workerEnv.init() ok /etc/httpd/conf/workers2.properties,1.0,mod_jk child workerEnv in error state <*>,0.5241,mod_jk child init 1 -2,0.3325,11.66,6
219,mod_jk child workerEnv in error state 6,exact,mod_jk child workerEnv in error state <*>,0.9982,mod_jk child init 1 -2,0.6569,workerEnv.init() ok /etc/httpd/conf/workers2.properties,0.5231,11.41,6
220,jk2_init() Found child 5912 in scoreboard slot 7,partial,jk2_init() Found child child<*> in scoreboard slot <*>,0.9643,jk2_init() Found child <*> in scoreboard slot <*>,0.8813,mod_jk child init 1 -2,0.5977,11.59,6
221,jk2_init() Found child 5914 in scoreboard slot 9,partial,jk2_init() Found child child<*> in scoreboard slot <*>,0.9714,jk2_init() Found child <*> in scoreboard slot <*>,0.8876,mod_jk child init 1 -2,0.5943,11.61,6
222,jk2_init() Found child 5915 in scoreboard slot 6,partial,jk2_init() Found child child<*> in scoreboard slot <*>,0.9684,jk2_init() Found child <*> in scoreboard slot <*>,0.8814,mod_jk child init 1 -2,0.6123,11.79,6
223,jk2_init() Found child 5917 in scoreboard slot 8,partial,jk2_init() Found child child<*> in scoreboard slot <*>,0.9726,jk2_init() Found child <*> in scoreboard slot <*>,0.8816,mod_jk child init 1 -2,0.6016,12.07,6
224,jk2_init() Found child 5916 in scoreboard slot 7,partial,jk2_init() Found child child<*> in scoreboard slot <*>,0.9697,jk2_init() Found child <*> in scoreboard slot <*>,0.8783,mod_jk child init 1 -2,0.6009,12.21,6
225,jk2_init() Found child 5919 in scoreboard slot 6,partial,jk2_init() Found child child<*> in scoreboard slot <*>,0.9661,jk2_init() Found child <*> in scoreboard slot <*>,0.8908,mod_jk child init 1 -2,0.5935,12.33,6
226,jk2_init() Found child 5918 in scoreboard slot 9,partial,jk2_init() Found child child<*> in scoreboard slot <*>,0.9737,jk2_init() Found child <*> in scoreboard slot <*>,0.8899,mod_jk child init 1 -2,0.601,11.85,6
227,jk2_init() Found child 5925 in scoreboard slot 8,partial,jk2_init() Found child child<*> in scoreboard slot <*>,0.9784,jk2_init() Found child <*> in scoreboard slot <*>,0.8862,mod_jk child init 1 -2,0.6029,10.88,6
228,jk2_init() Found child 5923 in scoreboard slot 6,partial,jk2_init() Found child child<*> in scoreboard slot <*>,0.9726,jk2_init() Found child <*> in scoreboard slot <*>,0.891,mod_jk child init 1 -2,0.595,10.9,6
229,jk2_init() Found child 5924 in scoreboard slot 7,partial,jk2_init() Found child child<*> in scoreboard slot <*>,0.9738,jk2_init() Found child <*> in scoreboard slot <*>,0.8866,mod_jk child init 1 -2,0.5979,10.84,6
230,jk2_init() Found child 5922 in scoreboard slot 9,partial,jk2_init() Found child child<*> in scoreboard slot <*>,0.9698,jk2_init() Found child <*> in scoreboard slot <*>,0.8894,mod_jk child init 1 -2,0.5862,10.8,6
231,workerEnv.init() ok /etc/httpd/conf/workers2.properties,exact,workerEnv.init() ok /etc/httpd/conf/workers2.properties,1.0,mod_jk child workerEnv in error state <*>,0.5241,mod_jk child init 1 -2,0.3325,11.01,6
232,mod_jk child workerEnv in error state 7,exact,mod_jk child workerEnv in error state <*>,0.9924,mod_jk child init 1 -2,0.6508,workerEnv.init() ok /etc/httpd/conf/workers2.properties,0.5226,10.57,6
233,workerEnv.init() ok /etc/httpd/conf/workers2.properties,exact,workerEnv.init() ok /etc/httpd/conf/workers2.properties,1.0,mod_jk child workerEnv in error state <*>,0.5241,mod_jk child init 1 -2,0.3325,10.91,6
234,mod_jk child workerEnv in error state 8,partial,mod_jk child workerEnv in error state <*>,0.9813,mod_jk child init 1 -2,0.6456,workerEnv.init() ok /etc/httpd/conf/workers2.properties,0.5065,10.65,6
235,workerEnv.init() ok /etc/httpd/conf/workers2.properties,exact,workerEnv.init() ok /etc/httpd/conf/workers2.properties,1.0,mod_jk child workerEnv in error state <*>,0.524,mod_jk child init 1 -2,0.3325,11.14,6
236,mod_jk child workerEnv in error state 8,partial,mod_jk child workerEnv in error state <*>,0.9818,mod_jk child init 1 -2,0.6456,workerEnv.init() ok /etc/httpd/conf/workers2.properties,0.5065,10.79,6
237,workerEnv.init() ok /etc/httpd/conf/workers2.properties,exact,workerEnv.init() ok /etc/httpd/conf/workers2.properties,1.0,mod_jk child workerEnv in error state <*>,0.5239,mod_jk child init 1 -2,0.3325,10.96,6
238,mod_jk child workerEnv in error state 8,partial,mod_jk child workerEnv in error state <*>,0.9823,mod_jk child init 1 -2,0.6456,workerEnv.init() ok /etc/httpd/conf/workers2.properties,0.5065,10.61,6
239,jk2_init() Found child 5935 in scoreboard slot 9,partial,jk2_init() Found child child<*> in scoreboard slot <*>,0.9785,jk2_init() Found child <*> in scoreboard slot <*>,0.8892,mod_jk child init 1 -2,0.5959,10.8,6
240,jk2_init() Found child 5936 in scoreboard slot 6,partial,jk2_init() Found child child<*> in scoreboard slot <*>,0.9716,jk2_init() Found child <*> in scoreboard slot <*>,0.8806,mod_jk child init 1 -2,0.5989,10.93,6
241,jk2_init() Found child 5938 in scoreboard slot 8,partial,jk2_init() Found child child<*> in scoreboard slot <*>,0.961,jk2_init() Found child <*> in scoreboard slot <*>,0.8675,mod_jk child init 1 -2,0.6034,10.87,6
242,jk2_init() Found child 5937 in scoreboard slot 7,partial,jk2_init() Found child child<*> in scoreboard slot <*>,0.9779,jk2_init() Found child <*> in scoreboard slot <*>,0.8891,mod_jk child init 1 -2,0.6008,10.89,6
243,jk2_init() Found child 5940 in scoreboard slot 6,partial,jk2_init() Found child child<*> in scoreboard slot <*>,0.9659,jk2_init() Found child <*> in scoreboard slot <*>,0.8763,mod_jk child init 1 -2,0.5946,10.77,6
244,jk2_init() Found child 5939 in scoreboard slot 9,partial,jk2_init() Found child child<*> in scoreboard slot <*>,0.9716,jk2_init() Found child <*> in scoreboard slot <*>,0.8849,mod_jk child init 1 -2,0.5947,10.77,6
245,workerEnv.init() ok /etc/httpd/conf/workers2.properties,exact,workerEnv.init() ok /etc/httpd/conf/workers2.properties,1.0,mod_jk child workerEnv in error state <*>,0.5238,mod_jk child init 1 -2,0.3325,10.91,6
246,workerEnv.init() ok /etc/httpd/conf/workers2.properties,exact,workerEnv.init() ok /etc/httpd/conf/workers2.properties,1.0,mod_jk child workerEnv in error state <*>,0.5238,mod_jk child init 1 -2,0.3325,11.03,6
247,mod_jk child workerEnv in error state 6,exact,mod_jk child workerEnv in error state <*>,0.9979,mod_jk child init 1 -2,0.6569,workerEnv.init() ok /etc/httpd/conf/workers2.properties,0.5231,10.52,6
248,mod_jk child workerEnv in error state 6,exact,mod_jk child workerEnv in error state <*>,0.9979,mod_jk child init 1 -2,0.6569,workerEnv.init() ok /etc/httpd/conf/workers2.properties,0.5231,10.63,6
249,workerEnv.init() ok /etc/httpd/conf/workers2.properties,exact,workerEnv.init() ok /etc/httpd/conf/workers2.properties,1.0,mod_jk child workerEnv in error state <*>,0.5238,mod_jk child init 1 -2,0.3325,11.02,6
250,workerEnv.init() ok /etc/httpd/conf/workers2.properties,exact,workerEnv.init() ok /etc/httpd/conf/workers2.properties,1.0,mod_jk child workerEnv in error state <*>,0.5238,mod_jk child init 1 -2,0.3325,11.22,6
251,mod_jk child workerEnv in error state 7,exact,mod_jk child workerEnv in error state <*>,0.9925,mod_jk child init 1 -2,0.6508,workerEnv.init() ok /etc/httpd/conf/workers2.properties,0.5226,10.51,6
252,mod_jk child workerEnv in error state 7,exact,mod_jk child workerEnv in error state <*>,0.9927,mod_jk child init 1 -2,0.6508,workerEnv.init() ok /etc/httpd/conf/workers2.properties,0.5226,10.65,6
253,jk2_init() Found child 5942 in scoreboard slot 8,partial,jk2_init() Found child child<*> in scoreboard slot <*>,0.976,jk2_init() Found child <*> in scoreboard slot <*>,0.8763,mod_jk child init 1 -2,0.6001,10.87,6
254,jk2_init() Found child 5941 in scoreboard slot 7,partial,jk2_init() Found child child<*> in scoreboard slot <*>,0.9749,jk2_init() Found child <*> in scoreboard slot <*>,0.8867,mod_jk child init 1 -2,0.6049,10.73,6
255,workerEnv.init() ok /etc/httpd/conf/workers2.properties,exact,workerEnv.init() ok /etc/httpd/conf/workers2.properties,1.0,mod_jk child workerEnv in error state <*>,0.5239,mod_jk child init 1 -2,0.3325,27.96,6
256,workerEnv.init() ok /etc/httpd/conf/workers2.properties,exact,workerEnv.init() ok /etc/httpd/conf/workers2.properties,1.0,mod_jk child workerEnv in error state <*>,0.5239,mod_jk child init 1 -2,0.3325,24.81,6
257,mod_jk child workerEnv in error state 6,exact,mod_jk child workerEnv in error state <*>,0.9978,mod_jk child init 1 -2,0.6569,workerEnv.init() ok /etc/httpd/conf/workers2.properties,0.5231,24.34,6
258,mod_jk child workerEnv in error state 6,exact,mod_jk child workerEnv in error state <*>,0.9979,mod_jk child init 1 -2,0.6569,workerEnv.init() ok /etc/httpd/conf/workers2.properties,0.5231,24.94,6
259,jk2_init() Found child 5954 in scoreboard slot 7,partial,jk2_init() Found child child<*> in scoreboard slot <*>,0.9753,jk2_init() Found child <*> in scoreboard slot <*>,0.8877,mod_jk child init 1 -2,0.597,39.21,6
260,jk2_init() Found child 5953 in scoreboard slot 6,partial,jk2_init() Found child child<*> in scoreboard slot <*>,0.9727,jk2_init() Found child <*> in scoreboard slot <*>,0.8848,mod_jk child init 1 -2,0.5989,27.0,6
261,jk2_init() Found child 5956 in scoreboard slot 9,partial,jk2_init() Found child child<*> in scoreboard slot <*>,0.9759,jk2_init() Found child <*> in scoreboard slot <*>,0.888,mod_jk child init 1 -2,0.5929,48.21,6
262,jk2_init() Found child 5957 in scoreboard slot 6,partial,jk2_init() Found child child<*> in scoreboard slot <*>,0.9716,jk2_init() Found child <*> in scoreboard slot <*>,0.8826,mod_jk child init 1 -2,0.5996,28.52,6
263,jk2_init() Found child 5955 in scoreboard slot 8,partial,jk2_init() Found child child<*> in scoreboard slot <*>,0.97,jk2_init() Found child <*> in scoreboard slot <*>,0.8767,mod_jk child init 1 -2,0.6035,11.2,6
264,jk2_init() Found child 5961 in scoreboard slot 6,partial,jk2_init() Found child child<*> in scoreboard slot <*>,0.9711,jk2_init() Found child <*> in scoreboard slot <*>,0.8902,mod_jk child init 1 -2,0.5978,7.72,6
265,jk2_init() Found child 5960 in scoreboard slot 9,partial,jk2_init() Found child child<*> in scoreboard slot <*>,0.9581,jk2_init() Found child <*> in scoreboard slot <*>,0.8754,mod_jk child init 1 -2,0.5804,7.15,6
266,jk2_init() Found child 5968 in scoreboard slot 9,partial,jk2_init() Found child child<*> in scoreboard slot <*>,0.9788,jk2_init() Found child <*> in scoreboard slot <*>,0.8946,mod_jk child init 1 -2,0.582,7.3,6
267,jk2_init() Found child 5965 in scoreboard slot 6,partial,jk2_init() Found child child<*> in scoreboard slot <*>,0.9689,jk2_init() Found child <*> in scoreboard slot <*>,0.8835,mod_jk child init 1 -2,0.6044,7.07,6
268,jk2_init() Found child 5967 in scoreboard slot 8,partial,jk2_init() Found child child<*> in scoreboard slot <*>,0.9804,jk2_init() Found child <*> in scoreboard slot <*>,0.8921,mod_jk child init 1 -2,0.5974,7.17,6
269,jk2_init() Found child 5969 in scoreboard slot 10,partial,jk2_init() Found child child<*> in scoreboard slot <*>,0.9796,jk2_init() Found child <*> in scoreboard slot <*>,0.8983,mod_jk child init 1 -2,0.5899,7.13,6
270,jk2_init() Found child 5966 in scoreboard slot 7,partial,jk2_init() Found child child<*> in scoreboard slot <*>,0.971,jk2_init() Found child <*> in scoreboard slot <*>,0.8852,mod_jk child init 1 -2,0.6023,7.11,6
271,workerEnv.init() ok /etc/httpd/conf/workers2.properties,exact,workerEnv.init() ok /etc/httpd/conf/workers2.properties,1.0,mod_jk child workerEnv in error state <*>,0.5239,mod_jk child init 1 -2,0.3325,7.33,6
272,workerEnv.init() ok /etc/httpd/conf/workers2.properties,exact,workerEnv.init() ok /etc/httpd/conf/workers2.properties,1.0,mod_jk child workerEnv in error state <*>,0.5239,mod_jk child init 1 -2,0.3325,7.51,6
273,mod_jk child workerEnv in error state 6,exact,mod_jk child workerEnv in error state <*>,0.9979,mod_jk child init 1 -2,0.6569,workerEnv.init() ok /etc/httpd/conf/workers2.properties,0.5231,6.95,6
274,mod_jk child workerEnv in error state 8,partial,mod_jk child workerEnv in error state <*>,0.9824,mod_jk child init 1 -2,0.6456,workerEnv.init() ok /etc/httpd/conf/workers2.properties,0.5065,6.91,6
275,jk2_init() Found child 5970 in scoreboard slot 6,partial,jk2_init() Found child child<*> in scoreboard slot <*>,0.9596,jk2_init() Found child <*> in scoreboard slot <*>,0.8703,mod_jk child init 1 -2,0.5917,7.12,6
276,jk2_init() Found child 5971 in scoreboard slot 7,partial,jk2_init() Found child child<*> in scoreboard slot <*>,0.975,jk2_init() Found child <*> in scoreboard slot <*>,0.8863,mod_jk child init 1 -2,0.6042,7.21,6
277,jk2_init() Found child 5972 in scoreboard slot 8,partial,jk2_init() Found child child<*> in scoreboard slot <*>,0.9788,jk2_init() Found child <*> in scoreboard slot <*>,0.8865,mod_jk child init 1 -2,0.6018,7.06,6
278,workerEnv.init() ok /etc/httpd/conf/workers2.properties,exact,workerEnv.init() ok /etc/httpd/conf/workers2.properties,1.0,mod_jk child workerEnv in error state <*>,0.5238,mod_jk child init 1 -2,0.3325,7.47,6
279,workerEnv.init() ok /etc/httpd/conf/workers2.properties,exact,workerEnv.init() ok /etc/httpd/conf/workers2.properties,1.0,mod_jk child workerEnv in error state <*>,0.5238,mod_jk child init 1 -2,0.3325,7.41,6
280,workerEnv.init() ok /etc/httpd/conf/workers2.properties,exact,workerEnv.init() ok /etc/httpd/conf/workers2.properties,1.0,mod_jk child workerEnv in error state <*>,0.5238,mod_jk child init 1 -2,0.3325,7.57,6
281,mod_jk child workerEnv in error state 8,partial,mod_jk child workerEnv in error state <*>,0.9828,mod_jk child init 1 -2,0.6456,workerEnv.init() ok /etc/httpd/conf/workers2.properties,0.5065,6.93,6
282,mod_jk child workerEnv in error state 9,partial,mod_jk child workerEnv in error state <*>,0.98,mod_jk child init 1 -2,0.6298,workerEnv.init() ok /etc/httpd/conf/workers2.properties,0.5071,7.05,6
283,mod_jk child workerEnv in error state 8,partial,mod_jk child workerEnv in error state <*>,0.9834,mod_jk child init 1 -2,0.6456,workerEnv.init() ok /etc/httpd/conf/workers2.properties,0.5065,6.89,6
284,jk2_init() Found child 5981 in scoreboard slot 9,partial,jk2_init() Found child child<*> in scoreboard slot <*>,0.9738,jk2_init() Found child <*> in scoreboard slot <*>,0.8883,mod_jk child init 1 -2,0.5913,7.13,6
285,jk2_init() Found child 5982 in scoreboard slot 6,partial,jk2_init() Found child child<*> in scoreboard slot <*>,0.9763,jk2_init() Found child <*> in scoreboard slot <*>,0.8891,mod_jk child init 1 -2,0.5984,7.22,6
286,jk2_init() Found child 5984 in scoreboard slot 8,partial,jk2_init() Found child child<*> in scoreboard slot <*>,0.9728,jk2_init() Found child <*> in scoreboard slot <*>,0.8763,mod_jk child init 1 -2,0.5921,7.22,6
287,jk2_init() Found child 5985 in scoreboard slot 9,partial,jk2_init() Found child child<*> in scoreboard slot <*>,0.973,jk2_init() Found child <*> in scoreboard slot <*>,0.8842,mod_jk child init 1 -2,0.5879,7.1,6
288,jk2_init() Found child 5992 in scoreboard slot 8,partial,jk2_init() Found child child<*> in scoreboard slot <*>,0.9785,jk2_init() Found child <*> in scoreboard slot <*>,0.8892,mod_jk child init 1 -2,0.5913,7.01,6
289,jk2_init() Found child 5993 in scoreboard slot 9,partial,jk2_init() Found child child<*> in scoreboard slot <*>,0.9739,jk2_init() Found child <*> in scoreboard slot <*>,0.8892,mod_jk child init 1 -2,0.5792,7.15,6
290,jk2_init() Found child 5990 in scoreboard slot 6,partial,jk2_init() Found child child<*> in scoreboard slot <*>,0.9763,jk2_init() Found child <*> in scoreboard slot <*>,0.8903,mod_jk child init 1 -2,0.5992,7.14,6
291,jk2_init() Found child 5991 in scoreboard slot 7,partial,jk2_init() Found child child<*> in scoreboard slot <*>,0.9783,jk2_init() Found child <*> in scoreboard slot <*>,0.8924,mod_jk child init 1 -2,0.5917,7.36,6
292,workerEnv.init() ok /etc/httpd/conf/workers2.properties,exact,workerEnv.init() ok /etc/httpd/conf/workers2.properties,1.0,mod_jk child workerEnv in error state <*>,0.5235,mod_jk child init 1 -2,0.3325,7.33,6
293,workerEnv.init() ok /etc/httpd/conf/workers2.properties,exact,workerEnv.init() ok /etc/httpd/conf/workers2.properties,1.0,mod_jk child workerEnv in error state <*>,0.5235,mod_jk child init 1 -2,0.3325,7.24,6
294,workerEnv.init() ok /etc/httpd/conf/workers2.properties,exact,workerEnv.init() ok /etc/httpd/conf/workers2.properties,1.0,mod_jk child workerEnv in error state <*>,0.5235,mod_jk child init 1 -2,0.3325,7.17,6
295,mod_jk child workerEnv in error state 6,exact,mod_jk child workerEnv in error state <*>,0.9976,mod_jk child init 1 -2,0.6569,workerEnv.init() ok /etc/httpd/conf/workers2.properties,0.5231,6.88,6
296,mod_jk child workerEnv in error state 8,partial,mod_jk child workerEnv in error state <*>,0.9837,mod_jk child init 1 -2,0.6456,workerEnv.init() ok /etc/httpd/conf/workers2.properties,0.5065,6.97,6
297,mod_jk child workerEnv in error state 7,exact,mod_jk child workerEnv in error state <*>,0.9927,mod_jk child init 1 -2,0.6508,workerEnv.init() ok /etc/httpd/conf/workers2.properties,0.5226,6.92,6
298,jk2_init() Found child 5995 in scoreboard slot 7,partial,jk2_init() Found child child<*> in scoreboard slot <*>,0.9793,jk2_init() Found child <*> in scoreboard slot <*>,0.8901,mod_jk child init 1 -2,0.5855,7.14,6
299,jk2_init() Found child 5996 in scoreboard slot 8,partial,jk2_init() Found child child<*> in scoreboard slot <*>,0.9795,jk2_init() Found child <*> in scoreboard slot <*>,0.892,mod_jk child init 1 -2,0.5875,7.2,6
300,workerEnv.init() ok /etc/httpd/conf/workers2.properties,exact,workerEnv.init() ok /etc/httpd/conf/workers2.properties,1.0,mod_jk child workerEnv in error state <*>,0.5234,mod_jk child init 1 -2,0.3325,7.53,6
301,workerEnv.init() ok /etc/httpd/conf/workers2.properties,exact,workerEnv.init() ok /etc/httpd/conf/workers2.properties,1.0,mod_jk child workerEnv in error state <*>,0.5234,mod_jk child init 1 -2,0.3325,7.36,6
302,mod_jk child workerEnv in error state 6,exact,mod_jk child workerEnv in error state <*>,0.9975,mod_jk child init 1 -2,0.6569,workerEnv.init() ok /etc/httpd/conf/workers2.properties,0.5231,7.79,6
303,mod_jk child workerEnv in error state 6,exact,mod_jk child workerEnv in error state <*>,0.9975,mod_jk child init 1 -2,0.6569,workerEnv.init() ok /etc/httpd/conf/workers2.properties,0.5231,7.66,6
304,jk2_init() Found child 5997 in scoreboard slot 9,partial,jk2_init() Found child child<*> in scoreboard slot <*>,0.9783,jk2_init() Found child <*> in scoreboard slot <*>,0.8957,mod_jk child init 1 -2,0.5875,8.86,6
305,jk2_init() Found child 5998 in scoreboard slot 6,partial,jk2_init() Found child child<*> in scoreboard slot <*>,0.9825,jk2_init() Found child <*> in scoreboard slot <*>,0.8964,mod_jk child init 1 -2,0.5899,8.75,6
306,jk2_init() Found child 5999 in scoreboard slot 7,partial,jk2_init() Found child child<*> in scoreboard slot <*>,0.977,jk2_init() Found child <*> in scoreboard slot <*>,0.8929,mod_jk child init 1 -2,0.5797,8.28,6
307,workerEnv.init() ok /etc/httpd/conf/workers2.properties,exact,workerEnv.init() ok /etc/httpd/conf/workers2.properties,1.0,mod_jk child workerEnv in error state <*>,0.5235,mod_jk child init 1 -2,0.3325,7.78,6
308,workerEnv.init() ok /etc/httpd/conf/workers2.properties,exact,workerEnv.init() ok /etc/httpd/conf/workers2.properties,1.0,mod_jk child workerEnv in error state <*>,0.5235,mod_jk child init 1 -2,0.3325,7.25,6
309,workerEnv.init() ok /etc/httpd/conf/workers2.properties,exact,workerEnv.init() ok /etc/httpd/conf/workers2.properties,1.0,mod_jk child workerEnv in error state <*>,0.5235,mod_jk child init 1 -2,0.3325,7.4,6
310,mod_jk child workerEnv in error state 6,exact,mod_jk child workerEnv in error state <*>,0.9976,mod_jk child init 1 -2,0.6569,workerEnv.init() ok /etc/httpd/conf/workers2.properties,0.5231,7.0,6
311,mod_jk child workerEnv in error state 8,partial,mod_jk child workerEnv in error state <*>,0.9838,mod_jk child init 1 -2,0.6456,workerEnv.init() ok /etc/httpd/conf/workers2.properties,0.5065,6.97,6
312,mod_jk child workerEnv in error state 6,exact,mod_jk child workerEnv in error state <*>,0.9976,mod_jk child init 1 -2,0.6569,workerEnv.init() ok /etc/httpd/conf/workers2.properties,0.5231,7.0,6
313,jk2_init() Found child 6007 in scoreboard slot 7,partial,jk2_init() Found child child<*> in scoreboard slot <*>,0.9768,jk2_init() Found child <*> in scoreboard slot <*>,0.8978,mod_jk child init 1 -2,0.6198,7.17,6
314,jk2_init() Found child 6006 in scoreboard slot 6,partial,jk2_init() Found child child<*> in scoreboard slot <*>,0.9632,jk2_init() Found child <*> in scoreboard slot <*>,0.8911,mod_jk child init 1 -2,0.6054,7.0,6
315,jk2_init() Found child 6005 in scoreboard slot 9,partial,jk2_init() Found child child<*> in scoreboard slot <*>,0.9714,jk2_init() Found child <*> in scoreboard slot <*>,0.8928,mod_jk child init 1 -2,0.6023,7.08,6
316,workerEnv.init() ok /etc/httpd/conf/workers2.properties,exact,workerEnv.init() ok /etc/httpd/conf/workers2.properties,1.0,mod_jk child workerEnv in error state <*>,0.5234,mod_jk child init 1 -2,0.3325,7.35,6
317,jk2_init() Found child 6008 in scoreboard slot 8,partial,jk2_init() Found child child<*> in scoreboard slot <*>,0.9663,jk2_init() Found child <*> in scoreboard slot <*>,0.8831,mod_jk child init 1 -2,0.6079,7.11,6
318,jk2_init() Found child 6009 in scoreboard slot 9,partial,jk2_init() Found child child<*> in scoreboard slot <*>,0.9658,jk2_init() Found child <*> in scoreboard slot <*>,0.8949,mod_jk child init 1 -2,0.59,7.21,6
319,jk2_init() Found child 6011 in scoreboard slot 7,partial,jk2_init() Found child child<*> in scoreboard slot <*>,0.954,jk2_init() Found child <*> in scoreboard slot <*>,0.8627,mod_jk child init 1 -2,0.6031,7.09,6
320,jk2_init() Found child 6010 in scoreboard slot 6,partial,jk2_init() Found child child<*> in scoreboard slot <*>,0.9686,jk2_init() Found child <*> in scoreboard slot <*>,0.8835,mod_jk child init 1 -2,0.6135,6.99,6
321,workerEnv.init() ok /etc/httpd/conf/workers2.properties,exact,workerEnv.init() ok /etc/httpd/conf/workers2.properties,1.0,mod_jk child workerEnv in error state <*>,0.5234,mod_jk child init 1 -2,0.3325,7.47,6
322,workerEnv.init() ok /etc/httpd/conf/workers2.properties,exact,workerEnv.init() ok /etc/httpd/conf/workers2.properties,1.0,mod_jk child workerEnv in error state <*>,0.5234,mod_jk child init 1 -2,0.3325,7.53,6
323,workerEnv.init() ok /etc/httpd/conf/workers2.properties,exact,workerEnv.init() ok /etc/httpd/conf/workers2.properties,1.0,mod_jk child workerEnv in error state <*>,0.5234,mod_jk child init 1 -2,0.3325,7.4,6
324,workerEnv.init() ok /etc/httpd/conf/workers2.properties,exact,workerEnv.init() ok /etc/httpd/conf/workers2.properties,1.0,mod_jk child workerEnv in error state <*>,0.5234,mod_jk child init 1 -2,0.3325,7.35,6
325,mod_jk child workerEnv in error state 7,exact,mod_jk child workerEnv in error state <*>,0.9926,mod_jk child init 1 -2,0.6508,workerEnv.init() ok /etc/httpd/conf/workers2.properties,0.5226,7.15,6
326,mod_jk child workerEnv in error state 6,exact,mod_jk child workerEnv in error state <*>,0.9975,mod_jk child init 1 -2,0.6569,workerEnv.init() ok /etc/httpd/conf/workers2.properties,0.5231,7.03,6
327,mod_jk child workerEnv in error state 7,exact,mod_jk child workerEnv in error state <*>,0.9927,mod_jk child init 1 -2,0.6508,workerEnv.init() ok /etc/httpd/conf/workers2.properties,0.5226,7.06,6
328,mod_jk child workerEnv in error state 7,exact,mod_jk child workerEnv in error state <*>,0.9929,mod_jk child init 1 -2,0.6508,workerEnv.init() ok /etc/httpd/conf/workers2.properties,0.5226,6.98,6
329,jk2_init() Found child 6028 in scoreboard slot 9,partial,jk2_init() Found child child<*> in scoreboard slot <*>,0.9778,jk2_init() Found child <*> in scoreboard slot <*>,0.8892,mod_jk child init 1 -2,0.5993,7.15,6
330,jk2_init() Found child 6036 in scoreboard slot 9,partial,jk2_init() Found child child<*> in scoreboard slot <*>,0.9784,jk2_init() Found child <*> in scoreboard slot <*>,0.8848,mod_jk child init 1 -2,0.6057,7.05,6
331,jk2_init() Found child 6033 in scoreboard slot 6,partial,jk2_init() Found child child<*> in scoreboard slot <*>,0.9753,jk2_init() Found child <*> in scoreboard slot <*>,0.8806,mod_jk child init 1 -2,0.6221,7.07,6
332,jk2_init() Found child 6035 in scoreboard slot 8,partial,jk2_init() Found child child<*> in scoreboard slot <*>,0.9831,jk2_init() Found child <*> in scoreboard slot <*>,0.8857,mod_jk child init 1 -2,0.6178,7.06,6
333,jk2_init() Found child 6034 in scoreboard slot 7,partial,jk2_init() Found child child<*> in scoreboard slot <*>,0.98,jk2_init() Found child <*> in scoreboard slot <*>,0.882,mod_jk child init 1 -2,0.6106,7.26,6
334,workerEnv.init() ok /etc/httpd/conf/workers2.properties,exact,workerEnv.init() ok /etc/httpd/conf/workers2.properties,1.0,mod_jk child workerEnv in error state <*>,0.5235,mod_jk child init 1 -2,0.3325,7.48,6
335,workerEnv.init() ok /etc/httpd/conf/workers2.properties,exact,workerEnv.init() ok /etc/httpd/conf/workers2.properties,1.0,mod_jk child workerEnv in error state <*>,0.5235,mod_jk child init 1 -2,0.3325,7.53,6
336,mod_jk child workerEnv in error state 6,exact,mod_jk child workerEnv in error state <*>,0.9975,mod_jk child init 1 -2,0.6569,workerEnv.init() ok /etc/httpd/conf/workers2.properties,0.5231,7.02,6
337,mod_jk child workerEnv in error state 6,exact,mod_jk child workerEnv in error state <*>,0.9975,mod_jk child init 1 -2,0.6569,workerEnv.init() ok /etc/httpd/conf/workers2.properties,0.5231,6.94,6
338,jk2_init() Found child 6038 in scoreboard slot 7,partial,jk2_init() Found child child<*> in scoreboard slot <*>,0.9584,jk2_init() Found child <*> in scoreboard slot <*>,0.8653,mod_jk child init 1 -2,0.6112,7.14,6
339,jk2_init() Found child 6037 in scoreboard slot 6,partial,jk2_init() Found child child<*> in scoreboard slot <*>,0.9748,jk2_init() Found child <*> in scoreboard slot <*>,0.8883,mod_jk child init 1 -2,0.6115,7.15,6
340,jk2_init() Found child 6039 in scoreboard slot 10,partial,jk2_init() Found child child<*> in scoreboard slot <*>,0.9711,jk2_init() Found child <*> in scoreboard slot <*>,0.8802,mod_jk child init 1 -2,0.6152,7.33,6
341,jk2_init() Found child 6043 in scoreboard slot 9,partial,jk2_init() Found child child<*> in scoreboard slot <*>,0.9802,jk2_init() Found child <*> in scoreboard slot <*>,0.8908,mod_jk child init 1 -2,0.5995,7.15,6
342,jk2_init() Found child 6042 in scoreboard slot 7,partial,jk2_init() Found child child<*> in scoreboard slot <*>,0.9754,jk2_init() Found child <*> in scoreboard slot <*>,0.8749,mod_jk child init 1 -2,0.6093,7.07,6
343,jk2_init() Found child 6041 in scoreboard slot 6,partial,jk2_init() Found child child<*> in scoreboard slot <*>,0.9744,jk2_init() Found child <*> in scoreboard slot <*>,0.8869,mod_jk child init 1 -2,0.6196,7.28,6
344,jk2_init() Found child 6044 in scoreboard slot 8,partial,jk2_init() Found child child<*> in scoreboard slot <*>,0.9759,jk2_init() Found child <*> in scoreboard slot <*>,0.8835,mod_jk child init 1 -2,0.6133,7.12,6
345,workerEnv.init() ok /etc/httpd/conf/workers2.properties,exact,workerEnv.init() ok /etc/httpd/conf/workers2.properties,1.0,mod_jk child workerEnv in error state <*>,0.5235,mod_jk child init 1 -2,0.3325,7.74,6
346,workerEnv.init() ok /etc/httpd/conf/workers2.properties,exact,workerEnv.init() ok /etc/httpd/conf/workers2.properties,1.0,mod_jk child workerEnv in error state <*>,0.5235,mod_jk child init 1 -2,0.3325,7.33,6
347,workerEnv.init() ok /etc/httpd/conf/workers2.properties,exact,workerEnv.init() ok /etc/httpd/conf/workers2.properties,1.0,mod_jk child workerEnv in error state <*>,0.5235,mod_jk child init 1 -2,0.3325,7.43,6
348,workerEnv.init() ok /etc/httpd/conf/workers2.properties,exact,workerEnv.init() ok /etc/httpd/conf/workers2.properties,1.0,mod_jk child workerEnv in error state <*>,0.5235,mod_jk child init 1 -2,0.3325,7.38,6
349,mod_jk child workerEnv in error state 6,exact,mod_jk child workerEnv in error state <*>,0.9976,mod_jk child init 1 -2,0.6569,workerEnv.init() ok /etc/httpd/conf/workers2.properties,0.5231,7.0,6
350,mod_jk child workerEnv in error state 8,partial,mod_jk child workerEnv in error state <*>,0.9837,mod_jk child init 1 -2,0.6456,workerEnv.init() ok /etc/httpd/conf/workers2.properties,0.5065,6.97,6
351,mod_jk child workerEnv in error state 6,exact,mod_jk child workerEnv in error state <*>,0.9975,mod_jk child init 1 -2,0.6569,workerEnv.init() ok /etc/httpd/conf/workers2.properties,0.5231,6.84,6
352,mod_jk child workerEnv in error state 8,partial,mod_jk child workerEnv in error state <*>,0.9839,mod_jk child init 1 -2,0.6456,workerEnv.init() ok /etc/httpd/conf/workers2.properties,0.5065,7.07,6
353,jk2_init() Found child 6052 in scoreboard slot 6,partial,jk2_init() Found child child<*> in scoreboard slot <*>,0.9597,jk2_init() Found child <*> in scoreboard slot <*>,0.8688,mod_jk child init 1 -2,0.6085,7.12,6
354,jk2_init() Found child 6053 in scoreboard slot 7,partial,jk2_init() Found child child<*> in scoreboard slot <*>,0.9745,jk2_init() Found child <*> in scoreboard slot <*>,0.8808,mod_jk child init 1 -2,0.6071,7.12,6
355,jk2_init() Found child 6054 in scoreboard slot 9,partial,jk2_init() Found child child<*> in scoreboard slot <*>,0.9824,jk2_init() Found child <*> in scoreboard slot <*>,0.8964,mod_jk child init 1 -2,0.6078,6.97,6
356,jk2_init() Found child 6055 in scoreboard slot 8,partial,jk2_init() Found child child<*> in scoreboard slot <*>,0.9663,jk2_init() Found child <*> in scoreboard slot <*>,0.8703,mod_jk child init 1 -2,0.6121,7.12,6
357,jk2_init() Found child 6063 in scoreboard slot 8,partial,jk2_init() Found child child<*> in scoreboard slot <*>,0.9749,jk2_init() Found child <*> in scoreboard slot <*>,0.8833,mod_jk child init 1 -2,0.6042,7.04,6
358,jk2_init() Found child 6062 in scoreboard slot 9,partial,jk2_init() Found child child<*> in scoreboard slot <*>,0.9798,jk2_init() Found child <*> in scoreboard slot <*>,0.8962,mod_jk child init 1 -2,0.6036,7.24,6
359,jk2_init() Found child 6069 in scoreboard slot 7,partial,jk2_init() Found child child<*> in scoreboard slot <*>,0.9847,jk2_init() Found child <*> in scoreboard slot <*>,0.8998,mod_jk child init 1 -2,0.6016,7.18,6
360,jk2_init() Found child 6070 in scoreboard slot 9,partial,jk2_init() Found child child<*> in scoreboard slot <*>,0.9654,jk2_init() Found child <*> in scoreboard slot <*>,0.8748,mod_jk child init 1 -2,0.6029,7.01,6
361,jk2_init() Found child 6071 in scoreboard slot 8,partial,jk2_init() Found child child<*> in scoreboard slot <*>,0.9781,jk2_init() Found child <*> in scoreboard slot <*>,0.8846,mod_jk child init 1 -2,0.6165,7.09,6
362,jk2_init() Found child 6100 in scoreboard slot 7,partial,jk2_init() Found child child<*> in scoreboard slot <*>,0.9691,jk2_init() Found child <*> in scoreboard slot <*>,0.8833,mod_jk child init 1 -2,0.5816,7.04,6
363,jk2_init() Found child 6101 in scoreboard slot 8,partial,jk2_init() Found child child<*> in scoreboard slot <*>,0.9715,jk2_init() Found child <*> in scoreboard slot <*>,0.8921,mod_jk child init 1 -2,0.5893,7.17,6
364,jk2_init() Found child 6099 in scoreboard slot 6,partial,jk2_init() Found child child<*> in scoreboard slot <*>,0.9839,jk2_init() Found child <*> in scoreboard slot <*>,0.9018,mod_jk child init 1 -2,0.5988,7.16,6
365,workerEnv.init() ok /etc/httpd/conf/workers2.properties,exact,workerEnv.init() ok /etc/httpd/conf/workers2.properties,1.0,mod_jk child workerEnv in error state <*>,0.5234,mod_jk child init 1 -2,0.3325,7.28,6
366,mod_jk child workerEnv in error state 7,exact,mod_jk child workerEnv in error state <*>,0.9928,mod_jk child init 1 -2,0.6508,workerEnv.init() ok /etc/httpd/conf/workers2.properties,0.5226,7.13,6
367,workerEnv.init() ok /etc/httpd/conf/workers2.properties,exact,workerEnv.init() ok /etc/httpd/conf/workers2.properties,1.0,mod_jk child workerEnv in error state <*>,0.5234,mod_jk child init 1 -2,0.3325,7.37,6
368,mod_jk child workerEnv in error state 9,partial,mod_jk child workerEnv in error state <*>,0.9806,mod_jk child init 1 -2,0.6298,workerEnv.init() ok /etc/httpd/conf/workers2.properties,0.5071,7.01,6
369,workerEnv.init() ok /etc/httpd/conf/workers2.properties,exact,workerEnv.init() ok /etc/httpd/conf/workers2.properties,1.0,mod_jk child workerEnv in error state <*>,0.5233,mod_jk child init 1 -2,0.3325,7.31,6
370,mod_jk child workerEnv in error state 8,partial,mod_jk child workerEnv in error state <*>,0.9843,mod_jk child init 1 -2,0.6456,workerEnv.init() ok /etc/httpd/conf/workers2.properties,0.5065,6.96,6
371,jk2_init() Found child 6115 in scoreboard slot 10,partial,jk2_init() Found child child<*> in scoreboard slot <*>,0.9754,jk2_init() Found child <*> in scoreboard slot <*>,0.8911,mod_jk child init 1 -2,0.6213,7.21,6
372,[client <*>] Directory index forbidden by rule: /var/www/html/,exact,[client <*>] Directory index forbidden by rule: /var/www/html/,1.0,workerEnv.init() ok /etc/httpd/conf/workers2.properties,0.1366,mod_jk child workerEnv in error state <*>,0.1059,7.26,6
373,workerEnv.init() ok /etc/httpd/conf/workers2.properties,exact,workerEnv.init() ok /etc/httpd/conf/workers2.properties,1.0,mod_jk child workerEnv in error state <*>,0.5232,mod_jk child init 1 -2,0.3325,7.32,6
374,mod_jk child workerEnv in error state 7,exact,mod_jk child workerEnv in error state <*>,0.9929,mod_jk child init 1 -2,0.6508,workerEnv.init() ok /etc/httpd/conf/workers2.properties,0.5226,6.94,6
375,jk2_init() Found child 6259 in scoreboard slot 6,partial,jk2_init() Found child child<*> in scoreboard slot <*>,0.9722,jk2_init() Found child <*> in scoreboard slot <*>,0.9014,mod_jk child init 1 -2,0.6054,7.12,6
376,jk2_init() Found child 6260 in scoreboard slot 7,partial,jk2_init() Found child child<*> in scoreboard slot <*>,0.9724,jk2_init() Found child <*> in scoreboard slot <*>,0.8926,mod_jk child init 1 -2,0.6066,7.09,6
377,jk2_init() Found child 6261 in scoreboard slot 8,partial,jk2_init() Found child child<*> in scoreboard slot <*>,0.977,jk2_init() Found child <*> in scoreboard slot <*>,0.8994,mod_jk child init 1 -2,0.612,7.24,6
378,workerEnv.init() ok /etc/httpd/conf/workers2.properties,exact,workerEnv.init() ok /etc/httpd/conf/workers2.properties,1.0,mod_jk child workerEnv in error state <*>,0.5233,mod_jk child init 1 -2,0.3325,7.24,6
379,mod_jk child workerEnv in error state 6,exact,mod_jk child workerEnv in error state <*>,0.9972,mod_jk child init 1 -2,0.6569,workerEnv.init() ok /etc/httpd/conf/workers2.properties,0.5231,7.18,6
380,workerEnv.init() ok /etc/httpd/conf/workers2.properties,exact,workerEnv.init() ok /etc/httpd/conf/workers2.properties,1.0,mod_jk child workerEnv in error state <*>,0.5233,mod_jk child init 1 -2,0.3325,7.33,6
381,mod_jk child workerEnv in error state 6,exact,mod_jk child workerEnv in error state <*>,0.9973,mod_jk child init 1 -2,0.6569,workerEnv.init() ok /etc/httpd/conf/workers2.properties,0.5231,6.89,6
382,workerEnv.init() ok /etc/httpd/conf/workers2.properties,exact,workerEnv.init() ok /etc/httpd/conf/workers2.properties,1.0,mod_jk child workerEnv in error state <*>,0.5233,mod_jk child init 1 -2,0.3325,7.35,6
383,mod_jk child workerEnv in error state 6,exact,mod_jk child workerEnv in error state <*>,0.9973,mod_jk child init 1 -2,0.6569,workerEnv.init() ok /etc/httpd/conf/workers2.properties,0.5231,7.25,6
384,jk2_init() Found child 6277 in scoreboard slot 7,partial,jk2_init() Found child child<*> in scoreboard slot <*>,0.9793,jk2_init() Found child <*> in scoreboard slot <*>,0.8999,mod_jk child init 1 -2,0.6211,7.24,6
385,jk2_init() Found child 6276 in scoreboard slot 6,partial,jk2_init() Found child child<*> in scoreboard slot <*>,0.979,jk2_init() Found child <*> in scoreboard slot <*>,0.9044,mod_jk child init 1 -2,0.6156,7.15,6
386,jk2_init() Found child 6280 in scoreboard slot 7,partial,jk2_init() Found child child<*> in scoreboard slot <*>,0.9724,jk2_init() Found child <*> in scoreboard slot <*>,0.8973,mod_jk child init 1 -2,0.6183,7.19,6
387,jk2_init() Found child 6278 in scoreboard slot 8,partial,jk2_init() Found child child<*> in scoreboard slot <*>,0.9788,jk2_init() Found child <*> in scoreboard slot <*>,0.895,mod_jk child init 1 -2,0.6115,7.14,6
388,jk2_init() Found child 6279 in scoreboard slot 6,partial,jk2_init() Found child child<*> in scoreboard slot <*>,0.9858,jk2_init() Found child <*> in scoreboard slot <*>,0.911,mod_jk child init 1 -2,0.6133,7.12,6
389,workerEnv.init() ok /etc/httpd/conf/workers2.properties,exact,workerEnv.init() ok /etc/httpd/conf/workers2.properties,1.0,mod_jk child workerEnv in error state <*>,0.5233,mod_jk child init 1 -2,0.3325,7.29,6
390,mod_jk child workerEnv in error state 7,exact,mod_jk child workerEnv in error state <*>,0.9929,mod_jk child init 1 -2,0.6508,workerEnv.init() ok /etc/httpd/conf/workers2.properties,0.5226,6.98,6
391,workerEnv.init() ok /etc/httpd/conf/workers2.properties,exact,workerEnv.init() ok /etc/httpd/conf/workers2.properties,1.0,mod_jk child workerEnv in error state <*>,0.5233,mod_jk child init 1 -2,0.3325,7.34,6
392,mod_jk child workerEnv in error state 6,exact,mod_jk child workerEnv in error state <*>,0.9973,mod_jk child init 1 -2,0.6569,workerEnv.init() ok /etc/httpd/conf/workers2.properties,0.5231,6.86,6
393,workerEnv.init() ok /etc/httpd/conf/workers2.properties,exact,workerEnv.init() ok /etc/httpd/conf/workers2.properties,1.0,mod_jk child workerEnv in error state <*>,0.5233,mod_jk child init 1 -2,0.3325,7.67,6
394,mod_jk child workerEnv in error state 7,exact,mod_jk child workerEnv in error state <*>,0.993,mod_jk child init 1 -2,0.6508,workerEnv.init() ok /etc/httpd/conf/workers2.properties,0.5226,7.14,6
395,jk2_init() Found child 6285 in scoreboard slot 8,partial,jk2_init() Found child child<*> in scoreboard slot <*>,0.9665,jk2_init() Found child <*> in scoreboard slot <*>,0.8815,mod_jk child init 1 -2,0.6037,7.26,6
396,workerEnv.init() ok /etc/httpd/conf/workers2.properties,exact,workerEnv.init() ok /etc/httpd/conf/workers2.properties,1.0,mod_jk child workerEnv in error state <*>,0.5234,mod_jk child init 1 -2,0.3325,7.31,6
397,mod_jk child workerEnv in error state 6,exact,mod_jk child workerEnv in error state <*>,0.9973,mod_jk child init 1 -2,0.6569,workerEnv.init() ok /etc/httpd/conf/workers2.properties,0.5231,6.9,6
398,jk2_init() Found child 6293 in scoreboard slot 6,partial,jk2_init() Found child child<*> in scoreboard slot <*>,0.9841,jk2_init() Found child <*> in scoreboard slot <*>,0.9077,mod_jk child init 1 -2,0.6077,7.16,6
399,jk2_init() Found child 6294 in scoreboard slot 7,partial,jk2_init() Found child child<*> in scoreboard slot <*>,0.9867,jk2_init() Found child <*> in scoreboard slot <*>,0.9032,mod_jk child init 1 -2,0.6052,7.07,6
400,jk2_init() Found child 6297 in scoreboard slot 7,partial,jk2_init() Found child child<*> in scoreboard slot <*>,0.985,jk2_init() Found child <*> in scoreboard slot <*>,0.9071,mod_jk child init 1 -2,0.6128,7.18,6
401,jk2_init() Found child 6295 in scoreboard slot 8,partial,jk2_init() Found child child<*> in scoreboard slot <*>,0.983,jk2_init() Found child <*> in scoreboard slot <*>,0.9006,mod_jk child init 1 -2,0.6051,7.16,6
402,jk2_init() Found child 6296 in scoreboard slot 6,partial,jk2_init() Found child child<*> in scoreboard slot <*>,0.9819,jk2_init() Found child <*> in scoreboard slot <*>,0.9094,mod_jk child init 1 -2,0.6073,7.9,6
403,workerEnv.init() ok /etc/httpd/conf/workers2.properties,exact,workerEnv.init() ok /etc/httpd/conf/workers2.properties,1.0,mod_jk child workerEnv in error state <*>,0.5234,mod_jk child init 1 -2,0.3325,8.07,6
404,mod_jk child workerEnv in error state 7,exact,mod_jk child workerEnv in error state <*>,0.993,mod_jk child init 1 -2,0.6508,workerEnv.init() ok /etc/httpd/conf/workers2.properties,0.5226,9.62,6
405,workerEnv.init() ok /etc/httpd/conf/workers2.properties,exact,workerEnv.init() ok /etc/httpd/conf/workers2.properties,1.0,mod_jk child workerEnv in error state <*>,0.5234,mod_jk child init 1 -2,0.3325,8.04,6
406,mod_jk child workerEnv in error state 7,exact,mod_jk child workerEnv in error state <*>,0.9932,mod_jk child init 1 -2,0.6508,workerEnv.init() ok /etc/httpd/conf/workers2.properties,0.5226,8.09,6
407,workerEnv.init() ok /etc/httpd/conf/workers2.properties,exact,workerEnv.init() ok /etc/httpd/conf/workers2.properties,1.0,mod_jk child workerEnv in error state <*>,0.5234,mod_jk child init 1 -2,0.3325,7.48,6
408,mod_jk child workerEnv in error state 6,exact,mod_jk child workerEnv in error state <*>,0.9972,mod_jk child init 1 -2,0.6569,workerEnv.init() ok /etc/httpd/conf/workers2.properties,0.5231,7.09,6
409,jk2_init() Found child 6302 in scoreboard slot 8,partial,jk2_init() Found child child<*> in scoreboard slot <*>,0.9792,jk2_init() Found child <*> in scoreboard slot <*>,0.8887,mod_jk child init 1 -2,0.624,7.2,6
410,workerEnv.init() ok /etc/httpd/conf/workers2.properties,exact,workerEnv.init() ok /etc/httpd/conf/workers2.properties,1.0,mod_jk child workerEnv in error state <*>,0.5234,mod_jk child init 1 -2,0.3325,7.31,6
411,mod_jk child workerEnv in error state 6,exact,mod_jk child workerEnv in error state <*>,0.9973,mod_jk child init 1 -2,0.6569,workerEnv.init() ok /etc/httpd/conf/workers2.properties,0.5231,7.0,6
412,jk2_init() Found child 6310 in scoreboard slot 6,partial,jk2_init() Found child child<*> in scoreboard slot <*>,0.9868,jk2_init() Found child <*> in scoreboard slot <*>,0.9076,mod_jk child init 1 -2,0.6223,7.02,6
413,jk2_init() Found child 6315 in scoreboard slot 6,partial,jk2_init() Found child child<*> in scoreboard slot <*>,0.985,jk2_init() Found child <*> in scoreboard slot <*>,0.9005,mod_jk child init 1 -2,0.6284,7.15,6
414,jk2_init() Found child 6316 in scoreboard slot 7,partial,jk2_init() Found child child<*> in scoreboard slot <*>,0.9819,jk2_init() Found child <*> in scoreboard slot <*>,0.894,mod_jk child init 1 -2,0.6175,7.05,6
415,jk2_init() Found child 6314 in scoreboard slot 8,partial,jk2_init() Found child child<*> in scoreboard slot <*>,0.9851,jk2_init() Found child <*> in scoreboard slot <*>,0.8986,mod_jk child init 1 -2,0.6173,7.14,6
416,workerEnv.init() ok /etc/httpd/conf/workers2.properties,exact,workerEnv.init() ok /etc/httpd/conf/workers2.properties,1.0,mod_jk child workerEnv in error state <*>,0.5235,mod_jk child init 1 -2,0.3325,7.27,6
417,workerEnv.init() ok /etc/httpd/conf/workers2.properties,exact,workerEnv.init() ok /etc/httpd/conf/workers2.properties,1.0,mod_jk child workerEnv in error state <*>,0.5235,mod_jk child init 1 -2,0.3325,7.14,6
418,workerEnv.init() ok /etc/httpd/conf/workers2.properties,exact,workerEnv.init() ok /etc/httpd/conf/workers2.properties,1.0,mod_jk child workerEnv in error state <*>,0.5235,mod_jk child init 1 -2,0.3325,7.24,6
419,mod_jk child workerEnv in error state 6,exact,mod_jk child workerEnv in error state <*>,0.9973,mod_jk child init 1 -2,0.6569,workerEnv.init() ok /etc/httpd/conf/workers2.properties,0.5231,6.89,6
420,mod_jk child workerEnv in error state 7,exact,mod_jk child workerEnv in error state <*>,0.9931,mod_jk child init 1 -2,0.6508,workerEnv.init() ok /etc/httpd/conf/workers2.properties,0.5226,6.9,6
421,mod_jk child workerEnv in error state 6,exact,mod_jk child workerEnv in error state <*>,0.9973,mod_jk child init 1 -2,0.6569,workerEnv.init() ok /etc/httpd/conf/workers2.properties,0.5231,6.85,6
422,jk2_init() Found child 6333 in scoreboard slot 8,partial,jk2_init() Found child child<*> in scoreboard slot <*>,0.9882,jk2_init() Found child <*> in scoreboard slot <*>,0.8963,mod_jk child init 1 -2,0.6263,7.04,6
423,jk2_init() Found child 6335 in scoreboard slot 7,partial,jk2_init() Found child child<*> in scoreboard slot <*>,0.9892,jk2_init() Found child <*> in scoreboard slot <*>,0.8999,mod_jk child init 1 -2,0.6191,7.22,6
424,jk2_init() Found child 6339 in scoreboard slot 8,exact,jk2_init() Found child child<*> in scoreboard slot <*>,0.9902,jk2_init() Found child <*> in scoreboard slot <*>,0.9005,mod_jk child init 1 -2,0.6234,7.15,6
425,jk2_init() Found child 6340 in scoreboard slot 6,partial,jk2_init() Found child child<*> in scoreboard slot <*>,0.9893,jk2_init() Found child <*> in scoreboard slot <*>,0.902,mod_jk child init 1 -2,0.6192,7.18,6
426,jk2_init() Found child 6338 in scoreboard slot 7,partial,jk2_init() Found child child<*> in scoreboard slot <*>,0.9777,jk2_init() Found child <*> in scoreboard slot <*>,0.8888,mod_jk child init 1 -2,0.6209,7.16,6
427,workerEnv.init() ok /etc/httpd/conf/workers2.properties,exact,workerEnv.init() ok /etc/httpd/conf/workers2.properties,1.0,mod_jk child workerEnv in error state <*>,0.5235,mod_jk child init 1 -2,0.3325,7.66,6
428,mod_jk child workerEnv in error state 7,exact,mod_jk child workerEnv in error state <*>,0.9932,mod_jk child init 1 -2,0.6508,workerEnv.init() ok /etc/httpd/conf/workers2.properties,0.5226,7.08,6
429,workerEnv.init() ok /etc/httpd/conf/workers2.properties,exact,workerEnv.init() ok /etc/httpd/conf/workers2.properties,1.0,mod_jk child workerEnv in error state <*>,0.5235,mod_jk child init 1 -2,0.3325,7.35,6
430,mod_jk child workerEnv in error state 6,exact,mod_jk child workerEnv in error state <*>,0.9973,mod_jk child init 1 -2,0.6569,workerEnv.init() ok /etc/httpd/conf/workers2.properties,0.5231,6.99,6
431,workerEnv.init() ok /etc/httpd/conf/workers2.properties,exact,workerEnv.init() ok /etc/httpd/conf/workers2.properties,1.0,mod_jk child workerEnv in error state <*>,0.5235,mod_jk child init 1 -2,0.3325,7.37,6
432,mod_jk child workerEnv in error state 7,exact,mod_jk child workerEnv in error state <*>,0.9932,mod_jk child init 1 -2,0.6508,workerEnv.init() ok /etc/httpd/conf/workers2.properties,0.5226,6.9,6
433,jk2_init() Found child 6351 in scoreboard slot 8,partial,jk2_init() Found child child<*> in scoreboard slot <*>,0.9868,jk2_init() Found child <*> in scoreboard slot <*>,0.8922,mod_jk child init 1 -2,0.6301,7.13,6
434,jk2_init() Found child 6350 in scoreboard slot 7,partial,jk2_init() Found child child<*> in scoreboard slot <*>,0.979,jk2_init() Found child <*> in scoreboard slot <*>,0.8882,mod_jk child init 1 -2,0.6261,7.12,6
435,workerEnv.init() ok /etc/httpd/conf/workers2.properties,exact,workerEnv.init() ok /etc/httpd/conf/workers2.properties,1.0,mod_jk child workerEnv in error state <*>,0.5235,mod_jk child init 1 -2,0.3325,7.31,6
436,mod_jk child workerEnv in error state 6,exact,mod_jk child workerEnv in error state <*>,0.9973,mod_jk child init 1 -2,0.6569,workerEnv.init() ok /etc/httpd/conf/workers2.properties,0.5231,7.09,6
437,workerEnv.init() ok /etc/httpd/conf/workers2.properties,exact,workerEnv.init() ok /etc/httpd/conf/workers2.properties,1.0,mod_jk child workerEnv in error state <*>,0.5236,mod_jk child init 1 -2,0.3325,7.26,6
438,mod_jk child workerEnv in error state 6,exact,mod_jk child workerEnv in error state <*>,0.9974,mod_jk child init 1 -2,0.6569,workerEnv.init() ok /etc/httpd/conf/workers2.properties,0.5231,6.89,6
439,jk2_init() Found child 6368 in scoreboard slot 8,partial,jk2_init() Found child child<*> in scoreboard slot <*>,0.9851,jk2_init() Found child <*> in scoreboard slot <*>,0.8988,mod_jk child init 1 -2,0.6071,7.16,6
440,jk2_init() Found child 6367 in scoreboard slot 7,partial,jk2_init() Found child child<*> in scoreboard slot <*>,0.9855,jk2_init() Found child <*> in scoreboard slot <*>,0.9036,mod_jk child init 1 -2,0.6141,7.18,6
441,jk2_init() Found child 6366 in scoreboard slot 6,partial,jk2_init() Found child child<*> in scoreboard slot <*>,0.9766,jk2_init() Found child <*> in scoreboard slot <*>,0.8984,mod_jk child init 1 -2,0.6203,7.08,6
442,workerEnv.init() ok /etc/httpd/conf/workers2.properties,exact,workerEnv.init() ok /etc/httpd/conf/workers2.properties,1.0,mod_jk child workerEnv in error state <*>,0.5236,mod_jk child init 1 -2,0.3325,7.33,6
443,mod_jk child workerEnv in error state 6,exact,mod_jk child workerEnv in error state <*>,0.9974,mod_jk child init 1 -2,0.6569,workerEnv.init() ok /etc/httpd/conf/workers2.properties,0.5231,7.13,6
444,workerEnv.init() ok /etc/httpd/conf/workers2.properties,exact,workerEnv.init() ok /etc/httpd/conf/workers2.properties,1.0,mod_jk child workerEnv in error state <*>,0.5236,mod_jk child init 1 -2,0.3325,7.32,6
445,mod_jk child workerEnv in error state 6,exact,mod_jk child workerEnv in error state <*>,0.9974,mod_jk child init 1 -2,0.6569,workerEnv.init() ok /etc/httpd/conf/workers2.properties,0.5231,6.94,6
446,workerEnv.init() ok /etc/httpd/conf/workers2.properties,exact,workerEnv.init() ok /etc/httpd/conf/workers2.properties,1.0,mod_jk child workerEnv in error state <*>,0.5236,mod_jk child init 1 -2,0.3325,7.33,6
447,mod_jk child workerEnv in error state 6,exact,mod_jk child workerEnv in error state <*>,0.9975,mod_jk child init 1 -2,0.6569,workerEnv.init() ok /etc/httpd/conf/workers2.properties,0.5231,6.97,6
448,jk2_init() Found child 6387 in scoreboard slot 7,partial,jk2_init() Found child child<*> in scoreboard slot <*>,0.987,jk2_init() Found child <*> in scoreboard slot <*>,0.9014,mod_jk child init 1 -2,0.6148,7.13,6
449,jk2_init() Found child 6386 in scoreboard slot 6,partial,jk2_init() Found child child<*> in scoreboard slot <*>,0.9819,jk2_init() Found child <*> in scoreboard slot <*>,0.9046,mod_jk child init 1 -2,0.6263,7.17,6
450,jk2_init() Found child 6385 in scoreboard slot 8,partial,jk2_init() Found child child<*> in scoreboard slot <*>,0.9805,jk2_init() Found child <*> in scoreboard slot <*>,0.8908,mod_jk child init 1 -2,0.6098,7.16,6
451,workerEnv.init() ok /etc/httpd/conf/workers2.properties,exact,workerEnv.init() ok /etc/httpd/conf/workers2.properties,1.0,mod_jk child workerEnv in error state <*>,0.5236,mod_jk child init 1 -2,0.3325,7.18,6
452,mod_jk child workerEnv in error state 6,exact,mod_jk child workerEnv in error state <*>,0.9975,mod_jk child init 1 -2,0.6569,workerEnv.init() ok /etc/httpd/conf/workers2.properties,0.5231,7.05,6
453,workerEnv.init() ok /etc/httpd/conf/workers2.properties,exact,workerEnv.init() ok /etc/httpd/conf/workers2.properties,1.0,mod_jk child workerEnv in error state <*>,0.5236,mod_jk child init 1 -2,0.3325,7.36,6
454,mod_jk child workerEnv in error state 6,exact,mod_jk child workerEnv in error state <*>,0.9976,mod_jk child init 1 -2,0.6569,workerEnv.init() ok /etc/httpd/conf/workers2.properties,0.5231,6.99,6
455,workerEnv.init() ok /etc/httpd/conf/workers2.properties,exact,workerEnv.init() ok /etc/httpd/conf/workers2.properties,1.0,mod_jk child workerEnv in error state <*>,0.5236,mod_jk child init 1 -2,0.3325,7.33,6
456,mod_jk child workerEnv in error state 6,exact,mod_jk child workerEnv in error state <*>,0.9976,mod_jk child init 1 -2,0.6569,workerEnv.init() ok /etc/httpd/conf/workers2.properties,0.5231,6.9,6
457,jk2_init() Found child 6400 in scoreboard slot 7,partial,jk2_init() Found child child<*> in scoreboard slot <*>,0.9594,jk2_init() Found child <*> in scoreboard slot <*>,0.8673,mod_jk child init 1 -2,0.5897,7.14,6
458,jk2_init() Found child 6399 in scoreboard slot 6,partial,jk2_init() Found child child<*> in scoreboard slot <*>,0.9882,jk2_init() Found child <*> in scoreboard slot <*>,0.9108,mod_jk child init 1 -2,0.6029,7.34,6
459,jk2_init() Found child 6398 in scoreboard slot 8,partial,jk2_init() Found child child<*> in scoreboard slot <*>,0.9878,jk2_init() Found child <*> in scoreboard slot <*>,0.9007,mod_jk child init 1 -2,0.6035,7.09,6
460,workerEnv.init() ok /etc/httpd/conf/workers2.properties,exact,workerEnv.init() ok /etc/httpd/conf/workers2.properties,1.0,mod_jk child workerEnv in error state <*>,0.5236,mod_jk child init 1 -2,0.3325,7.22,6
461,mod_jk child workerEnv in error state 6,exact,mod_jk child workerEnv in error state <*>,0.9976,mod_jk child init 1 -2,0.6569,workerEnv.init() ok /etc/httpd/conf/workers2.properties,0.5231,6.87,6
462,workerEnv.init() ok /etc/httpd/conf/workers2.properties,exact,workerEnv.init() ok /etc/httpd/conf/workers2.properties,1.0,mod_jk child workerEnv in error state <*>,0.5236,mod_jk child init 1 -2,0.3325,7.27,6
463,mod_jk child workerEnv in error state 6,exact,mod_jk child workerEnv in error state <*>,0.9977,mod_jk child init 1 -2,0.6569,workerEnv.init() ok /etc/httpd/conf/workers2.properties,0.5231,7.12,6
464,workerEnv.init() ok /etc/httpd/conf/workers2.properties,exact,workerEnv.init() ok /etc/httpd/conf/workers2.properties,1.0,mod_jk child workerEnv in error state <*>,0.5236,mod_jk child init 1 -2,0.3325,7.37,6
465,mod_jk child workerEnv in error state 6,exact,mod_jk child workerEnv in error state <*>,0.9977,mod_jk child init 1 -2,0.6569,workerEnv.init() ok /etc/httpd/conf/workers2.properties,0.5231,6.97,6
466,jk2_init() Found child 6420 in scoreboard slot 6,partial,jk2_init() Found child child<*> in scoreboard slot <*>,0.9468,jk2_init() Found child <*> in scoreboard slot <*>,0.8646,mod_jk child init 1 -2,0.6089,7.15,6
467,jk2_init() Found child 6421 in scoreboard slot 7,partial,jk2_init() Found child child<*> in scoreboard slot <*>,0.9711,jk2_init() Found child <*> in scoreboard slot <*>,0.8844,mod_jk child init 1 -2,0.6091,7.05,6
468,jk2_init() Found child 6422 in scoreboard slot 8,partial,jk2_init() Found child child<*> in scoreboard slot <*>,0.9655,jk2_init() Found child <*> in scoreboard slot <*>,0.8806,mod_jk child init 1 -2,0.6057,7.18,6
469,workerEnv.init() ok /etc/httpd/conf/workers2.properties,exact,workerEnv.init() ok /etc/httpd/conf/workers2.properties,1.0,mod_jk child workerEnv in error state <*>,0.5236,mod_jk child init 1 -2,0.3325,7.28,6
470,workerEnv.init() ok /etc/httpd/conf/workers2.properties,exact,workerEnv.init() ok /etc/httpd/conf/workers2.properties,1.0,mod_jk child workerEnv in error state <*>,0.5236,mod_jk child init 1 -2,0.3325,7.31,6
471,workerEnv.init() ok /etc/httpd/conf/workers2.properties,exact,workerEnv.init() ok /etc/httpd/conf/workers2.properties,1.0,mod_jk child workerEnv in error state <*>,0.5236,mod_jk child init 1 -2,0.3325,7.31,6
472,mod_jk child workerEnv in error state 6,exact,mod_jk child workerEnv in error state <*>,0.9977,mod_jk child init 1 -2,0.6569,workerEnv.init() ok /etc/httpd/conf/workers2.properties,0.5231,6.95,6
473,mod_jk child workerEnv in error state 6,exact,mod_jk child workerEnv in error state <*>,0.9978,mod_jk child init 1 -2,0.6569,workerEnv.init() ok /etc/httpd/conf/workers2.properties,0.5231,7.18,6
474,mod_jk child workerEnv in error state 6,exact,mod_jk child workerEnv in error state <*>,0.9978,mod_jk child init 1 -2,0.6569,workerEnv.init() ok /etc/httpd/conf/workers2.properties,0.5231,7.1,6
475,jk2_init() Found child 6434 in scoreboard slot 7,partial,jk2_init() Found child child<*> in scoreboard slot <*>,0.9776,jk2_init() Found child <*> in scoreboard slot <*>,0.8841,mod_jk child init 1 -2,0.6156,7.14,6
476,jk2_init() Found child 6433 in scoreboard slot 6,partial,jk2_init() Found child child<*> in scoreboard slot <*>,0.9775,jk2_init() Found child <*> in scoreboard slot <*>,0.8857,mod_jk child init 1 -2,0.6247,7.15,6
477,jk2_init() Found child 6435 in scoreboard slot 8,partial,jk2_init() Found child child<*> in scoreboard slot <*>,0.9779,jk2_init() Found child <*> in scoreboard slot <*>,0.8845,mod_jk child init 1 -2,0.6165,7.23,6
478,jk2_init() Found child 6437 in scoreboard slot 7,partial,jk2_init() Found child child<*> in scoreboard slot <*>,0.9702,jk2_init() Found child <*> in scoreboard slot <*>,0.8833,mod_jk child init 1 -2,0.6115,7.16,6
479,jk2_init() Found child 6443 in scoreboard slot 7,partial,jk2_init() Found child child<*> in scoreboard slot <*>,0.97,jk2_init() Found child <*> in scoreboard slot <*>,0.8824,mod_jk child init 1 -2,0.603,7.16,6
480,jk2_init() Found child 6442 in scoreboard slot 6,partial,jk2_init() Found child child<*> in scoreboard slot <*>,0.9695,jk2_init() Found child <*> in scoreboard slot <*>,0.8751,mod_jk child init 1 -2,0.608,7.26,6
481,jk2_init() Found child 6453 in scoreboard slot 10,partial,jk2_init() Found child child<*> in scoreboard slot <*>,0.9759,jk2_init() Found child <*> in scoreboard slot <*>,0.8866,mod_jk child init 1 -2,0.6123,7.15,6
482,jk2_init() Found child 6451 in scoreboard slot 7,partial,jk2_init() Found child child<*> in scoreboard slot <*>,0.9584,jk2_init() Found child <*> in scoreboard slot <*>,0.8625,mod_jk child init 1 -2,0.6212,7.14,6
483,jk2_init() Found child 6452 in scoreboard slot 8,partial,jk2_init() Found child child<*> in scoreboard slot <*>,0.9708,jk2_init() Found child <*> in scoreboard slot <*>,0.8753,mod_jk child init 1 -2,0.614,7.22,6
484,workerEnv.init() ok /etc/httpd/conf/workers2.properties,exact,workerEnv.init() ok /etc/httpd/conf/workers2.properties,1.0,mod_jk child workerEnv in error state <*>,0.5236,mod_jk child init 1 -2,0.3325,7.45,6
485,workerEnv.init() ok /etc/httpd/conf/workers2.properties,exact,workerEnv.init() ok /etc/httpd/conf/workers2.properties,1.0,mod_jk child workerEnv in error state <*>,0.5236,mod_jk child init 1 -2,0.3325,7.39,6
486,workerEnv.init() ok /etc/httpd/conf/workers2.properties,exact,workerEnv.init() ok /etc/httpd/conf/workers2.properties,1.0,mod_jk child workerEnv in error state <*>,0.5236,mod_jk child init 1 -2,0.3325,7.28,6
487,mod_jk child workerEnv in error state 9,partial,mod_jk child workerEnv in error state <*>,0.9801,mod_jk child init 1 -2,0.6298,workerEnv.init() ok /etc/httpd/conf/workers2.properties,0.5071,6.96,6
488,mod_jk child workerEnv in error state 6,exact,mod_jk child workerEnv in error state <*>,0.9978,mod_jk child init 1 -2,0.6569,workerEnv.init() ok /etc/httpd/conf/workers2.properties,0.5231,7.02,6
489,mod_jk child workerEnv in error state 6,exact,mod_jk child workerEnv in error state <*>,0.9978,mod_jk child init 1 -2,0.6569,workerEnv.init() ok /etc/httpd/conf/workers2.properties,0.5231,6.95,6
490,[client <*>] Directory index forbidden by rule: /var/www/html/,exact,[client <*>] Directory index forbidden by rule: /var/www/html/,1.0,workerEnv.init() ok /etc/httpd/conf/workers2.properties,0.1366,mod_jk child workerEnv in error state <*>,0.1059,7.16,6
491,jk2_init() Found child 6561 in scoreboard slot 10,partial,jk2_init() Found child child<*> in scoreboard slot <*>,0.9866,jk2_init() Found child <*> in scoreboard slot <*>,0.8993,mod_jk child init 1 -2,0.6139,7.17,6
492,[client <*>] Directory index forbidden by rule: /var/www/html/,exact,[client <*>] Directory index forbidden by rule: /var/www/html/,1.0,workerEnv.init() ok /etc/httpd/conf/workers2.properties,0.1366,mod_jk child workerEnv in error state <*>,0.1059,7.2,6
493,workerEnv.init() ok /etc/httpd/conf/workers2.properties,exact,workerEnv.init() ok /etc/httpd/conf/workers2.properties,1.0,mod_jk child workerEnv in error state <*>,0.5236,mod_jk child init 1 -2,0.3325,7.23,6
494,mod_jk child workerEnv in error state 6,exact,mod_jk child workerEnv in error state <*>,0.9979,mod_jk child init 1 -2,0.6569,workerEnv.init() ok /etc/httpd/conf/workers2.properties,0.5231,6.89,6
495,jk2_init() Found child 6569 in scoreboard slot 8,partial,jk2_init() Found child child<*> in scoreboard slot <*>,0.9877,jk2_init() Found child <*> in scoreboard slot <*>,0.899,mod_jk child init 1 -2,0.6004,7.19,6
496,jk2_init() Found child 6568 in scoreboard slot 7,partial,jk2_init() Found child child<*> in scoreboard slot <*>,0.9854,jk2_init() Found child <*> in scoreboard slot <*>,0.8938,mod_jk child init 1 -2,0.6,7.19,6
497,workerEnv.init() ok /etc/httpd/conf/workers2.properties,exact,workerEnv.init() ok /etc/httpd/conf/workers2.properties,1.0,mod_jk child workerEnv in error state <*>,0.5236,mod_jk child init 1 -2,0.3325,7.3,6
498,mod_jk child workerEnv in error state 6,exact,mod_jk child workerEnv in error state <*>,0.9979,mod_jk child init 1 -2,0.6569,workerEnv.init() ok /etc/httpd/conf/workers2.properties,0.5231,6.9,6
499,workerEnv.init() ok /etc/httpd/conf/workers2.properties,exact,workerEnv.init() ok /etc/httpd/conf/workers2.properties,1.0,mod_jk child workerEnv in error state <*>,0.5236,mod_jk child init 1 -2,0.3325,7.24,6
500,mod_jk child workerEnv in error state 6,exact,mod_jk child workerEnv in error state <*>,0.9979,mod_jk child init 1 -2,0.6569,workerEnv.init() ok /etc/httpd/conf/workers2.properties,0.5231,6.94,6
501,jk2_init() Found child 6577 in scoreboard slot 7,partial,jk2_init() Found child child<*> in scoreboard slot <*>,0.9796,jk2_init() Found child <*> in scoreboard slot <*>,0.8898,mod_jk child init 1 -2,0.6139,7.16,6
502,jk2_init() Found child 6578 in scoreboard slot 8,partial,jk2_init() Found child child<*> in scoreboard slot <*>,0.9824,jk2_init() Found child <*> in scoreboard slot <*>,0.8864,mod_jk child init 1 -2,0.6058,7.96,6
503,workerEnv.init() ok /etc/httpd/conf/workers2.properties,exact,workerEnv.init() ok /etc/httpd/conf/workers2.properties,1.0,mod_jk child workerEnv in error state <*>,0.5236,mod_jk child init 1 -2,0.3325,8.04,6
504,mod_jk child workerEnv in error state 6,exact,mod_jk child workerEnv in error state <*>,0.998,mod_jk child init 1 -2,0.6569,workerEnv.init() ok /etc/httpd/conf/workers2.properties,0.5231,9.62,6
505,workerEnv.init() ok /etc/httpd/conf/workers2.properties,exact,workerEnv.init() ok /etc/httpd/conf/workers2.properties,1.0,mod_jk child workerEnv in error state <*>,0.5236,mod_jk child init 1 -2,0.3325,8.09,6
506,mod_jk child workerEnv in error state 6,exact,mod_jk child workerEnv in error state <*>,0.998,mod_jk child init 1 -2,0.6569,workerEnv.init() ok /etc/httpd/conf/workers2.properties,0.5231,8.08,6
507,jk2_init() Found child 6585 in scoreboard slot 7,partial,jk2_init() Found child child<*> in scoreboard slot <*>,0.9755,jk2_init() Found child <*> in scoreboard slot <*>,0.8804,mod_jk child init 1 -2,0.6062,7.52,6
508,jk2_init() Found child 6586 in scoreboard slot 8,partial,jk2_init() Found child child<*> in scoreboard slot <*>,0.9734,jk2_init() Found child <*> in scoreboard slot <*>,0.8869,mod_jk child init 1 -2,0.6182,7.9,6
509,workerEnv.init() ok /etc/httpd/conf/workers2.properties,exact,workerEnv.init() ok /etc/httpd/conf/workers2.properties,1.0,mod_jk child workerEnv in error state <*>,0.5236,mod_jk child init 1 -2,0.3325,7.41,6
510,workerEnv.init() ok /etc/httpd/conf/workers2.properties,exact,workerEnv.init() ok /etc/httpd/conf/workers2.properties,1.0,mod_jk child workerEnv in error state <*>,0.5236,mod_jk child init 1 -2,0.3325,7.32,6
511,mod_jk child workerEnv in error state 6,exact,mod_jk child workerEnv in error state <*>,0.998,mod_jk child init 1 -2,0.6569,workerEnv.init() ok /etc/httpd/conf/workers2.properties,0.5231,7.03,6
512,mod_jk child workerEnv in error state 6,exact,mod_jk child workerEnv in error state <*>,0.998,mod_jk child init 1 -2,0.6569,workerEnv.init() ok /etc/httpd/conf/workers2.properties,0.5231,7.18,6
513,jk2_init() Found child 6595 in scoreboard slot 8,partial,jk2_init() Found child child<*> in scoreboard slot <*>,0.9856,jk2_init() Found child <*> in scoreboard slot <*>,0.8919,mod_jk child init 1 -2,0.6008,7.19,6
514,jk2_init() Found child 6594 in scoreboard slot 7,partial,jk2_init() Found child child<*> in scoreboard slot <*>,0.9853,jk2_init() Found child <*> in scoreboard slot <*>,0.8917,mod_jk child init 1 -2,0.5976,7.08,6
515,workerEnv.init() ok /etc/httpd/conf/workers2.properties,exact,workerEnv.init() ok /etc/httpd/conf/workers2.properties,1.0,mod_jk child workerEnv in error state <*>,0.5236,mod_jk child init 1 -2,0.3325,7.42,6
516,mod_jk child workerEnv in error state 6,exact,mod_jk child workerEnv in error state <*>,0.9981,mod_jk child init 1 -2,0.6569,workerEnv.init() ok /etc/httpd/conf/workers2.properties,0.5231,6.94,6
517,workerEnv.init() ok /etc/httpd/conf/workers2.properties,exact,workerEnv.init() ok /etc/httpd/conf/workers2.properties,1.0,mod_jk child workerEnv in error state <*>,0.5236,mod_jk child init 1 -2,0.3325,7.2,6
518,mod_jk child workerEnv in error state 6,exact,mod_jk child workerEnv in error state <*>,0.9981,mod_jk child init 1 -2,0.6569,workerEnv.init() ok /etc/httpd/conf/workers2.properties,0.5231,6.92,6
519,jk2_init() Found child 6601 in scoreboard slot 8,partial,jk2_init() Found child child<*> in scoreboard slot <*>,0.9672,jk2_init() Found child <*> in scoreboard slot <*>,0.8962,mod_jk child init 1 -2,0.6337,7.23,6
520,jk2_init() Found child 6600 in scoreboard slot 7,partial,jk2_init() Found child child<*> in scoreboard slot <*>,0.9467,jk2_init() Found child <*> in scoreboard slot <*>,0.8742,mod_jk child init 1 -2,0.6177,7.22,6
521,workerEnv.init() ok /etc/httpd/conf/workers2.properties,exact,workerEnv.init() ok /etc/httpd/conf/workers2.properties,1.0,mod_jk child workerEnv in error state <*>,0.5236,mod_jk child init 1 -2,0.3325,7.31,6
522,workerEnv.init() ok /etc/httpd/conf/workers2.properties,exact,workerEnv.init() ok /etc/httpd/conf/workers2.properties,1.0,mod_jk child workerEnv in error state <*>,0.5236,mod_jk child init 1 -2,0.3325,7.23,6
523,mod_jk child workerEnv in error state 6,exact,mod_jk child workerEnv in error state <*>,0.9981,mod_jk child init 1 -2,0.6569,workerEnv.init() ok /etc/httpd/conf/workers2.properties,0.5231,6.99,6
524,mod_jk child workerEnv in error state 6,exact,mod_jk child workerEnv in error state <*>,0.9981,mod_jk child init 1 -2,0.6569,workerEnv.init() ok /etc/httpd/conf/workers2.properties,0.5231,6.84,6
525,jk2_init() Found child 6609 in scoreboard slot 7,partial,jk2_init() Found child child<*> in scoreboard slot <*>,0.9695,jk2_init() Found child <*> in scoreboard slot <*>,0.9045,mod_jk child init 1 -2,0.6148,7.08,6
526,workerEnv.init() ok /etc/httpd/conf/workers2.properties,exact,workerEnv.init() ok /etc/httpd/conf/workers2.properties,1.0,mod_jk child workerEnv in error state <*>,0.5236,mod_jk child init 1 -2,0.3325,7.3,6
527,mod_jk child workerEnv in error state 6,exact,mod_jk child workerEnv in error state <*>,0.9982,mod_jk child init 1 -2,0.6569,workerEnv.init() ok /etc/httpd/conf/workers2.properties,0.5231,6.97,6
528,jk2_init() Found child 6639 in scoreboard slot 7,partial,jk2_init() Found child child<*> in scoreboard slot <*>,0.984,jk2_init() Found child <*> in scoreboard slot <*>,0.8976,mod_jk child init 1 -2,0.6098,7.14,6
529,jk2_init() Found child 6638 in scoreboard slot 8,partial,jk2_init() Found child child<*> in scoreboard slot <*>,0.9779,jk2_init() Found child <*> in scoreboard slot <*>,0.8878,mod_jk child init 1 -2,0.6141,7.2,6
530,workerEnv.init() ok /etc/httpd/conf/workers2.properties,exact,workerEnv.init() ok /etc/httpd/conf/workers2.properties,1.0,mod_jk child workerEnv in error state <*>,0.5236,mod_jk child init 1 -2,0.3325,7.48,6
531,mod_jk child workerEnv in error state 6,exact,mod_jk child workerEnv in error state <*>,0.9982,mod_jk child init 1 -2,0.6569,workerEnv.init() ok /etc/httpd/conf/workers2.properties,0.5231,7.06,6
532,workerEnv.init() ok /etc/httpd/conf/workers2.properties,exact,workerEnv.init() ok /etc/httpd/conf/workers2.properties,1.0,mod_jk child workerEnv in error state <*>,0.5236,mod_jk child init 1 -2,0.3325,7.41,6
533,mod_jk child workerEnv in error state 6,exact,mod_jk child workerEnv in error state <*>,0.9982,mod_jk child init 1 -2,0.6569,workerEnv.init() ok /etc/httpd/conf/workers2.properties,0.5231,6.98,6
534,jk2_init() Found child 6652 in scoreboard slot 7,partial,jk2_init() Found child child<*> in scoreboard slot <*>,0.971,jk2_init() Found child <*> in scoreboard slot <*>,0.8848,mod_jk child init 1 -2,0.5968,7.07,6
535,jk2_init() Found child 6651 in scoreboard slot 8,partial,jk2_init() Found child child<*> in scoreboard slot <*>,0.9757,jk2_init() Found child <*> in scoreboard slot <*>,0.884,mod_jk child init 1 -2,0.6178,7.15,6
536,workerEnv.init() ok /etc/httpd/conf/workers2.properties,exact,workerEnv.init() ok /etc/httpd/conf/workers2.properties,1.0,mod_jk child workerEnv in error state <*>,0.5236,mod_jk child init 1 -2,0.3325,7.27,6
537,workerEnv.init() ok /etc/httpd/conf/workers2.properties,exact,workerEnv.init() ok /etc/httpd/conf/workers2.properties,1.0,mod_jk child workerEnv in error state <*>,0.5236,mod_jk child init 1 -2,0.3325,7.3,6
538,mod_jk child workerEnv in error state 6,exact,mod_jk child workerEnv in error state <*>,0.9982,mod_jk child init 1 -2,0.6569,workerEnv.init() ok /etc/httpd/conf/workers2.properties,0.5231,7.0,6
539,mod_jk child workerEnv in error state 6,exact,mod_jk child workerEnv in error state <*>,0.9983,mod_jk child init 1 -2,0.6569,workerEnv.init() ok /etc/httpd/conf/workers2.properties,0.5231,6.86,6
540,jk2_init() Found child 6670 in scoreboard slot 7,partial,jk2_init() Found child child<*> in scoreboard slot <*>,0.9637,jk2_init() Found child <*> in scoreboard slot <*>,0.8794,mod_jk child init 1 -2,0.596,7.02,6
541,jk2_init() Found child 6669 in scoreboard slot 8,partial,jk2_init() Found child child<*> in scoreboard slot <*>,0.9741,jk2_init() Found child <*> in scoreboard slot <*>,0.8962,mod_jk child init 1 -2,0.5872,7.08,6
542,workerEnv.init() ok /etc/httpd/conf/workers2.properties,exact,workerEnv.init() ok /etc/httpd/conf/workers2.properties,1.0,mod_jk child workerEnv in error state <*>,0.5236,mod_jk child init 1 -2,0.3325,7.33,6
543,mod_jk child workerEnv in error state 6,exact,mod_jk child workerEnv in error state <*>,0.9983,mod_jk child init 1 -2,0.6569,workerEnv.init() ok /etc/httpd/conf/workers2.properties,0.5231,7.05,6
544,workerEnv.init() ok /etc/httpd/conf/workers2.properties,exact,workerEnv.init() ok /etc/httpd/conf/workers2.properties,1.0,mod_jk child workerEnv in error state <*>,0.5236,mod_jk child init 1 -2,0.3325,7.37,6
545,mod_jk child workerEnv in error state 6,exact,mod_jk child workerEnv in error state <*>,0.9983,mod_jk child init 1 -2,0.6569,workerEnv.init() ok /etc/httpd/conf/workers2.properties,0.5231,7.01,6
546,jk2_init() Found child 6684 in scoreboard slot 7,partial,jk2_init() Found child child<*> in scoreboard slot <*>,0.9829,jk2_init() Found child <*> in scoreboard slot <*>,0.8941,mod_jk child init 1 -2,0.6014,7.27,6
547,jk2_init() Found child 6688 in scoreboard slot 8,partial,jk2_init() Found child child<*> in scoreboard slot <*>,0.9704,jk2_init() Found child <*> in scoreboard slot <*>,0.8832,mod_jk child init 1 -2,0.5955,7.12,6
548,workerEnv.init() ok /etc/httpd/conf/workers2.properties,exact,workerEnv.init() ok /etc/httpd/conf/workers2.properties,1.0,mod_jk child workerEnv in error state <*>,0.5236,mod_jk child init 1 -2,0.3325,7.21,6
549,mod_jk child workerEnv in error state 6,exact,mod_jk child workerEnv in error state <*>,0.9983,mod_jk child init 1 -2,0.6569,workerEnv.init() ok /etc/httpd/conf/workers2.properties,0.5231,6.99,6
550,jk2_init() Found child 6689 in scoreboard slot 7,partial,jk2_init() Found child child<*> in scoreboard slot <*>,0.9805,jk2_init() Found child <*> in scoreboard slot <*>,0.8999,mod_jk child init 1 -2,0.5915,7.13,6
551,workerEnv.init() ok /etc/httpd/conf/workers2.properties,exact,workerEnv.init() ok /etc/httpd/conf/workers2.properties,1.0,mod_jk child workerEnv in error state <*>,0.5237,mod_jk child init 1 -2,0.3325,7.29,6
552,mod_jk child workerEnv in error state 7,exact,mod_jk child workerEnv in error state <*>,0.9918,mod_jk child init 1 -2,0.6508,workerEnv.init() ok /etc/httpd/conf/workers2.properties,0.5226,7.12,6
553,jk2_init() Found child 6707 in scoreboard slot 8,partial,jk2_init() Found child child<*> in scoreboard slot <*>,0.9756,jk2_init() Found child <*> in scoreboard slot <*>,0.8852,mod_jk child init 1 -2,0.6182,7.11,6
554,jk2_init() Found child 6708 in scoreboard slot 7,partial,jk2_init() Found child child<*> in scoreboard slot <*>,0.9769,jk2_init() Found child <*> in scoreboard slot <*>,0.8862,mod_jk child init 1 -2,0.6142,7.22,6
555,workerEnv.init() ok /etc/httpd/conf/workers2.properties,exact,workerEnv.init() ok /etc/httpd/conf/workers2.properties,1.0,mod_jk child workerEnv in error state <*>,0.5237,mod_jk child init 1 -2,0.3325,7.38,6
556,mod_jk child workerEnv in error state 6,exact,mod_jk child workerEnv in error state <*>,0.9983,mod_jk child init 1 -2,0.6569,workerEnv.init() ok /etc/httpd/conf/workers2.properties,0.5231,6.87,6
557,workerEnv.init() ok /etc/httpd/conf/workers2.properties,exact,workerEnv.init() ok /etc/httpd/conf/workers2.properties,1.0,mod_jk child workerEnv in error state <*>,0.5237,mod_jk child init 1 -2,0.3325,7.38,6
558,mod_jk child workerEnv in error state 6,exact,mod_jk child workerEnv in error state <*>,0.9983,mod_jk child init 1 -2,0.6569,workerEnv.init() ok /etc/httpd/conf/workers2.properties,0.5231,6.95,6
559,jk2_init() Found child 6719 in scoreboard slot 7,partial,jk2_init() Found child child<*> in scoreboard slot <*>,0.9739,jk2_init() Found child <*> in scoreboard slot <*>,0.9025,mod_jk child init 1 -2,0.5932,7.11,6
560,jk2_init() Found child 6718 in scoreboard slot 8,partial,jk2_init() Found child child<*> in scoreboard slot <*>,0.9771,jk2_init() Found child <*> in scoreboard slot <*>,0.895,mod_jk child init 1 -2,0.6023,6.98,6
561,workerEnv.init() ok /etc/httpd/conf/workers2.properties,exact,workerEnv.init() ok /etc/httpd/conf/workers2.properties,1.0,mod_jk child workerEnv in error state <*>,0.5237,mod_jk child init 1 -2,0.3325,7.29,6
562,mod_jk child workerEnv in error state 6,exact,mod_jk child workerEnv in error state <*>,0.9984,mod_jk child init 1 -2,0.6569,workerEnv.init() ok /etc/httpd/conf/workers2.properties,0.5231,6.95,6
563,workerEnv.init() ok /etc/httpd/conf/workers2.properties,exact,workerEnv.init() ok /etc/httpd/conf/workers2.properties,1.0,mod_jk child workerEnv in error state <*>,0.5237,mod_jk child init 1 -2,0.3325,7.37,6
564,mod_jk child workerEnv in error state 6,exact,mod_jk child workerEnv in error state <*>,0.9984,mod_jk child init 1 -2,0.6569,workerEnv.init() ok /etc/httpd/conf/workers2.properties,0.5231,6.97,6
565,jk2_init() Found child 6725 in scoreboard slot 7,partial,jk2_init() Found child child<*> in scoreboard slot <*>,0.9817,jk2_init() Found child <*> in scoreboard slot <*>,0.8982,mod_jk child init 1 -2,0.603,7.11,6
566,jk2_init() Found child 6724 in scoreboard slot 8,partial,jk2_init() Found child child<*> in scoreboard slot <*>,0.9855,jk2_init() Found child <*> in scoreboard slot <*>,0.9045,mod_jk child init 1 -2,0.604,7.06,6
567,workerEnv.init() ok /etc/httpd/conf/workers2.properties,exact,workerEnv.init() ok /etc/httpd/conf/workers2.properties,1.0,mod_jk child workerEnv in error state <*>,0.5237,mod_jk child init 1 -2,0.3325,7.3,6
568,mod_jk child workerEnv in error state 6,exact,mod_jk child workerEnv in error state <*>,0.9984,mod_jk child init 1 -2,0.6569,workerEnv.init() ok /etc/httpd/conf/workers2.properties,0.5231,6.91,6
569,workerEnv.init() ok /etc/httpd/conf/workers2.properties,exact,workerEnv.init() ok /etc/httpd/conf/workers2.properties,1.0,mod_jk child workerEnv in error state <*>,0.5237,mod_jk child init 1 -2,0.3325,7.35,6
570,mod_jk child workerEnv in error state 6,exact,mod_jk child workerEnv in error state <*>,0.9984,mod_jk child init 1 -2,0.6569,workerEnv.init() ok /etc/httpd/conf/workers2.properties,0.5231,6.94,6
571,jk2_init() Found child 6733 in scoreboard slot 8,partial,jk2_init() Found child child<*> in scoreboard slot <*>,0.9848,jk2_init() Found child <*> in scoreboard slot <*>,0.8941,mod_jk child init 1 -2,0.6128,7.03,6
572,workerEnv.init() ok /etc/httpd/conf/workers2.properties,exact,workerEnv.init() ok /etc/httpd/conf/workers2.properties,1.0,mod_jk child workerEnv in error state <*>,0.5237,mod_jk child init 1 -2,0.3325,7.29,6
573,mod_jk child workerEnv in error state 6,exact,mod_jk child workerEnv in error state <*>,0.9984,mod_jk child init 1 -2,0.6569,workerEnv.init() ok /etc/httpd/conf/workers2.properties,0.5231,6.98,6
574,jk2_init() Found child 6740 in scoreboard slot 7,partial,jk2_init() Found child child<*> in scoreboard slot <*>,0.9815,jk2_init() Found child <*> in scoreboard slot <*>,0.8948,mod_jk child init 1 -2,0.6014,7.08,6
575,jk2_init() Found child 6741 in scoreboard slot 8,partial,jk2_init() Found child child<*> in scoreboard slot <*>,0.9856,jk2_init() Found child <*> in scoreboard slot <*>,0.9017,mod_jk child init 1 -2,0.6087,7.21,6
576,workerEnv.init() ok /etc/httpd/conf/workers2.properties,exact,workerEnv.init() ok /etc/httpd/conf/workers2.properties,1.0,mod_jk child workerEnv in error state <*>,0.5237,mod_jk child init 1 -2,0.3325,7.33,6
577,mod_jk child workerEnv in error state 6,exact,mod_jk child workerEnv in error state <*>,0.9985,mod_jk child init 1 -2,0.6569,workerEnv.init() ok /etc/httpd/conf/workers2.properties,0.5231,6.9,6
578,workerEnv.init() ok /etc/httpd/conf/workers2.properties,exact,workerEnv.init() ok /etc/httpd/conf/workers2.properties,1.0,mod_jk child workerEnv in error state <*>,0.5237,mod_jk child init 1 -2,0.3325,7.32,6
579,mod_jk child workerEnv in error state 6,exact,mod_jk child workerEnv in error state <*>,0.9985,mod_jk child init 1 -2,0.6569,workerEnv.init() ok /etc/httpd/conf/workers2.properties,0.5231,6.99,6
580,jk2_init() Found child 6750 in scoreboard slot 8,partial,jk2_init() Found child child<*> in scoreboard slot <*>,0.9754,jk2_init() Found child <*> in scoreboard slot <*>,0.8861,mod_jk child init 1 -2,0.6132,7.11,6
581,jk2_init() Found child 6749 in scoreboard slot 7,partial,jk2_init() Found child child<*> in scoreboard slot <*>,0.9856,jk2_init() Found child <*> in scoreboard slot <*>,0.9034,mod_jk child init 1 -2,0.6015,7.07,6
582,workerEnv.init() ok /etc/httpd/conf/workers2.properties,exact,workerEnv.init() ok /etc/httpd/conf/workers2.properties,1.0,mod_jk child workerEnv in error state <*>,0.5237,mod_jk child init 1 -2,0.3325,7.43,6
583,workerEnv.init() ok /etc/httpd/conf/workers2.properties,exact,workerEnv.init() ok /etc/httpd/conf/workers2.properties,1.0,mod_jk child workerEnv in error state <*>,0.5237,mod_jk child init 1 -2,0.3325,7.46,6
584,mod_jk child workerEnv in error state 6,exact,mod_jk child workerEnv in error state <*>,0.9985,mod_jk child init 1 -2,0.6569,workerEnv.init() ok /etc/httpd/conf/workers2.properties,0.5231,7.04,6
585,mod_jk child workerEnv in error state 6,exact,mod_jk child workerEnv in error state <*>,0.9985,mod_jk child init 1 -2,0.6569,workerEnv.init() ok /etc/httpd/conf/workers2.properties,0.5231,6.95,6
586,jk2_init() Found child 6751 in scoreboard slot 10,partial,jk2_init() Found child child<*> in scoreboard slot <*>,0.9786,jk2_init() Found child <*> in scoreboard slot <*>,0.89,mod_jk child init 1 -2,0.6192,7.08,6
587,workerEnv.init() ok /etc/httpd/conf/workers2.properties,exact,workerEnv.init() ok /etc/httpd/conf/workers2.properties,1.0,mod_jk child workerEnv in error state <*>,0.5237,mod_jk child init 1 -2,0.3325,7.28,6
588,mod_jk child workerEnv in error state 6,exact,mod_jk child workerEnv in error state <*>,0.9985,mod_jk child init 1 -2,0.6569,workerEnv.init() ok /etc/httpd/conf/workers2.properties,0.5231,7.01,6
589,[client <*>] Directory index forbidden by rule: /var/www/html/,exact,[client <*>] Directory index forbidden by rule: /var/www/html/,1.0,workerEnv.init() ok /etc/httpd/conf/workers2.properties,0.1366,mod_jk child workerEnv in error state <*>,0.1057,7.34,6
590,jk2_init() Found child 6780 in scoreboard slot 7,partial,jk2_init() Found child child<*> in scoreboard slot <*>,0.9717,jk2_init() Found child <*> in scoreboard slot <*>,0.8951,mod_jk child init 1 -2,0.6055,7.24,6
591,workerEnv.init() ok /etc/httpd/conf/workers2.properties,exact,workerEnv.init() ok /etc/httpd/conf/workers2.properties,1.0,mod_jk child workerEnv in error state <*>,0.5237,mod_jk child init 1 -2,0.3325,7.55,6
592,mod_jk child workerEnv in error state 6,exact,mod_jk child workerEnv in error state <*>,0.9985,mod_jk child init 1 -2,0.6569,workerEnv.init() ok /etc/httpd/conf/workers2.properties,0.5231,6.99,6
593,jk2_init() Found child 6784 in scoreboard slot 8,partial,jk2_init() Found child child<*> in scoreboard slot <*>,0.9817,jk2_init() Found child <*> in scoreboard slot <*>,0.8915,mod_jk child init 1 -2,0.5968,7.23,6
594,[client <*>] Directory index forbidden by rule: /var/www/html/,exact,[client <*>] Directory index forbidden by rule: /var/www/html/,1.0,workerEnv.init() ok /etc/httpd/conf/workers2.properties,0.1366,mod_jk child workerEnv in error state <*>,0.1057,7.24,6
595,workerEnv.init() ok /etc/httpd/conf/workers2.properties,exact,workerEnv.init() ok /etc/httpd/conf/workers2.properties,1.0,mod_jk child workerEnv in error state <*>,0.5237,mod_jk child init 1 -2,0.3325,7.5,6
596,mod_jk child workerEnv in error state 6,exact,mod_jk child workerEnv in error state <*>,0.9986,mod_jk child init 1 -2,0.6569,workerEnv.init() ok /etc/httpd/conf/workers2.properties,0.5231,6.87,6
597,jk2_init() Found child 6791 in scoreboard slot 8,partial,jk2_init() Found child child<*> in scoreboard slot <*>,0.9847,jk2_init() Found child <*> in scoreboard slot <*>,0.9037,mod_jk child init 1 -2,0.5983,7.29,6
598,jk2_init() Found child 6790 in scoreboard slot 7,partial,jk2_init() Found child child<*> in scoreboard slot <*>,0.9788,jk2_init() Found child <*> in scoreboard slot <*>,0.8987,mod_jk child init 1 -2,0.5989,7.13,6
599,workerEnv.init() ok /etc/httpd/conf/workers2.properties,exact,workerEnv.init() ok /etc/httpd/conf/workers2.properties,1.0,mod_jk child workerEnv in error state <*>,0.5237,mod_jk child init 1 -2,0.3325,7.29,6
600,mod_jk child workerEnv in error state 6,exact,mod_jk child workerEnv in error state <*>,0.9986,mod_jk child init 1 -2,0.6569,workerEnv.init() ok /etc/httpd/conf/workers2.properties,0.5231,6.92,6
