log_id,normalised,match_type,top1_template,top1_score,top2_template,top2_score,top3_template,top3_score,latency_ms,store_size
1,calculateCaloriesWithCache totalCalories=131015,partial,calculateCaloriesWithCache totalCalories<*>,0.9704,calculateAltitudeWithCache totalAltitude=240,0.6907,checkInsertStatus stepSum or calorieSum is enough,0.5494,32.92,56
2,calculateAltitudeWithCache totalAltitude=240,exact,calculateAltitudeWithCache totalAltitude=240,1.0,calculateCaloriesWithCache totalCalories<*>,0.709,checkInsertStatus stepStatSum or calorieStatSum is enough,0.4314,22.87,56
3,REPORT : 7205 5144 154331 240,partial,REPORT : <*> 240,0.9647,onExtend<*> 0 0 4,0.3329,InsertEvent success begin:25233975 <*>,0.331,21.01,56
4,onStandStepChanged 3780,partial,onStandStepChanged <*>,0.9521,REPORT : <*> 240,0.3646,onExtend<*> 0 0 4,0.3516,20.52,56
5,onExtend:1514042086000 3 0 4,exact,onExtend<*> 0 0 4,0.9913,setWriteDBLastDataMinute=25233979,0.3621,InsertEvent success begin:25233975 <*>,0.3615,20.71,56
6,getTodayTotalDetailSteps = 1514041980000##7205##549659##8661##16256##30730728,partial,getTodayTotalDetailSteps = <*>,0.9751,getTodaySportData mStepsRecordManager=com.huawei.health.g.c@8a2a501,0.4533,new date <*> type<*>,0.4033,22.5,56
7,setTodayTotalDetailSteps=1514041980000##7208##549659##8661##16256##30731232,partial,getTodayTotalDetailSteps = <*>,0.9797,new date <*> type<*>,0.4145,"new date <*> type=40005,240.0,old=330.0",0.4051,21.9,56
8,calculateCaloriesWithCache totalCalories=131079,partial,calculateCaloriesWithCache totalCalories<*>,0.9774,calculateAltitudeWithCache totalAltitude=240,0.6814,checkInsertStatus stepSum or calorieSum is enough,0.5556,20.35,56
9,calculateAltitudeWithCache totalAltitude=240,exact,calculateAltitudeWithCache totalAltitude=240,1.0,calculateCaloriesWithCache totalCalories<*>,0.7089,checkInsertStatus stepStatSum or calorieStatSum is enough,0.4314,20.91,56
10,REPORT : 7208 5146 154395 240,partial,REPORT : <*> 240,0.9802,"new date <*> type=40005,240.0,old=330.0",0.3326,onStandStepChanged <*>,0.3231,20.64,56
11,onStandStepChanged 3783,partial,onStandStepChanged <*>,0.9132,REPORT : <*> 240,0.4284,onExtend<*> 0 0 4,0.3815,20.5,56
12,onExtend:1514042086000 3 0 4,exact,onExtend<*> 0 0 4,0.9914,setWriteDBLastDataMinute=25233979,0.3621,InsertEvent success begin:25233975 <*>,0.3615,20.44,56
13,getTodayTotalDetailSteps = 1514041980000##7208##549659##8661##16256##30731232,partial,getTodayTotalDetailSteps = <*>,0.9755,getTodaySportData mStepsRecordManager=com.huawei.health.g.c@8a2a501,0.4523,new date <*> type<*>,0.4094,21.93,56
14,setTodayTotalDetailSteps=1514041980000##7211##549659##8661##16256##30731730,partial,getTodayTotalDetailSteps = <*>,0.9782,new date <*> type<*>,0.4059,"new date <*> type=40005,240.0,old=330.0",0.3954,21.98,56
15,calculateCaloriesWithCache totalCalories=131144,partial,calculateCaloriesWithCache totalCalories<*>,0.9699,calculateAltitudeWithCache totalAltitude=240,0.6902,checkInsertStatus stepSum or calorieSum is enough,0.5477,20.71,56
16,calculateAltitudeWithCache totalAltitude=240,exact,calculateAltitudeWithCache totalAltitude=240,1.0,calculateCaloriesWithCache totalCalories<*>,0.7089,checkInsertStatus stepStatSum or calorieStatSum is enough,0.4314,20.72,56
17,REPORT : 7211 5148 154459 240,partial,REPORT : <*> 240,0.9213,onStandStepChanged <*>,0.3596,new date <*> type<*>,0.3396,20.38,56
18,onStandStepChanged 3784,partial,onStandStepChanged <*>,0.9415,REPORT : <*> 240,0.4377,onExtend<*> 0 0 4,0.3829,20.45,56
19,onExtend:1514042087000 1 0 4,partial,onExtend<*> 0 0 4,0.987,onStandStepChanged <*>,0.3743,InsertEvent success begin:25233975 <*>,0.3657,20.4,56
20,getTodayTotalDetailSteps = 1514041980000##7211##549659##8661##16256##30731730,partial,getTodayTotalDetailSteps = <*>,0.9717,getTodaySportData mStepsRecordManager=com.huawei.health.g.c@8a2a501,0.4545,new date <*> type<*>,0.4013,22.18,56
21,setTodayTotalDetailSteps=1514041980000##7212##549659##8661##16256##30732729,partial,getTodayTotalDetailSteps = <*>,0.9788,new date <*> type<*>,0.4131,"new date <*> type=40005,240.0,old=330.0",0.4036,21.95,56
22,calculateCaloriesWithCache totalCalories=131165,partial,calculateCaloriesWithCache totalCalories<*>,0.9784,calculateAltitudeWithCache totalAltitude=240,0.6933,checkInsertStatus stepSum or calorieSum is enough,0.5571,20.59,56
23,calculateAltitudeWithCache totalAltitude=240,exact,calculateAltitudeWithCache totalAltitude=240,1.0,calculateCaloriesWithCache totalCalories<*>,0.7089,checkInsertStatus stepStatSum or calorieStatSum is enough,0.4314,20.72,56
24,REPORT : 7212 5149 154481 240,partial,REPORT : <*> 240,0.9267,onExtend<*> 0 0 4,0.3432,onStandStepChanged <*>,0.3359,20.47,56
25,onStandStepChanged 3786,partial,onStandStepChanged <*>,0.9331,onExtend<*> 0 0 4,0.3309,REPORT : <*> 240,0.3234,20.6,56
26,onExtend:1514042088000 2 0 4,partial,onExtend<*> 0 0 4,0.9864,onStandStepChanged <*>,0.3738,InsertEvent success begin:25233975 <*>,0.362,21.04,56
27,getTodayTotalDetailSteps = 1514041980000##7212##549659##8661##16256##30732729,partial,getTodayTotalDetailSteps = <*>,0.9721,getTodaySportData mStepsRecordManager=com.huawei.health.g.c@8a2a501,0.4549,new date <*> type<*>,0.4092,22.3,56
28,setTodayTotalDetailSteps=1514041980000##7214##549659##8661##16256##30733226,partial,getTodayTotalDetailSteps = <*>,0.9809,new date <*> type<*>,0.4174,"new date <*> type=40044,420.0,old=420.0",0.4031,21.89,56
29,calculateCaloriesWithCache totalCalories=131208,partial,calculateCaloriesWithCache totalCalories<*>,0.9748,calculateAltitudeWithCache totalAltitude=240,0.7021,checkInsertStatus stepSum or calorieSum is enough,0.5535,20.34,56
30,calculateAltitudeWithCache totalAltitude=240,exact,calculateAltitudeWithCache totalAltitude=240,1.0,calculateCaloriesWithCache totalCalories<*>,0.709,checkInsertStatus stepStatSum or calorieStatSum is enough,0.4314,20.54,56
31,REPORT : 7214 5150 154523 240,partial,REPORT : <*> 240,0.9406,onStandStepChanged <*>,0.383,onExtend<*> 0 0 4,0.362,20.51,56
32,onStandStepChanged 3786,partial,onStandStepChanged <*>,0.9505,onExtend<*> 0 0 4,0.3309,REPORT : <*> 240,0.3261,20.41,56
33,onExtend:1514042091000 0 0 0,partial,onExtend<*> 0 0 4,0.9807,onStandStepChanged <*>,0.3704,InsertEvent success begin:25233975 <*>,0.3681,20.6,56
34,getTodayTotalDetailSteps = 1514041980000##7214##549659##8661##16256##30733226,partial,getTodayTotalDetailSteps = <*>,0.974,getTodaySportData mStepsRecordManager=com.huawei.health.g.c@8a2a501,0.4561,new date <*> type<*>,0.4116,22.19,56
35,setTodayTotalDetailSteps=1514041980000##7214##549659##8661##16256##30736730,partial,getTodayTotalDetailSteps = <*>,0.9795,new date <*> type<*>,0.4105,"new date <*> type=40005,240.0,old=330.0",0.3989,22.05,56
36,calculateCaloriesWithCache totalCalories=131208,partial,calculateCaloriesWithCache totalCalories<*>,0.9752,calculateAltitudeWithCache totalAltitude=240,0.7021,checkInsertStatus stepSum or calorieSum is enough,0.5535,20.64,56
37,calculateAltitudeWithCache totalAltitude=240,exact,calculateAltitudeWithCache totalAltitude=240,1.0,calculateCaloriesWithCache totalCalories<*>,0.7091,checkInsertStatus stepStatSum or calorieStatSum is enough,0.4314,20.51,56
38,processHandleBroadcastAction action:android.intent.action.TIME_TICK,exact,processHandleBroadcastAction action:android.intent.action.TIME_TICK,1.0,processHandleBroadcastAction action:android.intent.action.SCREEN_ON,0.7753,onReceive action: android.intent.action.SCREEN_ON,0.4888,21.1,56
39,processHandleBroadcastAction action:android.intent.action.TIME_TICK,exact,processHandleBroadcastAction action:android.intent.action.TIME_TICK,1.0,processHandleBroadcastAction action:android.intent.action.SCREEN_ON,0.7753,onReceive action: android.intent.action.SCREEN_ON,0.4888,20.76,56
40,onStandStepChanged 3786,partial,onStandStepChanged <*>,0.9619,onExtend<*> 0 0 4,0.3309,REPORT : <*> 240,0.3261,20.59,56
41,onExtend:1514042182000 0 0 5,partial,onExtend<*> 0 0 4,0.9855,InsertEvent success begin:25233975 <*>,0.3594,onStandStepChanged <*>,0.3474,20.51,56
42,getTodayTotalDetailSteps = 1514041980000##7214##549659##8661##16256##30736730,partial,getTodayTotalDetailSteps = <*>,0.974,getTodaySportData mStepsRecordManager=com.huawei.health.g.c@8a2a501,0.4589,new date <*> type<*>,0.405,22.05,56
43,setTodayTotalDetailSteps=1514042100000##7214##549659##8661##16256##30827730,partial,getTodayTotalDetailSteps = <*>,0.9745,new date <*> type<*>,0.4164,"new date <*> type=40005,240.0,old=330.0",0.4082,22.06,56
44,calculateCaloriesWithCache totalCalories=131208,partial,calculateCaloriesWithCache totalCalories<*>,0.9757,calculateAltitudeWithCache totalAltitude=240,0.7021,checkInsertStatus stepSum or calorieSum is enough,0.5535,20.78,56
45,calculateAltitudeWithCache totalAltitude=240,exact,calculateAltitudeWithCache totalAltitude=240,1.0,calculateCaloriesWithCache totalCalories<*>,0.7092,checkInsertStatus stepStatSum or calorieStatSum is enough,0.4314,20.57,56
46,onReceive action: android.intent.action.SCREEN_OFF,partial,onReceive action: android.intent.action.SCREEN_ON,0.9782,processHandleBroadcastAction action:android.intent.action.SCREEN_ON,0.7426,processHandleBroadcastAction action:android.intent.action.TIME_TICK,0.4736,20.56,56
47,onStandStepChanged 3786,partial,onStandStepChanged <*>,0.9698,onExtend<*> 0 0 4,0.3309,REPORT : <*> 240,0.3261,20.39,56
48,onExtend:1514042205000 0 0 5,partial,onExtend<*> 0 0 4,0.9867,InsertEvent success begin:25233975 <*>,0.3679,onStandStepChanged <*>,0.3504,20.55,56
49,onExtend:1514042265000 0 0 0,partial,onExtend<*> 0 0 4,0.9696,InsertEvent success begin:25233975 <*>,0.379,onStandStepChanged <*>,0.376,20.48,56
50,onReceive action: android.intent.action.SCREEN_ON,partial,onReceive action: android.intent.action.SCREEN_ON,0.966,processHandleBroadcastAction action:android.intent.action.SCREEN_ON,0.7843,processHandleBroadcastAction action:android.intent.action.TIME_TICK,0.4828,20.28,56
51,processHandleBroadcastAction action:android.intent.action.SCREEN_ON,exact,processHandleBroadcastAction action:android.intent.action.SCREEN_ON,1.0,onReceive action: android.intent.action.SCREEN_ON,0.7805,processHandleBroadcastAction action:android.intent.action.TIME_TICK,0.7753,20.76,56
52,flush sensor data,exact,flush sensor data,1.0,flush2DB result success,0.3924,flushTempCacheToDB by stand,0.3462,20.21,56
53,getTodayTotalDetailSteps = 1514042100000##7214##549659##8661##16256##30827730,partial,getTodayTotalDetailSteps = <*>,0.9804,getTodaySportData mStepsRecordManager=com.huawei.health.g.c@8a2a501,0.4509,new date <*> type<*>,0.4144,21.29,56
54,setTodayTotalDetailSteps=1514042160000##7214##549659##8661##16256##30905315,partial,getTodayTotalDetailSteps = <*>,0.9769,new date <*> type<*>,0.4177,"new date <*> type=40005,240.0,old=330.0",0.4097,21.88,56
55,onStandStepChanged 3786,partial,onStandStepChanged <*>,0.9755,onExtend<*> 0 0 4,0.3309,REPORT : <*> 240,0.3261,20.84,56
56,calculateCaloriesWithCache totalCalories=131208,partial,calculateCaloriesWithCache totalCalories<*>,0.9761,calculateAltitudeWithCache totalAltitude=240,0.7021,checkInsertStatus stepSum or calorieSum is enough,0.5535,20.65,56
57,calculateAltitudeWithCache totalAltitude=240,exact,calculateAltitudeWithCache totalAltitude=240,1.0,calculateCaloriesWithCache totalCalories<*>,0.7093,checkInsertStatus stepStatSum or calorieStatSum is enough,0.4314,20.69,56
58,REPORT : 7214 5150 154523 240,partial,REPORT : <*> 240,0.9543,onStandStepChanged <*>,0.3673,onExtend<*> 0 0 4,0.3619,20.53,56
59,onStandStepChanged 3786,partial,onStandStepChanged <*>,0.9797,onExtend<*> 0 0 4,0.3309,REPORT : <*> 240,0.3278,20.61,56
60,onExtend:1514042261000 0 0 0,partial,onExtend<*> 0 0 4,0.9715,InsertEvent success begin:25233975 <*>,0.3743,onStandStepChanged <*>,0.3713,20.6,56
61,"timeStamp back,extendReportTimeStamp=1514042265000",exact,timeStamp back<*>,0.9956,"new date <*> type=40005,240.0,old=330.0",0.4414,"saveStatData() type <*> = 1513958400000,statClient = 2,who is 1",0.407,21.1,56
62,getTodayTotalDetailSteps = 1514042160000##7214##549659##8661##16256##30905315,partial,getTodayTotalDetailSteps = <*>,0.9819,getTodaySportData mStepsRecordManager=com.huawei.health.g.c@8a2a501,0.4538,new date <*> type<*>,0.4164,21.98,56
63,setTodayTotalDetailSteps=1514042160000##7214##549659##8661##16256##30905625,partial,getTodayTotalDetailSteps = <*>,0.9773,new date <*> type<*>,0.4177,"new date <*> type=40044,420.0,old=420.0",0.408,22.08,56
64,calculateCaloriesWithCache totalCalories=131208,partial,calculateCaloriesWithCache totalCalories<*>,0.9764,calculateAltitudeWithCache totalAltitude=240,0.7021,checkInsertStatus stepSum or calorieSum is enough,0.5535,20.77,56
65,calculateAltitudeWithCache totalAltitude=240,exact,calculateAltitudeWithCache totalAltitude=240,1.0,calculateCaloriesWithCache totalCalories<*>,0.7094,checkInsertStatus stepStatSum or calorieStatSum is enough,0.4314,20.72,56
66,processHandleBroadcastAction action:android.intent.action.TIME_TICK,exact,processHandleBroadcastAction action:android.intent.action.TIME_TICK,1.0,processHandleBroadcastAction action:android.intent.action.SCREEN_ON,0.7753,onReceive action: android.intent.action.SCREEN_ON,0.4888,21.0,56
67,onStandStepChanged 3786,partial,onStandStepChanged <*>,0.9829,onExtend<*> 0 0 4,0.3311,REPORT : <*> 240,0.3278,20.45,56
68,onExtend:1514042262000 0 0 0,partial,onExtend<*> 0 0 4,0.9737,onStandStepChanged <*>,0.3751,InsertEvent success begin:25233975 <*>,0.3591,20.7,56
69,onReceive action: android.intent.action.SCREEN_OFF,partial,onReceive action: android.intent.action.SCREEN_ON,0.9782,processHandleBroadcastAction action:android.intent.action.SCREEN_ON,0.7426,processHandleBroadcastAction action:android.intent.action.TIME_TICK,0.4736,20.62,56
70,onReceive action: android.intent.action.SCREEN_ON,partial,onReceive action: android.intent.action.SCREEN_ON,0.9703,processHandleBroadcastAction action:android.intent.action.SCREEN_ON,0.7843,processHandleBroadcastAction action:android.intent.action.TIME_TICK,0.4828,20.86,56
71,processHandleBroadcastAction action:android.intent.action.SCREEN_ON,exact,processHandleBroadcastAction action:android.intent.action.SCREEN_ON,1.0,onReceive action: android.intent.action.SCREEN_ON,0.7805,processHandleBroadcastAction action:android.intent.action.TIME_TICK,0.7753,20.81,56
72,flush sensor data,exact,flush sensor data,1.0,flush2DB result success,0.3924,flushTempCacheToDB by stand,0.3462,20.34,56
73,onStandStepChanged 3786,partial,onStandStepChanged <*>,0.9854,onExtend<*> 0 0 4,0.3312,REPORT : <*> 240,0.3278,20.48,56
74,getTodayTotalDetailSteps = 1514042160000##7214##549659##8661##16256##30905625,partial,getTodayTotalDetailSteps = <*>,0.9833,getTodaySportData mStepsRecordManager=com.huawei.health.g.c@8a2a501,0.4484,new date <*> type<*>,0.4176,22.45,56
75,setTodayTotalDetailSteps=1514042160000##7214##549659##8661##16256##30906310,partial,getTodayTotalDetailSteps = <*>,0.9768,new date <*> type<*>,0.4122,"new date <*> type=40005,240.0,old=330.0",0.4074,22.13,56
76,calculateCaloriesWithCache totalCalories=131208,partial,calculateCaloriesWithCache totalCalories<*>,0.9768,calculateAltitudeWithCache totalAltitude=240,0.7021,checkInsertStatus stepSum or calorieSum is enough,0.5535,20.77,56
77,calculateAltitudeWithCache totalAltitude=240,exact,calculateAltitudeWithCache totalAltitude=240,1.0,calculateCaloriesWithCache totalCalories<*>,0.7094,checkInsertStatus stepStatSum or calorieStatSum is enough,0.4314,20.77,56
78,REPORT : 7214 5150 154523 240,partial,REPORT : <*> 240,0.9637,onExtend<*> 0 0 4,0.3618,onStandStepChanged <*>,0.3601,20.61,56
79,onStandStepChanged 3786,partial,onStandStepChanged <*>,0.9874,onExtend<*> 0 0 4,0.3312,REPORT : <*> 240,0.3289,20.36,56
80,onExtend:1514042262000 0 0 0,partial,onExtend<*> 0 0 4,0.974,onStandStepChanged <*>,0.3723,InsertEvent success begin:25233975 <*>,0.3591,20.5,56
81,getTodayTotalDetailSteps = 1514042160000##7214##549659##8661##16256##30906310,partial,getTodayTotalDetailSteps = <*>,0.9802,getTodaySportData mStepsRecordManager=com.huawei.health.g.c@8a2a501,0.4554,new date <*> type<*>,0.4118,22.29,56
82,setTodayTotalDetailSteps=1514042160000##7214##549659##8661##16256##30906710,partial,getTodayTotalDetailSteps = <*>,0.9772,new date <*> type<*>,0.4157,"new date <*> type=40005,240.0,old=330.0",0.4054,21.97,56
83,calculateCaloriesWithCache totalCalories=131208,partial,calculateCaloriesWithCache totalCalories<*>,0.9772,calculateAltitudeWithCache totalAltitude=240,0.7021,checkInsertStatus stepSum or calorieSum is enough,0.5535,20.78,56
84,calculateAltitudeWithCache totalAltitude=240,exact,calculateAltitudeWithCache totalAltitude=240,1.0,calculateCaloriesWithCache totalCalories<*>,0.7095,checkInsertStatus stepStatSum or calorieStatSum is enough,0.4314,21.12,56
85,processHandleBroadcastAction action:android.intent.action.TIME_TICK,exact,processHandleBroadcastAction action:android.intent.action.TIME_TICK,1.0,processHandleBroadcastAction action:android.intent.action.SCREEN_ON,0.7753,onReceive action: android.intent.action.SCREEN_ON,0.4888,21.01,56
86,processHandleBroadcastAction action:android.intent.action.TIME_TICK,exact,processHandleBroadcastAction action:android.intent.action.TIME_TICK,1.0,processHandleBroadcastAction action:android.intent.action.SCREEN_ON,0.7753,onReceive action: android.intent.action.SCREEN_ON,0.4888,20.84,56
87,onStandStepChanged 3786,partial,onStandStepChanged <*>,0.989,onExtend<*> 0 0 4,0.3314,REPORT : <*> 240,0.3289,20.41,56
88,onExtend:1514042360000 0 0 5,partial,onExtend<*> 0 0 4,0.978,InsertEvent success begin:25233975 <*>,0.398,REPORT : <*> 240,0.3757,20.56,56
89,getTodayTotalDetailSteps = 1514042160000##7214##549659##8661##16256##30906710,partial,getTodayTotalDetailSteps = <*>,0.9819,getTodaySportData mStepsRecordManager=com.huawei.health.g.c@8a2a501,0.4536,new date <*> type<*>,0.4151,22.12,56
90,setTodayTotalDetailSteps=1514042280000##7214##549659##8661##16256##31004759,partial,getTodayTotalDetailSteps = <*>,0.9766,new date <*> type<*>,0.4243,"new date <*> type=40005,240.0,old=330.0",0.4108,21.94,56
91,calculateCaloriesWithCache totalCalories=131208,partial,calculateCaloriesWithCache totalCalories<*>,0.9776,calculateAltitudeWithCache totalAltitude=240,0.7021,checkInsertStatus stepSum or calorieSum is enough,0.5535,20.63,56
92,calculateAltitudeWithCache totalAltitude=240,exact,calculateAltitudeWithCache totalAltitude=240,1.0,calculateCaloriesWithCache totalCalories<*>,0.7096,checkInsertStatus stepStatSum or calorieStatSum is enough,0.4314,20.57,56
93,onStandStepChanged 3786,exact,onStandStepChanged <*>,0.9903,onExtend<*> 0 0 4,0.3314,REPORT : <*> 240,0.3289,20.59,56
94,onExtend:1514042361000 0 0 0,partial,onExtend<*> 0 0 4,0.9812,InsertEvent success begin:25233975 <*>,0.381,onStandStepChanged <*>,0.3683,20.42,56
95,getTodayTotalDetailSteps = 1514042280000##7214##549659##8661##16256##31004759,partial,getTodayTotalDetailSteps = <*>,0.9817,getTodaySportData mStepsRecordManager=com.huawei.health.g.c@8a2a501,0.4402,new date <*> type<*>,0.4207,21.83,56
96,setTodayTotalDetailSteps=1514042280000##7214##549659##8661##16256##31005759,partial,getTodayTotalDetailSteps = <*>,0.9769,new date <*> type<*>,0.4205,"new date <*> type=40005,240.0,old=330.0",0.4092,21.85,56
97,calculateCaloriesWithCache totalCalories=131208,partial,calculateCaloriesWithCache totalCalories<*>,0.9779,calculateAltitudeWithCache totalAltitude=240,0.7021,checkInsertStatus stepSum or calorieSum is enough,0.5535,20.66,56
98,calculateAltitudeWithCache totalAltitude=240,exact,calculateAltitudeWithCache totalAltitude=240,1.0,calculateCaloriesWithCache totalCalories<*>,0.7096,checkInsertStatus stepStatSum or calorieStatSum is enough,0.4314,20.69,56
99,processHandleBroadcastAction action:android.intent.action.TIME_TICK,exact,processHandleBroadcastAction action:android.intent.action.TIME_TICK,1.0,processHandleBroadcastAction action:android.intent.action.SCREEN_ON,0.7753,onReceive action: android.intent.action.SCREEN_ON,0.4888,20.67,56
100,processHandleBroadcastAction action:android.intent.action.TIME_TICK,exact,processHandleBroadcastAction action:android.intent.action.TIME_TICK,1.0,processHandleBroadcastAction action:android.intent.action.SCREEN_ON,0.7753,onReceive action: android.intent.action.SCREEN_ON,0.4888,20.91,56
101,processHandleBroadcastAction action:android.intent.action.TIME_TICK,exact,processHandleBroadcastAction action:android.intent.action.TIME_TICK,1.0,processHandleBroadcastAction action:android.intent.action.SCREEN_ON,0.7753,onReceive action: android.intent.action.SCREEN_ON,0.4888,20.68,56
102,onStandStepChanged 3786,exact,onStandStepChanged <*>,0.9914,onExtend<*> 0 0 4,0.3316,REPORT : <*> 240,0.3289,20.72,56
103,onExtend:1514042595000 0 0 5,partial,onExtend<*> 0 0 4,0.9843,InsertEvent success begin:25233975 <*>,0.388,REPORT : <*> 240,0.3699,23.09,56
104,getTodayTotalDetailSteps = 1514042280000##7214##549659##8661##16256##31005759,partial,getTodayTotalDetailSteps = <*>,0.981,getTodaySportData mStepsRecordManager=com.huawei.health.g.c@8a2a501,0.4431,new date <*> type<*>,0.4171,22.61,56
105,setTodayTotalDetailSteps=1514042520000##7214##549659##8661##16256##31239760,partial,getTodayTotalDetailSteps = <*>,0.977,new date <*> type<*>,0.418,"new date <*> type=40044,420.0,old=420.0",0.4033,22.28,56
106,calculateCaloriesWithCache totalCalories=131208,partial,calculateCaloriesWithCache totalCalories<*>,0.9783,calculateAltitudeWithCache totalAltitude=240,0.7021,checkInsertStatus stepSum or calorieSum is enough,0.5535,20.74,56
107,calculateAltitudeWithCache totalAltitude=240,exact,calculateAltitudeWithCache totalAltitude=240,1.0,calculateCaloriesWithCache totalCalories<*>,0.7097,checkInsertStatus stepStatSum or calorieStatSum is enough,0.4314,20.58,56
108,onStandStepChanged 3786,exact,onStandStepChanged <*>,0.9924,onExtend<*> 0 0 4,0.3315,REPORT : <*> 240,0.3289,20.34,56
109,onExtend:1514042599000 0 0 0,partial,onExtend<*> 0 0 4,0.9749,InsertEvent success begin:25233975 <*>,0.3818,setWriteDBLastDataMinute=25233979,0.3724,20.56,56
110,getTodayTotalDetailSteps = 1514042520000##7214##549659##8661##16256##31239760,partial,getTodayTotalDetailSteps = <*>,0.9814,getTodaySportData mStepsRecordManager=com.huawei.health.g.c@8a2a501,0.455,new date <*> type<*>,0.4158,21.97,56
111,setTodayTotalDetailSteps=1514042520000##7214##549659##8661##16256##31243766,partial,getTodayTotalDetailSteps = <*>,0.979,new date <*> type<*>,0.4172,"new date <*> type=40044,420.0,old=420.0",0.4026,22.13,56
112,calculateCaloriesWithCache totalCalories=131208,partial,calculateCaloriesWithCache totalCalories<*>,0.9786,calculateAltitudeWithCache totalAltitude=240,0.7021,checkInsertStatus stepSum or calorieSum is enough,0.5535,20.56,56
113,calculateAltitudeWithCache totalAltitude=240,exact,calculateAltitudeWithCache totalAltitude=240,1.0,calculateCaloriesWithCache totalCalories<*>,0.7098,checkInsertStatus stepStatSum or calorieStatSum is enough,0.4314,20.58,56
114,processHandleBroadcastAction action:android.intent.action.TIME_TICK,exact,processHandleBroadcastAction action:android.intent.action.TIME_TICK,1.0,processHandleBroadcastAction action:android.intent.action.SCREEN_ON,0.7753,onReceive action: android.intent.action.SCREEN_ON,0.4888,20.75,56
115,processHandleBroadcastAction action:android.intent.action.TIME_TICK,exact,processHandleBroadcastAction action:android.intent.action.TIME_TICK,1.0,processHandleBroadcastAction action:android.intent.action.SCREEN_ON,0.7753,onReceive action: android.intent.action.SCREEN_ON,0.4888,20.78,56
116,processHandleBroadcastAction action:android.intent.action.TIME_TICK,exact,processHandleBroadcastAction action:android.intent.action.TIME_TICK,1.0,processHandleBroadcastAction action:android.intent.action.SCREEN_ON,0.7753,onReceive action: android.intent.action.SCREEN_ON,0.4888,20.73,56
117,processHandleBroadcastAction action:android.intent.action.TIME_TICK,exact,processHandleBroadcastAction action:android.intent.action.TIME_TICK,1.0,processHandleBroadcastAction action:android.intent.action.SCREEN_ON,0.7753,onReceive action: android.intent.action.SCREEN_ON,0.4888,20.66,56
118,processHandleBroadcastAction action:android.intent.action.TIME_TICK,exact,processHandleBroadcastAction action:android.intent.action.TIME_TICK,1.0,processHandleBroadcastAction action:android.intent.action.SCREEN_ON,0.7753,onReceive action: android.intent.action.SCREEN_ON,0.4888,20.78,56
119,processHandleBroadcastAction action:android.intent.action.TIME_TICK,exact,processHandleBroadcastAction action:android.intent.action.TIME_TICK,1.0,processHandleBroadcastAction action:android.intent.action.SCREEN_ON,0.7753,onReceive action: android.intent.action.SCREEN_ON,0.4888,20.65,56
120,processHandleBroadcastAction action:android.intent.action.TIME_TICK,exact,processHandleBroadcastAction action:android.intent.action.TIME_TICK,1.0,processHandleBroadcastAction action:android.intent.action.SCREEN_ON,0.7753,onReceive action: android.intent.action.SCREEN_ON,0.4888,20.75,56
121,onStandStepChanged 3786,exact,onStandStepChanged <*>,0.9931,onExtend<*> 0 0 4,0.3316,REPORT : <*> 240,0.3289,20.57,56
122,onExtend:1514042944000 0 0 5,exact,onExtend<*> 0 0 4,0.99,InsertEvent success begin:25233975 <*>,0.395,REPORT : <*> 240,0.3821,20.84,56
123,getTodayTotalDetailSteps = 1514042520000##7214##549659##8661##16256##31243766,partial,getTodayTotalDetailSteps = <*>,0.9811,getTodaySportData mStepsRecordManager=com.huawei.health.g.c@8a2a501,0.4477,new date <*> type<*>,0.4153,22.28,56
124,setTodayTotalDetailSteps=1514042880000##7214##549659##8661##16256##31588757,partial,getTodayTotalDetailSteps = <*>,0.9779,new date <*> type<*>,0.4119,"new date <*> type=40005,240.0,old=330.0",0.4015,22.37,56
125,calculateCaloriesWithCache totalCalories=131208,partial,calculateCaloriesWithCache totalCalories<*>,0.9789,calculateAltitudeWithCache totalAltitude=240,0.7021,checkInsertStatus stepSum or calorieSum is enough,0.5535,20.77,56
126,calculateAltitudeWithCache totalAltitude=240,exact,calculateAltitudeWithCache totalAltitude=240,1.0,calculateCaloriesWithCache totalCalories<*>,0.7098,checkInsertStatus stepStatSum or calorieStatSum is enough,0.4314,20.75,56
127,onStandStepChanged 3786,exact,onStandStepChanged <*>,0.9938,onExtend<*> 0 0 4,0.3316,REPORT : <*> 240,0.3289,20.41,56
128,onExtend:1514042945000 0 0 0,partial,onExtend<*> 0 0 4,0.9799,InsertEvent success begin:25233975 <*>,0.3922,setWriteDBLastDataMinute=25233979,0.3719,20.49,56
129,getTodayTotalDetailSteps = 1514042880000##7214##549659##8661##16256##31588757,partial,getTodayTotalDetailSteps = <*>,0.9784,getTodaySportData mStepsRecordManager=com.huawei.health.g.c@8a2a501,0.4489,new date <*> type<*>,0.4094,22.14,56
130,setTodayTotalDetailSteps=1514042880000##7214##549659##8661##16256##31589757,partial,getTodayTotalDetailSteps = <*>,0.9786,new date <*> type<*>,0.4154,"new date <*> type=40005,240.0,old=330.0",0.403,21.99,56
131,calculateCaloriesWithCache totalCalories=131208,partial,calculateCaloriesWithCache totalCalories<*>,0.9792,calculateAltitudeWithCache totalAltitude=240,0.7021,checkInsertStatus stepSum or calorieSum is enough,0.5535,20.72,56
132,calculateAltitudeWithCache totalAltitude=240,exact,calculateAltitudeWithCache totalAltitude=240,1.0,calculateCaloriesWithCache totalCalories<*>,0.7099,checkInsertStatus stepStatSum or calorieStatSum is enough,0.4314,20.78,56
133,processHandleBroadcastAction action:android.intent.action.TIME_TICK,exact,processHandleBroadcastAction action:android.intent.action.TIME_TICK,1.0,processHandleBroadcastAction action:android.intent.action.SCREEN_ON,0.7753,onReceive action: android.intent.action.SCREEN_ON,0.4888,20.82,56
134,processHandleBroadcastAction action:android.intent.action.TIME_TICK,exact,processHandleBroadcastAction action:android.intent.action.TIME_TICK,1.0,processHandleBroadcastAction action:android.intent.action.SCREEN_ON,0.7753,onReceive action: android.intent.action.SCREEN_ON,0.4888,20.62,56
135,processHandleBroadcastAction action:android.intent.action.TIME_TICK,exact,processHandleBroadcastAction action:android.intent.action.TIME_TICK,1.0,processHandleBroadcastAction action:android.intent.action.SCREEN_ON,0.7753,onReceive action: android.intent.action.SCREEN_ON,0.4888,21.09,56
136,startTimer start autoSync,exact,startTimer start autoSync,1.0,needAutoSync autoSyncSwitch is open,0.6096,"startInsertSportSync start auto sync,app is 1",0.588,20.46,56
137,"startSync hiSyncOption = HiSyncOption{syncAction=1, syncMethod=2, syncScope=0, syncDataType=20000, syncModel=2, pushAction=0},app = 1 who = 1",exact,"startSync hiSyncOption = HiSyncOption{syncAction=2, syncMethod=2, syncScope=0, syncDataType=20000, syncModel=2, pushAction=0},app = 1 who = 1",0.9999,"startInsertSportSync start auto sync,app is 1",0.5536,"startInsertSportSync first 500 steps sync,do all sync",0.5482,23.77,56
138,stepSyncOrNot appSynTimes is 0,partial,"stepSyncOrNot appSynTimes is 0, statsyncTimes is 0",0.9799,"saveRealTimeHealthDatasStat() size = 1,totalTime = 48",0.4282,startTimer start autoSync,0.4106,20.94,56
139,needAutoSync autoSyncSwitch is open,exact,needAutoSync autoSyncSwitch is open,1.0,startTimer start autoSync,0.6096,"startInsertSportSync start auto sync,app is 1",0.4817,20.89,56
140,"initDataPrivacy the dataPrivacy switch is open, start push health data!",exact,"initDataPrivacy the dataPrivacy switch is open, start push health data!",1.0,"initUserPrivacy the userPrivacy switch is open, start push user data!",0.6072,"saveHealthDetailData() deviceID = 2,clientID=1,id=1",0.5083,21.39,56
141,initDataPrivacy the dataPrivacy is true,exact,initDataPrivacy the dataPrivacy is true,1.0,"initDataPrivacy the dataPrivacy switch is open, start push health data!",0.4928,initUserPrivacy the userPrivacy is true,0.4839,20.85,56
142,"initUserPrivacy the userPrivacy switch is open, start push user data!",exact,"initUserPrivacy the userPrivacy switch is open, start push user data!",1.0,"initDataPrivacy the dataPrivacy switch is open, start push health data!",0.6072,initUserPrivacy the userPrivacy is true,0.5936,21.12,56
143,initUserPrivacy the userPrivacy is true,exact,initUserPrivacy the userPrivacy is true,1.0,"initUserPrivacy the userPrivacy switch is open, start push user data!",0.5936,initDataPrivacy the dataPrivacy is true,0.4839,20.5,56
144,ifCanSync not! no cloud version,exact,ifCanSync not! no cloud version,1.0,"startInsertSportSync start auto sync,app is 1",0.2797,sendSyncFailedBroadcast,0.2781,20.5,56
145,sendSyncFailedBroadcast,exact,sendSyncFailedBroadcast,1.0,processHandleBroadcastAction action:android.intent.action.TIME_TICK,0.3896,processHandleBroadcastAction action:android.intent.action.SCREEN_ON,0.3404,20.45,56
146,processHandleBroadcastAction action:android.intent.action.TIME_TICK,exact,processHandleBroadcastAction action:android.intent.action.TIME_TICK,1.0,processHandleBroadcastAction action:android.intent.action.SCREEN_ON,0.7753,onReceive action: android.intent.action.SCREEN_ON,0.4888,20.61,56
147,processHandleBroadcastAction action:android.intent.action.TIME_TICK,exact,processHandleBroadcastAction action:android.intent.action.TIME_TICK,1.0,processHandleBroadcastAction action:android.intent.action.SCREEN_ON,0.7753,onReceive action: android.intent.action.SCREEN_ON,0.4888,20.95,56
148,processHandleBroadcastAction action:android.intent.action.TIME_TICK,exact,processHandleBroadcastAction action:android.intent.action.TIME_TICK,1.0,processHandleBroadcastAction action:android.intent.action.SCREEN_ON,0.7753,onReceive action: android.intent.action.SCREEN_ON,0.4888,20.98,56
149,processHandleBroadcastAction action:android.intent.action.TIME_TICK,exact,processHandleBroadcastAction action:android.intent.action.TIME_TICK,1.0,processHandleBroadcastAction action:android.intent.action.SCREEN_ON,0.7753,onReceive action: android.intent.action.SCREEN_ON,0.4888,20.61,56
150,processHandleBroadcastAction action:android.intent.action.TIME_TICK,exact,processHandleBroadcastAction action:android.intent.action.TIME_TICK,1.0,processHandleBroadcastAction action:android.intent.action.SCREEN_ON,0.7753,onReceive action: android.intent.action.SCREEN_ON,0.4888,20.86,56
151,onStandStepChanged 3786,exact,onStandStepChanged <*>,0.9944,onExtend<*> 0 0 4,0.3317,REPORT : <*> 240,0.3289,20.48,56
152,onExtend:1514043434000 0 0 5,partial,onExtend<*> 0 0 4,0.9802,InsertEvent success begin:25233975 <*>,0.3568,REPORT : <*> 240,0.3499,20.74,56
153,getTodayTotalDetailSteps = 1514042880000##7214##549659##8661##16256##31589757,partial,getTodayTotalDetailSteps = <*>,0.9789,getTodaySportData mStepsRecordManager=com.huawei.health.g.c@8a2a501,0.447,new date <*> type<*>,0.4134,22.09,56
154,setTodayTotalDetailSteps=1514043360000##7214##549659##8661##16256##32078759,partial,getTodayTotalDetailSteps = <*>,0.9783,new date <*> type<*>,0.4194,"new date <*> type=40005,240.0,old=330.0",0.4062,22.01,56
155,calculateCaloriesWithCache totalCalories=131208,partial,calculateCaloriesWithCache totalCalories<*>,0.9796,calculateAltitudeWithCache totalAltitude=240,0.7021,checkInsertStatus stepSum or calorieSum is enough,0.5535,20.69,56
156,calculateAltitudeWithCache totalAltitude=240,exact,calculateAltitudeWithCache totalAltitude=240,1.0,calculateCaloriesWithCache totalCalories<*>,0.7099,checkInsertStatus stepStatSum or calorieStatSum is enough,0.4314,20.69,56
157,onStandStepChanged 3786,exact,onStandStepChanged <*>,0.9949,onExtend<*> 0 0 4,0.3315,REPORT : <*> 240,0.3289,20.37,56
158,onExtend:1514043436000 0 0 0,partial,onExtend<*> 0 0 4,0.974,InsertEvent success begin:25233975 <*>,0.3612,REPORT : <*> 240,0.3465,20.63,56
159,getTodayTotalDetailSteps = 1514043360000##7214##549659##8661##16256##32078759,partial,getTodayTotalDetailSteps = <*>,0.9821,getTodaySportData mStepsRecordManager=com.huawei.health.g.c@8a2a501,0.4484,new date <*> type<*>,0.4185,22.19,56
160,setTodayTotalDetailSteps=1514043360000##7214##549659##8661##16256##32080760,partial,getTodayTotalDetailSteps = <*>,0.9764,new date <*> type<*>,0.4155,"new date <*> type=40005,240.0,old=330.0",0.4074,21.84,56
161,calculateCaloriesWithCache totalCalories=131208,partial,calculateCaloriesWithCache totalCalories<*>,0.9799,calculateAltitudeWithCache totalAltitude=240,0.7021,checkInsertStatus stepSum or calorieSum is enough,0.5535,20.56,56
162,calculateAltitudeWithCache totalAltitude=240,exact,calculateAltitudeWithCache totalAltitude=240,1.0,calculateCaloriesWithCache totalCalories<*>,0.71,checkInsertStatus stepStatSum or calorieStatSum is enough,0.4314,20.71,56
163,processHandleBroadcastAction action:android.intent.action.TIME_TICK,exact,processHandleBroadcastAction action:android.intent.action.TIME_TICK,1.0,processHandleBroadcastAction action:android.intent.action.SCREEN_ON,0.7753,onReceive action: android.intent.action.SCREEN_ON,0.4888,20.73,56
164,processHandleBroadcastAction action:android.intent.action.TIME_TICK,exact,processHandleBroadcastAction action:android.intent.action.TIME_TICK,1.0,processHandleBroadcastAction action:android.intent.action.SCREEN_ON,0.7753,onReceive action: android.intent.action.SCREEN_ON,0.4888,20.76,56
165,processHandleBroadcastAction action:android.intent.action.TIME_TICK,exact,processHandleBroadcastAction action:android.intent.action.TIME_TICK,1.0,processHandleBroadcastAction action:android.intent.action.SCREEN_ON,0.7753,onReceive action: android.intent.action.SCREEN_ON,0.4888,20.85,56
166,onStandStepChanged 3786,exact,onStandStepChanged <*>,0.9953,onExtend<*> 0 0 4,0.3316,REPORT : <*> 240,0.3289,20.24,56
167,onExtend:1514043610000 0 0 5,partial,onExtend<*> 0 0 4,0.9824,InsertEvent success begin:25233975 <*>,0.3817,REPORT : <*> 240,0.3778,20.59,56
168,getTodayTotalDetailSteps = 1514043360000##7214##549659##8661##16256##32080760,partial,getTodayTotalDetailSteps = <*>,0.9816,getTodaySportData mStepsRecordManager=com.huawei.health.g.c@8a2a501,0.4571,new date <*> type<*>,0.4142,22.29,56
169,setTodayTotalDetailSteps=1514043540000##7214##549659##8661##16256##32254765,partial,getTodayTotalDetailSteps = <*>,0.9817,new date <*> type<*>,0.4196,"new date <*> type=40044,420.0,old=420.0",0.4048,22.51,56
170,calculateCaloriesWithCache totalCalories=131208,partial,calculateCaloriesWithCache totalCalories<*>,0.9802,calculateAltitudeWithCache totalAltitude=240,0.7021,checkInsertStatus stepSum or calorieSum is enough,0.5535,20.87,56
171,calculateAltitudeWithCache totalAltitude=240,exact,calculateAltitudeWithCache totalAltitude=240,1.0,calculateCaloriesWithCache totalCalories<*>,0.71,checkInsertStatus stepStatSum or calorieStatSum is enough,0.4314,21.11,56
172,onStandStepChanged 3786,exact,onStandStepChanged <*>,0.9957,onExtend<*> 0 0 4,0.3315,REPORT : <*> 240,0.3289,20.43,56
173,onExtend:1514043614000 0 0 0,partial,onExtend<*> 0 0 4,0.983,InsertEvent success begin:25233975 <*>,0.358,REPORT : <*> 240,0.3527,20.77,56
174,getTodayTotalDetailSteps = 1514043540000##7214##549659##8661##16256##32254765,partial,getTodayTotalDetailSteps = <*>,0.9783,getTodaySportData mStepsRecordManager=com.huawei.health.g.c@8a2a501,0.4387,new date <*> type<*>,0.4172,21.99,56
175,setTodayTotalDetailSteps=1514043540000##7214##549659##8661##16256##32258759,partial,getTodayTotalDetailSteps = <*>,0.9805,new date <*> type<*>,0.4255,"new date <*> type=40044,420.0,old=420.0",0.4081,21.81,56
176,calculateCaloriesWithCache totalCalories=131208,partial,calculateCaloriesWithCache totalCalories<*>,0.9805,calculateAltitudeWithCache totalAltitude=240,0.7021,checkInsertStatus stepSum or calorieSum is enough,0.5535,20.87,56
177,calculateAltitudeWithCache totalAltitude=240,exact,calculateAltitudeWithCache totalAltitude=240,1.0,calculateCaloriesWithCache totalCalories<*>,0.71,checkInsertStatus stepStatSum or calorieStatSum is enough,0.4314,20.67,56
178,processHandleBroadcastAction action:android.intent.action.TIME_TICK,exact,processHandleBroadcastAction action:android.intent.action.TIME_TICK,1.0,processHandleBroadcastAction action:android.intent.action.SCREEN_ON,0.7753,onReceive action: android.intent.action.SCREEN_ON,0.4888,20.79,56
179,processHandleBroadcastAction action:android.intent.action.TIME_TICK,exact,processHandleBroadcastAction action:android.intent.action.TIME_TICK,1.0,processHandleBroadcastAction action:android.intent.action.SCREEN_ON,0.7753,onReceive action: android.intent.action.SCREEN_ON,0.4888,20.39,56
180,onStandStepChanged 3786,exact,onStandStepChanged <*>,0.996,onExtend<*> 0 0 4,0.3315,REPORT : <*> 240,0.3289,20.5,56
181,onExtend:1514043759000 0 0 0,partial,onExtend<*> 0 0 4,0.982,InsertEvent success begin:25233975 <*>,0.3635,setWriteDBLastDataMinute=25233979,0.3456,20.74,56
182,getTodayTotalDetailSteps = 1514043540000##7214##549659##8661##16256##32258759,partial,getTodayTotalDetailSteps = <*>,0.9802,getTodaySportData mStepsRecordManager=com.huawei.health.g.c@8a2a501,0.4396,new date <*> type<*>,0.4243,22.03,56
183,setTodayTotalDetailSteps=1514043660000##7214##549659##8661##16256##32403526,partial,getTodayTotalDetailSteps = <*>,0.9803,new date <*> type<*>,0.4214,"new date <*> type=40005,240.0,old=330.0",0.4094,22.0,56
184,calculateCaloriesWithCache totalCalories=131208,partial,calculateCaloriesWithCache totalCalories<*>,0.9807,calculateAltitudeWithCache totalAltitude=240,0.7021,checkInsertStatus stepSum or calorieSum is enough,0.5535,20.63,56
185,calculateAltitudeWithCache totalAltitude=240,exact,calculateAltitudeWithCache totalAltitude=240,1.0,calculateCaloriesWithCache totalCalories<*>,0.7101,checkInsertStatus stepStatSum or calorieStatSum is enough,0.4314,20.79,56
186,processHandleBroadcastAction action:android.intent.action.TIME_TICK,exact,processHandleBroadcastAction action:android.intent.action.TIME_TICK,1.0,processHandleBroadcastAction action:android.intent.action.SCREEN_ON,0.7753,onReceive action: android.intent.action.SCREEN_ON,0.4888,20.79,56
187,processHandleBroadcastAction action:android.intent.action.TIME_TICK,exact,processHandleBroadcastAction action:android.intent.action.TIME_TICK,1.0,processHandleBroadcastAction action:android.intent.action.SCREEN_ON,0.7753,onReceive action: android.intent.action.SCREEN_ON,0.4888,20.93,56
188,processHandleBroadcastAction action:android.intent.action.TIME_TICK,exact,processHandleBroadcastAction action:android.intent.action.TIME_TICK,1.0,processHandleBroadcastAction action:android.intent.action.SCREEN_ON,0.7753,onReceive action: android.intent.action.SCREEN_ON,0.4888,20.82,56
189,processHandleBroadcastAction action:android.intent.action.TIME_TICK,exact,processHandleBroadcastAction action:android.intent.action.TIME_TICK,1.0,processHandleBroadcastAction action:android.intent.action.SCREEN_ON,0.7753,onReceive action: android.intent.action.SCREEN_ON,0.4888,20.8,56
190,onStandStepChanged 3786,exact,onStandStepChanged <*>,0.9963,onExtend<*> 0 0 4,0.3314,REPORT : <*> 240,0.3289,20.32,56
191,onExtend:1514043967000 0 0 5,partial,onExtend<*> 0 0 4,0.9844,REPORT : <*> 240,0.3892,InsertEvent success begin:25233975 <*>,0.3884,20.52,56
192,getTodayTotalDetailSteps = 1514043660000##7214##549659##8661##16256##32403526,partial,getTodayTotalDetailSteps = <*>,0.9786,getTodaySportData mStepsRecordManager=com.huawei.health.g.c@8a2a501,0.448,new date <*> type<*>,0.4196,22.16,56
193,setTodayTotalDetailSteps=1514043900000##7214##549659##8661##16256##32611763,partial,getTodayTotalDetailSteps = <*>,0.9779,new date <*> type<*>,0.4252,"new date <*> type=40044,420.0,old=420.0",0.4076,22.34,56
194,calculateCaloriesWithCache totalCalories=131208,partial,calculateCaloriesWithCache totalCalories<*>,0.981,calculateAltitudeWithCache totalAltitude=240,0.7021,checkInsertStatus stepSum or calorieSum is enough,0.5535,20.63,56
195,calculateAltitudeWithCache totalAltitude=240,exact,calculateAltitudeWithCache totalAltitude=240,1.0,calculateCaloriesWithCache totalCalories<*>,0.7101,checkInsertStatus stepStatSum or calorieStatSum is enough,0.4314,20.64,56
196,onStandStepChanged 3786,exact,onStandStepChanged <*>,0.9966,onExtend<*> 0 0 4,0.3314,REPORT : <*> 240,0.3289,20.2,56
197,onExtend:1514043974000 0 0 0,partial,onExtend<*> 0 0 4,0.9862,InsertEvent success begin:25233975 <*>,0.374,setWriteDBLastDataMinute=25233979,0.3605,21.06,56
198,getTodayTotalDetailSteps = 1514043900000##7214##549659##8661##16256##32611763,partial,getTodayTotalDetailSteps = <*>,0.9794,getTodaySportData mStepsRecordManager=com.huawei.health.g.c@8a2a501,0.444,new date <*> type<*>,0.4236,22.09,56
199,setTodayTotalDetailSteps=1514043900000##7214##549659##8661##16256##32618758,partial,getTodayTotalDetailSteps = <*>,0.9783,new date <*> type<*>,0.427,"new date <*> type=40044,420.0,old=420.0",0.4131,22.12,56
200,calculateCaloriesWithCache totalCalories=131208,partial,calculateCaloriesWithCache totalCalories<*>,0.9813,calculateAltitudeWithCache totalAltitude=240,0.7021,checkInsertStatus stepSum or calorieSum is enough,0.5535,20.88,56
201,calculateAltitudeWithCache totalAltitude=240,exact,calculateAltitudeWithCache totalAltitude=240,1.0,calculateCaloriesWithCache totalCalories<*>,0.7102,checkInsertStatus stepStatSum or calorieStatSum is enough,0.4314,20.62,56
202,processHandleBroadcastAction action:android.intent.action.TIME_TICK,exact,processHandleBroadcastAction action:android.intent.action.TIME_TICK,1.0,processHandleBroadcastAction action:android.intent.action.SCREEN_ON,0.7753,onReceive action: android.intent.action.SCREEN_ON,0.4888,20.91,56
203,processHandleBroadcastAction action:android.intent.action.TIME_TICK,exact,processHandleBroadcastAction action:android.intent.action.TIME_TICK,1.0,processHandleBroadcastAction action:android.intent.action.SCREEN_ON,0.7753,onReceive action: android.intent.action.SCREEN_ON,0.4888,23.26,56
204,processHandleBroadcastAction action:android.intent.action.TIME_TICK,exact,processHandleBroadcastAction action:android.intent.action.TIME_TICK,1.0,processHandleBroadcastAction action:android.intent.action.SCREEN_ON,0.7753,onReceive action: android.intent.action.SCREEN_ON,0.4888,21.67,56
205,processHandleBroadcastAction action:android.intent.action.TIME_TICK,exact,processHandleBroadcastAction action:android.intent.action.TIME_TICK,1.0,processHandleBroadcastAction action:android.intent.action.SCREEN_ON,0.7753,onReceive action: android.intent.action.SCREEN_ON,0.4888,20.88,56
206,onStandStepChanged 3786,exact,onStandStepChanged <*>,0.9968,onExtend<*> 0 0 4,0.3314,REPORT : <*> 240,0.3289,20.48,56
207,onExtend:1514044249000 0 0 0,partial,onExtend<*> 0 0 4,0.9877,InsertEvent success begin:25233975 <*>,0.3581,setWriteDBLastDataMinute=25233979,0.35,20.59,56
208,getTodayTotalDetailSteps = 1514043900000##7214##549659##8661##16256##32618758,partial,getTodayTotalDetailSteps = <*>,0.9808,getTodaySportData mStepsRecordManager=com.huawei.health.g.c@8a2a501,0.4423,new date <*> type<*>,0.424,21.98,56
209,setTodayTotalDetailSteps=1514044140000##7214##549659##8661##16256##32893026,partial,getTodayTotalDetailSteps = <*>,0.9774,new date <*> type<*>,0.419,"new date <*> type=40005,240.0,old=330.0",0.4136,21.87,56
210,calculateCaloriesWithCache totalCalories=131208,partial,calculateCaloriesWithCache totalCalories<*>,0.9816,calculateAltitudeWithCache totalAltitude=240,0.7021,checkInsertStatus stepSum or calorieSum is enough,0.5535,20.46,56
211,calculateAltitudeWithCache totalAltitude=240,exact,calculateAltitudeWithCache totalAltitude=240,1.0,calculateCaloriesWithCache totalCalories<*>,0.7102,checkInsertStatus stepStatSum or calorieStatSum is enough,0.4314,20.74,56
212,processHandleBroadcastAction action:android.intent.action.TIME_TICK,exact,processHandleBroadcastAction action:android.intent.action.TIME_TICK,1.0,processHandleBroadcastAction action:android.intent.action.SCREEN_ON,0.7753,onReceive action: android.intent.action.SCREEN_ON,0.4888,20.82,56
213,processHandleBroadcastAction action:android.intent.action.TIME_TICK,exact,processHandleBroadcastAction action:android.intent.action.TIME_TICK,1.0,processHandleBroadcastAction action:android.intent.action.SCREEN_ON,0.7753,onReceive action: android.intent.action.SCREEN_ON,0.4888,20.7,56
214,onStandStepChanged 3786,exact,onStandStepChanged <*>,0.9971,onExtend<*> 0 0 4,0.3314,REPORT : <*> 240,0.3289,20.39,56
215,onExtend:1514044377000 0 0 5,partial,onExtend<*> 0 0 4,0.9883,InsertEvent success begin:25233975 <*>,0.3853,REPORT : <*> 240,0.3845,20.67,56
216,getTodayTotalDetailSteps = 1514044140000##7214##549659##8661##16256##32893026,partial,getTodayTotalDetailSteps = <*>,0.9785,getTodaySportData mStepsRecordManager=com.huawei.health.g.c@8a2a501,0.4464,new date <*> type<*>,0.415,21.93,56
217,setTodayTotalDetailSteps=1514044260000##7214##549659##8661##16256##33021763,partial,getTodayTotalDetailSteps = <*>,0.9785,new date <*> type<*>,0.4187,"new date <*> type=40005,240.0,old=330.0",0.4151,22.32,56
218,calculateCaloriesWithCache totalCalories=131208,partial,calculateCaloriesWithCache totalCalories<*>,0.9818,calculateAltitudeWithCache totalAltitude=240,0.7021,checkInsertStatus stepSum or calorieSum is enough,0.5535,20.6,56
219,calculateAltitudeWithCache totalAltitude=240,exact,calculateAltitudeWithCache totalAltitude=240,1.0,calculateCaloriesWithCache totalCalories<*>,0.7102,checkInsertStatus stepStatSum or calorieStatSum is enough,0.4314,21.07,56
220,processHandleBroadcastAction action:android.intent.action.TIME_TICK,exact,processHandleBroadcastAction action:android.intent.action.TIME_TICK,1.0,processHandleBroadcastAction action:android.intent.action.SCREEN_ON,0.7753,onReceive action: android.intent.action.SCREEN_ON,0.4888,20.79,56
221,onStandStepChanged 3786,exact,onStandStepChanged <*>,0.9972,onExtend<*> 0 0 4,0.3315,REPORT : <*> 240,0.3289,20.31,56
222,onExtend:1514044380000 0 0 0,partial,onExtend<*> 0 0 4,0.9736,onStandStepChanged <*>,0.3574,InsertEvent success begin:25233975 <*>,0.3526,20.57,56
223,getTodayTotalDetailSteps = 1514044260000##7214##549659##8661##16256##33021763,partial,getTodayTotalDetailSteps = <*>,0.9778,getTodaySportData mStepsRecordManager=com.huawei.health.g.c@8a2a501,0.4504,new date <*> type<*>,0.4148,22.04,56
224,setTodayTotalDetailSteps=1514044320000##7214##549659##8661##16256##33024761,partial,getTodayTotalDetailSteps = <*>,0.9744,"new date <*> type=40005,240.0,old=330.0",0.42,new date <*> type<*>,0.4102,22.69,56
225,calculateCaloriesWithCache totalCalories=131208,partial,calculateCaloriesWithCache totalCalories<*>,0.9821,calculateAltitudeWithCache totalAltitude=240,0.7021,checkInsertStatus stepSum or calorieSum is enough,0.5535,21.31,56
226,calculateAltitudeWithCache totalAltitude=240,exact,calculateAltitudeWithCache totalAltitude=240,1.0,calculateCaloriesWithCache totalCalories<*>,0.7103,checkInsertStatus stepStatSum or calorieStatSum is enough,0.4314,20.8,56
227,onStandStepChanged 3786,exact,onStandStepChanged <*>,0.9974,onExtend<*> 0 0 4,0.3316,REPORT : <*> 240,0.3289,20.4,56
228,onExtend:1514044395000 0 0 5,exact,onExtend<*> 0 0 4,0.991,REPORT : <*> 240,0.3726,InsertEvent success begin:25233975 <*>,0.3718,20.5,56
229,getTodayTotalDetailSteps = 1514044320000##7214##549659##8661##16256##33024761,partial,getTodayTotalDetailSteps = <*>,0.9766,getTodaySportData mStepsRecordManager=com.huawei.health.g.c@8a2a501,0.4538,new date <*> type<*>,0.4071,22.01,56
230,setTodayTotalDetailSteps=1514044320000##7214##549659##8661##16256##33039758,partial,getTodayTotalDetailSteps = <*>,0.977,"new date <*> type=40005,240.0,old=330.0",0.4211,new date <*> type<*>,0.4144,22.07,56
231,calculateCaloriesWithCache totalCalories=131208,partial,calculateCaloriesWithCache totalCalories<*>,0.9823,calculateAltitudeWithCache totalAltitude=240,0.7021,checkInsertStatus stepSum or calorieSum is enough,0.5535,20.91,56
232,calculateAltitudeWithCache totalAltitude=240,exact,calculateAltitudeWithCache totalAltitude=240,1.0,calculateCaloriesWithCache totalCalories<*>,0.7103,checkInsertStatus stepStatSum or calorieStatSum is enough,0.4314,21.05,56
233,onStandStepChanged 3786,exact,onStandStepChanged <*>,0.9976,onExtend<*> 0 0 4,0.3316,REPORT : <*> 240,0.3289,21.39,56
234,onExtend:1514044397000 0 0 0,partial,onExtend<*> 0 0 4,0.9834,InsertEvent success begin:25233975 <*>,0.359,onStandStepChanged <*>,0.3534,22.66,56
235,getTodayTotalDetailSteps = 1514044320000##7214##549659##8661##16256##33039758,partial,getTodayTotalDetailSteps = <*>,0.9788,getTodaySportData mStepsRecordManager=com.huawei.health.g.c@8a2a501,0.4501,new date <*> type<*>,0.4122,24.18,56
236,setTodayTotalDetailSteps=1514044320000##7214##549659##8661##16256##33041763,partial,getTodayTotalDetailSteps = <*>,0.9769,"new date <*> type=40005,240.0,old=330.0",0.42,new date <*> type<*>,0.4149,23.2,56
237,calculateCaloriesWithCache totalCalories=131208,partial,calculateCaloriesWithCache totalCalories<*>,0.9826,calculateAltitudeWithCache totalAltitude=240,0.7021,checkInsertStatus stepSum or calorieSum is enough,0.5535,21.98,56
238,calculateAltitudeWithCache totalAltitude=240,exact,calculateAltitudeWithCache totalAltitude=240,1.0,calculateCaloriesWithCache totalCalories<*>,0.7103,checkInsertStatus stepStatSum or calorieStatSum is enough,0.4314,20.87,56
239,onStandStepChanged 3786,exact,onStandStepChanged <*>,0.9977,onExtend<*> 0 0 4,0.3316,REPORT : <*> 240,0.3289,20.69,56
240,onExtend:1514044405000 0 0 5,exact,onExtend<*> 0 0 4,0.9905,InsertEvent success begin:25233975 <*>,0.3535,REPORT : <*> 240,0.3516,20.77,56
241,getTodayTotalDetailSteps = 1514044320000##7214##549659##8661##16256##33041763,partial,getTodayTotalDetailSteps = <*>,0.977,getTodaySportData mStepsRecordManager=com.huawei.health.g.c@8a2a501,0.4514,new date <*> type<*>,0.4124,22.07,56
242,setTodayTotalDetailSteps=1514044320000##7214##549659##8661##16256##33049759,partial,getTodayTotalDetailSteps = <*>,0.9771,"new date <*> type=40005,240.0,old=330.0",0.4191,new date <*> type<*>,0.4172,21.87,56
243,calculateCaloriesWithCache totalCalories=131208,partial,calculateCaloriesWithCache totalCalories<*>,0.9828,calculateAltitudeWithCache totalAltitude=240,0.7021,checkInsertStatus stepSum or calorieSum is enough,0.5535,20.53,56
244,calculateAltitudeWithCache totalAltitude=240,exact,calculateAltitudeWithCache totalAltitude=240,1.0,calculateCaloriesWithCache totalCalories<*>,0.7104,checkInsertStatus stepStatSum or calorieStatSum is enough,0.4314,20.58,56
245,onStandStepChanged 3786,exact,onStandStepChanged <*>,0.9979,onExtend<*> 0 0 4,0.3315,REPORT : <*> 240,0.3289,20.48,56
246,onExtend:1514044411000 0 0 0,partial,onExtend<*> 0 0 4,0.9853,InsertEvent success begin:25233975 <*>,0.3631,setWriteDBLastDataMinute=25233979,0.3541,20.83,56
247,getTodayTotalDetailSteps = 1514044320000##7214##549659##8661##16256##33049759,partial,getTodayTotalDetailSteps = <*>,0.9797,getTodaySportData mStepsRecordManager=com.huawei.health.g.c@8a2a501,0.4449,new date <*> type<*>,0.4155,22.01,56
248,setTodayTotalDetailSteps=1514044320000##7214##549659##8661##16256##33055760,partial,getTodayTotalDetailSteps = <*>,0.9774,"new date <*> type=40005,240.0,old=330.0",0.4189,new date <*> type<*>,0.4125,21.95,56
249,calculateCaloriesWithCache totalCalories=131208,partial,calculateCaloriesWithCache totalCalories<*>,0.9831,calculateAltitudeWithCache totalAltitude=240,0.7021,checkInsertStatus stepSum or calorieSum is enough,0.5535,20.6,56
250,calculateAltitudeWithCache totalAltitude=240,exact,calculateAltitudeWithCache totalAltitude=240,1.0,calculateCaloriesWithCache totalCalories<*>,0.7104,checkInsertStatus stepStatSum or calorieStatSum is enough,0.4314,20.64,56
251,onStandStepChanged 3786,exact,onStandStepChanged <*>,0.998,onExtend<*> 0 0 4,0.3315,REPORT : <*> 240,0.3289,20.36,56
252,onExtend:1514044420000 0 0 5,partial,onExtend<*> 0 0 4,0.9877,InsertEvent success begin:25233975 <*>,0.3861,setWriteDBLastDataMinute=25233979,0.3749,21.34,56
253,getTodayTotalDetailSteps = 1514044320000##7214##549659##8661##16256##33055760,partial,getTodayTotalDetailSteps = <*>,0.9784,getTodaySportData mStepsRecordManager=com.huawei.health.g.c@8a2a501,0.4566,new date <*> type<*>,0.4095,22.33,56
254,setTodayTotalDetailSteps=1514044320000##7214##549659##8661##16256##33064766,partial,getTodayTotalDetailSteps = <*>,0.9784,"new date <*> type=40005,240.0,old=330.0",0.4167,new date <*> type<*>,0.4128,21.94,56
255,calculateCaloriesWithCache totalCalories=131208,partial,calculateCaloriesWithCache totalCalories<*>,0.9833,calculateAltitudeWithCache totalAltitude=240,0.7021,checkInsertStatus stepSum or calorieSum is enough,0.5535,20.79,56
256,calculateAltitudeWithCache totalAltitude=240,exact,calculateAltitudeWithCache totalAltitude=240,1.0,calculateCaloriesWithCache totalCalories<*>,0.7104,checkInsertStatus stepStatSum or calorieStatSum is enough,0.4314,20.82,56
257,onStandStepChanged 3786,exact,onStandStepChanged <*>,0.9981,onExtend<*> 0 0 4,0.3316,REPORT : <*> 240,0.3289,20.54,56
258,onExtend:1514044422000 0 0 0,partial,onExtend<*> 0 0 4,0.985,InsertEvent success begin:25233975 <*>,0.3615,onStandStepChanged <*>,0.3551,20.73,56
259,getTodayTotalDetailSteps = 1514044320000##7214##549659##8661##16256##33064766,partial,getTodayTotalDetailSteps = <*>,0.9797,getTodaySportData mStepsRecordManager=com.huawei.health.g.c@8a2a501,0.4567,new date <*> type<*>,0.4129,22.59,56
260,setTodayTotalDetailSteps=1514044320000##7214##549659##8661##16256##33066759,partial,getTodayTotalDetailSteps = <*>,0.9787,new date <*> type<*>,0.4199,"new date <*> type=40005,240.0,old=330.0",0.4177,24.42,56
261,calculateCaloriesWithCache totalCalories=131208,partial,calculateCaloriesWithCache totalCalories<*>,0.9835,calculateAltitudeWithCache totalAltitude=240,0.7021,checkInsertStatus stepSum or calorieSum is enough,0.5535,22.43,56
262,calculateAltitudeWithCache totalAltitude=240,exact,calculateAltitudeWithCache totalAltitude=240,1.0,calculateCaloriesWithCache totalCalories<*>,0.7104,checkInsertStatus stepStatSum or calorieStatSum is enough,0.4314,22.41,56
263,onStandStepChanged 3786,exact,onStandStepChanged <*>,0.9982,onExtend<*> 0 0 4,0.3317,REPORT : <*> 240,0.3289,22.09,56
264,onExtend:1514044431000 0 0 5,partial,onExtend<*> 0 0 4,0.9884,InsertEvent success begin:25233975 <*>,0.3621,setWriteDBLastDataMinute=25233979,0.3571,22.18,56
265,getTodayTotalDetailSteps = 1514044320000##7214##549659##8661##16256##33066759,partial,getTodayTotalDetailSteps = <*>,0.9805,getTodaySportData mStepsRecordManager=com.huawei.health.g.c@8a2a501,0.4449,new date <*> type<*>,0.4178,24.61,56
266,setTodayTotalDetailSteps=1514044320000##7214##549659##8661##16256##33075759,partial,getTodayTotalDetailSteps = <*>,0.9775,"new date <*> type=40005,240.0,old=330.0",0.4195,new date <*> type<*>,0.4174,23.97,56
267,calculateCaloriesWithCache totalCalories=131208,partial,calculateCaloriesWithCache totalCalories<*>,0.9838,calculateAltitudeWithCache totalAltitude=240,0.7021,checkInsertStatus stepSum or calorieSum is enough,0.5535,26.92,56
268,calculateAltitudeWithCache totalAltitude=240,exact,calculateAltitudeWithCache totalAltitude=240,1.0,calculateCaloriesWithCache totalCalories<*>,0.7104,checkInsertStatus stepStatSum or calorieStatSum is enough,0.4314,22.89,56
269,onStandStepChanged 3786,exact,onStandStepChanged <*>,0.9983,onExtend<*> 0 0 4,0.3315,REPORT : <*> 240,0.3289,22.73,56
270,onExtend:1514044437000 0 0 0,partial,onExtend<*> 0 0 4,0.9839,InsertEvent success begin:25233975 <*>,0.3586,setWriteDBLastDataMinute=25233979,0.3432,23.98,56
271,getTodayTotalDetailSteps = 1514044320000##7214##549659##8661##16256##33075759,partial,getTodayTotalDetailSteps = <*>,0.9806,getTodaySportData mStepsRecordManager=com.huawei.health.g.c@8a2a501,0.4434,new date <*> type<*>,0.4163,24.78,56
272,setTodayTotalDetailSteps=1514044320000##7214##549659##8661##16256##33081765,partial,getTodayTotalDetailSteps = <*>,0.9763,"new date <*> type=40005,240.0,old=330.0",0.418,new date <*> type<*>,0.4088,23.71,56
273,calculateCaloriesWithCache totalCalories=131208,partial,calculateCaloriesWithCache totalCalories<*>,0.984,calculateAltitudeWithCache totalAltitude=240,0.7021,checkInsertStatus stepSum or calorieSum is enough,0.5535,22.64,56
274,calculateAltitudeWithCache totalAltitude=240,exact,calculateAltitudeWithCache totalAltitude=240,1.0,calculateCaloriesWithCache totalCalories<*>,0.7105,checkInsertStatus stepStatSum or calorieStatSum is enough,0.4314,22.58,56
275,processHandleBroadcastAction action:android.intent.action.TIME_TICK,exact,processHandleBroadcastAction action:android.intent.action.TIME_TICK,1.0,processHandleBroadcastAction action:android.intent.action.SCREEN_ON,0.7753,onReceive action: android.intent.action.SCREEN_ON,0.4888,22.82,56
276,onStandStepChanged 3786,exact,onStandStepChanged <*>,0.9984,onExtend<*> 0 0 4,0.3315,REPORT : <*> 240,0.3289,22.33,56
277,onExtend:1514044468000 0 0 5,exact,onExtend<*> 0 0 4,0.9909,setWriteDBLastDataMinute=25233979,0.3622,InsertEvent success begin:25233975 <*>,0.3611,22.95,56
278,getTodayTotalDetailSteps = 1514044320000##7214##549659##8661##16256##33081765,partial,getTodayTotalDetailSteps = <*>,0.978,getTodaySportData mStepsRecordManager=com.huawei.health.g.c@8a2a501,0.453,new date <*> type<*>,0.4053,23.75,56
279,setTodayTotalDetailSteps=1514044380000##7214##549659##8661##16256##33112771,partial,getTodayTotalDetailSteps = <*>,0.9784,new date <*> type<*>,0.4138,"new date <*> type=40005,240.0,old=330.0",0.4022,22.57,56
280,calculateCaloriesWithCache totalCalories=131208,partial,calculateCaloriesWithCache totalCalories<*>,0.9842,calculateAltitudeWithCache totalAltitude=240,0.7021,checkInsertStatus stepSum or calorieSum is enough,0.5535,22.31,56
281,calculateAltitudeWithCache totalAltitude=240,exact,calculateAltitudeWithCache totalAltitude=240,1.0,calculateCaloriesWithCache totalCalories<*>,0.7105,checkInsertStatus stepStatSum or calorieStatSum is enough,0.4314,22.48,56
282,onStandStepChanged 3786,exact,onStandStepChanged <*>,0.9984,onExtend<*> 0 0 4,0.3315,REPORT : <*> 240,0.3289,22.17,56
283,onExtend:1514044469000 0 0 0,partial,onExtend<*> 0 0 4,0.9893,InsertEvent success begin:25233975 <*>,0.3663,setWriteDBLastDataMinute=25233979,0.3606,23.0,56
284,getTodayTotalDetailSteps = 1514044380000##7214##549659##8661##16256##33112771,partial,getTodayTotalDetailSteps = <*>,0.9743,getTodaySportData mStepsRecordManager=com.huawei.health.g.c@8a2a501,0.4405,new date <*> type<*>,0.4119,23.71,56
285,setTodayTotalDetailSteps=1514044380000##7214##549659##8661##16256##33113758,partial,getTodayTotalDetailSteps = <*>,0.9796,new date <*> type<*>,0.4182,"new date <*> type=40005,240.0,old=330.0",0.4061,23.93,56
286,calculateCaloriesWithCache totalCalories=131208,partial,calculateCaloriesWithCache totalCalories<*>,0.9844,calculateAltitudeWithCache totalAltitude=240,0.7021,checkInsertStatus stepSum or calorieSum is enough,0.5535,22.54,56
287,calculateAltitudeWithCache totalAltitude=240,exact,calculateAltitudeWithCache totalAltitude=240,1.0,calculateCaloriesWithCache totalCalories<*>,0.7105,checkInsertStatus stepStatSum or calorieStatSum is enough,0.4314,22.13,56
288,onStandStepChanged 3786,exact,onStandStepChanged <*>,0.9985,onExtend<*> 0 0 4,0.3315,REPORT : <*> 240,0.3289,22.55,56
289,onExtend:1514044474000 0 0 5,partial,onExtend<*> 0 0 4,0.9893,InsertEvent success begin:25233975 <*>,0.3732,setWriteDBLastDataMinute=25233979,0.3606,22.7,56
290,getTodayTotalDetailSteps = 1514044380000##7214##549659##8661##16256##33113758,partial,getTodayTotalDetailSteps = <*>,0.9776,getTodaySportData mStepsRecordManager=com.huawei.health.g.c@8a2a501,0.4378,new date <*> type<*>,0.4183,23.62,56
291,setTodayTotalDetailSteps=1514044380000##7214##549659##8661##16256##33118758,partial,getTodayTotalDetailSteps = <*>,0.9801,new date <*> type<*>,0.4202,"new date <*> type=40005,240.0,old=330.0",0.4079,23.8,56
292,calculateCaloriesWithCache totalCalories=131208,partial,calculateCaloriesWithCache totalCalories<*>,0.9846,calculateAltitudeWithCache totalAltitude=240,0.7021,checkInsertStatus stepSum or calorieSum is enough,0.5535,22.73,56
293,calculateAltitudeWithCache totalAltitude=240,exact,calculateAltitudeWithCache totalAltitude=240,1.0,calculateCaloriesWithCache totalCalories<*>,0.7105,checkInsertStatus stepStatSum or calorieStatSum is enough,0.4314,22.78,56
294,onStandStepChanged 3786,exact,onStandStepChanged <*>,0.9986,onExtend<*> 0 0 4,0.3314,REPORT : <*> 240,0.3289,22.43,56
295,onExtend:1514044475000 0 0 0,partial,onExtend<*> 0 0 4,0.9889,InsertEvent success begin:25233975 <*>,0.371,REPORT : <*> 240,0.3572,22.84,56
296,getTodayTotalDetailSteps = 1514044380000##7214##549659##8661##16256##33118758,partial,getTodayTotalDetailSteps = <*>,0.9793,getTodaySportData mStepsRecordManager=com.huawei.health.g.c@8a2a501,0.4421,new date <*> type<*>,0.4194,23.94,56
297,setTodayTotalDetailSteps=1514044380000##7214##549659##8661##16256##33119761,partial,getTodayTotalDetailSteps = <*>,0.9796,new date <*> type<*>,0.4199,"new date <*> type=40044,420.0,old=420.0",0.4049,23.65,56
298,calculateCaloriesWithCache totalCalories=131208,partial,calculateCaloriesWithCache totalCalories<*>,0.9848,calculateAltitudeWithCache totalAltitude=240,0.7021,checkInsertStatus stepSum or calorieSum is enough,0.5535,22.84,56
299,calculateAltitudeWithCache totalAltitude=240,exact,calculateAltitudeWithCache totalAltitude=240,1.0,calculateCaloriesWithCache totalCalories<*>,0.7105,checkInsertStatus stepStatSum or calorieStatSum is enough,0.4314,22.74,56
300,onStandStepChanged 3786,exact,onStandStepChanged <*>,0.9987,onExtend<*> 0 0 4,0.3315,REPORT : <*> 240,0.3289,23.35,56
301,onExtend:1514044485000 0 0 5,exact,onExtend<*> 0 0 4,0.9907,REPORT : <*> 240,0.3729,InsertEvent success begin:25233975 <*>,0.371,23.43,56
302,getTodayTotalDetailSteps = 1514044380000##7214##549659##8661##16256##33119761,partial,getTodayTotalDetailSteps = <*>,0.977,getTodaySportData mStepsRecordManager=com.huawei.health.g.c@8a2a501,0.4441,new date <*> type<*>,0.4193,25.52,56
303,setTodayTotalDetailSteps=1514044380000##7214##549659##8661##16256##33129767,partial,getTodayTotalDetailSteps = <*>,0.9827,new date <*> type<*>,0.4262,"new date <*> type=40005,240.0,old=330.0",0.4087,23.58,56
304,calculateCaloriesWithCache totalCalories=131208,partial,calculateCaloriesWithCache totalCalories<*>,0.985,calculateAltitudeWithCache totalAltitude=240,0.7021,checkInsertStatus stepSum or calorieSum is enough,0.5535,21.11,56
305,calculateAltitudeWithCache totalAltitude=240,exact,calculateAltitudeWithCache totalAltitude=240,1.0,calculateCaloriesWithCache totalCalories<*>,0.7105,checkInsertStatus stepStatSum or calorieStatSum is enough,0.4314,21.19,56
306,onStandStepChanged 3786,exact,onStandStepChanged <*>,0.9987,onExtend<*> 0 0 4,0.3314,REPORT : <*> 240,0.3289,20.74,56
307,onExtend:1514044487000 0 0 0,partial,onExtend<*> 0 0 4,0.9861,InsertEvent success begin:25233975 <*>,0.3607,onStandStepChanged <*>,0.3504,20.5,56
308,getTodayTotalDetailSteps = 1514044380000##7214##549659##8661##16256##33129767,partial,getTodayTotalDetailSteps = <*>,0.9777,getTodaySportData mStepsRecordManager=com.huawei.health.g.c@8a2a501,0.446,new date <*> type<*>,0.4254,21.99,56
309,setTodayTotalDetailSteps=1514044380000##7214##549659##8661##16256##33131773,partial,getTodayTotalDetailSteps = <*>,0.9808,new date <*> type<*>,0.4165,"new date <*> type=40005,240.0,old=330.0",0.4029,22.55,56
310,calculateCaloriesWithCache totalCalories=131208,partial,calculateCaloriesWithCache totalCalories<*>,0.9852,calculateAltitudeWithCache totalAltitude=240,0.7021,checkInsertStatus stepSum or calorieSum is enough,0.5535,21.03,56
311,calculateAltitudeWithCache totalAltitude=240,exact,calculateAltitudeWithCache totalAltitude=240,1.0,calculateCaloriesWithCache totalCalories<*>,0.7106,checkInsertStatus stepStatSum or calorieStatSum is enough,0.4314,20.78,56
312,onStandStepChanged 3786,exact,onStandStepChanged <*>,0.9988,onExtend<*> 0 0 4,0.3315,REPORT : <*> 240,0.3289,20.54,56
313,onExtend:1514044494000 0 0 5,exact,onExtend<*> 0 0 4,0.9903,InsertEvent success begin:25233975 <*>,0.3604,setWriteDBLastDataMinute=25233979,0.3526,20.65,56
314,getTodayTotalDetailSteps = 1514044380000##7214##549659##8661##16256##33131773,partial,getTodayTotalDetailSteps = <*>,0.9778,getTodaySportData mStepsRecordManager=com.huawei.health.g.c@8a2a501,0.4445,new date <*> type<*>,0.4163,22.18,56
315,setTodayTotalDetailSteps=1514044380000##7214##549659##8661##16256##33138759,partial,getTodayTotalDetailSteps = <*>,0.9797,new date <*> type<*>,0.4173,"new date <*> type=40044,420.0,old=420.0",0.4073,21.88,56
316,calculateCaloriesWithCache totalCalories=131208,partial,calculateCaloriesWithCache totalCalories<*>,0.9854,calculateAltitudeWithCache totalAltitude=240,0.7021,checkInsertStatus stepSum or calorieSum is enough,0.5535,20.72,56
317,calculateAltitudeWithCache totalAltitude=240,exact,calculateAltitudeWithCache totalAltitude=240,1.0,calculateCaloriesWithCache totalCalories<*>,0.7106,checkInsertStatus stepStatSum or calorieStatSum is enough,0.4314,20.67,56
318,onStandStepChanged 3786,exact,onStandStepChanged <*>,0.9988,onExtend<*> 0 0 4,0.3314,REPORT : <*> 240,0.3289,20.49,56
319,onExtend:1514044496000 0 0 0,partial,onExtend<*> 0 0 4,0.9828,InsertEvent success begin:25233975 <*>,0.3635,onStandStepChanged <*>,0.3564,20.65,56
320,getTodayTotalDetailSteps = 1514044380000##7214##549659##8661##16256##33138759,partial,getTodayTotalDetailSteps = <*>,0.9777,getTodaySportData mStepsRecordManager=com.huawei.health.g.c@8a2a501,0.4447,new date <*> type<*>,0.4184,21.92,56
321,setTodayTotalDetailSteps=1514044380000##7214##549659##8661##16256##33140770,partial,getTodayTotalDetailSteps = <*>,0.9793,new date <*> type<*>,0.4152,"new date <*> type=40005,240.0,old=330.0",0.4076,22.06,56
322,calculateCaloriesWithCache totalCalories=131208,partial,calculateCaloriesWithCache totalCalories<*>,0.9856,calculateAltitudeWithCache totalAltitude=240,0.7021,checkInsertStatus stepSum or calorieSum is enough,0.5535,20.68,56
323,calculateAltitudeWithCache totalAltitude=240,exact,calculateAltitudeWithCache totalAltitude=240,1.0,calculateCaloriesWithCache totalCalories<*>,0.7106,checkInsertStatus stepStatSum or calorieStatSum is enough,0.4314,20.57,56
324,processHandleBroadcastAction action:android.intent.action.TIME_TICK,exact,processHandleBroadcastAction action:android.intent.action.TIME_TICK,1.0,processHandleBroadcastAction action:android.intent.action.SCREEN_ON,0.7753,onReceive action: android.intent.action.SCREEN_ON,0.4888,21.04,56
325,onStandStepChanged 3786,exact,onStandStepChanged <*>,0.9989,onExtend<*> 0 0 4,0.3315,REPORT : <*> 240,0.3289,20.38,56
326,onExtend:1514044524000 0 0 5,partial,onExtend<*> 0 0 4,0.99,InsertEvent success begin:25233975 <*>,0.3736,REPORT : <*> 240,0.366,20.61,56
327,getTodayTotalDetailSteps = 1514044380000##7214##549659##8661##16256##33140770,partial,getTodayTotalDetailSteps = <*>,0.9772,getTodaySportData mStepsRecordManager=com.huawei.health.g.c@8a2a501,0.4503,new date <*> type<*>,0.4141,22.11,56
328,setTodayTotalDetailSteps=1514044440000##7214##549659##8661##16256##33168762,partial,getTodayTotalDetailSteps = <*>,0.9769,new date <*> type<*>,0.4235,"new date <*> type=40044,420.0,old=420.0",0.4099,22.02,56
329,calculateCaloriesWithCache totalCalories=131208,partial,calculateCaloriesWithCache totalCalories<*>,0.9858,calculateAltitudeWithCache totalAltitude=240,0.7021,checkInsertStatus stepSum or calorieSum is enough,0.5535,20.78,56
330,calculateAltitudeWithCache totalAltitude=240,exact,calculateAltitudeWithCache totalAltitude=240,1.0,calculateCaloriesWithCache totalCalories<*>,0.7106,checkInsertStatus stepStatSum or calorieStatSum is enough,0.4314,20.6,56
331,onStandStepChanged 3786,exact,onStandStepChanged <*>,0.9989,onExtend<*> 0 0 4,0.3314,REPORT : <*> 240,0.3289,20.46,56
332,onExtend:1514044525000 0 0 0,partial,onExtend<*> 0 0 4,0.9839,InsertEvent success begin:25233975 <*>,0.3752,REPORT : <*> 240,0.3721,20.63,56
333,getTodayTotalDetailSteps = 1514044440000##7214##549659##8661##16256##33168762,partial,getTodayTotalDetailSteps = <*>,0.9736,getTodaySportData mStepsRecordManager=com.huawei.health.g.c@8a2a501,0.4365,new date <*> type<*>,0.4192,22.46,56
334,setTodayTotalDetailSteps=1514044440000##7214##549659##8661##16256##33169760,partial,getTodayTotalDetailSteps = <*>,0.9779,new date <*> type<*>,0.4209,"new date <*> type=40044,420.0,old=420.0",0.4065,22.17,56
335,calculateCaloriesWithCache totalCalories=131208,partial,calculateCaloriesWithCache totalCalories<*>,0.9859,calculateAltitudeWithCache totalAltitude=240,0.7021,checkInsertStatus stepSum or calorieSum is enough,0.5535,20.78,56
336,calculateAltitudeWithCache totalAltitude=240,exact,calculateAltitudeWithCache totalAltitude=240,1.0,calculateCaloriesWithCache totalCalories<*>,0.7106,checkInsertStatus stepStatSum or calorieStatSum is enough,0.4314,21.27,56
337,processHandleBroadcastAction action:android.intent.action.TIME_TICK,exact,processHandleBroadcastAction action:android.intent.action.TIME_TICK,1.0,processHandleBroadcastAction action:android.intent.action.SCREEN_ON,0.7753,onReceive action: android.intent.action.SCREEN_ON,0.4888,20.87,56
338,onStandStepChanged 3786,exact,onStandStepChanged <*>,0.999,onExtend<*> 0 0 4,0.3315,REPORT : <*> 240,0.3289,20.42,56
339,onExtend:1514044572000 0 0 5,partial,onExtend<*> 0 0 4,0.9878,InsertEvent success begin:25233975 <*>,0.3508,REPORT : <*> 240,0.3431,20.75,56
340,getTodayTotalDetailSteps = 1514044440000##7214##549659##8661##16256##33169760,partial,getTodayTotalDetailSteps = <*>,0.9729,getTodaySportData mStepsRecordManager=com.huawei.health.g.c@8a2a501,0.4376,new date <*> type<*>,0.415,22.15,56
341,setTodayTotalDetailSteps=1514044500000##7214##549659##8661##16256##33216767,partial,getTodayTotalDetailSteps = <*>,0.9765,new date <*> type<*>,0.4225,"new date <*> type=40044,420.0,old=420.0",0.4081,22.22,56
342,calculateCaloriesWithCache totalCalories=131208,partial,calculateCaloriesWithCache totalCalories<*>,0.9861,calculateAltitudeWithCache totalAltitude=240,0.7021,checkInsertStatus stepSum or calorieSum is enough,0.5535,20.83,56
343,calculateAltitudeWithCache totalAltitude=240,exact,calculateAltitudeWithCache totalAltitude=240,1.0,calculateCaloriesWithCache totalCalories<*>,0.7106,checkInsertStatus stepStatSum or calorieStatSum is enough,0.4314,20.78,56
344,onStandStepChanged 3786,exact,onStandStepChanged <*>,0.999,onExtend<*> 0 0 4,0.3313,REPORT : <*> 240,0.3289,20.22,56
345,onExtend:1514044573000 0 0 0,partial,onExtend<*> 0 0 4,0.9861,InsertEvent success begin:25233975 <*>,0.3667,onStandStepChanged <*>,0.3476,20.49,56
346,getTodayTotalDetailSteps = 1514044500000##7214##549659##8661##16256##33216767,partial,getTodayTotalDetailSteps = <*>,0.9819,getTodaySportData mStepsRecordManager=com.huawei.health.g.c@8a2a501,0.4457,new date <*> type<*>,0.421,22.01,56
347,setTodayTotalDetailSteps=1514044500000##7214##549659##8661##16256##33217764,partial,getTodayTotalDetailSteps = <*>,0.9761,new date <*> type<*>,0.4195,"new date <*> type=40005,240.0,old=330.0",0.4096,21.82,56
348,calculateCaloriesWithCache totalCalories=131208,partial,calculateCaloriesWithCache totalCalories<*>,0.9863,calculateAltitudeWithCache totalAltitude=240,0.7021,checkInsertStatus stepSum or calorieSum is enough,0.5535,20.34,56
349,calculateAltitudeWithCache totalAltitude=240,exact,calculateAltitudeWithCache totalAltitude=240,1.0,calculateCaloriesWithCache totalCalories<*>,0.7106,checkInsertStatus stepStatSum or calorieStatSum is enough,0.4314,20.67,56
350,onStandStepChanged 3786,exact,onStandStepChanged <*>,0.999,onExtend<*> 0 0 4,0.3314,REPORT : <*> 240,0.3289,20.29,56
351,onExtend:1514044588000 0 0 5,exact,onExtend<*> 0 0 4,0.992,InsertEvent success begin:25233975 <*>,0.3793,setWriteDBLastDataMinute=25233979,0.363,20.25,56
352,getTodayTotalDetailSteps = 1514044500000##7214##549659##8661##16256##33217764,partial,getTodayTotalDetailSteps = <*>,0.9825,getTodaySportData mStepsRecordManager=com.huawei.health.g.c@8a2a501,0.4508,new date <*> type<*>,0.4197,21.84,56
353,setTodayTotalDetailSteps=1514044500000##7214##549659##8661##16256##33232763,partial,getTodayTotalDetailSteps = <*>,0.9748,new date <*> type<*>,0.4181,"new date <*> type=40044,420.0,old=420.0",0.4046,22.02,56
354,calculateCaloriesWithCache totalCalories=131208,partial,calculateCaloriesWithCache totalCalories<*>,0.9865,calculateAltitudeWithCache totalAltitude=240,0.7021,checkInsertStatus stepSum or calorieSum is enough,0.5535,20.38,56
355,calculateAltitudeWithCache totalAltitude=240,exact,calculateAltitudeWithCache totalAltitude=240,1.0,calculateCaloriesWithCache totalCalories<*>,0.7106,checkInsertStatus stepStatSum or calorieStatSum is enough,0.4314,20.63,56
356,onStandStepChanged 3786,exact,onStandStepChanged <*>,0.9991,onExtend<*> 0 0 4,0.3314,REPORT : <*> 240,0.3289,20.56,56
357,onExtend:1514044595000 0 0 0,partial,onExtend<*> 0 0 4,0.9832,InsertEvent success begin:25233975 <*>,0.3664,setWriteDBLastDataMinute=25233979,0.3491,21.86,56
358,getTodayTotalDetailSteps = 1514044500000##7214##549659##8661##16256##33232763,partial,getTodayTotalDetailSteps = <*>,0.9823,getTodaySportData mStepsRecordManager=com.huawei.health.g.c@8a2a501,0.4422,new date <*> type<*>,0.4186,22.4,56
359,setTodayTotalDetailSteps=1514044500000##7214##549659##8661##16256##33239758,partial,getTodayTotalDetailSteps = <*>,0.9759,new date <*> type<*>,0.4199,"new date <*> type=40044,420.0,old=420.0",0.4099,22.1,56
360,calculateCaloriesWithCache totalCalories=131208,partial,calculateCaloriesWithCache totalCalories<*>,0.9866,calculateAltitudeWithCache totalAltitude=240,0.7021,checkInsertStatus stepSum or calorieSum is enough,0.5535,20.89,56
361,calculateAltitudeWithCache totalAltitude=240,exact,calculateAltitudeWithCache totalAltitude=240,1.0,calculateCaloriesWithCache totalCalories<*>,0.7106,checkInsertStatus stepStatSum or calorieStatSum is enough,0.4314,21.3,56
362,processHandleBroadcastAction action:android.intent.action.TIME_TICK,exact,processHandleBroadcastAction action:android.intent.action.TIME_TICK,1.0,processHandleBroadcastAction action:android.intent.action.SCREEN_ON,0.7753,onReceive action: android.intent.action.SCREEN_ON,0.4888,21.19,56
363,onStandStepChanged 3786,exact,onStandStepChanged <*>,0.9991,onExtend<*> 0 0 4,0.3314,REPORT : <*> 240,0.3289,20.5,56
364,onExtend:1514044654000 0 0 5,exact,onExtend<*> 0 0 4,0.9903,InsertEvent success begin:25233975 <*>,0.3544,setWriteDBLastDataMinute=25233979,0.3404,20.97,56
365,getTodayTotalDetailSteps = 1514044500000##7214##549659##8661##16256##33239758,partial,getTodayTotalDetailSteps = <*>,0.9834,getTodaySportData mStepsRecordManager=com.huawei.health.g.c@8a2a501,0.4381,new date <*> type<*>,0.4187,22.01,56
366,setTodayTotalDetailSteps=1514044560000##7214##549659##8661##16256##33298759,partial,getTodayTotalDetailSteps = <*>,0.9793,new date <*> type<*>,0.4239,"new date <*> type=40044,420.0,old=420.0",0.4059,21.97,56
367,calculateCaloriesWithCache totalCalories=131208,partial,calculateCaloriesWithCache totalCalories<*>,0.9868,calculateAltitudeWithCache totalAltitude=240,0.7021,checkInsertStatus stepSum or calorieSum is enough,0.5535,20.76,56
368,calculateAltitudeWithCache totalAltitude=240,exact,calculateAltitudeWithCache totalAltitude=240,1.0,calculateCaloriesWithCache totalCalories<*>,0.7106,checkInsertStatus stepStatSum or calorieStatSum is enough,0.4314,20.74,56
369,onStandStepChanged 3786,exact,onStandStepChanged <*>,0.9991,onExtend<*> 0 0 4,0.3312,REPORT : <*> 240,0.3289,20.49,56
370,onExtend:1514044662000 0 0 0,partial,onExtend<*> 0 0 4,0.9847,InsertEvent success begin:25233975 <*>,0.3534,onStandStepChanged <*>,0.3373,20.61,56
371,getTodayTotalDetailSteps = 1514044560000##7214##549659##8661##16256##33298759,partial,getTodayTotalDetailSteps = <*>,0.982,getTodaySportData mStepsRecordManager=com.huawei.health.g.c@8a2a501,0.4405,new date <*> type<*>,0.4231,22.22,56
372,setTodayTotalDetailSteps=1514044560000##7214##549659##8661##16256##33306763,partial,getTodayTotalDetailSteps = <*>,0.977,new date <*> type<*>,0.4234,"new date <*> type=40044,420.0,old=420.0",0.407,22.16,56
373,calculateCaloriesWithCache totalCalories=131208,partial,calculateCaloriesWithCache totalCalories<*>,0.9869,calculateAltitudeWithCache totalAltitude=240,0.7021,checkInsertStatus stepSum or calorieSum is enough,0.5535,20.73,56
374,calculateAltitudeWithCache totalAltitude=240,exact,calculateAltitudeWithCache totalAltitude=240,1.0,calculateCaloriesWithCache totalCalories<*>,0.7106,checkInsertStatus stepStatSum or calorieStatSum is enough,0.4314,20.76,56
375,processHandleBroadcastAction action:android.intent.action.TIME_TICK,exact,processHandleBroadcastAction action:android.intent.action.TIME_TICK,1.0,processHandleBroadcastAction action:android.intent.action.SCREEN_ON,0.7753,onReceive action: android.intent.action.SCREEN_ON,0.4888,20.77,56
376,processHandleBroadcastAction action:android.intent.action.TIME_TICK,exact,processHandleBroadcastAction action:android.intent.action.TIME_TICK,1.0,processHandleBroadcastAction action:android.intent.action.SCREEN_ON,0.7753,onReceive action: android.intent.action.SCREEN_ON,0.4888,20.68,56
377,processHandleBroadcastAction action:android.intent.action.TIME_TICK,exact,processHandleBroadcastAction action:android.intent.action.TIME_TICK,1.0,processHandleBroadcastAction action:android.intent.action.SCREEN_ON,0.7753,onReceive action: android.intent.action.SCREEN_ON,0.4888,20.66,56
378,theDayChanged 1514044800216,new,theDayChanged <*>,1.0,,0.0,,0.0,21.03,57
379,initEnviroument,new,initEnviroument,1.0,,0.0,,0.0,21.02,58
380,getStepCounterStatus,new,getStepCounterStatus,1.0,,0.0,,0.0,21.56,59
381,getStepCounterStatus= true,partial,getStepCounterStatus,0.9446,InsertCallBack() onSuccess type = 0 data=true,0.3785,"saveStatData() type <*> = 1513958400000,statClient = 2,who is 1",0.3319,22.75,59
382,reStartStepCounter,new,reStartStepCounter,1.0,,0.0,,0.0,23.53,60
383,onStandStepChanged 3786,exact,onStandStepChanged <*>,0.9992,theDayChanged <*>,0.3576,onExtend<*> 0 0 4,0.3312,22.17,60
384,registersensorsuccess: true,new,registersensorsuccess: true,1.0,,0.0,,0.0,23.69,61
385,clear(),new,clear(),1.0,,0.0,,0.0,23.63,62
386,getTodayBasicStandardSteps= 1514018661124##0##3428,fuzzy,getTodayTotalDetailSteps = <*>,0.7556,theDayChanged <*>,0.5959,getTodaySportData mStepsRecordManager=com.huawei.health.g.c@8a2a501,0.4817,24.39,62
387,tryToRecordAsBasicStepData bWrite true,new,tryToRecordAsBasicStepData bWrite true,1.0,,0.0,,0.0,23.89,63
388,getDiffTotalSteps= 1513958400215##0,fuzzy,getTodayTotalDetailSteps = <*>,0.6452,calculateCaloriesWithCache totalCalories<*>,0.4397,theDayChanged <*>,0.3985,24.78,63
389,setBasicStandardSteps basicStandardStep=3786 restartSteps=0,fuzzy,reStartStepCounter,0.6072,onStandStepChanged <*>,0.3654,getStepCounterStatus,0.3544,24.71,63
390,setDiffTotalSteps=0,new,setDiffTotalSteps=0,1.0,,0.0,,0.0,22.97,64
391,getTodayTotalDetailSteps = 1514044560000##7214##549659##8661##16256##33306763,partial,getTodayTotalDetailSteps = <*>,0.9805,theDayChanged <*>,0.5034,getTodaySportData mStepsRecordManager=com.huawei.health.g.c@8a2a501,0.4384,24.03,64
392,getTodayBasicStandardSteps= 1514044800223##3786##0,fuzzy,getTodayTotalDetailSteps = <*>,0.7544,theDayChanged <*>,0.6137,getTodaySportData mStepsRecordManager=com.huawei.health.g.c@8a2a501,0.5181,25.74,64
393,getDiffTotalSteps= 1514044800231##0,fuzzy,setDiffTotalSteps=0,0.6624,getTodayTotalDetailSteps = <*>,0.6533,theDayChanged <*>,0.427,24.09,64
394,tryToReloadTodayBasicSteps1514044800223|3786|0|0,new,tryToReloadTodayBasicSteps1514044800223|3786|0|0,1.0,,0.0,,0.0,23.61,65
395,reload : 3786 restar 0,new,reload : <*> restar 0,1.0,,0.0,,0.0,22.95,66
396,getTodayTotalDetailSteps = 1514044560000##7214##549659##8661##16256##33306763,partial,getTodayTotalDetailSteps = <*>,0.9806,tryToReloadTodayBasicSteps1514044800223|3786|0|0,0.5317,theDayChanged <*>,0.5034,26.46,66
397,setTodayTotalDetailSteps=1514044740000##0##549659##8661##16256##33444553,partial,getTodayTotalDetailSteps = <*>,0.9707,theDayChanged <*>,0.5381,tryToReloadTodayBasicSteps1514044800223|3786|0|0,0.5317,25.78,66
398,calculateCaloriesWithCache totalCalories=0,partial,calculateCaloriesWithCache totalCalories<*>,0.8764,calculateAltitudeWithCache totalAltitude=240,0.5902,checkInsertStatus stepSum or calorieSum is enough,0.5264,23.68,66
399,calculateAltitudeWithCache totalAltitude=0,fuzzy,calculateAltitudeWithCache totalAltitude=240,0.7669,calculateCaloriesWithCache totalCalories<*>,0.6571,setDiffTotalSteps=0,0.4926,23.39,66
400,REPORT : 0 0 0 0,new,REPORT : 0 0 0 0,1.0,,0.0,,0.0,23.39,67
401,next day:steps0mLastReport7214,new,next day:steps0mLastReport7214,1.0,,0.0,,0.0,23.86,68
402,setGoalNotifiShownRecord 1514044800237 false,new,setGoalNotifiShownRecord <*> false,1.0,,0.0,,0.0,26.73,69
403,closeNotification...,new,closeNotification...,1.0,,0.0,,0.0,25.97,70
404,deleteHealthNotification(),new,deleteHealthNotification(),1.0,,0.0,,0.0,26.02,71
405,onStandStepChanged 3786,exact,onStandStepChanged <*>,0.9992,theDayChanged <*>,0.3576,onExtend<*> 0 0 4,0.3312,26.15,71
406,onExtend:1514044801000 0 0 0,partial,onExtend<*> 0 0 4,0.9827,theDayChanged <*>,0.4317,tryToReloadTodayBasicSteps1514044800223|3786|0|0,0.4166,25.89,71
407,getTodayTotalDetailSteps = 1514044740000##0##549659##8661##16256##33444553,partial,getTodayTotalDetailSteps = <*>,0.9822,tryToReloadTodayBasicSteps1514044800223|3786|0|0,0.5281,theDayChanged <*>,0.5088,26.53,71
408,setTodayTotalDetailSteps=1514044740000##0##549659##8661##16256##33444943,partial,getTodayTotalDetailSteps = <*>,0.9724,theDayChanged <*>,0.5419,tryToReloadTodayBasicSteps1514044800223|3786|0|0,0.5371,25.67,71
409,calculateCaloriesWithCache totalCalories=0,partial,calculateCaloriesWithCache totalCalories<*>,0.8778,calculateAltitudeWithCache totalAltitude=240,0.5963,checkInsertStatus stepSum or calorieSum is enough,0.5264,24.52,71
410,calculateAltitudeWithCache totalAltitude=0,fuzzy,calculateAltitudeWithCache totalAltitude=240,0.7745,calculateCaloriesWithCache totalCalories<*>,0.6583,setDiffTotalSteps=0,0.4926,24.64,71
411,onStandStepChanged 3786,exact,onStandStepChanged <*>,0.9992,theDayChanged <*>,0.3576,onExtend<*> 0 0 4,0.3312,24.33,71
412,onExtend:1514044805000 0 0 5,partial,onExtend<*> 0 0 4,0.9894,theDayChanged <*>,0.4764,tryToReloadTodayBasicSteps1514044800223|3786|0|0,0.4252,24.56,71
413,getTodayTotalDetailSteps = 1514044740000##0##549659##8661##16256##33444943,partial,getTodayTotalDetailSteps = <*>,0.9809,tryToReloadTodayBasicSteps1514044800223|3786|0|0,0.5317,theDayChanged <*>,0.5099,26.1,71
414,setTodayTotalDetailSteps=1514044740000##0##549659##8661##16256##33449757,partial,getTodayTotalDetailSteps = <*>,0.9719,theDayChanged <*>,0.5365,tryToReloadTodayBasicSteps1514044800223|3786|0|0,0.5303,25.84,71
415,calculateCaloriesWithCache totalCalories=0,partial,calculateCaloriesWithCache totalCalories<*>,0.8792,calculateAltitudeWithCache totalAltitude=240,0.602,checkInsertStatus stepSum or calorieSum is enough,0.5264,25.78,71
416,calculateAltitudeWithCache totalAltitude=0,fuzzy,calculateAltitudeWithCache totalAltitude=240,0.7817,calculateCaloriesWithCache totalCalories<*>,0.6595,setDiffTotalSteps=0,0.4926,26.31,71
417,onStandStepChanged 3786,exact,onStandStepChanged <*>,0.9993,theDayChanged <*>,0.3576,onExtend<*> 0 0 4,0.3311,24.75,71
418,onExtend:1514044806000 0 0 0,partial,onExtend<*> 0 0 4,0.983,tryToReloadTodayBasicSteps1514044800223|3786|0|0,0.423,theDayChanged <*>,0.4227,36.63,71
419,getTodayTotalDetailSteps = 1514044740000##0##549659##8661##16256##33449757,partial,getTodayTotalDetailSteps = <*>,0.9828,tryToReloadTodayBasicSteps1514044800223|3786|0|0,0.5282,theDayChanged <*>,0.5075,45.91,71
420,setTodayTotalDetailSteps=1514044740000##0##549659##8661##16256##33450764,partial,getTodayTotalDetailSteps = <*>,0.9719,tryToReloadTodayBasicSteps1514044800223|3786|0|0,0.5499,theDayChanged <*>,0.5365,45.71,71
421,calculateCaloriesWithCache totalCalories=0,partial,calculateCaloriesWithCache totalCalories<*>,0.8806,calculateAltitudeWithCache totalAltitude=240,0.6075,checkInsertStatus stepSum or calorieSum is enough,0.5264,44.93,71
422,calculateAltitudeWithCache totalAltitude=0,fuzzy,calculateAltitudeWithCache totalAltitude=240,0.7887,calculateCaloriesWithCache totalCalories<*>,0.6606,setDiffTotalSteps=0,0.4926,45.08,71
423,processHandleBroadcastAction action:android.intent.action.TIME_TICK,exact,processHandleBroadcastAction action:android.intent.action.TIME_TICK,1.0,processHandleBroadcastAction action:android.intent.action.SCREEN_ON,0.7753,onReceive action: android.intent.action.SCREEN_ON,0.4888,44.99,71
424,processHandleBroadcastAction action:android.intent.action.TIME_TICK,exact,processHandleBroadcastAction action:android.intent.action.TIME_TICK,1.0,processHandleBroadcastAction action:android.intent.action.SCREEN_ON,0.7753,onReceive action: android.intent.action.SCREEN_ON,0.4888,45.07,71
425,processHandleBroadcastAction action:android.intent.action.TIME_TICK,exact,processHandleBroadcastAction action:android.intent.action.TIME_TICK,1.0,processHandleBroadcastAction action:android.intent.action.SCREEN_ON,0.7753,onReceive action: android.intent.action.SCREEN_ON,0.4888,44.95,71
426,processHandleBroadcastAction action:android.intent.action.TIME_TICK,exact,processHandleBroadcastAction action:android.intent.action.TIME_TICK,1.0,processHandleBroadcastAction action:android.intent.action.SCREEN_ON,0.7753,onReceive action: android.intent.action.SCREEN_ON,0.4888,45.05,71
427,processHandleBroadcastAction action:android.intent.action.TIME_TICK,exact,processHandleBroadcastAction action:android.intent.action.TIME_TICK,1.0,processHandleBroadcastAction action:android.intent.action.SCREEN_ON,0.7753,onReceive action: android.intent.action.SCREEN_ON,0.4888,44.71,71
428,onStandStepChanged 3786,exact,onStandStepChanged <*>,0.9993,theDayChanged <*>,0.3576,onExtend<*> 0 0 4,0.3312,44.64,71
429,onExtend:1514045123000 0 0 0,partial,onExtend<*> 0 0 4,0.9808,theDayChanged <*>,0.441,tryToReloadTodayBasicSteps1514044800223|3786|0|0,0.4069,45.22,71
430,getTodayTotalDetailSteps = 1514044740000##0##549659##8661##16256##33450764,partial,getTodayTotalDetailSteps = <*>,0.9826,tryToReloadTodayBasicSteps1514044800223|3786|0|0,0.5468,theDayChanged <*>,0.5083,45.79,71
431,setTodayTotalDetailSteps=1514045040000##0##549659##8661##16256##33767093,partial,getTodayTotalDetailSteps = <*>,0.9725,tryToReloadTodayBasicSteps1514044800223|3786|0|0,0.5426,setDiffTotalSteps=0,0.5257,46.33,71
432,calculateCaloriesWithCache totalCalories=0,partial,calculateCaloriesWithCache totalCalories<*>,0.8819,calculateAltitudeWithCache totalAltitude=240,0.6128,checkInsertStatus stepSum or calorieSum is enough,0.5264,45.81,71
433,calculateAltitudeWithCache totalAltitude=0,fuzzy,calculateAltitudeWithCache totalAltitude=240,0.7953,calculateCaloriesWithCache totalCalories<*>,0.6618,setDiffTotalSteps=0,0.4926,45.17,71
434,processHandleBroadcastAction action:android.intent.action.TIME_TICK,exact,processHandleBroadcastAction action:android.intent.action.TIME_TICK,1.0,processHandleBroadcastAction action:android.intent.action.SCREEN_ON,0.7753,onReceive action: android.intent.action.SCREEN_ON,0.4888,45.02,71
435,onStandStepChanged 3786,exact,onStandStepChanged <*>,0.9993,theDayChanged <*>,0.3576,onExtend<*> 0 0 4,0.3312,44.92,71
436,onExtend:1514045177000 0 0 0,partial,onExtend<*> 0 0 4,0.9846,theDayChanged <*>,0.4277,tryToReloadTodayBasicSteps1514044800223|3786|0|0,0.4213,44.99,71
437,getTodayTotalDetailSteps = 1514045040000##0##549659##8661##16256##33767093,partial,getTodayTotalDetailSteps = <*>,0.9835,tryToReloadTodayBasicSteps1514044800223|3786|0|0,0.5391,theDayChanged <*>,0.4946,46.27,71
438,setTodayTotalDetailSteps=1514045100000##0##549659##8661##16256##33821183,partial,getTodayTotalDetailSteps = <*>,0.9689,tryToReloadTodayBasicSteps1514044800223|3786|0|0,0.544,setDiffTotalSteps=0,0.5342,46.2,71
439,calculateCaloriesWithCache totalCalories=0,partial,calculateCaloriesWithCache totalCalories<*>,0.8832,calculateAltitudeWithCache totalAltitude=240,0.6178,checkInsertStatus stepSum or calorieSum is enough,0.5264,44.7,71
440,calculateAltitudeWithCache totalAltitude=0,partial,calculateAltitudeWithCache totalAltitude=240,0.8016,calculateCaloriesWithCache totalCalories<*>,0.6629,setDiffTotalSteps=0,0.4926,44.64,71
441,processHandleBroadcastAction action:android.intent.action.TIME_TICK,exact,processHandleBroadcastAction action:android.intent.action.TIME_TICK,1.0,processHandleBroadcastAction action:android.intent.action.SCREEN_ON,0.7753,onReceive action: android.intent.action.SCREEN_ON,0.4888,44.62,71
442,onStandStepChanged 3786,exact,onStandStepChanged <*>,0.9993,theDayChanged <*>,0.3576,onExtend<*> 0 0 4,0.3311,45.15,71
443,onExtend:1514045222000 0 0 5,partial,onExtend<*> 0 0 4,0.9828,theDayChanged <*>,0.4729,tryToReloadTodayBasicSteps1514044800223|3786|0|0,0.4162,44.48,71
444,getTodayTotalDetailSteps = 1514045100000##0##549659##8661##16256##33821183,partial,getTodayTotalDetailSteps = <*>,0.9798,tryToReloadTodayBasicSteps1514044800223|3786|0|0,0.5403,theDayChanged <*>,0.491,36.14,71
445,setTodayTotalDetailSteps=1514045160000##0##549659##8661##16256##33866758,partial,getTodayTotalDetailSteps = <*>,0.9739,tryToReloadTodayBasicSteps1514044800223|3786|0|0,0.5462,setDiffTotalSteps=0,0.533,31.3,71
446,calculateCaloriesWithCache totalCalories=0,partial,calculateCaloriesWithCache totalCalories<*>,0.8845,calculateAltitudeWithCache totalAltitude=240,0.6226,checkInsertStatus stepSum or calorieSum is enough,0.5264,29.43,71
447,calculateAltitudeWithCache totalAltitude=0,partial,calculateAltitudeWithCache totalAltitude=240,0.8076,calculateCaloriesWithCache totalCalories<*>,0.6641,setDiffTotalSteps=0,0.4926,29.8,71
448,onStandStepChanged 3786,exact,onStandStepChanged <*>,0.9994,theDayChanged <*>,0.3576,onExtend<*> 0 0 4,0.331,29.89,71
449,onExtend:1514045224000 0 0 0,partial,onExtend<*> 0 0 4,0.9874,theDayChanged <*>,0.4412,tryToReloadTodayBasicSteps1514044800223|3786|0|0,0.4126,30.68,71
450,getTodayTotalDetailSteps = 1514045160000##0##549659##8661##16256##33866758,partial,getTodayTotalDetailSteps = <*>,0.9825,tryToReloadTodayBasicSteps1514044800223|3786|0|0,0.5438,theDayChanged <*>,0.4903,26.31,71
451,setTodayTotalDetailSteps=1514045160000##0##549659##8661##16256##33868758,partial,getTodayTotalDetailSteps = <*>,0.9752,tryToReloadTodayBasicSteps1514044800223|3786|0|0,0.5518,theDayChanged <*>,0.5255,26.17,71
452,calculateCaloriesWithCache totalCalories=0,partial,calculateCaloriesWithCache totalCalories<*>,0.8858,calculateAltitudeWithCache totalAltitude=240,0.6271,checkInsertStatus stepSum or calorieSum is enough,0.5264,24.59,71
453,calculateAltitudeWithCache totalAltitude=0,partial,calculateAltitudeWithCache totalAltitude=240,0.8134,calculateCaloriesWithCache totalCalories<*>,0.6652,setDiffTotalSteps=0,0.4926,24.64,71
454,onStandStepChanged 3786,exact,onStandStepChanged <*>,0.9994,theDayChanged <*>,0.3576,onExtend<*> 0 0 4,0.331,24.53,71
455,onExtend:1514045240000 0 0 5,partial,onExtend<*> 0 0 4,0.9873,theDayChanged <*>,0.4576,tryToReloadTodayBasicSteps1514044800223|3786|0|0,0.4097,24.74,71
456,getTodayTotalDetailSteps = 1514045160000##0##549659##8661##16256##33868758,partial,getTodayTotalDetailSteps = <*>,0.9812,tryToReloadTodayBasicSteps1514044800223|3786|0|0,0.5469,theDayChanged <*>,0.4956,26.24,71
457,setTodayTotalDetailSteps=1514045160000##0##549659##8661##16256##33884757,partial,getTodayTotalDetailSteps = <*>,0.9755,tryToReloadTodayBasicSteps1514044800223|3786|0|0,0.5509,theDayChanged <*>,0.5269,26.01,71
458,calculateCaloriesWithCache totalCalories=0,partial,calculateCaloriesWithCache totalCalories<*>,0.887,calculateAltitudeWithCache totalAltitude=240,0.6315,checkInsertStatus stepSum or calorieSum is enough,0.5264,24.6,71
459,calculateAltitudeWithCache totalAltitude=0,partial,calculateAltitudeWithCache totalAltitude=240,0.8189,calculateCaloriesWithCache totalCalories<*>,0.6663,setDiffTotalSteps=0,0.4926,24.71,71
460,onStandStepChanged 3786,exact,onStandStepChanged <*>,0.9994,theDayChanged <*>,0.3576,onExtend<*> 0 0 4,0.3309,24.38,71
461,onExtend:1514045241000 0 0 0,partial,onExtend<*> 0 0 4,0.9838,theDayChanged <*>,0.4347,tryToReloadTodayBasicSteps1514044800223|3786|0|0,0.4038,24.6,71
462,getTodayTotalDetailSteps = 1514045160000##0##549659##8661##16256##33884757,partial,getTodayTotalDetailSteps = <*>,0.981,tryToReloadTodayBasicSteps1514044800223|3786|0|0,0.5449,theDayChanged <*>,0.4959,26.36,71
463,setTodayTotalDetailSteps=1514045160000##0##549659##8661##16256##33885759,partial,getTodayTotalDetailSteps = <*>,0.9737,tryToReloadTodayBasicSteps1514044800223|3786|0|0,0.5493,setDiffTotalSteps=0,0.5337,25.86,71
464,calculateCaloriesWithCache totalCalories=0,partial,calculateCaloriesWithCache totalCalories<*>,0.8882,calculateAltitudeWithCache totalAltitude=240,0.6357,checkInsertStatus stepSum or calorieSum is enough,0.5264,24.77,71
465,calculateAltitudeWithCache totalAltitude=0,partial,calculateAltitudeWithCache totalAltitude=240,0.8242,calculateCaloriesWithCache totalCalories<*>,0.6673,setDiffTotalSteps=0,0.4926,24.73,71
466,processHandleBroadcastAction action:android.intent.action.TIME_TICK,exact,processHandleBroadcastAction action:android.intent.action.TIME_TICK,1.0,processHandleBroadcastAction action:android.intent.action.SCREEN_ON,0.7753,onReceive action: android.intent.action.SCREEN_ON,0.4888,24.8,71
467,processHandleBroadcastAction action:android.intent.action.TIME_TICK,exact,processHandleBroadcastAction action:android.intent.action.TIME_TICK,1.0,processHandleBroadcastAction action:android.intent.action.SCREEN_ON,0.7753,onReceive action: android.intent.action.SCREEN_ON,0.4888,24.81,71
468,onStandStepChanged 3786,exact,onStandStepChanged <*>,0.9994,theDayChanged <*>,0.3576,onExtend<*> 0 0 4,0.3308,24.63,71
469,onExtend:1514045344000 0 0 5,exact,onExtend<*> 0 0 4,0.9901,theDayChanged <*>,0.4733,tryToReloadTodayBasicSteps1514044800223|3786|0|0,0.4168,25.03,71
470,getTodayTotalDetailSteps = 1514045160000##0##549659##8661##16256##33885759,partial,getTodayTotalDetailSteps = <*>,0.9821,tryToReloadTodayBasicSteps1514044800223|3786|0|0,0.5465,theDayChanged <*>,0.4972,26.14,71
471,setTodayTotalDetailSteps=1514045280000##0##549659##8661##16256##33988760,partial,getTodayTotalDetailSteps = <*>,0.9743,tryToReloadTodayBasicSteps1514044800223|3786|0|0,0.5478,setDiffTotalSteps=0,0.5349,26.07,71
472,calculateCaloriesWithCache totalCalories=0,partial,calculateCaloriesWithCache totalCalories<*>,0.8895,calculateAltitudeWithCache totalAltitude=240,0.6398,checkInsertStatus stepSum or calorieSum is enough,0.5264,24.67,71
473,calculateAltitudeWithCache totalAltitude=0,partial,calculateAltitudeWithCache totalAltitude=240,0.8293,calculateCaloriesWithCache totalCalories<*>,0.6684,setDiffTotalSteps=0,0.4926,24.82,71
474,onStandStepChanged 3786,exact,onStandStepChanged <*>,0.9994,theDayChanged <*>,0.3576,onExtend<*> 0 0 4,0.3306,24.23,71
475,onExtend:1514045346000 0 0 0,partial,onExtend<*> 0 0 4,0.9871,theDayChanged <*>,0.433,tryToReloadTodayBasicSteps1514044800223|3786|0|0,0.4136,24.57,71
476,getTodayTotalDetailSteps = 1514045280000##0##549659##8661##16256##33988760,partial,getTodayTotalDetailSteps = <*>,0.9813,tryToReloadTodayBasicSteps1514044800223|3786|0|0,0.5435,setDiffTotalSteps=0,0.4864,25.72,71
477,setTodayTotalDetailSteps=1514045280000##0##549659##8661##16256##33990761,partial,getTodayTotalDetailSteps = <*>,0.9737,tryToReloadTodayBasicSteps1514044800223|3786|0|0,0.5388,setDiffTotalSteps=0,0.5336,25.81,71
478,calculateCaloriesWithCache totalCalories=0,partial,calculateCaloriesWithCache totalCalories<*>,0.8907,calculateAltitudeWithCache totalAltitude=240,0.6436,checkInsertStatus stepSum or calorieSum is enough,0.5264,24.52,71
479,calculateAltitudeWithCache totalAltitude=0,partial,calculateAltitudeWithCache totalAltitude=240,0.8342,calculateCaloriesWithCache totalCalories<*>,0.6694,setDiffTotalSteps=0,0.4926,24.76,71
480,onStandStepChanged 3786,exact,onStandStepChanged <*>,0.9994,theDayChanged <*>,0.3576,onExtend<*> 0 0 4,0.3307,24.23,71
481,onExtend:1514045374000 0 0 5,exact,onExtend<*> 0 0 4,0.9901,theDayChanged <*>,0.4743,tryToReloadTodayBasicSteps1514044800223|3786|0|0,0.4147,24.47,71
482,getTodayTotalDetailSteps = 1514045280000##0##549659##8661##16256##33990761,partial,getTodayTotalDetailSteps = <*>,0.9811,tryToReloadTodayBasicSteps1514044800223|3786|0|0,0.5341,setDiffTotalSteps=0,0.4854,26.43,71
483,setTodayTotalDetailSteps=1514045280000##0##549659##8661##16256##34018758,partial,getTodayTotalDetailSteps = <*>,0.9715,setDiffTotalSteps=0,0.5418,tryToReloadTodayBasicSteps1514044800223|3786|0|0,0.5322,25.81,71
484,calculateCaloriesWithCache totalCalories=0,partial,calculateCaloriesWithCache totalCalories<*>,0.8918,calculateAltitudeWithCache totalAltitude=240,0.6473,checkInsertStatus stepSum or calorieSum is enough,0.5264,24.56,71
485,calculateAltitudeWithCache totalAltitude=0,partial,calculateAltitudeWithCache totalAltitude=240,0.8388,calculateCaloriesWithCache totalCalories<*>,0.6705,setDiffTotalSteps=0,0.4926,24.6,71
486,onStandStepChanged 3786,exact,onStandStepChanged <*>,0.9995,theDayChanged <*>,0.3576,onExtend<*> 0 0 4,0.3306,24.64,71
487,onExtend:1514045375000 0 0 0,partial,onExtend<*> 0 0 4,0.9753,theDayChanged <*>,0.4622,tryToReloadTodayBasicSteps1514044800223|3786|0|0,0.4014,24.53,71
488,getTodayTotalDetailSteps = 1514045280000##0##549659##8661##16256##34018758,partial,getTodayTotalDetailSteps = <*>,0.9818,tryToReloadTodayBasicSteps1514044800223|3786|0|0,0.5333,setDiffTotalSteps=0,0.4929,25.64,71
489,setTodayTotalDetailSteps=1514045280000##0##549659##8661##16256##34019759,partial,getTodayTotalDetailSteps = <*>,0.9734,tryToReloadTodayBasicSteps1514044800223|3786|0|0,0.5444,setDiffTotalSteps=0,0.5387,25.67,71
490,calculateCaloriesWithCache totalCalories=0,partial,calculateCaloriesWithCache totalCalories<*>,0.893,calculateAltitudeWithCache totalAltitude=240,0.6509,checkInsertStatus stepSum or calorieSum is enough,0.5264,24.53,71
491,calculateAltitudeWithCache totalAltitude=0,partial,calculateAltitudeWithCache totalAltitude=240,0.8433,calculateCaloriesWithCache totalCalories<*>,0.6715,setDiffTotalSteps=0,0.4926,24.58,71
492,processHandleBroadcastAction action:android.intent.action.TIME_TICK,exact,processHandleBroadcastAction action:android.intent.action.TIME_TICK,1.0,processHandleBroadcastAction action:android.intent.action.SCREEN_ON,0.7753,onReceive action: android.intent.action.SCREEN_ON,0.4888,24.9,71
493,onStandStepChanged 3786,exact,onStandStepChanged <*>,0.9995,theDayChanged <*>,0.3576,onExtend<*> 0 0 4,0.3307,24.49,71
494,onExtend:1514045409000 0 0 5,partial,onExtend<*> 0 0 4,0.9858,theDayChanged <*>,0.4643,tryToReloadTodayBasicSteps1514044800223|3786|0|0,0.4183,24.52,71
495,getTodayTotalDetailSteps = 1514045280000##0##549659##8661##16256##34019759,partial,getTodayTotalDetailSteps = <*>,0.9831,tryToReloadTodayBasicSteps1514044800223|3786|0|0,0.5433,setDiffTotalSteps=0,0.4898,25.95,71
496,setTodayTotalDetailSteps=1514045340000##0##549659##8661##16256##34053757,partial,getTodayTotalDetailSteps = <*>,0.9734,tryToReloadTodayBasicSteps1514044800223|3786|0|0,0.5438,setDiffTotalSteps=0,0.5367,25.79,71
497,calculateCaloriesWithCache totalCalories=0,partial,calculateCaloriesWithCache totalCalories<*>,0.8941,calculateAltitudeWithCache totalAltitude=240,0.6543,checkInsertStatus stepSum or calorieSum is enough,0.5264,24.58,71
498,calculateAltitudeWithCache totalAltitude=0,partial,calculateAltitudeWithCache totalAltitude=240,0.8476,calculateCaloriesWithCache totalCalories<*>,0.6725,setDiffTotalSteps=0,0.4926,24.9,71
499,onStandStepChanged 3786,exact,onStandStepChanged <*>,0.9995,theDayChanged <*>,0.3576,onExtend<*> 0 0 4,0.3305,24.73,71
500,onExtend:1514045410000 0 0 0,partial,onExtend<*> 0 0 4,0.9765,theDayChanged <*>,0.4155,tryToReloadTodayBasicSteps1514044800223|3786|0|0,0.4023,24.57,71
501,getTodayTotalDetailSteps = 1514045340000##0##549659##8661##16256##34053757,partial,getTodayTotalDetailSteps = <*>,0.9803,tryToReloadTodayBasicSteps1514044800223|3786|0|0,0.5392,setDiffTotalSteps=0,0.4865,25.97,71
502,setTodayTotalDetailSteps=1514045340000##0##549659##8661##16256##34054759,partial,getTodayTotalDetailSteps = <*>,0.9743,tryToReloadTodayBasicSteps1514044800223|3786|0|0,0.5359,setDiffTotalSteps=0,0.5355,27.66,71
503,calculateCaloriesWithCache totalCalories=0,partial,calculateCaloriesWithCache totalCalories<*>,0.8952,calculateAltitudeWithCache totalAltitude=240,0.6576,checkInsertStatus stepSum or calorieSum is enough,0.5264,25.89,71
504,calculateAltitudeWithCache totalAltitude=0,partial,calculateAltitudeWithCache totalAltitude=240,0.8517,calculateCaloriesWithCache totalCalories<*>,0.6735,setDiffTotalSteps=0,0.4926,24.85,71
505,onStandStepChanged 3786,exact,onStandStepChanged <*>,0.9995,theDayChanged <*>,0.3576,onExtend<*> 0 0 4,0.3306,24.46,71
506,onExtend:1514045442000 0 0 5,partial,onExtend<*> 0 0 4,0.984,theDayChanged <*>,0.4715,tryToReloadTodayBasicSteps1514044800223|3786|0|0,0.4199,24.74,71
507,getTodayTotalDetailSteps = 1514045340000##0##549659##8661##16256##34054759,partial,getTodayTotalDetailSteps = <*>,0.9799,tryToReloadTodayBasicSteps1514044800223|3786|0|0,0.5305,setDiffTotalSteps=0,0.4844,25.7,71
508,setTodayTotalDetailSteps=1514045340000##0##549659##8661##16256##34086757,partial,getTodayTotalDetailSteps = <*>,0.9746,tryToReloadTodayBasicSteps1514044800223|3786|0|0,0.548,setDiffTotalSteps=0,0.5368,25.6,71
509,calculateCaloriesWithCache totalCalories=0,partial,calculateCaloriesWithCache totalCalories<*>,0.8963,calculateAltitudeWithCache totalAltitude=240,0.6608,checkInsertStatus stepSum or calorieSum is enough,0.5264,24.73,71
510,calculateAltitudeWithCache totalAltitude=0,partial,calculateAltitudeWithCache totalAltitude=240,0.8557,calculateCaloriesWithCache totalCalories<*>,0.6744,setDiffTotalSteps=0,0.4926,25.22,71
511,onStandStepChanged 3786,exact,onStandStepChanged <*>,0.9995,theDayChanged <*>,0.3576,onExtend<*> 0 0 4,0.3304,24.69,71
512,onExtend:1514045443000 0 0 0,partial,onExtend<*> 0 0 4,0.9864,theDayChanged <*>,0.4433,tryToReloadTodayBasicSteps1514044800223|3786|0|0,0.4169,24.56,71
513,getTodayTotalDetailSteps = 1514045340000##0##549659##8661##16256##34086757,partial,getTodayTotalDetailSteps = <*>,0.9806,tryToReloadTodayBasicSteps1514044800223|3786|0|0,0.543,setDiffTotalSteps=0,0.4863,26.03,71
514,setTodayTotalDetailSteps=1514045340000##0##549659##8661##16256##34087759,partial,getTodayTotalDetailSteps = <*>,0.9757,tryToReloadTodayBasicSteps1514044800223|3786|0|0,0.5423,setDiffTotalSteps=0,0.533,25.79,71
515,calculateCaloriesWithCache totalCalories=0,partial,calculateCaloriesWithCache totalCalories<*>,0.8974,calculateAltitudeWithCache totalAltitude=240,0.6638,checkInsertStatus stepSum or calorieSum is enough,0.5264,24.72,71
516,calculateAltitudeWithCache totalAltitude=0,partial,calculateAltitudeWithCache totalAltitude=240,0.8595,calculateCaloriesWithCache totalCalories<*>,0.6754,setDiffTotalSteps=0,0.4926,24.76,71
517,processHandleBroadcastAction action:android.intent.action.TIME_TICK,exact,processHandleBroadcastAction action:android.intent.action.TIME_TICK,1.0,processHandleBroadcastAction action:android.intent.action.SCREEN_ON,0.7753,onReceive action: android.intent.action.SCREEN_ON,0.4888,24.8,71
518,onStandStepChanged 3786,exact,onStandStepChanged <*>,0.9995,theDayChanged <*>,0.3576,onExtend<*> 0 0 4,0.3304,24.43,71
519,onExtend:1514045516000 0 0 5,partial,onExtend<*> 0 0 4,0.9865,theDayChanged <*>,0.4546,tryToReloadTodayBasicSteps1514044800223|3786|0|0,0.4248,24.57,71
520,getTodayTotalDetailSteps = 1514045340000##0##549659##8661##16256##34087759,partial,getTodayTotalDetailSteps = <*>,0.9808,tryToReloadTodayBasicSteps1514044800223|3786|0|0,0.5363,setDiffTotalSteps=0,0.483,25.85,71
521,setTodayTotalDetailSteps=1514045400000##0##549659##8661##16256##34160765,partial,getTodayTotalDetailSteps = <*>,0.9697,tryToReloadTodayBasicSteps1514044800223|3786|0|0,0.5388,setDiffTotalSteps=0,0.5274,26.02,71
522,calculateCaloriesWithCache totalCalories=0,partial,calculateCaloriesWithCache totalCalories<*>,0.8985,calculateAltitudeWithCache totalAltitude=240,0.6667,checkInsertStatus stepSum or calorieSum is enough,0.5264,24.83,71
523,calculateAltitudeWithCache totalAltitude=0,partial,calculateAltitudeWithCache totalAltitude=240,0.8631,calculateCaloriesWithCache totalCalories<*>,0.6763,setDiffTotalSteps=0,0.4926,24.66,71
524,onStandStepChanged 3786,exact,onStandStepChanged <*>,0.9995,theDayChanged <*>,0.3576,onExtend<*> 0 0 4,0.3303,24.37,71
525,onExtend:1514045517000 0 0 0,partial,onExtend<*> 0 0 4,0.9798,theDayChanged <*>,0.4155,tryToReloadTodayBasicSteps1514044800223|3786|0|0,0.4152,24.38,71
526,getTodayTotalDetailSteps = 1514045400000##0##549659##8661##16256##34160765,partial,getTodayTotalDetailSteps = <*>,0.9787,tryToReloadTodayBasicSteps1514044800223|3786|0|0,0.5363,theDayChanged <*>,0.4801,26.01,71
527,setTodayTotalDetailSteps=1514045400000##0##549659##8661##16256##34161762,partial,getTodayTotalDetailSteps = <*>,0.9715,tryToReloadTodayBasicSteps1514044800223|3786|0|0,0.5398,theDayChanged <*>,0.5232,25.98,71
528,calculateCaloriesWithCache totalCalories=0,partial,calculateCaloriesWithCache totalCalories<*>,0.8995,calculateAltitudeWithCache totalAltitude=240,0.6695,checkInsertStatus stepSum or calorieSum is enough,0.5264,24.57,71
529,calculateAltitudeWithCache totalAltitude=0,partial,calculateAltitudeWithCache totalAltitude=240,0.8667,calculateCaloriesWithCache totalCalories<*>,0.6772,setDiffTotalSteps=0,0.4926,24.6,71
530,processHandleBroadcastAction action:android.intent.action.TIME_TICK,exact,processHandleBroadcastAction action:android.intent.action.TIME_TICK,1.0,processHandleBroadcastAction action:android.intent.action.SCREEN_ON,0.7753,onReceive action: android.intent.action.SCREEN_ON,0.4888,24.79,71
531,processHandleBroadcastAction action:android.intent.action.TIME_TICK,exact,processHandleBroadcastAction action:android.intent.action.TIME_TICK,1.0,processHandleBroadcastAction action:android.intent.action.SCREEN_ON,0.7753,onReceive action: android.intent.action.SCREEN_ON,0.4888,24.66,71
532,processHandleBroadcastAction action:android.intent.action.TIME_TICK,exact,processHandleBroadcastAction action:android.intent.action.TIME_TICK,1.0,processHandleBroadcastAction action:android.intent.action.SCREEN_ON,0.7753,onReceive action: android.intent.action.SCREEN_ON,0.4888,24.69,71
533,processHandleBroadcastAction action:android.intent.action.TIME_TICK,exact,processHandleBroadcastAction action:android.intent.action.TIME_TICK,1.0,processHandleBroadcastAction action:android.intent.action.SCREEN_ON,0.7753,onReceive action: android.intent.action.SCREEN_ON,0.4888,24.74,71
534,onStandStepChanged 3786,exact,onStandStepChanged <*>,0.9996,theDayChanged <*>,0.3576,onExtend<*> 0 0 4,0.3303,24.67,71
535,onExtend:1514045753000 0 0 0,partial,onExtend<*> 0 0 4,0.986,theDayChanged <*>,0.4352,tryToReloadTodayBasicSteps1514044800223|3786|0|0,0.4158,24.58,71
536,getTodayTotalDetailSteps = 1514045400000##0##549659##8661##16256##34161762,partial,getTodayTotalDetailSteps = <*>,0.982,tryToReloadTodayBasicSteps1514044800223|3786|0|0,0.537,theDayChanged <*>,0.4933,26.09,71
537,setTodayTotalDetailSteps=1514045640000##0##549659##8661##16256##34397604,partial,getTodayTotalDetailSteps = <*>,0.9723,tryToReloadTodayBasicSteps1514044800223|3786|0|0,0.5686,setDiffTotalSteps=0,0.5373,25.59,71
538,calculateCaloriesWithCache totalCalories=0,partial,calculateCaloriesWithCache totalCalories<*>,0.9006,calculateAltitudeWithCache totalAltitude=240,0.6723,checkInsertStatus stepSum or calorieSum is enough,0.5264,24.61,71
539,calculateAltitudeWithCache totalAltitude=0,partial,calculateAltitudeWithCache totalAltitude=240,0.8701,calculateCaloriesWithCache totalCalories<*>,0.6782,setDiffTotalSteps=0,0.4926,24.68,71
540,processHandleBroadcastAction action:android.intent.action.TIME_TICK,exact,processHandleBroadcastAction action:android.intent.action.TIME_TICK,1.0,processHandleBroadcastAction action:android.intent.action.SCREEN_ON,0.7753,onReceive action: android.intent.action.SCREEN_ON,0.4888,24.97,71
541,processHandleBroadcastAction action:android.intent.action.TIME_TICK,exact,processHandleBroadcastAction action:android.intent.action.TIME_TICK,1.0,processHandleBroadcastAction action:android.intent.action.SCREEN_ON,0.7753,onReceive action: android.intent.action.SCREEN_ON,0.4888,24.72,71
542,processHandleBroadcastAction action:android.intent.action.TIME_TICK,exact,processHandleBroadcastAction action:android.intent.action.TIME_TICK,1.0,processHandleBroadcastAction action:android.intent.action.SCREEN_ON,0.7753,onReceive action: android.intent.action.SCREEN_ON,0.4888,24.58,71
543,processHandleBroadcastAction action:android.intent.action.TIME_TICK,exact,processHandleBroadcastAction action:android.intent.action.TIME_TICK,1.0,processHandleBroadcastAction action:android.intent.action.SCREEN_ON,0.7753,onReceive action: android.intent.action.SCREEN_ON,0.4888,24.63,71
544,processHandleBroadcastAction action:android.intent.action.TIME_TICK,exact,processHandleBroadcastAction action:android.intent.action.TIME_TICK,1.0,processHandleBroadcastAction action:android.intent.action.SCREEN_ON,0.7753,onReceive action: android.intent.action.SCREEN_ON,0.4888,24.86,71
545,processHandleBroadcastAction action:android.intent.action.TIME_TICK,exact,processHandleBroadcastAction action:android.intent.action.TIME_TICK,1.0,processHandleBroadcastAction action:android.intent.action.SCREEN_ON,0.7753,onReceive action: android.intent.action.SCREEN_ON,0.4888,24.51,71
546,processHandleBroadcastAction action:android.intent.action.TIME_TICK,exact,processHandleBroadcastAction action:android.intent.action.TIME_TICK,1.0,processHandleBroadcastAction action:android.intent.action.SCREEN_ON,0.7753,onReceive action: android.intent.action.SCREEN_ON,0.4888,24.81,71
547,processHandleBroadcastAction action:android.intent.action.TIME_TICK,exact,processHandleBroadcastAction action:android.intent.action.TIME_TICK,1.0,processHandleBroadcastAction action:android.intent.action.SCREEN_ON,0.7753,onReceive action: android.intent.action.SCREEN_ON,0.4888,24.74,71
548,processHandleBroadcastAction action:android.intent.action.TIME_TICK,exact,processHandleBroadcastAction action:android.intent.action.TIME_TICK,1.0,processHandleBroadcastAction action:android.intent.action.SCREEN_ON,0.7753,onReceive action: android.intent.action.SCREEN_ON,0.4888,24.59,71
549,processHandleBroadcastAction action:android.intent.action.TIME_TICK,exact,processHandleBroadcastAction action:android.intent.action.TIME_TICK,1.0,processHandleBroadcastAction action:android.intent.action.SCREEN_ON,0.7753,onReceive action: android.intent.action.SCREEN_ON,0.4888,24.61,71
550,onStandStepChanged 3786,exact,onStandStepChanged <*>,0.9996,theDayChanged <*>,0.3576,onExtend<*> 0 0 4,0.3302,24.25,71
551,onExtend:1514046316000 0 0 5,partial,onExtend<*> 0 0 4,0.9884,theDayChanged <*>,0.4772,tryToReloadTodayBasicSteps1514044800223|3786|0|0,0.4154,24.5,71
552,getTodayTotalDetailSteps = 1514045640000##0##549659##8661##16256##34397604,partial,getTodayTotalDetailSteps = <*>,0.9786,tryToReloadTodayBasicSteps1514044800223|3786|0|0,0.563,theDayChanged <*>,0.5013,25.9,71
553,setTodayTotalDetailSteps=1514046240000##0##549659##8661##16256##34960758,partial,getTodayTotalDetailSteps = <*>,0.9744,tryToReloadTodayBasicSteps1514044800223|3786|0|0,0.5534,theDayChanged <*>,0.5311,25.88,71
554,calculateCaloriesWithCache totalCalories=0,partial,calculateCaloriesWithCache totalCalories<*>,0.9016,calculateAltitudeWithCache totalAltitude=240,0.6749,checkInsertStatus stepSum or calorieSum is enough,0.5264,24.77,71
555,calculateAltitudeWithCache totalAltitude=0,partial,calculateAltitudeWithCache totalAltitude=240,0.8733,calculateCaloriesWithCache totalCalories<*>,0.6791,setDiffTotalSteps=0,0.4926,36.72,71
556,onStandStepChanged 3786,exact,onStandStepChanged <*>,0.9996,theDayChanged <*>,0.3576,onExtend<*> 0 0 4,0.3301,27.2,71
557,onExtend:1514046317000 0 0 0,exact,onExtend<*> 0 0 4,0.99,theDayChanged <*>,0.4435,tryToReloadTodayBasicSteps1514044800223|3786|0|0,0.4134,26.42,71
558,getTodayTotalDetailSteps = 1514046240000##0##549659##8661##16256##34960758,partial,getTodayTotalDetailSteps = <*>,0.9824,tryToReloadTodayBasicSteps1514044800223|3786|0|0,0.5485,theDayChanged <*>,0.5015,26.07,71
559,setTodayTotalDetailSteps=1514046240000##0##549659##8661##16256##34961757,partial,getTodayTotalDetailSteps = <*>,0.9751,tryToReloadTodayBasicSteps1514044800223|3786|0|0,0.5504,theDayChanged <*>,0.5351,25.9,71
560,calculateCaloriesWithCache totalCalories=0,partial,calculateCaloriesWithCache totalCalories<*>,0.9026,calculateAltitudeWithCache totalAltitude=240,0.6774,checkInsertStatus stepSum or calorieSum is enough,0.5264,25.06,71
561,calculateAltitudeWithCache totalAltitude=0,partial,calculateAltitudeWithCache totalAltitude=240,0.8765,calculateCaloriesWithCache totalCalories<*>,0.6799,setDiffTotalSteps=0,0.4926,24.92,71
562,processHandleBroadcastAction action:android.intent.action.TIME_TICK,exact,processHandleBroadcastAction action:android.intent.action.TIME_TICK,1.0,processHandleBroadcastAction action:android.intent.action.SCREEN_ON,0.7753,onReceive action: android.intent.action.SCREEN_ON,0.4888,24.95,71
563,processHandleBroadcastAction action:android.intent.action.TIME_TICK,exact,processHandleBroadcastAction action:android.intent.action.TIME_TICK,1.0,processHandleBroadcastAction action:android.intent.action.SCREEN_ON,0.7753,onReceive action: android.intent.action.SCREEN_ON,0.4888,24.78,71
564,processHandleBroadcastAction action:android.intent.action.TIME_TICK,exact,processHandleBroadcastAction action:android.intent.action.TIME_TICK,1.0,processHandleBroadcastAction action:android.intent.action.SCREEN_ON,0.7753,onReceive action: android.intent.action.SCREEN_ON,0.4888,24.88,71
565,onStandStepChanged 3786,exact,onStandStepChanged <*>,0.9996,theDayChanged <*>,0.3576,onExtend<*> 0 0 4,0.3302,24.46,71
566,onExtend:1514046505000 0 0 5,partial,onExtend<*> 0 0 4,0.9854,theDayChanged <*>,0.4635,tryToReloadTodayBasicSteps1514044800223|3786|0|0,0.4106,24.51,71
567,getTodayTotalDetailSteps = 1514046240000##0##549659##8661##16256##34961757,partial,getTodayTotalDetailSteps = <*>,0.9822,tryToReloadTodayBasicSteps1514044800223|3786|0|0,0.5431,theDayChanged <*>,0.5037,26.05,71
568,setTodayTotalDetailSteps=1514046420000##0##549659##8661##16256##35149773,partial,getTodayTotalDetailSteps = <*>,0.9747,tryToReloadTodayBasicSteps1514044800223|3786|0|0,0.5543,theDayChanged <*>,0.5369,26.1,71
569,calculateCaloriesWithCache totalCalories=0,partial,calculateCaloriesWithCache totalCalories<*>,0.9036,calculateAltitudeWithCache totalAltitude=240,0.6798,checkInsertStatus stepSum or calorieSum is enough,0.5264,24.46,71
570,calculateAltitudeWithCache totalAltitude=0,partial,calculateAltitudeWithCache totalAltitude=240,0.8795,calculateCaloriesWithCache totalCalories<*>,0.6808,setDiffTotalSteps=0,0.4926,24.57,71
571,onReceive action: android.intent.action.SCREEN_OFF,partial,onReceive action: android.intent.action.SCREEN_ON,0.9782,processHandleBroadcastAction action:android.intent.action.SCREEN_ON,0.7426,processHandleBroadcastAction action:android.intent.action.TIME_TICK,0.4736,24.5,71
572,processHandleBroadcastAction action:android.intent.action.TIME_TICK,exact,processHandleBroadcastAction action:android.intent.action.TIME_TICK,1.0,processHandleBroadcastAction action:android.intent.action.SCREEN_ON,0.7753,onReceive action: android.intent.action.SCREEN_ON,0.4881,24.87,71
573,startTimer start autoSync,exact,startTimer start autoSync,1.0,needAutoSync autoSyncSwitch is open,0.6096,"startInsertSportSync start auto sync,app is 1",0.588,24.54,71
574,"startSync hiSyncOption = HiSyncOption{syncAction=1, syncMethod=2, syncScope=0, syncDataType=20000, syncModel=2, pushAction=0},app = 1 who = 1",exact,"startSync hiSyncOption = HiSyncOption{syncAction=2, syncMethod=2, syncScope=0, syncDataType=20000, syncModel=2, pushAction=0},app = 1 who = 1",0.9999,"startInsertSportSync start auto sync,app is 1",0.5536,"startInsertSportSync first 500 steps sync,do all sync",0.5482,27.29,71
575,"checkCurrentDay a new day comes , reset basicSyncCondition, currentDay is 20171224 oldDay is 20171223",new,"checkCurrentDay a new day comes , reset basicSyncCondition, currentDay is <*> oldDay is <*>",1.0,,0.0,,0.0,26.25,72
576,stepSyncOrNot appSynTimes is 0,partial,"stepSyncOrNot appSynTimes is 0, statsyncTimes is 0",0.9886,"saveRealTimeHealthDatasStat() size = 1,totalTime = 48",0.4282,startTimer start autoSync,0.4106,24.96,72
577,needAutoSync autoSyncSwitch is open,exact,needAutoSync autoSyncSwitch is open,1.0,startTimer start autoSync,0.6096,"startInsertSportSync start auto sync,app is 1",0.4817,28.32,72
578,"initDataPrivacy the dataPrivacy switch is open, start push health data!",exact,"initDataPrivacy the dataPrivacy switch is open, start push health data!",1.0,"initUserPrivacy the userPrivacy switch is open, start push user data!",0.6072,"saveHealthDetailData() deviceID = 2,clientID=1,id=1",0.5083,26.05,72
579,initDataPrivacy the dataPrivacy is true,exact,initDataPrivacy the dataPrivacy is true,1.0,"initDataPrivacy the dataPrivacy switch is open, start push health data!",0.4928,initUserPrivacy the userPrivacy is true,0.4839,24.3,72
580,"initUserPrivacy the userPrivacy switch is open, start push user data!",exact,"initUserPrivacy the userPrivacy switch is open, start push user data!",1.0,"initDataPrivacy the dataPrivacy switch is open, start push health data!",0.6072,initUserPrivacy the userPrivacy is true,0.5936,24.76,72
581,initUserPrivacy the userPrivacy is true,exact,initUserPrivacy the userPrivacy is true,1.0,"initUserPrivacy the userPrivacy switch is open, start push user data!",0.5936,initDataPrivacy the dataPrivacy is true,0.4839,24.38,72
582,ifCanSync not! no cloud version,exact,ifCanSync not! no cloud version,1.0,tryToReloadTodayBasicSteps1514044800223|3786|0|0,0.3096,"startInsertSportSync start auto sync,app is 1",0.2797,24.09,72
583,sendSyncFailedBroadcast,exact,sendSyncFailedBroadcast,1.0,processHandleBroadcastAction action:android.intent.action.TIME_TICK,0.3896,processHandleBroadcastAction action:android.intent.action.SCREEN_ON,0.3404,23.87,72
584,processHandleBroadcastAction action:android.intent.action.TIME_TICK,exact,processHandleBroadcastAction action:android.intent.action.TIME_TICK,1.0,processHandleBroadcastAction action:android.intent.action.SCREEN_ON,0.7753,onReceive action: android.intent.action.SCREEN_ON,0.4881,24.35,72
585,processHandleBroadcastAction action:android.intent.action.TIME_TICK,exact,processHandleBroadcastAction action:android.intent.action.TIME_TICK,1.0,processHandleBroadcastAction action:android.intent.action.SCREEN_ON,0.7753,onReceive action: android.intent.action.SCREEN_ON,0.4881,24.43,72
586,processHandleBroadcastAction action:android.intent.action.TIME_TICK,exact,processHandleBroadcastAction action:android.intent.action.TIME_TICK,1.0,processHandleBroadcastAction action:android.intent.action.SCREEN_ON,0.7753,onReceive action: android.intent.action.SCREEN_ON,0.4881,24.31,72
587,processHandleBroadcastAction action:android.intent.action.TIME_TICK,exact,processHandleBroadcastAction action:android.intent.action.TIME_TICK,1.0,processHandleBroadcastAction action:android.intent.action.SCREEN_ON,0.7753,onReceive action: android.intent.action.SCREEN_ON,0.4881,24.34,72
588,processHandleBroadcastAction action:android.intent.action.TIME_TICK,exact,processHandleBroadcastAction action:android.intent.action.TIME_TICK,1.0,processHandleBroadcastAction action:android.intent.action.SCREEN_ON,0.7753,onReceive action: android.intent.action.SCREEN_ON,0.4881,24.34,72
589,processHandleBroadcastAction action:android.intent.action.TIME_TICK,exact,processHandleBroadcastAction action:android.intent.action.TIME_TICK,1.0,processHandleBroadcastAction action:android.intent.action.SCREEN_ON,0.7753,onReceive action: android.intent.action.SCREEN_ON,0.4881,24.24,72
590,processHandleBroadcastAction action:android.intent.action.TIME_TICK,exact,processHandleBroadcastAction action:android.intent.action.TIME_TICK,1.0,processHandleBroadcastAction action:android.intent.action.SCREEN_ON,0.7753,onReceive action: android.intent.action.SCREEN_ON,0.4881,24.28,72
591,processHandleBroadcastAction action:android.intent.action.TIME_TICK,exact,processHandleBroadcastAction action:android.intent.action.TIME_TICK,1.0,processHandleBroadcastAction action:android.intent.action.SCREEN_ON,0.7753,onReceive action: android.intent.action.SCREEN_ON,0.4881,24.17,72
592,processHandleBroadcastAction action:android.intent.action.TIME_TICK,exact,processHandleBroadcastAction action:android.intent.action.TIME_TICK,1.0,processHandleBroadcastAction action:android.intent.action.SCREEN_ON,0.7753,onReceive action: android.intent.action.SCREEN_ON,0.4881,24.35,72
593,processHandleBroadcastAction action:android.intent.action.TIME_TICK,exact,processHandleBroadcastAction action:android.intent.action.TIME_TICK,1.0,processHandleBroadcastAction action:android.intent.action.SCREEN_ON,0.7753,onReceive action: android.intent.action.SCREEN_ON,0.4881,24.35,72
594,processHandleBroadcastAction action:android.intent.action.TIME_TICK,exact,processHandleBroadcastAction action:android.intent.action.TIME_TICK,1.0,processHandleBroadcastAction action:android.intent.action.SCREEN_ON,0.7753,onReceive action: android.intent.action.SCREEN_ON,0.4881,24.42,72
595,processHandleBroadcastAction action:android.intent.action.TIME_TICK,exact,processHandleBroadcastAction action:android.intent.action.TIME_TICK,1.0,processHandleBroadcastAction action:android.intent.action.SCREEN_ON,0.7753,onReceive action: android.intent.action.SCREEN_ON,0.4881,24.29,72
596,processHandleBroadcastAction action:android.intent.action.TIME_TICK,exact,processHandleBroadcastAction action:android.intent.action.TIME_TICK,1.0,processHandleBroadcastAction action:android.intent.action.SCREEN_ON,0.7753,onReceive action: android.intent.action.SCREEN_ON,0.4881,24.37,72
597,processHandleBroadcastAction action:android.intent.action.TIME_TICK,exact,processHandleBroadcastAction action:android.intent.action.TIME_TICK,1.0,processHandleBroadcastAction action:android.intent.action.SCREEN_ON,0.7753,onReceive action: android.intent.action.SCREEN_ON,0.4881,24.36,72
598,processHandleBroadcastAction action:android.intent.action.TIME_TICK,exact,processHandleBroadcastAction action:android.intent.action.TIME_TICK,1.0,processHandleBroadcastAction action:android.intent.action.SCREEN_ON,0.7753,onReceive action: android.intent.action.SCREEN_ON,0.4881,24.47,72
599,processHandleBroadcastAction action:android.intent.action.TIME_TICK,exact,processHandleBroadcastAction action:android.intent.action.TIME_TICK,1.0,processHandleBroadcastAction action:android.intent.action.SCREEN_ON,0.7753,onReceive action: android.intent.action.SCREEN_ON,0.4881,24.28,72
600,processHandleBroadcastAction action:android.intent.action.TIME_TICK,exact,processHandleBroadcastAction action:android.intent.action.TIME_TICK,1.0,processHandleBroadcastAction action:android.intent.action.SCREEN_ON,0.7753,onReceive action: android.intent.action.SCREEN_ON,0.4881,24.17,72
