log_id,normalised,match_type,top1_template,top1_score,top2_template,top2_score,top3_template,top3_score,latency_ms,store_size
1,ambient<*>,exact,ambient<*>,1.0,psu failure\ ambient<*>,0.4054,active,0.2838,33.3,40
2,warning,exact,warning,1.0,not<*> responding,0.3553,critical,0.3521,20.96,40
3,normal,exact,normal,1.0,active,0.3872,closing,0.2942,17.88,40
4,ambient<*>,exact,ambient<*>,1.0,psu failure\ ambient<*>,0.4054,active,0.2838,21.77,40
5,ambient<*>,exact,ambient<*>,1.0,psu failure\ ambient<*>,0.4054,active,0.2838,16.39,40
6,ambient<*>,exact,ambient<*>,1.0,psu failure\ ambient<*>,0.4054,active,0.2838,15.98,40
7,ambient<*>,exact,ambient<*>,1.0,psu failure\ ambient<*>,0.4054,active,0.2838,15.84,40
8,critical,exact,critical,1.0,warning,0.3521,not<*> responding,0.3157,15.95,40
9,normal,exact,normal,1.0,active,0.3872,closing,0.2942,15.76,40
10,ambient<*>,exact,ambient<*>,1.0,psu failure\ ambient<*>,0.4054,active,0.2838,15.78,40
11,ambient<*>,exact,ambient<*>,1.0,psu failure\ ambient<*>,0.4054,active,0.2838,15.91,40
12,ambient<*>,exact,ambient<*>,1.0,psu failure\ ambient<*>,0.4054,active,0.2838,15.87,40
13,normal,exact,normal,1.0,active,0.3872,closing,0.2942,15.82,40
14,normal,exact,normal,1.0,active,0.3872,closing,0.2942,15.64,40
15,normal,exact,normal,1.0,active,0.3872,closing,0.2942,16.24,40
16,warning,exact,warning,1.0,not<*> responding,0.3553,critical,0.3521,15.79,40
17,warning,exact,warning,1.0,not<*> responding,0.3553,critical,0.3521,15.71,40
18,ambient<*>,exact,ambient<*>,1.0,psu failure\ ambient<*>,0.4054,active,0.2838,15.99,40
19,normal,exact,normal,1.0,active,0.3872,closing,0.2942,15.72,40
20,critical,exact,critical,1.0,warning,0.3521,not<*> responding,0.3157,15.64,40
21,warning,exact,warning,1.0,not<*> responding,0.3553,critical,0.3521,16.04,40
22,warning,exact,warning,1.0,not<*> responding,0.3553,critical,0.3521,15.84,40
23,normal,exact,normal,1.0,active,0.3872,closing,0.2942,15.68,40
24,warning,exact,warning,1.0,not<*> responding,0.3553,critical,0.3521,15.74,40
25,normal,exact,normal,1.0,active,0.3872,closing,0.2942,15.65,40
26,warning,exact,warning,1.0,not<*> responding,0.3553,critical,0.3521,15.75,40
27,ambient<*>,exact,ambient<*>,1.0,psu failure\ ambient<*>,0.4054,active,0.2838,15.84,40
28,ambient<*>,exact,ambient<*>,1.0,psu failure\ ambient<*>,0.4054,active,0.2838,15.79,40
29,ambient<*>,exact,ambient<*>,1.0,psu failure\ ambient<*>,0.4054,active,0.2838,15.74,40
30,warning,exact,warning,1.0,not<*> responding,0.3553,critical,0.3521,15.59,40
31,warning,exact,warning,1.0,not<*> responding,0.3553,critical,0.3521,15.69,40
32,critical,exact,critical,1.0,warning,0.3521,not<*> responding,0.3157,15.83,40
33,warning,exact,warning,1.0,not<*> responding,0.3553,critical,0.3521,16.03,40
34,Link ok,exact,Link ok,1.0,Link error,0.4831,Link in reset,0.3542,15.92,40
35,Link ok,exact,Link ok,1.0,Link error,0.4831,Link in reset,0.3542,15.77,40
36,Link ok,exact,Link ok,1.0,Link error,0.4831,Link in reset,0.3542,15.71,40
37,Link ok,exact,Link ok,1.0,Link error,0.4831,Link in reset,0.3542,15.86,40
38,Link error,exact,Link error,1.0,Link in reset,0.5006,Link ok,0.4831,15.78,40
39,Link error,exact,Link error,1.0,Link in reset,0.5006,Link ok,0.4831,15.72,40
40,Link in reset,exact,Link in reset,1.0,Link error,0.5006,Link ok,0.3542,16.06,40
41,Link ok,exact,Link ok,1.0,Link error,0.4831,Link in reset,0.3542,15.72,40
42,Link ok,exact,Link ok,1.0,Link error,0.4831,Link in reset,0.3542,15.74,40
43,Link in reset,exact,Link in reset,1.0,Link error,0.5006,Link ok,0.3542,15.74,40
44,Link ok,exact,Link ok,1.0,Link error,0.4831,Link in reset,0.3542,15.7,40
45,Link error,exact,Link error,1.0,Link in reset,0.5006,Link ok,0.4831,15.64,40
46,Link ok,exact,Link ok,1.0,Link error,0.4831,Link in reset,0.3542,15.77,40
47,Link ok,exact,Link ok,1.0,Link error,0.4831,Link in reset,0.3542,15.77,40
48,Link ok,exact,Link ok,1.0,Link error,0.4831,Link in reset,0.3542,16.01,40
49,Link error,exact,Link error,1.0,Link in reset,0.5006,Link ok,0.4831,15.77,40
50,Link in reset,exact,Link in reset,1.0,Link error,0.5006,Link ok,0.3542,15.81,40
51,Link ok,exact,Link ok,1.0,Link error,0.4831,Link in reset,0.3542,15.72,40
52,Link ok,exact,Link ok,1.0,Link error,0.4831,Link in reset,0.3542,15.66,40
53,Link in reset,exact,Link in reset,1.0,Link error,0.5006,Link ok,0.3542,16.01,40
54,Link in reset,exact,Link in reset,1.0,Link error,0.5006,Link ok,0.3542,15.84,40
55,Link in reset,exact,Link in reset,1.0,Link error,0.5006,Link ok,0.3542,15.84,40
56,Link in reset,exact,Link in reset,1.0,Link error,0.5006,Link ok,0.3542,15.77,40
57,Linkerror event interval expired,new,Linkerror event interval expired,1.0,,0.0,,0.0,16.47,41
58,Linkerror event interval expired,exact,Linkerror event interval expired,1.0,Link error,0.4569,Link error on broadcast tree Interconnect<*>,0.3105,16.41,41
59,risBoot (command 1903) Error: Timed out while waiting for SRM prompt: <ABORT code completed>,fuzzy,risBoot (command 1903),0.7456,Command has been aborted,0.5431,wait (command <*>,0.4586,18.36,41
60,Linkerror event interval expired,exact,Linkerror event interval expired,1.0,Link error,0.4569,Link error on broadcast tree Interconnect<*>,0.3105,18.06,41
61,Linkerror event interval expired,exact,Linkerror event interval expired,1.0,Link error,0.4569,Link error on broadcast tree Interconnect<*>,0.3105,17.02,41
62,Linkerror event interval expired,exact,Linkerror event interval expired,1.0,Link error,0.4569,Link error on broadcast tree Interconnect<*>,0.3105,16.48,41
63,Linkerror event interval expired,exact,Linkerror event interval expired,1.0,Link error,0.4569,Link error on broadcast tree Interconnect<*>,0.3105,16.1,41
64,Linkerror event interval expired,exact,Linkerror event interval expired,1.0,Link error,0.4569,Link error on broadcast tree Interconnect<*>,0.3105,16.31,41
65,Linkerror event interval expired,exact,Linkerror event interval expired,1.0,Link error,0.4569,Link error on broadcast tree Interconnect<*>,0.3105,16.29,41
66,Linkerror event interval expired,exact,Linkerror event interval expired,1.0,Link error,0.4569,Link error on broadcast tree Interconnect<*>,0.3105,16.41,41
67,Linkerror event interval expired,exact,Linkerror event interval expired,1.0,Link error,0.4569,Link error on broadcast tree Interconnect<*>,0.3105,16.23,41
68,Linkerror event interval expired,exact,Linkerror event interval expired,1.0,Link error,0.4569,Link error on broadcast tree Interconnect<*>,0.3105,16.43,41
69,Linkerror event interval expired,exact,Linkerror event interval expired,1.0,Link error,0.4569,Link error on broadcast tree Interconnect<*>,0.3105,16.14,41
70,Linkerror event interval expired,exact,Linkerror event interval expired,1.0,Link error,0.4569,Link error on broadcast tree Interconnect<*>,0.3105,16.21,41
71,Linkerror event interval expired,exact,Linkerror event interval expired,1.0,Link error,0.4569,Link error on broadcast tree Interconnect<*>,0.3105,16.13,41
72,Linkerror event interval expired,exact,Linkerror event interval expired,1.0,Link error,0.4569,Link error on broadcast tree Interconnect<*>,0.3105,16.16,41
73,Linkerror event interval expired,exact,Linkerror event interval expired,1.0,Link error,0.4569,Link error on broadcast tree Interconnect<*>,0.3105,16.09,41
74,Linkerror event interval expired,exact,Linkerror event interval expired,1.0,Link error,0.4569,Link error on broadcast tree Interconnect<*>,0.3105,16.48,41
75,Linkerror event interval expired,exact,Linkerror event interval expired,1.0,Link error,0.4569,Link error on broadcast tree Interconnect<*>,0.3105,16.13,41
76,Linkerror event interval expired,exact,Linkerror event interval expired,1.0,Link error,0.4569,Link error on broadcast tree Interconnect<*>,0.3105,16.13,41
77,Linkerror event interval expired,exact,Linkerror event interval expired,1.0,Link error,0.4569,Link error on broadcast tree Interconnect<*>,0.3105,16.68,41
78,Linkerror event interval expired,exact,Linkerror event interval expired,1.0,Link error,0.4569,Link error on broadcast tree Interconnect<*>,0.3105,16.19,41
79,Linkerror event interval expired,exact,Linkerror event interval expired,1.0,Link error,0.4569,Link error on broadcast tree Interconnect<*>,0.3105,16.22,41
80,Linkerror event interval expired,exact,Linkerror event interval expired,1.0,Link error,0.4569,Link error on broadcast tree Interconnect<*>,0.3105,16.26,41
81,Linkerror event interval expired,exact,Linkerror event interval expired,1.0,Link error,0.4569,Link error on broadcast tree Interconnect<*>,0.3105,16.14,41
82,Linkerror event interval expired,exact,Linkerror event interval expired,1.0,Link error,0.4569,Link error on broadcast tree Interconnect<*>,0.3105,16.24,41
83,Linkerror event interval expired,exact,Linkerror event interval expired,1.0,Link error,0.4569,Link error on broadcast tree Interconnect<*>,0.3105,16.43,41
84,Linkerror event interval expired,exact,Linkerror event interval expired,1.0,Link error,0.4569,Link error on broadcast tree Interconnect<*>,0.3105,16.42,41
85,Linkerror event interval expired,exact,Linkerror event interval expired,1.0,Link error,0.4569,Link error on broadcast tree Interconnect<*>,0.3105,16.1,41
86,Linkerror event interval expired,exact,Linkerror event interval expired,1.0,Link error,0.4569,Link error on broadcast tree Interconnect<*>,0.3105,16.12,41
87,Linkerror event interval expired,exact,Linkerror event interval expired,1.0,Link error,0.4569,Link error on broadcast tree Interconnect<*>,0.3105,16.17,41
88,Linkerror event interval expired,exact,Linkerror event interval expired,1.0,Link error,0.4569,Link error on broadcast tree Interconnect<*>,0.3105,16.04,41
89,Linkerror event interval expired,exact,Linkerror event interval expired,1.0,Link error,0.4569,Link error on broadcast tree Interconnect<*>,0.3105,16.11,41
90,Linkerror event interval expired,exact,Linkerror event interval expired,1.0,Link error,0.4569,Link error on broadcast tree Interconnect<*>,0.3105,16.14,41
91,Linkerror event interval expired,exact,Linkerror event interval expired,1.0,Link error,0.4569,Link error on broadcast tree Interconnect<*>,0.3105,16.12,41
92,Linkerror event interval expired,exact,Linkerror event interval expired,1.0,Link error,0.4569,Link error on broadcast tree Interconnect<*>,0.3105,16.25,41
93,Linkerror event interval expired,exact,Linkerror event interval expired,1.0,Link error,0.4569,Link error on broadcast tree Interconnect<*>,0.3105,16.13,41
94,Linkerror event interval expired,exact,Linkerror event interval expired,1.0,Link error,0.4569,Link error on broadcast tree Interconnect<*>,0.3105,16.17,41
95,Linkerror event interval expired,exact,Linkerror event interval expired,1.0,Link error,0.4569,Link error on broadcast tree Interconnect<*>,0.3105,16.49,41
96,Linkerror event interval expired,exact,Linkerror event interval expired,1.0,Link error,0.4569,Link error on broadcast tree Interconnect<*>,0.3105,16.39,41
97,Linkerror event interval expired,exact,Linkerror event interval expired,1.0,Link error,0.4569,Link error on broadcast tree Interconnect<*>,0.3105,16.35,41
98,Linkerror event interval expired,exact,Linkerror event interval expired,1.0,Link error,0.4569,Link error on broadcast tree Interconnect<*>,0.3105,16.62,41
99,Linkerror event interval expired,exact,Linkerror event interval expired,1.0,Link error,0.4569,Link error on broadcast tree Interconnect<*>,0.3105,16.24,41
100,Linkerror event interval expired,exact,Linkerror event interval expired,1.0,Link error,0.4569,Link error on broadcast tree Interconnect<*>,0.3105,16.41,41
101,Linkerror event interval expired,exact,Linkerror event interval expired,1.0,Link error,0.4569,Link error on broadcast tree Interconnect<*>,0.3105,16.31,41
102,Linkerror event interval expired,exact,Linkerror event interval expired,1.0,Link error,0.4569,Link error on broadcast tree Interconnect<*>,0.3105,17.26,41
103,Linkerror event interval expired,exact,Linkerror event interval expired,1.0,Link error,0.4569,Link error on broadcast tree Interconnect<*>,0.3105,18.06,41
104,Linkerror event interval expired,exact,Linkerror event interval expired,1.0,Link error,0.4569,Link error on broadcast tree Interconnect<*>,0.3105,17.12,41
105,Linkerror event interval expired,exact,Linkerror event interval expired,1.0,Link error,0.4569,Link error on broadcast tree Interconnect<*>,0.3105,16.74,41
106,Linkerror event interval expired,exact,Linkerror event interval expired,1.0,Link error,0.4569,Link error on broadcast tree Interconnect<*>,0.3105,16.38,41
107,Linkerror event interval expired,exact,Linkerror event interval expired,1.0,Link error,0.4569,Link error on broadcast tree Interconnect<*>,0.3105,16.1,41
108,Linkerror event interval expired,exact,Linkerror event interval expired,1.0,Link error,0.4569,Link error on broadcast tree Interconnect<*>,0.3105,16.17,41
109,Linkerror event interval expired,exact,Linkerror event interval expired,1.0,Link error,0.4569,Link error on broadcast tree Interconnect<*>,0.3105,16.2,41
110,Linkerror event interval expired,exact,Linkerror event interval expired,1.0,Link error,0.4569,Link error on broadcast tree Interconnect<*>,0.3105,16.09,41
111,Linkerror event interval expired,exact,Linkerror event interval expired,1.0,Link error,0.4569,Link error on broadcast tree Interconnect<*>,0.3105,16.16,41
112,Linkerror event interval expired,exact,Linkerror event interval expired,1.0,Link error,0.4569,Link error on broadcast tree Interconnect<*>,0.3105,16.2,41
113,Linkerror event interval expired,exact,Linkerror event interval expired,1.0,Link error,0.4569,Link error on broadcast tree Interconnect<*>,0.3105,16.15,41
114,Linkerror event interval expired,exact,Linkerror event interval expired,1.0,Link error,0.4569,Link error on broadcast tree Interconnect<*>,0.3105,16.15,41
115,Linkerror event interval expired,exact,Linkerror event interval expired,1.0,Link error,0.4569,Link error on broadcast tree Interconnect<*>,0.3105,16.07,41
116,Linkerror event interval expired,exact,Linkerror event interval expired,1.0,Link error,0.4569,Link error on broadcast tree Interconnect<*>,0.3105,16.06,41
117,Linkerror event interval expired,exact,Linkerror event interval expired,1.0,Link error,0.4569,Link error on broadcast tree Interconnect<*>,0.3105,16.15,41
118,Linkerror event interval expired,exact,Linkerror event interval expired,1.0,Link error,0.4569,Link error on broadcast tree Interconnect<*>,0.3105,16.21,41
119,Linkerror event interval expired,exact,Linkerror event interval expired,1.0,Link error,0.4569,Link error on broadcast tree Interconnect<*>,0.3105,16.34,41
120,Linkerror event interval expired,exact,Linkerror event interval expired,1.0,Link error,0.4569,Link error on broadcast tree Interconnect<*>,0.3105,16.38,41
121,Linkerror event interval expired,exact,Linkerror event interval expired,1.0,Link error,0.4569,Link error on broadcast tree Interconnect<*>,0.3105,16.1,41
122,Linkerror event interval expired,exact,Linkerror event interval expired,1.0,Link error,0.4569,Link error on broadcast tree Interconnect<*>,0.3105,16.25,41
123,Linkerror event interval expired,exact,Linkerror event interval expired,1.0,Link error,0.4569,Link error on broadcast tree Interconnect<*>,0.3105,16.15,41
124,Linkerror event interval expired,exact,Linkerror event interval expired,1.0,Link error,0.4569,Link error on broadcast tree Interconnect<*>,0.3105,16.11,41
125,Linkerror event interval expired,exact,Linkerror event interval expired,1.0,Link error,0.4569,Link error on broadcast tree Interconnect<*>,0.3105,16.15,41
126,Linkerror event interval expired,exact,Linkerror event interval expired,1.0,Link error,0.4569,Link error on broadcast tree Interconnect<*>,0.3105,16.1,41
127,Linkerror event interval expired,exact,Linkerror event interval expired,1.0,Link error,0.4569,Link error on broadcast tree Interconnect<*>,0.3105,16.5,41
128,Linkerror event interval expired,exact,Linkerror event interval expired,1.0,Link error,0.4569,Link error on broadcast tree Interconnect<*>,0.3105,16.36,41
129,Linkerror event interval expired,exact,Linkerror event interval expired,1.0,Link error,0.4569,Link error on broadcast tree Interconnect<*>,0.3105,16.23,41
130,Linkerror event interval expired,exact,Linkerror event interval expired,1.0,Link error,0.4569,Link error on broadcast tree Interconnect<*>,0.3105,16.09,41
131,Linkerror event interval expired,exact,Linkerror event interval expired,1.0,Link error,0.4569,Link error on broadcast tree Interconnect<*>,0.3105,16.69,41
132,Linkerror event interval expired,exact,Linkerror event interval expired,1.0,Link error,0.4569,Link error on broadcast tree Interconnect<*>,0.3105,16.48,41
133,Linkerror event interval expired,exact,Linkerror event interval expired,1.0,Link error,0.4569,Link error on broadcast tree Interconnect<*>,0.3105,16.13,41
134,Linkerror event interval expired,exact,Linkerror event interval expired,1.0,Link error,0.4569,Link error on broadcast tree Interconnect<*>,0.3105,16.09,41
135,Linkerror event interval expired,exact,Linkerror event interval expired,1.0,Link error,0.4569,Link error on broadcast tree Interconnect<*>,0.3105,16.39,41
136,Linkerror event interval expired,exact,Linkerror event interval expired,1.0,Link error,0.4569,Link error on broadcast tree Interconnect<*>,0.3105,16.19,41
137,Linkerror event interval expired,exact,Linkerror event interval expired,1.0,Link error,0.4569,Link error on broadcast tree Interconnect<*>,0.3105,16.06,41
138,Linkerror event interval expired,exact,Linkerror event interval expired,1.0,Link error,0.4569,Link error on broadcast tree Interconnect<*>,0.3105,16.46,41
139,Linkerror event interval expired,exact,Linkerror event interval expired,1.0,Link error,0.4569,Link error on broadcast tree Interconnect<*>,0.3105,16.16,41
140,Linkerror event interval expired,exact,Linkerror event interval expired,1.0,Link error,0.4569,Link error on broadcast tree Interconnect<*>,0.3105,16.14,41
141,Linkerror event interval expired,exact,Linkerror event interval expired,1.0,Link error,0.4569,Link error on broadcast tree Interconnect<*>,0.3105,16.28,41
142,boot (command 2092) Error: HALT asserted\ cannot continue,fuzzy,halt (command <*>,0.607,boot (command 4223),0.5674,boot (command 2550),0.566,16.56,41
143,Linkerror event interval expired,exact,Linkerror event interval expired,1.0,Link error,0.4569,Link error on broadcast tree Interconnect<*>,0.3105,16.2,41
144,Linkerror event interval expired,exact,Linkerror event interval expired,1.0,Link error,0.4569,Link error on broadcast tree Interconnect<*>,0.3105,16.2,41
145,Linkerror event interval expired,exact,Linkerror event interval expired,1.0,Link error,0.4569,Link error on broadcast tree Interconnect<*>,0.3105,16.08,41
146,Linkerror event interval expired,exact,Linkerror event interval expired,1.0,Link error,0.4569,Link error on broadcast tree Interconnect<*>,0.3105,16.28,41
147,Linkerror event interval expired,exact,Linkerror event interval expired,1.0,Link error,0.4569,Link error on broadcast tree Interconnect<*>,0.3105,16.8,41
148,Linkerror event interval expired,exact,Linkerror event interval expired,1.0,Link error,0.4569,Link error on broadcast tree Interconnect<*>,0.3105,16.78,41
149,Linkerror event interval expired,exact,Linkerror event interval expired,1.0,Link error,0.4569,Link error on broadcast tree Interconnect<*>,0.3105,16.75,41
150,Linkerror event interval expired,exact,Linkerror event interval expired,1.0,Link error,0.4569,Link error on broadcast tree Interconnect<*>,0.3105,16.81,41
151,Linkerror event interval expired,exact,Linkerror event interval expired,1.0,Link error,0.4569,Link error on broadcast tree Interconnect<*>,0.3105,16.68,41
152,Linkerror event interval expired,exact,Linkerror event interval expired,1.0,Link error,0.4569,Link error on broadcast tree Interconnect<*>,0.3105,16.89,41
153,Linkerror event interval expired,exact,Linkerror event interval expired,1.0,Link error,0.4569,Link error on broadcast tree Interconnect<*>,0.3105,16.68,41
154,Linkerror event interval expired,exact,Linkerror event interval expired,1.0,Link error,0.4569,Link error on broadcast tree Interconnect<*>,0.3105,16.69,41
155,Linkerror event interval expired,exact,Linkerror event interval expired,1.0,Link error,0.4569,Link error on broadcast tree Interconnect<*>,0.3105,16.94,41
156,Linkerror event interval expired,exact,Linkerror event interval expired,1.0,Link error,0.4569,Link error on broadcast tree Interconnect<*>,0.3105,16.87,41
157,Linkerror event interval expired,exact,Linkerror event interval expired,1.0,Link error,0.4569,Link error on broadcast tree Interconnect<*>,0.3105,16.82,41
158,Linkerror event interval expired,exact,Linkerror event interval expired,1.0,Link error,0.4569,Link error on broadcast tree Interconnect<*>,0.3105,16.85,41
159,Linkerror event interval expired,exact,Linkerror event interval expired,1.0,Link error,0.4569,Link error on broadcast tree Interconnect<*>,0.3105,17.07,41
160,Linkerror event interval expired,exact,Linkerror event interval expired,1.0,Link error,0.4569,Link error on broadcast tree Interconnect<*>,0.3105,16.9,41
161,Linkerror event interval expired,exact,Linkerror event interval expired,1.0,Link error,0.4569,Link error on broadcast tree Interconnect<*>,0.3105,16.93,41
162,Linkerror event interval expired,exact,Linkerror event interval expired,1.0,Link error,0.4569,Link error on broadcast tree Interconnect<*>,0.3105,16.86,41
163,Linkerror event interval expired,exact,Linkerror event interval expired,1.0,Link error,0.4569,Link error on broadcast tree Interconnect<*>,0.3105,17.08,41
164,Linkerror event interval expired,exact,Linkerror event interval expired,1.0,Link error,0.4569,Link error on broadcast tree Interconnect<*>,0.3105,16.92,41
165,Linkerror event interval expired,exact,Linkerror event interval expired,1.0,Link error,0.4569,Link error on broadcast tree Interconnect<*>,0.3105,17.02,41
166,Linkerror event interval expired,exact,Linkerror event interval expired,1.0,Link error,0.4569,Link error on broadcast tree Interconnect<*>,0.3105,16.98,41
167,Linkerror event interval expired,exact,Linkerror event interval expired,1.0,Link error,0.4569,Link error on broadcast tree Interconnect<*>,0.3105,17.69,41
168,Linkerror event interval expired,exact,Linkerror event interval expired,1.0,Link error,0.4569,Link error on broadcast tree Interconnect<*>,0.3105,17.22,41
169,Linkerror event interval expired,exact,Linkerror event interval expired,1.0,Link error,0.4569,Link error on broadcast tree Interconnect<*>,0.3105,17.2,41
170,Linkerror event interval expired,exact,Linkerror event interval expired,1.0,Link error,0.4569,Link error on broadcast tree Interconnect<*>,0.3105,16.85,41
171,Linkerror event interval expired,exact,Linkerror event interval expired,1.0,Link error,0.4569,Link error on broadcast tree Interconnect<*>,0.3105,17.68,41
172,Linkerror event interval expired,exact,Linkerror event interval expired,1.0,Link error,0.4569,Link error on broadcast tree Interconnect<*>,0.3105,16.9,41
173,Linkerror event interval expired,exact,Linkerror event interval expired,1.0,Link error,0.4569,Link error on broadcast tree Interconnect<*>,0.3105,17.18,41
174,Linkerror event interval expired,exact,Linkerror event interval expired,1.0,Link error,0.4569,Link error on broadcast tree Interconnect<*>,0.3105,17.0,41
175,Linkerror event interval expired,exact,Linkerror event interval expired,1.0,Link error,0.4569,Link error on broadcast tree Interconnect<*>,0.3105,16.97,41
176,Linkerror event interval expired,exact,Linkerror event interval expired,1.0,Link error,0.4569,Link error on broadcast tree Interconnect<*>,0.3105,17.14,41
177,Linkerror event interval expired,exact,Linkerror event interval expired,1.0,Link error,0.4569,Link error on broadcast tree Interconnect<*>,0.3105,17.07,41
178,Linkerror event interval expired,exact,Linkerror event interval expired,1.0,Link error,0.4569,Link error on broadcast tree Interconnect<*>,0.3105,16.87,41
179,Linkerror event interval expired,exact,Linkerror event interval expired,1.0,Link error,0.4569,Link error on broadcast tree Interconnect<*>,0.3105,16.82,41
180,Linkerror event interval expired,exact,Linkerror event interval expired,1.0,Link error,0.4569,Link error on broadcast tree Interconnect<*>,0.3105,16.92,41
181,Linkerror event interval expired,exact,Linkerror event interval expired,1.0,Link error,0.4569,Link error on broadcast tree Interconnect<*>,0.3105,16.9,41
182,Linkerror event interval expired,exact,Linkerror event interval expired,1.0,Link error,0.4569,Link error on broadcast tree Interconnect<*>,0.3105,16.78,41
183,Linkerror event interval expired,exact,Linkerror event interval expired,1.0,Link error,0.4569,Link error on broadcast tree Interconnect<*>,0.3105,16.76,41
184,Linkerror event interval expired,exact,Linkerror event interval expired,1.0,Link error,0.4569,Link error on broadcast tree Interconnect<*>,0.3105,16.77,41
185,Linkerror event interval expired,exact,Linkerror event interval expired,1.0,Link error,0.4569,Link error on broadcast tree Interconnect<*>,0.3105,16.95,41
186,Linkerror event interval expired,exact,Linkerror event interval expired,1.0,Link error,0.4569,Link error on broadcast tree Interconnect<*>,0.3105,17.04,41
187,Linkerror event interval expired,exact,Linkerror event interval expired,1.0,Link error,0.4569,Link error on broadcast tree Interconnect<*>,0.3105,16.98,41
188,Linkerror event interval expired,exact,Linkerror event interval expired,1.0,Link error,0.4569,Link error on broadcast tree Interconnect<*>,0.3105,16.83,41
189,Linkerror event interval expired,exact,Linkerror event interval expired,1.0,Link error,0.4569,Link error on broadcast tree Interconnect<*>,0.3105,16.75,41
190,Linkerror event interval expired,exact,Linkerror event interval expired,1.0,Link error,0.4569,Link error on broadcast tree Interconnect<*>,0.3105,16.69,41
191,Linkerror event interval expired,exact,Linkerror event interval expired,1.0,Link error,0.4569,Link error on broadcast tree Interconnect<*>,0.3105,17.0,41
192,Linkerror event interval expired,exact,Linkerror event interval expired,1.0,Link error,0.4569,Link error on broadcast tree Interconnect<*>,0.3105,16.98,41
193,Linkerror event interval expired,exact,Linkerror event interval expired,1.0,Link error,0.4569,Link error on broadcast tree Interconnect<*>,0.3105,16.81,41
194,Linkerror event interval expired,exact,Linkerror event interval expired,1.0,Link error,0.4569,Link error on broadcast tree Interconnect<*>,0.3105,16.86,41
195,Linkerror event interval expired,exact,Linkerror event interval expired,1.0,Link error,0.4569,Link error on broadcast tree Interconnect<*>,0.3105,16.93,41
196,Linkerror event interval expired,exact,Linkerror event interval expired,1.0,Link error,0.4569,Link error on broadcast tree Interconnect<*>,0.3105,16.95,41
197,Linkerror event interval expired,exact,Linkerror event interval expired,1.0,Link error,0.4569,Link error on broadcast tree Interconnect<*>,0.3105,16.97,41
198,Linkerror event interval expired,exact,Linkerror event interval expired,1.0,Link error,0.4569,Link error on broadcast tree Interconnect<*>,0.3105,16.93,41
199,Linkerror event interval expired,exact,Linkerror event interval expired,1.0,Link error,0.4569,Link error on broadcast tree Interconnect<*>,0.3105,16.75,41
200,Linkerror event interval expired,exact,Linkerror event interval expired,1.0,Link error,0.4569,Link error on broadcast tree Interconnect<*>,0.3105,16.92,41
201,Linkerror event interval expired,exact,Linkerror event interval expired,1.0,Link error,0.4569,Link error on broadcast tree Interconnect<*>,0.3105,16.82,41
202,Linkerror event interval expired,exact,Linkerror event interval expired,1.0,Link error,0.4569,Link error on broadcast tree Interconnect<*>,0.3105,18.27,41
203,Linkerror event interval expired,exact,Linkerror event interval expired,1.0,Link error,0.4569,Link error on broadcast tree Interconnect<*>,0.3105,18.48,41
204,Linkerror event interval expired,exact,Linkerror event interval expired,1.0,Link error,0.4569,Link error on broadcast tree Interconnect<*>,0.3105,17.62,41
205,Linkerror event interval expired,exact,Linkerror event interval expired,1.0,Link error,0.4569,Link error on broadcast tree Interconnect<*>,0.3105,16.94,41
206,Linkerror event interval expired,exact,Linkerror event interval expired,1.0,Link error,0.4569,Link error on broadcast tree Interconnect<*>,0.3105,16.96,41
207,Linkerror event interval expired,exact,Linkerror event interval expired,1.0,Link error,0.4569,Link error on broadcast tree Interconnect<*>,0.3105,16.81,41
208,Linkerror event interval expired,exact,Linkerror event interval expired,1.0,Link error,0.4569,Link error on broadcast tree Interconnect<*>,0.3105,16.87,41
209,Linkerror event interval expired,exact,Linkerror event interval expired,1.0,Link error,0.4569,Link error on broadcast tree Interconnect<*>,0.3105,17.24,41
210,Linkerror event interval expired,exact,Linkerror event interval expired,1.0,Link error,0.4569,Link error on broadcast tree Interconnect<*>,0.3105,16.82,41
211,Linkerror event interval expired,exact,Linkerror event interval expired,1.0,Link error,0.4569,Link error on broadcast tree Interconnect<*>,0.3105,16.96,41
212,Linkerror event interval expired,exact,Linkerror event interval expired,1.0,Link error,0.4569,Link error on broadcast tree Interconnect<*>,0.3105,16.84,41
213,Linkerror event interval expired,exact,Linkerror event interval expired,1.0,Link error,0.4569,Link error on broadcast tree Interconnect<*>,0.3105,16.85,41
214,Linkerror event interval expired,exact,Linkerror event interval expired,1.0,Link error,0.4569,Link error on broadcast tree Interconnect<*>,0.3105,16.76,41
215,Linkerror event interval expired,exact,Linkerror event interval expired,1.0,Link error,0.4569,Link error on broadcast tree Interconnect<*>,0.3105,16.85,41
216,Linkerror event interval expired,exact,Linkerror event interval expired,1.0,Link error,0.4569,Link error on broadcast tree Interconnect<*>,0.3105,16.92,41
217,Linkerror event interval expired,exact,Linkerror event interval expired,1.0,Link error,0.4569,Link error on broadcast tree Interconnect<*>,0.3105,30.05,41
218,Linkerror event interval expired,exact,Linkerror event interval expired,1.0,Link error,0.4569,Link error on broadcast tree Interconnect<*>,0.3105,33.05,41
219,Linkerror event interval expired,exact,Linkerror event interval expired,1.0,Link error,0.4569,Link error on broadcast tree Interconnect<*>,0.3105,17.34,41
220,Linkerror event interval expired,exact,Linkerror event interval expired,1.0,Link error,0.4569,Link error on broadcast tree Interconnect<*>,0.3105,16.86,41
221,Linkerror event interval expired,exact,Linkerror event interval expired,1.0,Link error,0.4569,Link error on broadcast tree Interconnect<*>,0.3105,16.87,41
222,Linkerror event interval expired,exact,Linkerror event interval expired,1.0,Link error,0.4569,Link error on broadcast tree Interconnect<*>,0.3105,16.89,41
223,Linkerror event interval expired,exact,Linkerror event interval expired,1.0,Link error,0.4569,Link error on broadcast tree Interconnect<*>,0.3105,16.7,41
224,Linkerror event interval expired,exact,Linkerror event interval expired,1.0,Link error,0.4569,Link error on broadcast tree Interconnect<*>,0.3105,16.91,41
225,Linkerror event interval expired,exact,Linkerror event interval expired,1.0,Link error,0.4569,Link error on broadcast tree Interconnect<*>,0.3105,16.93,41
226,Linkerror event interval expired,exact,Linkerror event interval expired,1.0,Link error,0.4569,Link error on broadcast tree Interconnect<*>,0.3105,17.05,41
227,Linkerror event interval expired,exact,Linkerror event interval expired,1.0,Link error,0.4569,Link error on broadcast tree Interconnect<*>,0.3105,16.8,41
228,Linkerror event interval expired,exact,Linkerror event interval expired,1.0,Link error,0.4569,Link error on broadcast tree Interconnect<*>,0.3105,17.01,41
229,Linkerror event interval expired,exact,Linkerror event interval expired,1.0,Link error,0.4569,Link error on broadcast tree Interconnect<*>,0.3105,17.21,41
230,Linkerror event interval expired,exact,Linkerror event interval expired,1.0,Link error,0.4569,Link error on broadcast tree Interconnect<*>,0.3105,16.96,41
231,Linkerror event interval expired,exact,Linkerror event interval expired,1.0,Link error,0.4569,Link error on broadcast tree Interconnect<*>,0.3105,16.85,41
232,Linkerror event interval expired,exact,Linkerror event interval expired,1.0,Link error,0.4569,Link error on broadcast tree Interconnect<*>,0.3105,16.99,41
233,Linkerror event interval expired,exact,Linkerror event interval expired,1.0,Link error,0.4569,Link error on broadcast tree Interconnect<*>,0.3105,16.84,41
234,Linkerror event interval expired,exact,Linkerror event interval expired,1.0,Link error,0.4569,Link error on broadcast tree Interconnect<*>,0.3105,16.86,41
235,Linkerror event interval expired,exact,Linkerror event interval expired,1.0,Link error,0.4569,Link error on broadcast tree Interconnect<*>,0.3105,16.89,41
236,Linkerror event interval expired,exact,Linkerror event interval expired,1.0,Link error,0.4569,Link error on broadcast tree Interconnect<*>,0.3105,17.23,41
237,Linkerror event interval expired,exact,Linkerror event interval expired,1.0,Link error,0.4569,Link error on broadcast tree Interconnect<*>,0.3105,17.08,41
238,Linkerror event interval expired,exact,Linkerror event interval expired,1.0,Link error,0.4569,Link error on broadcast tree Interconnect<*>,0.3105,16.83,41
239,Linkerror event interval expired,exact,Linkerror event interval expired,1.0,Link error,0.4569,Link error on broadcast tree Interconnect<*>,0.3105,16.79,41
240,Linkerror event interval expired,exact,Linkerror event interval expired,1.0,Link error,0.4569,Link error on broadcast tree Interconnect<*>,0.3105,16.91,41
241,Linkerror event interval expired,exact,Linkerror event interval expired,1.0,Link error,0.4569,Link error on broadcast tree Interconnect<*>,0.3105,17.01,41
242,Linkerror event interval expired,exact,Linkerror event interval expired,1.0,Link error,0.4569,Link error on broadcast tree Interconnect<*>,0.3105,16.92,41
243,Linkerror event interval expired,exact,Linkerror event interval expired,1.0,Link error,0.4569,Link error on broadcast tree Interconnect<*>,0.3105,17.18,41
244,Linkerror event interval expired,exact,Linkerror event interval expired,1.0,Link error,0.4569,Link error on broadcast tree Interconnect<*>,0.3105,16.73,41
245,Linkerror event interval expired,exact,Linkerror event interval expired,1.0,Link error,0.4569,Link error on broadcast tree Interconnect<*>,0.3105,16.94,41
246,Linkerror event interval expired,exact,Linkerror event interval expired,1.0,Link error,0.4569,Link error on broadcast tree Interconnect<*>,0.3105,16.96,41
247,Linkerror event interval expired,exact,Linkerror event interval expired,1.0,Link error,0.4569,Link error on broadcast tree Interconnect<*>,0.3105,16.93,41
248,Linkerror event interval expired,exact,Linkerror event interval expired,1.0,Link error,0.4569,Link error on broadcast tree Interconnect<*>,0.3105,16.81,41
249,Linkerror event interval expired,exact,Linkerror event interval expired,1.0,Link error,0.4569,Link error on broadcast tree Interconnect<*>,0.3105,16.77,41
250,Linkerror event interval expired,exact,Linkerror event interval expired,1.0,Link error,0.4569,Link error on broadcast tree Interconnect<*>,0.3105,16.88,41
251,Linkerror event interval expired,exact,Linkerror event interval expired,1.0,Link error,0.4569,Link error on broadcast tree Interconnect<*>,0.3105,17.03,41
252,Linkerror event interval expired,exact,Linkerror event interval expired,1.0,Link error,0.4569,Link error on broadcast tree Interconnect<*>,0.3105,16.68,41
253,Linkerror event interval expired,exact,Linkerror event interval expired,1.0,Link error,0.4569,Link error on broadcast tree Interconnect<*>,0.3105,16.77,41
254,Linkerror event interval expired,exact,Linkerror event interval expired,1.0,Link error,0.4569,Link error on broadcast tree Interconnect<*>,0.3105,16.85,41
255,Linkerror event interval expired,exact,Linkerror event interval expired,1.0,Link error,0.4569,Link error on broadcast tree Interconnect<*>,0.3105,16.88,41
256,Linkerror event interval expired,exact,Linkerror event interval expired,1.0,Link error,0.4569,Link error on broadcast tree Interconnect<*>,0.3105,16.77,41
257,Linkerror event interval expired,exact,Linkerror event interval expired,1.0,Link error,0.4569,Link error on broadcast tree Interconnect<*>,0.3105,16.87,41
258,Linkerror event interval expired,exact,Linkerror event interval expired,1.0,Link error,0.4569,Link error on broadcast tree Interconnect<*>,0.3105,16.8,41
259,Linkerror event interval expired,exact,Linkerror event interval expired,1.0,Link error,0.4569,Link error on broadcast tree Interconnect<*>,0.3105,16.83,41
260,Linkerror event interval expired,exact,Linkerror event interval expired,1.0,Link error,0.4569,Link error on broadcast tree Interconnect<*>,0.3105,17.07,41
261,Linkerror event interval expired,exact,Linkerror event interval expired,1.0,Link error,0.4569,Link error on broadcast tree Interconnect<*>,0.3105,17.02,41
262,Linkerror event interval expired,exact,Linkerror event interval expired,1.0,Link error,0.4569,Link error on broadcast tree Interconnect<*>,0.3105,17.07,41
263,Linkerror event interval expired,exact,Linkerror event interval expired,1.0,Link error,0.4569,Link error on broadcast tree Interconnect<*>,0.3105,17.1,41
264,Linkerror event interval expired,exact,Linkerror event interval expired,1.0,Link error,0.4569,Link error on broadcast tree Interconnect<*>,0.3105,16.9,41
265,Linkerror event interval expired,exact,Linkerror event interval expired,1.0,Link error,0.4569,Link error on broadcast tree Interconnect<*>,0.3105,16.98,41
266,Linkerror event interval expired,exact,Linkerror event interval expired,1.0,Link error,0.4569,Link error on broadcast tree Interconnect<*>,0.3105,17.06,41
267,Linkerror event interval expired,exact,Linkerror event interval expired,1.0,Link error,0.4569,Link error on broadcast tree Interconnect<*>,0.3105,17.0,41
268,Linkerror event interval expired,exact,Linkerror event interval expired,1.0,Link error,0.4569,Link error on broadcast tree Interconnect<*>,0.3105,16.86,41
269,Linkerror event interval expired,exact,Linkerror event interval expired,1.0,Link error,0.4569,Link error on broadcast tree Interconnect<*>,0.3105,16.91,41
270,Linkerror event interval expired,exact,Linkerror event interval expired,1.0,Link error,0.4569,Link error on broadcast tree Interconnect<*>,0.3105,17.73,41
271,Linkerror event interval expired,exact,Linkerror event interval expired,1.0,Link error,0.4569,Link error on broadcast tree Interconnect<*>,0.3105,17.5,41
272,Linkerror event interval expired,exact,Linkerror event interval expired,1.0,Link error,0.4569,Link error on broadcast tree Interconnect<*>,0.3105,17.1,41
273,Linkerror event interval expired,exact,Linkerror event interval expired,1.0,Link error,0.4569,Link error on broadcast tree Interconnect<*>,0.3105,16.93,41
274,Linkerror event interval expired,exact,Linkerror event interval expired,1.0,Link error,0.4569,Link error on broadcast tree Interconnect<*>,0.3105,16.92,41
275,Linkerror event interval expired,exact,Linkerror event interval expired,1.0,Link error,0.4569,Link error on broadcast tree Interconnect<*>,0.3105,16.77,41
276,Linkerror event interval expired,exact,Linkerror event interval expired,1.0,Link error,0.4569,Link error on broadcast tree Interconnect<*>,0.3105,16.9,41
277,Linkerror event interval expired,exact,Linkerror event interval expired,1.0,Link error,0.4569,Link error on broadcast tree Interconnect<*>,0.3105,16.87,41
278,Linkerror event interval expired,exact,Linkerror event interval expired,1.0,Link error,0.4569,Link error on broadcast tree Interconnect<*>,0.3105,17.27,41
279,Linkerror event interval expired,exact,Linkerror event interval expired,1.0,Link error,0.4569,Link error on broadcast tree Interconnect<*>,0.3105,17.1,41
280,Linkerror event interval expired,exact,Linkerror event interval expired,1.0,Link error,0.4569,Link error on broadcast tree Interconnect<*>,0.3105,16.9,41
281,Linkerror event interval expired,exact,Linkerror event interval expired,1.0,Link error,0.4569,Link error on broadcast tree Interconnect<*>,0.3105,16.87,41
282,Linkerror event interval expired,exact,Linkerror event interval expired,1.0,Link error,0.4569,Link error on broadcast tree Interconnect<*>,0.3105,16.88,41
283,Linkerror event interval expired,exact,Linkerror event interval expired,1.0,Link error,0.4569,Link error on broadcast tree Interconnect<*>,0.3105,16.88,41
284,Linkerror event interval expired,exact,Linkerror event interval expired,1.0,Link error,0.4569,Link error on broadcast tree Interconnect<*>,0.3105,17.17,41
285,Linkerror event interval expired,exact,Linkerror event interval expired,1.0,Link error,0.4569,Link error on broadcast tree Interconnect<*>,0.3105,17.01,41
286,Linkerror event interval expired,exact,Linkerror event interval expired,1.0,Link error,0.4569,Link error on broadcast tree Interconnect<*>,0.3105,16.99,41
287,Linkerror event interval expired,exact,Linkerror event interval expired,1.0,Link error,0.4569,Link error on broadcast tree Interconnect<*>,0.3105,16.82,41
288,Linkerror event interval expired,exact,Linkerror event interval expired,1.0,Link error,0.4569,Link error on broadcast tree Interconnect<*>,0.3105,16.86,41
289,Linkerror event interval expired,exact,Linkerror event interval expired,1.0,Link error,0.4569,Link error on broadcast tree Interconnect<*>,0.3105,17.03,41
290,Linkerror event interval expired,exact,Linkerror event interval expired,1.0,Link error,0.4569,Link error on broadcast tree Interconnect<*>,0.3105,16.74,41
291,Linkerror event interval expired,exact,Linkerror event interval expired,1.0,Link error,0.4569,Link error on broadcast tree Interconnect<*>,0.3105,16.79,41
292,Linkerror event interval expired,exact,Linkerror event interval expired,1.0,Link error,0.4569,Link error on broadcast tree Interconnect<*>,0.3105,16.82,41
293,Linkerror event interval expired,exact,Linkerror event interval expired,1.0,Link error,0.4569,Link error on broadcast tree Interconnect<*>,0.3105,17.09,41
294,Linkerror event interval expired,exact,Linkerror event interval expired,1.0,Link error,0.4569,Link error on broadcast tree Interconnect<*>,0.3105,17.24,41
295,Linkerror event interval expired,exact,Linkerror event interval expired,1.0,Link error,0.4569,Link error on broadcast tree Interconnect<*>,0.3105,17.16,41
296,Linkerror event interval expired,exact,Linkerror event interval expired,1.0,Link error,0.4569,Link error on broadcast tree Interconnect<*>,0.3105,16.8,41
297,Linkerror event interval expired,exact,Linkerror event interval expired,1.0,Link error,0.4569,Link error on broadcast tree Interconnect<*>,0.3105,16.83,41
298,Linkerror event interval expired,exact,Linkerror event interval expired,1.0,Link error,0.4569,Link error on broadcast tree Interconnect<*>,0.3105,16.79,41
299,Linkerror event interval expired,exact,Linkerror event interval expired,1.0,Link error,0.4569,Link error on broadcast tree Interconnect<*>,0.3105,17.11,41
300,Linkerror event interval expired,exact,Linkerror event interval expired,1.0,Link error,0.4569,Link error on broadcast tree Interconnect<*>,0.3105,16.91,41
301,Linkerror event interval expired,exact,Linkerror event interval expired,1.0,Link error,0.4569,Link error on broadcast tree Interconnect<*>,0.3105,16.96,41
302,Linkerror event interval expired,exact,Linkerror event interval expired,1.0,Link error,0.4569,Link error on broadcast tree Interconnect<*>,0.3105,18.21,41
303,Linkerror event interval expired,exact,Linkerror event interval expired,1.0,Link error,0.4569,Link error on broadcast tree Interconnect<*>,0.3105,19.93,41
304,Linkerror event interval expired,exact,Linkerror event interval expired,1.0,Link error,0.4569,Link error on broadcast tree Interconnect<*>,0.3105,18.67,41
305,Linkerror event interval expired,exact,Linkerror event interval expired,1.0,Link error,0.4569,Link error on broadcast tree Interconnect<*>,0.3105,17.65,41
306,Linkerror event interval expired,exact,Linkerror event interval expired,1.0,Link error,0.4569,Link error on broadcast tree Interconnect<*>,0.3105,17.07,41
307,Linkerror event interval expired,exact,Linkerror event interval expired,1.0,Link error,0.4569,Link error on broadcast tree Interconnect<*>,0.3105,16.95,41
308,Linkerror event interval expired,exact,Linkerror event interval expired,1.0,Link error,0.4569,Link error on broadcast tree Interconnect<*>,0.3105,17.09,41
309,Linkerror event interval expired,exact,Linkerror event interval expired,1.0,Link error,0.4569,Link error on broadcast tree Interconnect<*>,0.3105,16.93,41
310,Linkerror event interval expired,exact,Linkerror event interval expired,1.0,Link error,0.4569,Link error on broadcast tree Interconnect<*>,0.3105,17.08,41
311,Linkerror event interval expired,exact,Linkerror event interval expired,1.0,Link error,0.4569,Link error on broadcast tree Interconnect<*>,0.3105,17.45,41
312,Linkerror event interval expired,exact,Linkerror event interval expired,1.0,Link error,0.4569,Link error on broadcast tree Interconnect<*>,0.3105,17.37,41
313,Linkerror event interval expired,exact,Linkerror event interval expired,1.0,Link error,0.4569,Link error on broadcast tree Interconnect<*>,0.3105,17.16,41
314,Linkerror event interval expired,exact,Linkerror event interval expired,1.0,Link error,0.4569,Link error on broadcast tree Interconnect<*>,0.3105,17.02,41
315,Linkerror event interval expired,exact,Linkerror event interval expired,1.0,Link error,0.4569,Link error on broadcast tree Interconnect<*>,0.3105,16.91,41
316,Linkerror event interval expired,exact,Linkerror event interval expired,1.0,Link error,0.4569,Link error on broadcast tree Interconnect<*>,0.3105,17.2,41
317,Linkerror event interval expired,exact,Linkerror event interval expired,1.0,Link error,0.4569,Link error on broadcast tree Interconnect<*>,0.3105,17.01,41
318,Linkerror event interval expired,exact,Linkerror event interval expired,1.0,Link error,0.4569,Link error on broadcast tree Interconnect<*>,0.3105,16.88,41
319,Linkerror event interval expired,exact,Linkerror event interval expired,1.0,Link error,0.4569,Link error on broadcast tree Interconnect<*>,0.3105,16.76,41
320,Linkerror event interval expired,exact,Linkerror event interval expired,1.0,Link error,0.4569,Link error on broadcast tree Interconnect<*>,0.3105,17.27,41
321,Linkerror event interval expired,exact,Linkerror event interval expired,1.0,Link error,0.4569,Link error on broadcast tree Interconnect<*>,0.3105,17.05,41
322,Linkerror event interval expired,exact,Linkerror event interval expired,1.0,Link error,0.4569,Link error on broadcast tree Interconnect<*>,0.3105,17.01,41
323,Linkerror event interval expired,exact,Linkerror event interval expired,1.0,Link error,0.4569,Link error on broadcast tree Interconnect<*>,0.3105,16.82,41
324,Linkerror event interval expired,exact,Linkerror event interval expired,1.0,Link error,0.4569,Link error on broadcast tree Interconnect<*>,0.3105,16.85,41
325,Linkerror event interval expired,exact,Linkerror event interval expired,1.0,Link error,0.4569,Link error on broadcast tree Interconnect<*>,0.3105,16.9,41
326,Linkerror event interval expired,exact,Linkerror event interval expired,1.0,Link error,0.4569,Link error on broadcast tree Interconnect<*>,0.3105,16.95,41
327,Linkerror event interval expired,exact,Linkerror event interval expired,1.0,Link error,0.4569,Link error on broadcast tree Interconnect<*>,0.3105,16.83,41
328,Linkerror event interval expired,exact,Linkerror event interval expired,1.0,Link error,0.4569,Link error on broadcast tree Interconnect<*>,0.3105,17.12,41
329,Linkerror event interval expired,exact,Linkerror event interval expired,1.0,Link error,0.4569,Link error on broadcast tree Interconnect<*>,0.3105,16.93,41
330,Linkerror event interval expired,exact,Linkerror event interval expired,1.0,Link error,0.4569,Link error on broadcast tree Interconnect<*>,0.3105,17.1,41
331,Linkerror event interval expired,exact,Linkerror event interval expired,1.0,Link error,0.4569,Link error on broadcast tree Interconnect<*>,0.3105,17.09,41
332,Linkerror event interval expired,exact,Linkerror event interval expired,1.0,Link error,0.4569,Link error on broadcast tree Interconnect<*>,0.3105,17.41,41
333,Linkerror event interval expired,exact,Linkerror event interval expired,1.0,Link error,0.4569,Link error on broadcast tree Interconnect<*>,0.3105,17.02,41
334,Linkerror event interval expired,exact,Linkerror event interval expired,1.0,Link error,0.4569,Link error on broadcast tree Interconnect<*>,0.3105,16.93,41
335,Linkerror event interval expired,exact,Linkerror event interval expired,1.0,Link error,0.4569,Link error on broadcast tree Interconnect<*>,0.3105,16.95,41
336,Linkerror event interval expired,exact,Linkerror event interval expired,1.0,Link error,0.4569,Link error on broadcast tree Interconnect<*>,0.3105,17.04,41
337,Linkerror event interval expired,exact,Linkerror event interval expired,1.0,Link error,0.4569,Link error on broadcast tree Interconnect<*>,0.3105,17.07,41
338,Linkerror event interval expired,exact,Linkerror event interval expired,1.0,Link error,0.4569,Link error on broadcast tree Interconnect<*>,0.3105,16.92,41
339,Linkerror event interval expired,exact,Linkerror event interval expired,1.0,Link error,0.4569,Link error on broadcast tree Interconnect<*>,0.3105,16.96,41
340,Linkerror event interval expired,exact,Linkerror event interval expired,1.0,Link error,0.4569,Link error on broadcast tree Interconnect<*>,0.3105,17.39,41
341,Linkerror event interval expired,exact,Linkerror event interval expired,1.0,Link error,0.4569,Link error on broadcast tree Interconnect<*>,0.3105,17.17,41
342,Linkerror event interval expired,exact,Linkerror event interval expired,1.0,Link error,0.4569,Link error on broadcast tree Interconnect<*>,0.3105,16.89,41
343,Linkerror event interval expired,exact,Linkerror event interval expired,1.0,Link error,0.4569,Link error on broadcast tree Interconnect<*>,0.3105,20.3,41
344,Linkerror event interval expired,exact,Linkerror event interval expired,1.0,Link error,0.4569,Link error on broadcast tree Interconnect<*>,0.3105,16.89,41
345,Linkerror event interval expired,exact,Linkerror event interval expired,1.0,Link error,0.4569,Link error on broadcast tree Interconnect<*>,0.3105,16.3,41
346,Linkerror event interval expired,exact,Linkerror event interval expired,1.0,Link error,0.4569,Link error on broadcast tree Interconnect<*>,0.3105,16.2,41
347,Linkerror event interval expired,exact,Linkerror event interval expired,1.0,Link error,0.4569,Link error on broadcast tree Interconnect<*>,0.3105,16.09,41
348,Linkerror event interval expired,exact,Linkerror event interval expired,1.0,Link error,0.4569,Link error on broadcast tree Interconnect<*>,0.3105,16.41,41
349,Linkerror event interval expired,exact,Linkerror event interval expired,1.0,Link error,0.4569,Link error on broadcast tree Interconnect<*>,0.3105,16.36,41
350,Linkerror event interval expired,exact,Linkerror event interval expired,1.0,Link error,0.4569,Link error on broadcast tree Interconnect<*>,0.3105,16.2,41
351,Linkerror event interval expired,exact,Linkerror event interval expired,1.0,Link error,0.4569,Link error on broadcast tree Interconnect<*>,0.3105,16.34,41
352,Linkerror event interval expired,exact,Linkerror event interval expired,1.0,Link error,0.4569,Link error on broadcast tree Interconnect<*>,0.3105,16.27,41
353,Linkerror event interval expired,exact,Linkerror event interval expired,1.0,Link error,0.4569,Link error on broadcast tree Interconnect<*>,0.3105,16.3,41
354,Linkerror event interval expired,exact,Linkerror event interval expired,1.0,Link error,0.4569,Link error on broadcast tree Interconnect<*>,0.3105,16.17,41
355,Linkerror event interval expired,exact,Linkerror event interval expired,1.0,Link error,0.4569,Link error on broadcast tree Interconnect<*>,0.3105,16.46,41
356,Linkerror event interval expired,exact,Linkerror event interval expired,1.0,Link error,0.4569,Link error on broadcast tree Interconnect<*>,0.3105,16.3,41
357,Linkerror event interval expired,exact,Linkerror event interval expired,1.0,Link error,0.4569,Link error on broadcast tree Interconnect<*>,0.3105,16.41,41
358,Linkerror event interval expired,exact,Linkerror event interval expired,1.0,Link error,0.4569,Link error on broadcast tree Interconnect<*>,0.3105,16.27,41
359,Linkerror event interval expired,exact,Linkerror event interval expired,1.0,Link error,0.4569,Link error on broadcast tree Interconnect<*>,0.3105,16.17,41
360,Linkerror event interval expired,exact,Linkerror event interval expired,1.0,Link error,0.4569,Link error on broadcast tree Interconnect<*>,0.3105,16.16,41
361,Linkerror event interval expired,exact,Linkerror event interval expired,1.0,Link error,0.4569,Link error on broadcast tree Interconnect<*>,0.3105,18.6,41
362,Linkerror event interval expired,exact,Linkerror event interval expired,1.0,Link error,0.4569,Link error on broadcast tree Interconnect<*>,0.3105,16.74,41
363,Linkerror event interval expired,exact,Linkerror event interval expired,1.0,Link error,0.4569,Link error on broadcast tree Interconnect<*>,0.3105,16.53,41
364,Linkerror event interval expired,exact,Linkerror event interval expired,1.0,Link error,0.4569,Link error on broadcast tree Interconnect<*>,0.3105,16.23,41
365,Linkerror event interval expired,exact,Linkerror event interval expired,1.0,Link error,0.4569,Link error on broadcast tree Interconnect<*>,0.3105,16.24,41
366,Linkerror event interval expired,exact,Linkerror event interval expired,1.0,Link error,0.4569,Link error on broadcast tree Interconnect<*>,0.3105,16.27,41
367,Linkerror event interval expired,exact,Linkerror event interval expired,1.0,Link error,0.4569,Link error on broadcast tree Interconnect<*>,0.3105,16.66,41
368,Linkerror event interval expired,exact,Linkerror event interval expired,1.0,Link error,0.4569,Link error on broadcast tree Interconnect<*>,0.3105,16.61,41
369,Linkerror event interval expired,exact,Linkerror event interval expired,1.0,Link error,0.4569,Link error on broadcast tree Interconnect<*>,0.3105,16.33,41
370,Linkerror event interval expired,exact,Linkerror event interval expired,1.0,Link error,0.4569,Link error on broadcast tree Interconnect<*>,0.3105,16.19,41
371,Linkerror event interval expired,exact,Linkerror event interval expired,1.0,Link error,0.4569,Link error on broadcast tree Interconnect<*>,0.3105,16.36,41
372,Linkerror event interval expired,exact,Linkerror event interval expired,1.0,Link error,0.4569,Link error on broadcast tree Interconnect<*>,0.3105,16.22,41
373,Linkerror event interval expired,exact,Linkerror event interval expired,1.0,Link error,0.4569,Link error on broadcast tree Interconnect<*>,0.3105,16.41,41
374,Linkerror event interval expired,exact,Linkerror event interval expired,1.0,Link error,0.4569,Link error on broadcast tree Interconnect<*>,0.3105,16.25,41
375,Linkerror event interval expired,exact,Linkerror event interval expired,1.0,Link error,0.4569,Link error on broadcast tree Interconnect<*>,0.3105,16.19,41
376,Linkerror event interval expired,exact,Linkerror event interval expired,1.0,Link error,0.4569,Link error on broadcast tree Interconnect<*>,0.3105,16.75,41
377,Linkerror event interval expired,exact,Linkerror event interval expired,1.0,Link error,0.4569,Link error on broadcast tree Interconnect<*>,0.3105,16.32,41
378,Linkerror event interval expired,exact,Linkerror event interval expired,1.0,Link error,0.4569,Link error on broadcast tree Interconnect<*>,0.3105,16.35,41
379,Linkerror event interval expired,exact,Linkerror event interval expired,1.0,Link error,0.4569,Link error on broadcast tree Interconnect<*>,0.3105,16.2,41
380,Linkerror event interval expired,exact,Linkerror event interval expired,1.0,Link error,0.4569,Link error on broadcast tree Interconnect<*>,0.3105,16.17,41
381,Linkerror event interval expired,exact,Linkerror event interval expired,1.0,Link error,0.4569,Link error on broadcast tree Interconnect<*>,0.3105,16.27,41
382,Linkerror event interval expired,exact,Linkerror event interval expired,1.0,Link error,0.4569,Link error on broadcast tree Interconnect<*>,0.3105,16.4,41
383,Linkerror event interval expired,exact,Linkerror event interval expired,1.0,Link error,0.4569,Link error on broadcast tree Interconnect<*>,0.3105,16.36,41
384,Linkerror event interval expired,exact,Linkerror event interval expired,1.0,Link error,0.4569,Link error on broadcast tree Interconnect<*>,0.3105,16.25,41
385,Linkerror event interval expired,exact,Linkerror event interval expired,1.0,Link error,0.4569,Link error on broadcast tree Interconnect<*>,0.3105,16.38,41
386,Linkerror event interval expired,exact,Linkerror event interval expired,1.0,Link error,0.4569,Link error on broadcast tree Interconnect<*>,0.3105,16.31,41
387,Linkerror event interval expired,exact,Linkerror event interval expired,1.0,Link error,0.4569,Link error on broadcast tree Interconnect<*>,0.3105,16.25,41
388,Linkerror event interval expired,exact,Linkerror event interval expired,1.0,Link error,0.4569,Link error on broadcast tree Interconnect<*>,0.3105,16.26,41
389,Linkerror event interval expired,exact,Linkerror event interval expired,1.0,Link error,0.4569,Link error on broadcast tree Interconnect<*>,0.3105,16.19,41
390,Linkerror event interval expired,exact,Linkerror event interval expired,1.0,Link error,0.4569,Link error on broadcast tree Interconnect<*>,0.3105,16.67,41
391,Linkerror event interval expired,exact,Linkerror event interval expired,1.0,Link error,0.4569,Link error on broadcast tree Interconnect<*>,0.3105,16.44,41
392,Linkerror event interval expired,exact,Linkerror event interval expired,1.0,Link error,0.4569,Link error on broadcast tree Interconnect<*>,0.3105,16.36,41
393,Linkerror event interval expired,exact,Linkerror event interval expired,1.0,Link error,0.4569,Link error on broadcast tree Interconnect<*>,0.3105,16.22,41
394,Linkerror event interval expired,exact,Linkerror event interval expired,1.0,Link error,0.4569,Link error on broadcast tree Interconnect<*>,0.3105,16.39,41
395,Linkerror event interval expired,exact,Linkerror event interval expired,1.0,Link error,0.4569,Link error on broadcast tree Interconnect<*>,0.3105,16.1,41
396,Linkerror event interval expired,exact,Linkerror event interval expired,1.0,Link error,0.4569,Link error on broadcast tree Interconnect<*>,0.3105,16.19,41
397,Linkerror event interval expired,exact,Linkerror event interval expired,1.0,Link error,0.4569,Link error on broadcast tree Interconnect<*>,0.3105,16.27,41
398,Linkerror event interval expired,exact,Linkerror event interval expired,1.0,Link error,0.4569,Link error on broadcast tree Interconnect<*>,0.3105,16.31,41
399,Linkerror event interval expired,exact,Linkerror event interval expired,1.0,Link error,0.4569,Link error on broadcast tree Interconnect<*>,0.3105,16.55,41
400,Linkerror event interval expired,exact,Linkerror event interval expired,1.0,Link error,0.4569,Link error on broadcast tree Interconnect<*>,0.3105,16.18,41
401,Linkerror event interval expired,exact,Linkerror event interval expired,1.0,Link error,0.4569,Link error on broadcast tree Interconnect<*>,0.3105,16.4,41
402,Linkerror event interval expired,exact,Linkerror event interval expired,1.0,Link error,0.4569,Link error on broadcast tree Interconnect<*>,0.3105,17.28,41
403,Linkerror event interval expired,exact,Linkerror event interval expired,1.0,Link error,0.4569,Link error on broadcast tree Interconnect<*>,0.3105,18.7,41
404,Linkerror event interval expired,exact,Linkerror event interval expired,1.0,Link error,0.4569,Link error on broadcast tree Interconnect<*>,0.3105,17.31,41
405,Linkerror event interval expired,exact,Linkerror event interval expired,1.0,Link error,0.4569,Link error on broadcast tree Interconnect<*>,0.3105,16.71,41
406,Linkerror event interval expired,exact,Linkerror event interval expired,1.0,Link error,0.4569,Link error on broadcast tree Interconnect<*>,0.3105,16.28,41
407,Linkerror event interval expired,exact,Linkerror event interval expired,1.0,Link error,0.4569,Link error on broadcast tree Interconnect<*>,0.3105,16.2,41
408,Linkerror event interval expired,exact,Linkerror event interval expired,1.0,Link error,0.4569,Link error on broadcast tree Interconnect<*>,0.3105,16.47,41
409,Linkerror event interval expired,exact,Linkerror event interval expired,1.0,Link error,0.4569,Link error on broadcast tree Interconnect<*>,0.3105,16.23,41
410,Linkerror event interval expired,exact,Linkerror event interval expired,1.0,Link error,0.4569,Link error on broadcast tree Interconnect<*>,0.3105,16.3,41
411,Linkerror event interval expired,exact,Linkerror event interval expired,1.0,Link error,0.4569,Link error on broadcast tree Interconnect<*>,0.3105,16.15,41
412,Linkerror event interval expired,exact,Linkerror event interval expired,1.0,Link error,0.4569,Link error on broadcast tree Interconnect<*>,0.3105,16.67,41
413,Linkerror event interval expired,exact,Linkerror event interval expired,1.0,Link error,0.4569,Link error on broadcast tree Interconnect<*>,0.3105,16.34,41
414,Linkerror event interval expired,exact,Linkerror event interval expired,1.0,Link error,0.4569,Link error on broadcast tree Interconnect<*>,0.3105,16.78,41
415,Linkerror event interval expired,exact,Linkerror event interval expired,1.0,Link error,0.4569,Link error on broadcast tree Interconnect<*>,0.3105,16.52,41
416,Linkerror event interval expired,exact,Linkerror event interval expired,1.0,Link error,0.4569,Link error on broadcast tree Interconnect<*>,0.3105,16.28,41
417,Linkerror event interval expired,exact,Linkerror event interval expired,1.0,Link error,0.4569,Link error on broadcast tree Interconnect<*>,0.3105,16.28,41
418,Linkerror event interval expired,exact,Linkerror event interval expired,1.0,Link error,0.4569,Link error on broadcast tree Interconnect<*>,0.3105,16.24,41
419,Linkerror event interval expired,exact,Linkerror event interval expired,1.0,Link error,0.4569,Link error on broadcast tree Interconnect<*>,0.3105,16.26,41
420,Linkerror event interval expired,exact,Linkerror event interval expired,1.0,Link error,0.4569,Link error on broadcast tree Interconnect<*>,0.3105,16.17,41
421,Linkerror event interval expired,exact,Linkerror event interval expired,1.0,Link error,0.4569,Link error on broadcast tree Interconnect<*>,0.3105,16.16,41
422,Linkerror event interval expired,exact,Linkerror event interval expired,1.0,Link error,0.4569,Link error on broadcast tree Interconnect<*>,0.3105,16.48,41
423,Linkerror event interval expired,exact,Linkerror event interval expired,1.0,Link error,0.4569,Link error on broadcast tree Interconnect<*>,0.3105,16.54,41
424,Linkerror event interval expired,exact,Linkerror event interval expired,1.0,Link error,0.4569,Link error on broadcast tree Interconnect<*>,0.3105,16.51,41
425,Linkerror event interval expired,exact,Linkerror event interval expired,1.0,Link error,0.4569,Link error on broadcast tree Interconnect<*>,0.3105,16.2,41
426,Linkerror event interval expired,exact,Linkerror event interval expired,1.0,Link error,0.4569,Link error on broadcast tree Interconnect<*>,0.3105,16.19,41
427,Linkerror event interval expired,exact,Linkerror event interval expired,1.0,Link error,0.4569,Link error on broadcast tree Interconnect<*>,0.3105,16.2,41
428,Linkerror event interval expired,exact,Linkerror event interval expired,1.0,Link error,0.4569,Link error on broadcast tree Interconnect<*>,0.3105,16.2,41
429,Linkerror event interval expired,exact,Linkerror event interval expired,1.0,Link error,0.4569,Link error on broadcast tree Interconnect<*>,0.3105,16.27,41
430,Linkerror event interval expired,exact,Linkerror event interval expired,1.0,Link error,0.4569,Link error on broadcast tree Interconnect<*>,0.3105,16.3,41
431,Linkerror event interval expired,exact,Linkerror event interval expired,1.0,Link error,0.4569,Link error on broadcast tree Interconnect<*>,0.3105,16.51,41
432,Linkerror event interval expired,exact,Linkerror event interval expired,1.0,Link error,0.4569,Link error on broadcast tree Interconnect<*>,0.3105,16.85,41
433,Linkerror event interval expired,exact,Linkerror event interval expired,1.0,Link error,0.4569,Link error on broadcast tree Interconnect<*>,0.3105,16.68,41
434,Linkerror event interval expired,exact,Linkerror event interval expired,1.0,Link error,0.4569,Link error on broadcast tree Interconnect<*>,0.3105,17.08,41
435,Linkerror event interval expired,exact,Linkerror event interval expired,1.0,Link error,0.4569,Link error on broadcast tree Interconnect<*>,0.3105,16.51,41
436,Linkerror event interval expired,exact,Linkerror event interval expired,1.0,Link error,0.4569,Link error on broadcast tree Interconnect<*>,0.3105,16.87,41
437,Linkerror event interval expired,exact,Linkerror event interval expired,1.0,Link error,0.4569,Link error on broadcast tree Interconnect<*>,0.3105,17.3,41
438,Linkerror event interval expired,exact,Linkerror event interval expired,1.0,Link error,0.4569,Link error on broadcast tree Interconnect<*>,0.3105,16.81,41
439,Linkerror event interval expired,exact,Linkerror event interval expired,1.0,Link error,0.4569,Link error on broadcast tree Interconnect<*>,0.3105,16.82,41
440,Linkerror event interval expired,exact,Linkerror event interval expired,1.0,Link error,0.4569,Link error on broadcast tree Interconnect<*>,0.3105,17.13,41
441,Failed subcommands 3406,new,Failed subcommands <*>,1.0,,0.0,,0.0,16.96,42
442,Linkerror event interval expired,exact,Linkerror event interval expired,1.0,Link error,0.4569,Link error on broadcast tree Interconnect<*>,0.3105,16.75,42
443,Linkerror event interval expired,exact,Linkerror event interval expired,1.0,Link error,0.4569,Link error on broadcast tree Interconnect<*>,0.3105,17.63,42
444,Linkerror event interval expired,exact,Linkerror event interval expired,1.0,Link error,0.4569,Link error on broadcast tree Interconnect<*>,0.3105,18.3,42
445,Linkerror event interval expired,exact,Linkerror event interval expired,1.0,Link error,0.4569,Link error on broadcast tree Interconnect<*>,0.3105,17.42,42
446,Linkerror event interval expired,exact,Linkerror event interval expired,1.0,Link error,0.4569,Link error on broadcast tree Interconnect<*>,0.3105,16.8,42
447,Linkerror event interval expired,exact,Linkerror event interval expired,1.0,Link error,0.4569,Link error on broadcast tree Interconnect<*>,0.3105,17.45,42
448,Linkerror event interval expired,exact,Linkerror event interval expired,1.0,Link error,0.4569,Link error on broadcast tree Interconnect<*>,0.3105,17.91,42
449,Linkerror event interval expired,exact,Linkerror event interval expired,1.0,Link error,0.4569,Link error on broadcast tree Interconnect<*>,0.3105,17.26,42
450,Linkerror event interval expired,exact,Linkerror event interval expired,1.0,Link error,0.4569,Link error on broadcast tree Interconnect<*>,0.3105,17.35,42
451,Linkerror event interval expired,exact,Linkerror event interval expired,1.0,Link error,0.4569,Link error on broadcast tree Interconnect<*>,0.3105,17.82,42
452,Linkerror event interval expired,exact,Linkerror event interval expired,1.0,Link error,0.4569,Link error on broadcast tree Interconnect<*>,0.3105,17.11,42
453,Linkerror event interval expired,exact,Linkerror event interval expired,1.0,Link error,0.4569,Link error on broadcast tree Interconnect<*>,0.3105,16.99,42
454,link errors remain current,fuzzy,Link error,0.7379,Linkerror event interval expired,0.5227,Link in reset,0.4671,16.86,42
455,link errors remain current,partial,Link error,0.8015,Linkerror event interval expired,0.5227,Link in reset,0.4671,17.09,42
456,link errors remain current,partial,Link error,0.8448,Linkerror event interval expired,0.5227,Link in reset,0.4671,17.09,42
457,link errors remain current,partial,Link error,0.8756,Linkerror event interval expired,0.5227,Link in reset,0.4671,17.33,42
458,link errors remain current,partial,Link error,0.8982,Linkerror event interval expired,0.5227,Link in reset,0.4671,17.03,42
459,link errors remain current,partial,Link error,0.9151,Linkerror event interval expired,0.5227,Link in reset,0.4671,16.98,42
460,link errors remain current,partial,Link error,0.9283,Linkerror event interval expired,0.5227,Link in reset,0.4671,16.85,42
461,link errors remain current,partial,Link error,0.9386,Linkerror event interval expired,0.5227,Link in reset,0.4671,17.23,42
462,link errors remain current,partial,Link error,0.9468,Linkerror event interval expired,0.5227,Link in reset,0.4671,17.15,42
463,link errors remain current,partial,Link error,0.9535,Linkerror event interval expired,0.5227,Link in reset,0.4671,17.03,42
464,link errors remain current,partial,Link error,0.959,Linkerror event interval expired,0.5227,Link in reset,0.4671,16.97,42
465,link errors remain current,partial,Link error,0.9636,Linkerror event interval expired,0.5227,Link in reset,0.4671,17.02,42
466,link errors remain current,partial,Link error,0.9675,Linkerror event interval expired,0.5227,Link in reset,0.4671,16.95,42
467,link errors remain current,partial,Link error,0.9708,Linkerror event interval expired,0.5227,Link in reset,0.4671,16.91,42
468,link errors remain current,partial,Link error,0.9736,Linkerror event interval expired,0.5227,Link in reset,0.4671,17.23,42
469,link errors remain current,partial,Link error,0.976,Linkerror event interval expired,0.5227,Link in reset,0.4671,17.11,42
470,link errors remain current,partial,Link error,0.9781,Linkerror event interval expired,0.5227,Link in reset,0.4671,16.97,42
471,link errors remain current,partial,Link error,0.98,Linkerror event interval expired,0.5227,Link in reset,0.4671,17.09,42
472,link errors remain current,partial,Link error,0.9816,Linkerror event interval expired,0.5227,Link in reset,0.4671,16.97,42
473,link errors remain current,partial,Link error,0.983,Linkerror event interval expired,0.5227,Link in reset,0.4671,16.9,42
474,link errors remain current,partial,Link error,0.9843,Linkerror event interval expired,0.5227,Link in reset,0.4671,16.98,42
475,link errors remain current,partial,Link error,0.9854,Linkerror event interval expired,0.5227,Link in reset,0.4671,17.17,42
476,link errors remain current,partial,Link error,0.9864,Linkerror event interval expired,0.5227,Link in reset,0.4671,17.0,42
477,link errors remain current,partial,Link error,0.9874,Linkerror event interval expired,0.5227,Link in reset,0.4671,16.96,42
478,link errors remain current,partial,Link error,0.9882,Linkerror event interval expired,0.5227,Link in reset,0.4671,16.85,42
479,link errors remain current,partial,Link error,0.9889,Linkerror event interval expired,0.5227,Link in reset,0.4671,16.94,42
480,link errors remain current,partial,Link error,0.9896,Linkerror event interval expired,0.5227,Link in reset,0.4671,17.07,42
481,link errors remain current,exact,Link error,0.9902,Linkerror event interval expired,0.5227,Link in reset,0.4671,17.02,42
482,link errors remain current,exact,Link error,0.9908,Linkerror event interval expired,0.5227,Link in reset,0.4671,17.42,42
483,link errors remain current,exact,Link error,0.9913,Linkerror event interval expired,0.5227,Link in reset,0.4671,17.7,42
484,link errors remain current,exact,Link error,0.9918,Linkerror event interval expired,0.5227,Link in reset,0.4671,17.18,42
485,link errors remain current,exact,Link error,0.9922,Linkerror event interval expired,0.5227,Link in reset,0.4671,17.17,42
486,link errors remain current,exact,Link error,0.9926,Linkerror event interval expired,0.5227,Link in reset,0.4671,17.11,42
487,link errors remain current,exact,Link error,0.993,Linkerror event interval expired,0.5227,Link in reset,0.4671,17.11,42
488,link errors remain current,exact,Link error,0.9933,Linkerror event interval expired,0.5227,Link in reset,0.4671,17.02,42
489,link errors remain current,exact,Link error,0.9937,Linkerror event interval expired,0.5227,Link in reset,0.4671,16.96,42
490,link errors remain current,exact,Link error,0.994,Linkerror event interval expired,0.5227,Link in reset,0.4671,16.86,42
491,link errors remain current,exact,Link error,0.9942,Linkerror event interval expired,0.5227,Link in reset,0.4671,17.09,42
492,link errors remain current,exact,Link error,0.9945,Linkerror event interval expired,0.5227,Link in reset,0.4671,17.03,42
493,link errors remain current,exact,Link error,0.9947,Linkerror event interval expired,0.5227,Link in reset,0.4671,16.99,42
494,link errors remain current,exact,Link error,0.995,Linkerror event interval expired,0.5227,Link in reset,0.4671,17.03,42
495,link errors remain current,exact,Link error,0.9952,Linkerror event interval expired,0.5227,Link in reset,0.4671,17.11,42
496,link errors remain current,exact,Link error,0.9954,Linkerror event interval expired,0.5227,Link in reset,0.4671,16.94,42
497,link errors remain current,exact,Link error,0.9956,Linkerror event interval expired,0.5227,Link in reset,0.4671,17.23,42
498,link errors remain current,exact,Link error,0.9957,Linkerror event interval expired,0.5227,Link in reset,0.4671,17.03,42
499,link errors remain current,exact,Link error,0.9959,Linkerror event interval expired,0.5227,Link in reset,0.4671,16.9,42
500,link errors remain current,exact,Link error,0.9961,Linkerror event interval expired,0.5227,Link in reset,0.4671,17.08,42
501,link errors remain current,exact,Link error,0.9962,Linkerror event interval expired,0.5227,Link in reset,0.4671,17.24,42
502,link errors remain current,exact,Link error,0.9963,Linkerror event interval expired,0.5227,Link in reset,0.4671,18.06,42
503,link errors remain current,exact,Link error,0.9965,Linkerror event interval expired,0.5227,Link in reset,0.4671,18.95,42
504,link errors remain current,exact,Link error,0.9966,Linkerror event interval expired,0.5227,Link in reset,0.4671,21.32,42
505,link errors remain current,exact,Link error,0.9967,Linkerror event interval expired,0.5227,Link in reset,0.4671,23.09,42
506,link errors remain current,exact,Link error,0.9968,Linkerror event interval expired,0.5227,Link in reset,0.4671,22.63,42
507,link errors remain current,exact,Link error,0.9969,Linkerror event interval expired,0.5227,Link in reset,0.4671,22.44,42
508,link errors remain current,exact,Link error,0.997,Linkerror event interval expired,0.5227,Link in reset,0.4671,25.68,42
509,link errors remain current,exact,Link error,0.9971,Linkerror event interval expired,0.5227,Link in reset,0.4671,24.63,42
510,NIFF: node node-129 has detected an available network connection on network 10.128.0.0 via interface ee0,fuzzy,NIFF: node node<*> detected a failed network connection on network <*> via interface alt0,0.7417,inconsistent nodesets node<*> <*> node<*> <*> node<*> <*> node<*> <*> node<*> <*> node-5 <*> node-3 <*> node-14 <*> node-13 <*> node-12 <*> node-10 <*> node-16 <*> node-15 <*>,0.4104,ClusterFileSystem: ServerFileSystem domain <*> is no longer served by node node<*>,0.408,23.6,42
511,NIFF: node node-148 has detected an available network connection on network 5.5.226.0 via interface alt0,partial,NIFF: node node<*> detected a failed network connection on network <*> via interface alt0,0.8965,Link error on broadcast tree Interconnect<*>,0.4205,inconsistent nodesets node<*> <*> node<*> <*> node<*> <*> node<*> <*> node<*> <*> node-5 <*> node-3 <*> node-14 <*> node-13 <*> node-12 <*> node-10 <*> node-16 <*> node-15 <*>,0.4018,24.04,42
512,NIFF: node node-24 has detected an available network connection on network 10.128.0.0 via interface ee0,partial,NIFF: node node<*> detected a failed network connection on network <*> via interface alt0,0.8288,ClusterFileSystem: ServerFileSystem domain <*> is no longer served by node node<*>,0.4156,inconsistent nodesets node<*> <*> node<*> <*> node<*> <*> node<*> <*> node<*> <*> node-5 <*> node-3 <*> node-14 <*> node-13 <*> node-12 <*> node-10 <*> node-16 <*> node-15 <*>,0.4072,19.8,42
513,NIFF: node node-232 has detected an available network connection on network 10.128.0.0 via interface ee0,partial,NIFF: node node<*> detected a failed network connection on network <*> via interface alt0,0.8627,inconsistent nodesets node<*> <*> node<*> <*> node<*> <*> node<*> <*> node<*> <*> node-5 <*> node-3 <*> node-14 <*> node-13 <*> node-12 <*> node-10 <*> node-16 <*> node-15 <*>,0.4002,Link error on broadcast tree Interconnect<*>,0.3947,18.68,42
514,NIFF: node node-17 has detected an available network connection on network 10.128.0.0 via interface ee0,partial,NIFF: node node<*> detected a failed network connection on network <*> via interface alt0,0.8742,ClusterFileSystem: ServerFileSystem domain <*> is no longer served by node node<*>,0.4205,inconsistent nodesets node<*> <*> node<*> <*> node<*> <*> node<*> <*> node<*> <*> node-5 <*> node-3 <*> node-14 <*> node-13 <*> node-12 <*> node-10 <*> node-16 <*> node-15 <*>,0.3948,19.93,42
515,NIFF: node node-241 has detected an available network connection on network 10.128.0.0 via interface ee0,partial,NIFF: node node<*> detected a failed network connection on network <*> via interface alt0,0.9298,Link error on broadcast tree Interconnect<*>,0.4337,inconsistent nodesets node<*> <*> node<*> <*> node<*> <*> node<*> <*> node<*> <*> node-5 <*> node-3 <*> node-14 <*> node-13 <*> node-12 <*> node-10 <*> node-16 <*> node-15 <*>,0.4317,18.94,42
516,NIFF: node node-26 has detected an available network connection on network 5.5.226.0 via interface alt0,partial,NIFF: node node<*> detected a failed network connection on network <*> via interface alt0,0.8762,Link error on broadcast tree Interconnect<*>,0.4152,inconsistent nodesets node<*> <*> node<*> <*> node<*> <*> node<*> <*> node<*> <*> node-5 <*> node-3 <*> node-14 <*> node-13 <*> node-12 <*> node-10 <*> node-16 <*> node-15 <*>,0.3807,19.16,42
517,NIFF: node node-120 has detected an available network connection on network 5.5.226.0 via interface alt0,partial,NIFF: node node<*> detected a failed network connection on network <*> via interface alt0,0.9134,Link error on broadcast tree Interconnect<*>,0.419,ClusterFileSystem: ServerFileSystem domain <*> is no longer served by node node<*>,0.3925,19.0,42
518,NIFF: node node-142 has detected an available network connection on network 0.0.0.0 via interface alt0,partial,NIFF: node node<*> detected a failed network connection on network <*> via interface alt0,0.9137,Link error on broadcast tree Interconnect<*>,0.4383,inconsistent nodesets node<*> <*> node<*> <*> node<*> <*> node<*> <*> node<*> <*> node-5 <*> node-3 <*> node-14 <*> node-13 <*> node-12 <*> node-10 <*> node-16 <*> node-15 <*>,0.4336,18.97,42
519,NIFF: node node-73 has detected an available network connection on network 5.5.226.0 via interface alt0,partial,NIFF: node node<*> detected a failed network connection on network <*> via interface alt0,0.9349,Link error on broadcast tree Interconnect<*>,0.4264,inconsistent nodesets node<*> <*> node<*> <*> node<*> <*> node<*> <*> node<*> <*> node-5 <*> node-3 <*> node-14 <*> node-13 <*> node-12 <*> node-10 <*> node-16 <*> node-15 <*>,0.4116,19.06,42
520,NIFF: node node-252 has detected an available network connection on network 5.5.226.0 via interface alt0,partial,NIFF: node node<*> detected a failed network connection on network <*> via interface alt0,0.909,Link error on broadcast tree Interconnect<*>,0.4208,inconsistent nodesets node<*> <*> node<*> <*> node<*> <*> node<*> <*> node<*> <*> node-5 <*> node-3 <*> node-14 <*> node-13 <*> node-12 <*> node-10 <*> node-16 <*> node-15 <*>,0.3768,18.76,42
521,NIFF: node node-173 has detected an available network connection on network 10.128.0.0 via interface ee0,partial,NIFF: node node<*> detected a failed network connection on network <*> via interface alt0,0.8797,ClusterFileSystem: ServerFileSystem domain <*> is no longer served by node node<*>,0.4623,Link error on broadcast tree Interconnect<*>,0.4028,18.83,42
522,NIFF: node node-189 has detected an available network connection on network 10.128.0.0 via interface ee0,partial,NIFF: node node<*> detected a failed network connection on network <*> via interface alt0,0.9032,Link error on broadcast tree Interconnect<*>,0.4075,inconsistent nodesets node<*> <*> node<*> <*> node<*> <*> node<*> <*> node<*> <*> node-5 <*> node-3 <*> node-14 <*> node-13 <*> node-12 <*> node-10 <*> node-16 <*> node-15 <*>,0.4075,18.95,42
523,NIFF: node node-163 has detected an available network connection on network 0.0.0.0 via interface alt0,partial,NIFF: node node<*> detected a failed network connection on network <*> via interface alt0,0.9189,Link error on broadcast tree Interconnect<*>,0.454,inconsistent nodesets node<*> <*> node<*> <*> node<*> <*> node<*> <*> node<*> <*> node-5 <*> node-3 <*> node-14 <*> node-13 <*> node-12 <*> node-10 <*> node-16 <*> node-15 <*>,0.4527,18.6,42
524,NIFF: node node-186 has detected an available network connection on network 5.5.226.0 via interface alt0,partial,NIFF: node node<*> detected a failed network connection on network <*> via interface alt0,0.9106,Link error on broadcast tree Interconnect<*>,0.4019,ClusterFileSystem: ServerFileSystem domain <*> is no longer served by node node<*>,0.3715,18.58,42
525,NIFF: node node-205 has detected an available network connection on network 10.128.0.0 via interface ee0,partial,NIFF: node node<*> detected a failed network connection on network <*> via interface alt0,0.9236,Link error on broadcast tree Interconnect<*>,0.4203,ClusterFileSystem: ServerFileSystem domain <*> is no longer served by node node<*>,0.4129,18.82,42
526,NIFF: node node-155 has detected an available network connection on network 10.128.0.0 via interface ee0,partial,NIFF: node node<*> detected a failed network connection on network <*> via interface alt0,0.9146,ClusterFileSystem: ServerFileSystem domain <*> is no longer served by node node<*>,0.4196,inconsistent nodesets node<*> <*> node<*> <*> node<*> <*> node<*> <*> node<*> <*> node-5 <*> node-3 <*> node-14 <*> node-13 <*> node-12 <*> node-10 <*> node-16 <*> node-15 <*>,0.4145,18.68,42
527,NIFF: node node-176 has detected an available network connection on network 5.5.226.0 via interface alt0,partial,NIFF: node node<*> detected a failed network connection on network <*> via interface alt0,0.9361,Link error on broadcast tree Interconnect<*>,0.4217,inconsistent nodesets node<*> <*> node<*> <*> node<*> <*> node<*> <*> node<*> <*> node-5 <*> node-3 <*> node-14 <*> node-13 <*> node-12 <*> node-10 <*> node-16 <*> node-15 <*>,0.4013,18.74,42
528,NIFF: node node-75 has detected an available network connection on network 10.128.0.0 via interface ee0,partial,NIFF: node node<*> detected a failed network connection on network <*> via interface alt0,0.912,ClusterFileSystem: ServerFileSystem domain <*> is no longer served by node node<*>,0.426,Link error on broadcast tree Interconnect<*>,0.4081,18.84,42
529,NIFF: node node-9 has detected an available network connection on network 10.128.0.0 via interface ee0,partial,NIFF: node node<*> detected a failed network connection on network <*> via interface alt0,0.8889,inconsistent nodesets node<*> <*> node<*> <*> node<*> <*> node<*> <*> node<*> <*> node-5 <*> node-3 <*> node-14 <*> node-13 <*> node-12 <*> node-10 <*> node-16 <*> node-15 <*>,0.3946,Link error on broadcast tree Interconnect<*>,0.3866,18.94,42
530,NIFF: node node-237 has detected an available network connection on network 5.5.226.0 via interface alt0,partial,NIFF: node node<*> detected a failed network connection on network <*> via interface alt0,0.9345,Link error on broadcast tree Interconnect<*>,0.4308,inconsistent nodesets node<*> <*> node<*> <*> node<*> <*> node<*> <*> node<*> <*> node-5 <*> node-3 <*> node-14 <*> node-13 <*> node-12 <*> node-10 <*> node-16 <*> node-15 <*>,0.3951,18.88,42
531,NIFF: node node-208 has detected an available network connection on network 10.128.0.0 via interface ee0,partial,NIFF: node node<*> detected a failed network connection on network <*> via interface alt0,0.9215,Link error on broadcast tree Interconnect<*>,0.4234,inconsistent nodesets node<*> <*> node<*> <*> node<*> <*> node<*> <*> node<*> <*> node-5 <*> node-3 <*> node-14 <*> node-13 <*> node-12 <*> node-10 <*> node-16 <*> node-15 <*>,0.4168,18.87,42
532,NIFF: node node-157 has detected an available network connection on network 5.5.226.0 via interface alt0,partial,NIFF: node node<*> detected a failed network connection on network <*> via interface alt0,0.9093,Link error on broadcast tree Interconnect<*>,0.4207,inconsistent nodesets node<*> <*> node<*> <*> node<*> <*> node<*> <*> node<*> <*> node-5 <*> node-3 <*> node-14 <*> node-13 <*> node-12 <*> node-10 <*> node-16 <*> node-15 <*>,0.3943,18.71,42
533,NIFF: node node-139 has detected an available network connection on network 10.128.0.0 via interface ee0,partial,NIFF: node node<*> detected a failed network connection on network <*> via interface alt0,0.915,Link error on broadcast tree Interconnect<*>,0.4413,inconsistent nodesets node<*> <*> node<*> <*> node<*> <*> node<*> <*> node<*> <*> node-5 <*> node-3 <*> node-14 <*> node-13 <*> node-12 <*> node-10 <*> node-16 <*> node-15 <*>,0.4188,18.97,42
534,NIFF: node node-84 has detected an available network connection on network 10.128.0.0 via interface ee0,partial,NIFF: node node<*> detected a failed network connection on network <*> via interface alt0,0.9051,inconsistent nodesets node<*> <*> node<*> <*> node<*> <*> node<*> <*> node<*> <*> node-5 <*> node-3 <*> node-14 <*> node-13 <*> node-12 <*> node-10 <*> node-16 <*> node-15 <*>,0.4045,ClusterFileSystem: ServerFileSystem domain <*> is no longer served by node node<*>,0.3979,18.96,42
535,NIFF: node node-217 has detected an available network connection on network 10.128.0.0 via interface ee0,partial,NIFF: node node<*> detected a failed network connection on network <*> via interface alt0,0.9456,Link error on broadcast tree Interconnect<*>,0.4411,inconsistent nodesets node<*> <*> node<*> <*> node<*> <*> node<*> <*> node<*> <*> node-5 <*> node-3 <*> node-14 <*> node-13 <*> node-12 <*> node-10 <*> node-16 <*> node-15 <*>,0.4297,18.99,42
536,NIFF: node node-214 has detected an available network connection on network 5.5.226.0 via interface alt0,partial,NIFF: node node<*> detected a failed network connection on network <*> via interface alt0,0.932,Link error on broadcast tree Interconnect<*>,0.4237,inconsistent nodesets node<*> <*> node<*> <*> node<*> <*> node<*> <*> node<*> <*> node-5 <*> node-3 <*> node-14 <*> node-13 <*> node-12 <*> node-10 <*> node-16 <*> node-15 <*>,0.3942,19.23,42
537,NIFF: node node-202 has detected an available network connection on network 10.128.0.0 via interface ee0,partial,NIFF: node node<*> detected a failed network connection on network <*> via interface alt0,0.9262,Link error on broadcast tree Interconnect<*>,0.4154,inconsistent nodesets node<*> <*> node<*> <*> node<*> <*> node<*> <*> node<*> <*> node-5 <*> node-3 <*> node-14 <*> node-13 <*> node-12 <*> node-10 <*> node-16 <*> node-15 <*>,0.4038,19.06,42
538,NIFF: node node-254 has detected an available network connection on network 10.128.0.0 via interface ee0,partial,NIFF: node node<*> detected a failed network connection on network <*> via interface alt0,0.9344,Link error on broadcast tree Interconnect<*>,0.4165,inconsistent nodesets node<*> <*> node<*> <*> node<*> <*> node<*> <*> node<*> <*> node-5 <*> node-3 <*> node-14 <*> node-13 <*> node-12 <*> node-10 <*> node-16 <*> node-15 <*>,0.4124,18.93,42
539,NIFF: node node-234 has detected an available network connection on network 10.128.0.0 via interface ee0,partial,NIFF: node node<*> detected a failed network connection on network <*> via interface alt0,0.9535,inconsistent nodesets node<*> <*> node<*> <*> node<*> <*> node<*> <*> node<*> <*> node-5 <*> node-3 <*> node-14 <*> node-13 <*> node-12 <*> node-10 <*> node-16 <*> node-15 <*>,0.4183,ClusterFileSystem: ServerFileSystem domain <*> is no longer served by node node<*>,0.4129,18.93,42
540,NIFF: node node-244 has detected an available network connection on network 10.128.0.0 via interface ee0,partial,NIFF: node node<*> detected a failed network connection on network <*> via interface alt0,0.9483,Link error on broadcast tree Interconnect<*>,0.4274,inconsistent nodesets node<*> <*> node<*> <*> node<*> <*> node<*> <*> node<*> <*> node-5 <*> node-3 <*> node-14 <*> node-13 <*> node-12 <*> node-10 <*> node-16 <*> node-15 <*>,0.4151,18.75,42
541,NIFF: node node-30 has detected an available network connection on network 10.128.0.0 via interface ee0,partial,NIFF: node node<*> detected a failed network connection on network <*> via interface alt0,0.9105,Link error on broadcast tree Interconnect<*>,0.4169,inconsistent nodesets node<*> <*> node<*> <*> node<*> <*> node<*> <*> node<*> <*> node-5 <*> node-3 <*> node-14 <*> node-13 <*> node-12 <*> node-10 <*> node-16 <*> node-15 <*>,0.4056,20.03,42
542,NIFF: node node-130 has detected an available network connection on network 10.96.0.0 via interface scip0,partial,NIFF: node node<*> detected a failed network connection on network <*> via interface alt0,0.8878,ClusterFileSystem: ServerFileSystem domain <*> is no longer served by node node<*>,0.4517,inconsistent nodesets node<*> <*> node<*> <*> node<*> <*> node<*> <*> node<*> <*> node-5 <*> node-3 <*> node-14 <*> node-13 <*> node-12 <*> node-10 <*> node-16 <*> node-15 <*>,0.4482,24.3,42
543,NIFF: node node-45 has detected an available network connection on network 5.5.224.0 via interface alt0,partial,NIFF: node node<*> detected a failed network connection on network <*> via interface alt0,0.8654,Link error on broadcast tree Interconnect<*>,0.4001,inconsistent nodesets node<*> <*> node<*> <*> node<*> <*> node<*> <*> node<*> <*> node-5 <*> node-3 <*> node-14 <*> node-13 <*> node-12 <*> node-10 <*> node-16 <*> node-15 <*>,0.3745,23.73,42
544,NIFF: node node-44 has detected an available network connection on network 10.128.0.0 via interface ee0,partial,NIFF: node node<*> detected a failed network connection on network <*> via interface alt0,0.9193,inconsistent nodesets node<*> <*> node<*> <*> node<*> <*> node<*> <*> node<*> <*> node-5 <*> node-3 <*> node-14 <*> node-13 <*> node-12 <*> node-10 <*> node-16 <*> node-15 <*>,0.4065,Link error on broadcast tree Interconnect<*>,0.3926,23.66,42
545,NIFF: node node-151 has detected an available network connection on network 5.5.224.0 via interface alt0,partial,NIFF: node node<*> detected a failed network connection on network <*> via interface alt0,0.8914,Link error on broadcast tree Interconnect<*>,0.4253,ClusterFileSystem: ServerFileSystem domain <*> is no longer served by node node<*>,0.4084,23.91,42
546,NIFF: node node-255 has detected an available network connection on network 10.128.0.0 via interface ee0,partial,NIFF: node node<*> detected a failed network connection on network <*> via interface alt0,0.9209,Link error on broadcast tree Interconnect<*>,0.3962,inconsistent nodesets node<*> <*> node<*> <*> node<*> <*> node<*> <*> node<*> <*> node-5 <*> node-3 <*> node-14 <*> node-13 <*> node-12 <*> node-10 <*> node-16 <*> node-15 <*>,0.3836,23.62,42
547,NIFF: node node-188 has detected an available network connection on network 10.128.0.0 via interface ee0,partial,NIFF: node node<*> detected a failed network connection on network <*> via interface alt0,0.9307,inconsistent nodesets node<*> <*> node<*> <*> node<*> <*> node<*> <*> node<*> <*> node-5 <*> node-3 <*> node-14 <*> node-13 <*> node-12 <*> node-10 <*> node-16 <*> node-15 <*>,0.4086,Link error on broadcast tree Interconnect<*>,0.4017,23.98,42
548,NIFF: node node-29 has detected an available network connection on network 0.0.0.0 via interface alt0,partial,NIFF: node node<*> detected a failed network connection on network <*> via interface alt0,0.8539,Link error on broadcast tree Interconnect<*>,0.4235,inconsistent nodesets node<*> <*> node<*> <*> node<*> <*> node<*> <*> node<*> <*> node-5 <*> node-3 <*> node-14 <*> node-13 <*> node-12 <*> node-10 <*> node-16 <*> node-15 <*>,0.4074,23.61,42
549,NIFF: node node-87 has detected an available network connection on network 5.5.224.0 via interface alt0,partial,NIFF: node node<*> detected a failed network connection on network <*> via interface alt0,0.8702,Link error on broadcast tree Interconnect<*>,0.4224,inconsistent nodesets node<*> <*> node<*> <*> node<*> <*> node<*> <*> node<*> <*> node-5 <*> node-3 <*> node-14 <*> node-13 <*> node-12 <*> node-10 <*> node-16 <*> node-15 <*>,0.395,23.6,42
550,NIFF: node node-203 has detected an available network connection on network 5.5.224.0 via interface alt0,partial,NIFF: node node<*> detected a failed network connection on network <*> via interface alt0,0.8986,Link error on broadcast tree Interconnect<*>,0.4353,inconsistent nodesets node<*> <*> node<*> <*> node<*> <*> node<*> <*> node<*> <*> node-5 <*> node-3 <*> node-14 <*> node-13 <*> node-12 <*> node-10 <*> node-16 <*> node-15 <*>,0.4029,23.55,42
551,NIFF: node node-72 has detected an available network connection on network 10.128.0.0 via interface ee0,partial,NIFF: node node<*> detected a failed network connection on network <*> via interface alt0,0.8841,ClusterFileSystem: ServerFileSystem domain <*> is no longer served by node node<*>,0.4182,inconsistent nodesets node<*> <*> node<*> <*> node<*> <*> node<*> <*> node<*> <*> node-5 <*> node-3 <*> node-14 <*> node-13 <*> node-12 <*> node-10 <*> node-16 <*> node-15 <*>,0.4015,23.89,42
552,NIFF: node node-113 has detected an available network connection on network 5.5.224.0 via interface alt0,partial,NIFF: node node<*> detected a failed network connection on network <*> via interface alt0,0.9114,Link error on broadcast tree Interconnect<*>,0.4378,inconsistent nodesets node<*> <*> node<*> <*> node<*> <*> node<*> <*> node<*> <*> node-5 <*> node-3 <*> node-14 <*> node-13 <*> node-12 <*> node-10 <*> node-16 <*> node-15 <*>,0.4138,23.58,42
553,NIFF: node node-152 has detected an available network connection on network 10.128.0.0 via interface ee0,partial,NIFF: node node<*> detected a failed network connection on network <*> via interface alt0,0.9338,inconsistent nodesets node<*> <*> node<*> <*> node<*> <*> node<*> <*> node<*> <*> node-5 <*> node-3 <*> node-14 <*> node-13 <*> node-12 <*> node-10 <*> node-16 <*> node-15 <*>,0.4144,Link error on broadcast tree Interconnect<*>,0.4139,23.74,42
554,NIFF: node node-104 has detected an available network connection on network 5.5.224.0 via interface alt0,partial,NIFF: node node<*> detected a failed network connection on network <*> via interface alt0,0.8963,Link error on broadcast tree Interconnect<*>,0.4291,inconsistent nodesets node<*> <*> node<*> <*> node<*> <*> node<*> <*> node<*> <*> node-5 <*> node-3 <*> node-14 <*> node-13 <*> node-12 <*> node-10 <*> node-16 <*> node-15 <*>,0.4152,23.46,42
555,NIFF: node node-142 has detected an available network connection on network 10.128.0.0 via interface ee0,partial,NIFF: node node<*> detected a failed network connection on network <*> via interface alt0,0.945,Link error on broadcast tree Interconnect<*>,0.4246,inconsistent nodesets node<*> <*> node<*> <*> node<*> <*> node<*> <*> node<*> <*> node-5 <*> node-3 <*> node-14 <*> node-13 <*> node-12 <*> node-10 <*> node-16 <*> node-15 <*>,0.4224,23.69,42
556,NIFF: node node-193 has detected an available network connection on network 5.5.224.0 via interface alt0,partial,NIFF: node node<*> detected a failed network connection on network <*> via interface alt0,0.8963,ClusterFileSystem: ServerFileSystem domain <*> is no longer served by node node<*>,0.4109,Link error on broadcast tree Interconnect<*>,0.4093,23.64,42
557,NIFF: node node-139 has detected an available network connection on network 5.5.224.0 via interface alt0,partial,NIFF: node node<*> detected a failed network connection on network <*> via interface alt0,0.8951,Link error on broadcast tree Interconnect<*>,0.4485,ClusterFileSystem: ServerFileSystem domain <*> is no longer served by node node<*>,0.4095,23.4,42
558,NIFF: node node-143 has detected an available network connection on network 5.5.224.0 via interface alt0,partial,NIFF: node node<*> detected a failed network connection on network <*> via interface alt0,0.8977,ClusterFileSystem: ServerFileSystem domain <*> is no longer served by node node<*>,0.3935,Link error on broadcast tree Interconnect<*>,0.3918,23.23,42
559,NIFF: node node-45 has detected an available network connection on network 10.128.0.0 via interface ee0,partial,NIFF: node node<*> detected a failed network connection on network <*> via interface alt0,0.9267,inconsistent nodesets node<*> <*> node<*> <*> node<*> <*> node<*> <*> node<*> <*> node-5 <*> node-3 <*> node-14 <*> node-13 <*> node-12 <*> node-10 <*> node-16 <*> node-15 <*>,0.3974,Link error on broadcast tree Interconnect<*>,0.3966,23.55,42
560,NIFF: node node-106 has detected an available network connection on network 0.0.0.0 via interface alt0,partial,NIFF: node node<*> detected a failed network connection on network <*> via interface alt0,0.9039,inconsistent nodesets node<*> <*> node<*> <*> node<*> <*> node<*> <*> node<*> <*> node-5 <*> node-3 <*> node-14 <*> node-13 <*> node-12 <*> node-10 <*> node-16 <*> node-15 <*>,0.4327,Link error on broadcast tree Interconnect<*>,0.4274,23.34,42
561,NIFF: node node-7 has detected an available network connection on network 5.5.224.0 via interface alt0,partial,NIFF: node node<*> detected a failed network connection on network <*> via interface alt0,0.8889,Link error on broadcast tree Interconnect<*>,0.4145,inconsistent nodesets node<*> <*> node<*> <*> node<*> <*> node<*> <*> node<*> <*> node-5 <*> node-3 <*> node-14 <*> node-13 <*> node-12 <*> node-10 <*> node-16 <*> node-15 <*>,0.3942,23.32,42
562,NIFF: node node-233 has detected an available network connection on network 10.128.0.0 via interface ee0,partial,NIFF: node node<*> detected a failed network connection on network <*> via interface alt0,0.9466,Link error on broadcast tree Interconnect<*>,0.4392,ClusterFileSystem: ServerFileSystem domain <*> is no longer served by node node<*>,0.4152,23.74,42
563,NIFF: node node-23 has detected an available network connection on network 10.128.0.0 via interface ee0,partial,NIFF: node node<*> detected a failed network connection on network <*> via interface alt0,0.937,inconsistent nodesets node<*> <*> node<*> <*> node<*> <*> node<*> <*> node<*> <*> node-5 <*> node-3 <*> node-14 <*> node-13 <*> node-12 <*> node-10 <*> node-16 <*> node-15 <*>,0.4059,Link error on broadcast tree Interconnect<*>,0.4035,23.49,42
564,NIFF: node node-190 has detected an available network connection on network 10.128.0.0 via interface ee0,partial,NIFF: node node<*> detected a failed network connection on network <*> via interface alt0,0.9379,ClusterFileSystem: ServerFileSystem domain <*> is no longer served by node node<*>,0.4245,Link error on broadcast tree Interconnect<*>,0.4122,23.69,42
565,NIFF: node node-84 has detected an available network connection on network 10.128.0.0 via interface ee0,partial,NIFF: node node<*> detected a failed network connection on network <*> via interface alt0,0.9177,inconsistent nodesets node<*> <*> node<*> <*> node<*> <*> node<*> <*> node<*> <*> node-5 <*> node-3 <*> node-14 <*> node-13 <*> node-12 <*> node-10 <*> node-16 <*> node-15 <*>,0.4045,ClusterFileSystem: ServerFileSystem domain <*> is no longer served by node node<*>,0.3979,23.51,42
566,NIFF: node node-19 has detected an available network connection on network 10.128.0.0 via interface ee0,partial,NIFF: node node<*> detected a failed network connection on network <*> via interface alt0,0.9097,Link error on broadcast tree Interconnect<*>,0.4088,ClusterFileSystem: ServerFileSystem domain <*> is no longer served by node node<*>,0.3986,23.29,42
567,NIFF: node node-253 has detected an available network connection on network 10.128.0.0 via interface ee0,partial,NIFF: node node<*> detected a failed network connection on network <*> via interface alt0,0.9283,Link error on broadcast tree Interconnect<*>,0.4523,inconsistent nodesets node<*> <*> node<*> <*> node<*> <*> node<*> <*> node<*> <*> node-5 <*> node-3 <*> node-14 <*> node-13 <*> node-12 <*> node-10 <*> node-16 <*> node-15 <*>,0.4372,23.52,42
568,NIFF: node node-29 has detected an available network connection on network 10.128.0.0 via interface ee0,partial,NIFF: node node<*> detected a failed network connection on network <*> via interface alt0,0.894,Link error on broadcast tree Interconnect<*>,0.4145,inconsistent nodesets node<*> <*> node<*> <*> node<*> <*> node<*> <*> node<*> <*> node-5 <*> node-3 <*> node-14 <*> node-13 <*> node-12 <*> node-10 <*> node-16 <*> node-15 <*>,0.4005,23.5,42
569,NIFF: node node-240 has detected an available network connection on network 5.5.224.0 via interface alt0,partial,NIFF: node node<*> detected a failed network connection on network <*> via interface alt0,0.885,Link error on broadcast tree Interconnect<*>,0.4128,ClusterFileSystem: ServerFileSystem domain <*> is no longer served by node node<*>,0.3956,23.69,42
570,NIFF: node node-86 has detected an available network connection on network 10.128.0.0 via interface ee0,partial,NIFF: node node<*> detected a failed network connection on network <*> via interface alt0,0.8781,inconsistent nodesets node<*> <*> node<*> <*> node<*> <*> node<*> <*> node<*> <*> node-5 <*> node-3 <*> node-14 <*> node-13 <*> node-12 <*> node-10 <*> node-16 <*> node-15 <*>,0.3989,ClusterFileSystem: ServerFileSystem domain <*> is no longer served by node node<*>,0.3806,24.35,42
571,NIFF: node node-204 has detected an available network connection on network 5.5.224.0 via interface alt0,partial,NIFF: node node<*> detected a failed network connection on network <*> via interface alt0,0.8778,Link error on broadcast tree Interconnect<*>,0.4139,inconsistent nodesets node<*> <*> node<*> <*> node<*> <*> node<*> <*> node<*> <*> node-5 <*> node-3 <*> node-14 <*> node-13 <*> node-12 <*> node-10 <*> node-16 <*> node-15 <*>,0.3873,23.63,42
572,NIFF: node node-46 has detected an available network connection on network 5.5.224.0 via interface alt0,partial,NIFF: node node<*> detected a failed network connection on network <*> via interface alt0,0.8825,Link error on broadcast tree Interconnect<*>,0.4007,ClusterFileSystem: ServerFileSystem domain <*> is no longer served by node node<*>,0.3835,23.78,42
573,NIFF: node node-150 has detected an available network connection on network 5.5.224.0 via interface alt0,partial,NIFF: node node<*> detected a failed network connection on network <*> via interface alt0,0.9056,Link error on broadcast tree Interconnect<*>,0.4275,ClusterFileSystem: ServerFileSystem domain <*> is no longer served by node node<*>,0.4163,23.5,42
574,NIFF: node node-42 has detected an available network connection on network 10.128.0.0 via interface ee0,partial,NIFF: node node<*> detected a failed network connection on network <*> via interface alt0,0.9231,inconsistent nodesets node<*> <*> node<*> <*> node<*> <*> node<*> <*> node<*> <*> node-5 <*> node-3 <*> node-14 <*> node-13 <*> node-12 <*> node-10 <*> node-16 <*> node-15 <*>,0.404,Link error on broadcast tree Interconnect<*>,0.3956,23.47,42
575,NIFF: node node-91 has detected an available network connection on network 5.5.224.0 via interface alt0,partial,NIFF: node node<*> detected a failed network connection on network <*> via interface alt0,0.92,Link error on broadcast tree Interconnect<*>,0.4292,inconsistent nodesets node<*> <*> node<*> <*> node<*> <*> node<*> <*> node<*> <*> node-5 <*> node-3 <*> node-14 <*> node-13 <*> node-12 <*> node-10 <*> node-16 <*> node-15 <*>,0.399,23.85,42
576,NIFF: node node-26 has detected an available network connection on network 10.128.0.0 via interface ee0,partial,NIFF: node node<*> detected a failed network connection on network <*> via interface alt0,0.9115,Link error on broadcast tree Interconnect<*>,0.4005,inconsistent nodesets node<*> <*> node<*> <*> node<*> <*> node<*> <*> node<*> <*> node-5 <*> node-3 <*> node-14 <*> node-13 <*> node-12 <*> node-10 <*> node-16 <*> node-15 <*>,0.3978,23.29,42
577,NIFF: node node-44 has detected an available network connection on network 5.5.224.0 via interface alt0,partial,NIFF: node node<*> detected a failed network connection on network <*> via interface alt0,0.8852,Link error on broadcast tree Interconnect<*>,0.3975,inconsistent nodesets node<*> <*> node<*> <*> node<*> <*> node<*> <*> node<*> <*> node-5 <*> node-3 <*> node-14 <*> node-13 <*> node-12 <*> node-10 <*> node-16 <*> node-15 <*>,0.3813,23.36,42
578,NIFF: node node-244 has detected an available network connection on network 5.5.224.0 via interface alt0,partial,NIFF: node node<*> detected a failed network connection on network <*> via interface alt0,0.9002,Link error on broadcast tree Interconnect<*>,0.4273,inconsistent nodesets node<*> <*> node<*> <*> node<*> <*> node<*> <*> node<*> <*> node-5 <*> node-3 <*> node-14 <*> node-13 <*> node-12 <*> node-10 <*> node-16 <*> node-15 <*>,0.3855,23.6,42
579,NIFF: node node-182 has detected an available network connection on network 10.128.0.0 via interface ee0,partial,NIFF: node node<*> detected a failed network connection on network <*> via interface alt0,0.9395,Link error on broadcast tree Interconnect<*>,0.4186,inconsistent nodesets node<*> <*> node<*> <*> node<*> <*> node<*> <*> node<*> <*> node-5 <*> node-3 <*> node-14 <*> node-13 <*> node-12 <*> node-10 <*> node-16 <*> node-15 <*>,0.408,23.65,42
580,NIFF: node node-144 has detected an available network connection on network 10.96.0.0 via interface scip0,partial,NIFF: node node<*> detected a failed network connection on network <*> via interface alt0,0.8865,inconsistent nodesets node<*> <*> node<*> <*> node<*> <*> node<*> <*> node<*> <*> node-5 <*> node-3 <*> node-14 <*> node-13 <*> node-12 <*> node-10 <*> node-16 <*> node-15 <*>,0.4571,ClusterFileSystem: ServerFileSystem domain <*> is no longer served by node node<*>,0.4398,23.43,42
581,NIFF: node node-17 has detected an available network connection on network 0.0.0.0 via interface alt0,partial,NIFF: node node<*> detected a failed network connection on network <*> via interface alt0,0.8766,inconsistent nodesets node<*> <*> node<*> <*> node<*> <*> node<*> <*> node<*> <*> node-5 <*> node-3 <*> node-14 <*> node-13 <*> node-12 <*> node-10 <*> node-16 <*> node-15 <*>,0.3995,Link error on broadcast tree Interconnect<*>,0.3981,23.26,42
582,NIFF: node node-69 has detected an available network connection on network 10.128.0.0 via interface ee0,partial,NIFF: node node<*> detected a failed network connection on network <*> via interface alt0,0.886,inconsistent nodesets node<*> <*> node<*> <*> node<*> <*> node<*> <*> node<*> <*> node-5 <*> node-3 <*> node-14 <*> node-13 <*> node-12 <*> node-10 <*> node-16 <*> node-15 <*>,0.3939,ClusterFileSystem: ServerFileSystem domain <*> is no longer served by node node<*>,0.3902,23.46,42
583,NIFF: node node-202 has detected an available network connection on network 5.5.224.0 via interface alt0,partial,NIFF: node node<*> detected a failed network connection on network <*> via interface alt0,0.8979,Link error on broadcast tree Interconnect<*>,0.42,inconsistent nodesets node<*> <*> node<*> <*> node<*> <*> node<*> <*> node<*> <*> node-5 <*> node-3 <*> node-14 <*> node-13 <*> node-12 <*> node-10 <*> node-16 <*> node-15 <*>,0.3796,23.45,42
584,NIFF: node node-205 has detected an available network connection on network 5.5.224.0 via interface alt0,partial,NIFF: node node<*> detected a failed network connection on network <*> via interface alt0,0.9004,Link error on broadcast tree Interconnect<*>,0.4222,ClusterFileSystem: ServerFileSystem domain <*> is no longer served by node node<*>,0.3844,23.37,42
585,NIFF: node node-44 has detected an available network connection on network 5.5.224.0 via interface alt0,partial,NIFF: node node<*> detected a failed network connection on network <*> via interface alt0,0.8904,Link error on broadcast tree Interconnect<*>,0.3975,inconsistent nodesets node<*> <*> node<*> <*> node<*> <*> node<*> <*> node<*> <*> node-5 <*> node-3 <*> node-14 <*> node-13 <*> node-12 <*> node-10 <*> node-16 <*> node-15 <*>,0.3813,23.52,42
586,NIFF: node node-183 has detected an available network connection on network 10.128.0.0 via interface ee0,partial,NIFF: node node<*> detected a failed network connection on network <*> via interface alt0,0.9322,ClusterFileSystem: ServerFileSystem domain <*> is no longer served by node node<*>,0.4237,inconsistent nodesets node<*> <*> node<*> <*> node<*> <*> node<*> <*> node<*> <*> node-5 <*> node-3 <*> node-14 <*> node-13 <*> node-12 <*> node-10 <*> node-16 <*> node-15 <*>,0.4121,23.56,42
587,NIFF: node node-212 has detected an available network connection on network 10.128.0.0 via interface ee0,partial,NIFF: node node<*> detected a failed network connection on network <*> via interface alt0,0.9276,Link error on broadcast tree Interconnect<*>,0.4219,ClusterFileSystem: ServerFileSystem domain <*> is no longer served by node node<*>,0.4136,23.59,42
588,NIFF: node node-187 has detected an available network connection on network 5.5.224.0 via interface alt0,partial,NIFF: node node<*> detected a failed network connection on network <*> via interface alt0,0.9082,Link error on broadcast tree Interconnect<*>,0.4251,inconsistent nodesets node<*> <*> node<*> <*> node<*> <*> node<*> <*> node<*> <*> node-5 <*> node-3 <*> node-14 <*> node-13 <*> node-12 <*> node-10 <*> node-16 <*> node-15 <*>,0.3987,23.32,42
589,NIFF: node node-221 has detected an available network connection on network 5.5.224.0 via interface alt0,partial,NIFF: node node<*> detected a failed network connection on network <*> via interface alt0,0.8998,Link error on broadcast tree Interconnect<*>,0.4182,ClusterFileSystem: ServerFileSystem domain <*> is no longer served by node node<*>,0.3853,23.91,42
590,NIFF: node node-189 has detected an available network connection on network 5.5.224.0 via interface alt0,partial,NIFF: node node<*> detected a failed network connection on network <*> via interface alt0,0.9118,Link error on broadcast tree Interconnect<*>,0.4231,inconsistent nodesets node<*> <*> node<*> <*> node<*> <*> node<*> <*> node<*> <*> node-5 <*> node-3 <*> node-14 <*> node-13 <*> node-12 <*> node-10 <*> node-16 <*> node-15 <*>,0.3943,23.81,42
591,NIFF: node node-218 has detected an available network connection on network 5.5.224.0 via interface alt0,partial,NIFF: node node<*> detected a failed network connection on network <*> via interface alt0,0.9047,Link error on broadcast tree Interconnect<*>,0.42,ClusterFileSystem: ServerFileSystem domain <*> is no longer served by node node<*>,0.3951,23.39,42
592,NIFF: node node-94 has detected an available network connection on network 5.5.224.0 via interface alt0,partial,NIFF: node node<*> detected a failed network connection on network <*> via interface alt0,0.9224,Link error on broadcast tree Interconnect<*>,0.4288,inconsistent nodesets node<*> <*> node<*> <*> node<*> <*> node<*> <*> node<*> <*> node-5 <*> node-3 <*> node-14 <*> node-13 <*> node-12 <*> node-10 <*> node-16 <*> node-15 <*>,0.4137,23.47,42
593,NIFF: node node-248 has detected an available network connection on network 10.128.0.0 via interface ee0,partial,NIFF: node node<*> detected a failed network connection on network <*> via interface alt0,0.9319,ClusterFileSystem: ServerFileSystem domain <*> is no longer served by node node<*>,0.4207,inconsistent nodesets node<*> <*> node<*> <*> node<*> <*> node<*> <*> node<*> <*> node-5 <*> node-3 <*> node-14 <*> node-13 <*> node-12 <*> node-10 <*> node-16 <*> node-15 <*>,0.4165,23.33,42
594,NIFF: node node-176 has detected an available network connection on network 10.128.0.0 via interface ee0,partial,NIFF: node node<*> detected a failed network connection on network <*> via interface alt0,0.9328,ClusterFileSystem: ServerFileSystem domain <*> is no longer served by node node<*>,0.4246,inconsistent nodesets node<*> <*> node<*> <*> node<*> <*> node<*> <*> node<*> <*> node-5 <*> node-3 <*> node-14 <*> node-13 <*> node-12 <*> node-10 <*> node-16 <*> node-15 <*>,0.4211,23.29,42
595,NIFF: node node-77 has detected an available network connection on network 5.5.224.0 via interface alt0,partial,NIFF: node node<*> detected a failed network connection on network <*> via interface alt0,0.9141,Link error on broadcast tree Interconnect<*>,0.4258,ClusterFileSystem: ServerFileSystem domain <*> is no longer served by node node<*>,0.4112,23.76,42
596,NIFF: node node-176 has detected an available network connection on network 10.128.0.0 via interface ee0,partial,NIFF: node node<*> detected a failed network connection on network <*> via interface alt0,0.9333,ClusterFileSystem: ServerFileSystem domain <*> is no longer served by node node<*>,0.4246,inconsistent nodesets node<*> <*> node<*> <*> node<*> <*> node<*> <*> node<*> <*> node-5 <*> node-3 <*> node-14 <*> node-13 <*> node-12 <*> node-10 <*> node-16 <*> node-15 <*>,0.4211,23.74,42
597,NIFF: node node-178 has detected an available network connection on network 0.0.0.0 via interface alt0,partial,NIFF: node node<*> detected a failed network connection on network <*> via interface alt0,0.9093,Link error on broadcast tree Interconnect<*>,0.4222,inconsistent nodesets node<*> <*> node<*> <*> node<*> <*> node<*> <*> node<*> <*> node-5 <*> node-3 <*> node-14 <*> node-13 <*> node-12 <*> node-10 <*> node-16 <*> node-15 <*>,0.419,23.87,42
598,NIFF: node node-161 has detected an available network connection on network 0.0.0.0 via interface alt0,partial,NIFF: node node<*> detected a failed network connection on network <*> via interface alt0,0.9134,inconsistent nodesets node<*> <*> node<*> <*> node<*> <*> node<*> <*> node<*> <*> node-5 <*> node-3 <*> node-14 <*> node-13 <*> node-12 <*> node-10 <*> node-16 <*> node-15 <*>,0.4373,Link error on broadcast tree Interconnect<*>,0.4344,23.34,42
599,NIFF: node node-73 has detected an available network connection on network 0.0.0.0 via interface alt0,partial,NIFF: node node<*> detected a failed network connection on network <*> via interface alt0,0.8695,inconsistent nodesets node<*> <*> node<*> <*> node<*> <*> node<*> <*> node<*> <*> node-5 <*> node-3 <*> node-14 <*> node-13 <*> node-12 <*> node-10 <*> node-16 <*> node-15 <*>,0.4221,Link error on broadcast tree Interconnect<*>,0.4068,23.41,42
600,NIFF: node node-171 has detected an available network connection on network 10.128.0.0 via interface ee0,partial,NIFF: node node<*> detected a failed network connection on network <*> via interface alt0,0.8974,ClusterFileSystem: ServerFileSystem domain <*> is no longer served by node node<*>,0.4145,Link error on broadcast tree Interconnect<*>,0.4106,23.49,42
