log_id,normalised,match_type,top1_template,top1_score,top2_template,top2_score,top3_template,top3_score,latency_ms,store_size
1,connection from <*> () at Sun Jul 17 <*> 2005,exact,connection from <*> () at Sun Jul 17 <*>,1.0,connection from <*> () at Sun Jul 10 <*>,0.9904,connection from <*> () at Thu Jul 7 <*>,0.9042,39.73,72
2,connection from <*> () at Sun Jul 17 <*> 2005,exact,connection from <*> () at Sun Jul 17 <*>,1.0,connection from <*> () at Sun Jul 10 <*>,0.9904,connection from <*> () at Thu Jul 7 <*>,0.9042,27.07,72
3,connection from <*> () at Sun Jul 17 <*> 2005,exact,connection from <*> () at Sun Jul 17 <*>,1.0,connection from <*> () at Sun Jul 10 <*>,0.9904,connection from <*> () at Thu Jul 7 <*>,0.9042,25.1,72
4,connection from <*> () at Sun Jul 17 <*> 2005,exact,connection from <*> () at Sun Jul 17 <*>,1.0,connection from <*> () at Sun Jul 10 <*>,0.9904,connection from <*> () at Thu Jul 7 <*>,0.9042,24.84,72
5,connection from <*> () at Sun Jul 17 <*> 2005,exact,connection from <*> () at Sun Jul 17 <*>,1.0,connection from <*> () at Sun Jul 10 <*>,0.9904,connection from <*> () at Thu Jul 7 <*>,0.9042,24.64,72
6,connection from <*> () at Sun Jul 17 <*> 2005,exact,connection from <*> () at Sun Jul 17 <*>,1.0,connection from <*> () at Sun Jul 10 <*>,0.9904,connection from <*> () at Thu Jul 7 <*>,0.9042,24.65,72
7,connection from <*> () at Sun Jul 17 <*> 2005,exact,connection from <*> () at Sun Jul 17 <*>,1.0,connection from <*> () at Sun Jul 10 <*>,0.9904,connection from <*> () at Thu Jul 7 <*>,0.9042,24.66,72
8,connection from <*> () at Sun Jul 17 <*> 2005,exact,connection from <*> () at Sun Jul 17 <*>,1.0,connection from <*> () at Sun Jul 10 <*>,0.9904,connection from <*> () at Thu Jul 7 <*>,0.9042,24.96,72
9,connection from <*> () at Sun Jul 17 <*> 2005,exact,connection from <*> () at Sun Jul 17 <*>,1.0,connection from <*> () at Sun Jul 10 <*>,0.9904,connection from <*> () at Thu Jul 7 <*>,0.9042,24.85,72
10,connection from <*> () at Sun Jul 17 <*> 2005,exact,connection from <*> () at Sun Jul 17 <*>,1.0,connection from <*> () at Sun Jul 10 <*>,0.9904,connection from <*> () at Thu Jul 7 <*>,0.9042,24.78,72
11,connection from <*> () at Sun Jul 17 <*> 2005,exact,connection from <*> () at Sun Jul 17 <*>,1.0,connection from <*> () at Sun Jul 10 <*>,0.9904,connection from <*> () at Thu Jul 7 <*>,0.9042,24.58,72
12,connection from <*> () at Sun Jul 17 <*> 2005,exact,connection from <*> () at Sun Jul 17 <*>,1.0,connection from <*> () at Sun Jul 10 <*>,0.9904,connection from <*> () at Thu Jul 7 <*>,0.9042,24.59,72
13,connection from <*> () at Sun Jul 17 <*> 2005,exact,connection from <*> () at Sun Jul 17 <*>,1.0,connection from <*> () at Sun Jul 10 <*>,0.9904,connection from <*> () at Thu Jul 7 <*>,0.9042,24.48,72
14,connection from <*> () at Sun Jul 17 <*> 2005,exact,connection from <*> () at Sun Jul 17 <*>,1.0,connection from <*> () at Sun Jul 10 <*>,0.9904,connection from <*> () at Thu Jul 7 <*>,0.9042,24.61,72
15,connection from <*> () at Sun Jul 17 <*> 2005,exact,connection from <*> () at Sun Jul 17 <*>,1.0,connection from <*> () at Sun Jul 10 <*>,0.9904,connection from <*> () at Thu Jul 7 <*>,0.9042,24.75,72
16,connection from <*> () at Sun Jul 17 <*> 2005,exact,connection from <*> () at Sun Jul 17 <*>,1.0,connection from <*> () at Sun Jul 10 <*>,0.9904,connection from <*> () at Thu Jul 7 <*>,0.9042,24.57,72
17,connection from <*> () at Sun Jul 17 <*> 2005,exact,connection from <*> () at Sun Jul 17 <*>,1.0,connection from <*> () at Sun Jul 10 <*>,0.9904,connection from <*> () at Thu Jul 7 <*>,0.9042,24.54,72
18,connection from <*> () at Sun Jul 17 <*> 2005,exact,connection from <*> () at Sun Jul 17 <*>,1.0,connection from <*> () at Sun Jul 10 <*>,0.9904,connection from <*> () at Thu Jul 7 <*>,0.9042,24.74,72
19,connection from <*> () at Sun Jul 17 <*> 2005,exact,connection from <*> () at Sun Jul 17 <*>,1.0,connection from <*> () at Sun Jul 10 <*>,0.9904,connection from <*> () at Thu Jul 7 <*>,0.9042,24.66,72
20,connection from <*> () at Sun Jul 17 <*> 2005,exact,connection from <*> () at Sun Jul 17 <*>,1.0,connection from <*> () at Sun Jul 10 <*>,0.9904,connection from <*> () at Thu Jul 7 <*>,0.9042,24.78,72
21,connection from <*> () at Sun Jul 17 <*> 2005,exact,connection from <*> () at Sun Jul 17 <*>,1.0,connection from <*> () at Sun Jul 10 <*>,0.9904,connection from <*> () at Thu Jul 7 <*>,0.9042,25.58,72
22,connection from <*> () at Sun Jul 17 <*> 2005,exact,connection from <*> () at Sun Jul 17 <*>,1.0,connection from <*> () at Sun Jul 10 <*>,0.9904,connection from <*> () at Thu Jul 7 <*>,0.9042,24.67,72
23,connection from <*> () at Sun Jul 17 <*> 2005,exact,connection from <*> () at Sun Jul 17 <*>,1.0,connection from <*> () at Sun Jul 10 <*>,0.9904,connection from <*> () at Thu Jul 7 <*>,0.9042,24.71,72
24,connection from <*> () at Sun Jul 17 <*> 2005,exact,connection from <*> () at Sun Jul 17 <*>,1.0,connection from <*> () at Sun Jul 10 <*>,0.9904,connection from <*> () at Thu Jul 7 <*>,0.9042,25.12,72
25,connection from <*> () at Sun Jul 17 <*> 2005,exact,connection from <*> () at Sun Jul 17 <*>,1.0,connection from <*> () at Sun Jul 10 <*>,0.9904,connection from <*> () at Thu Jul 7 <*>,0.9042,24.7,72
26,connection from <*> () at Sun Jul 17 <*> 2005,exact,connection from <*> () at Sun Jul 17 <*>,1.0,connection from <*> () at Sun Jul 10 <*>,0.9904,connection from <*> () at Thu Jul 7 <*>,0.9042,24.63,72
27,connection from <*> () at Sun Jul 17 <*> 2005,exact,connection from <*> () at Sun Jul 17 <*>,1.0,connection from <*> () at Sun Jul 10 <*>,0.9904,connection from <*> () at Thu Jul 7 <*>,0.9042,24.7,72
28,connection from <*> () at Sun Jul 17 <*> 2005,exact,connection from <*> () at Sun Jul 17 <*>,1.0,connection from <*> () at Sun Jul 10 <*>,0.9904,connection from <*> () at Thu Jul 7 <*>,0.9042,24.6,72
29,connection from <*> () at Sun Jul 17 <*> 2005,exact,connection from <*> () at Sun Jul 17 <*>,1.0,connection from <*> () at Sun Jul 10 <*>,0.9904,connection from <*> () at Thu Jul 7 <*>,0.9042,24.48,72
30,authentication failure; logname= uid=0 euid=0 tty=NODEVssh ruser= rhost=61-220-159-99.hinet-ip.hinet.net user=root,exact,authentication failure; logname= uid=0 euid=0 tty=NODEVssh ruser= rhost=220-135-151-1.hinet-ip.hinet.net user=root,0.9981,authentication failure; logname= uid=0 euid=0 tty=NODEVssh ruser= rhost=ip-216-69-169-168.ip.secureserver.net,0.8258,authentication failure; logname= uid=0 euid=0 tty=NODEVssh ruser= rhost=62-192-102-94.dsl.easynet.nl user=root,0.8025,26.92,72
31,authentication failure; logname= uid=0 euid=0 tty=NODEVssh ruser= rhost=61-220-159-99.hinet-ip.hinet.net user=root,exact,authentication failure; logname= uid=0 euid=0 tty=NODEVssh ruser= rhost=220-135-151-1.hinet-ip.hinet.net user=root,0.9992,authentication failure; logname= uid=0 euid=0 tty=NODEVssh ruser= rhost=ip-216-69-169-168.ip.secureserver.net,0.8258,authentication failure; logname= uid=0 euid=0 tty=NODEVssh ruser= rhost=62-192-102-94.dsl.easynet.nl user=root,0.8025,26.95,72
32,authentication failure; logname= uid=0 euid=0 tty=NODEVssh ruser= rhost=61-220-159-99.hinet-ip.hinet.net user=root,exact,authentication failure; logname= uid=0 euid=0 tty=NODEVssh ruser= rhost=220-135-151-1.hinet-ip.hinet.net user=root,0.9995,authentication failure; logname= uid=0 euid=0 tty=NODEVssh ruser= rhost=ip-216-69-169-168.ip.secureserver.net,0.8258,authentication failure; logname= uid=0 euid=0 tty=NODEVssh ruser= rhost=62-192-102-94.dsl.easynet.nl user=root,0.8025,26.77,72
33,connection from <*> (host8.topspot.net) at Sun Jul 17 <*> 2005,fuzzy,connection from <*> (host<*>.maximumasp.com) at Sat Jul 9 <*>,0.6957,connection from <*> (dsl-Chn-static-<*>.touchtelindia.net) at Sun Jul 3 <*>,0.6367,connection from <*> (24-54-76-216.bflony.adelphia.net) at Fri Jun 17 <*>,0.6292,25.65,72
34,connection from <*> (host8.topspot.net) at Sun Jul 17 <*> 2005,partial,connection from <*> (host<*>.maximumasp.com) at Sat Jul 9 <*>,0.8572,connection from <*> (dsl-Chn-static-<*>.touchtelindia.net) at Sun Jul 3 <*>,0.6367,connection from <*> (24-54-76-216.bflony.adelphia.net) at Fri Jun 17 <*>,0.6292,25.06,72
35,connection from <*> (host8.topspot.net) at Sun Jul 17 <*> 2005,partial,connection from <*> (host<*>.maximumasp.com) at Sat Jul 9 <*>,0.9178,connection from <*> (dsl-Chn-static-<*>.touchtelindia.net) at Sun Jul 3 <*>,0.6367,connection from <*> (24-54-76-216.bflony.adelphia.net) at Fri Jun 17 <*>,0.6292,25.05,72
36,connection from <*> (host8.topspot.net) at Sun Jul 17 <*> 2005,partial,connection from <*> (host<*>.maximumasp.com) at Sat Jul 9 <*>,0.9468,connection from <*> (dsl-Chn-static-<*>.touchtelindia.net) at Sun Jul 3 <*>,0.6367,connection from <*> (24-54-76-216.bflony.adelphia.net) at Fri Jun 17 <*>,0.6292,25.09,72
37,connection from <*> (host8.topspot.net) at Sun Jul 17 <*> 2005,partial,connection from <*> (host<*>.maximumasp.com) at Sat Jul 9 <*>,0.9628,connection from <*> (dsl-Chn-static-<*>.touchtelindia.net) at Sun Jul 3 <*>,0.6367,connection from <*> (24-54-76-216.bflony.adelphia.net) at Fri Jun 17 <*>,0.6292,25.17,72
38,connection from <*> (host8.topspot.net) at Sun Jul 17 <*> 2005,partial,connection from <*> (host<*>.maximumasp.com) at Sat Jul 9 <*>,0.9726,connection from <*> (dsl-Chn-static-<*>.touchtelindia.net) at Sun Jul 3 <*>,0.6367,connection from <*> (24-54-76-216.bflony.adelphia.net) at Fri Jun 17 <*>,0.6292,24.85,72
39,connection from <*> (host8.topspot.net) at Sun Jul 17 <*> 2005,partial,connection from <*> (host<*>.maximumasp.com) at Sat Jul 9 <*>,0.9789,connection from <*> (dsl-Chn-static-<*>.touchtelindia.net) at Sun Jul 3 <*>,0.6367,connection from <*> (24-54-76-216.bflony.adelphia.net) at Fri Jun 17 <*>,0.6292,24.71,72
40,connection from <*> (host8.topspot.net) at Sun Jul 17 <*> 2005,partial,connection from <*> (host<*>.maximumasp.com) at Sat Jul 9 <*>,0.9833,connection from <*> (dsl-Chn-static-<*>.touchtelindia.net) at Sun Jul 3 <*>,0.6367,connection from <*> (24-54-76-216.bflony.adelphia.net) at Fri Jun 17 <*>,0.6292,24.9,72
41,connection from <*> (host8.topspot.net) at Sun Jul 17 <*> 2005,partial,connection from <*> (host<*>.maximumasp.com) at Sat Jul 9 <*>,0.9865,connection from <*> (dsl-Chn-static-<*>.touchtelindia.net) at Sun Jul 3 <*>,0.6367,connection from <*> (24-54-76-216.bflony.adelphia.net) at Fri Jun 17 <*>,0.6292,24.7,72
42,connection from <*> (host8.topspot.net) at Sun Jul 17 <*> 2005,partial,connection from <*> (host<*>.maximumasp.com) at Sat Jul 9 <*>,0.9888,connection from <*> (dsl-Chn-static-<*>.touchtelindia.net) at Sun Jul 3 <*>,0.6367,connection from <*> (24-54-76-216.bflony.adelphia.net) at Fri Jun 17 <*>,0.6292,24.92,72
43,connection from <*> (host8.topspot.net) at Sun Jul 17 <*> 2005,exact,connection from <*> (host<*>.maximumasp.com) at Sat Jul 9 <*>,0.9906,connection from <*> (dsl-Chn-static-<*>.touchtelindia.net) at Sun Jul 3 <*>,0.6367,connection from <*> (24-54-76-216.bflony.adelphia.net) at Fri Jun 17 <*>,0.6292,24.75,72
44,connection from <*> (host8.topspot.net) at Sun Jul 17 <*> 2005,exact,connection from <*> (host<*>.maximumasp.com) at Sat Jul 9 <*>,0.992,connection from <*> (dsl-Chn-static-<*>.touchtelindia.net) at Sun Jul 3 <*>,0.6367,connection from <*> (24-54-76-216.bflony.adelphia.net) at Fri Jun 17 <*>,0.6292,24.92,72
45,connection from <*> (host8.topspot.net) at Sun Jul 17 <*> 2005,exact,connection from <*> (host<*>.maximumasp.com) at Sat Jul 9 <*>,0.9931,connection from <*> (dsl-Chn-static-<*>.touchtelindia.net) at Sun Jul 3 <*>,0.6367,connection from <*> (24-54-76-216.bflony.adelphia.net) at Fri Jun 17 <*>,0.6292,24.87,72
46,connection from <*> (host8.topspot.net) at Sun Jul 17 <*> 2005,exact,connection from <*> (host<*>.maximumasp.com) at Sat Jul 9 <*>,0.994,connection from <*> (dsl-Chn-static-<*>.touchtelindia.net) at Sun Jul 3 <*>,0.6367,connection from <*> (24-54-76-216.bflony.adelphia.net) at Fri Jun 17 <*>,0.6292,24.81,72
47,connection from <*> (host8.topspot.net) at Sun Jul 17 <*> 2005,exact,connection from <*> (host<*>.maximumasp.com) at Sat Jul 9 <*>,0.9947,connection from <*> (dsl-Chn-static-<*>.touchtelindia.net) at Sun Jul 3 <*>,0.6367,connection from <*> (24-54-76-216.bflony.adelphia.net) at Fri Jun 17 <*>,0.6292,25.29,72
48,connection from <*> (host8.topspot.net) at Sun Jul 17 <*> 2005,exact,connection from <*> (host<*>.maximumasp.com) at Sat Jul 9 <*>,0.9953,connection from <*> (dsl-Chn-static-<*>.touchtelindia.net) at Sun Jul 3 <*>,0.6367,connection from <*> (24-54-76-216.bflony.adelphia.net) at Fri Jun 17 <*>,0.6292,25.41,72
49,connection from <*> (host8.topspot.net) at Sun Jul 17 <*> 2005,exact,connection from <*> (host<*>.maximumasp.com) at Sat Jul 9 <*>,0.9958,connection from <*> (dsl-Chn-static-<*>.touchtelindia.net) at Sun Jul 3 <*>,0.6367,connection from <*> (24-54-76-216.bflony.adelphia.net) at Fri Jun 17 <*>,0.6292,24.91,72
50,connection from <*> (host8.topspot.net) at Sun Jul 17 <*> 2005,exact,connection from <*> (host<*>.maximumasp.com) at Sat Jul 9 <*>,0.9962,connection from <*> (dsl-Chn-static-<*>.touchtelindia.net) at Sun Jul 3 <*>,0.6367,connection from <*> (24-54-76-216.bflony.adelphia.net) at Fri Jun 17 <*>,0.6292,24.82,72
51,connection from <*> (host8.topspot.net) at Sun Jul 17 <*> 2005,exact,connection from <*> (host<*>.maximumasp.com) at Sat Jul 9 <*>,0.9966,connection from <*> (dsl-Chn-static-<*>.touchtelindia.net) at Sun Jul 3 <*>,0.6367,connection from <*> (24-54-76-216.bflony.adelphia.net) at Fri Jun 17 <*>,0.6292,25.0,72
52,connection from <*> (host8.topspot.net) at Sun Jul 17 <*> 2005,exact,connection from <*> (host<*>.maximumasp.com) at Sat Jul 9 <*>,0.9969,connection from <*> (dsl-Chn-static-<*>.touchtelindia.net) at Sun Jul 3 <*>,0.6367,connection from <*> (24-54-76-216.bflony.adelphia.net) at Fri Jun 17 <*>,0.6292,24.9,72
53,connection from <*> (host8.topspot.net) at Sun Jul 17 <*> 2005,exact,connection from <*> (host<*>.maximumasp.com) at Sat Jul 9 <*>,0.9972,connection from <*> (dsl-Chn-static-<*>.touchtelindia.net) at Sun Jul 3 <*>,0.6367,connection from <*> (24-54-76-216.bflony.adelphia.net) at Fri Jun 17 <*>,0.6292,24.96,72
54,connection from <*> (host8.topspot.net) at Sun Jul 17 <*> 2005,exact,connection from <*> (host<*>.maximumasp.com) at Sat Jul 9 <*>,0.9974,connection from <*> (dsl-Chn-static-<*>.touchtelindia.net) at Sun Jul 3 <*>,0.6367,connection from <*> (24-54-76-216.bflony.adelphia.net) at Fri Jun 17 <*>,0.6292,24.89,72
55,connection from <*> (host8.topspot.net) at Sun Jul 17 <*> 2005,exact,connection from <*> (host<*>.maximumasp.com) at Sat Jul 9 <*>,0.9976,connection from <*> (dsl-Chn-static-<*>.touchtelindia.net) at Sun Jul 3 <*>,0.6367,connection from <*> (24-54-76-216.bflony.adelphia.net) at Fri Jun 17 <*>,0.6292,24.79,72
56,connection from <*> (host8.topspot.net) at Sun Jul 17 <*> 2005,exact,connection from <*> (host<*>.maximumasp.com) at Sat Jul 9 <*>,0.9978,connection from <*> (dsl-Chn-static-<*>.touchtelindia.net) at Sun Jul 3 <*>,0.6367,connection from <*> (24-54-76-216.bflony.adelphia.net) at Fri Jun 17 <*>,0.6292,25.07,72
57,connection from <*> (host8.topspot.net) at Sun Jul 17 <*> 2005,exact,connection from <*> (host<*>.maximumasp.com) at Sat Jul 9 <*>,0.998,connection from <*> (dsl-Chn-static-<*>.touchtelindia.net) at Sun Jul 3 <*>,0.6367,connection from <*> (24-54-76-216.bflony.adelphia.net) at Fri Jun 17 <*>,0.6292,24.77,72
58,connection from <*> (host8.topspot.net) at Sun Jul 17 <*> 2005,exact,connection from <*> (host<*>.maximumasp.com) at Sat Jul 9 <*>,0.9981,connection from <*> (dsl-Chn-static-<*>.touchtelindia.net) at Sun Jul 3 <*>,0.6367,connection from <*> (24-54-76-216.bflony.adelphia.net) at Fri Jun 17 <*>,0.6292,24.62,72
59,connection from <*> (host8.topspot.net) at Sun Jul 17 <*> 2005,exact,connection from <*> (host<*>.maximumasp.com) at Sat Jul 9 <*>,0.9983,connection from <*> (dsl-Chn-static-<*>.touchtelindia.net) at Sun Jul 3 <*>,0.6367,connection from <*> (24-54-76-216.bflony.adelphia.net) at Fri Jun 17 <*>,0.6292,25.06,72
60,connection from <*> (host8.topspot.net) at Sun Jul 17 <*> 2005,exact,connection from <*> (host<*>.maximumasp.com) at Sat Jul 9 <*>,0.9984,connection from <*> (dsl-Chn-static-<*>.touchtelindia.net) at Sun Jul 3 <*>,0.6367,connection from <*> (24-54-76-216.bflony.adelphia.net) at Fri Jun 17 <*>,0.6292,24.98,72
61,connection from <*> (host8.topspot.net) at Sun Jul 17 <*> 2005,exact,connection from <*> (host<*>.maximumasp.com) at Sat Jul 9 <*>,0.9985,connection from <*> (dsl-Chn-static-<*>.touchtelindia.net) at Sun Jul 3 <*>,0.6367,connection from <*> (24-54-76-216.bflony.adelphia.net) at Fri Jun 17 <*>,0.6292,24.87,72
62,connection from <*> (host8.topspot.net) at Sun Jul 17 <*> 2005,exact,connection from <*> (host<*>.maximumasp.com) at Sat Jul 9 <*>,0.9986,connection from <*> (dsl-Chn-static-<*>.touchtelindia.net) at Sun Jul 3 <*>,0.6367,connection from <*> (24-54-76-216.bflony.adelphia.net) at Fri Jun 17 <*>,0.6292,24.92,72
63,connection from <*> (host8.topspot.net) at Sun Jul 17 <*> 2005,exact,connection from <*> (host<*>.maximumasp.com) at Sat Jul 9 <*>,0.9987,connection from <*> (dsl-Chn-static-<*>.touchtelindia.net) at Sun Jul 3 <*>,0.6367,connection from <*> (24-54-76-216.bflony.adelphia.net) at Fri Jun 17 <*>,0.6292,24.93,72
64,connection from <*> (host8.topspot.net) at Sun Jul 17 <*> 2005,exact,connection from <*> (host<*>.maximumasp.com) at Sat Jul 9 <*>,0.9988,connection from <*> (dsl-Chn-static-<*>.touchtelindia.net) at Sun Jul 3 <*>,0.6367,connection from <*> (24-54-76-216.bflony.adelphia.net) at Fri Jun 17 <*>,0.6292,24.95,72
65,connection from <*> (host8.topspot.net) at Sun Jul 17 <*> 2005,exact,connection from <*> (host<*>.maximumasp.com) at Sat Jul 9 <*>,0.9988,connection from <*> (dsl-Chn-static-<*>.touchtelindia.net) at Sun Jul 3 <*>,0.6367,connection from <*> (24-54-76-216.bflony.adelphia.net) at Fri Jun 17 <*>,0.6292,24.82,72
66,connection from <*> (host8.topspot.net) at Sun Jul 17 <*> 2005,exact,connection from <*> (host<*>.maximumasp.com) at Sat Jul 9 <*>,0.9989,connection from <*> (dsl-Chn-static-<*>.touchtelindia.net) at Sun Jul 3 <*>,0.6367,connection from <*> (24-54-76-216.bflony.adelphia.net) at Fri Jun 17 <*>,0.6292,25.0,72
67,connection from <*> (host8.topspot.net) at Sun Jul 17 <*> 2005,exact,connection from <*> (host<*>.maximumasp.com) at Sat Jul 9 <*>,0.9989,connection from <*> (dsl-Chn-static-<*>.touchtelindia.net) at Sun Jul 3 <*>,0.6367,connection from <*> (24-54-76-216.bflony.adelphia.net) at Fri Jun 17 <*>,0.6292,25.0,72
68,connection from <*> (host8.topspot.net) at Sun Jul 17 <*> 2005,exact,connection from <*> (host<*>.maximumasp.com) at Sat Jul 9 <*>,0.999,connection from <*> (dsl-Chn-static-<*>.touchtelindia.net) at Sun Jul 3 <*>,0.6367,connection from <*> (24-54-76-216.bflony.adelphia.net) at Fri Jun 17 <*>,0.6292,24.91,72
69,connection from <*> (host8.topspot.net) at Sun Jul 17 <*> 2005,exact,connection from <*> (host<*>.maximumasp.com) at Sat Jul 9 <*>,0.9991,connection from <*> (dsl-Chn-static-<*>.touchtelindia.net) at Sun Jul 3 <*>,0.6367,connection from <*> (24-54-76-216.bflony.adelphia.net) at Fri Jun 17 <*>,0.6292,24.79,72
70,connection from <*> (host8.topspot.net) at Sun Jul 17 <*> 2005,exact,connection from <*> (host<*>.maximumasp.com) at Sat Jul 9 <*>,0.9991,connection from <*> (dsl-Chn-static-<*>.touchtelindia.net) at Sun Jul 3 <*>,0.6367,connection from <*> (24-54-76-216.bflony.adelphia.net) at Fri Jun 17 <*>,0.6292,24.81,72
71,connection from <*> (host8.topspot.net) at Sun Jul 17 <*> 2005,exact,connection from <*> (host<*>.maximumasp.com) at Sat Jul 9 <*>,0.9991,connection from <*> (dsl-Chn-static-<*>.touchtelindia.net) at Sun Jul 3 <*>,0.6367,connection from <*> (24-54-76-216.bflony.adelphia.net) at Fri Jun 17 <*>,0.6292,25.1,72
72,connection from <*> (host8.topspot.net) at Sun Jul 17 <*> 2005,exact,connection from <*> (host<*>.maximumasp.com) at Sat Jul 9 <*>,0.9992,connection from <*> (dsl-Chn-static-<*>.touchtelindia.net) at Sun Jul 3 <*>,0.6367,connection from <*> (24-54-76-216.bflony.adelphia.net) at Fri Jun 17 <*>,0.6292,25.31,72
73,connection from <*> (host8.topspot.net) at Sun Jul 17 <*> 2005,exact,connection from <*> (host<*>.maximumasp.com) at Sat Jul 9 <*>,0.9992,connection from <*> (dsl-Chn-static-<*>.touchtelindia.net) at Sun Jul 3 <*>,0.6367,connection from <*> (24-54-76-216.bflony.adelphia.net) at Fri Jun 17 <*>,0.6292,24.75,72
74,connection from <*> (host8.topspot.net) at Sun Jul 17 <*> 2005,exact,connection from <*> (host<*>.maximumasp.com) at Sat Jul 9 <*>,0.9993,connection from <*> (dsl-Chn-static-<*>.touchtelindia.net) at Sun Jul 3 <*>,0.6367,connection from <*> (24-54-76-216.bflony.adelphia.net) at Fri Jun 17 <*>,0.6292,24.96,72
75,connection from <*> (host8.topspot.net) at Sun Jul 17 <*> 2005,exact,connection from <*> (host<*>.maximumasp.com) at Sat Jul 9 <*>,0.9993,connection from <*> (dsl-Chn-static-<*>.touchtelindia.net) at Sun Jul 3 <*>,0.6367,connection from <*> (24-54-76-216.bflony.adelphia.net) at Fri Jun 17 <*>,0.6292,24.73,72
76,connection from <*> (host8.topspot.net) at Sun Jul 17 <*> 2005,exact,connection from <*> (host<*>.maximumasp.com) at Sat Jul 9 <*>,0.9993,connection from <*> (dsl-Chn-static-<*>.touchtelindia.net) at Sun Jul 3 <*>,0.6367,connection from <*> (24-54-76-216.bflony.adelphia.net) at Fri Jun 17 <*>,0.6292,24.94,72
77,connection from <*> (host8.topspot.net) at Sun Jul 17 <*> 2005,exact,connection from <*> (host<*>.maximumasp.com) at Sat Jul 9 <*>,0.9994,connection from <*> (dsl-Chn-static-<*>.touchtelindia.net) at Sun Jul 3 <*>,0.6367,connection from <*> (24-54-76-216.bflony.adelphia.net) at Fri Jun 17 <*>,0.6292,24.84,72
78,connection from <*> (host8.topspot.net) at Sun Jul 17 <*> 2005,exact,connection from <*> (host<*>.maximumasp.com) at Sat Jul 9 <*>,0.9994,connection from <*> (dsl-Chn-static-<*>.touchtelindia.net) at Sun Jul 3 <*>,0.6367,connection from <*> (24-54-76-216.bflony.adelphia.net) at Fri Jun 17 <*>,0.6292,24.75,72
79,connection from <*> (dsl-Chn-static-<*>.touchtelindia.net) at Sun Jul 17 <*> 2005,exact,connection from <*> (dsl-Chn-static-<*>.touchtelindia.net) at Sun Jul 3 <*>,0.9962,connection from <*> (dsl-082-083-227-067.arcor-ip.net) at Sun Jul 10 <*>,0.7441,connection from <*> (aml-sfh-3310b.adsl.wanadoo.nl) at Sun Jul 17 <*>,0.7136,25.66,72
80,connection from <*> (dsl-Chn-static-<*>.touchtelindia.net) at Sun Jul 17 <*> 2005,exact,connection from <*> (dsl-Chn-static-<*>.touchtelindia.net) at Sun Jul 3 <*>,0.9983,connection from <*> (dsl-082-083-227-067.arcor-ip.net) at Sun Jul 10 <*>,0.7441,connection from <*> (aml-sfh-3310b.adsl.wanadoo.nl) at Sun Jul 17 <*>,0.7136,25.42,72
81,connection from <*> (dsl-Chn-static-<*>.touchtelindia.net) at Sun Jul 17 <*> 2005,exact,connection from <*> (dsl-Chn-static-<*>.touchtelindia.net) at Sun Jul 3 <*>,0.999,connection from <*> (dsl-082-083-227-067.arcor-ip.net) at Sun Jul 10 <*>,0.7441,connection from <*> (aml-sfh-3310b.adsl.wanadoo.nl) at Sun Jul 17 <*>,0.7136,25.41,72
82,connection from <*> (dsl-Chn-static-<*>.touchtelindia.net) at Sun Jul 17 <*> 2005,exact,connection from <*> (dsl-Chn-static-<*>.touchtelindia.net) at Sun Jul 3 <*>,0.9994,connection from <*> (dsl-082-083-227-067.arcor-ip.net) at Sun Jul 10 <*>,0.7441,connection from <*> (aml-sfh-3310b.adsl.wanadoo.nl) at Sun Jul 17 <*>,0.7136,25.38,72
83,connection from <*> (dsl-Chn-static-<*>.touchtelindia.net) at Sun Jul 17 <*> 2005,exact,connection from <*> (dsl-Chn-static-<*>.touchtelindia.net) at Sun Jul 3 <*>,0.9996,connection from <*> (dsl-082-083-227-067.arcor-ip.net) at Sun Jul 10 <*>,0.7441,connection from <*> (aml-sfh-3310b.adsl.wanadoo.nl) at Sun Jul 17 <*>,0.7136,25.33,72
84,connection from <*> (dsl-Chn-static-<*>.touchtelindia.net) at Sun Jul 17 <*> 2005,exact,connection from <*> (dsl-Chn-static-<*>.touchtelindia.net) at Sun Jul 3 <*>,0.9997,connection from <*> (dsl-082-083-227-067.arcor-ip.net) at Sun Jul 10 <*>,0.7441,connection from <*> (aml-sfh-3310b.adsl.wanadoo.nl) at Sun Jul 17 <*>,0.7136,25.48,72
85,connection from <*> (dsl-Chn-static-<*>.touchtelindia.net) at Sun Jul 17 <*> 2005,exact,connection from <*> (dsl-Chn-static-<*>.touchtelindia.net) at Sun Jul 3 <*>,0.9998,connection from <*> (dsl-082-083-227-067.arcor-ip.net) at Sun Jul 10 <*>,0.7441,connection from <*> (aml-sfh-3310b.adsl.wanadoo.nl) at Sun Jul 17 <*>,0.7136,25.41,72
86,connection from <*> (dsl-Chn-static-<*>.touchtelindia.net) at Sun Jul 17 <*> 2005,exact,connection from <*> (dsl-Chn-static-<*>.touchtelindia.net) at Sun Jul 3 <*>,0.9998,connection from <*> (dsl-082-083-227-067.arcor-ip.net) at Sun Jul 10 <*>,0.7441,connection from <*> (aml-sfh-3310b.adsl.wanadoo.nl) at Sun Jul 17 <*>,0.7136,25.2,72
87,connection from <*> (dsl-Chn-static-<*>.touchtelindia.net) at Sun Jul 17 <*> 2005,exact,connection from <*> (dsl-Chn-static-<*>.touchtelindia.net) at Sun Jul 3 <*>,0.9998,connection from <*> (dsl-082-083-227-067.arcor-ip.net) at Sun Jul 10 <*>,0.7441,connection from <*> (aml-sfh-3310b.adsl.wanadoo.nl) at Sun Jul 17 <*>,0.7136,25.42,72
88,connection from <*> (dsl-Chn-static-<*>.touchtelindia.net) at Sun Jul 17 <*> 2005,exact,connection from <*> (dsl-Chn-static-<*>.touchtelindia.net) at Sun Jul 3 <*>,0.9999,connection from <*> (dsl-082-083-227-067.arcor-ip.net) at Sun Jul 10 <*>,0.7441,connection from <*> (aml-sfh-3310b.adsl.wanadoo.nl) at Sun Jul 17 <*>,0.7136,25.49,72
89,connection from <*> (dsl-Chn-static-<*>.touchtelindia.net) at Sun Jul 17 <*> 2005,exact,connection from <*> (dsl-Chn-static-<*>.touchtelindia.net) at Sun Jul 3 <*>,0.9999,connection from <*> (dsl-082-083-227-067.arcor-ip.net) at Sun Jul 10 <*>,0.7441,connection from <*> (aml-sfh-3310b.adsl.wanadoo.nl) at Sun Jul 17 <*>,0.7136,25.54,72
90,connection from <*> (dsl-Chn-static-<*>.touchtelindia.net) at Sun Jul 17 <*> 2005,exact,connection from <*> (dsl-Chn-static-<*>.touchtelindia.net) at Sun Jul 3 <*>,0.9999,connection from <*> (dsl-082-083-227-067.arcor-ip.net) at Sun Jul 10 <*>,0.7441,connection from <*> (aml-sfh-3310b.adsl.wanadoo.nl) at Sun Jul 17 <*>,0.7136,25.37,72
91,connection from <*> (dsl-Chn-static-<*>.touchtelindia.net) at Sun Jul 17 <*> 2005,exact,connection from <*> (dsl-Chn-static-<*>.touchtelindia.net) at Sun Jul 3 <*>,0.9999,connection from <*> (dsl-082-083-227-067.arcor-ip.net) at Sun Jul 10 <*>,0.7441,connection from <*> (aml-sfh-3310b.adsl.wanadoo.nl) at Sun Jul 17 <*>,0.7136,25.46,72
92,connection from <*> (dsl-Chn-static-<*>.touchtelindia.net) at Sun Jul 17 <*> 2005,exact,connection from <*> (dsl-Chn-static-<*>.touchtelindia.net) at Sun Jul 3 <*>,0.9999,connection from <*> (dsl-082-083-227-067.arcor-ip.net) at Sun Jul 10 <*>,0.7441,connection from <*> (aml-sfh-3310b.adsl.wanadoo.nl) at Sun Jul 17 <*>,0.7136,25.7,72
93,connection from <*> (dsl-Chn-static-<*>.touchtelindia.net) at Sun Jul 17 <*> 2005,exact,connection from <*> (dsl-Chn-static-<*>.touchtelindia.net) at Sun Jul 3 <*>,0.9999,connection from <*> (dsl-082-083-227-067.arcor-ip.net) at Sun Jul 10 <*>,0.7441,connection from <*> (aml-sfh-3310b.adsl.wanadoo.nl) at Sun Jul 17 <*>,0.7136,25.71,72
94,connection from <*> (dsl-Chn-static-<*>.touchtelindia.net) at Sun Jul 17 <*> 2005,exact,connection from <*> (dsl-Chn-static-<*>.touchtelindia.net) at Sun Jul 3 <*>,0.9999,connection from <*> (dsl-082-083-227-067.arcor-ip.net) at Sun Jul 10 <*>,0.7441,connection from <*> (aml-sfh-3310b.adsl.wanadoo.nl) at Sun Jul 17 <*>,0.7136,25.35,72
95,connection from <*> (dsl-Chn-static-<*>.touchtelindia.net) at Sun Jul 17 <*> 2005,exact,connection from <*> (dsl-Chn-static-<*>.touchtelindia.net) at Sun Jul 3 <*>,1.0,connection from <*> (dsl-082-083-227-067.arcor-ip.net) at Sun Jul 10 <*>,0.7441,connection from <*> (aml-sfh-3310b.adsl.wanadoo.nl) at Sun Jul 17 <*>,0.7136,25.86,72
96,connection from <*> (dsl-Chn-static-<*>.touchtelindia.net) at Sun Jul 17 <*> 2005,exact,connection from <*> (dsl-Chn-static-<*>.touchtelindia.net) at Sun Jul 3 <*>,1.0,connection from <*> (dsl-082-083-227-067.arcor-ip.net) at Sun Jul 10 <*>,0.7441,connection from <*> (aml-sfh-3310b.adsl.wanadoo.nl) at Sun Jul 17 <*>,0.7136,25.86,72
97,connection from <*> (dsl-Chn-static-<*>.touchtelindia.net) at Sun Jul 17 <*> 2005,exact,connection from <*> (dsl-Chn-static-<*>.touchtelindia.net) at Sun Jul 3 <*>,1.0,connection from <*> (dsl-082-083-227-067.arcor-ip.net) at Sun Jul 10 <*>,0.7441,connection from <*> (aml-sfh-3310b.adsl.wanadoo.nl) at Sun Jul 17 <*>,0.7136,25.49,72
98,connection from <*> (dsl-Chn-static-<*>.touchtelindia.net) at Sun Jul 17 <*> 2005,exact,connection from <*> (dsl-Chn-static-<*>.touchtelindia.net) at Sun Jul 3 <*>,1.0,connection from <*> (dsl-082-083-227-067.arcor-ip.net) at Sun Jul 10 <*>,0.7441,connection from <*> (aml-sfh-3310b.adsl.wanadoo.nl) at Sun Jul 17 <*>,0.7136,25.46,72
99,connection from <*> (dsl-Chn-static-<*>.touchtelindia.net) at Sun Jul 17 <*> 2005,exact,connection from <*> (dsl-Chn-static-<*>.touchtelindia.net) at Sun Jul 3 <*>,1.0,connection from <*> (dsl-082-083-227-067.arcor-ip.net) at Sun Jul 10 <*>,0.7441,connection from <*> (aml-sfh-3310b.adsl.wanadoo.nl) at Sun Jul 17 <*>,0.7136,25.49,72
100,connection from <*> (dsl-Chn-static-<*>.touchtelindia.net) at Sun Jul 17 <*> 2005,exact,connection from <*> (dsl-Chn-static-<*>.touchtelindia.net) at Sun Jul 3 <*>,1.0,connection from <*> (dsl-082-083-227-067.arcor-ip.net) at Sun Jul 10 <*>,0.7441,connection from <*> (aml-sfh-3310b.adsl.wanadoo.nl) at Sun Jul 17 <*>,0.7136,25.59,72
101,connection from <*> (dsl-Chn-static-<*>.touchtelindia.net) at Sun Jul 17 <*> 2005,exact,connection from <*> (dsl-Chn-static-<*>.touchtelindia.net) at Sun Jul 3 <*>,1.0,connection from <*> (dsl-082-083-227-067.arcor-ip.net) at Sun Jul 10 <*>,0.7441,connection from <*> (aml-sfh-3310b.adsl.wanadoo.nl) at Sun Jul 17 <*>,0.7136,25.66,72
102,connection from <*> (82-68-222-194.dsl.in-addr.zen.co.uk) at Sun Jul 17 <*> 2005,fuzzy,connection from <*> (dsl-Chn-static-<*>.touchtelindia.net) at Sun Jul 3 <*>,0.7291,connection from <*> (aml-sfh-3310b.adsl.wanadoo.nl) at Sun Jul 17 <*>,0.7252,connection from <*> (24-54-76-216.bflony.adelphia.net) at Fri Jun 17 <*>,0.7156,28.17,72
103,connection from <*> (82-68-222-194.dsl.in-addr.zen.co.uk) at Sun Jul 17 <*> 2005,fuzzy,connection from <*> (dsl-Chn-static-<*>.touchtelindia.net) at Sun Jul 3 <*>,0.747,connection from <*> (aml-sfh-3310b.adsl.wanadoo.nl) at Sun Jul 17 <*>,0.7252,connection from <*> (24-54-76-216.bflony.adelphia.net) at Fri Jun 17 <*>,0.7156,27.25,72
104,connection from <*> (82-68-222-194.dsl.in-addr.zen.co.uk) at Sun Jul 17 <*> 2005,fuzzy,connection from <*> (dsl-Chn-static-<*>.touchtelindia.net) at Sun Jul 3 <*>,0.7633,connection from <*> (aml-sfh-3310b.adsl.wanadoo.nl) at Sun Jul 17 <*>,0.7252,connection from <*> (24-54-76-216.bflony.adelphia.net) at Fri Jun 17 <*>,0.7156,25.81,72
105,connection from <*> (82-68-222-194.dsl.in-addr.zen.co.uk) at Sun Jul 17 <*> 2005,fuzzy,connection from <*> (dsl-Chn-static-<*>.touchtelindia.net) at Sun Jul 3 <*>,0.7781,connection from <*> (aml-sfh-3310b.adsl.wanadoo.nl) at Sun Jul 17 <*>,0.7252,connection from <*> (24-54-76-216.bflony.adelphia.net) at Fri Jun 17 <*>,0.7156,25.7,72
106,connection from <*> (82-68-222-194.dsl.in-addr.zen.co.uk) at Sun Jul 17 <*> 2005,fuzzy,connection from <*> (dsl-Chn-static-<*>.touchtelindia.net) at Sun Jul 3 <*>,0.7916,connection from <*> (aml-sfh-3310b.adsl.wanadoo.nl) at Sun Jul 17 <*>,0.7252,connection from <*> (24-54-76-216.bflony.adelphia.net) at Fri Jun 17 <*>,0.7156,25.5,72
107,connection from <*> (82-68-222-194.dsl.in-addr.zen.co.uk) at Sun Jul 17 <*> 2005,partial,connection from <*> (dsl-Chn-static-<*>.touchtelindia.net) at Sun Jul 3 <*>,0.804,connection from <*> (aml-sfh-3310b.adsl.wanadoo.nl) at Sun Jul 17 <*>,0.7252,connection from <*> (24-54-76-216.bflony.adelphia.net) at Fri Jun 17 <*>,0.7156,25.77,72
108,connection from <*> (82-68-222-194.dsl.in-addr.zen.co.uk) at Sun Jul 17 <*> 2005,partial,connection from <*> (dsl-Chn-static-<*>.touchtelindia.net) at Sun Jul 3 <*>,0.8153,connection from <*> (aml-sfh-3310b.adsl.wanadoo.nl) at Sun Jul 17 <*>,0.7252,connection from <*> (24-54-76-216.bflony.adelphia.net) at Fri Jun 17 <*>,0.7156,25.82,72
109,connection from <*> (82-68-222-194.dsl.in-addr.zen.co.uk) at Sun Jul 17 <*> 2005,partial,connection from <*> (dsl-Chn-static-<*>.touchtelindia.net) at Sun Jul 3 <*>,0.8257,connection from <*> (aml-sfh-3310b.adsl.wanadoo.nl) at Sun Jul 17 <*>,0.7252,connection from <*> (24-54-76-216.bflony.adelphia.net) at Fri Jun 17 <*>,0.7156,25.63,72
110,connection from <*> (82-68-222-194.dsl.in-addr.zen.co.uk) at Sun Jul 17 <*> 2005,partial,connection from <*> (dsl-Chn-static-<*>.touchtelindia.net) at Sun Jul 3 <*>,0.8353,connection from <*> (aml-sfh-3310b.adsl.wanadoo.nl) at Sun Jul 17 <*>,0.7252,connection from <*> (24-54-76-216.bflony.adelphia.net) at Fri Jun 17 <*>,0.7156,25.56,72
111,connection from <*> (82-68-222-194.dsl.in-addr.zen.co.uk) at Sun Jul 17 <*> 2005,partial,connection from <*> (dsl-Chn-static-<*>.touchtelindia.net) at Sun Jul 3 <*>,0.8441,connection from <*> (aml-sfh-3310b.adsl.wanadoo.nl) at Sun Jul 17 <*>,0.7252,connection from <*> (24-54-76-216.bflony.adelphia.net) at Fri Jun 17 <*>,0.7156,25.65,72
112,connection from <*> (82-68-222-194.dsl.in-addr.zen.co.uk) at Sun Jul 17 <*> 2005,partial,connection from <*> (dsl-Chn-static-<*>.touchtelindia.net) at Sun Jul 3 <*>,0.8523,connection from <*> (aml-sfh-3310b.adsl.wanadoo.nl) at Sun Jul 17 <*>,0.7252,connection from <*> (24-54-76-216.bflony.adelphia.net) at Fri Jun 17 <*>,0.7156,25.5,72
113,connection from <*> (82-68-222-194.dsl.in-addr.zen.co.uk) at Sun Jul 17 <*> 2005,partial,connection from <*> (dsl-Chn-static-<*>.touchtelindia.net) at Sun Jul 3 <*>,0.8598,connection from <*> (aml-sfh-3310b.adsl.wanadoo.nl) at Sun Jul 17 <*>,0.7252,connection from <*> (24-54-76-216.bflony.adelphia.net) at Fri Jun 17 <*>,0.7156,25.44,72
114,connection from <*> (82-68-222-194.dsl.in-addr.zen.co.uk) at Sun Jul 17 <*> 2005,partial,connection from <*> (dsl-Chn-static-<*>.touchtelindia.net) at Sun Jul 3 <*>,0.8668,connection from <*> (aml-sfh-3310b.adsl.wanadoo.nl) at Sun Jul 17 <*>,0.7252,connection from <*> (24-54-76-216.bflony.adelphia.net) at Fri Jun 17 <*>,0.7156,25.85,72
115,connection from <*> (82-68-222-194.dsl.in-addr.zen.co.uk) at Sun Jul 17 <*> 2005,partial,connection from <*> (dsl-Chn-static-<*>.touchtelindia.net) at Sun Jul 3 <*>,0.8733,connection from <*> (aml-sfh-3310b.adsl.wanadoo.nl) at Sun Jul 17 <*>,0.7252,connection from <*> (24-54-76-216.bflony.adelphia.net) at Fri Jun 17 <*>,0.7156,25.54,72
116,connection from <*> (82-68-222-194.dsl.in-addr.zen.co.uk) at Sun Jul 17 <*> 2005,partial,connection from <*> (dsl-Chn-static-<*>.touchtelindia.net) at Sun Jul 3 <*>,0.8793,connection from <*> (aml-sfh-3310b.adsl.wanadoo.nl) at Sun Jul 17 <*>,0.7252,connection from <*> (24-54-76-216.bflony.adelphia.net) at Fri Jun 17 <*>,0.7156,25.56,72
117,connection from <*> (82-68-222-194.dsl.in-addr.zen.co.uk) at Sun Jul 17 <*> 2005,partial,connection from <*> (dsl-Chn-static-<*>.touchtelindia.net) at Sun Jul 3 <*>,0.8849,connection from <*> (aml-sfh-3310b.adsl.wanadoo.nl) at Sun Jul 17 <*>,0.7252,connection from <*> (24-54-76-216.bflony.adelphia.net) at Fri Jun 17 <*>,0.7156,25.13,72
118,connection from <*> (82-68-222-194.dsl.in-addr.zen.co.uk) at Sun Jul 17 <*> 2005,partial,connection from <*> (dsl-Chn-static-<*>.touchtelindia.net) at Sun Jul 3 <*>,0.8902,connection from <*> (aml-sfh-3310b.adsl.wanadoo.nl) at Sun Jul 17 <*>,0.7252,connection from <*> (24-54-76-216.bflony.adelphia.net) at Fri Jun 17 <*>,0.7156,26.03,72
119,connection from <*> (82-68-222-194.dsl.in-addr.zen.co.uk) at Sun Jul 17 <*> 2005,partial,connection from <*> (dsl-Chn-static-<*>.touchtelindia.net) at Sun Jul 3 <*>,0.8951,connection from <*> (aml-sfh-3310b.adsl.wanadoo.nl) at Sun Jul 17 <*>,0.7252,connection from <*> (24-54-76-216.bflony.adelphia.net) at Fri Jun 17 <*>,0.7156,25.79,72
120,connection from <*> (82-68-222-194.dsl.in-addr.zen.co.uk) at Sun Jul 17 <*> 2005,partial,connection from <*> (dsl-Chn-static-<*>.touchtelindia.net) at Sun Jul 3 <*>,0.8997,connection from <*> (aml-sfh-3310b.adsl.wanadoo.nl) at Sun Jul 17 <*>,0.7252,connection from <*> (24-54-76-216.bflony.adelphia.net) at Fri Jun 17 <*>,0.7156,25.76,72
121,connection from <*> (82-68-222-194.dsl.in-addr.zen.co.uk) at Sun Jul 17 <*> 2005,partial,connection from <*> (dsl-Chn-static-<*>.touchtelindia.net) at Sun Jul 3 <*>,0.904,connection from <*> (aml-sfh-3310b.adsl.wanadoo.nl) at Sun Jul 17 <*>,0.7252,connection from <*> (24-54-76-216.bflony.adelphia.net) at Fri Jun 17 <*>,0.7156,25.72,72
122,connection from <*> (82-68-222-194.dsl.in-addr.zen.co.uk) at Sun Jul 17 <*> 2005,partial,connection from <*> (dsl-Chn-static-<*>.touchtelindia.net) at Sun Jul 3 <*>,0.908,connection from <*> (aml-sfh-3310b.adsl.wanadoo.nl) at Sun Jul 17 <*>,0.7252,connection from <*> (24-54-76-216.bflony.adelphia.net) at Fri Jun 17 <*>,0.7156,25.7,72
123,connection from <*> (82-68-222-194.dsl.in-addr.zen.co.uk) at Sun Jul 17 <*> 2005,partial,connection from <*> (dsl-Chn-static-<*>.touchtelindia.net) at Sun Jul 3 <*>,0.9118,connection from <*> (aml-sfh-3310b.adsl.wanadoo.nl) at Sun Jul 17 <*>,0.7252,connection from <*> (24-54-76-216.bflony.adelphia.net) at Fri Jun 17 <*>,0.7156,25.46,72
124,connection from <*> (82-68-222-194.dsl.in-addr.zen.co.uk) at Sun Jul 17 <*> 2005,partial,connection from <*> (dsl-Chn-static-<*>.touchtelindia.net) at Sun Jul 3 <*>,0.9154,connection from <*> (aml-sfh-3310b.adsl.wanadoo.nl) at Sun Jul 17 <*>,0.7252,connection from <*> (24-54-76-216.bflony.adelphia.net) at Fri Jun 17 <*>,0.7156,25.76,72
125,connection from <*> (82-68-222-195.dsl.in-addr.zen.co.uk) at Sun Jul 17 <*> 2005,partial,connection from <*> (dsl-Chn-static-<*>.touchtelindia.net) at Sun Jul 3 <*>,0.9148,connection from <*> (dsl-082-083-227-067.arcor-ip.net) at Sun Jul 10 <*>,0.7189,connection from <*> (aml-sfh-3310b.adsl.wanadoo.nl) at Sun Jul 17 <*>,0.7184,25.98,72
126,connection from <*> (82-68-222-195.dsl.in-addr.zen.co.uk) at Sun Jul 17 <*> 2005,partial,connection from <*> (dsl-Chn-static-<*>.touchtelindia.net) at Sun Jul 3 <*>,0.9181,connection from <*> (dsl-082-083-227-067.arcor-ip.net) at Sun Jul 10 <*>,0.7189,connection from <*> (aml-sfh-3310b.adsl.wanadoo.nl) at Sun Jul 17 <*>,0.7184,25.8,72
127,connection from <*> (82-68-222-195.dsl.in-addr.zen.co.uk) at Sun Jul 17 <*> 2005,partial,connection from <*> (dsl-Chn-static-<*>.touchtelindia.net) at Sun Jul 3 <*>,0.9212,connection from <*> (dsl-082-083-227-067.arcor-ip.net) at Sun Jul 10 <*>,0.7189,connection from <*> (aml-sfh-3310b.adsl.wanadoo.nl) at Sun Jul 17 <*>,0.7184,26.42,72
128,connection from <*> (82-68-222-195.dsl.in-addr.zen.co.uk) at Sun Jul 17 <*> 2005,partial,connection from <*> (dsl-Chn-static-<*>.touchtelindia.net) at Sun Jul 3 <*>,0.9242,connection from <*> (dsl-082-083-227-067.arcor-ip.net) at Sun Jul 10 <*>,0.7189,connection from <*> (aml-sfh-3310b.adsl.wanadoo.nl) at Sun Jul 17 <*>,0.7184,25.67,72
129,connection from <*> (82-68-222-195.dsl.in-addr.zen.co.uk) at Sun Jul 17 <*> 2005,partial,connection from <*> (dsl-Chn-static-<*>.touchtelindia.net) at Sun Jul 3 <*>,0.927,connection from <*> (dsl-082-083-227-067.arcor-ip.net) at Sun Jul 10 <*>,0.7189,connection from <*> (aml-sfh-3310b.adsl.wanadoo.nl) at Sun Jul 17 <*>,0.7184,25.73,72
130,connection from <*> (82-68-222-195.dsl.in-addr.zen.co.uk) at Sun Jul 17 <*> 2005,partial,connection from <*> (dsl-Chn-static-<*>.touchtelindia.net) at Sun Jul 3 <*>,0.9296,connection from <*> (dsl-082-083-227-067.arcor-ip.net) at Sun Jul 10 <*>,0.7189,connection from <*> (aml-sfh-3310b.adsl.wanadoo.nl) at Sun Jul 17 <*>,0.7184,25.67,72
131,connection from <*> (82-68-222-195.dsl.in-addr.zen.co.uk) at Sun Jul 17 <*> 2005,partial,connection from <*> (dsl-Chn-static-<*>.touchtelindia.net) at Sun Jul 3 <*>,0.9321,connection from <*> (dsl-082-083-227-067.arcor-ip.net) at Sun Jul 10 <*>,0.7189,connection from <*> (aml-sfh-3310b.adsl.wanadoo.nl) at Sun Jul 17 <*>,0.7184,25.67,72
132,connection from <*> (82-68-222-195.dsl.in-addr.zen.co.uk) at Sun Jul 17 <*> 2005,partial,connection from <*> (dsl-Chn-static-<*>.touchtelindia.net) at Sun Jul 3 <*>,0.9345,connection from <*> (dsl-082-083-227-067.arcor-ip.net) at Sun Jul 10 <*>,0.7189,connection from <*> (aml-sfh-3310b.adsl.wanadoo.nl) at Sun Jul 17 <*>,0.7184,25.48,72
133,connection from <*> (82-68-222-195.dsl.in-addr.zen.co.uk) at Sun Jul 17 <*> 2005,partial,connection from <*> (dsl-Chn-static-<*>.touchtelindia.net) at Sun Jul 3 <*>,0.9367,connection from <*> (dsl-082-083-227-067.arcor-ip.net) at Sun Jul 10 <*>,0.7189,connection from <*> (aml-sfh-3310b.adsl.wanadoo.nl) at Sun Jul 17 <*>,0.7184,25.63,72
134,connection from <*> (82-68-222-195.dsl.in-addr.zen.co.uk) at Sun Jul 17 <*> 2005,partial,connection from <*> (dsl-Chn-static-<*>.touchtelindia.net) at Sun Jul 3 <*>,0.9388,connection from <*> (dsl-082-083-227-067.arcor-ip.net) at Sun Jul 10 <*>,0.7189,connection from <*> (aml-sfh-3310b.adsl.wanadoo.nl) at Sun Jul 17 <*>,0.7184,25.71,72
135,connection from <*> (82-68-222-195.dsl.in-addr.zen.co.uk) at Sun Jul 17 <*> 2005,partial,connection from <*> (dsl-Chn-static-<*>.touchtelindia.net) at Sun Jul 3 <*>,0.9409,connection from <*> (dsl-082-083-227-067.arcor-ip.net) at Sun Jul 10 <*>,0.7189,connection from <*> (aml-sfh-3310b.adsl.wanadoo.nl) at Sun Jul 17 <*>,0.7184,25.64,72
136,connection from <*> (82-68-222-195.dsl.in-addr.zen.co.uk) at Sun Jul 17 <*> 2005,partial,connection from <*> (dsl-Chn-static-<*>.touchtelindia.net) at Sun Jul 3 <*>,0.9428,connection from <*> (dsl-082-083-227-067.arcor-ip.net) at Sun Jul 10 <*>,0.7189,connection from <*> (aml-sfh-3310b.adsl.wanadoo.nl) at Sun Jul 17 <*>,0.7184,25.77,72
137,connection from <*> (82-68-222-195.dsl.in-addr.zen.co.uk) at Sun Jul 17 <*> 2005,partial,connection from <*> (dsl-Chn-static-<*>.touchtelindia.net) at Sun Jul 3 <*>,0.9446,connection from <*> (dsl-082-083-227-067.arcor-ip.net) at Sun Jul 10 <*>,0.7189,connection from <*> (aml-sfh-3310b.adsl.wanadoo.nl) at Sun Jul 17 <*>,0.7184,25.78,72
138,connection from <*> (82-68-222-195.dsl.in-addr.zen.co.uk) at Sun Jul 17 <*> 2005,partial,connection from <*> (dsl-Chn-static-<*>.touchtelindia.net) at Sun Jul 3 <*>,0.9464,connection from <*> (dsl-082-083-227-067.arcor-ip.net) at Sun Jul 10 <*>,0.7189,connection from <*> (aml-sfh-3310b.adsl.wanadoo.nl) at Sun Jul 17 <*>,0.7184,26.03,72
139,connection from <*> (82-68-222-195.dsl.in-addr.zen.co.uk) at Sun Jul 17 <*> 2005,partial,connection from <*> (dsl-Chn-static-<*>.touchtelindia.net) at Sun Jul 3 <*>,0.9481,connection from <*> (dsl-082-083-227-067.arcor-ip.net) at Sun Jul 10 <*>,0.7189,connection from <*> (aml-sfh-3310b.adsl.wanadoo.nl) at Sun Jul 17 <*>,0.7184,25.97,72
140,connection from <*> (82-68-222-195.dsl.in-addr.zen.co.uk) at Sun Jul 17 <*> 2005,partial,connection from <*> (dsl-Chn-static-<*>.touchtelindia.net) at Sun Jul 3 <*>,0.9497,connection from <*> (dsl-082-083-227-067.arcor-ip.net) at Sun Jul 10 <*>,0.7189,connection from <*> (aml-sfh-3310b.adsl.wanadoo.nl) at Sun Jul 17 <*>,0.7184,25.86,72
141,connection from <*> (82-68-222-195.dsl.in-addr.zen.co.uk) at Sun Jul 17 <*> 2005,partial,connection from <*> (dsl-Chn-static-<*>.touchtelindia.net) at Sun Jul 3 <*>,0.9512,connection from <*> (dsl-082-083-227-067.arcor-ip.net) at Sun Jul 10 <*>,0.7189,connection from <*> (aml-sfh-3310b.adsl.wanadoo.nl) at Sun Jul 17 <*>,0.7184,25.85,72
142,connection from <*> (82-68-222-195.dsl.in-addr.zen.co.uk) at Sun Jul 17 <*> 2005,partial,connection from <*> (dsl-Chn-static-<*>.touchtelindia.net) at Sun Jul 3 <*>,0.9526,connection from <*> (dsl-082-083-227-067.arcor-ip.net) at Sun Jul 10 <*>,0.7189,connection from <*> (aml-sfh-3310b.adsl.wanadoo.nl) at Sun Jul 17 <*>,0.7184,26.38,72
143,connection from <*> (82-68-222-195.dsl.in-addr.zen.co.uk) at Sun Jul 17 <*> 2005,partial,connection from <*> (dsl-Chn-static-<*>.touchtelindia.net) at Sun Jul 3 <*>,0.954,connection from <*> (dsl-082-083-227-067.arcor-ip.net) at Sun Jul 10 <*>,0.7189,connection from <*> (aml-sfh-3310b.adsl.wanadoo.nl) at Sun Jul 17 <*>,0.7184,25.55,72
144,connection from <*> (82-68-222-195.dsl.in-addr.zen.co.uk) at Sun Jul 17 <*> 2005,partial,connection from <*> (dsl-Chn-static-<*>.touchtelindia.net) at Sun Jul 3 <*>,0.9554,connection from <*> (dsl-082-083-227-067.arcor-ip.net) at Sun Jul 10 <*>,0.7189,connection from <*> (aml-sfh-3310b.adsl.wanadoo.nl) at Sun Jul 17 <*>,0.7184,25.58,72
145,connection from <*> (82-68-222-195.dsl.in-addr.zen.co.uk) at Sun Jul 17 <*> 2005,partial,connection from <*> (dsl-Chn-static-<*>.touchtelindia.net) at Sun Jul 3 <*>,0.9566,connection from <*> (dsl-082-083-227-067.arcor-ip.net) at Sun Jul 10 <*>,0.7189,connection from <*> (aml-sfh-3310b.adsl.wanadoo.nl) at Sun Jul 17 <*>,0.7184,25.7,72
146,connection from <*> (82-68-222-195.dsl.in-addr.zen.co.uk) at Sun Jul 17 <*> 2005,partial,connection from <*> (dsl-Chn-static-<*>.touchtelindia.net) at Sun Jul 3 <*>,0.9579,connection from <*> (dsl-082-083-227-067.arcor-ip.net) at Sun Jul 10 <*>,0.7189,connection from <*> (aml-sfh-3310b.adsl.wanadoo.nl) at Sun Jul 17 <*>,0.7184,25.64,72
147,connection from <*> (82-68-222-195.dsl.in-addr.zen.co.uk) at Sun Jul 17 <*> 2005,partial,connection from <*> (dsl-Chn-static-<*>.touchtelindia.net) at Sun Jul 3 <*>,0.959,connection from <*> (dsl-082-083-227-067.arcor-ip.net) at Sun Jul 10 <*>,0.7189,connection from <*> (aml-sfh-3310b.adsl.wanadoo.nl) at Sun Jul 17 <*>,0.7184,25.63,72
148,connection from <*> () at Mon Jul 18 <*> 2005,partial,connection from <*> () at Mon Jun 20 <*>,0.9694,connection from <*> () at Thu Jul 7 <*>,0.96,connection from <*> () at Fri Jul 15 <*>,0.9459,24.8,72
149,connection from <*> () at Mon Jul 18 <*> 2005,partial,connection from <*> () at Mon Jun 20 <*>,0.9863,connection from <*> () at Thu Jul 7 <*>,0.96,connection from <*> () at Fri Jul 15 <*>,0.9459,24.7,72
150,connection from <*> () at Mon Jul 18 <*> 2005,exact,connection from <*> () at Mon Jun 20 <*>,0.9923,connection from <*> () at Thu Jul 7 <*>,0.96,connection from <*> () at Fri Jul 15 <*>,0.9459,24.99,72
151,connection from <*> () at Mon Jul 18 <*> 2005,exact,connection from <*> () at Mon Jun 20 <*>,0.9951,connection from <*> () at Thu Jul 7 <*>,0.96,connection from <*> () at Fri Jul 15 <*>,0.9459,25.57,72
152,connection from <*> () at Mon Jul 18 <*> 2005,exact,connection from <*> () at Mon Jun 20 <*>,0.9966,connection from <*> () at Thu Jul 7 <*>,0.96,connection from <*> () at Fri Jul 15 <*>,0.9459,26.23,72
153,connection from <*> () at Mon Jul 18 <*> 2005,exact,connection from <*> () at Mon Jun 20 <*>,0.9975,connection from <*> () at Thu Jul 7 <*>,0.96,connection from <*> () at Fri Jul 15 <*>,0.9459,26.01,72
154,connection from <*> () at Mon Jul 18 <*> 2005,exact,connection from <*> () at Mon Jun 20 <*>,0.9981,connection from <*> () at Thu Jul 7 <*>,0.96,connection from <*> () at Fri Jul 15 <*>,0.9459,25.65,72
155,connection from <*> () at Mon Jul 18 <*> 2005,exact,connection from <*> () at Mon Jun 20 <*>,0.9985,connection from <*> () at Thu Jul 7 <*>,0.96,connection from <*> () at Fri Jul 15 <*>,0.9459,25.98,72
156,connection from <*> () at Mon Jul 18 <*> 2005,exact,connection from <*> () at Mon Jun 20 <*>,0.9988,connection from <*> () at Thu Jul 7 <*>,0.96,connection from <*> () at Fri Jul 15 <*>,0.9459,25.89,72
157,connection from <*> () at Mon Jul 18 <*> 2005,exact,connection from <*> () at Mon Jun 20 <*>,0.999,connection from <*> () at Thu Jul 7 <*>,0.96,connection from <*> () at Fri Jul 15 <*>,0.9459,25.19,72
158,connection from <*> () at Mon Jul 18 <*> 2005,exact,connection from <*> () at Mon Jun 20 <*>,0.9991,connection from <*> () at Thu Jul 7 <*>,0.96,connection from <*> () at Fri Jul 15 <*>,0.9459,24.66,72
159,connection from <*> () at Mon Jul 18 <*> 2005,exact,connection from <*> () at Mon Jun 20 <*>,0.9993,connection from <*> () at Thu Jul 7 <*>,0.96,connection from <*> () at Fri Jul 15 <*>,0.9459,24.46,72
160,connection from <*> () at Mon Jul 18 <*> 2005,exact,connection from <*> () at Mon Jun 20 <*>,0.9994,connection from <*> () at Thu Jul 7 <*>,0.96,connection from <*> () at Fri Jul 15 <*>,0.9459,24.77,72
161,connection from <*> () at Mon Jul 18 <*> 2005,exact,connection from <*> () at Mon Jun 20 <*>,0.9995,connection from <*> () at Thu Jul 7 <*>,0.96,connection from <*> () at Fri Jul 15 <*>,0.9459,24.73,72
162,connection from <*> () at Mon Jul 18 <*> 2005,exact,connection from <*> () at Mon Jun 20 <*>,0.9995,connection from <*> () at Thu Jul 7 <*>,0.96,connection from <*> () at Fri Jul 15 <*>,0.9459,24.56,72
163,connection from <*> () at Mon Jul 18 <*> 2005,exact,connection from <*> () at Mon Jun 20 <*>,0.9996,connection from <*> () at Thu Jul 7 <*>,0.96,connection from <*> () at Fri Jul 15 <*>,0.9459,24.69,72
164,connection from <*> () at Mon Jul 18 <*> 2005,exact,connection from <*> () at Mon Jun 20 <*>,0.9996,connection from <*> () at Thu Jul 7 <*>,0.96,connection from <*> () at Fri Jul 15 <*>,0.9459,24.57,72
165,connection from <*> () at Mon Jul 18 <*> 2005,exact,connection from <*> () at Mon Jun 20 <*>,0.9997,connection from <*> () at Thu Jul 7 <*>,0.96,connection from <*> () at Fri Jul 15 <*>,0.9459,25.18,72
166,connection from <*> () at Mon Jul 18 <*> 2005,exact,connection from <*> () at Mon Jun 20 <*>,0.9997,connection from <*> () at Thu Jul 7 <*>,0.96,connection from <*> () at Fri Jul 15 <*>,0.9459,24.79,72
167,connection from <*> () at Mon Jul 18 <*> 2005,exact,connection from <*> () at Mon Jun 20 <*>,0.9997,connection from <*> () at Thu Jul 7 <*>,0.96,connection from <*> () at Fri Jul 15 <*>,0.9459,24.63,72
168,connection from <*> () at Mon Jul 18 <*> 2005,exact,connection from <*> () at Mon Jun 20 <*>,0.9997,connection from <*> () at Thu Jul 7 <*>,0.96,connection from <*> () at Fri Jul 15 <*>,0.9459,24.55,72
169,session opened for user cyrus by (uid=0),exact,session opened for user cyrus by (uid=0),1.0,session closed for user cyrus,0.8166,session opened for user root by LOGIN(uid=0),0.6909,24.6,72
170,session closed for user cyrus,exact,session closed for user cyrus,1.0,session opened for user cyrus by (uid=0),0.8166,session closed for user root,0.6911,24.8,72
171,ALERT exited abnormally with [1],exact,ALERT exited abnormally with [1],1.0,Authentication failed from <*> (<*>): Software caused connection abort,0.3464,authentication failure; logname= uid=0 euid=0 tty=:0 ruser= rhost=,0.2787,25.09,72
172,session opened for user news by (uid=0),exact,session opened for user news by (uid=0),1.0,session closed for user news,0.77,session opened for user root by LOGIN(uid=0),0.7343,24.82,72
173,session closed for user news,exact,session closed for user news,1.0,session opened for user news by (uid=0),0.77,session closed for user root,0.6857,24.55,72
174,check pass; user unknown,exact,check pass; user unknown,1.0,Couldn't authenticate user,0.5122,authentication failure; logname= uid=0 euid=0 tty=NODEVssh ruser= rhost=<*> user=test,0.4557,24.34,72
175,authentication failure; logname= uid=0 euid=0 tty=NODEVssh ruser= rhost=211-76-104-65.ebix.net.tw,partial,authentication failure; logname= uid=0 euid=0 tty=NODEVssh ruser= rhost=<*>,0.8842,authentication failure; logname= uid=0 euid=0 tty=NODEVssh ruser= rhost=<*> user=root,0.8619,authentication failure; logname= uid=0 euid=0 tty=NODEVssh ruser= rhost=<*> user=test,0.8582,26.24,72
176,check pass; user unknown,exact,check pass; user unknown,1.0,Couldn't authenticate user,0.5122,authentication failure; logname= uid=0 euid=0 tty=NODEVssh ruser= rhost=<*> user=test,0.4557,24.48,72
177,authentication failure; logname= uid=0 euid=0 tty=NODEVssh ruser= rhost=211-76-104-65.ebix.net.tw,partial,authentication failure; logname= uid=0 euid=0 tty=NODEVssh ruser= rhost=<*>,0.9475,authentication failure; logname= uid=0 euid=0 tty=NODEVssh ruser= rhost=<*> user=root,0.8619,authentication failure; logname= uid=0 euid=0 tty=NODEVssh ruser= rhost=<*> user=test,0.8582,25.97,72
178,check pass; user unknown,exact,check pass; user unknown,1.0,Couldn't authenticate user,0.5122,authentication failure; logname= uid=0 euid=0 tty=NODEVssh ruser= rhost=<*> user=test,0.4557,24.45,72
179,authentication failure; logname= uid=0 euid=0 tty=NODEVssh ruser= rhost=211-76-104-65.ebix.net.tw,partial,authentication failure; logname= uid=0 euid=0 tty=NODEVssh ruser= rhost=<*>,0.9702,authentication failure; logname= uid=0 euid=0 tty=NODEVssh ruser= rhost=<*> user=root,0.8619,authentication failure; logname= uid=0 euid=0 tty=NODEVssh ruser= rhost=<*> user=test,0.8582,26.46,72
180,check pass; user unknown,exact,check pass; user unknown,1.0,Couldn't authenticate user,0.5122,authentication failure; logname= uid=0 euid=0 tty=NODEVssh ruser= rhost=<*> user=test,0.4557,24.67,72
181,authentication failure; logname= uid=0 euid=0 tty=NODEVssh ruser= rhost=211-76-104-65.ebix.net.tw,partial,authentication failure; logname= uid=0 euid=0 tty=NODEVssh ruser= rhost=<*>,0.9809,authentication failure; logname= uid=0 euid=0 tty=NODEVssh ruser= rhost=<*> user=root,0.8619,authentication failure; logname= uid=0 euid=0 tty=NODEVssh ruser= rhost=<*> user=test,0.8582,25.96,72
182,check pass; user unknown,exact,check pass; user unknown,1.0,Couldn't authenticate user,0.5122,authentication failure; logname= uid=0 euid=0 tty=NODEVssh ruser= rhost=<*> user=test,0.4557,24.35,72
183,authentication failure; logname= uid=0 euid=0 tty=NODEVssh ruser= rhost=211-76-104-65.ebix.net.tw,partial,authentication failure; logname= uid=0 euid=0 tty=NODEVssh ruser= rhost=<*>,0.9867,authentication failure; logname= uid=0 euid=0 tty=NODEVssh ruser= rhost=<*> user=root,0.8619,authentication failure; logname= uid=0 euid=0 tty=NODEVssh ruser= rhost=<*> user=test,0.8582,26.03,72
184,check pass; user unknown,exact,check pass; user unknown,1.0,Couldn't authenticate user,0.5122,authentication failure; logname= uid=0 euid=0 tty=NODEVssh ruser= rhost=<*> user=test,0.4557,24.74,72
185,authentication failure; logname= uid=0 euid=0 tty=NODEVssh ruser= rhost=211-76-104-65.ebix.net.tw,exact,authentication failure; logname= uid=0 euid=0 tty=NODEVssh ruser= rhost=<*>,0.9902,authentication failure; logname= uid=0 euid=0 tty=NODEVssh ruser= rhost=<*> user=root,0.8619,authentication failure; logname= uid=0 euid=0 tty=NODEVssh ruser= rhost=<*> user=test,0.8582,25.98,72
186,check pass; user unknown,exact,check pass; user unknown,1.0,Couldn't authenticate user,0.5122,authentication failure; logname= uid=0 euid=0 tty=NODEVssh ruser= rhost=<*> user=test,0.4557,24.33,72
187,authentication failure; logname= uid=0 euid=0 tty=NODEVssh ruser= rhost=211-76-104-65.ebix.net.tw,exact,authentication failure; logname= uid=0 euid=0 tty=NODEVssh ruser= rhost=<*>,0.9925,authentication failure; logname= uid=0 euid=0 tty=NODEVssh ruser= rhost=<*> user=root,0.8619,authentication failure; logname= uid=0 euid=0 tty=NODEVssh ruser= rhost=<*> user=test,0.8582,25.72,72
188,check pass; user unknown,exact,check pass; user unknown,1.0,Couldn't authenticate user,0.5122,authentication failure; logname= uid=0 euid=0 tty=NODEVssh ruser= rhost=<*> user=test,0.4557,24.61,72
189,authentication failure; logname= uid=0 euid=0 tty=NODEVssh ruser= rhost=211-76-104-65.ebix.net.tw,exact,authentication failure; logname= uid=0 euid=0 tty=NODEVssh ruser= rhost=<*>,0.9941,authentication failure; logname= uid=0 euid=0 tty=NODEVssh ruser= rhost=<*> user=root,0.8619,authentication failure; logname= uid=0 euid=0 tty=NODEVssh ruser= rhost=<*> user=test,0.8582,26.21,72
190,check pass; user unknown,exact,check pass; user unknown,1.0,Couldn't authenticate user,0.5122,authentication failure; logname= uid=0 euid=0 tty=NODEVssh ruser= rhost=<*> user=test,0.4557,24.56,72
191,authentication failure; logname= uid=0 euid=0 tty=NODEVssh ruser= rhost=211-76-104-65.ebix.net.tw,exact,authentication failure; logname= uid=0 euid=0 tty=NODEVssh ruser= rhost=<*>,0.9952,authentication failure; logname= uid=0 euid=0 tty=NODEVssh ruser= rhost=<*> user=root,0.8619,authentication failure; logname= uid=0 euid=0 tty=NODEVssh ruser= rhost=<*> user=test,0.8582,25.84,72
192,check pass; user unknown,exact,check pass; user unknown,1.0,Couldn't authenticate user,0.5122,authentication failure; logname= uid=0 euid=0 tty=NODEVssh ruser= rhost=<*> user=test,0.4557,24.33,72
193,authentication failure; logname= uid=0 euid=0 tty=NODEVssh ruser= rhost=211-76-104-65.ebix.net.tw,exact,authentication failure; logname= uid=0 euid=0 tty=NODEVssh ruser= rhost=<*>,0.996,authentication failure; logname= uid=0 euid=0 tty=NODEVssh ruser= rhost=<*> user=root,0.8619,authentication failure; logname= uid=0 euid=0 tty=NODEVssh ruser= rhost=<*> user=test,0.8582,25.8,72
194,session opened for user cyrus by (uid=0),exact,session opened for user cyrus by (uid=0),1.0,session closed for user cyrus,0.8166,session opened for user root by LOGIN(uid=0),0.6909,24.61,72
195,session closed for user cyrus,exact,session closed for user cyrus,1.0,session opened for user cyrus by (uid=0),0.8166,session closed for user root,0.6911,24.09,72
196,ALERT exited abnormally with [1],exact,ALERT exited abnormally with [1],1.0,Authentication failed from <*> (<*>): Software caused connection abort,0.3464,authentication failure; logname= uid=0 euid=0 tty=:0 ruser= rhost=,0.2787,24.45,72
197,session opened for user news by (uid=0),exact,session opened for user news by (uid=0),1.0,session closed for user news,0.77,session opened for user root by LOGIN(uid=0),0.7343,24.76,72
198,session closed for user news,exact,session closed for user news,1.0,session opened for user news by (uid=0),0.77,session closed for user root,0.6857,24.47,72
199,authentication failure; logname= uid=0 euid=0 tty=NODEVssh ruser= rhost=<*> user=root,exact,authentication failure; logname= uid=0 euid=0 tty=NODEVssh ruser= rhost=<*> user=root,1.0,authentication failure; logname= uid=0 euid=0 tty=NODEVssh ruser= rhost=<*> user=test,0.9655,authentication failure; logname= uid=0 euid=0 tty=NODEVssh ruser= rhost=<*> user=guest,0.9558,25.61,72
200,authentication failure; logname= uid=0 euid=0 tty=NODEVssh ruser= rhost=<*> user=root,exact,authentication failure; logname= uid=0 euid=0 tty=NODEVssh ruser= rhost=<*> user=root,1.0,authentication failure; logname= uid=0 euid=0 tty=NODEVssh ruser= rhost=<*> user=test,0.9655,authentication failure; logname= uid=0 euid=0 tty=NODEVssh ruser= rhost=<*> user=guest,0.9558,25.64,72
201,authentication failure; logname= uid=0 euid=0 tty=NODEVssh ruser= rhost=<*> user=root,exact,authentication failure; logname= uid=0 euid=0 tty=NODEVssh ruser= rhost=<*> user=root,1.0,authentication failure; logname= uid=0 euid=0 tty=NODEVssh ruser= rhost=<*> user=test,0.9655,authentication failure; logname= uid=0 euid=0 tty=NODEVssh ruser= rhost=<*> user=guest,0.9558,25.46,72
202,authentication failure; logname= uid=0 euid=0 tty=NODEVssh ruser= rhost=<*> user=root,exact,authentication failure; logname= uid=0 euid=0 tty=NODEVssh ruser= rhost=<*> user=root,1.0,authentication failure; logname= uid=0 euid=0 tty=NODEVssh ruser= rhost=<*> user=test,0.9655,authentication failure; logname= uid=0 euid=0 tty=NODEVssh ruser= rhost=<*> user=guest,0.9558,27.56,72
203,authentication failure; logname= uid=0 euid=0 tty=NODEVssh ruser= rhost=<*> user=root,exact,authentication failure; logname= uid=0 euid=0 tty=NODEVssh ruser= rhost=<*> user=root,1.0,authentication failure; logname= uid=0 euid=0 tty=NODEVssh ruser= rhost=<*> user=test,0.9655,authentication failure; logname= uid=0 euid=0 tty=NODEVssh ruser= rhost=<*> user=guest,0.9558,27.88,72
204,authentication failure; logname= uid=0 euid=0 tty=NODEVssh ruser= rhost=<*> user=root,exact,authentication failure; logname= uid=0 euid=0 tty=NODEVssh ruser= rhost=<*> user=root,1.0,authentication failure; logname= uid=0 euid=0 tty=NODEVssh ruser= rhost=<*> user=test,0.9655,authentication failure; logname= uid=0 euid=0 tty=NODEVssh ruser= rhost=<*> user=guest,0.9558,25.81,72
205,authentication failure; logname= uid=0 euid=0 tty=NODEVssh ruser= rhost=<*> user=root,exact,authentication failure; logname= uid=0 euid=0 tty=NODEVssh ruser= rhost=<*> user=root,1.0,authentication failure; logname= uid=0 euid=0 tty=NODEVssh ruser= rhost=<*> user=test,0.9655,authentication failure; logname= uid=0 euid=0 tty=NODEVssh ruser= rhost=<*> user=guest,0.9558,25.63,72
206,authentication failure; logname= uid=0 euid=0 tty=NODEVssh ruser= rhost=<*> user=root,exact,authentication failure; logname= uid=0 euid=0 tty=NODEVssh ruser= rhost=<*> user=root,1.0,authentication failure; logname= uid=0 euid=0 tty=NODEVssh ruser= rhost=<*> user=test,0.9655,authentication failure; logname= uid=0 euid=0 tty=NODEVssh ruser= rhost=<*> user=guest,0.9558,25.51,72
207,authentication failure; logname= uid=0 euid=0 tty=NODEVssh ruser= rhost=<*> user=root,exact,authentication failure; logname= uid=0 euid=0 tty=NODEVssh ruser= rhost=<*> user=root,1.0,authentication failure; logname= uid=0 euid=0 tty=NODEVssh ruser= rhost=<*> user=test,0.9655,authentication failure; logname= uid=0 euid=0 tty=NODEVssh ruser= rhost=<*> user=guest,0.9558,25.7,72
208,authentication failure; logname= uid=0 euid=0 tty=NODEVssh ruser= rhost=<*> user=root,exact,authentication failure; logname= uid=0 euid=0 tty=NODEVssh ruser= rhost=<*> user=root,1.0,authentication failure; logname= uid=0 euid=0 tty=NODEVssh ruser= rhost=<*> user=test,0.9655,authentication failure; logname= uid=0 euid=0 tty=NODEVssh ruser= rhost=<*> user=guest,0.9558,25.54,72
209,session opened for user cyrus by (uid=0),exact,session opened for user cyrus by (uid=0),1.0,session closed for user cyrus,0.8166,session opened for user root by LOGIN(uid=0),0.6909,24.87,72
210,session closed for user cyrus,exact,session closed for user cyrus,1.0,session opened for user cyrus by (uid=0),0.8166,session closed for user root,0.6911,24.4,72
211,ALERT exited abnormally with [1],exact,ALERT exited abnormally with [1],1.0,Authentication failed from <*> (<*>): Software caused connection abort,0.3464,authentication failure; logname= uid=0 euid=0 tty=:0 ruser= rhost=,0.2787,24.76,72
212,session opened for user news by (uid=0),exact,session opened for user news by (uid=0),1.0,session closed for user news,0.77,session opened for user root by LOGIN(uid=0),0.7343,25.44,72
213,session closed for user news,exact,session closed for user news,1.0,session opened for user news by (uid=0),0.77,session closed for user root,0.6857,24.53,72
214,check pass; user unknown,exact,check pass; user unknown,1.0,Couldn't authenticate user,0.5122,authentication failure; logname= uid=0 euid=0 tty=NODEVssh ruser= rhost=<*> user=test,0.4557,24.52,72
215,authentication failure; logname= uid=0 euid=0 tty=NODEVssh ruser= rhost=<*>,partial,authentication failure; logname= uid=0 euid=0 tty=NODEVssh ruser= rhost=<*> user=root,0.978,authentication failure; logname= uid=0 euid=0 tty=NODEVssh ruser= rhost=<*> user=test,0.9694,authentication failure; logname= uid=0 euid=0 tty=NODEVssh ruser= rhost=<*> user=guest,0.9606,25.62,72
216,check pass; user unknown,exact,check pass; user unknown,1.0,Couldn't authenticate user,0.5122,authentication failure; logname= uid=0 euid=0 tty=NODEVssh ruser= rhost=<*> user=test,0.4557,24.39,72
217,authentication failure; logname= uid=0 euid=0 tty=NODEVssh ruser= rhost=<*>,partial,authentication failure; logname= uid=0 euid=0 tty=NODEVssh ruser= rhost=<*> user=root,0.9812,authentication failure; logname= uid=0 euid=0 tty=NODEVssh ruser= rhost=<*> user=test,0.9694,authentication failure; logname= uid=0 euid=0 tty=NODEVssh ruser= rhost=<*> user=guest,0.9606,25.53,72
218,check pass; user unknown,exact,check pass; user unknown,1.0,Couldn't authenticate user,0.5122,authentication failure; logname= uid=0 euid=0 tty=NODEVssh ruser= rhost=<*> user=test,0.4557,24.41,72
219,authentication failure; logname= uid=0 euid=0 tty=NODEVssh ruser= rhost=<*>,partial,authentication failure; logname= uid=0 euid=0 tty=NODEVssh ruser= rhost=<*> user=root,0.9838,authentication failure; logname= uid=0 euid=0 tty=NODEVssh ruser= rhost=<*> user=test,0.9694,authentication failure; logname= uid=0 euid=0 tty=NODEVssh ruser= rhost=<*> user=guest,0.9606,25.83,72
220,check pass; user unknown,exact,check pass; user unknown,1.0,Couldn't authenticate user,0.5122,authentication failure; logname= uid=0 euid=0 tty=NODEVssh ruser= rhost=<*> user=test,0.4557,24.63,72
221,authentication failure; logname= uid=0 euid=0 tty=NODEVssh ruser= rhost=<*>,partial,authentication failure; logname= uid=0 euid=0 tty=NODEVssh ruser= rhost=<*> user=root,0.9859,authentication failure; logname= uid=0 euid=0 tty=NODEVssh ruser= rhost=<*> user=test,0.9694,authentication failure; logname= uid=0 euid=0 tty=NODEVssh ruser= rhost=<*> user=guest,0.9606,25.32,72
222,check pass; user unknown,exact,check pass; user unknown,1.0,Couldn't authenticate user,0.5122,authentication failure; logname= uid=0 euid=0 tty=NODEVssh ruser= rhost=<*> user=test,0.4557,24.52,72
223,authentication failure; logname= uid=0 euid=0 tty=NODEVssh ruser= rhost=<*>,partial,authentication failure; logname= uid=0 euid=0 tty=NODEVssh ruser= rhost=<*> user=root,0.9876,authentication failure; logname= uid=0 euid=0 tty=NODEVssh ruser= rhost=<*> user=test,0.9694,authentication failure; logname= uid=0 euid=0 tty=NODEVssh ruser= rhost=<*> user=guest,0.9606,25.6,72
224,authentication failure; logname= uid=0 euid=0 tty=NODEVssh ruser= rhost=<*> user=root,exact,authentication failure; logname= uid=0 euid=0 tty=NODEVssh ruser= rhost=<*> user=root,0.9981,authentication failure; logname= uid=0 euid=0 tty=NODEVssh ruser= rhost=<*> user=test,0.9655,authentication failure; logname= uid=0 euid=0 tty=NODEVssh ruser= rhost=<*> user=guest,0.9558,25.56,72
225,authentication failure; logname= uid=0 euid=0 tty=NODEVssh ruser= rhost=<*> user=root,exact,authentication failure; logname= uid=0 euid=0 tty=NODEVssh ruser= rhost=<*> user=root,0.9983,authentication failure; logname= uid=0 euid=0 tty=NODEVssh ruser= rhost=<*> user=test,0.9655,authentication failure; logname= uid=0 euid=0 tty=NODEVssh ruser= rhost=<*> user=guest,0.9558,25.61,72
226,authentication failure; logname= uid=0 euid=0 tty=NODEVssh ruser= rhost=<*> user=root,exact,authentication failure; logname= uid=0 euid=0 tty=NODEVssh ruser= rhost=<*> user=root,0.9985,authentication failure; logname= uid=0 euid=0 tty=NODEVssh ruser= rhost=<*> user=test,0.9655,authentication failure; logname= uid=0 euid=0 tty=NODEVssh ruser= rhost=<*> user=guest,0.9558,25.58,72
227,authentication failure; logname= uid=0 euid=0 tty=NODEVssh ruser= rhost=<*> user=root,exact,authentication failure; logname= uid=0 euid=0 tty=NODEVssh ruser= rhost=<*> user=root,0.9986,authentication failure; logname= uid=0 euid=0 tty=NODEVssh ruser= rhost=<*> user=test,0.9655,authentication failure; logname= uid=0 euid=0 tty=NODEVssh ruser= rhost=<*> user=guest,0.9558,25.63,72
228,session opened for user cyrus by (uid=0),exact,session opened for user cyrus by (uid=0),1.0,session closed for user cyrus,0.8166,session opened for user root by LOGIN(uid=0),0.6909,24.61,72
229,session closed for user cyrus,exact,session closed for user cyrus,1.0,session opened for user cyrus by (uid=0),0.8166,session closed for user root,0.6911,24.42,72
230,ALERT exited abnormally with [1],exact,ALERT exited abnormally with [1],1.0,Authentication failed from <*> (<*>): Software caused connection abort,0.3464,authentication failure; logname= uid=0 euid=0 tty=:0 ruser= rhost=,0.2787,24.45,72
231,session opened for user news by (uid=0),exact,session opened for user news by (uid=0),1.0,session closed for user news,0.77,session opened for user root by LOGIN(uid=0),0.7343,24.48,72
232,session closed for user news,exact,session closed for user news,1.0,session opened for user news by (uid=0),0.77,session closed for user root,0.6857,24.39,72
233,connection from <*> () at Thu Jul 21 <*> 2005,exact,connection from <*> () at Thu Jul 7 <*>,0.9935,connection from <*> () at Mon Jun 20 <*>,0.9656,connection from <*> () at Wed Jul 6 <*>,0.9363,24.82,72
234,connection from <*> () at Thu Jul 21 <*> 2005,exact,connection from <*> () at Thu Jul 7 <*>,0.9971,connection from <*> () at Mon Jun 20 <*>,0.9656,connection from <*> () at Wed Jul 6 <*>,0.9363,24.72,72
235,connection from <*> () at Thu Jul 21 <*> 2005,exact,connection from <*> () at Thu Jul 7 <*>,0.9984,connection from <*> () at Mon Jun 20 <*>,0.9656,connection from <*> () at Wed Jul 6 <*>,0.9363,24.74,72
236,connection from <*> () at Thu Jul 21 <*> 2005,exact,connection from <*> () at Thu Jul 7 <*>,0.999,connection from <*> () at Mon Jun 20 <*>,0.9656,connection from <*> () at Wed Jul 6 <*>,0.9363,24.92,72
237,connection from <*> () at Thu Jul 21 <*> 2005,exact,connection from <*> () at Thu Jul 7 <*>,0.9993,connection from <*> () at Mon Jun 20 <*>,0.9656,connection from <*> () at Wed Jul 6 <*>,0.9363,25.16,72
238,connection from <*> () at Thu Jul 21 <*> 2005,exact,connection from <*> () at Thu Jul 7 <*>,0.9995,connection from <*> () at Mon Jun 20 <*>,0.9656,connection from <*> () at Wed Jul 6 <*>,0.9363,24.62,72
239,connection from <*> () at Thu Jul 21 <*> 2005,exact,connection from <*> () at Thu Jul 7 <*>,0.9996,connection from <*> () at Mon Jun 20 <*>,0.9656,connection from <*> () at Wed Jul 6 <*>,0.9363,24.92,72
240,connection from <*> () at Thu Jul 21 <*> 2005,exact,connection from <*> () at Thu Jul 7 <*>,0.9997,connection from <*> () at Mon Jun 20 <*>,0.9656,connection from <*> () at Wed Jul 6 <*>,0.9363,24.85,72
241,connection from <*> () at Thu Jul 21 <*> 2005,exact,connection from <*> () at Thu Jul 7 <*>,0.9997,connection from <*> () at Mon Jun 20 <*>,0.9656,connection from <*> () at Wed Jul 6 <*>,0.9363,24.77,72
242,connection from <*> () at Thu Jul 21 <*> 2005,exact,connection from <*> () at Thu Jul 7 <*>,0.9998,connection from <*> () at Mon Jun 20 <*>,0.9656,connection from <*> () at Wed Jul 6 <*>,0.9363,24.76,72
243,connection from <*> () at Thu Jul 21 <*> 2005,exact,connection from <*> () at Thu Jul 7 <*>,0.9998,connection from <*> () at Mon Jun 20 <*>,0.9656,connection from <*> () at Wed Jul 6 <*>,0.9363,24.74,72
244,connection from <*> () at Thu Jul 21 <*> 2005,exact,connection from <*> () at Thu Jul 7 <*>,0.9998,connection from <*> () at Mon Jun 20 <*>,0.9656,connection from <*> () at Wed Jul 6 <*>,0.9363,24.75,72
245,connection from <*> () at Thu Jul 21 <*> 2005,exact,connection from <*> () at Thu Jul 7 <*>,0.9999,connection from <*> () at Mon Jun 20 <*>,0.9656,connection from <*> () at Wed Jul 6 <*>,0.9363,24.91,72
246,connection from <*> () at Thu Jul 21 <*> 2005,exact,connection from <*> () at Thu Jul 7 <*>,0.9999,connection from <*> () at Mon Jun 20 <*>,0.9656,connection from <*> () at Wed Jul 6 <*>,0.9363,24.94,72
247,connection from <*> () at Thu Jul 21 <*> 2005,exact,connection from <*> () at Thu Jul 7 <*>,0.9999,connection from <*> () at Mon Jun 20 <*>,0.9656,connection from <*> () at Wed Jul 6 <*>,0.9363,24.75,72
248,connection from <*> () at Thu Jul 21 <*> 2005,exact,connection from <*> () at Thu Jul 7 <*>,0.9999,connection from <*> () at Mon Jun 20 <*>,0.9656,connection from <*> () at Wed Jul 6 <*>,0.9363,24.79,72
249,connection from <*> () at Thu Jul 21 <*> 2005,exact,connection from <*> () at Thu Jul 7 <*>,0.9999,connection from <*> () at Mon Jun 20 <*>,0.9656,connection from <*> () at Wed Jul 6 <*>,0.9363,24.85,72
250,connection from <*> () at Thu Jul 21 <*> 2005,exact,connection from <*> () at Thu Jul 7 <*>,0.9999,connection from <*> () at Mon Jun 20 <*>,0.9656,connection from <*> () at Wed Jul 6 <*>,0.9363,24.62,72
251,connection from <*> () at Thu Jul 21 <*> 2005,exact,connection from <*> () at Thu Jul 7 <*>,0.9999,connection from <*> () at Mon Jun 20 <*>,0.9656,connection from <*> () at Wed Jul 6 <*>,0.9363,24.72,72
252,connection from <*> () at Thu Jul 21 <*> 2005,exact,connection from <*> () at Thu Jul 7 <*>,0.9999,connection from <*> () at Mon Jun 20 <*>,0.9656,connection from <*> () at Wed Jul 6 <*>,0.9363,25.03,72
253,connection from <*> () at Thu Jul 21 <*> 2005,exact,connection from <*> () at Thu Jul 7 <*>,0.9999,connection from <*> () at Mon Jun 20 <*>,0.9656,connection from <*> () at Wed Jul 6 <*>,0.9363,24.77,72
254,connection from <*> () at Thu Jul 21 <*> 2005,exact,connection from <*> () at Thu Jul 7 <*>,1.0,connection from <*> () at Mon Jun 20 <*>,0.9656,connection from <*> () at Wed Jul 6 <*>,0.9363,24.94,72
255,connection from <*> () at Thu Jul 21 <*> 2005,exact,connection from <*> () at Thu Jul 7 <*>,1.0,connection from <*> () at Mon Jun 20 <*>,0.9656,connection from <*> () at Wed Jul 6 <*>,0.9363,24.85,72
256,authentication failure; logname= uid=0 euid=0 tty=NODEVssh ruser= rhost=<*> user=root,exact,authentication failure; logname= uid=0 euid=0 tty=NODEVssh ruser= rhost=<*> user=root,0.9988,authentication failure; logname= uid=0 euid=0 tty=NODEVssh ruser= rhost=<*> user=test,0.9655,authentication failure; logname= uid=0 euid=0 tty=NODEVssh ruser= rhost=<*> user=guest,0.9558,25.51,72
257,authentication failure; logname= uid=0 euid=0 tty=NODEVssh ruser= rhost=<*> user=root,exact,authentication failure; logname= uid=0 euid=0 tty=NODEVssh ruser= rhost=<*> user=root,0.9989,authentication failure; logname= uid=0 euid=0 tty=NODEVssh ruser= rhost=<*> user=test,0.9655,authentication failure; logname= uid=0 euid=0 tty=NODEVssh ruser= rhost=<*> user=guest,0.9558,25.58,72
258,session opened for user cyrus by (uid=0),exact,session opened for user cyrus by (uid=0),1.0,session closed for user cyrus,0.8166,session opened for user root by LOGIN(uid=0),0.6909,24.56,72
259,session closed for user cyrus,exact,session closed for user cyrus,1.0,session opened for user cyrus by (uid=0),0.8166,session closed for user root,0.6911,24.42,72
260,ALERT exited abnormally with [1],exact,ALERT exited abnormally with [1],1.0,Authentication failed from <*> (<*>): Software caused connection abort,0.3464,authentication failure; logname= uid=0 euid=0 tty=:0 ruser= rhost=,0.2787,24.64,72
261,session opened for user news by (uid=0),exact,session opened for user news by (uid=0),1.0,session closed for user news,0.77,session opened for user root by LOGIN(uid=0),0.7343,25.21,72
262,session closed for user news,exact,session closed for user news,1.0,session opened for user news by (uid=0),0.77,session closed for user root,0.6857,24.55,72
263,connection from <*> () at Fri Jul 22 <*> 2005,exact,connection from <*> () at Fri Jul 15 <*>,0.9954,connection from <*> () at Fri Jul 1 <*>,0.9934,connection from <*> () at Fri Jun 24 <*>,0.9756,24.74,72
264,connection from <*> () at Fri Jul 22 <*> 2005,exact,connection from <*> () at Fri Jul 15 <*>,0.998,connection from <*> () at Fri Jul 1 <*>,0.9934,connection from <*> () at Fri Jun 24 <*>,0.9756,24.65,72
265,connection from <*> () at Fri Jul 22 <*> 2005,exact,connection from <*> () at Fri Jul 15 <*>,0.9989,connection from <*> () at Fri Jul 1 <*>,0.9934,connection from <*> () at Fri Jun 24 <*>,0.9756,24.73,72
266,connection from <*> () at Fri Jul 22 <*> 2005,exact,connection from <*> () at Fri Jul 15 <*>,0.9993,connection from <*> () at Fri Jul 1 <*>,0.9934,connection from <*> () at Fri Jun 24 <*>,0.9756,24.76,72
267,connection from <*> () at Fri Jul 22 <*> 2005,exact,connection from <*> () at Fri Jul 15 <*>,0.9995,connection from <*> () at Fri Jul 1 <*>,0.9934,connection from <*> () at Fri Jun 24 <*>,0.9756,24.54,72
268,connection from <*> () at Fri Jul 22 <*> 2005,exact,connection from <*> () at Fri Jul 15 <*>,0.9996,connection from <*> () at Fri Jul 1 <*>,0.9934,connection from <*> () at Fri Jun 24 <*>,0.9756,25.07,72
269,connection from <*> () at Fri Jul 22 <*> 2005,exact,connection from <*> () at Fri Jul 15 <*>,0.9997,connection from <*> () at Fri Jul 1 <*>,0.9934,connection from <*> () at Fri Jun 24 <*>,0.9756,24.94,72
270,connection from <*> () at Fri Jul 22 <*> 2005,exact,connection from <*> () at Fri Jul 15 <*>,0.9998,connection from <*> () at Fri Jul 1 <*>,0.9934,connection from <*> () at Fri Jun 24 <*>,0.9756,24.75,72
271,connection from <*> () at Fri Jul 22 <*> 2005,exact,connection from <*> () at Fri Jul 15 <*>,0.9998,connection from <*> () at Fri Jul 1 <*>,0.9934,connection from <*> () at Fri Jun 24 <*>,0.9756,24.65,72
272,connection from <*> () at Fri Jul 22 <*> 2005,exact,connection from <*> () at Fri Jul 15 <*>,0.9998,connection from <*> () at Fri Jul 1 <*>,0.9934,connection from <*> () at Fri Jun 24 <*>,0.9756,24.65,72
273,connection from <*> () at Fri Jul 22 <*> 2005,exact,connection from <*> () at Fri Jul 15 <*>,0.9999,connection from <*> () at Fri Jul 1 <*>,0.9934,connection from <*> () at Fri Jun 24 <*>,0.9756,24.67,72
274,connection from <*> () at Fri Jul 22 <*> 2005,exact,connection from <*> () at Fri Jul 15 <*>,0.9999,connection from <*> () at Fri Jul 1 <*>,0.9934,connection from <*> () at Fri Jun 24 <*>,0.9756,24.72,72
275,connection from <*> () at Fri Jul 22 <*> 2005,exact,connection from <*> () at Fri Jul 15 <*>,0.9999,connection from <*> () at Fri Jul 1 <*>,0.9934,connection from <*> () at Fri Jun 24 <*>,0.9756,24.69,72
276,connection from <*> () at Fri Jul 22 <*> 2005,exact,connection from <*> () at Fri Jul 15 <*>,0.9999,connection from <*> () at Fri Jul 1 <*>,0.9934,connection from <*> () at Fri Jun 24 <*>,0.9756,24.72,72
277,connection from <*> () at Fri Jul 22 <*> 2005,exact,connection from <*> () at Fri Jul 15 <*>,0.9999,connection from <*> () at Fri Jul 1 <*>,0.9934,connection from <*> () at Fri Jun 24 <*>,0.9756,24.73,72
278,connection from <*> () at Fri Jul 22 <*> 2005,exact,connection from <*> () at Fri Jul 15 <*>,0.9999,connection from <*> () at Fri Jul 1 <*>,0.9934,connection from <*> () at Fri Jun 24 <*>,0.9756,24.82,72
279,connection from <*> () at Fri Jul 22 <*> 2005,exact,connection from <*> () at Fri Jul 15 <*>,0.9999,connection from <*> () at Fri Jul 1 <*>,0.9934,connection from <*> () at Fri Jun 24 <*>,0.9756,24.66,72
280,connection from <*> () at Fri Jul 22 <*> 2005,exact,connection from <*> () at Fri Jul 15 <*>,0.9999,connection from <*> () at Fri Jul 1 <*>,0.9934,connection from <*> () at Fri Jun 24 <*>,0.9756,24.85,72
281,connection from <*> () at Fri Jul 22 <*> 2005,exact,connection from <*> () at Fri Jul 15 <*>,1.0,connection from <*> () at Fri Jul 1 <*>,0.9934,connection from <*> () at Fri Jun 24 <*>,0.9756,24.57,72
282,connection from <*> () at Fri Jul 22 <*> 2005,exact,connection from <*> () at Fri Jul 15 <*>,1.0,connection from <*> () at Fri Jul 1 <*>,0.9934,connection from <*> () at Fri Jun 24 <*>,0.9756,25.01,72
283,connection from <*> () at Fri Jul 22 <*> 2005,exact,connection from <*> () at Fri Jul 15 <*>,1.0,connection from <*> () at Fri Jul 1 <*>,0.9934,connection from <*> () at Fri Jun 24 <*>,0.9756,24.87,72
284,connection from <*> () at Fri Jul 22 <*> 2005,exact,connection from <*> () at Fri Jul 15 <*>,1.0,connection from <*> () at Fri Jul 1 <*>,0.9934,connection from <*> () at Fri Jun 24 <*>,0.9756,24.98,72
285,connection from <*> () at Fri Jul 22 <*> 2005,exact,connection from <*> () at Fri Jul 15 <*>,1.0,connection from <*> () at Fri Jul 1 <*>,0.9934,connection from <*> () at Fri Jun 24 <*>,0.9756,25.08,72
286,connection from <*> () at Fri Jul 22 <*> 2005,exact,connection from <*> () at Fri Jul 15 <*>,1.0,connection from <*> () at Fri Jul 1 <*>,0.9934,connection from <*> () at Fri Jun 24 <*>,0.9756,24.74,72
287,connection from <*> () at Fri Jul 22 <*> 2005,exact,connection from <*> () at Fri Jul 15 <*>,1.0,connection from <*> () at Fri Jul 1 <*>,0.9934,connection from <*> () at Fri Jun 24 <*>,0.9756,24.69,72
288,connection from <*> () at Fri Jul 22 <*> 2005,exact,connection from <*> () at Fri Jul 15 <*>,1.0,connection from <*> () at Fri Jul 1 <*>,0.9934,connection from <*> () at Fri Jun 24 <*>,0.9756,24.75,72
289,connection from <*> () at Fri Jul 22 <*> 2005,exact,connection from <*> () at Fri Jul 15 <*>,1.0,connection from <*> () at Fri Jul 1 <*>,0.9934,connection from <*> () at Fri Jun 24 <*>,0.9756,24.98,72
290,connection from <*> () at Fri Jul 22 <*> 2005,exact,connection from <*> () at Fri Jul 15 <*>,1.0,connection from <*> () at Fri Jul 1 <*>,0.9934,connection from <*> () at Fri Jun 24 <*>,0.9756,24.77,72
291,connection from <*> () at Fri Jul 22 <*> 2005,exact,connection from <*> () at Fri Jul 15 <*>,1.0,connection from <*> () at Fri Jul 1 <*>,0.9934,connection from <*> () at Fri Jun 24 <*>,0.9756,24.83,72
292,connection from <*> () at Fri Jul 22 <*> 2005,exact,connection from <*> () at Fri Jul 15 <*>,1.0,connection from <*> () at Fri Jul 1 <*>,0.9934,connection from <*> () at Fri Jun 24 <*>,0.9756,24.83,72
293,connection from <*> () at Fri Jul 22 <*> 2005,exact,connection from <*> () at Fri Jul 15 <*>,1.0,connection from <*> () at Fri Jul 1 <*>,0.9934,connection from <*> () at Fri Jun 24 <*>,0.9756,24.96,72
294,connection from <*> () at Fri Jul 22 <*> 2005,exact,connection from <*> () at Fri Jul 15 <*>,1.0,connection from <*> () at Fri Jul 1 <*>,0.9934,connection from <*> () at Fri Jun 24 <*>,0.9756,24.68,72
295,connection from <*> () at Fri Jul 22 <*> 2005,exact,connection from <*> () at Fri Jul 15 <*>,1.0,connection from <*> () at Fri Jul 1 <*>,0.9934,connection from <*> () at Fri Jun 24 <*>,0.9756,24.24,72
296,connection from <*> () at Fri Jul 22 <*> 2005,exact,connection from <*> () at Fri Jul 15 <*>,1.0,connection from <*> () at Fri Jul 1 <*>,0.9934,connection from <*> () at Fri Jun 24 <*>,0.9756,24.83,72
297,connection from <*> () at Fri Jul 22 <*> 2005,exact,connection from <*> () at Fri Jul 15 <*>,1.0,connection from <*> () at Fri Jul 1 <*>,0.9934,connection from <*> () at Fri Jun 24 <*>,0.9756,24.69,72
298,connection from <*> () at Fri Jul 22 <*> 2005,exact,connection from <*> () at Fri Jul 15 <*>,1.0,connection from <*> () at Fri Jul 1 <*>,0.9934,connection from <*> () at Fri Jun 24 <*>,0.9756,25.09,72
299,connection from <*> () at Fri Jul 22 <*> 2005,exact,connection from <*> () at Fri Jul 15 <*>,1.0,connection from <*> () at Fri Jul 1 <*>,0.9934,connection from <*> () at Fri Jun 24 <*>,0.9756,24.95,72
300,connection from <*> () at Fri Jul 22 <*> 2005,exact,connection from <*> () at Fri Jul 15 <*>,1.0,connection from <*> () at Fri Jul 1 <*>,0.9934,connection from <*> () at Fri Jun 24 <*>,0.9756,24.93,72
301,connection from <*> () at Fri Jul 22 <*> 2005,exact,connection from <*> () at Fri Jul 15 <*>,1.0,connection from <*> () at Fri Jul 1 <*>,0.9934,connection from <*> () at Fri Jun 24 <*>,0.9756,24.78,72
302,connection from <*> () at Fri Jul 22 <*> 2005,exact,connection from <*> () at Fri Jul 15 <*>,1.0,connection from <*> () at Fri Jul 1 <*>,0.9934,connection from <*> () at Fri Jun 24 <*>,0.9756,27.29,72
303,connection from <*> () at Fri Jul 22 <*> 2005,exact,connection from <*> () at Fri Jul 15 <*>,1.0,connection from <*> () at Fri Jul 1 <*>,0.9934,connection from <*> () at Fri Jun 24 <*>,0.9756,26.29,72
304,connection from <*> () at Fri Jul 22 <*> 2005,exact,connection from <*> () at Fri Jul 15 <*>,1.0,connection from <*> () at Fri Jul 1 <*>,0.9934,connection from <*> () at Fri Jun 24 <*>,0.9756,24.77,72
305,connection from <*> () at Fri Jul 22 <*> 2005,exact,connection from <*> () at Fri Jul 15 <*>,1.0,connection from <*> () at Fri Jul 1 <*>,0.9934,connection from <*> () at Fri Jun 24 <*>,0.9756,25.45,72
306,connection from <*> () at Fri Jul 22 <*> 2005,exact,connection from <*> () at Fri Jul 15 <*>,1.0,connection from <*> () at Fri Jul 1 <*>,0.9934,connection from <*> () at Fri Jun 24 <*>,0.9756,24.66,72
307,connection from <*> () at Fri Jul 22 <*> 2005,exact,connection from <*> () at Fri Jul 15 <*>,1.0,connection from <*> () at Fri Jul 1 <*>,0.9934,connection from <*> () at Fri Jun 24 <*>,0.9756,24.88,72
308,connection from <*> () at Fri Jul 22 <*> 2005,exact,connection from <*> () at Fri Jul 15 <*>,1.0,connection from <*> () at Fri Jul 1 <*>,0.9934,connection from <*> () at Fri Jun 24 <*>,0.9756,25.07,72
309,session opened for user cyrus by (uid=0),exact,session opened for user cyrus by (uid=0),1.0,session closed for user cyrus,0.8166,session opened for user root by LOGIN(uid=0),0.6909,24.52,72
310,session closed for user cyrus,exact,session closed for user cyrus,1.0,session opened for user cyrus by (uid=0),0.8166,session closed for user root,0.6911,24.2,72
311,ALERT exited abnormally with [1],exact,ALERT exited abnormally with [1],1.0,Authentication failed from <*> (<*>): Software caused connection abort,0.3464,authentication failure; logname= uid=0 euid=0 tty=:0 ruser= rhost=,0.2787,24.45,72
312,session opened for user news by (uid=0),exact,session opened for user news by (uid=0),1.0,session closed for user news,0.77,session opened for user root by LOGIN(uid=0),0.7343,24.54,72
313,session closed for user news,exact,session closed for user news,1.0,session opened for user news by (uid=0),0.77,session closed for user root,0.6857,24.35,72
314,authentication failure; logname= uid=0 euid=0 tty=NODEVssh ruser= rhost=<*> user=root,exact,authentication failure; logname= uid=0 euid=0 tty=NODEVssh ruser= rhost=<*> user=root,0.999,authentication failure; logname= uid=0 euid=0 tty=NODEVssh ruser= rhost=<*> user=test,0.9655,authentication failure; logname= uid=0 euid=0 tty=NODEVssh ruser= rhost=<*> user=guest,0.9558,25.87,72
315,authentication failure; logname= uid=0 euid=0 tty=NODEVssh ruser= rhost=<*> user=root,exact,authentication failure; logname= uid=0 euid=0 tty=NODEVssh ruser= rhost=<*> user=root,0.999,authentication failure; logname= uid=0 euid=0 tty=NODEVssh ruser= rhost=<*> user=test,0.9655,authentication failure; logname= uid=0 euid=0 tty=NODEVssh ruser= rhost=<*> user=guest,0.9558,25.58,72
316,authentication failure; logname= uid=0 euid=0 tty=NODEVssh ruser= rhost=<*> user=root,exact,authentication failure; logname= uid=0 euid=0 tty=NODEVssh ruser= rhost=<*> user=root,0.9991,authentication failure; logname= uid=0 euid=0 tty=NODEVssh ruser= rhost=<*> user=test,0.9655,authentication failure; logname= uid=0 euid=0 tty=NODEVssh ruser= rhost=<*> user=guest,0.9558,25.52,72
317,authentication failure; logname= uid=0 euid=0 tty=NODEVssh ruser= rhost=<*> user=root,exact,authentication failure; logname= uid=0 euid=0 tty=NODEVssh ruser= rhost=<*> user=root,0.9992,authentication failure; logname= uid=0 euid=0 tty=NODEVssh ruser= rhost=<*> user=test,0.9655,authentication failure; logname= uid=0 euid=0 tty=NODEVssh ruser= rhost=<*> user=guest,0.9558,25.52,72
318,authentication failure; logname= uid=0 euid=0 tty=NODEVssh ruser= rhost=<*> user=root,exact,authentication failure; logname= uid=0 euid=0 tty=NODEVssh ruser= rhost=<*> user=root,0.9992,authentication failure; logname= uid=0 euid=0 tty=NODEVssh ruser= rhost=<*> user=test,0.9655,authentication failure; logname= uid=0 euid=0 tty=NODEVssh ruser= rhost=<*> user=guest,0.9558,25.48,72
319,authentication failure; logname= uid=0 euid=0 tty=NODEVssh ruser= rhost=<*> user=root,exact,authentication failure; logname= uid=0 euid=0 tty=NODEVssh ruser= rhost=<*> user=root,0.9993,authentication failure; logname= uid=0 euid=0 tty=NODEVssh ruser= rhost=<*> user=test,0.9655,authentication failure; logname= uid=0 euid=0 tty=NODEVssh ruser= rhost=<*> user=guest,0.9558,25.56,72
320,authentication failure; logname= uid=0 euid=0 tty=NODEVssh ruser= rhost=<*> user=root,exact,authentication failure; logname= uid=0 euid=0 tty=NODEVssh ruser= rhost=<*> user=root,0.9993,authentication failure; logname= uid=0 euid=0 tty=NODEVssh ruser= rhost=<*> user=test,0.9655,authentication failure; logname= uid=0 euid=0 tty=NODEVssh ruser= rhost=<*> user=guest,0.9558,25.42,72
321,authentication failure; logname= uid=0 euid=0 tty=NODEVssh ruser= rhost=<*> user=root,exact,authentication failure; logname= uid=0 euid=0 tty=NODEVssh ruser= rhost=<*> user=root,0.9994,authentication failure; logname= uid=0 euid=0 tty=NODEVssh ruser= rhost=<*> user=test,0.9655,authentication failure; logname= uid=0 euid=0 tty=NODEVssh ruser= rhost=<*> user=guest,0.9558,25.58,72
322,authentication failure; logname= uid=0 euid=0 tty=NODEVssh ruser= rhost=<*> user=root,exact,authentication failure; logname= uid=0 euid=0 tty=NODEVssh ruser= rhost=<*> user=root,0.9994,authentication failure; logname= uid=0 euid=0 tty=NODEVssh ruser= rhost=<*> user=test,0.9655,authentication failure; logname= uid=0 euid=0 tty=NODEVssh ruser= rhost=<*> user=guest,0.9558,25.45,72
323,authentication failure; logname= uid=0 euid=0 tty=NODEVssh ruser= rhost=<*> user=root,exact,authentication failure; logname= uid=0 euid=0 tty=NODEVssh ruser= rhost=<*> user=root,0.9995,authentication failure; logname= uid=0 euid=0 tty=NODEVssh ruser= rhost=<*> user=test,0.9655,authentication failure; logname= uid=0 euid=0 tty=NODEVssh ruser= rhost=<*> user=guest,0.9558,25.96,72
324,authentication failure; logname= uid=0 euid=0 tty=NODEVssh ruser= rhost=<*> user=root,exact,authentication failure; logname= uid=0 euid=0 tty=NODEVssh ruser= rhost=<*> user=root,0.9995,authentication failure; logname= uid=0 euid=0 tty=NODEVssh ruser= rhost=<*> user=test,0.9655,authentication failure; logname= uid=0 euid=0 tty=NODEVssh ruser= rhost=<*> user=guest,0.9558,25.51,72
325,connection from <*> () at Sun Jul 24 <*> 2005,exact,connection from <*> () at Sun Jul 17 <*>,0.9927,connection from <*> () at Sun Jul 10 <*>,0.9881,connection from <*> () at Mon Jun 20 <*>,0.9113,24.93,72
326,connection from <*> () at Sun Jul 24 <*> 2005,exact,connection from <*> () at Sun Jul 17 <*>,0.9931,connection from <*> () at Sun Jul 10 <*>,0.9881,connection from <*> () at Mon Jun 20 <*>,0.9113,24.66,72
327,connection from <*> () at Sun Jul 24 <*> 2005,exact,connection from <*> () at Sun Jul 17 <*>,0.9935,connection from <*> () at Sun Jul 10 <*>,0.9881,connection from <*> () at Mon Jun 20 <*>,0.9113,24.67,72
328,connection from <*> () at Sun Jul 24 <*> 2005,exact,connection from <*> () at Sun Jul 17 <*>,0.9939,connection from <*> () at Sun Jul 10 <*>,0.9881,connection from <*> () at Mon Jun 20 <*>,0.9113,24.92,72
329,connection from <*> () at Sun Jul 24 <*> 2005,exact,connection from <*> () at Sun Jul 17 <*>,0.9943,connection from <*> () at Sun Jul 10 <*>,0.9881,connection from <*> () at Mon Jun 20 <*>,0.9113,24.76,72
330,connection from <*> () at Sun Jul 24 <*> 2005,exact,connection from <*> () at Sun Jul 17 <*>,0.9946,connection from <*> () at Sun Jul 10 <*>,0.9881,connection from <*> () at Mon Jun 20 <*>,0.9113,24.82,72
331,connection from <*> () at Sun Jul 24 <*> 2005,exact,connection from <*> () at Sun Jul 17 <*>,0.9949,connection from <*> () at Sun Jul 10 <*>,0.9881,connection from <*> () at Mon Jun 20 <*>,0.9113,25.98,72
332,connection from <*> () at Sun Jul 24 <*> 2005,exact,connection from <*> () at Sun Jul 17 <*>,0.9951,connection from <*> () at Sun Jul 10 <*>,0.9881,connection from <*> () at Mon Jun 20 <*>,0.9113,25.62,72
333,connection from <*> () at Sun Jul 24 <*> 2005,exact,connection from <*> () at Sun Jul 17 <*>,0.9954,connection from <*> () at Sun Jul 10 <*>,0.9881,connection from <*> () at Mon Jun 20 <*>,0.9113,24.78,72
334,connection from <*> () at Sun Jul 24 <*> 2005,exact,connection from <*> () at Sun Jul 17 <*>,0.9956,connection from <*> () at Sun Jul 10 <*>,0.9881,connection from <*> () at Mon Jun 20 <*>,0.9113,24.68,72
335,connection from <*> () at Sun Jul 24 <*> 2005,exact,connection from <*> () at Sun Jul 17 <*>,0.9958,connection from <*> () at Sun Jul 10 <*>,0.9881,connection from <*> () at Mon Jun 20 <*>,0.9113,24.85,72
336,connection from <*> () at Sun Jul 24 <*> 2005,exact,connection from <*> () at Sun Jul 17 <*>,0.996,connection from <*> () at Sun Jul 10 <*>,0.9881,connection from <*> () at Mon Jun 20 <*>,0.9113,24.9,72
337,connection from <*> () at Sun Jul 24 <*> 2005,exact,connection from <*> () at Sun Jul 17 <*>,0.9962,connection from <*> () at Sun Jul 10 <*>,0.9881,connection from <*> () at Mon Jun 20 <*>,0.9113,24.9,72
338,connection from <*> () at Sun Jul 24 <*> 2005,exact,connection from <*> () at Sun Jul 17 <*>,0.9964,connection from <*> () at Sun Jul 10 <*>,0.9881,connection from <*> () at Mon Jun 20 <*>,0.9113,24.63,72
339,connection from <*> () at Sun Jul 24 <*> 2005,exact,connection from <*> () at Sun Jul 17 <*>,0.9965,connection from <*> () at Sun Jul 10 <*>,0.9881,connection from <*> () at Mon Jun 20 <*>,0.9113,24.93,72
340,connection from <*> () at Sun Jul 24 <*> 2005,exact,connection from <*> () at Sun Jul 17 <*>,0.9967,connection from <*> () at Sun Jul 10 <*>,0.9881,connection from <*> () at Mon Jun 20 <*>,0.9113,24.56,72
341,connection from <*> () at Sun Jul 24 <*> 2005,exact,connection from <*> () at Sun Jul 17 <*>,0.9968,connection from <*> () at Sun Jul 10 <*>,0.9881,connection from <*> () at Mon Jun 20 <*>,0.9113,24.72,72
342,connection from <*> () at Sun Jul 24 <*> 2005,exact,connection from <*> () at Sun Jul 17 <*>,0.9969,connection from <*> () at Sun Jul 10 <*>,0.9881,connection from <*> () at Mon Jun 20 <*>,0.9113,24.6,72
343,connection from <*> () at Sun Jul 24 <*> 2005,exact,connection from <*> () at Sun Jul 17 <*>,0.9971,connection from <*> () at Sun Jul 10 <*>,0.9881,connection from <*> () at Mon Jun 20 <*>,0.9113,24.78,72
344,connection from <*> () at Sun Jul 24 <*> 2005,exact,connection from <*> () at Sun Jul 17 <*>,0.9972,connection from <*> () at Sun Jul 10 <*>,0.9881,connection from <*> () at Mon Jun 20 <*>,0.9113,24.55,72
345,connection from <*> () at Sun Jul 24 <*> 2005,exact,connection from <*> () at Sun Jul 17 <*>,0.9973,connection from <*> () at Sun Jul 10 <*>,0.9881,connection from <*> () at Mon Jun 20 <*>,0.9113,24.65,72
346,connection from <*> () at Sun Jul 24 <*> 2005,exact,connection from <*> () at Sun Jul 17 <*>,0.9974,connection from <*> () at Sun Jul 10 <*>,0.9881,connection from <*> () at Mon Jun 20 <*>,0.9113,24.53,72
347,connection from <*> () at Sun Jul 24 <*> 2005,exact,connection from <*> () at Sun Jul 17 <*>,0.9975,connection from <*> () at Sun Jul 10 <*>,0.9881,connection from <*> () at Mon Jun 20 <*>,0.9113,24.55,72
348,"ANONYMOUS FTP LOGIN FROM <*>, (anonymous)",new,"ANONYMOUS FTP LOGIN FROM <*>, (anonymous)",1.0,,0.0,,0.0,25.22,73
349,"ANONYMOUS FTP LOGIN FROM <*>, (anonymous)",exact,"ANONYMOUS FTP LOGIN FROM <*>, (anonymous)",1.0,authentication failure; logname= uid=0 euid=0 tty=NODEVssh ruser= rhost=p15105218.pureserver.info user=root,0.3481,authentication failure; logname= uid=0 euid=0 tty=NODEVssh ruser= rhost=<*> user=test,0.3338,25.29,73
350,session opened for user cyrus by (uid=0),exact,session opened for user cyrus by (uid=0),1.0,session closed for user cyrus,0.8166,session opened for user root by LOGIN(uid=0),0.6909,27.05,73
351,session closed for user cyrus,exact,session closed for user cyrus,1.0,session opened for user cyrus by (uid=0),0.8166,session closed for user root,0.6911,25.96,73
352,cupsd shutdown succeeded,exact,cupsd shutdown succeeded,1.0,cupsd startup succeeded,0.8037,session closed for user news,0.2366,24.78,73
353,cupsd startup succeeded,exact,cupsd startup succeeded,1.0,cupsd shutdown succeeded,0.8037,session opened for user root by LOGIN(uid=0),0.2299,24.79,73
354,restart.,exact,restart.,1.0,session closed for user cyrus,0.3029,Couldn't authenticate user,0.2999,24.6,73
355,ALERT exited abnormally with [1],exact,ALERT exited abnormally with [1],1.0,Authentication failed from <*> (<*>): Software caused connection abort,0.3464,authentication failure; logname= uid=0 euid=0 tty=:0 ruser= rhost=,0.2787,25.05,73
356,session opened for user news by (uid=0),exact,session opened for user news by (uid=0),1.0,session closed for user news,0.77,session opened for user root by LOGIN(uid=0),0.7343,25.2,73
357,session closed for user news,exact,session closed for user news,1.0,session opened for user news by (uid=0),0.77,session closed for user root,0.6857,24.68,73
358,authentication failure; logname= uid=0 euid=0 tty=NODEVssh ruser= rhost=<*> user=root,exact,authentication failure; logname= uid=0 euid=0 tty=NODEVssh ruser= rhost=<*> user=root,0.9995,authentication failure; logname= uid=0 euid=0 tty=NODEVssh ruser= rhost=<*> user=test,0.9655,authentication failure; logname= uid=0 euid=0 tty=NODEVssh ruser= rhost=<*> user=guest,0.9558,25.81,73
359,authentication failure; logname= uid=0 euid=0 tty=NODEVssh ruser= rhost=<*> user=root,exact,authentication failure; logname= uid=0 euid=0 tty=NODEVssh ruser= rhost=<*> user=root,0.9996,authentication failure; logname= uid=0 euid=0 tty=NODEVssh ruser= rhost=<*> user=test,0.9655,authentication failure; logname= uid=0 euid=0 tty=NODEVssh ruser= rhost=<*> user=guest,0.9558,25.89,73
360,authentication failure; logname= uid=0 euid=0 tty=NODEVssh ruser= rhost=<*> user=root,exact,authentication failure; logname= uid=0 euid=0 tty=NODEVssh ruser= rhost=<*> user=root,0.9996,authentication failure; logname= uid=0 euid=0 tty=NODEVssh ruser= rhost=<*> user=test,0.9655,authentication failure; logname= uid=0 euid=0 tty=NODEVssh ruser= rhost=<*> user=guest,0.9558,25.85,73
361,authentication failure; logname= uid=0 euid=0 tty=NODEVssh ruser= rhost=<*> user=root,exact,authentication failure; logname= uid=0 euid=0 tty=NODEVssh ruser= rhost=<*> user=root,0.9996,authentication failure; logname= uid=0 euid=0 tty=NODEVssh ruser= rhost=<*> user=test,0.9655,authentication failure; logname= uid=0 euid=0 tty=NODEVssh ruser= rhost=<*> user=guest,0.9558,25.73,73
362,authentication failure; logname= uid=0 euid=0 tty=NODEVssh ruser= rhost=<*> user=root,exact,authentication failure; logname= uid=0 euid=0 tty=NODEVssh ruser= rhost=<*> user=root,0.9996,authentication failure; logname= uid=0 euid=0 tty=NODEVssh ruser= rhost=<*> user=test,0.9655,authentication failure; logname= uid=0 euid=0 tty=NODEVssh ruser= rhost=<*> user=guest,0.9558,25.78,73
363,connection from <*> () at Sun Jul 24 <*> 2005,exact,connection from <*> () at Sun Jul 17 <*>,0.9976,connection from <*> () at Sun Jul 10 <*>,0.9881,connection from <*> () at Mon Jun 20 <*>,0.9113,24.93,73
364,connection from <*> () at Sun Jul 24 <*> 2005,exact,connection from <*> () at Sun Jul 17 <*>,0.9977,connection from <*> () at Sun Jul 10 <*>,0.9881,connection from <*> () at Mon Jun 20 <*>,0.9113,25.11,73
365,connection from <*> () at Sun Jul 24 <*> 2005,exact,connection from <*> () at Sun Jul 17 <*>,0.9978,connection from <*> () at Sun Jul 10 <*>,0.9881,connection from <*> () at Mon Jun 20 <*>,0.9113,24.9,73
366,connection from <*> () at Sun Jul 24 <*> 2005,exact,connection from <*> () at Sun Jul 17 <*>,0.9978,connection from <*> () at Sun Jul 10 <*>,0.9881,connection from <*> () at Mon Jun 20 <*>,0.9113,25.0,73
367,connection from <*> () at Sun Jul 24 <*> 2005,exact,connection from <*> () at Sun Jul 17 <*>,0.9979,connection from <*> () at Sun Jul 10 <*>,0.9881,connection from <*> () at Mon Jun 20 <*>,0.9113,25.11,73
368,connection from <*> () at Sun Jul 24 <*> 2005,exact,connection from <*> () at Sun Jul 17 <*>,0.998,connection from <*> () at Sun Jul 10 <*>,0.9881,connection from <*> () at Mon Jun 20 <*>,0.9113,25.09,73
369,connection from <*> () at Sun Jul 24 <*> 2005,exact,connection from <*> () at Sun Jul 17 <*>,0.998,connection from <*> () at Sun Jul 10 <*>,0.9881,connection from <*> () at Mon Jun 20 <*>,0.9113,24.95,73
370,connection from <*> () at Sun Jul 24 <*> 2005,exact,connection from <*> () at Sun Jul 17 <*>,0.9981,connection from <*> () at Sun Jul 10 <*>,0.9881,connection from <*> () at Mon Jun 20 <*>,0.9113,25.26,73
371,connection from <*> () at Sun Jul 24 <*> 2005,exact,connection from <*> () at Sun Jul 17 <*>,0.9982,connection from <*> () at Sun Jul 10 <*>,0.9881,connection from <*> () at Mon Jun 20 <*>,0.9113,24.9,73
372,connection from <*> () at Sun Jul 24 <*> 2005,exact,connection from <*> () at Sun Jul 17 <*>,0.9982,connection from <*> () at Sun Jul 10 <*>,0.9881,connection from <*> () at Mon Jun 20 <*>,0.9113,25.1,73
373,connection from <*> () at Sun Jul 24 <*> 2005,exact,connection from <*> () at Sun Jul 17 <*>,0.9983,connection from <*> () at Sun Jul 10 <*>,0.9881,connection from <*> () at Mon Jun 20 <*>,0.9113,25.04,73
374,connection from <*> () at Sun Jul 24 <*> 2005,exact,connection from <*> () at Sun Jul 17 <*>,0.9983,connection from <*> () at Sun Jul 10 <*>,0.9881,connection from <*> () at Mon Jun 20 <*>,0.9113,24.99,73
375,connection from <*> () at Sun Jul 24 <*> 2005,exact,connection from <*> () at Sun Jul 17 <*>,0.9984,connection from <*> () at Sun Jul 10 <*>,0.9881,connection from <*> () at Mon Jun 20 <*>,0.9113,24.89,73
376,connection from <*> () at Sun Jul 24 <*> 2005,exact,connection from <*> () at Sun Jul 17 <*>,0.9984,connection from <*> () at Sun Jul 10 <*>,0.9881,connection from <*> () at Mon Jun 20 <*>,0.9113,24.93,73
377,connection from <*> () at Sun Jul 24 <*> 2005,exact,connection from <*> () at Sun Jul 17 <*>,0.9985,connection from <*> () at Sun Jul 10 <*>,0.9881,connection from <*> () at Mon Jun 20 <*>,0.9113,24.89,73
378,connection from <*> () at Sun Jul 24 <*> 2005,exact,connection from <*> () at Sun Jul 17 <*>,0.9985,connection from <*> () at Sun Jul 10 <*>,0.9881,connection from <*> () at Mon Jun 20 <*>,0.9113,24.98,73
379,connection from <*> () at Sun Jul 24 <*> 2005,exact,connection from <*> () at Sun Jul 17 <*>,0.9986,connection from <*> () at Sun Jul 10 <*>,0.9881,connection from <*> () at Mon Jun 20 <*>,0.9113,25.26,73
380,connection from <*> () at Sun Jul 24 <*> 2005,exact,connection from <*> () at Sun Jul 17 <*>,0.9986,connection from <*> () at Sun Jul 10 <*>,0.9881,connection from <*> () at Mon Jun 20 <*>,0.9113,25.42,73
381,connection from <*> () at Sun Jul 24 <*> 2005,exact,connection from <*> () at Sun Jul 17 <*>,0.9986,connection from <*> () at Sun Jul 10 <*>,0.9881,connection from <*> () at Mon Jun 20 <*>,0.9113,24.99,73
382,session opened for user cyrus by (uid=0),exact,session opened for user cyrus by (uid=0),1.0,session closed for user cyrus,0.8166,session opened for user root by LOGIN(uid=0),0.6909,25.05,73
383,session closed for user cyrus,exact,session closed for user cyrus,1.0,session opened for user cyrus by (uid=0),0.8166,session closed for user root,0.6911,24.8,73
384,ALERT exited abnormally with [1],exact,ALERT exited abnormally with [1],1.0,Authentication failed from <*> (<*>): Software caused connection abort,0.3464,authentication failure; logname= uid=0 euid=0 tty=:0 ruser= rhost=,0.2787,24.83,73
385,session opened for user news by (uid=0),exact,session opened for user news by (uid=0),1.0,session closed for user news,0.77,session opened for user root by LOGIN(uid=0),0.7343,24.87,73
386,session closed for user news,exact,session closed for user news,1.0,session opened for user news by (uid=0),0.77,session closed for user root,0.6857,24.79,73
387,connection from <*> () at Mon Jul 25 <*> 2005,exact,connection from <*> () at Mon Jun 20 <*>,0.9926,connection from <*> () at Thu Jul 7 <*>,0.9621,connection from <*> () at Wed Jun 29 <*>,0.9442,25.01,73
388,connection from <*> () at Mon Jul 25 <*> 2005,exact,connection from <*> () at Mon Jun 20 <*>,0.9932,connection from <*> () at Thu Jul 7 <*>,0.9621,connection from <*> () at Wed Jun 29 <*>,0.9442,25.12,73
389,connection from <*> () at Mon Jul 25 <*> 2005,exact,connection from <*> () at Mon Jun 20 <*>,0.9937,connection from <*> () at Thu Jul 7 <*>,0.9621,connection from <*> () at Wed Jun 29 <*>,0.9442,24.93,73
390,connection from <*> () at Mon Jul 25 <*> 2005,exact,connection from <*> () at Mon Jun 20 <*>,0.9942,connection from <*> () at Thu Jul 7 <*>,0.9621,connection from <*> () at Wed Jun 29 <*>,0.9442,25.15,73
391,connection from <*> () at Mon Jul 25 <*> 2005,exact,connection from <*> () at Mon Jun 20 <*>,0.9946,connection from <*> () at Thu Jul 7 <*>,0.9621,connection from <*> () at Wed Jun 29 <*>,0.9442,24.98,73
392,connection from <*> () at Mon Jul 25 <*> 2005,exact,connection from <*> () at Mon Jun 20 <*>,0.995,connection from <*> () at Thu Jul 7 <*>,0.9621,connection from <*> () at Wed Jun 29 <*>,0.9442,25.22,73
393,connection from <*> () at Mon Jul 25 <*> 2005,exact,connection from <*> () at Mon Jun 20 <*>,0.9953,connection from <*> () at Thu Jul 7 <*>,0.9621,connection from <*> () at Wed Jun 29 <*>,0.9442,25.02,73
394,connection from <*> () at Mon Jul 25 <*> 2005,exact,connection from <*> () at Mon Jun 20 <*>,0.9956,connection from <*> () at Thu Jul 7 <*>,0.9621,connection from <*> () at Wed Jun 29 <*>,0.9442,25.07,73
395,connection from <*> () at Mon Jul 25 <*> 2005,exact,connection from <*> () at Mon Jun 20 <*>,0.9959,connection from <*> () at Thu Jul 7 <*>,0.9621,connection from <*> () at Wed Jun 29 <*>,0.9442,24.85,73
396,connection from <*> () at Mon Jul 25 <*> 2005,exact,connection from <*> () at Mon Jun 20 <*>,0.9962,connection from <*> () at Thu Jul 7 <*>,0.9621,connection from <*> () at Wed Jun 29 <*>,0.9442,30.96,73
397,connection from <*> () at Mon Jul 25 <*> 2005,exact,connection from <*> () at Mon Jun 20 <*>,0.9964,connection from <*> () at Thu Jul 7 <*>,0.9621,connection from <*> () at Wed Jun 29 <*>,0.9442,29.03,73
398,connection from <*> () at Mon Jul 25 <*> 2005,exact,connection from <*> () at Mon Jun 20 <*>,0.9966,connection from <*> () at Thu Jul 7 <*>,0.9621,connection from <*> () at Wed Jun 29 <*>,0.9442,24.44,73
399,connection from <*> () at Mon Jul 25 <*> 2005,exact,connection from <*> () at Mon Jun 20 <*>,0.9968,connection from <*> () at Thu Jul 7 <*>,0.9621,connection from <*> () at Wed Jun 29 <*>,0.9442,24.23,73
400,connection from <*> () at Mon Jul 25 <*> 2005,exact,connection from <*> () at Mon Jun 20 <*>,0.997,connection from <*> () at Thu Jul 7 <*>,0.9621,connection from <*> () at Wed Jun 29 <*>,0.9442,24.28,73
401,connection from <*> () at Mon Jul 25 <*> 2005,exact,connection from <*> () at Mon Jun 20 <*>,0.9971,connection from <*> () at Thu Jul 7 <*>,0.9621,connection from <*> () at Wed Jun 29 <*>,0.9442,24.95,73
402,connection from <*> () at Mon Jul 25 <*> 2005,exact,connection from <*> () at Mon Jun 20 <*>,0.9973,connection from <*> () at Thu Jul 7 <*>,0.9621,connection from <*> () at Wed Jun 29 <*>,0.9442,32.41,73
403,connection from <*> () at Mon Jul 25 <*> 2005,exact,connection from <*> () at Mon Jun 20 <*>,0.9974,connection from <*> () at Thu Jul 7 <*>,0.9621,connection from <*> () at Wed Jun 29 <*>,0.9442,26.35,73
404,connection from <*> () at Mon Jul 25 <*> 2005,exact,connection from <*> () at Mon Jun 20 <*>,0.9975,connection from <*> () at Thu Jul 7 <*>,0.9621,connection from <*> () at Wed Jun 29 <*>,0.9442,25.58,73
405,connection from <*> () at Mon Jul 25 <*> 2005,exact,connection from <*> () at Mon Jun 20 <*>,0.9977,connection from <*> () at Thu Jul 7 <*>,0.9621,connection from <*> () at Wed Jun 29 <*>,0.9442,25.08,73
406,connection from <*> () at Mon Jul 25 <*> 2005,exact,connection from <*> () at Mon Jun 20 <*>,0.9978,connection from <*> () at Thu Jul 7 <*>,0.9621,connection from <*> () at Wed Jun 29 <*>,0.9442,25.26,73
407,connection from <*> () at Mon Jul 25 <*> 2005,exact,connection from <*> () at Mon Jun 20 <*>,0.9979,connection from <*> () at Thu Jul 7 <*>,0.9621,connection from <*> () at Wed Jun 29 <*>,0.9442,24.96,73
408,connection from <*> () at Mon Jul 25 <*> 2005,exact,connection from <*> () at Mon Jun 20 <*>,0.998,connection from <*> () at Thu Jul 7 <*>,0.9621,connection from <*> () at Wed Jun 29 <*>,0.9442,25.15,73
409,connection from <*> () at Mon Jul 25 <*> 2005,exact,connection from <*> () at Mon Jun 20 <*>,0.9981,connection from <*> () at Thu Jul 7 <*>,0.9621,connection from <*> () at Wed Jun 29 <*>,0.9442,25.01,73
410,notify question section contains no SOA,new,notify question section contains no SOA,1.0,,0.0,,0.0,25.68,74
411,notify question section contains no SOA,exact,notify question section contains no SOA,1.0,ALERT exited abnormally with [1],0.357,connection from <*> () at Fri Jul 15 <*>,0.2019,26.21,74
412,notify question section contains no SOA,exact,notify question section contains no SOA,1.0,ALERT exited abnormally with [1],0.357,connection from <*> () at Fri Jul 15 <*>,0.2019,27.15,74
413,notify question section contains no SOA,exact,notify question section contains no SOA,1.0,ALERT exited abnormally with [1],0.357,connection from <*> () at Fri Jul 15 <*>,0.2019,26.09,74
414,notify question section contains no SOA,exact,notify question section contains no SOA,1.0,ALERT exited abnormally with [1],0.357,connection from <*> () at Fri Jul 15 <*>,0.2019,25.07,74
415,notify question section contains no SOA,exact,notify question section contains no SOA,1.0,ALERT exited abnormally with [1],0.357,connection from <*> () at Fri Jul 15 <*>,0.2019,25.06,74
416,notify question section contains no SOA,exact,notify question section contains no SOA,1.0,ALERT exited abnormally with [1],0.357,connection from <*> () at Fri Jul 15 <*>,0.2019,25.03,74
417,notify question section contains no SOA,exact,notify question section contains no SOA,1.0,ALERT exited abnormally with [1],0.357,connection from <*> () at Fri Jul 15 <*>,0.2019,28.36,74
418,notify question section contains no SOA,exact,notify question section contains no SOA,1.0,ALERT exited abnormally with [1],0.357,connection from <*> () at Fri Jul 15 <*>,0.2019,26.63,74
419,notify question section contains no SOA,exact,notify question section contains no SOA,1.0,ALERT exited abnormally with [1],0.357,connection from <*> () at Fri Jul 15 <*>,0.2019,26.64,74
420,notify question section contains no SOA,exact,notify question section contains no SOA,1.0,ALERT exited abnormally with [1],0.357,connection from <*> () at Fri Jul 15 <*>,0.2019,26.99,74
421,notify question section contains no SOA,exact,notify question section contains no SOA,1.0,ALERT exited abnormally with [1],0.357,connection from <*> () at Fri Jul 15 <*>,0.2019,27.88,74
422,notify question section contains no SOA,exact,notify question section contains no SOA,1.0,ALERT exited abnormally with [1],0.357,connection from <*> () at Fri Jul 15 <*>,0.2019,27.04,74
423,notify question section contains no SOA,exact,notify question section contains no SOA,1.0,ALERT exited abnormally with [1],0.357,connection from <*> () at Fri Jul 15 <*>,0.2019,27.22,74
424,notify question section contains no SOA,exact,notify question section contains no SOA,1.0,ALERT exited abnormally with [1],0.357,connection from <*> () at Fri Jul 15 <*>,0.2019,27.17,74
425,notify question section contains no SOA,exact,notify question section contains no SOA,1.0,ALERT exited abnormally with [1],0.357,connection from <*> () at Fri Jul 15 <*>,0.2019,27.45,74
426,getpeername (ftpd): Transport endpoint is not connected,new,getpeername (ftpd): Transport endpoint is not connected,1.0,,0.0,,0.0,27.84,75
427,getpeername (ftpd): Transport endpoint is not connected,exact,getpeername (ftpd): Transport endpoint is not connected,1.0,connection from <*> (dsl-082-083-227-067.arcor-ip.net) at Sun Jul 10 <*>,0.3316,"ANONYMOUS FTP LOGIN FROM <*>, (anonymous)",0.3171,31.5,75
428,warning: can't get client address: Connection reset by peer,new,warning: can't get client address: Connection reset by peer,1.0,,0.0,,0.0,28.66,76
429,getpeername (ftpd): Transport endpoint is not connected,exact,getpeername (ftpd): Transport endpoint is not connected,1.0,connection from <*> (dsl-082-083-227-067.arcor-ip.net) at Sun Jul 10 <*>,0.3316,"ANONYMOUS FTP LOGIN FROM <*>, (anonymous)",0.3171,30.65,76
430,warning: can't get client address: Connection reset by peer,exact,warning: can't get client address: Connection reset by peer,1.0,Authentication failed from <*> (<*>): Software caused connection abort,0.4567,connection from <*> (dsl-Chn-static-<*>.touchtelindia.net) at Sun Jul 3 <*>,0.4492,29.34,76
431,getpeername (ftpd): Transport endpoint is not connected,exact,getpeername (ftpd): Transport endpoint is not connected,1.0,connection from <*> (dsl-082-083-227-067.arcor-ip.net) at Sun Jul 10 <*>,0.3316,"ANONYMOUS FTP LOGIN FROM <*>, (anonymous)",0.3171,28.26,76
432,connection from <*> () at Mon Jul 25 <*> 2005,exact,connection from <*> () at Mon Jun 20 <*>,0.9981,connection from <*> () at Thu Jul 7 <*>,0.9621,connection from <*> () at Wed Jun 29 <*>,0.9442,27.63,76
433,connection from <*> () at Mon Jul 25 <*> 2005,exact,connection from <*> () at Mon Jun 20 <*>,0.9982,connection from <*> () at Thu Jul 7 <*>,0.9621,connection from <*> () at Wed Jun 29 <*>,0.9442,28.14,76
434,connection from <*> () at Mon Jul 25 <*> 2005,exact,connection from <*> () at Mon Jun 20 <*>,0.9983,connection from <*> () at Thu Jul 7 <*>,0.9621,connection from <*> () at Wed Jun 29 <*>,0.9442,27.82,76
435,connection from <*> () at Mon Jul 25 <*> 2005,exact,connection from <*> () at Mon Jun 20 <*>,0.9984,connection from <*> () at Thu Jul 7 <*>,0.9621,connection from <*> () at Wed Jun 29 <*>,0.9442,27.81,76
436,connection from <*> () at Mon Jul 25 <*> 2005,exact,connection from <*> () at Mon Jun 20 <*>,0.9984,connection from <*> () at Thu Jul 7 <*>,0.9621,connection from <*> () at Wed Jun 29 <*>,0.9442,27.97,76
437,connection from <*> () at Mon Jul 25 <*> 2005,exact,connection from <*> () at Mon Jun 20 <*>,0.9985,connection from <*> () at Thu Jul 7 <*>,0.9621,connection from <*> () at Wed Jun 29 <*>,0.9442,28.0,76
438,connection from <*> () at Mon Jul 25 <*> 2005,exact,connection from <*> () at Mon Jun 20 <*>,0.9985,connection from <*> () at Thu Jul 7 <*>,0.9621,connection from <*> () at Wed Jun 29 <*>,0.9442,28.01,76
439,connection from <*> () at Mon Jul 25 <*> 2005,exact,connection from <*> () at Mon Jun 20 <*>,0.9986,connection from <*> () at Thu Jul 7 <*>,0.9621,connection from <*> () at Wed Jun 29 <*>,0.9442,28.03,76
440,connection from <*> () at Mon Jul 25 <*> 2005,exact,connection from <*> () at Mon Jun 20 <*>,0.9987,connection from <*> () at Thu Jul 7 <*>,0.9621,connection from <*> () at Wed Jun 29 <*>,0.9442,28.4,76
441,connection from <*> () at Mon Jul 25 <*> 2005,exact,connection from <*> () at Mon Jun 20 <*>,0.9987,connection from <*> () at Thu Jul 7 <*>,0.9621,connection from <*> () at Wed Jun 29 <*>,0.9442,28.32,76
442,connection from <*> () at Mon Jul 25 <*> 2005,exact,connection from <*> () at Mon Jun 20 <*>,0.9987,connection from <*> () at Thu Jul 7 <*>,0.9621,connection from <*> () at Wed Jun 29 <*>,0.9442,29.16,76
443,connection from <*> () at Mon Jul 25 <*> 2005,exact,connection from <*> () at Mon Jun 20 <*>,0.9988,connection from <*> () at Thu Jul 7 <*>,0.9621,connection from <*> () at Wed Jun 29 <*>,0.9442,27.81,76
444,connection from <*> () at Mon Jul 25 <*> 2005,exact,connection from <*> () at Mon Jun 20 <*>,0.9988,connection from <*> () at Thu Jul 7 <*>,0.9621,connection from <*> () at Wed Jun 29 <*>,0.9442,25.89,76
445,connection from <*> () at Mon Jul 25 <*> 2005,exact,connection from <*> () at Mon Jun 20 <*>,0.9989,connection from <*> () at Thu Jul 7 <*>,0.9621,connection from <*> () at Wed Jun 29 <*>,0.9442,25.74,76
446,connection from <*> () at Mon Jul 25 <*> 2005,exact,connection from <*> () at Mon Jun 20 <*>,0.9989,connection from <*> () at Thu Jul 7 <*>,0.9621,connection from <*> () at Wed Jun 29 <*>,0.9442,25.93,76
447,connection from <*> () at Mon Jul 25 <*> 2005,exact,connection from <*> () at Mon Jun 20 <*>,0.9989,connection from <*> () at Thu Jul 7 <*>,0.9621,connection from <*> () at Wed Jun 29 <*>,0.9442,26.8,76
448,connection from <*> () at Mon Jul 25 <*> 2005,exact,connection from <*> () at Mon Jun 20 <*>,0.999,connection from <*> () at Thu Jul 7 <*>,0.9621,connection from <*> () at Wed Jun 29 <*>,0.9442,26.18,76
449,connection from <*> () at Mon Jul 25 <*> 2005,exact,connection from <*> () at Mon Jun 20 <*>,0.999,connection from <*> () at Thu Jul 7 <*>,0.9621,connection from <*> () at Wed Jun 29 <*>,0.9442,25.8,76
450,connection from <*> () at Mon Jul 25 <*> 2005,exact,connection from <*> () at Mon Jun 20 <*>,0.999,connection from <*> () at Thu Jul 7 <*>,0.9621,connection from <*> () at Wed Jun 29 <*>,0.9442,25.97,76
451,session opened for user cyrus by (uid=0),exact,session opened for user cyrus by (uid=0),1.0,session closed for user cyrus,0.8166,session opened for user root by LOGIN(uid=0),0.6909,25.9,76
452,session closed for user cyrus,exact,session closed for user cyrus,1.0,session opened for user cyrus by (uid=0),0.8166,session closed for user root,0.6911,25.57,76
453,ALERT exited abnormally with [1],exact,ALERT exited abnormally with [1],1.0,notify question section contains no SOA,0.357,Authentication failed from <*> (<*>): Software caused connection abort,0.3464,25.76,76
454,session opened for user news by (uid=0),exact,session opened for user news by (uid=0),1.0,session closed for user news,0.77,session opened for user root by LOGIN(uid=0),0.7343,25.83,76
455,session closed for user news,exact,session closed for user news,1.0,session opened for user news by (uid=0),0.77,session closed for user root,0.6857,25.46,76
456,connection from <*> () at Tue Jul 26 <*> 2005,partial,connection from <*> () at Tue Jul 5 <*>,0.9892,connection from <*> () at Mon Jun 20 <*>,0.9348,connection from <*> () at Thu Jul 7 <*>,0.9274,25.83,76
457,connection from <*> () at Tue Jul 26 <*> 2005,exact,connection from <*> () at Tue Jul 5 <*>,0.9952,connection from <*> () at Mon Jun 20 <*>,0.9348,connection from <*> () at Thu Jul 7 <*>,0.9274,25.78,76
458,connection from <*> () at Tue Jul 26 <*> 2005,exact,connection from <*> () at Tue Jul 5 <*>,0.9973,connection from <*> () at Mon Jun 20 <*>,0.9348,connection from <*> () at Thu Jul 7 <*>,0.9274,25.84,76
459,connection from <*> () at Tue Jul 26 <*> 2005,exact,connection from <*> () at Tue Jul 5 <*>,0.9983,connection from <*> () at Mon Jun 20 <*>,0.9348,connection from <*> () at Thu Jul 7 <*>,0.9274,25.97,76
460,connection from <*> () at Tue Jul 26 <*> 2005,exact,connection from <*> () at Tue Jul 5 <*>,0.9988,connection from <*> () at Mon Jun 20 <*>,0.9348,connection from <*> () at Thu Jul 7 <*>,0.9274,25.79,76
461,connection from <*> () at Tue Jul 26 <*> 2005,exact,connection from <*> () at Tue Jul 5 <*>,0.9991,connection from <*> () at Mon Jun 20 <*>,0.9348,connection from <*> () at Thu Jul 7 <*>,0.9274,26.03,76
462,connection from <*> () at Tue Jul 26 <*> 2005,exact,connection from <*> () at Tue Jul 5 <*>,0.9993,connection from <*> () at Mon Jun 20 <*>,0.9348,connection from <*> () at Thu Jul 7 <*>,0.9274,25.82,76
463,connection from <*> () at Tue Jul 26 <*> 2005,exact,connection from <*> () at Tue Jul 5 <*>,0.9995,connection from <*> () at Mon Jun 20 <*>,0.9348,connection from <*> () at Thu Jul 7 <*>,0.9274,25.91,76
464,connection from <*> () at Tue Jul 26 <*> 2005,exact,connection from <*> () at Tue Jul 5 <*>,0.9996,connection from <*> () at Mon Jun 20 <*>,0.9348,connection from <*> () at Thu Jul 7 <*>,0.9274,25.82,76
465,connection from <*> () at Tue Jul 26 <*> 2005,exact,connection from <*> () at Tue Jul 5 <*>,0.9996,connection from <*> () at Mon Jun 20 <*>,0.9348,connection from <*> () at Thu Jul 7 <*>,0.9274,25.92,76
466,connection from <*> () at Tue Jul 26 <*> 2005,exact,connection from <*> () at Tue Jul 5 <*>,0.9997,connection from <*> () at Mon Jun 20 <*>,0.9348,connection from <*> () at Thu Jul 7 <*>,0.9274,25.99,76
467,connection from <*> () at Tue Jul 26 <*> 2005,exact,connection from <*> () at Tue Jul 5 <*>,0.9997,connection from <*> () at Mon Jun 20 <*>,0.9348,connection from <*> () at Thu Jul 7 <*>,0.9274,25.83,76
468,connection from <*> () at Tue Jul 26 <*> 2005,exact,connection from <*> () at Tue Jul 5 <*>,0.9998,connection from <*> () at Mon Jun 20 <*>,0.9348,connection from <*> () at Thu Jul 7 <*>,0.9274,25.69,76
469,connection from <*> () at Tue Jul 26 <*> 2005,exact,connection from <*> () at Tue Jul 5 <*>,0.9998,connection from <*> () at Mon Jun 20 <*>,0.9348,connection from <*> () at Thu Jul 7 <*>,0.9274,25.93,76
470,connection from <*> () at Tue Jul 26 <*> 2005,exact,connection from <*> () at Tue Jul 5 <*>,0.9998,connection from <*> () at Mon Jun 20 <*>,0.9348,connection from <*> () at Thu Jul 7 <*>,0.9274,26.23,76
471,connection from <*> () at Tue Jul 26 <*> 2005,exact,connection from <*> () at Tue Jul 5 <*>,0.9998,connection from <*> () at Mon Jun 20 <*>,0.9348,connection from <*> () at Thu Jul 7 <*>,0.9274,26.0,76
472,connection from <*> () at Tue Jul 26 <*> 2005,exact,connection from <*> () at Tue Jul 5 <*>,0.9999,connection from <*> () at Mon Jun 20 <*>,0.9348,connection from <*> () at Thu Jul 7 <*>,0.9274,25.79,76
473,connection from <*> () at Tue Jul 26 <*> 2005,exact,connection from <*> () at Tue Jul 5 <*>,0.9999,connection from <*> () at Mon Jun 20 <*>,0.9348,connection from <*> () at Thu Jul 7 <*>,0.9274,25.88,76
474,connection from <*> () at Tue Jul 26 <*> 2005,exact,connection from <*> () at Tue Jul 5 <*>,0.9999,connection from <*> () at Mon Jun 20 <*>,0.9348,connection from <*> () at Thu Jul 7 <*>,0.9274,25.7,76
475,connection from <*> () at Tue Jul 26 <*> 2005,exact,connection from <*> () at Tue Jul 5 <*>,0.9999,connection from <*> () at Mon Jun 20 <*>,0.9348,connection from <*> () at Thu Jul 7 <*>,0.9274,25.93,76
476,connection from <*> () at Tue Jul 26 <*> 2005,exact,connection from <*> () at Tue Jul 5 <*>,0.9999,connection from <*> () at Mon Jun 20 <*>,0.9348,connection from <*> () at Thu Jul 7 <*>,0.9274,25.83,76
477,connection from <*> () at Tue Jul 26 <*> 2005,exact,connection from <*> () at Tue Jul 5 <*>,0.9999,connection from <*> () at Mon Jun 20 <*>,0.9348,connection from <*> () at Thu Jul 7 <*>,0.9274,25.81,76
478,connection from <*> () at Tue Jul 26 <*> 2005,exact,connection from <*> () at Tue Jul 5 <*>,0.9999,connection from <*> () at Mon Jun 20 <*>,0.9348,connection from <*> () at Thu Jul 7 <*>,0.9274,25.77,76
479,authentication failure; logname= uid=0 euid=0 tty=NODEVssh ruser= rhost=<*> user=root,exact,authentication failure; logname= uid=0 euid=0 tty=NODEVssh ruser= rhost=<*> user=root,0.9996,authentication failure; logname= uid=0 euid=0 tty=NODEVssh ruser= rhost=<*> user=test,0.9655,authentication failure; logname= uid=0 euid=0 tty=NODEVssh ruser= rhost=<*> user=guest,0.9558,26.6,76
480,authentication failure; logname= uid=0 euid=0 tty=NODEVssh ruser= rhost=<*> user=root,exact,authentication failure; logname= uid=0 euid=0 tty=NODEVssh ruser= rhost=<*> user=root,0.9997,authentication failure; logname= uid=0 euid=0 tty=NODEVssh ruser= rhost=<*> user=test,0.9655,authentication failure; logname= uid=0 euid=0 tty=NODEVssh ruser= rhost=<*> user=guest,0.9558,26.55,76
481,authentication failure; logname= uid=0 euid=0 tty=NODEVssh ruser= rhost=<*> user=root,exact,authentication failure; logname= uid=0 euid=0 tty=NODEVssh ruser= rhost=<*> user=root,0.9997,authentication failure; logname= uid=0 euid=0 tty=NODEVssh ruser= rhost=<*> user=test,0.9655,authentication failure; logname= uid=0 euid=0 tty=NODEVssh ruser= rhost=<*> user=guest,0.9558,26.58,76
482,authentication failure; logname= uid=0 euid=0 tty=NODEVssh ruser= rhost=<*> user=root,exact,authentication failure; logname= uid=0 euid=0 tty=NODEVssh ruser= rhost=<*> user=root,0.9997,authentication failure; logname= uid=0 euid=0 tty=NODEVssh ruser= rhost=<*> user=test,0.9655,authentication failure; logname= uid=0 euid=0 tty=NODEVssh ruser= rhost=<*> user=guest,0.9558,26.76,76
483,authentication failure; logname= uid=0 euid=0 tty=NODEVssh ruser= rhost=<*> user=root,exact,authentication failure; logname= uid=0 euid=0 tty=NODEVssh ruser= rhost=<*> user=root,0.9997,authentication failure; logname= uid=0 euid=0 tty=NODEVssh ruser= rhost=<*> user=test,0.9655,authentication failure; logname= uid=0 euid=0 tty=NODEVssh ruser= rhost=<*> user=guest,0.9558,26.53,76
484,authentication failure; logname= uid=0 euid=0 tty=NODEVssh ruser= rhost=<*> user=root,exact,authentication failure; logname= uid=0 euid=0 tty=NODEVssh ruser= rhost=<*> user=root,0.9997,authentication failure; logname= uid=0 euid=0 tty=NODEVssh ruser= rhost=<*> user=test,0.9655,authentication failure; logname= uid=0 euid=0 tty=NODEVssh ruser= rhost=<*> user=guest,0.9558,26.49,76
485,authentication failure; logname= uid=0 euid=0 tty=NODEVssh ruser= rhost=<*> user=root,exact,authentication failure; logname= uid=0 euid=0 tty=NODEVssh ruser= rhost=<*> user=root,0.9997,authentication failure; logname= uid=0 euid=0 tty=NODEVssh ruser= rhost=<*> user=test,0.9655,authentication failure; logname= uid=0 euid=0 tty=NODEVssh ruser= rhost=<*> user=guest,0.9558,27.04,76
486,authentication failure; logname= uid=0 euid=0 tty=NODEVssh ruser= rhost=<*> user=root,exact,authentication failure; logname= uid=0 euid=0 tty=NODEVssh ruser= rhost=<*> user=root,0.9997,authentication failure; logname= uid=0 euid=0 tty=NODEVssh ruser= rhost=<*> user=test,0.9655,authentication failure; logname= uid=0 euid=0 tty=NODEVssh ruser= rhost=<*> user=guest,0.9558,26.68,76
487,authentication failure; logname= uid=0 euid=0 tty=NODEVssh ruser= rhost=<*> user=root,exact,authentication failure; logname= uid=0 euid=0 tty=NODEVssh ruser= rhost=<*> user=root,0.9998,authentication failure; logname= uid=0 euid=0 tty=NODEVssh ruser= rhost=<*> user=test,0.9655,authentication failure; logname= uid=0 euid=0 tty=NODEVssh ruser= rhost=<*> user=guest,0.9558,26.51,76
488,authentication failure; logname= uid=0 euid=0 tty=NODEVssh ruser= rhost=<*> user=root,exact,authentication failure; logname= uid=0 euid=0 tty=NODEVssh ruser= rhost=<*> user=root,0.9998,authentication failure; logname= uid=0 euid=0 tty=NODEVssh ruser= rhost=<*> user=test,0.9655,authentication failure; logname= uid=0 euid=0 tty=NODEVssh ruser= rhost=<*> user=guest,0.9558,26.66,76
489,authentication failure; logname= uid=0 euid=0 tty=NODEVssh ruser= rhost=<*> user=root,exact,authentication failure; logname= uid=0 euid=0 tty=NODEVssh ruser= rhost=<*> user=root,0.9998,authentication failure; logname= uid=0 euid=0 tty=NODEVssh ruser= rhost=<*> user=test,0.9655,authentication failure; logname= uid=0 euid=0 tty=NODEVssh ruser= rhost=<*> user=guest,0.9558,26.53,76
490,authentication failure; logname= uid=0 euid=0 tty=NODEVssh ruser= rhost=<*> user=root,exact,authentication failure; logname= uid=0 euid=0 tty=NODEVssh ruser= rhost=<*> user=root,0.9998,authentication failure; logname= uid=0 euid=0 tty=NODEVssh ruser= rhost=<*> user=test,0.9655,authentication failure; logname= uid=0 euid=0 tty=NODEVssh ruser= rhost=<*> user=guest,0.9558,26.49,76
491,authentication failure; logname= uid=0 euid=0 tty=NODEVssh ruser= rhost=<*> user=root,exact,authentication failure; logname= uid=0 euid=0 tty=NODEVssh ruser= rhost=<*> user=root,0.9998,authentication failure; logname= uid=0 euid=0 tty=NODEVssh ruser= rhost=<*> user=test,0.9655,authentication failure; logname= uid=0 euid=0 tty=NODEVssh ruser= rhost=<*> user=guest,0.9558,26.89,76
492,authentication failure; logname= uid=0 euid=0 tty=NODEVssh ruser= rhost=<*> user=root,exact,authentication failure; logname= uid=0 euid=0 tty=NODEVssh ruser= rhost=<*> user=root,0.9998,authentication failure; logname= uid=0 euid=0 tty=NODEVssh ruser= rhost=<*> user=test,0.9655,authentication failure; logname= uid=0 euid=0 tty=NODEVssh ruser= rhost=<*> user=guest,0.9558,26.78,76
493,authentication failure; logname= uid=0 euid=0 tty=NODEVssh ruser= rhost=<*> user=root,exact,authentication failure; logname= uid=0 euid=0 tty=NODEVssh ruser= rhost=<*> user=root,0.9998,authentication failure; logname= uid=0 euid=0 tty=NODEVssh ruser= rhost=<*> user=test,0.9655,authentication failure; logname= uid=0 euid=0 tty=NODEVssh ruser= rhost=<*> user=guest,0.9558,27.27,76
494,authentication failure; logname= uid=0 euid=0 tty=NODEVssh ruser= rhost=<*> user=root,exact,authentication failure; logname= uid=0 euid=0 tty=NODEVssh ruser= rhost=<*> user=root,0.9998,authentication failure; logname= uid=0 euid=0 tty=NODEVssh ruser= rhost=<*> user=test,0.9655,authentication failure; logname= uid=0 euid=0 tty=NODEVssh ruser= rhost=<*> user=guest,0.9558,26.36,76
495,authentication failure; logname= uid=0 euid=0 tty=NODEVssh ruser= rhost=<*> user=root,exact,authentication failure; logname= uid=0 euid=0 tty=NODEVssh ruser= rhost=<*> user=root,0.9998,authentication failure; logname= uid=0 euid=0 tty=NODEVssh ruser= rhost=<*> user=test,0.9655,authentication failure; logname= uid=0 euid=0 tty=NODEVssh ruser= rhost=<*> user=guest,0.9558,26.58,76
496,authentication failure; logname= uid=0 euid=0 tty=NODEVssh ruser= rhost=<*> user=root,exact,authentication failure; logname= uid=0 euid=0 tty=NODEVssh ruser= rhost=<*> user=root,0.9998,authentication failure; logname= uid=0 euid=0 tty=NODEVssh ruser= rhost=<*> user=test,0.9655,authentication failure; logname= uid=0 euid=0 tty=NODEVssh ruser= rhost=<*> user=guest,0.9558,26.47,76
497,authentication failure; logname= uid=0 euid=0 tty=NODEVssh ruser= rhost=<*> user=root,exact,authentication failure; logname= uid=0 euid=0 tty=NODEVssh ruser= rhost=<*> user=root,0.9998,authentication failure; logname= uid=0 euid=0 tty=NODEVssh ruser= rhost=<*> user=test,0.9655,authentication failure; logname= uid=0 euid=0 tty=NODEVssh ruser= rhost=<*> user=guest,0.9558,26.63,76
498,authentication failure; logname= uid=0 euid=0 tty=NODEVssh ruser= rhost=<*> user=root,exact,authentication failure; logname= uid=0 euid=0 tty=NODEVssh ruser= rhost=<*> user=root,0.9998,authentication failure; logname= uid=0 euid=0 tty=NODEVssh ruser= rhost=<*> user=test,0.9655,authentication failure; logname= uid=0 euid=0 tty=NODEVssh ruser= rhost=<*> user=guest,0.9558,26.37,76
499,authentication failure; logname= uid=0 euid=0 tty=NODEVssh ruser= rhost=<*> user=root,exact,authentication failure; logname= uid=0 euid=0 tty=NODEVssh ruser= rhost=<*> user=root,0.9998,authentication failure; logname= uid=0 euid=0 tty=NODEVssh ruser= rhost=<*> user=test,0.9655,authentication failure; logname= uid=0 euid=0 tty=NODEVssh ruser= rhost=<*> user=guest,0.9558,26.46,76
500,authentication failure; logname= uid=0 euid=0 tty=NODEVssh ruser= rhost=<*> user=root,exact,authentication failure; logname= uid=0 euid=0 tty=NODEVssh ruser= rhost=<*> user=root,0.9998,authentication failure; logname= uid=0 euid=0 tty=NODEVssh ruser= rhost=<*> user=test,0.9655,authentication failure; logname= uid=0 euid=0 tty=NODEVssh ruser= rhost=<*> user=guest,0.9558,26.6,76
501,authentication failure; logname= uid=0 euid=0 tty=NODEVssh ruser= rhost=<*> user=root,exact,authentication failure; logname= uid=0 euid=0 tty=NODEVssh ruser= rhost=<*> user=root,0.9999,authentication failure; logname= uid=0 euid=0 tty=NODEVssh ruser= rhost=<*> user=test,0.9655,authentication failure; logname= uid=0 euid=0 tty=NODEVssh ruser= rhost=<*> user=guest,0.9558,28.55,76
502,session opened for user cyrus by (uid=0),exact,session opened for user cyrus by (uid=0),1.0,session closed for user cyrus,0.8166,session opened for user root by LOGIN(uid=0),0.6909,27.8,76
503,session closed for user cyrus,exact,session closed for user cyrus,1.0,session opened for user cyrus by (uid=0),0.8166,session closed for user root,0.6911,26.7,76
504,ALERT exited abnormally with [1],exact,ALERT exited abnormally with [1],1.0,notify question section contains no SOA,0.357,Authentication failed from <*> (<*>): Software caused connection abort,0.3464,25.71,76
505,session opened for user news by (uid=0),exact,session opened for user news by (uid=0),1.0,session closed for user news,0.77,session opened for user root by LOGIN(uid=0),0.7343,25.74,76
506,session closed for user news,exact,session closed for user news,1.0,session opened for user news by (uid=0),0.77,session closed for user root,0.6857,25.43,76
507,connection from <*> () at Wed Jul 27 <*> 2005,exact,connection from <*> () at Wed Jul 6 <*>,0.9959,connection from <*> () at Wed Jun 29 <*>,0.983,connection from <*> () at Wed Jun 22 <*>,0.9739,25.83,76
508,restart.,exact,restart.,1.0,session closed for user cyrus,0.3029,Couldn't authenticate user,0.2999,25.44,76
509,syslogd startup succeeded,new,syslogd startup succeeded,1.0,,0.0,,0.0,25.91,77
510,"klogd 1.4.1, log source = /proc/kmsg started.",new,"klogd 1.4.1, log source = /proc/kmsg started.",1.0,,0.0,,0.0,28.11,78
511,Linux version 2.6.5-1.358 (bhcompile@bugs.build.redhat.com) (gcc version 3.3.3 20040412 (Red Hat Linux 3.3.3-7)) #1 Sat May 8 <*> EDT 2004,new,Linux version 2.6.5-1.358 (bhcompile@bugs.build.redhat.com) (gcc version 3.3.3 <*> (Red Hat Linux 3.3.3-7)) #1 Sat May 8 <*> EDT <*>,1.0,,0.0,,0.0,32.85,79
512,BIOS-provided physical RAM map:,new,BIOS-provided physical RAM map:,1.0,,0.0,,0.0,30.46,80
513,BIOS-e820: 0000000000000000 - 00000000000a0000 (usable),new,BIOS-e820: <*> - 00000000000a0000 (usable),1.0,,0.0,,0.0,29.13,81
514,BIOS-e820: 00000000000f0000 - 0000000000100000 (reserved),partial,BIOS-e820: <*> - 00000000000a0000 (usable),0.9,BIOS-provided physical RAM map:,0.4884,Linux version 2.6.5-1.358 (bhcompile@bugs.build.redhat.com) (gcc version 3.3.3 <*> (Red Hat Linux 3.3.3-7)) #1 Sat May 8 <*> EDT <*>,0.2618,29.76,81
515,BIOS-e820: 0000000000100000 - 0000000007eae000 (usable),partial,BIOS-e820: <*> - 00000000000a0000 (usable),0.9879,BIOS-provided physical RAM map:,0.5173,removing device node '/udev/vcsa2',0.256,31.0,81
516,BIOS-e820: 0000000007eae000 - 0000000008000000 (reserved),partial,BIOS-e820: <*> - 00000000000a0000 (usable),0.9361,BIOS-provided physical RAM map:,0.4846,removing device node '/udev/vcsa2',0.2605,28.88,81
517,BIOS-e820: 00000000ffb00000 - 0000000100000000 (reserved),partial,BIOS-e820: <*> - 00000000000a0000 (usable),0.9628,BIOS-provided physical RAM map:,0.4938,removing device node '/udev/vcsa2',0.2565,27.64,81
518,0MB HIGHMEM available.,new,0MB HIGHMEM available.,1.0,,0.0,,0.0,27.38,82
519,126MB LOWMEM available.,partial,0MB HIGHMEM available.,0.8173,BIOS-provided physical RAM map:,0.2558,connection from <*> (dsl-Chn-static-<*>.touchtelindia.net) at Sun Jul 3 <*>,0.2116,29.25,82
520,zapping low mappings.,new,zapping low mappings.,1.0,,0.0,,0.0,28.95,83
521,klogd startup succeeded,fuzzy,"klogd 1.4.1, log source = /proc/kmsg started.",0.7826,syslogd startup succeeded,0.5852,cupsd startup succeeded,0.4717,29.41,83
522,On node 0 totalpages: 32430,new,On node 0 totalpages: <*>,1.0,,0.0,,0.0,31.54,84
523,"DMA zone: 4096 pages, LIFO batch:1",new,"DMA zone: <*> pages, LIFO batch:1",1.0,,0.0,,0.0,29.57,85
524,"Normal zone: 28334 pages, LIFO batch:6",partial,"DMA zone: <*> pages, LIFO batch:1",0.8155,On node 0 totalpages: <*>,0.3919,0MB HIGHMEM available.,0.2667,30.41,85
525,irqbalance startup succeeded,new,irqbalance startup succeeded,1.0,,0.0,,0.0,29.99,86
526,"HighMem zone: 0 pages, LIFO batch:1",fuzzy,"DMA zone: <*> pages, LIFO batch:1",0.7695,0MB HIGHMEM available.,0.481,On node 0 totalpages: <*>,0.3459,29.66,86
527,DMI 2.3 present.,new,DMI 2.3 present.,1.0,,0.0,,0.0,31.18,87
528,ACPI disabled because your bios is from 2000 and too old,new,ACPI disabled because your bios is from <*> and too old,1.0,,0.0,,0.0,30.42,88
529,You can enable it with acpi=force,new,You can enable it with acpi=force,1.0,,0.0,,0.0,31.45,89
530,Built 1 zonelists,new,Built 1 zonelists,1.0,,0.0,,0.0,31.47,90
531,Kernel command line: ro root=LABEL=/ rhgb quiet,new,Kernel command line: ro root=LABEL=/ rhgb quiet,1.0,,0.0,,0.0,31.67,91
532,mapped 4G/4G trampoline to ffff3000.,new,mapped 4G/4G trampoline to ffff3000.,1.0,,0.0,,0.0,31.59,92
533,Initializing CPU#0,new,Initializing CPU#0,1.0,,0.0,,0.0,31.58,93
534,"CPU 0 irqstacks, hard=02345000 soft=02344000",new,"CPU 0 irqstacks, hard=02345000 soft=02344000",1.0,,0.0,,0.0,32.21,94
535,portmap startup succeeded,new,portmap startup succeeded,1.0,,0.0,,0.0,32.0,95
536,PID hash table entries: 512 (order 9: 4096 bytes),new,PID hash table entries: 512 (order 9: <*> bytes),1.0,,0.0,,0.0,32.53,96
537,Detected 731.219 MHz processor.,new,Detected 731.219 MHz processor.,1.0,,0.0,,0.0,32.7,97
538,Version 1.0.6 Starting,new,Version 1.0.6 Starting,1.0,,0.0,,0.0,32.98,98
539,Using tsc for high-res timesource,new,Using tsc for high-res timesource,1.0,,0.0,,0.0,33.46,99
540,rpc.statd startup succeeded,new,rpc.statd startup succeeded,1.0,,0.0,,0.0,35.33,100
541,Console: colour VGA+ 80x25,new,Console: colour VGA+ 80x25,1.0,,0.0,,0.0,35.03,101
542,"Memory: 125312k/129720k available (1540k kernel code, 3860k reserved, 599k data, 144k init, 0k highmem)",new,"Memory: 125312k/129720k available (1540k kernel code, 3860k reserved, 599k data, 144k init, 0k highmem)",1.0,,0.0,,0.0,35.42,102
543,Calibrating delay loop... 1445.88 BogoMIPS,new,Calibrating delay loop... 1445.88 BogoMIPS,1.0,,0.0,,0.0,34.84,103
544,Security Scaffold v1.0.0 initialized,new,Security Scaffold v1.0.0 initialized,1.0,,0.0,,0.0,35.13,104
545,SELinux: Initializing.,new,SELinux: Initializing.,1.0,,0.0,,0.0,35.99,105
546,SELinux: Starting in permissive mode,partial,SELinux: Initializing.,0.8441,Security Scaffold v1.0.0 initialized,0.3263,session opened for user root by LOGIN(uid=0),0.292,34.6,105
547,"There is already a security framework initialized, register_security failed.",fuzzy,Security Scaffold v1.0.0 initialized,0.6392,authentication failure; logname= uid=0 euid=0 tty=NODEVssh ruser= rhost=c9063558.virtua.com.br,0.4236,authentication failure; logname= uid=0 euid=0 tty=NODEVssh ruser= rhost=061092085098.ctinets.com,0.417,35.75,105
548,Failure registering capabilities with the kernel,new,Failure registering capabilities with the kernel,1.0,,0.0,,0.0,33.79,106
549,selinux_register_security: Registering secondary module capability,new,selinux_register_security: Registering secondary module capability,1.0,,0.0,,0.0,34.01,107
550,Capability LSM initialized,new,Capability LSM initialized,1.0,,0.0,,0.0,35.83,108
551,rpc.idmapd startup succeeded,fuzzy,rpc.statd startup succeeded,0.6023,portmap startup succeeded,0.5328,getpeername (ftpd): Transport endpoint is not connected,0.4067,35.54,108
552,"Dentry cache hash table entries: 16384 (order: 4, 65536 bytes)",fuzzy,PID hash table entries: 512 (order 9: <*> bytes),0.6203,"Memory: 125312k/129720k available (1540k kernel code, 3860k reserved, 599k data, 144k init, 0k highmem)",0.3353,"DMA zone: <*> pages, LIFO batch:1",0.3338,36.12,108
553,"Inode-cache hash table entries: 8192 (order: 3, 32768 bytes)",fuzzy,PID hash table entries: 512 (order 9: <*> bytes),0.7722,"Memory: 125312k/129720k available (1540k kernel code, 3860k reserved, 599k data, 144k init, 0k highmem)",0.3678,connection from <*> (<*>.sh.interxion.inode.at) at Sun Jul 3 <*>,0.32,35.86,108
554,"Mount-cache hash table entries: 512 (order: 0, 4096 bytes)",partial,PID hash table entries: 512 (order 9: <*> bytes),0.8025,"Memory: 125312k/129720k available (1540k kernel code, 3860k reserved, 599k data, 144k init, 0k highmem)",0.3351,BIOS-provided physical RAM map:,0.3093,34.97,108
555,"CPU: L1 I cache: 16K, L1 D cache: 16K",new,"CPU: L1 I cache: 16K, L1 D cache: 16K",1.0,,0.0,,0.0,34.82,109
556,CPU: L2 cache: 256K,partial,"CPU: L1 I cache: 16K, L1 D cache: 16K",0.811,"Memory: 125312k/129720k available (1540k kernel code, 3860k reserved, 599k data, 144k init, 0k highmem)",0.5705,"CPU 0 irqstacks, hard=02345000 soft=02344000",0.4356,34.51,109
557,Intel machine check architecture supported.,new,Intel machine check architecture supported.,1.0,,0.0,,0.0,36.5,110
558,Intel machine check reporting enabled on CPU#0.,fuzzy,Intel machine check architecture supported.,0.7092,Initializing CPU#0,0.5809,Detected 731.219 MHz processor.,0.5587,35.15,110
559,CPU: Intel Pentium III (Coppermine) stepping 06,new,CPU: Intel Pentium III (Coppermine) stepping 06,1.0,,0.0,,0.0,36.35,111
560,Enabling fast FPU save and restore... done.,new,Enabling fast FPU save and restore... done.,1.0,,0.0,,0.0,36.2,112
561,Enabling unmasked SIMD FPU exception support... done.,new,Enabling unmasked SIMD FPU exception support... done.,1.0,,0.0,,0.0,37.34,113
562,Checking 'hlt' instruction... OK.,new,Checking 'hlt' instruction... OK.,1.0,,0.0,,0.0,37.67,114
563,Initializing random number generator: succeeded,new,Initializing random number generator: succeeded,1.0,,0.0,,0.0,37.5,115
564,POSIX conformance testing by UNIFIX,new,POSIX conformance testing by UNIFIX,1.0,,0.0,,0.0,38.69,116
565,NET: Registered protocol family 16,new,NET: Registered protocol family 16,1.0,,0.0,,0.0,37.66,117
566,"PCI: PCI BIOS revision 2.10 entry at 0xfc0ce, last bus=1",new,"PCI: PCI BIOS revision 2.10 entry at 0xfc0ce, last bus=1",1.0,,0.0,,0.0,39.0,118
567,PCI: Using configuration type 1,new,PCI: Using configuration type 1,1.0,,0.0,,0.0,38.58,119
568,mtrr: v2.0 (20020519),new,mtrr: v2.0 (20020519),1.0,,0.0,,0.0,39.73,120
569,ACPI: Subsystem revision 20040326,fuzzy,ACPI disabled because your bios is from <*> and too old,0.64,BIOS-e820: <*> - 00000000000a0000 (usable),0.3947,You can enable it with acpi=force,0.3873,38.45,120
570,ACPI: Interpreter disabled.,fuzzy,ACPI disabled because your bios is from <*> and too old,0.7075,You can enable it with acpi=force,0.5415,BIOS-e820: <*> - 00000000000a0000 (usable),0.336,38.51,120
571,Linux Plug and Play Support v0.97 (c) Adam Belay,new,Linux Plug and Play Support v0.97 (c) Adam Belay,1.0,,0.0,,0.0,37.78,121
572,Starting pcmcia: succeeded,new,Starting pcmcia: succeeded,1.0,,0.0,,0.0,50.37,122
573,usbcore: registered new driver usbfs,new,usbcore: registered new driver usbfs,1.0,,0.0,,0.0,39.98,123
574,usbcore: registered new driver hub,partial,usbcore: registered new driver usbfs,0.834,creating device node '/udev/vcs2',0.3889,creating device node '/udev/vcsa2',0.3673,39.42,123
575,ACPI: ACPI tables contain no PCI IRQ routing entries,new,ACPI: ACPI tables contain no PCI IRQ routing entries,1.0,,0.0,,0.0,40.96,124
576,PCI: Invalid ACPI-PCI IRQ routing table,partial,ACPI: ACPI tables contain no PCI IRQ routing entries,0.9245,ACPI disabled because your bios is from <*> and too old,0.5302,"PCI: PCI BIOS revision 2.10 entry at 0xfc0ce, last bus=1",0.4982,38.67,124
577,PCI: Probing PCI hardware,new,PCI: Probing PCI hardware,1.0,,0.0,,0.0,40.28,125
578,PCI: Probing PCI hardware (bus 00),partial,PCI: Probing PCI hardware,0.8789,"PCI: PCI BIOS revision 2.10 entry at 0xfc0ce, last bus=1",0.6208,PCI: Using configuration type 1,0.5016,39.41,125
579,Transparent bridge - 0000:00:1e.0,new,Transparent bridge - 0000:00:1e.0,1.0,,0.0,,0.0,40.69,126
580,PCI: Using IRQ router PIIX/ICH [8086/2410] at 0000:00:1f.0,new,PCI: Using IRQ router PIIX/ICH [8086/2410] at 0000:00:1f.0,1.0,,0.0,,0.0,40.42,127
581,apm: BIOS version 1.2 Flags 0x03 (Driver version 1.16ac),new,apm: BIOS version 1.2 Flags 0x03 (Driver version 1.16ac),1.0,,0.0,,0.0,41.55,128
582,audit: initializing netlink socket (disabled),new,audit: initializing netlink socket (disabled),1.0,,0.0,,0.0,40.86,129
583,kernel.core_uses_pid = 1,new,kernel.core_uses_pid = 1,1.0,,0.0,,0.0,41.27,130
584,HCI daemon ver 2.4 started,new,HCI daemon ver 2.4 started,1.0,,0.0,,0.0,42.55,131
585,hcid startup succeeded,fuzzy,HCI daemon ver 2.4 started,0.623,rpc.statd startup succeeded,0.4071,Starting pcmcia: succeeded,0.397,41.5,131
586,audit(1122475266.4294965305:0): initialized,new,audit(1122475266.4294965305:0): initialized,1.0,,0.0,,0.0,41.81,132
587,Setting network parameters: succeeded,new,Setting network parameters: succeeded,1.0,,0.0,,0.0,40.71,133
588,sdpd startup succeeded,new,sdpd startup succeeded,1.0,,0.0,,0.0,43.15,134
589,sdpd v1.5 started,fuzzy,sdpd startup succeeded,0.7619,Version 1.0.6 Starting,0.4617,getpeername (ftpd): Transport endpoint is not connected,0.3862,42.86,134
590,"Total HugeTLB memory allocated, 0",new,"Total HugeTLB memory allocated, 0",1.0,,0.0,,0.0,42.31,135
591,Bringing up loopback interface: succeeded,new,Bringing up loopback interface: succeeded,1.0,,0.0,,0.0,41.63,136
592,VFS: Disk quotas dquot_6.5.1,new,VFS: Disk quotas dquot_6.5.1,1.0,,0.0,,0.0,43.67,137
593,"Dquot-cache hash table entries: 1024 (order 0, 4096 bytes)",fuzzy,PID hash table entries: 512 (order 9: <*> bytes),0.7674,"CPU: L1 I cache: 16K, L1 D cache: 16K",0.4246,VFS: Disk quotas dquot_6.5.1,0.3518,44.53,137
594,SELinux: Registering netfilter hooks,new,SELinux: Registering netfilter hooks,1.0,,0.0,,0.0,43.06,138
595,Initializing Cryptographic API,new,Initializing Cryptographic API,1.0,,0.0,,0.0,42.13,139
596,pci_hotplug: PCI Hot Plug PCI Core version: 0.5,new,pci_hotplug: PCI Hot Plug PCI Core version: 0.5,1.0,,0.0,,0.0,44.39,140
597,isapnp: Scanning for PnP cards...,new,isapnp: Scanning for PnP cards...,1.0,,0.0,,0.0,45.24,141
598,isapnp: No Plug & Play device found,new,isapnp: No Plug & Play device found,1.0,,0.0,,0.0,43.98,142
599,Real Time Clock Driver v1.12,new,Real Time Clock Driver v1.12,1.0,,0.0,,0.0,45.0,143
600,Linux agpgart interface v0.100 (c) Dave Jones,new,Linux agpgart interface v0.100 (c) Dave Jones,1.0,,0.0,,0.0,45.0,144
