log_id,normalised,match_type,top1_template,top1_score,top2_template,top2_score,top3_template,top3_score,latency_ms,store_size
1,"NETWORK: requery, 0, 0, 0, 0, 291, items, fQueryRetries, 0, fLastRetryTimestamp, 521048893.3",exact,"NETWORK: requery, 0, 0, 0, 0, <*> items, fQueryRetries, 0, fLastRetryTimestamp, <*>",0.9953,"NETWORK: no response from server, reachability, 2, queryRetries, <*>",0.5525,-[NetworkAnalyticsEngine _writeJournalRecord:fromCellFingerprint:key:atLOI:ofKind:lqm:isFaulty:] Hashing of the primary key failed. Dropping the journal record.,0.3967,106.76,324
2,-[SFLListManager(ServiceReplyProtocol) notifyChanges:toListWithIdentifier:] Notified of item changes to list with identifier <*>,new,-[SFLListManager(ServiceReplyProtocol) notifyChanges:toListWithIdentifier:] Notified of item changes to list with identifier com.apple.LSSharedFileList.RecentApplications<*>,1.0,,0.0,,0.0,103.57,325
3,FA||Url||taskID[2019353614] dealloc,exact,FA||Url||taskID[2019353519] dealloc,0.9968,FA||Url||taskID[2019353410] dealloc,0.9961,FA||Url||taskID[2019353517] dealloc,0.9958,106.81,325
4,2017-07-06 09:24:14.417 ksfetch[36728/0x7fff79824000] [lvl=2] main() ksfetch fetching URL (<NSMutableURLRequest: 0x100602220> { URL: https://<*>/service/update2?cup2hreq=f5e83ec64ff3fc5533a3c206134a6517e274f9e1cb53df857e15049b6e4c9f8e&cup2key=7:1721929288 }) to folder:/tmp/KSOutOfProcessFetcher.aPWod5QMh1/download,partial,<*> ksfetch[32435/0x7fff79824000] [lvl=2] main() ksfetch fetching URL (<NSMutableURLRequest: <*> { URL: https://<*>/service/update2?cup2hreq=53f725cf03f511fab16f19e789ce64aa1eed72395fc246e9f1100748325002f4&cup2key=7:1132320327 }) to folder:/tmp/KSOutOfProcessFetcher.YH2CjY1tnx/download,0.9829,<*> ksfetch[35863/0x7fff79824000] [lvl=2] main() Fetcher received a request: <NSMutableURLRequest: <*> { URL: https://<*>/service/update2?cup2hreq=a7873a51b1cb55518e420d20dff47d463781ed3f7aa83c3153129eefb148070b&cup2key=7:2501762722 },0.8404,"<*> GoogleSoftwareUpdateAgent[36128/0x7000002a0000] [lvl=2] -[KSOutOfProcessFetcher beginFetchWithDelegate:] KSOutOfProcessFetcher fetching from URL: ""https://<*>/service/update2?cup2hreq=ac844e04cbb398fcef4cf81b4ffc44a3ebc863e89d19c0b5d39d02d78d26675b&cup2key=7:677488741""",0.717,117.98,325
5,2017-07-06 09:24:14.733 GoogleSoftwareUpdateAgent[36726/0x7000002a0000] [lvl=2] -[KSMultiUpdateAction performAction] KSPromptAction had no updates to apply.,partial,"<*> GoogleSoftwareUpdateAgent[32432/0x7000002a0000] [lvl=2] -[KSUpdateEngine updateAllExceptProduct:] KSUpdateEngine updating all installed products, except:'<*>'.",0.8406,<*> GoogleSoftwareUpdateAgent[35861/0x700000323000] [lvl=2] -[KSPrefetchAction performAction] KSPrefetchAction no updates to prefetch.,0.8395,"<*> GoogleSoftwareUpdateAgent[36436/0x7000002a0000] [lvl=2] -[KSUpdateEngine updateAllExceptProduct:] KSUpdateEngine updating all installed products, except:'<*>'.",0.8364,109.85,325
6,no sleep images for WillPowerOffWithImages,new,no sleep images for WillPowerOffWithImages,1.0,,0.0,,0.0,102.73,326
7,AppleCamIn::systemWakeCall - messageType = 0xE0000340,exact,AppleCamIn::systemWakeCall - messageType = <*>,0.999,AppleCamIn::handleWakeEvent_gated,0.711,AppleCamIn::wakeEventHandlerThread,0.6906,92.23,326
8,button report: 0x8002be0,partial,button report: <*>,0.9532,"pages <*> wire <*> act <*> inact <*> cleaned 0 spec <*> zf <*> throt 0, compr <*> xpmapped <*>",0.3532,ARPT: <*> framerdy <*> bmccmd <*> framecnt <*>,0.3485,91.78,326
9,"<*>: scheduler_evaluate_activity told me to run this job; however, but the start time isn't for 12754 seconds. Ignoring.",partial,"<*>: scheduler_evaluate_activity told me to run this job; however, but the start time isn't for 978 seconds. Ignoring.",0.9465,"<*>: scheduler_evaluate_activity told me to run this job; however, but the start time isn't for <*> seconds. Ignoring.",0.896,"<*>://DB05755C-483D-44B7-B93B-ED06E57FF420/CalDAVPrincipal/p11: scheduler_evaluate_activity told me to run this job; however, but the start time isn't for 59 seconds. Ignoring.",0.8711,91.95,326
10,ChromeExistion main isUndetectWithCommand = 1,new,ChromeExistion main isUndetectWithCommand = 1,1.0,,0.0,,0.0,91.99,327
11,after trim url = https://<*>/_/chrome/newtab?rlz=1C5CHFA_enHK732HK732&espv=2&ie=UTF-8,new,after trim url = https://<*>/_/chrome/newtab?rlz=1C5CHFA_enHK732HK732&espv=2&ie=UTF-8,1.0,,0.0,,0.0,93.13,328
12,send_datagram_available_ping: pid 445 failed to act on a ping it dequeued before timing out.,exact,send_datagram_available_ping: pid 445 failed to act on a ping it dequeued before timing out.,1.0,tcp_connection_destination_perform_socket_connect <*> connectx to <*>:143@0 failed: [50] Network is down,0.4696,"arp_client_transmit(en0) failed, Network is down (50)",0.4595,92.89,328
13,"ChromeExistion main strSendMsg = {""websitekey"":false,""commandkey"":true,""browserkey"":true}",fuzzy,ChromeExistion main isUndetectWithCommand = 1,0.6383,after trim url = https://<*>/_/chrome/newtab?rlz=1C5CHFA_enHK732HK732&espv=2&ie=UTF-8,0.462,"<*> GoogleSoftwareUpdateAgent[31702/0x7000002a0000] [lvl=2] -[KSAgentApp(KeystoneThread) runKeystonesInThreadWithArg:] Checking with local engine: <KSUpdateEngine:0x100259c60 ticketStore=<KSPersistentTicketStore:0x100253770 store=<KSKeyedPersistentStore:0x100254d10 path=""/Users/xpc/Library/Google/GoogleSoftwareUpdate/TicketStore/Keystone.ticketstore"" lockFile=<KSLockFile:0x100254d80 path=""/Users/xpc/Library/Google/GoogleSoftwareUpdate/TicketStore/<*>"" locked=NO > >> processor=<KSActionProcessor:0x100259e70 delegate=<KSUpdateEngine:0x100259c60> isProcessing=NO actionsCompleted=0 progress=0.00 errors=0 currentActionErrors=0 events=0 currentActionEvents=0 actionQueue=( ) > delegate=(null) serverInfoStore=<KSServerPrivateInfoStore:0x1002594d0 path=""/Users/xpc/Library/Google/GoogleSoftwareUpdate/Servers""> errors=0 >",0.3658,93.05,328
14,Location icon should now be in state 'Active',exact,Location icon should now be in state 'Active',1.0,Location icon should now be in state 'Inactive',0.9243,Error returned from iconservicesagent: (null),0.4088,99.56,328
15,ChromeExistion main isUndetectWithCommand = 1,partial,ChromeExistion main isUndetectWithCommand = 1,0.96,after trim url = https://<*>/_/chrome/newtab?rlz=1C5CHFA_enHK732HK732&espv=2&ie=UTF-8,0.4213,"Google Chrome He[36456] triggered unnest of range 0x7fff93c00000->0x7fff93e00000 of DYLD shared region in VM map <*> While not abnormal for debuggers, this increases system memory footprint until the target exits.",0.3742,104.06,328
16,url host = <*>,fuzzy,"setting hostname to ""<*>""",0.7101,after trim url = https://<*>/_/chrome/newtab?rlz=1C5CHFA_enHK732HK732&espv=2&ie=UTF-8,0.4354,ARPT: <*> wl0: MDNS: IPV4 Addr: <*>,0.3929,102.66,328
17,the url = http://<*>/item/%E8%93%9D%E9%87%87%E5%92%8C/462624?fr=aladdin,new,the url = http://<*>/item/%E8%93%9D%E9%87%87%E5%92%8C/462624?fr=aladdin,1.0,,0.0,,0.0,92.75,329
18,11:07:29.673 : Purged contact hashes,partial,<*> : Purged contact hashes,0.9583,<*> : Finished generating hashes,0.6534,<*> : Started generating hashes,0.6507,98.39,329
19,IO80211AWDLPeerManager::setAwdlOperatingMode Setting the AWDL operation mode from AUTO to SUSPENDED,exact,IO80211AWDLPeerManager::setAwdlOperatingMode Setting the AWDL operation mode from <*> to <*>,0.9983,"IO80211AWDLPeerManager::setAwdlSuspendedMode() Suspending AWDL, enterQuietMode(true)",0.8906,IO80211AWDLPeerManager::setAwdlAutoMode Resuming AWDL,0.789,105.06,329
20,-[NETClientConnection effectiveBundleID] using process name apsd as bundle ID (this is expected for daemons without bundle ID,exact,-[NETClientConnection effectiveBundleID] using process name apsd as bundle ID (this is expected for daemons without bundle ID,1.0,-[NETClientConnection effectiveBundleID] using process name CalendarAgent as bundle ID (this is expected for daemons without bundle ID,0.7785,Daemon connection invalidated!,0.4278,91.98,329
21,ARPT: 739017.747240: ARPT: Wake Reason: Wake on Scan offload,partial,ARPT: <*> ARPT: Wake Reason: Wake on Scan offload,0.9763,ARPT: <*> ARPT: Wake Reason: Wake on TCP Timeout,0.7298,Wake reason: ARPT (Network),0.686,95.45,329
22,en0: channel changed to 1,exact,en0: channel changed to 1,1.0,en0: channel changed to 6,0.8919,en0: channel changed to <*>,0.8696,95.73,329
23,AirPort: Link Up on awdl0,exact,AirPort: Link Up on awdl0,1.0,AirPort: Link Down on awdl0. Reason 1 (Unspecified).,0.8787,AirPort: Link Up on en0,0.8013,92.86,329
24,-[NETClientConnection effectiveBundleID] using process name apsd as bundle ID (this is expected for daemons without bundle ID,exact,-[NETClientConnection effectiveBundleID] using process name apsd as bundle ID (this is expected for daemons without bundle ID,1.0,-[NETClientConnection effectiveBundleID] using process name CalendarAgent as bundle ID (this is expected for daemons without bundle ID,0.7785,Daemon connection invalidated!,0.4278,92.58,329
25,network changed: DNS* Proxy,exact,network changed: DNS* Proxy,1.0,network changed: v6(en0-:2607:f140:6000:8:d8d1:d506:6046:43e4) DNS- Proxy-,0.8496,network changed: v4(en0-:<*>) v6(en0-:2607:f140:6000:8:c6b3:1ff:fecd:467f) DNS- Proxy-,0.8133,92.7,329
26,"en0: channel changed to 36,+1",partial,en0: channel changed to <*>,0.8859,en0: channel changed to 1,0.8799,en0: channel changed to 6,0.8668,92.27,329
27,<*>(36919) deny network-outbound /private/var/run/mDNSResponder,exact,<*>(36227) deny network-outbound /private/var/run/mDNSResponder,0.9948,<*>(36332) deny network-outbound /private/var/run/mDNSResponder,0.993,<*>(36491) deny network-outbound /private/var/run/mDNSResponder,0.9925,91.87,329
28,[<*>] [Adding [<CalDAVAccountRefreshQueueableOperation: 0x7fa11d67f3b0; Sequence: 0>] to failed operations.],new,[<*>] [Adding [<CalDAVAccountRefreshQueueableOperation: 0x7fa11d67f3b0; Sequence: 0>] to failed operations.],1.0,,0.0,,0.0,93.93,330
29,Received Capture Event,exact,Received Capture Event,1.0,CCFile::captureLog Received Capture notice id: <*> reason = AuthFail:sts:5_rsn:0,0.5145,CCFile::captureLog Received Capture notice id: <*> reason = RoamFail:sts:1_rsn:1,0.4903,92.86,330
30,"CCFile::captureLogRun Skipping current file Dir file [2017-07-06_12,00,58.629029]-AirPortBrcm4360_Logs-007.txt, Current File [2017-07-06_12,00,58.629029]-AirPortBrcm4360_Logs-007.txt",partial,CCFile::captureLogRun Skipping current file Dir file <*> Current File <*>,0.8609,CCFile::captureLog,0.7416,CCFile::captureLogRun() Exiting CCFile::captureLogRun,0.7181,96.77,330
31,ARPT: 739157.867474: wlc_dump_aggfifo:,partial,ARPT: <*> wlc_dump_aggfifo:,0.986,ARPT: <*> wl0: wl_update_tcpkeep_seq: Original Seq: <*> Ack: <*> Win size: <*>,0.57,ARPT: <*> wl0: setup_keepalive: Seq: <*> Ack: <*> Win size: <*>,0.5677,92.98,330
32,CCFile::captureLogRun() Exiting CCFile::captureLogRun,exact,CCFile::captureLogRun() Exiting CCFile::captureLogRun,1.0,CCFile::captureLog,0.8574,CCFile::captureLogRun Skipping current file Dir file <*> Current File <*>,0.7595,92.51,330
33,ARPT: 739163.832381: AQM agg results 0x8001 len hi/lo: 0x0 0x26 BAbitmap(0-3) 0 0 0 0,exact,ARPT: <*> AQM agg results <*> len hi/lo: <*> BAbitmap(0-3) 0 0 0 0,0.9957,ARPT: <*> AQM agg params <*> maxlen hi/lo <*> minlen <*> adjlen <*>,0.7817,ARPT: <*> wlc_dump_aggfifo:,0.4737,94.16,330
34,IO80211AWDLPeerManager::setAwdlAutoMode Resuming AWDL,exact,IO80211AWDLPeerManager::setAwdlAutoMode Resuming AWDL,1.0,IO80211AWDLPeerManager::setAwdlOperatingMode Setting the AWDL operation mode from <*> to <*>,0.7934,"IO80211AWDLPeerManager::setAwdlSuspendedMode() Suspending AWDL, enterQuietMode(true)",0.7902,92.65,330
35,nw_nat64_post_new_ifstate successfully changed NAT64 ifstate from 0x4 to 0x8000000000000000,exact,nw_nat64_post_new_ifstate successfully changed NAT64 ifstate from <*> to <*>,0.9997,en0::IO80211Interface::postMessage bssid changed,0.4405,host connection <NSXPCConnection: 0x7fddbbb015c0> connection from pid <*> invalidated,0.4224,93.07,330
36,network changed: v6(en0-:2607:f140:6000:8:c6b3:1ff:fecd:467f) DNS- Proxy-,partial,network changed: v4(en0-:<*>) v6(en0-:2607:f140:6000:8:c6b3:1ff:fecd:467f) DNS- Proxy-,0.9609,network changed: v6(en0-:2607:f140:6000:8:d8d1:d506:6046:43e4) DNS- Proxy-,0.9309,network changed: <*> DNS<*> Proxy SMB,0.8469,93.23,330
37,CCFile::captureLogRun() Exiting CCFile::captureLogRun,exact,CCFile::captureLogRun() Exiting CCFile::captureLogRun,1.0,CCFile::captureLog,0.8574,CCFile::captureLogRun Skipping current file Dir file <*> Current File <*>,0.7595,103.51,330
38,"CCFile::captureLogRun Skipping current file Dir file [2017-07-06_12,03,00.133649]-CCIOReporter-028.xml, Current File [2017-07-06_12,03,00.133649]-CCIOReporter-028.xml",partial,CCFile::captureLogRun Skipping current file Dir file <*> Current File <*>,0.8874,CCFile::captureLogRun() Exiting CCFile::captureLogRun,0.7805,CCFile::captureLog,0.7517,108.45,330
39,ARPT: 739241.687186: AQM agg results 0x8001 len hi/lo: 0x0 0x26 BAbitmap(0-3) 0 0 0 0,exact,ARPT: <*> AQM agg results <*> len hi/lo: <*> BAbitmap(0-3) 0 0 0 0,0.9978,ARPT: <*> AQM agg params <*> maxlen hi/lo <*> minlen <*> adjlen <*>,0.774,ARPT: <*> wlc_dump_aggfifo:,0.4605,105.47,330
40,CCIOReporterFormatter::addRegistryChildToChannelDictionary streams 7,exact,CCIOReporterFormatter::addRegistryChildToChannelDictionary streams 7,1.0,CCIOReporterFormatter::refreshSubscriptionsFromStreamRegistry clearing out any previous subscriptions,0.5591,CCXPCService::setStreamEventHandler Registered for notification callback.,0.4331,92.61,330
41,"CCFile::captureLogRun Skipping current file Dir file [2017-07-06_12,03,02.449748]-AirPortBrcm4360_Logs-037.txt, Current File [2017-07-06_12,03,02.449748]-AirPortBrcm4360_Logs-037.txt",partial,CCFile::captureLogRun Skipping current file Dir file <*> Current File <*>,0.9205,CCFile::captureLog,0.7439,CCFile::captureLogRun() Exiting CCFile::captureLogRun,0.7155,96.26,330
42,"CCFile::captureLog Received Capture notice id: 1499367785.097211, reason = AuthFail:sts:5_rsn:0",exact,CCFile::captureLog Received Capture notice id: <*> reason = AuthFail:sts:5_rsn:0,0.9986,CCFile::captureLog Received Capture notice id: <*> reason = RoamFail:sts:1_rsn:1,0.9097,CCFile::captureLog,0.7905,93.74,330
43,dnssd_clientstub ConnectToServer: connect()-> No of tries: 1,exact,dnssd_clientstub ConnectToServer: connect()-> No of tries: <*>,0.9992,dnssd_clientstub ConnectToServer: connect() failed path:/var/run/mDNSResponder Socket:4 Err:-1 Errno:1 Operation not permitted,0.8397,[0706/011106:WARNING:dns_config_service_posix.cc(306)] Failed to read DnsConfig.,0.5321,92.5,330
44,__42-[NETClientConnection evaluateCrazyIvan46]_block_invoke CI46 - Hit by torpedo! QQ.10018 tc24039 <*>:8080,partial,__42-[NETClientConnection evaluateCrazyIvan46]_block_invoke CI46 - Hit by torpedo! QQ.<*> tc<*> <*>,0.9881,__42-[NETClientConnection evaluateCrazyIvan46]_block_invoke CI46 - Hit by torpedo! NeteaseMusic.17988 <*> <*>:80,0.8304,-[NETClientConnection evaluateCrazyIvan46] CI46 - Perform CrazyIvan46! QQ.<*> tc<*> <*>:80,0.7853,93.78,330
45,[0706/120312:WARNING:dns_config_service_posix.cc(306)] Failed to read DnsConfig.,exact,[0706/011106:WARNING:dns_config_service_posix.cc(306)] Failed to read DnsConfig.,0.9953,[0701/114930:WARNING:dns_config_service_posix.cc(306)] Failed to read DnsConfig.,0.993,[0705/190016:WARNING:dns_config_service_posix.cc(306)] Failed to read DnsConfig.,0.9836,93.15,330
46,ARPT: 739253.582611: wlc_dump_aggfifo:,partial,ARPT: <*> wlc_dump_aggfifo:,0.9826,ARPT: <*> wl0: setup_keepalive: Seq: <*> Ack: <*> Win size: <*>,0.5796,ARPT: <*> wl0: wl_update_tcpkeep_seq: Original Seq: <*> Ack: <*> Win size: <*>,0.5775,103.33,330
47,"CCFile::captureLog Received Capture notice id: 1499367792.155080, reason = AuthFail:sts:5_rsn:0",exact,CCFile::captureLog Received Capture notice id: <*> reason = AuthFail:sts:5_rsn:0,0.9983,CCFile::captureLog Received Capture notice id: <*> reason = RoamFail:sts:1_rsn:1,0.9075,CCFile::captureLog,0.7973,109.98,330
48,"CCFile::captureLogRun Skipping current file Dir file [2017-07-06_12,03,12.289973]-CCIOReporter-041.xml, Current File [2017-07-06_12,03,12.289973]-CCIOReporter-041.xml",partial,CCFile::captureLogRun Skipping current file Dir file <*> Current File <*>,0.9178,CCFile::captureLogRun() Exiting CCFile::captureLogRun,0.7786,CCFile::captureLog,0.7475,116.96,330
49,AppleThunderboltNHIType2::waitForOk2Go2Sx - retries = 5,exact,AppleThunderboltNHIType2::waitForOk2Go2Sx - retries = <*>,0.9945,AppleThunderboltNHIType2::waitForOk2Go2Sx - intel_rp = 1 dlla_reporting_supported = 0,0.7938,AppleThunderboltGenericHAL::earlyWake - complete - took <*> milliseconds,0.6183,119.52,330
50,IO80211AWDLPeerManager::setAwdlOperatingMode Setting the AWDL operation mode from AUTO to SUSPENDED,exact,IO80211AWDLPeerManager::setAwdlOperatingMode Setting the AWDL operation mode from <*> to <*>,0.999,"IO80211AWDLPeerManager::setAwdlSuspendedMode() Suspending AWDL, enterQuietMode(true)",0.8906,IO80211AWDLPeerManager::setAwdlAutoMode Resuming AWDL,0.789,92.7,330
51,"ARPT: 739295.354731: wl0: Roamed or switched channel, reason #4, bssid f8:4f:57:3b:ea:b2, last RSSI -77",partial,"ARPT: <*> wl0: Roamed or switched channel, reason #8, bssid 5c:50:15:4c:18:13, last RSSI -64",0.9734,ARPT: <*> wl0: wl_update_tcpkeep_seq: Original Seq: <*> Ack: <*> Win size: <*>,0.6307,ARPT: <*> wl0: leaveModulePoweredForOffloads: Wi-Fi will stay on.,0.609,93.63,330
52,en0: BSSID changed to f8:4f:57:3b:ea:b2,partial,en0: BSSID changed to 64:d9:89:6b:b5:33,0.9189,en0: BSSID changed to <*>,0.9105,en0::IO80211Interface::postMessage bssid changed,0.6874,105.65,330
53,in6_unlink_ifa: IPv6 address 0x77c911454f1523ab has no prefix,exact,in6_unlink_ifa: IPv6 address <*> has no prefix,0.9924,ARPT: <*> wl0: MDNS: IPV6 Addr: <*>,0.5257,ARPT: <*> wl0: MDNS: IPV6 Addr: fe<*>,0.5092,100.86,330
54,tcp_connection_tls_session_error_callback_imp 2375 __tcp_connection_tls_session_callback_write_block_invoke.434 error 22,exact,tcp_connection_tls_session_error_callback_imp <*> __tcp_connection_tls_session_callback_write_block_invoke.434 error 22,0.9964,tcp_connection_tls_session_error_callback_imp <*> tcp_connection_tls_session_handle_read_error.790 error 60,0.8462,tcp_connection_destination_perform_socket_connect <*> connectx to <*>:143@0 failed: [50] Network is down,0.4992,95.75,330
55,"ARPT: 739357.156234: wl0: setup_keepalive: Seq: 1852166454, Ack: 1229910694, Win size: 4096",exact,ARPT: <*> wl0: setup_keepalive: Seq: <*> Ack: <*> Win size: <*>,0.993,ARPT: <*> wl0: setup_keepalive: Local port: <*> Remote port: <*>,0.8005,ARPT: <*> wl0: setup_keepalive: Local IP: <*>,0.791,95.12,330
56,ARPT: 739359.663674: wl0: leaveModulePoweredForOffloads: Wi-Fi will stay on.,exact,ARPT: <*> wl0: leaveModulePoweredForOffloads: Wi-Fi will stay on.,0.9933,"ARPT: <*> wl0: Roamed or switched channel, reason #8, bssid 5c:50:15:4c:18:13, last RSSI -64",0.6512,ARPT: <*> wl0: setup_keepalive: Local IP: <*>,0.6375,94.31,330
57,en0: BSSID changed to 88:75:56:a0:95:ed,partial,en0: BSSID changed to <*>,0.9836,en0: BSSID changed to 64:d9:89:6b:b5:33,0.923,en0::IO80211Interface::postMessage bssid changed,0.6495,94.33,330
58,ARPT: 739420.595498: AirPort_Brcm43xx::syncPowerState: WWEN[enabled],exact,ARPT: <*> AirPort_Brcm43xx::syncPowerState: WWEN[enabled],0.9949,ARPT: <*> AirPort_Brcm43xx::platformWoWEnable: WWEN<*>,0.9097,ARPT: <*> AirPort_Brcm43xx::platformWoWEnable: WWEN[disable],0.8731,94.29,330
59,ARPT: 739481.576701: wl0: MDNS: IPV6 Addr: 2607:f140:6000:8:c6b3:1ff:fecd:467f,exact,ARPT: <*> wl0: MDNS: IPV6 Addr: fe<*>,0.9915,ARPT: <*> wl0: MDNS: IPV6 Addr: <*>,0.9325,ARPT: <*> wl0: MDNS: IPV4 Addr: <*>,0.8407,95.86,330
60,ARPT: 739549.504820: AirPort_Brcm43xx::powerChange: System Wake - Full Wake/ Dark Wake / Maintenance wake,exact,ARPT: <*> AirPort_Brcm43xx::powerChange: System Wake - Full Wake/ Dark Wake / Maintenance wake,0.9928,ARPT: <*> AirPort_Brcm43xx::powerChange: System Sleep,0.8768,ARPT: <*> AirPort_Brcm43xx::syncPowerState: WWEN[enabled],0.7212,95.22,330
61,ARPT: 739605.015490: wl0: MDNS: IPV6 Addr: 2607:f140:6000:8:cc53:3e31:ccd8:11d4,partial,ARPT: <*> wl0: MDNS: IPV6 Addr: <*>,0.9824,ARPT: <*> wl0: MDNS: IPV6 Addr: fe<*>,0.9264,ARPT: <*> wl0: MDNS: IPV4 Addr: <*>,0.9012,95.37,330
62,Previous sleep cause: 5,exact,Previous sleep cause: 5,1.0,Wake reason: EC.SleepTimer (SleepTimer),0.4608,Wake reason: ?,0.4587,97.55,330
63,ARPT: 739668.778627: AirPort_Brcm43xx::powerChange: System Sleep,exact,ARPT: <*> AirPort_Brcm43xx::powerChange: System Sleep,0.9945,ARPT: <*> AirPort_Brcm43xx::powerChange: System Wake - Full Wake/ Dark Wake / Maintenance wake,0.884,ARPT: <*> AirPort_Brcm43xx::syncPowerState: WWEN[enabled],0.7752,94.33,330
64,tcp_connection_destination_perform_socket_connect 45238 connectx to <*>:993@0 failed: [50] Network is down,partial,tcp_connection_destination_perform_socket_connect <*> connectx to <*>:143@0 failed: [50] Network is down,0.9088,tcp_connection_destination_perform_socket_connect <*> connectx to <*>:80@0 failed: [50] Network is down,0.8651,tcp_connection_destination_perform_socket_connect <*> connectx to <*>:8080@0 failed: [51] Network is unreachable,0.7225,95.56,330
65,tcp_connection_handle_connect_conditions_bad 24150 failed: 3 - No network route,partial,tcp_connection_handle_connect_conditions_bad <*> failed: 3 - No network route,0.9333,tcp_connection_destination_perform_socket_connect <*> connectx to <*>:143@0 failed: [50] Network is down,0.6133,tcp_connection_destination_perform_socket_connect <*> connectx to <*>:8080@0 failed: [51] Network is unreachable,0.6016,94.2,330
66,hibernate_rebuild started,fuzzy,hibernate_rebuild completed - took <*> msecs,0.7145,hibernate_setup(0) took <*> ms,0.6508,hibernate_teardown completed - discarded <*>,0.6481,93.84,330
67,INIT -- Host controller is published,exact,INIT -- Host controller is published,1.0,hibernate_machine_init reading,0.4026,[IOBluetoothHostController::setConfigState] calling registerService,0.3774,96.17,330
68,Received Capture Event,exact,Received Capture Event,1.0,CCFile::captureLog Received Capture notice id: <*> reason = AuthFail:sts:5_rsn:0,0.5143,CCFile::captureLog Received Capture notice id: <*> reason = RoamFail:sts:1_rsn:1,0.4903,103.85,330
69,CCFile::captureLogRun() Exiting CCFile::captureLogRun,exact,CCFile::captureLogRun() Exiting CCFile::captureLogRun,1.0,CCFile::captureLog,0.8574,CCFile::captureLogRun Skipping current file Dir file <*> Current File <*>,0.7844,107.69,330
70,[<*>] [Adding [<CalDAVAccountRefreshQueueableOperation: 0x7fa11d67f3b0; Sequence: 0>] to failed operations.],exact,[<*>] [Adding [<CalDAVAccountRefreshQueueableOperation: 0x7fa11d67f3b0; Sequence: 0>] to failed operations.],1.0,"[CardDAVPlugin-ERROR] -getPrincipalInfo:[_controller supportsRequestCompressionAtURL:https://13957525385%40163.com@<*>/874161398/principal/] Error Domain=NSURLErrorDomain Code=-1001 ""The request timed out."" UserInfo={NSUnderlyingError=0x7f9af3646900 {Error Domain=kCFErrorDomainCFNetwork Code=-1001 ""The request timed out."" UserInfo={NSErrorFailingURLStringKey=https://13957525385%40163.com@<*>/874161398/principal/, NSErrorFailingURLKey=https://13957525385%40163.com@<*>/874161398/principal/, _kCFStreamErrorCodeKey=-2102, _kCFStreamErrorDomainKey=4, NSLocalizedDescription=The request timed out.}}, NSErrorFailingURLStringKey=https://13957525385%40163.com@<*>/874161398/principal/, NSErrorFailingURLKey=https://13957525385%40163.com@<*>/874161398/principal/, _kCFStreamErrorDomainKey=4, _kCFStreamErrorCodeKey=-2102, NSLocalizedDescription=The request timed out.}",0.4362,"<*> GoogleSoftwareUpdateAgent[33263/0x700000323000] [lvl=2] -[KSAgentApp performSelfUpdateWithEngine:] Checking for self update with Engine: <KSUpdateEngine:0x10062de70 ticketStore=<KSPersistentTicketStore:0x1005206e0 store=<KSKeyedPersistentStore:0x1005282c0 path=""/Users/xpc/Library/Google/GoogleSoftwareUpdate/TicketStore/Keystone.ticketstore"" lockFile=<KSLockFile:0x100510480 path=""/Users/xpc/Library/Google/GoogleSoftwareUpdate/TicketStore/<*>"" locked=NO > >> processor=<KSActionProcessor:0x10062e060 delegate=<KSUpdateEngine:0x10062de70> isProcessing=NO actionsCompleted=0 progress=0.00 errors=0 currentActionErrors=0 events=0 currentActionEvents=0 actionQueue=( ) > delegate=(null) serverInfoStore=<KSServerPrivateInfoStore:0x10062d2d0 path=""/Users/xpc/Library/Google/GoogleSoftwareUpdate/Servers""> errors=0 >",0.4026,93.46,330
71,Received Capture Event,exact,Received Capture Event,1.0,CCFile::captureLog Received Capture notice id: <*> reason = AuthFail:sts:5_rsn:0,0.5143,CCFile::captureLog Received Capture notice id: <*> reason = RoamFail:sts:1_rsn:1,0.4903,96.15,330
72,"CCFile::captureLogRun Skipping current file Dir file [2017-07-06_14,15,59.644892]-CCIOReporter-007.xml, Current File [2017-07-06_14,15,59.644892]-CCIOReporter-007.xml",partial,CCFile::captureLogRun Skipping current file Dir file <*> Current File <*>,0.9395,CCFile::captureLogRun() Exiting CCFile::captureLogRun,0.7819,CCFile::captureLog,0.7452,94.68,330
73,"CCFile::captureLogRun Skipping current file Dir file [2017-07-06_14,15,59.726497]-io80211Family-008.pcapng, Current File [2017-07-06_14,15,59.726497]-io80211Family-008.pcapng",partial,CCFile::captureLogRun Skipping current file Dir file <*> Current File <*>,0.9521,CCFile::captureLogRun() Exiting CCFile::captureLogRun,0.7426,CCFile::captureLog,0.7271,95.7,330
74,14:16:06.179 : Scanning mode Contacts Only,partial,<*> : Scanning mode Contacts Only,0.9423,<*> : BTLE scanning started,0.5175,<*> : Discoverable mode changed to Off,0.4864,92.49,330
75,Sandbox: <*>(37034) deny(1) network-outbound /private/var/run/mDNSResponder,exact,Sandbox: com.apple.Addres<*> deny(1) network-outbound /private/var/run/mDNSResponder,0.9981,<*>(36491) deny network-outbound /private/var/run/mDNSResponder,0.9039,<*>(36332) deny network-outbound /private/var/run/mDNSResponder,0.9031,93.17,330
76,"Service ""<*>"" tried to hijack endpoint ""<*>"" from owner: <*>",new,"Service ""<*>"" tried to hijack endpoint ""<*>"" from owner: com.apple.SystemUIServer.agent<*>",1.0,,0.0,,0.0,95.12,331
77,"ARPT: 740034.911245: wl0: setup_keepalive: interval 900, retry_interval 30, retry_count 10",partial,"ARPT: <*> wl0: setup_keepalive: interval <*> retry_interval 30, retry_count 10",0.9851,ARPT: <*> wl0: setup_keepalive: Local port: <*> Remote port: <*>,0.7654,ARPT: <*> wl0: setup_keepalive: Local IP: <*>,0.7471,93.5,331
78,AppleCamIn::systemWakeCall - messageType = 0xE0000340,exact,AppleCamIn::systemWakeCall - messageType = <*>,0.9993,AppleCamIn::handleWakeEvent_gated,0.711,AppleCamIn::wakeEventHandlerThread,0.6906,93.73,331
79,"USBMSC Identifier (non-unique): 000000000820 0x5ac 0x8406 0x820, 3",exact,USBMSC Identifier (non-unique): <*> 3,1.0,ARPT: <*> framerdy <*> bmccmd <*> framecnt <*>,0.4449,device_generate_desktop_screenshot: authw <*> shield <*>,0.4438,93.69,331
80,dnssd_clientstub ConnectToServer: connect() failed path:/var/run/mDNSResponder Socket:4 Err:-1 Errno:1 Operation not permitted,exact,dnssd_clientstub ConnectToServer: connect() failed path:/var/run/mDNSResponder Socket:4 Err:-1 Errno:1 Operation not permitted,1.0,dnssd_clientstub ConnectToServer: connect()-> No of tries: <*>,0.841,[0706/011106:WARNING:dns_config_service_posix.cc(306)] Failed to read DnsConfig.,0.5672,93.18,331
81,"PM response took 1999 ms (54, powerd)",partial,"PM response took <*> ms (54, powerd)",0.8878,PM response took 113 ms <*> WeChat),0.5451,PMStats: Hibernate read took 197 ms,0.4914,101.25,331
82,"en0: channel changed to 36,+1",partial,en0: channel changed to <*>,0.9483,en0: channel changed to 1,0.8799,en0: channel changed to 6,0.8668,100.49,331
83,"RTC: Maintenance 2017/7/6 21:56:47, sleep 2017/7/6 21:44:10",exact,RTC: Maintenance <*> sleep <*>,0.9965,Wake reason: RTC (Alarm),0.5717,wake time set <*> s,0.5206,92.63,331
84,Previous sleep cause: 5,exact,Previous sleep cause: 5,1.0,Wake reason: EC.SleepTimer (SleepTimer),0.4608,Wake reason: ?,0.4587,100.73,331
85,2017-07-06 14:57:16.261 ksfetch[37061/0x7fff79824000] [lvl=2] KSHelperReceiveAllData() KSHelperTool read 1999 bytes from stdin.,partial,<*> ksfetch[32776/0x7fff79824000] [lvl=2] KSHelperReceiveAllData() KSHelperTool read <*> bytes from stdin.,0.9491,<*> ksfetch[34604/0x7fff79824000] [lvl=2] main() ksfetch done fetching.,0.7011,<*> ksfetch[36439/0x7fff79824000] [lvl=2] main() Fetcher is exiting.,0.5519,98.16,331
86,"2017-07-06 14:57:16.661 GoogleSoftwareUpdateAgent[37059/0x7000002a0000] [lvl=2] -[KSOutOfProcessFetcher(PrivateMethods) helperDidTerminate:] KSOutOfProcessFetcher fetch ended for URL: ""https://<*>/service/update2?cup2hreq=37fbcb7ab6829be04567976e3212d7a67627aef11546f8b7013d4cffaf51f739&cup2key=7:4200177539""",exact,"<*> GoogleSoftwareUpdateAgent[35861/0x700000323000] [lvl=2] -[KSOutOfProcessFetcher(PrivateMethods) helperDidTerminate:] KSOutOfProcessFetcher fetch ended for URL: ""https://<*>/service/update2?cup2hreq=d297a7e5b56d6bd4faa75860fff6e485c301bf4e943a561afff6c8b3707ce948&cup2key=7:2988503627""",0.9964,"<*> GoogleSoftwareUpdateAgent[35018/0x7000002a0000] [lvl=2] -[KSOutOfProcessFetcher(PrivateMethods) helperDidTerminate:] KSOutOfProcessFetcher fetch ended for URL: ""https://<*>/service/update2?cup2hreq=a70d6372a4e45a6cbba61cd7f057c79bf73c79db1b1951dc17c605e870f0419b&cup2key=7:934679018""",0.9929,"<*> GoogleSoftwareUpdateAgent[36128/0x7000002a0000] [lvl=2] -[KSOutOfProcessFetcher beginFetchWithDelegate:] KSOutOfProcessFetcher fetching from URL: ""https://<*>/service/update2?cup2hreq=ac844e04cbb398fcef4cf81b4ffc44a3ebc863e89d19c0b5d39d02d78d26675b&cup2key=7:677488741""",0.9501,102.36,331
87,2017-07-06 14:57:16.667 GoogleSoftwareUpdateAgent[37059/0x7000002a0000] [lvl=2] -[KSAgentApp(KeystoneDelegate) updateEngineFinishedWithErrors:] Keystone finished: errors=0,fuzzy,"<*> GoogleSoftwareUpdateAgent[35018/0x7000002a0000] [lvl=2] -[KSOutOfProcessFetcher(PrivateMethods) helperDidTerminate:] KSOutOfProcessFetcher fetch ended for URL: ""https://<*>/service/update2?cup2hreq=a70d6372a4e45a6cbba61cd7f057c79bf73c79db1b1951dc17c605e870f0419b&cup2key=7:934679018""",0.7495,"<*> GoogleSoftwareUpdateAgent[32432/0x7000002a0000] [lvl=2] -[KSUpdateEngine updateAllExceptProduct:] KSUpdateEngine updating all installed products, except:'<*>'.",0.7406,"<*> GoogleSoftwareUpdateAgent[33263/0x700000323000] [lvl=2] -[KSAgentApp performSelfUpdateWithEngine:] Checking for self update with Engine: <KSUpdateEngine:0x10062de70 ticketStore=<KSPersistentTicketStore:0x1005206e0 store=<KSKeyedPersistentStore:0x1005282c0 path=""/Users/xpc/Library/Google/GoogleSoftwareUpdate/TicketStore/Keystone.ticketstore"" lockFile=<KSLockFile:0x100510480 path=""/Users/xpc/Library/Google/GoogleSoftwareUpdate/TicketStore/<*>"" locked=NO > >> processor=<KSActionProcessor:0x10062e060 delegate=<KSUpdateEngine:0x10062de70> isProcessing=NO actionsCompleted=0 progress=0.00 errors=0 currentActionErrors=0 events=0 currentActionEvents=0 actionQueue=( ) > delegate=(null) serverInfoStore=<KSServerPrivateInfoStore:0x10062d2d0 path=""/Users/xpc/Library/Google/GoogleSoftwareUpdate/Servers""> errors=0 >",0.7376,95.79,331
88,"ARPT: 740174.102665: wl0: MDNS: 0 SRV Recs, 0 TXT Recs",partial,"ARPT: <*> wl0: MDNS: 0 SRV Recs, 0 TXT Recs",0.9795,ARPT: <*> wl0: MDNS: IPV4 Addr: <*>,0.7517,ARPT: <*> wl0: MDNS: IPV6 Addr: fe<*>,0.7063,93.54,331
89,Thermal pressure state: 1 Memory pressure state: 0,exact,Thermal pressure state: <*> Memory pressure state: 0,0.9917,"Opened file /var/vm/sleepimage, size <*> extents 3, maxio <*> ssd 1",0.2522,"hibernate_machine_init pagesDone <*> sum2 <*> time: <*> ms, disk(0x20000) <*> Mb/s, comp bytes: <*> time: <*> ms <*> Mb/s, crypt bytes: <*> time: <*> ms <*> Mb/s",0.2505,92.89,331
90,AppleThunderboltNHIType2::prePCIWake - power up complete - took 1 us,exact,AppleThunderboltNHIType2::prePCIWake - power up complete - took <*> us,0.9949,AppleThunderboltGenericHAL::earlyWake - complete - took <*> milliseconds,0.6377,AppleThunderboltNHIType2::waitForOk2Go2Sx - retries = <*>,0.5369,92.63,331
91,ARPT: 740226.968934: AirPort_Brcm43xx::platformWoWEnable: WWEN[disable],partial,ARPT: <*> AirPort_Brcm43xx::platformWoWEnable: WWEN<*>,0.9845,ARPT: <*> AirPort_Brcm43xx::platformWoWEnable: WWEN[disable],0.9523,ARPT: <*> AirPort_Brcm43xx::syncPowerState: WWEN[enabled],0.8912,100.55,331
92,ARPT: 740345.497593: AirPort_Brcm43xx::syncPowerState: WWEN[enabled],partial,ARPT: <*> AirPort_Brcm43xx::syncPowerState: WWEN[enabled],0.986,ARPT: <*> AirPort_Brcm43xx::platformWoWEnable: WWEN<*>,0.8997,ARPT: <*> AirPort_Brcm43xx::platformWoWEnable: WWEN[disable],0.8626,92.63,331
93,IOThunderboltSwitch<0>(0x0)::listenerCallback - Thunderbolt HPD packet for route = 0x0 port = 11 unplug = 0,exact,IOThunderboltSwitch<0>(0x0)::listenerCallback - Thunderbolt HPD packet for route = <*> port = <*> unplug = 0,0.9974,AppleThunderboltNHIType2::waitForOk2Go2Sx - intel_rp = 1 dlla_reporting_supported = 0,0.4178,[HID] [ATC] AppleDeviceManagementHIDEventService::processWakeReason Wake reason: Host (0x01),0.4163,93.25,331
94,in6_unlink_ifa: IPv6 address 0x77c911454f152b8b has no prefix,exact,in6_unlink_ifa: IPv6 address <*> has no prefix,0.991,ARPT: <*> wl0: MDNS: IPV6 Addr: <*>,0.5184,ARPT: <*> wl0: MDNS: IPV6 Addr: fe<*>,0.4998,103.29,331
95,ARPT: 740352.115529: AirPort_Brcm43xx::platformWoWEnable: WWEN[enable],partial,ARPT: <*> AirPort_Brcm43xx::platformWoWEnable: WWEN<*>,0.9734,ARPT: <*> AirPort_Brcm43xx::platformWoWEnable: WWEN[disable],0.9211,ARPT: <*> AirPort_Brcm43xx::syncPowerState: WWEN[enabled],0.9058,95.45,331
96,AppleThunderboltNHIType2::prePCIWake - power up complete - took 1 us,exact,AppleThunderboltNHIType2::prePCIWake - power up complete - took <*> us,0.9968,AppleThunderboltGenericHAL::earlyWake - complete - took <*> milliseconds,0.6377,AppleThunderboltNHIType2::waitForOk2Go2Sx - retries = <*>,0.5369,97.68,331
97,Previous sleep cause: 5,exact,Previous sleep cause: 5,1.0,Wake reason: EC.SleepTimer (SleepTimer),0.4608,Wake reason: ?,0.4587,100.74,331
98,-[UABestAppSuggestionManager notifyBestAppChanged:type:options:bundleIdentifier:activityType:dynamicIdentifier:when:confidence:deviceName:deviceIdentifier:deviceType:] (null) UASuggestedActionType=0 (null)/(null) opts=(null) when=2017-07-06 23:12:15 +0000 confidence=1 from=(null)/(null) (UABestAppSuggestionManager.m #319),exact,-[UABestAppSuggestionManager notifyBestAppChanged:type:options:bundleIdentifier:activityType:dynamicIdentifier:when:confidence:deviceName:deviceIdentifier:deviceType:] (null) UASuggestedActionType=0 (null)/(null) opts=(null) when<*> <*> +0000 confidence=1 from=(null)/(null) (UABestAppSuggestionManager.m #319),0.9997,-[SFLListManager(ServiceReplyProtocol) notifyChanges:toListWithIdentifier:] Notified of item changes to list with identifier com.apple.LSSharedFileList.RecentApplications<*>,0.4651,[BluetoothHIDDeviceController] <*>,0.4373,98.92,331
99,AppleCamIn::handleWakeEvent_gated,exact,AppleCamIn::handleWakeEvent_gated,1.0,AppleCamIn::wakeEventHandlerThread,0.7262,AppleCamIn::systemWakeCall - messageType = <*>,0.7083,92.28,331
100,IOThunderboltSwitch<0>(0x0)::listenerCallback - Thunderbolt HPD packet for route = 0x0 port = 11 unplug = 0,exact,IOThunderboltSwitch<0>(0x0)::listenerCallback - Thunderbolt HPD packet for route = <*> port = <*> unplug = 0,0.9985,AppleThunderboltNHIType2::waitForOk2Go2Sx - intel_rp = 1 dlla_reporting_supported = 0,0.4178,[HID] [ATC] AppleDeviceManagementHIDEventService::processWakeReason Wake reason: Host (0x01),0.4163,93.3,331
101,Thermal pressure state: 0 Memory pressure state: 0,partial,Thermal pressure state: <*> Memory pressure state: 0,0.9871,IOHibernatePollerOpen(0),0.2652,"Opened file /var/vm/sleepimage, size <*> extents 3, maxio <*> ssd 1",0.2491,101.9,331
102,AppleCamIn::wakeEventHandlerThread,exact,AppleCamIn::wakeEventHandlerThread,1.0,AppleCamIn::handleWakeEvent_gated,0.7262,AppleCamIn::systemWakeCall - messageType = <*>,0.6907,95.35,331
103,__73-[NetworkAnalyticsEngine observeValueForKeyPath:ofObject:change:context:]_block_invoke unexpected switch value 2,exact,__73-[NetworkAnalyticsEngine observeValueForKeyPath:ofObject:change:context:]_block_invoke unexpected switch value 2,1.0,-[NetworkAnalyticsEngine _writeJournalRecord:fromCellFingerprint:key:atLOI:ofKind:lqm:isFaulty:] Hashing of the primary key failed. Dropping the journal record.,0.5176,__42-[NETClientConnection evaluateCrazyIvan46]_block_invoke CI46 - Hit by torpedo! QQ.<*> tc<*> <*>,0.4312,94.27,331
104,ARPT: 740501.982555: wl0: MDNS: IPV6 Addr: fe80:0:0:0:c6b3:1ff:fecd:467f,partial,ARPT: <*> wl0: MDNS: IPV6 Addr: fe<*>,0.982,ARPT: <*> wl0: MDNS: IPV6 Addr: <*>,0.9229,ARPT: <*> wl0: MDNS: IPV4 Addr: <*>,0.869,93.45,331
105,ARPT: 740504.547655: AirPort_Brcm43xx::syncPowerState: WWEN[enabled],partial,ARPT: <*> AirPort_Brcm43xx::syncPowerState: WWEN[enabled],0.9869,ARPT: <*> AirPort_Brcm43xx::platformWoWEnable: WWEN<*>,0.9014,ARPT: <*> AirPort_Brcm43xx::platformWoWEnable: WWEN[disable],0.8644,92.92,331
106,RTC: PowerByCalendarDate setting ignored,exact,RTC: PowerByCalendarDate setting ignored,1.0,RTC: Maintenance <*> sleep <*>,0.4596,"ARPT: <*> IOPMPowerSource Information: onSleep, SleepType: Normal Sleep, 'ExternalConnected': <*> 'TimeRemaining': <*>",0.431,92.67,331
107,__42-[NETClientConnection evaluateCrazyIvan46]_block_invoke CI46 - Hit by torpedo! QQ.10018 tc24283 <*>:80,exact,__42-[NETClientConnection evaluateCrazyIvan46]_block_invoke CI46 - Hit by torpedo! QQ.<*> tc<*> <*>,0.9918,__42-[NETClientConnection evaluateCrazyIvan46]_block_invoke CI46 - Hit by torpedo! NeteaseMusic.17988 <*> <*>:80,0.8344,-[NETClientConnection evaluateCrazyIvan46] CI46 - Perform CrazyIvan46! QQ.<*> tc<*> <*>:80,0.7883,93.54,331
108,-[NetworkAnalyticsEngine _writeJournalRecord:fromCellFingerprint:key:atLOI:ofKind:lqm:isFaulty:] Hashing of the primary key failed. Dropping the journal record.,exact,-[NetworkAnalyticsEngine _writeJournalRecord:fromCellFingerprint:key:atLOI:ofKind:lqm:isFaulty:] Hashing of the primary key failed. Dropping the journal record.,1.0,__73-[NetworkAnalyticsEngine observeValueForKeyPath:ofObject:change:context:]_block_invoke unexpected switch value 2,0.5176,doSaveChannels@286: Will write to: <*> - AuthFail:sts:5_rsn:0.xml,0.427,94.4,331
109,CCFile::captureLogRun() Exiting CCFile::captureLogRun,exact,CCFile::captureLogRun() Exiting CCFile::captureLogRun,1.0,CCFile::captureLog,0.8574,CCFile::captureLogRun Skipping current file Dir file <*> Current File <*>,0.7879,92.9,331
110,CCFile::captureLogRun() Exiting CCFile::captureLogRun,exact,CCFile::captureLogRun() Exiting CCFile::captureLogRun,1.0,CCFile::captureLog,0.8574,CCFile::captureLogRun Skipping current file Dir file <*> Current File <*>,0.7879,96.24,331
111,nw_nat64_post_new_ifstate successfully changed NAT64 ifstate from 0x8000000000000000 to 0x4,exact,nw_nat64_post_new_ifstate successfully changed NAT64 ifstate from <*> to <*>,0.9995,en0::IO80211Interface::postMessage bssid changed,0.4332,host connection <NSXPCConnection: 0x7fddbbb015c0> connection from pid <*> invalidated,0.4181,93.17,331
112,Thermal pressure state: 0 Memory pressure state: 0,exact,Thermal pressure state: <*> Memory pressure state: 0,0.9917,IOHibernatePollerOpen(0),0.2652,"Opened file /var/vm/sleepimage, size <*> extents 3, maxio <*> ssd 1",0.2491,105.16,331
113,in6_unlink_ifa: IPv6 address 0x77c911453a6db3ab has no prefix,partial,in6_unlink_ifa: IPv6 address <*> has no prefix,0.9802,ARPT: <*> wl0: MDNS: IPV6 Addr: <*>,0.5205,ARPT: <*> wl0: MDNS: IPV6 Addr: fe<*>,0.5085,101.9,331
114,Thermal pressure state: 1 Memory pressure state: 0,partial,Thermal pressure state: <*> Memory pressure state: 0,0.9887,"Opened file /var/vm/sleepimage, size <*> extents 3, maxio <*> ssd 1",0.2522,"hibernate_machine_init pagesDone <*> sum2 <*> time: <*> ms, disk(0x20000) <*> Mb/s, comp bytes: <*> time: <*> ms <*> Mb/s, crypt bytes: <*> time: <*> ms <*> Mb/s",0.2505,100.03,331
115,"ARPT: 740631.402908: IOPMPowerSource Information: onWake, SleepType: Normal Sleep, 'ExternalConnected': No, 'TimeRemaining': 5802,",partial,"ARPT: <*> IOPMPowerSource Information: onSleep, SleepType: Normal Sleep, 'ExternalConnected': <*> 'TimeRemaining': <*>",0.9757,ARPT: <*> AirPort_Brcm43xx::powerChange: System Sleep,0.6513,ARPT: <*> AirPort_Brcm43xx::powerChange: System Wake - Full Wake/ Dark Wake / Maintenance wake,0.5943,100.52,331
116,17:23:43.193 : Scanning mode Contacts Only,partial,<*> : Scanning mode Contacts Only,0.9385,<*> : Discoverable mode changed to Off,0.526,<*> : BTLE scanning started,0.5158,106.56,331
117,"DB Error: 1 ""no such table: tb_c2cMsg_2658655094""",exact,"DB Error: 1 ""no such table: tb_c2cMsg_2658655094""",1.0,Got an XPC error: Connection invalid,0.4284,assertion failed: <*> com.apple.telemetry<*> + <*> [10D2E324-788C-30CC-A749-55AE67AEC7BC]: <*>,0.3442,110.15,331
118,"Path not allowed in target domain: type = pid, path = /System/Library/StagedFrameworks/Safari/SafariShared.framework/Versions/A/XPCServices/<*>/Contents/MacOS/<*> error = 147: The specified service did not ship in the requestor's bundle, origin = /System/Library/StagedFrameworks/Safari/WebKit.framework/Versions/A/XPCServices/<*>",exact,"Path not allowed in target domain: type = pid, path = /System/Library/StagedFrameworks/Safari/SafariShared.framework/Versions/A/XPCServices/<*>/Contents/MacOS/<*> error = 147: The specified service did not ship in the requestor's bundle, origin = /System/Library/StagedFrameworks/Safari/WebKit.framework/Versions/A/XPCServices/<*>",1.0,"securityd_xpc_dictionary_handler cloudd[326] copy_matching Error Domain=NSOSStatusErrorDomain Code=-50 ""query missing class name"" (paramErr: error in user parameter list) UserInfo={NSDescription=query missing class name}",0.4209,"PBRequester failed with Error Error Domain=NSURLErrorDomain Code=-1001 ""The request timed out."" UserInfo<*> {Error Domain=kCFErrorDomainCFNetwork Code=-1001 ""The request timed out."" UserInfo<*> NSErrorFailingURLKey<*> _kCFStreamErrorCodeKey=-2102, _kCFStreamErrorDomainKey=4, NSLocalizedDescription=The request timed out.}}, NSErrorFailingURLStringKey<*> NSErrorFailingURLKey<*> _kCFStreamErrorDomainKey=4, _kCFStreamErrorCodeKey=-2102, NSLocalizedDescription=The request timed out.}",0.4104,101.14,331
119,FA||Url||taskID[2019353659] dealloc,exact,FA||Url||taskID[2019353517] dealloc,0.9952,FA||Url||taskID[2019353306] dealloc,0.9952,FA||Url||taskID[2019353593] dealloc,0.9946,96.91,331
120,"NETWORK: requery, 0, 0, 0, 0, 302, items, fQueryRetries, 0, fLastRetryTimestamp, 521080983.6",partial,"NETWORK: requery, 0, 0, 0, 0, <*> items, fQueryRetries, 0, fLastRetryTimestamp, <*>",0.9815,"NETWORK: no response from server, reachability, 2, queryRetries, <*>",0.5755,-[NetworkAnalyticsEngine _writeJournalRecord:fromCellFingerprint:key:atLOI:ofKind:lqm:isFaulty:] Hashing of the primary key failed. Dropping the journal record.,0.3959,98.36,331
121,"NETWORK: requery, 0, 0, 0, 0, 300, items, fQueryRetries, 0, fLastRetryTimestamp, 521081581.2",exact,"NETWORK: requery, 0, 0, 0, 0, <*> items, fQueryRetries, 0, fLastRetryTimestamp, <*>",0.9966,"NETWORK: no response from server, reachability, 2, queryRetries, <*>",0.5572,-[NetworkAnalyticsEngine _writeJournalRecord:fromCellFingerprint:key:atLOI:ofKind:lqm:isFaulty:] Hashing of the primary key failed. Dropping the journal record.,0.3861,98.6,331
122,send_datagram_available_ping: pid 445 failed to act on a ping it dequeued before timing out.,exact,send_datagram_available_ping: pid 445 failed to act on a ping it dequeued before timing out.,1.0,tcp_connection_destination_perform_socket_connect <*> connectx to <*>:143@0 failed: [50] Network is down,0.4827,"arp_client_transmit(en0) failed, Network is down (50)",0.4595,105.49,331
123,-[ISGenerateImageOp generateImageWithCompletion:] Failed to composit image for descriptor <ISBindingImageDescriptor: 0x7f995050b170>.,exact,-[ISGenerateImageOp generateImageWithCompletion:] Failed to composit image for descriptor <ISBindingImageDescriptor: <*>,0.9995,<*> FigAgglomeratorSetObjectForKey signalled err=-16020 (kFigStringConformerError_ParamErr) (NULL key) at /Library/Caches/<*>/Sources/CoreMedia/<*>/Prototypes/LegibleOutput/FigAgglomerator.c line 92,0.4689,<IMMacNotificationCenterManager: 0x7ff1b2d17980>: NC Disabled: NO,0.3816,94.14,331
124,Sandbox: <*>(9854) deny(1) file-read-data /private/etc/hosts,fuzzy,Sandbox: com.apple.Addres<*> deny(1) network-outbound /private/var/run/mDNSResponder,0.6698,Sandbox: QQ(10018) deny(1) mach-lookup com.apple.networking.captivenetworksupport<*>,0.5448,<*>(34830) deny network-outbound /private/var/run/mDNSResponder,0.5327,100.75,331
125,FA||Url||taskID[2019353666] dealloc,exact,FA||Url||taskID[2019353517] dealloc,0.9973,FA||Url||taskID[2019353519] dealloc,0.9965,FA||Url||taskID[2019353306] dealloc,0.9955,92.57,331
126,2017-07-06 06:22:57.163367 PM [AirPlayUIAgent] BecomingInactive: NSWorkspaceWillSleepNotification,new,2017-07-06 06:22:57.163367 PM [AirPlayUIAgent] BecomingInactive: NSWorkspaceWillSleepNotification,1.0,,0.0,,0.0,93.89,332
127,2017/07/06 18:22:57.953 | I | VoipWrapper | DAVEngineImpl.cpp:1400:Close | close video chat. llFriendUIN = 1742124257.,exact,<*> | I | VoipWrapper | DAVEngineImpl.cpp:1400:Close | close video chat. llFriendUIN = <*>,0.9918,<*> | I | VoipWrapper | DAVEngineImpl.cpp:1400:Close | close video chat. llFriendUIN = ******2341.,0.9757,2017-07-06 06:22:57.163367 PM [AirPlayUIAgent] BecomingInactive: NSWorkspaceWillSleepNotification,0.4789,95.5,332
128,"<*>: scheduler_evaluate_activity told me to run this job; however, but the start time isn't for 7518 seconds. Ignoring.",partial,"<*>: scheduler_evaluate_activity told me to run this job; however, but the start time isn't for 978 seconds. Ignoring.",0.9715,"<*>: scheduler_evaluate_activity told me to run this job; however, but the start time isn't for <*> seconds. Ignoring.",0.907,"<*>://DB05755C-483D-44B7-B93B-ED06E57FF420/CalDAVPrincipal/p11: scheduler_evaluate_activity told me to run this job; however, but the start time isn't for 59 seconds. Ignoring.",0.8916,94.22,332
129,"<*>: scheduler_evaluate_activity told me to run this job; however, but the start time isn't for 258 seconds. Ignoring.",partial,"<*>: scheduler_evaluate_activity told me to run this job; however, but the start time isn't for 978 seconds. Ignoring.",0.978,"<*>: scheduler_evaluate_activity told me to run this job; however, but the start time isn't for <*> seconds. Ignoring.",0.8994,"<*>://DB05755C-483D-44B7-B93B-ED06E57FF420/CalDAVPrincipal/p11: scheduler_evaluate_activity told me to run this job; however, but the start time isn't for 59 seconds. Ignoring.",0.8752,93.69,332
130,[HID] [ATC] AppleDeviceManagementHIDEventService::processWakeReason Wake reason: Host (0x01),exact,[HID] [ATC] AppleDeviceManagementHIDEventService::processWakeReason Wake reason: Host (0x01),1.0,[HID] [ATC] [Error] AppleDeviceManagementHIDEventService::start Could not make a string from out connection notification key,0.7673,[HID] [MT] AppleMultitouchDevice::start entered,0.5978,93.49,332
131,Sandbox: <*>(37204) deny(1) network-outbound /private/var/run/mDNSResponder,exact,Sandbox: com.apple.Addres<*> deny(1) network-outbound /private/var/run/mDNSResponder,0.9958,<*>(36491) deny network-outbound /private/var/run/mDNSResponder,0.8992,<*>(36461) deny network-outbound /private/var/run/mDNSResponder,0.8982,101.7,332
132,full wake request (reason 2) 30914 ms,fuzzy,Wake reason: ?,0.7088,wake time set <*> s,0.6316,Wake reason: EC.SleepTimer (SleepTimer),0.6146,96.31,332
133,18:37:30.916 : BTLE scanner Powered Off,partial,<*> : BTLE scanner Powered Off,0.9314,<*> : BTLE scanner Powered On,0.929,<*> : BTLE scanning started,0.7719,92.8,332
134,############################## _getSysMsgList,exact,############################## _getSysMsgList,1.0,<*> ksfetch[32776/0x7fff79824000] [lvl=2] KSHelperReceiveAllData() KSHelperTool read <*> bytes from stdin.,0.2928,USBMSC Identifier (non-unique): <*> 3,0.2576,93.11,332
135,"ARPT: 744319.484045: wl0: wl_update_tcpkeep_seq: Original Seq: 1092633597, Ack: 2572586285, Win size: 4096",partial,ARPT: <*> wl0: wl_update_tcpkeep_seq: Original Seq: <*> Ack: <*> Win size: <*>,0.9851,ARPT: <*> wl0: wl_update_tcpkeep_seq: Updated seq/ack/win from UserClient Seq <*> Ack <*> Win size 278,0.9325,ARPT: <*> wl0: setup_keepalive: Seq: <*> Ack: <*> Win size: <*>,0.7688,93.78,332
136,"<*>: scheduler_evaluate_activity told me to run this job; however, but the start time isn't for 65594 seconds. Ignoring.",partial,"<*>: scheduler_evaluate_activity told me to run this job; however, but the start time isn't for 978 seconds. Ignoring.",0.9809,"<*>: scheduler_evaluate_activity told me to run this job; however, but the start time isn't for <*> seconds. Ignoring.",0.9042,"<*>://DB05755C-483D-44B7-B93B-ED06E57FF420/CalDAVPrincipal/p11: scheduler_evaluate_activity told me to run this job; however, but the start time isn't for 59 seconds. Ignoring.",0.896,96.67,332
137,"<*>: scheduler_evaluate_activity told me to run this job; however, but the start time isn't for 5880 seconds. Ignoring.",partial,"<*>: scheduler_evaluate_activity told me to run this job; however, but the start time isn't for 978 seconds. Ignoring.",0.98,"<*>://DB05755C-483D-44B7-B93B-ED06E57FF420/CalDAVPrincipal/p11: scheduler_evaluate_activity told me to run this job; however, but the start time isn't for 59 seconds. Ignoring.",0.9043,"<*>: scheduler_evaluate_activity told me to run this job; however, but the start time isn't for <*> seconds. Ignoring.",0.9008,93.09,332
138,"<*>: scheduler_evaluate_activity told me to run this job; however, but the start time isn't for 16680 seconds. Ignoring.",partial,"<*>: scheduler_evaluate_activity told me to run this job; however, but the start time isn't for 978 seconds. Ignoring.",0.9893,"<*>: scheduler_evaluate_activity told me to run this job; however, but the start time isn't for <*> seconds. Ignoring.",0.9017,"<*>://DB05755C-483D-44B7-B93B-ED06E57FF420/CalDAVPrincipal/p11: scheduler_evaluate_activity told me to run this job; however, but the start time isn't for 59 seconds. Ignoring.",0.8821,92.66,332
139,kern_open_file_for_direct_io(0),fuzzy,kern_open_file_for_direct_io took 6 ms,0.7713,IOPolledFilePollersOpen(0) 6 ms,0.4684,"polled file major 1, minor 0, blocksize 4096, pollers 5",0.3558,92.37,332
140,############################## _getSysMsgList,exact,############################## _getSysMsgList,1.0,<*> ksfetch[32776/0x7fff79824000] [lvl=2] KSHelperReceiveAllData() KSHelperTool read <*> bytes from stdin.,0.2928,USBMSC Identifier (non-unique): <*> 3,0.2576,93.82,332
141,IOThunderboltSwitch<0>(0x0)::listenerCallback - Thunderbolt HPD packet for route = 0x0 port = 12 unplug = 0,exact,IOThunderboltSwitch<0>(0x0)::listenerCallback - Thunderbolt HPD packet for route = <*> port = <*> unplug = 0,0.9948,AppleThunderboltNHIType2::waitForOk2Go2Sx - intel_rp = 1 dlla_reporting_supported = 0,0.4202,[HID] [ATC] AppleDeviceManagementHIDEventService::processWakeReason Wake reason: Host (0x01),0.4127,93.24,332
142,"<*>: scheduler_evaluate_activity told me to run this job; however, but the start time isn't for 15823 seconds. Ignoring.",partial,"<*>: scheduler_evaluate_activity told me to run this job; however, but the start time isn't for 978 seconds. Ignoring.",0.9897,"<*>: scheduler_evaluate_activity told me to run this job; however, but the start time isn't for <*> seconds. Ignoring.",0.9167,"<*>://DB05755C-483D-44B7-B93B-ED06E57FF420/CalDAVPrincipal/p11: scheduler_evaluate_activity told me to run this job; however, but the start time isn't for 59 seconds. Ignoring.",0.88,93.1,332
143,Wake reason: RTC (Alarm),exact,Wake reason: RTC (Alarm),1.0,Wake reason: ?,0.7012,Wake reason: EC.SleepTimer (SleepTimer),0.6685,106.8,332
144,19:17:46.405 : BTLE scanner Powered Off,partial,<*> : BTLE scanner Powered Off,0.9596,<*> : BTLE scanner Powered On,0.933,<*> : BTLE scanning started,0.7734,97.88,332
145,ARPT: 744472.877165: AirPort_Brcm43xx::platformWoWEnable: WWEN[disable],partial,ARPT: <*> AirPort_Brcm43xx::platformWoWEnable: WWEN<*>,0.9859,ARPT: <*> AirPort_Brcm43xx::platformWoWEnable: WWEN[disable],0.9572,ARPT: <*> AirPort_Brcm43xx::syncPowerState: WWEN[enabled],0.8985,121.48,332
146,"<*>: scheduler_evaluate_activity told me to run this job; however, but the start time isn't for 15002 seconds. Ignoring.",partial,"<*>: scheduler_evaluate_activity told me to run this job; however, but the start time isn't for 978 seconds. Ignoring.",0.9722,"<*>: scheduler_evaluate_activity told me to run this job; however, but the start time isn't for <*> seconds. Ignoring.",0.8881,"<*>://DB05755C-483D-44B7-B93B-ED06E57FF420/CalDAVPrincipal/p11: scheduler_evaluate_activity told me to run this job; however, but the start time isn't for 59 seconds. Ignoring.",0.8539,116.89,332
147,ARPT: 744589.508896: wl0: setup_keepalive: Remote IP: <*>,exact,ARPT: <*> wl0: setup_keepalive: Remote IP: <*>,0.9918,ARPT: <*> wl0: setup_keepalive: Local IP: <*>,0.963,ARPT: <*> wl0: setup_keepalive: Local port: <*> Remote port: <*>,0.9343,110.6,332
148,"ARPT: 744593.160590: wl0: wl_update_tcpkeep_seq: Updated seq/ack/win from UserClient Seq 1529267953, Ack 4054195714, Win size 380",partial,ARPT: <*> wl0: wl_update_tcpkeep_seq: Updated seq/ack/win from UserClient Seq <*> Ack <*> Win size 278,0.9849,ARPT: <*> wl0: wl_update_tcpkeep_seq: Original Seq: <*> Ack: <*> Win size: <*>,0.9121,ARPT: <*> wl0: setup_keepalive: Seq: <*> Ack: <*> Win size: <*>,0.6931,96.81,332
149,IOThunderboltSwitch<0>(0x0)::listenerCallback - Thunderbolt HPD packet for route = 0x0 port = 12 unplug = 0,exact,IOThunderboltSwitch<0>(0x0)::listenerCallback - Thunderbolt HPD packet for route = <*> port = <*> unplug = 0,0.9964,AppleThunderboltNHIType2::waitForOk2Go2Sx - intel_rp = 1 dlla_reporting_supported = 0,0.4202,[HID] [ATC] AppleDeviceManagementHIDEventService::processWakeReason Wake reason: Host (0x01),0.4127,113.71,332
150,IOThunderboltSwitch<0>(0x0)::listenerCallback - Thunderbolt HPD packet for route = 0x0 port = 12 unplug = 0,exact,IOThunderboltSwitch<0>(0x0)::listenerCallback - Thunderbolt HPD packet for route = <*> port = <*> unplug = 0,0.9974,AppleThunderboltNHIType2::waitForOk2Go2Sx - intel_rp = 1 dlla_reporting_supported = 0,0.4202,[HID] [ATC] AppleDeviceManagementHIDEventService::processWakeReason Wake reason: Host (0x01),0.4127,97.73,332
151,ARPT: 744595.284508: AirPort_Brcm43xx::platformWoWEnable: WWEN[disable],partial,ARPT: <*> AirPort_Brcm43xx::platformWoWEnable: WWEN<*>,0.9871,ARPT: <*> AirPort_Brcm43xx::platformWoWEnable: WWEN[disable],0.9562,ARPT: <*> AirPort_Brcm43xx::syncPowerState: WWEN[enabled],0.8998,107.67,332
152,"<*>: scheduler_evaluate_activity told me to run this job; however, but the start time isn't for 524667 seconds. Ignoring.",partial,"<*>: scheduler_evaluate_activity told me to run this job; however, but the start time isn't for 978 seconds. Ignoring.",0.9838,"<*>: scheduler_evaluate_activity told me to run this job; however, but the start time isn't for <*> seconds. Ignoring.",0.9141,"<*>://DB05755C-483D-44B7-B93B-ED06E57FF420/CalDAVPrincipal/p11: scheduler_evaluate_activity told me to run this job; however, but the start time isn't for 59 seconds. Ignoring.",0.9012,97.57,332
153,"<*>: scheduler_evaluate_activity told me to run this job; however, but the start time isn't for 63122 seconds. Ignoring.",partial,"<*>: scheduler_evaluate_activity told me to run this job; however, but the start time isn't for 978 seconds. Ignoring.",0.984,"<*>: scheduler_evaluate_activity told me to run this job; however, but the start time isn't for <*> seconds. Ignoring.",0.9092,"<*>://DB05755C-483D-44B7-B93B-ED06E57FF420/CalDAVPrincipal/p11: scheduler_evaluate_activity told me to run this job; however, but the start time isn't for 59 seconds. Ignoring.",0.8964,98.12,332
154,Thermal pressure state: 0 Memory pressure state: 0,exact,Thermal pressure state: <*> Memory pressure state: 0,0.9917,IOHibernatePollerOpen(0),0.2652,"Opened file /var/vm/sleepimage, size <*> extents 3, maxio <*> ssd 1",0.2491,96.94,332
155,"<*>: scheduler_evaluate_activity told me to run this job; however, but the start time isn't for 524657 seconds. Ignoring.",partial,"<*>: scheduler_evaluate_activity told me to run this job; however, but the start time isn't for 978 seconds. Ignoring.",0.987,"<*>: scheduler_evaluate_activity told me to run this job; however, but the start time isn't for <*> seconds. Ignoring.",0.9141,"<*>://DB05755C-483D-44B7-B93B-ED06E57FF420/CalDAVPrincipal/p11: scheduler_evaluate_activity told me to run this job; however, but the start time isn't for 59 seconds. Ignoring.",0.9073,97.26,332
156,ARPT: 744650.016431: wl0: MDNS: IPV6 Addr: 2607:f140:6000:8:f882:21d2:d1af:f093,partial,ARPT: <*> wl0: MDNS: IPV6 Addr: <*>,0.9853,ARPT: <*> wl0: MDNS: IPV6 Addr: fe<*>,0.9429,ARPT: <*> wl0: MDNS: IPV4 Addr: <*>,0.9136,102.59,332
157,IOThunderboltSwitch<0>(0x0)::listenerCallback - Thunderbolt HPD packet for route = 0x0 port = 11 unplug = 0,exact,IOThunderboltSwitch<0>(0x0)::listenerCallback - Thunderbolt HPD packet for route = <*> port = <*> unplug = 0,0.9967,AppleThunderboltNHIType2::waitForOk2Go2Sx - intel_rp = 1 dlla_reporting_supported = 0,0.4178,[HID] [ATC] AppleDeviceManagementHIDEventService::processWakeReason Wake reason: Host (0x01),0.4163,106.91,332
158,"<*>: scheduler_evaluate_activity told me to run this job; however, but the start time isn't for 2593 seconds. Ignoring.",partial,"<*>: scheduler_evaluate_activity told me to run this job; however, but the start time isn't for 978 seconds. Ignoring.",0.9869,"<*>: scheduler_evaluate_activity told me to run this job; however, but the start time isn't for <*> seconds. Ignoring.",0.905,"<*>://DB05755C-483D-44B7-B93B-ED06E57FF420/CalDAVPrincipal/p11: scheduler_evaluate_activity told me to run this job; however, but the start time isn't for 59 seconds. Ignoring.",0.8734,93.05,332
159,"<*>: scheduler_evaluate_activity told me to run this job; however, but the start time isn't for 523840 seconds. Ignoring.",partial,"<*>: scheduler_evaluate_activity told me to run this job; however, but the start time isn't for 978 seconds. Ignoring.",0.9872,"<*>: scheduler_evaluate_activity told me to run this job; however, but the start time isn't for <*> seconds. Ignoring.",0.907,"<*>://DB05755C-483D-44B7-B93B-ED06E57FF420/CalDAVPrincipal/p11: scheduler_evaluate_activity told me to run this job; however, but the start time isn't for 59 seconds. Ignoring.",0.9052,97.83,332
160,"<*>: scheduler_evaluate_activity told me to run this job; however, but the start time isn't for 62280 seconds. Ignoring.",partial,"<*>: scheduler_evaluate_activity told me to run this job; however, but the start time isn't for 978 seconds. Ignoring.",0.9891,"<*>: scheduler_evaluate_activity told me to run this job; however, but the start time isn't for <*> seconds. Ignoring.",0.907,"<*>://DB05755C-483D-44B7-B93B-ED06E57FF420/CalDAVPrincipal/p11: scheduler_evaluate_activity told me to run this job; however, but the start time isn't for 59 seconds. Ignoring.",0.8981,93.08,332
161,"PM response took 129 ms (10018, QQ)",fuzzy,PM response took 113 ms <*> WeChat),0.6788,"PM response took <*> ms (54, powerd)",0.6488,PMStats: Hibernate read took 197 ms,0.4877,93.37,332
162,RTC: PowerByCalendarDate setting ignored,exact,RTC: PowerByCalendarDate setting ignored,1.0,RTC: Maintenance <*> sleep <*>,0.4596,"ARPT: <*> IOPMPowerSource Information: onSleep, SleepType: Normal Sleep, 'ExternalConnected': <*> 'TimeRemaining': <*>",0.4312,93.11,332
163,20:03:05.179 : BTLE scanner Powered Off,partial,<*> : BTLE scanner Powered Off,0.9555,<*> : BTLE scanner Powered On,0.8975,<*> : BTLE scanning started,0.766,92.99,332
164,button report: 0x80039B7,exact,button report: <*>,0.9915,ARPT: <*> framerdy <*> bmccmd <*> framecnt <*>,0.3589,"pages <*> wire <*> act <*> inact <*> cleaned 0 spec <*> zf <*> throt 0, compr <*> xpmapped <*>",0.3294,93.06,332
165,dnssd_clientstub ConnectToServer: connect()-> No of tries: 1,exact,dnssd_clientstub ConnectToServer: connect()-> No of tries: <*>,0.9995,dnssd_clientstub ConnectToServer: connect() failed path:/var/run/mDNSResponder Socket:4 Err:-1 Errno:1 Operation not permitted,0.8397,[0701/114930:WARNING:dns_config_service_posix.cc(306)] Failed to read DnsConfig.,0.5315,100.93,332
166,"SOSAccountThisDeviceCanSyncWithCircle sync with device failure: Error Domain=<*> Code=1035 ""Account identity not set"" UserInfo={NSDescription=Account identity not set}",exact,"SOSAccountThisDeviceCanSyncWithCircle sync with device failure: Error Domain=<*> Code=1035 ""Account identity not set"" UserInfo={NSDescription=Account identity not set}",1.0,"[Accounts] Current connection, <NSXPCConnection: 0x7fda74805bf0> connection from pid 487, doesn't have account access.",0.496,"[CardDAVPlugin-ERROR] -getPrincipalInfo:[_controller supportsRequestCompressionAtURL:https://13957525385%40163.com@<*>/874161398/principal/] Error Domain=NSURLErrorDomain Code=-1001 ""The request timed out."" UserInfo={NSUnderlyingError=0x7f9af3646900 {Error Domain=kCFErrorDomainCFNetwork Code=-1001 ""The request timed out."" UserInfo={NSErrorFailingURLStringKey=https://13957525385%40163.com@<*>/874161398/principal/, NSErrorFailingURLKey=https://13957525385%40163.com@<*>/874161398/principal/, _kCFStreamErrorCodeKey=-2102, _kCFStreamErrorDomainKey=4, NSLocalizedDescription=The request timed out.}}, NSErrorFailingURLStringKey=https://13957525385%40163.com@<*>/874161398/principal/, NSErrorFailingURLKey=https://13957525385%40163.com@<*>/874161398/principal/, _kCFStreamErrorDomainKey=4, _kCFStreamErrorCodeKey=-2102, NSLocalizedDescription=The request timed out.}",0.4532,94.53,332
167,jemmytest,exact,jemmytest,1.0,"<<<< FigByteStream >>>> FigByteStreamStatsLogOneRead: ByteStream read of <*> bytes @ <*> took <*> secs. to complete, 5 reads >= 1 sec.",0.2747,<*> : Finished generating hashes,0.2699,101.54,332
168,KeychainGetICDPStatus: status: off,exact,KeychainGetICDPStatus: status: off,1.0,KeychainGetICDPStatus: keychain: <*>,0.7885,"<*> GoogleSoftwareUpdateAgent[31702/0x7000002a0000] [lvl=2] -[KSAgentApp(KeystoneThread) runKeystonesInThreadWithArg:] Checking with local engine: <KSUpdateEngine:0x100259c60 ticketStore=<KSPersistentTicketStore:0x100253770 store=<KSKeyedPersistentStore:0x100254d10 path=""/Users/xpc/Library/Google/GoogleSoftwareUpdate/TicketStore/Keystone.ticketstore"" lockFile=<KSLockFile:0x100254d80 path=""/Users/xpc/Library/Google/GoogleSoftwareUpdate/TicketStore/<*>"" locked=NO > >> processor=<KSActionProcessor:0x100259e70 delegate=<KSUpdateEngine:0x100259c60> isProcessing=NO actionsCompleted=0 progress=0.00 errors=0 currentActionErrors=0 events=0 currentActionEvents=0 actionQueue=( ) > delegate=(null) serverInfoStore=<KSServerPrivateInfoStore:0x1002594d0 path=""/Users/xpc/Library/Google/GoogleSoftwareUpdate/Servers""> errors=0 >",0.4231,101.1,332
169,[<*>] [Adding [<CalDAVAccountRefreshQueueableOperation: 0x7fa11d73f960; Sequence: 0>] to failed operations.],exact,[<*>] [Adding [<CalDAVAccountRefreshQueueableOperation: 0x7fa11d67f3b0; Sequence: 0>] to failed operations.],0.9989,"[CardDAVPlugin-ERROR] -getPrincipalInfo:[_controller supportsRequestCompressionAtURL:https://13957525385%40163.com@<*>/874161398/principal/] Error Domain=NSURLErrorDomain Code=-1001 ""The request timed out."" UserInfo={NSUnderlyingError=0x7f9af3646900 {Error Domain=kCFErrorDomainCFNetwork Code=-1001 ""The request timed out."" UserInfo={NSErrorFailingURLStringKey=https://13957525385%40163.com@<*>/874161398/principal/, NSErrorFailingURLKey=https://13957525385%40163.com@<*>/874161398/principal/, _kCFStreamErrorCodeKey=-2102, _kCFStreamErrorDomainKey=4, NSLocalizedDescription=The request timed out.}}, NSErrorFailingURLStringKey=https://13957525385%40163.com@<*>/874161398/principal/, NSErrorFailingURLKey=https://13957525385%40163.com@<*>/874161398/principal/, _kCFStreamErrorDomainKey=4, _kCFStreamErrorCodeKey=-2102, NSLocalizedDescription=The request timed out.}",0.4433,"<*> GoogleSoftwareUpdateAgent[33263/0x700000323000] [lvl=2] -[KSAgentApp performSelfUpdateWithEngine:] Checking for self update with Engine: <KSUpdateEngine:0x10062de70 ticketStore=<KSPersistentTicketStore:0x1005206e0 store=<KSKeyedPersistentStore:0x1005282c0 path=""/Users/xpc/Library/Google/GoogleSoftwareUpdate/TicketStore/Keystone.ticketstore"" lockFile=<KSLockFile:0x100510480 path=""/Users/xpc/Library/Google/GoogleSoftwareUpdate/TicketStore/<*>"" locked=NO > >> processor=<KSActionProcessor:0x10062e060 delegate=<KSUpdateEngine:0x10062de70> isProcessing=NO actionsCompleted=0 progress=0.00 errors=0 currentActionErrors=0 events=0 currentActionEvents=0 actionQueue=( ) > delegate=(null) serverInfoStore=<KSServerPrivateInfoStore:0x10062d2d0 path=""/Users/xpc/Library/Google/GoogleSoftwareUpdate/Servers""> errors=0 >",0.406,94.29,332
170,FA||Url||taskID[2019353677] dealloc,exact,FA||Url||taskID[2019353517] dealloc,0.9973,FA||Url||taskID[2019353376] dealloc,0.9972,FA||Url||taskID[2019353410] dealloc,0.9966,93.0,332
171,send_datagram_available_ping: pid 445 failed to act on a ping it dequeued before timing out.,exact,send_datagram_available_ping: pid 445 failed to act on a ping it dequeued before timing out.,1.0,tcp_connection_destination_perform_socket_connect <*> connectx to <*>:143@0 failed: [50] Network is down,0.4827,"arp_client_transmit(en0) failed, Network is down (50)",0.4595,93.42,332
172,jemmytest,exact,jemmytest,1.0,"<<<< FigByteStream >>>> FigByteStreamStatsLogOneRead: ByteStream read of <*> bytes @ <*> took <*> secs. to complete, 5 reads >= 1 sec.",0.2747,<*> : Finished generating hashes,0.2699,107.3,332
173,Location icon should now be in state 'Active',exact,Location icon should now be in state 'Active',1.0,Location icon should now be in state 'Inactive',0.9243,Error returned from iconservicesagent: (null),0.4088,100.49,332
174,"2017-07-06 20:46:03.869 GoogleSoftwareUpdateAgent[37316/0x7000002a0000] [lvl=2] -[KSOutOfProcessFetcher beginFetchWithDelegate:] KSOutOfProcessFetcher start fetch from URL: ""https://<*>/service/update2?cup2hreq=5e15fbe422c816bef7c133cfffdb516e16923579b9be2dfae4d7d8d211b25017&cup2key=7:780377214""",partial,"<*> GoogleSoftwareUpdateAgent[36128/0x7000002a0000] [lvl=2] -[KSOutOfProcessFetcher beginFetchWithDelegate:] KSOutOfProcessFetcher fetching from URL: ""https://<*>/service/update2?cup2hreq=ac844e04cbb398fcef4cf81b4ffc44a3ebc863e89d19c0b5d39d02d78d26675b&cup2key=7:677488741""",0.9873,"<*> GoogleSoftwareUpdateAgent[35861/0x700000323000] [lvl=2] -[KSOutOfProcessFetcher(PrivateMethods) helperDidTerminate:] KSOutOfProcessFetcher fetch ended for URL: ""https://<*>/service/update2?cup2hreq=d297a7e5b56d6bd4faa75860fff6e485c301bf4e943a561afff6c8b3707ce948&cup2key=7:2988503627""",0.9529,"<*> GoogleSoftwareUpdateAgent[35018/0x7000002a0000] [lvl=2] -[KSOutOfProcessFetcher(PrivateMethods) helperDidTerminate:] KSOutOfProcessFetcher fetch ended for URL: ""https://<*>/service/update2?cup2hreq=a70d6372a4e45a6cbba61cd7f057c79bf73c79db1b1951dc17c605e870f0419b&cup2key=7:934679018""",0.9238,101.41,332
175,"NETWORK: requery, 0, 0, 0, 0, 291, items, fQueryRetries, 0, fLastRetryTimestamp, 521092126.3",exact,"NETWORK: requery, 0, 0, 0, 0, <*> items, fQueryRetries, 0, fLastRetryTimestamp, <*>",0.9959,"NETWORK: no response from server, reachability, 2, queryRetries, <*>",0.5545,-[NetworkAnalyticsEngine _writeJournalRecord:fromCellFingerprint:key:atLOI:ofKind:lqm:isFaulty:] Hashing of the primary key failed. Dropping the journal record.,0.393,93.98,332
176,"NETWORK: no response from server, reachability, 2, queryRetries, 2",exact,"NETWORK: no response from server, reachability, 2, queryRetries, <*>",0.997,"NETWORK: requery, 0, 0, 0, 0, <*> items, fQueryRetries, 0, fLastRetryTimestamp, <*>",0.5447,Saw change in network reachability <*>,0.531,92.88,332
177,send_datagram_available_ping: pid 445 failed to act on a ping it dequeued before timing out.,exact,send_datagram_available_ping: pid 445 failed to act on a ping it dequeued before timing out.,1.0,tcp_connection_destination_perform_socket_connect <*> connectx to <*>:143@0 failed: [50] Network is down,0.4827,"arp_client_transmit(en0) failed, Network is down (50)",0.4595,93.18,332
178,"Page bounds {{0, 0} {400, 400}}",new,"Page bounds {{0, 0} {400, 400}}",1.0,,0.0,,0.0,93.05,333
179,Failed to connect (titleField) outlet from (MMSessionPickerChoosenRowView) to (NSTextField): missing setter or instance variable,new,Failed to connect (titleField) outlet from (MMSessionPickerChoosenRowView) to (NSTextField): missing setter or instance variable,1.0,,0.0,,0.0,94.52,334
180,[<*>] [Account xpc_ben@163.com@https://<*>/caldav/principals/users/xpc_ben%40163.com/ timed out when executing operation: <CalDAVAccountRefreshQueueableOperation: 0x7fa11f9f2290; Sequence: 0>],fuzzy,[<*>] [Adding [<CalDAVAccountRefreshQueueableOperation: 0x7fa11d67f3b0; Sequence: 0>] to failed operations.],0.7547,"[CardDAVPlugin-ERROR] -getPrincipalInfo:[_controller supportsRequestCompressionAtURL:https://13957525385%40163.com@<*>/874161398/principal/] Error Domain=NSURLErrorDomain Code=-1001 ""The request timed out."" UserInfo={NSUnderlyingError=0x7f9af3646900 {Error Domain=kCFErrorDomainCFNetwork Code=-1001 ""The request timed out."" UserInfo={NSErrorFailingURLStringKey=https://13957525385%40163.com@<*>/874161398/principal/, NSErrorFailingURLKey=https://13957525385%40163.com@<*>/874161398/principal/, _kCFStreamErrorCodeKey=-2102, _kCFStreamErrorDomainKey=4, NSLocalizedDescription=The request timed out.}}, NSErrorFailingURLStringKey=https://13957525385%40163.com@<*>/874161398/principal/, NSErrorFailingURLKey=https://13957525385%40163.com@<*>/874161398/principal/, _kCFStreamErrorDomainKey=4, _kCFStreamErrorCodeKey=-2102, NSLocalizedDescription=The request timed out.}",0.5525,"[CardDAVPlugin-ERROR] -getPrincipalInfo:[_controller supportsRequestCompressionAtURL:https://13957525385%40163.com@<*>/874161398/principal/] Error Domain=NSURLErrorDomain Code=-1009 ""The Internet connection appears to be offline."" UserInfo={NSUnderlyingError=0x7f8de0c0dc70 {Error Domain=kCFErrorDomainCFNetwork Code=-1009 ""The Internet connection appears to be offline."" UserInfo={NSErrorFailingURLStringKey=https://13957525385%40163.com@<*>/874161398/principal/, NSErrorFailingURLKey=https://13957525385%40163.com@<*>/874161398/principal/, _kCFStreamErrorCodeKey=8, _kCFStreamErrorDomainKey=12, NSLocalizedDescription=The Internet connection appears to be offline.}}, NSErrorFailingURLStringKey=https://13957525385%40163.com@<*>/874161398/principal/, NSErrorFailingURLKey=https://13957525385%40163.com@<*>/874161398/principal/, _kCFStreamErrorDomainKey=12, _kCFStreamErrorCodeKey=8, NSLocalizedDescription=The Internet connection appears to be offline.}",0.4702,98.15,334
181,send_datagram_available_ping: pid 445 failed to act on a ping it dequeued before timing out.,exact,send_datagram_available_ping: pid 445 failed to act on a ping it dequeued before timing out.,1.0,tcp_connection_destination_perform_socket_connect <*> connectx to <*>:143@0 failed: [50] Network is down,0.4827,"arp_client_transmit(en0) failed, Network is down (50)",0.4595,94.65,334
182,"[<*>] [Account refresh failed with error: Error Domain=CoreDAVHTTPStatusErrorDomain Code=502 ""(null)"" UserInfo={AccountName=163, CalDAVErrFromRefresh=YES, CoreDAVHTTPHeaders=<CFBasicHash 0x7fa11fe7a810 [0x7fff7abc1440]>{type = immutable dict, count = 5, entries => 0 : Connection = <CFString 0x7fff7ab1aea0 [0x7fff7abc1440]>{contents = ""keep-alive""} 3 : Content-Type = text/html 4 : Content-Length = 166 5 : Server = nginx 6 : Date = <CFString 0x7fa11ac2ab80 [0x7fff7abc1440]>{contents = ""Fri, 07 Jul 2017 05:32:43 GMT""} } }]",new,"[<*>] [Account refresh failed with error: Error Domain=CoreDAVHTTPStatusErrorDomain Code=502 ""(null)"" UserInfo={AccountName=163, CalDAVErrFromRefresh=YES, CoreDAVHTTPHeaders=<CFBasicHash 0x7fa11fe7a810 [0x7fff7abc1440]>{type = immutable dict, count = 5, entries => 0 : Connection = <CFString 0x7fff7ab1aea0 [0x7fff7abc1440]>{contents = ""keep-alive""} 3 : Content-Type = text/html 4 : Content-Length = 166 5 : Server = nginx 6 : Date = <CFString 0x7fa11ac2ab80 [0x7fff7abc1440]>{contents = ""Fri, 07 Jul <*> 05:32:43 GMT""} } }]",1.0,,0.0,,0.0,110.73,335
183,send_datagram_available_ping: pid 445 failed to act on a ping it dequeued before timing out.,exact,send_datagram_available_ping: pid 445 failed to act on a ping it dequeued before timing out.,1.0,tcp_connection_destination_perform_socket_connect <*> connectx to <*>:143@0 failed: [50] Network is down,0.4827,"arp_client_transmit(en0) failed, Network is down (50)",0.4595,94.39,335
184,KeychainGetICDPStatus: keychain: -25300,exact,KeychainGetICDPStatus: keychain: <*>,1.0,KeychainGetICDPStatus: status: off,0.7885,CGXDisplayDidWakeNotification <*> posting kCGSDisplayDidWake,0.39,94.3,335
185,Location icon should now be in state 'Inactive',exact,Location icon should now be in state 'Inactive',1.0,Location icon should now be in state 'Active',0.9243,Error returned from iconservicesagent: (null),0.4138,103.62,335
186,"Page bounds {{0, 0} {400, 400}}",exact,"Page bounds {{0, 0} {400, 400}}",1.0,"bitmap_size 0x7f0fc, previewSize <*> writing <*> pages @ <*>",0.3742,hibernate_page_list_setall found pageCount <*>,0.3005,102.29,335
187,"CFPasteboardRef CFPasteboardCreate(CFAllocatorRef, CFStringRef) : failed to create global data",exact,"CFPasteboardRef CFPasteboardCreate(CFAllocatorRef, CFStringRef) : failed to create global data",1.0,"[Accounts] Failed to update account with identifier 76FE6715-3D27-4F21-AA35-C88C1EA820E8, error: Error Domain=ABAddressBookErrorDomain Code=1002 ""(null)""",0.3385,Cocoa scripting error for <*> four character codes must be four characters long.,0.3334,94.39,335
188,Sandbox: SpotlightNetHelp(352) deny(1) ipc-posix-shm-read-data CFPBS:186A7:,new,Sandbox: SpotlightNetHelp(352) deny(1) ipc-posix-shm-read-data CFPBS:186A7:,1.0,,0.0,,0.0,95.06,336
189,tcp_connection_tls_session_error_callback_imp 2438 __tcp_connection_tls_session_callback_write_block_invoke.434 error 22,exact,tcp_connection_tls_session_error_callback_imp <*> __tcp_connection_tls_session_callback_write_block_invoke.434 error 22,0.994,tcp_connection_tls_session_error_callback_imp <*> tcp_connection_tls_session_handle_read_error.790 error 60,0.8396,tcp_connection_handle_connect_conditions_bad <*> failed: 3 - No network route,0.5077,95.02,336
190,FA||Url||taskID[2019353724] dealloc,exact,FA||Url||taskID[2019353517] dealloc,0.9959,FA||Url||taskID[2019353444] dealloc,0.9953,FA||Url||taskID[2019353306] dealloc,0.9948,103.57,336
191,"no application identifier provided, can't use provisioning profiles [pid=37563]",new,"no application identifier provided, can't use provisioning profiles [pid=37563]",1.0,,0.0,,0.0,104.67,337
192,tcp_connection_destination_handle_tls_close_notify 111 closing socket due to TLS CLOSE_NOTIFY alert,fuzzy,tcp_connection_tls_session_error_callback_imp <*> tcp_connection_tls_session_handle_read_error.790 error 60,0.615,tcp_connection_tls_session_error_callback_imp <*> __tcp_connection_tls_session_callback_write_block_invoke.434 error 22,0.5626,tcp_connection_destination_perform_socket_connect <*> connectx to <*>:143@0 failed: [50] Network is down,0.4688,98.97,337
193,CFNetwork SSLHandshake failed (-9802),new,CFNetwork SSLHandshake failed (-9802),1.0,,0.0,,0.0,106.48,338
194,"Unable to simultaneously satisfy constraints: ( ""<NSLayoutConstraint:0x7f8efa7db140 H:[NSImageView:0x7f8efa7db900(38)]>"", ""<NSLayoutConstraint:0x7f8efa7cbe00 H:|-(14)-[NSImageView:0x7f8efa7db900] (Names: PageItemCell:0x7f8efa7cb450, '|':PageItemCell:0x7f8efa7cb450 )>"", ""<NSLayoutConstraint:0x7f8f17556f20 'NSView-Encapsulated-Layout-Width' H:[PageItemCell(73)] (Names: PageItemCell:0x7f8efa7cb450 )>"", ""<NSLayoutConstraint:0x7f8efa7dc1c0 H:[NSImageView:0x7f8efa7db900]-(10)-[NSTextField:0x7f8efa7da9a0]>"", ""<NSLayoutConstraint:0x7f8efa7cbf70 H:[NSTextField:0x7f8f02f1da90]-(14)-| (Names: PageItemCell:0x7f8efa7cb450, '|':PageItemCell:0x7f8efa7cb450 )>"", ""<NSLayoutConstraint:0x7f8efa7dc350 H:[NSTextField:0x7f8efa7da9a0]-(>=NSSpace(8))-[NSTextField:0x7f8f02f1da90]>"" ) Will attempt to recover by breaking constraint <NSLayoutConstraint:0x7f8efa7db140 H:[NSImageView:0x7f8efa7db900(38)]> Set the NSUserDefault NSConstraintBasedLayoutVisualizeMutuallyExclusiveConstraints to YES to have -[NSWindow visualizeConstraints:] automatically called when this happens. And/or, break on objc_exception_throw to catch this in the debugger.",new,"Unable to simultaneously satisfy constraints: ( ""<NSLayoutConstraint:0x7f8efa7db140 H:[NSImageView:0x7f8efa7db900(38)]>"", ""<NSLayoutConstraint:0x7f8efa7cbe00 H:|-(14)-[NSImageView:0x7f8efa7db900] (Names: PageItemCell:0x7f8efa7cb450, '|':PageItemCell:0x7f8efa7cb450 )>"", ""<NSLayoutConstraint:0x7f8f17556f20 'NSView-Encapsulated-Layout-Width' H:[PageItemCell(73)] (Names: PageItemCell:0x7f8efa7cb450 )>"", ""<NSLayoutConstraint:0x7f8efa7dc1c0 H:[NSImageView:0x7f8efa7db900]-(10)-[NSTextField:0x7f8efa7da9a0]>"", ""<NSLayoutConstraint:0x7f8efa7cbf70 H:[NSTextField:0x7f8f02f1da90]-(14)-| (Names: PageItemCell:0x7f8efa7cb450, '|':PageItemCell:0x7f8efa7cb450 )>"", ""<NSLayoutConstraint:0x7f8efa7dc350 H:[NSTextField:0x7f8efa7da9a0]-(>=NSSpace(8))-[NSTextField:0x7f8f02f1da90]>"" ) Will attempt to recover by breaking constraint <NSLayoutConstraint:0x7f8efa7db140 H:[NSImageView:0x7f8efa7db900(38)]> Set the NSUserDefault NSConstraintBasedLayoutVisualizeMutuallyExclusiveConstraints to YES to have -[NSWindow visualizeConstraints:] automatically called when this happens. And/or, break on objc_exception_throw to catch this in the debugger.",1.0,,0.0,,0.0,124.59,339
195,"Unable to simultaneously satisfy constraints: ( ""<NSLayoutConstraint:0x7f8efb89e920 H:[NSImageView:0x7f8efb89d5d0(38)]>"", ""<NSLayoutConstraint:0x7f8efb89aac0 H:|-(14)-[NSImageView:0x7f8efb89d5d0] (Names: PageItemCell:0x7f8efb898930, '|':PageItemCell:0x7f8efb898930 )>"", ""<NSLayoutConstraint:0x7f8f071a6c20 'NSView-Encapsulated-Layout-Width' H:[PageItemCell(73)] (Names: PageItemCell:0x7f8efb898930 )>"", ""<NSLayoutConstraint:0x7f8efb89d8a0 H:[NSImageView:0x7f8efb89d5d0]-(10)-[NSTextField:0x7f8efb89d250]>"", ""<NSLayoutConstraint:0x7f8efb8980e0 H:[NSTextField:0x7f8efb89e7a0]-(14)-| (Names: PageItemCell:0x7f8efb898930, '|':PageItemCell:0x7f8efb898930 )>"", ""<NSLayoutConstraint:0x7f8efb89ba20 H:[NSTextField:0x7f8efb89d250]-(>=NSSpace(8))-[NSTextField:0x7f8efb89e7a0]>"" ) Will attempt to recover by breaking constraint <NSLayoutConstraint:0x7f8efb89e920 H:[NSImageView:0x7f8efb89d5d0(38)]> Set the NSUserDefault NSConstraintBasedLayoutVisualizeMutuallyExclusiveConstraints to YES to have -[NSWindow visualizeConstraints:] automatically called when this happens. And/or, break on objc_exception_throw to catch this in the debugger.",exact,"Unable to simultaneously satisfy constraints: ( ""<NSLayoutConstraint:0x7f8efa7db140 H:[NSImageView:0x7f8efa7db900(38)]>"", ""<NSLayoutConstraint:0x7f8efa7cbe00 H:|-(14)-[NSImageView:0x7f8efa7db900] (Names: PageItemCell:0x7f8efa7cb450, '|':PageItemCell:0x7f8efa7cb450 )>"", ""<NSLayoutConstraint:0x7f8f17556f20 'NSView-Encapsulated-Layout-Width' H:[PageItemCell(73)] (Names: PageItemCell:0x7f8efa7cb450 )>"", ""<NSLayoutConstraint:0x7f8efa7dc1c0 H:[NSImageView:0x7f8efa7db900]-(10)-[NSTextField:0x7f8efa7da9a0]>"", ""<NSLayoutConstraint:0x7f8efa7cbf70 H:[NSTextField:0x7f8f02f1da90]-(14)-| (Names: PageItemCell:0x7f8efa7cb450, '|':PageItemCell:0x7f8efa7cb450 )>"", ""<NSLayoutConstraint:0x7f8efa7dc350 H:[NSTextField:0x7f8efa7da9a0]-(>=NSSpace(8))-[NSTextField:0x7f8f02f1da90]>"" ) Will attempt to recover by breaking constraint <NSLayoutConstraint:0x7f8efa7db140 H:[NSImageView:0x7f8efa7db900(38)]> Set the NSUserDefault NSConstraintBasedLayoutVisualizeMutuallyExclusiveConstraints to YES to have -[NSWindow visualizeConstraints:] automatically called when this happens. And/or, break on objc_exception_throw to catch this in the debugger.",0.9917,Cocoa scripting error for <*> four character codes must be four characters long.,0.3456,-_continuousScroll is deprecated for NSScrollWheel. Please use -hasPreciseScrollingDeltas.,0.343,126.21,339
196,"Configuration Notice: ASL Module ""<*>"" sharing output destination ""/var/log/Accounts"" with ASL Module ""<*>"". Output parameters from ASL Module ""<*>"" override any specified in ASL Module ""<*>"".",fuzzy,"Configuration Notice: ASL Module ""<*>"" claims selected messages. Those messages may not appear in standard system log files or in the ASL database.",0.6048,CCFile::captureLog,0.3223,CCFile::captureLog Received Capture notice id: <*> reason = AuthFail:sts:5_rsn:0,0.3161,101.43,339
197,send_datagram_available_ping: pid 445 failed to act on a ping it dequeued before timing out.,exact,send_datagram_available_ping: pid 445 failed to act on a ping it dequeued before timing out.,1.0,tcp_connection_destination_perform_socket_connect <*> connectx to <*>:143@0 failed: [50] Network is down,0.4827,"arp_client_transmit(en0) failed, Network is down (50)",0.4595,173.62,339
198,<IMMacNotificationCenterManager: 0x7fdcc9d16380>: NC Disabled: NO,partial,<IMMacNotificationCenterManager: 0x7ff1b2d17980>: NC Disabled: NO,0.987,"<IMMacNotificationCenterManager: <*> Updating enabled: <*> (Topics: ( <*> ""<*>"", ""<*>"", ""<*>"", ""<*>"", ""<*>"", ""<*>"", ""<*>"", ""<*>"", ""<*>"", ""<*>"", ""<*>"", ""<*>"", ""<*>"", ""<*>"", ""<*>"" ))",0.7671,<IMMacNotificationCenterManager: <*> DND Enabled: <*>,0.7383,113.76,339
199,<IMMacNotificationCenterManager: 0x7ff1b2d17980>: NC Disabled: NO,exact,<IMMacNotificationCenterManager: 0x7ff1b2d17980>: NC Disabled: NO,0.9986,"<IMMacNotificationCenterManager: <*> Updating enabled: <*> (Topics: ( <*> ""<*>"", ""<*>"", ""<*>"", ""<*>"", ""<*>"", ""<*>"", ""<*>"", ""<*>"", ""<*>"", ""<*>"", ""<*>"", ""<*>"", ""<*>"", ""<*>"", ""<*>"" ))",0.7632,<IMMacNotificationCenterManager: <*> DND Enabled: <*>,0.7364,100.25,339
200,"CCFile::copyFile fileName is [2017-07-07_00,52,55.450817]-CCIOReporter-001.xml, source path:/var/log/CoreCapture/<*>/OneStats//[2017-07-07_00,52,55.450817]-CCIOReporter-001.xml, dest path:/Library/Logs/CrashReporter/CoreCapture/<*>/[2017-07-07_00,52,54.449889]=AuthFail:sts:5_rsn:0/OneStats//[2017-07-07_00,52,55.450817]-CCIOReporter-001.xml",exact,CCFile::copyFile fileName is <*> source path<*> dest path<*>,0.9963,doSaveChannels@286: Will write to: <*> - AuthFail:sts:5_rsn:0.xml,0.7238,CCFile::captureLog Received Capture notice id: <*> reason = AuthFail:sts:5_rsn:0,0.6881,108.04,339
201,-[NetworkAnalyticsEngine _writeJournalRecord:fromCellFingerprint:key:atLOI:ofKind:lqm:isFaulty:] Hashing of the primary key failed. Dropping the journal record.,exact,-[NetworkAnalyticsEngine _writeJournalRecord:fromCellFingerprint:key:atLOI:ofKind:lqm:isFaulty:] Hashing of the primary key failed. Dropping the journal record.,1.0,__73-[NetworkAnalyticsEngine observeValueForKeyPath:ofObject:change:context:]_block_invoke unexpected switch value 2,0.5176,doSaveChannels@286: Will write to: <*> - AuthFail:sts:5_rsn:0.xml,0.427,113.08,339
202,Captive: [CNInfoNetworkActive:1748] en0: SSID 'CalVisitor' making interface primary (cache indicates network not captive),exact,Captive: [CNInfoNetworkActive:1748] en0: SSID 'CalVisitor' making interface primary (cache indicates network not captive),1.0,Captive: CNPluginHandler en0: Inactive,0.6857,Captive: CNPluginHandler en0: Authenticated,0.6103,104.98,339
203,"<*>: scheduler_evaluate_activity told me to run this job; however, but the start time isn't for 43840 seconds. Ignoring.",partial,"<*>: scheduler_evaluate_activity told me to run this job; however, but the start time isn't for 978 seconds. Ignoring.",0.9843,"<*>: scheduler_evaluate_activity told me to run this job; however, but the start time isn't for <*> seconds. Ignoring.",0.8964,"<*>://DB05755C-483D-44B7-B93B-ED06E57FF420/CalDAVPrincipal/p11: scheduler_evaluate_activity told me to run this job; however, but the start time isn't for 59 seconds. Ignoring.",0.8867,99.56,339
204,(DiskStore.Normal:2382) 20cb04f 1.000086,new,(DiskStore.Normal:2382) 20cb04f 1.000086,1.0,,0.0,,0.0,110.16,340
205,<*>(37617) deny network-outbound /private/var/run/mDNSResponder,partial,<*>(36332) deny network-outbound /private/var/run/mDNSResponder,0.9849,<*>(36227) deny network-outbound /private/var/run/mDNSResponder,0.9837,<*>(36461) deny network-outbound /private/var/run/mDNSResponder,0.9834,107.77,340
206,"<*>: scheduler_evaluate_activity told me to run this job; however, but the start time isn't for 5703 seconds. Ignoring.",partial,"<*>: scheduler_evaluate_activity told me to run this job; however, but the start time isn't for 978 seconds. Ignoring.",0.9854,"<*>: scheduler_evaluate_activity told me to run this job; however, but the start time isn't for <*> seconds. Ignoring.",0.9,"<*>://DB05755C-483D-44B7-B93B-ED06E57FF420/CalDAVPrincipal/p11: scheduler_evaluate_activity told me to run this job; however, but the start time isn't for 59 seconds. Ignoring.",0.8861,96.16,340
207,AppleCamIn::systemWakeCall - messageType = 0xE0000340,exact,AppleCamIn::systemWakeCall - messageType = <*>,0.9995,AppleCamIn::handleWakeEvent_gated,0.711,AppleCamIn::wakeEventHandlerThread,0.6906,103.98,340
208,[HID] [ATC] AppleDeviceManagementHIDEventService::processWakeReason Wake reason: Host (0x01),exact,[HID] [ATC] AppleDeviceManagementHIDEventService::processWakeReason Wake reason: Host (0x01),1.0,[HID] [ATC] [Error] AppleDeviceManagementHIDEventService::start Could not make a string from out connection notification key,0.7673,[HID] [MT] AppleMultitouchDevice::start entered,0.5978,95.52,340
209,ARPT: 761864.513194: AirPort_Brcm43xx::powerChange: System Sleep,exact,ARPT: <*> AirPort_Brcm43xx::powerChange: System Sleep,0.991,ARPT: <*> AirPort_Brcm43xx::powerChange: System Wake - Full Wake/ Dark Wake / Maintenance wake,0.8845,ARPT: <*> AirPort_Brcm43xx::syncPowerState: WWEN[enabled],0.8011,95.59,340
210,"2017-07-07 01:47:40.090 GoogleSoftwareUpdateAgent[37644/0x7000002a0000] [lvl=2] -[KSOutOfProcessFetcher beginFetchWithDelegate:] KSOutOfProcessFetcher start fetch from URL: ""https://<*>/service/update2?cup2hreq=c30943ccd5e0a03e93b6be3e2b7e2127989f08f1bde99263ffee091de8b8bc39&cup2key=7:1039900771""",exact,"<*> GoogleSoftwareUpdateAgent[36128/0x7000002a0000] [lvl=2] -[KSOutOfProcessFetcher beginFetchWithDelegate:] KSOutOfProcessFetcher fetching from URL: ""https://<*>/service/update2?cup2hreq=ac844e04cbb398fcef4cf81b4ffc44a3ebc863e89d19c0b5d39d02d78d26675b&cup2key=7:677488741""",0.9945,"<*> GoogleSoftwareUpdateAgent[35861/0x700000323000] [lvl=2] -[KSOutOfProcessFetcher(PrivateMethods) helperDidTerminate:] KSOutOfProcessFetcher fetch ended for URL: ""https://<*>/service/update2?cup2hreq=d297a7e5b56d6bd4faa75860fff6e485c301bf4e943a561afff6c8b3707ce948&cup2key=7:2988503627""",0.954,"<*> GoogleSoftwareUpdateAgent[35018/0x7000002a0000] [lvl=2] -[KSOutOfProcessFetcher(PrivateMethods) helperDidTerminate:] KSOutOfProcessFetcher fetch ended for URL: ""https://<*>/service/update2?cup2hreq=a70d6372a4e45a6cbba61cd7f057c79bf73c79db1b1951dc17c605e870f0419b&cup2key=7:934679018""",0.9198,104.45,340
211,AppleThunderboltGenericHAL::earlyWake - complete - took 1 milliseconds,exact,AppleThunderboltGenericHAL::earlyWake - complete - took <*> milliseconds,0.9978,AppleThunderboltNHIType2::prePCIWake - power up complete - took <*> us,0.633,AppleThunderboltNHIType2::waitForOk2Go2Sx - retries = <*>,0.611,95.59,340
212,AppleCamIn::systemWakeCall - messageType = 0xE0000340,exact,AppleCamIn::systemWakeCall - messageType = <*>,0.9997,AppleCamIn::handleWakeEvent_gated,0.711,AppleCamIn::wakeEventHandlerThread,0.6906,103.33,340
213,"<*>: scheduler_evaluate_activity told me to run this job; however, but the start time isn't for 38922 seconds. Ignoring.",exact,"<*>: scheduler_evaluate_activity told me to run this job; however, but the start time isn't for 978 seconds. Ignoring.",0.9908,"<*>: scheduler_evaluate_activity told me to run this job; however, but the start time isn't for <*> seconds. Ignoring.",0.9094,"<*>://DB05755C-483D-44B7-B93B-ED06E57FF420/CalDAVPrincipal/p11: scheduler_evaluate_activity told me to run this job; however, but the start time isn't for 59 seconds. Ignoring.",0.8931,94.92,340
214,"<*>: scheduler_evaluate_activity told me to run this job; however, but the start time isn't for 893 seconds. Ignoring.",partial,"<*>: scheduler_evaluate_activity told me to run this job; however, but the start time isn't for 978 seconds. Ignoring.",0.9836,"<*>: scheduler_evaluate_activity told me to run this job; however, but the start time isn't for <*> seconds. Ignoring.",0.9065,"<*>://DB05755C-483D-44B7-B93B-ED06E57FF420/CalDAVPrincipal/p11: scheduler_evaluate_activity told me to run this job; however, but the start time isn't for 59 seconds. Ignoring.",0.8832,95.41,340
215,AppleCamIn::systemWakeCall - messageType = 0xE0000340,exact,AppleCamIn::systemWakeCall - messageType = <*>,0.9997,AppleCamIn::handleWakeEvent_gated,0.711,AppleCamIn::wakeEventHandlerThread,0.6906,95.22,340
216,<*>(37682) deny network-outbound /private/var/run/mDNSResponder,exact,<*>(36332) deny network-outbound /private/var/run/mDNSResponder,0.9926,<*>(35762) deny network-outbound /private/var/run/mDNSResponder,0.9887,<*>(33562) deny network-outbound /private/var/run/mDNSResponder,0.9872,95.87,340
217,dnssd_clientstub ConnectToServer: connect()-> No of tries: 2,exact,dnssd_clientstub ConnectToServer: connect()-> No of tries: <*>,0.9991,dnssd_clientstub ConnectToServer: connect() failed path:/var/run/mDNSResponder Socket:4 Err:-1 Errno:1 Operation not permitted,0.8397,[0701/114930:WARNING:dns_config_service_posix.cc(306)] Failed to read DnsConfig.,0.5302,95.73,340
218,Thermal pressure state: 1 Memory pressure state: 0,partial,Thermal pressure state: <*> Memory pressure state: 0,0.9895,"Opened file /var/vm/sleepimage, size <*> extents 3, maxio <*> ssd 1",0.2522,"hibernate_machine_init pagesDone <*> sum2 <*> time: <*> ms, disk(0x20000) <*> Mb/s, comp bytes: <*> time: <*> ms <*> Mb/s, crypt bytes: <*> time: <*> ms <*> Mb/s",0.2505,103.08,340
219,"<*>: scheduler_evaluate_activity told me to run this job; however, but the start time isn't for 498005 seconds. Ignoring.",partial,"<*>: scheduler_evaluate_activity told me to run this job; however, but the start time isn't for 978 seconds. Ignoring.",0.9848,"<*>: scheduler_evaluate_activity told me to run this job; however, but the start time isn't for <*> seconds. Ignoring.",0.8942,"<*>://DB05755C-483D-44B7-B93B-ED06E57FF420/CalDAVPrincipal/p11: scheduler_evaluate_activity told me to run this job; however, but the start time isn't for 59 seconds. Ignoring.",0.8898,95.5,340
220,ARPT: 762302.122693: wl0: leaveModulePoweredForOffloads: Wi-Fi will stay on.,exact,ARPT: <*> wl0: leaveModulePoweredForOffloads: Wi-Fi will stay on.,0.9912,ARPT: <*> wl0: setup_keepalive: Local IP: <*>,0.6499,"ARPT: <*> wl0: Roamed or switched channel, reason #8, bssid 5c:50:15:4c:18:13, last RSSI -64",0.6428,95.45,340
221,"<*>: scheduler_evaluate_activity told me to run this job; however, but the start time isn't for 35733 seconds. Ignoring.",partial,"<*>: scheduler_evaluate_activity told me to run this job; however, but the start time isn't for 978 seconds. Ignoring.",0.9839,"<*>: scheduler_evaluate_activity told me to run this job; however, but the start time isn't for <*> seconds. Ignoring.",0.9061,"<*>://DB05755C-483D-44B7-B93B-ED06E57FF420/CalDAVPrincipal/p11: scheduler_evaluate_activity told me to run this job; however, but the start time isn't for 59 seconds. Ignoring.",0.8977,105.81,340
222,ARPT: 762363.637095: AirPort_Brcm43xx::powerChange: System Sleep,exact,ARPT: <*> AirPort_Brcm43xx::powerChange: System Sleep,0.9941,ARPT: <*> AirPort_Brcm43xx::powerChange: System Wake - Full Wake/ Dark Wake / Maintenance wake,0.8839,ARPT: <*> AirPort_Brcm43xx::syncPowerState: WWEN[enabled],0.7915,103.04,340
223,RTC: PowerByCalendarDate setting ignored,exact,RTC: PowerByCalendarDate setting ignored,1.0,RTC: Maintenance <*> sleep <*>,0.4596,"ARPT: <*> IOPMPowerSource Information: onSleep, SleepType: Normal Sleep, 'ExternalConnected': <*> 'TimeRemaining': <*>",0.4312,107.75,340
224,ARPT: 762366.143164: AirPort_Brcm43xx::powerChange: System Wake - Full Wake/ Dark Wake / Maintenance wake,exact,ARPT: <*> AirPort_Brcm43xx::powerChange: System Wake - Full Wake/ Dark Wake / Maintenance wake,0.9928,ARPT: <*> AirPort_Brcm43xx::powerChange: System Sleep,0.8895,ARPT: <*> AirPort_Brcm43xx::syncPowerState: WWEN[enabled],0.7391,106.55,340
225,dnssd_clientstub ConnectToServer: connect()-> No of tries: 2,exact,dnssd_clientstub ConnectToServer: connect()-> No of tries: <*>,0.9993,dnssd_clientstub ConnectToServer: connect() failed path:/var/run/mDNSResponder Socket:4 Err:-1 Errno:1 Operation not permitted,0.8397,[0701/114930:WARNING:dns_config_service_posix.cc(306)] Failed to read DnsConfig.,0.5302,104.92,340
226,IOThunderboltSwitch<0>(0x0)::listenerCallback - Thunderbolt HPD packet for route = 0x0 port = 11 unplug = 0,exact,IOThunderboltSwitch<0>(0x0)::listenerCallback - Thunderbolt HPD packet for route = <*> port = <*> unplug = 0,0.9974,AppleThunderboltNHIType2::waitForOk2Go2Sx - intel_rp = 1 dlla_reporting_supported = 0,0.4178,[HID] [ATC] AppleDeviceManagementHIDEventService::processWakeReason Wake reason: Host (0x01),0.4163,96.09,340
227,AppleCamIn::wakeEventHandlerThread,exact,AppleCamIn::wakeEventHandlerThread,1.0,AppleCamIn::handleWakeEvent_gated,0.7262,AppleCamIn::systemWakeCall - messageType = <*>,0.6907,103.16,340
228,ARPT: 762484.281874: AirPort_Brcm43xx::powerChange: System Wake - Full Wake/ Dark Wake / Maintenance wake,exact,ARPT: <*> AirPort_Brcm43xx::powerChange: System Wake - Full Wake/ Dark Wake / Maintenance wake,0.9903,ARPT: <*> AirPort_Brcm43xx::powerChange: System Sleep,0.8857,ARPT: <*> AirPort_Brcm43xx::syncPowerState: WWEN[enabled],0.7436,95.92,340
229,"<*>: scheduler_evaluate_activity told me to run this job; however, but the start time isn't for 33204 seconds. Ignoring.",exact,"<*>: scheduler_evaluate_activity told me to run this job; however, but the start time isn't for 978 seconds. Ignoring.",0.9904,"<*>: scheduler_evaluate_activity told me to run this job; however, but the start time isn't for <*> seconds. Ignoring.",0.9055,"<*>://DB05755C-483D-44B7-B93B-ED06E57FF420/CalDAVPrincipal/p11: scheduler_evaluate_activity told me to run this job; however, but the start time isn't for 59 seconds. Ignoring.",0.8793,95.69,340
230,"<*>: scheduler_evaluate_activity told me to run this job; however, but the start time isn't for 33282 seconds. Ignoring.",exact,"<*>: scheduler_evaluate_activity told me to run this job; however, but the start time isn't for 978 seconds. Ignoring.",0.991,"<*>: scheduler_evaluate_activity told me to run this job; however, but the start time isn't for <*> seconds. Ignoring.",0.9084,"<*>://DB05755C-483D-44B7-B93B-ED06E57FF420/CalDAVPrincipal/p11: scheduler_evaluate_activity told me to run this job; however, but the start time isn't for 59 seconds. Ignoring.",0.8833,95.37,340
231,"ARPT: 762543.171617: IOPMPowerSource Information: onSleep, SleepType: Normal Sleep, 'ExternalConnected': Yes, 'TimeRemaining': 0,",partial,"ARPT: <*> IOPMPowerSource Information: onSleep, SleepType: Normal Sleep, 'ExternalConnected': <*> 'TimeRemaining': <*>",0.9846,ARPT: <*> AirPort_Brcm43xx::powerChange: System Sleep,0.6789,ARPT: <*> AirPort_Brcm43xx::powerChange: System Wake - Full Wake/ Dark Wake / Maintenance wake,0.6055,95.77,340
232,"<*>: scheduler_evaluate_activity told me to run this job; however, but the start time isn't for 106 seconds. Ignoring.",partial,"<*>: scheduler_evaluate_activity told me to run this job; however, but the start time isn't for 978 seconds. Ignoring.",0.981,"<*>: scheduler_evaluate_activity told me to run this job; however, but the start time isn't for <*> seconds. Ignoring.",0.9053,"<*>://DB05755C-483D-44B7-B93B-ED06E57FF420/CalDAVPrincipal/p11: scheduler_evaluate_activity told me to run this job; however, but the start time isn't for 59 seconds. Ignoring.",0.8913,95.1,340
233,"ARPT: 762603.017378: wl0: setup_keepalive: Local port: 62991, Remote port: 443",exact,ARPT: <*> wl0: setup_keepalive: Local port: <*> Remote port: 443,0.9932,ARPT: <*> wl0: setup_keepalive: Local port: <*> Remote port: <*>,0.954,ARPT: <*> wl0: setup_keepalive: Remote IP: <*>,0.9102,95.51,340
234,AppleCamIn::wakeEventHandlerThread,exact,AppleCamIn::wakeEventHandlerThread,1.0,AppleCamIn::handleWakeEvent_gated,0.7262,AppleCamIn::systemWakeCall - messageType = <*>,0.6907,95.26,340
235,"<*>: scheduler_evaluate_activity told me to run this job; however, but the start time isn't for 31570 seconds. Ignoring.",partial,"<*>: scheduler_evaluate_activity told me to run this job; however, but the start time isn't for 978 seconds. Ignoring.",0.9867,"<*>: scheduler_evaluate_activity told me to run this job; however, but the start time isn't for <*> seconds. Ignoring.",0.9074,"<*>://DB05755C-483D-44B7-B93B-ED06E57FF420/CalDAVPrincipal/p11: scheduler_evaluate_activity told me to run this job; however, but the start time isn't for 59 seconds. Ignoring.",0.8889,95.31,340
236,Location icon should now be in state 'Active',exact,Location icon should now be in state 'Active',1.0,Location icon should now be in state 'Inactive',0.9243,Error returned from iconservicesagent: (null),0.4088,108.14,340
237,<*>(37725) deny network-outbound /private/var/run/mDNSResponder,exact,<*>(36332) deny network-outbound /private/var/run/mDNSResponder,0.9938,<*>(36461) deny network-outbound /private/var/run/mDNSResponder,0.9891,<*>(36491) deny network-outbound /private/var/run/mDNSResponder,0.9867,107.4,340
238,AirPort: Link Down on awdl0. Reason 1 (Unspecified).,exact,AirPort: Link Down on awdl0. Reason 1 (Unspecified).,1.0,AirPort: Link Up on awdl0,0.8787,AirPort: Link Down on en0. Reason 8 (Disassociated because station leaving).,0.7418,102.67,340
239,"<*>: scheduler_evaluate_activity told me to run this job; however, but the start time isn't for 491488 seconds. Ignoring.",partial,"<*>: scheduler_evaluate_activity told me to run this job; however, but the start time isn't for 978 seconds. Ignoring.",0.9833,"<*>: scheduler_evaluate_activity told me to run this job; however, but the start time isn't for <*> seconds. Ignoring.",0.9037,"<*>://DB05755C-483D-44B7-B93B-ED06E57FF420/CalDAVPrincipal/p11: scheduler_evaluate_activity told me to run this job; however, but the start time isn't for 59 seconds. Ignoring.",0.8897,95.64,340
240,"<*>: scheduler_evaluate_activity told me to run this job; however, but the start time isn't for 1002 seconds. Ignoring.",partial,"<*>: scheduler_evaluate_activity told me to run this job; however, but the start time isn't for 978 seconds. Ignoring.",0.9732,"<*>: scheduler_evaluate_activity told me to run this job; however, but the start time isn't for <*> seconds. Ignoring.",0.8875,"<*>://DB05755C-483D-44B7-B93B-ED06E57FF420/CalDAVPrincipal/p11: scheduler_evaluate_activity told me to run this job; however, but the start time isn't for 59 seconds. Ignoring.",0.8729,95.89,340
241,"<*>: scheduler_evaluate_activity told me to run this job; however, but the start time isn't for 1002 seconds. Ignoring.",partial,"<*>: scheduler_evaluate_activity told me to run this job; however, but the start time isn't for 978 seconds. Ignoring.",0.9751,"<*>: scheduler_evaluate_activity told me to run this job; however, but the start time isn't for <*> seconds. Ignoring.",0.8875,"<*>://DB05755C-483D-44B7-B93B-ED06E57FF420/CalDAVPrincipal/p11: scheduler_evaluate_activity told me to run this job; however, but the start time isn't for 59 seconds. Ignoring.",0.8729,95.83,340
242,AppleThunderboltGenericHAL::earlyWake - complete - took 0 milliseconds,exact,AppleThunderboltGenericHAL::earlyWake - complete - took <*> milliseconds,0.9966,AppleThunderboltNHIType2::prePCIWake - power up complete - took <*> us,0.6451,AppleThunderboltNHIType2::waitForOk2Go2Sx - retries = <*>,0.6255,108.24,340
243,IOThunderboltSwitch<0>(0x0)::listenerCallback - Thunderbolt HPD packet for route = 0x0 port = 11 unplug = 0,exact,IOThunderboltSwitch<0>(0x0)::listenerCallback - Thunderbolt HPD packet for route = <*> port = <*> unplug = 0,0.9979,AppleThunderboltNHIType2::waitForOk2Go2Sx - intel_rp = 1 dlla_reporting_supported = 0,0.4178,[HID] [ATC] AppleDeviceManagementHIDEventService::processWakeReason Wake reason: Host (0x01),0.4163,112.05,340
244,AirPort: Link Up on awdl0,exact,AirPort: Link Up on awdl0,1.0,AirPort: Link Down on awdl0. Reason 1 (Unspecified).,0.8787,AirPort: Link Up on en0,0.8013,111.85,340
245,"<*>: scheduler_evaluate_activity told me to run this job; however, but the start time isn't for 29108 seconds. Ignoring.",partial,"<*>: scheduler_evaluate_activity told me to run this job; however, but the start time isn't for 978 seconds. Ignoring.",0.9849,"<*>: scheduler_evaluate_activity told me to run this job; however, but the start time isn't for <*> seconds. Ignoring.",0.9007,"<*>://DB05755C-483D-44B7-B93B-ED06E57FF420/CalDAVPrincipal/p11: scheduler_evaluate_activity told me to run this job; however, but the start time isn't for 59 seconds. Ignoring.",0.8798,101.58,340
246,dnssd_clientstub ConnectToServer: connect()-> No of tries: 3,exact,dnssd_clientstub ConnectToServer: connect()-> No of tries: <*>,0.9979,dnssd_clientstub ConnectToServer: connect() failed path:/var/run/mDNSResponder Socket:4 Err:-1 Errno:1 Operation not permitted,0.8418,[0701/114930:WARNING:dns_config_service_posix.cc(306)] Failed to read DnsConfig.,0.546,101.12,340
247,<*>(37745) deny network-outbound /private/var/run/mDNSResponder,exact,<*>(36332) deny network-outbound /private/var/run/mDNSResponder,0.9924,<*>(36461) deny network-outbound /private/var/run/mDNSResponder,0.9835,<*>(33562) deny network-outbound /private/var/run/mDNSResponder,0.983,102.11,340
248,AppleCamIn::wakeEventHandlerThread,exact,AppleCamIn::wakeEventHandlerThread,1.0,AppleCamIn::handleWakeEvent_gated,0.7262,AppleCamIn::systemWakeCall - messageType = <*>,0.6907,102.28,340
249,ARPT: 762900.518967: wl0: MDNS: IPV6 Addr: 2607:f140:6000:8:3065:65eb:758e:972a,partial,ARPT: <*> wl0: MDNS: IPV6 Addr: <*>,0.981,ARPT: <*> wl0: MDNS: IPV6 Addr: fe<*>,0.9389,ARPT: <*> wl0: MDNS: IPV4 Addr: <*>,0.9064,96.11,340
250,"<*>: scheduler_evaluate_activity told me to run this job; however, but the start time isn't for 1065 seconds. Ignoring.",partial,"<*>: scheduler_evaluate_activity told me to run this job; however, but the start time isn't for 978 seconds. Ignoring.",0.9794,"<*>: scheduler_evaluate_activity told me to run this job; however, but the start time isn't for <*> seconds. Ignoring.",0.8946,"<*>://DB05755C-483D-44B7-B93B-ED06E57FF420/CalDAVPrincipal/p11: scheduler_evaluate_activity told me to run this job; however, but the start time isn't for 59 seconds. Ignoring.",0.8849,95.45,340
251,ARPT: 762962.511796: AirPort_Brcm43xx::powerChange: System Sleep,exact,ARPT: <*> AirPort_Brcm43xx::powerChange: System Sleep,0.9934,ARPT: <*> AirPort_Brcm43xx::powerChange: System Wake - Full Wake/ Dark Wake / Maintenance wake,0.8866,ARPT: <*> AirPort_Brcm43xx::syncPowerState: WWEN[enabled],0.7987,95.26,340
252,"<*>: scheduler_evaluate_activity told me to run this job; however, but the start time isn't for 26744 seconds. Ignoring.",partial,"<*>: scheduler_evaluate_activity told me to run this job; however, but the start time isn't for 978 seconds. Ignoring.",0.9899,"<*>: scheduler_evaluate_activity told me to run this job; however, but the start time isn't for <*> seconds. Ignoring.",0.9157,"<*>://DB05755C-483D-44B7-B93B-ED06E57FF420/CalDAVPrincipal/p11: scheduler_evaluate_activity told me to run this job; however, but the start time isn't for 59 seconds. Ignoring.",0.8897,95.69,340
253,"<*>: scheduler_evaluate_activity told me to run this job; however, but the start time isn't for 26656 seconds. Ignoring.",partial,"<*>: scheduler_evaluate_activity told me to run this job; however, but the start time isn't for 978 seconds. Ignoring.",0.9896,"<*>: scheduler_evaluate_activity told me to run this job; however, but the start time isn't for <*> seconds. Ignoring.",0.914,"<*>://DB05755C-483D-44B7-B93B-ED06E57FF420/CalDAVPrincipal/p11: scheduler_evaluate_activity told me to run this job; however, but the start time isn't for 59 seconds. Ignoring.",0.8951,104.34,340
254,"<*>: scheduler_evaluate_activity told me to run this job; however, but the start time isn't for 488163 seconds. Ignoring.",partial,"<*>: scheduler_evaluate_activity told me to run this job; however, but the start time isn't for 978 seconds. Ignoring.",0.9864,"<*>: scheduler_evaluate_activity told me to run this job; however, but the start time isn't for <*> seconds. Ignoring.",0.9024,"<*>://DB05755C-483D-44B7-B93B-ED06E57FF420/CalDAVPrincipal/p11: scheduler_evaluate_activity told me to run this job; however, but the start time isn't for 59 seconds. Ignoring.",0.8885,95.43,340
255,ARPT: 763023.568413: AirPort_Brcm43xx::syncPowerState: WWEN[enabled],exact,ARPT: <*> AirPort_Brcm43xx::syncPowerState: WWEN[enabled],0.9952,ARPT: <*> AirPort_Brcm43xx::platformWoWEnable: WWEN<*>,0.9175,ARPT: <*> AirPort_Brcm43xx::platformWoWEnable: WWEN[disable],0.884,104.09,340
256,"<*>: scheduler_evaluate_activity told me to run this job; however, but the start time isn't for 25947 seconds. Ignoring.",partial,"<*>: scheduler_evaluate_activity told me to run this job; however, but the start time isn't for 978 seconds. Ignoring.",0.9883,"<*>: scheduler_evaluate_activity told me to run this job; however, but the start time isn't for <*> seconds. Ignoring.",0.9055,"<*>://DB05755C-483D-44B7-B93B-ED06E57FF420/CalDAVPrincipal/p11: scheduler_evaluate_activity told me to run this job; however, but the start time isn't for 59 seconds. Ignoring.",0.8793,95.63,340
257,AppleThunderboltNHIType2::prePCIWake - power up complete - took 1 us,exact,AppleThunderboltNHIType2::prePCIWake - power up complete - took <*> us,0.9977,AppleThunderboltGenericHAL::earlyWake - complete - took <*> milliseconds,0.6377,AppleThunderboltNHIType2::waitForOk2Go2Sx - retries = <*>,0.5369,106.91,340
258,"<*>: scheduler_evaluate_activity told me to run this job; however, but the start time isn't for 25042 seconds. Ignoring.",partial,"<*>: scheduler_evaluate_activity told me to run this job; however, but the start time isn't for 978 seconds. Ignoring.",0.9829,"<*>: scheduler_evaluate_activity told me to run this job; however, but the start time isn't for <*> seconds. Ignoring.",0.8849,"<*>://DB05755C-483D-44B7-B93B-ED06E57FF420/CalDAVPrincipal/p11: scheduler_evaluate_activity told me to run this job; however, but the start time isn't for 59 seconds. Ignoring.",0.8624,104.44,340
259,"<*>: scheduler_evaluate_activity told me to run this job; however, but the start time isn't for 25077 seconds. Ignoring.",partial,"<*>: scheduler_evaluate_activity told me to run this job; however, but the start time isn't for 978 seconds. Ignoring.",0.9846,"<*>: scheduler_evaluate_activity told me to run this job; however, but the start time isn't for <*> seconds. Ignoring.",0.893,"<*>://DB05755C-483D-44B7-B93B-ED06E57FF420/CalDAVPrincipal/p11: scheduler_evaluate_activity told me to run this job; however, but the start time isn't for 59 seconds. Ignoring.",0.8628,108.59,340
260,CCFile::captureLogRun() Exiting CCFile::captureLogRun,exact,CCFile::captureLogRun() Exiting CCFile::captureLogRun,1.0,CCFile::captureLog,0.8574,CCFile::captureLogRun Skipping current file Dir file <*> Current File <*>,0.7879,105.76,340
261,"<*>: scheduler_evaluate_activity told me to run this job; however, but the start time isn't for 21754 seconds. Ignoring.",exact,"<*>: scheduler_evaluate_activity told me to run this job; however, but the start time isn't for 978 seconds. Ignoring.",0.9904,"<*>: scheduler_evaluate_activity told me to run this job; however, but the start time isn't for <*> seconds. Ignoring.",0.9098,"<*>://DB05755C-483D-44B7-B93B-ED06E57FF420/CalDAVPrincipal/p11: scheduler_evaluate_activity told me to run this job; however, but the start time isn't for 59 seconds. Ignoring.",0.8909,94.83,340
262,"CCFile::captureLogRun Skipping current file Dir file [2017-07-07_07,01,14.472939]-CCIOReporter-002.xml, Current File [2017-07-07_07,01,14.472939]-CCIOReporter-002.xml",partial,CCFile::captureLogRun Skipping current file Dir file <*> Current File <*>,0.946,CCFile::captureLogRun() Exiting CCFile::captureLogRun,0.7817,CCFile::captureLog,0.7515,97.38,340
263,ARPT: 763490.115579: wl0: MDNS: IPV6 Addr: 2607:f140:6000:8:c6b3:1ff:fecd:467f,exact,ARPT: <*> wl0: MDNS: IPV6 Addr: fe<*>,0.992,ARPT: <*> wl0: MDNS: IPV6 Addr: <*>,0.9497,ARPT: <*> wl0: MDNS: IPV4 Addr: <*>,0.8641,96.14,340
264,"setting hostname to ""authorMacBook-Pro.local""",exact,"setting hostname to ""authorMacBook-Pro.local""",1.0,"setting hostname to ""<*>""",0.4589,Unable to start NetBIOS name service:,0.3541,107.93,340
265,"CCDataTap::profileRemoved, Owner: <*>, Name: StateSnapshots",fuzzy,"CCLogTap::profileRemoved, Owner: <*>, Name: OneStats",0.7012,"CCLogTap::profileRemoved, Owner: <*>, Name: IO80211AWDLPeerManager",0.6687,CCFile::copyFile fileName is <*> source path<*> dest path<*>,0.5041,109.75,340
266,"<*>: scheduler_evaluate_activity told me to run this job; however, but the start time isn't for 20786 seconds. Ignoring.",partial,"<*>: scheduler_evaluate_activity told me to run this job; however, but the start time isn't for 978 seconds. Ignoring.",0.9879,"<*>: scheduler_evaluate_activity told me to run this job; however, but the start time isn't for <*> seconds. Ignoring.",0.9047,"<*>://DB05755C-483D-44B7-B93B-ED06E57FF420/CalDAVPrincipal/p11: scheduler_evaluate_activity told me to run this job; however, but the start time isn't for 59 seconds. Ignoring.",0.8818,107.91,340
267,AppleThunderboltGenericHAL::earlyWake - complete - took 1 milliseconds,exact,AppleThunderboltGenericHAL::earlyWake - complete - took <*> milliseconds,0.9978,AppleThunderboltNHIType2::prePCIWake - power up complete - took <*> us,0.6326,AppleThunderboltNHIType2::waitForOk2Go2Sx - retries = <*>,0.611,95.26,340
268,IOThunderboltSwitch<0>(0x0)::listenerCallback - Thunderbolt HPD packet for route = 0x0 port = 12 unplug = 0,exact,IOThunderboltSwitch<0>(0x0)::listenerCallback - Thunderbolt HPD packet for route = <*> port = <*> unplug = 0,0.9963,AppleThunderboltNHIType2::waitForOk2Go2Sx - intel_rp = 1 dlla_reporting_supported = 0,0.4202,[HID] [ATC] AppleDeviceManagementHIDEventService::processWakeReason Wake reason: Host (0x01),0.4127,95.77,340
269,"<*>: scheduler_evaluate_activity told me to run this job; however, but the start time isn't for 481541 seconds. Ignoring.",partial,"<*>: scheduler_evaluate_activity told me to run this job; however, but the start time isn't for 978 seconds. Ignoring.",0.9827,"<*>: scheduler_evaluate_activity told me to run this job; however, but the start time isn't for <*> seconds. Ignoring.",0.9064,"<*>://DB05755C-483D-44B7-B93B-ED06E57FF420/CalDAVPrincipal/p11: scheduler_evaluate_activity told me to run this job; however, but the start time isn't for 59 seconds. Ignoring.",0.8999,96.21,340
270,Thermal pressure state: 0 Memory pressure state: 0,exact,Thermal pressure state: <*> Memory pressure state: 0,0.9917,IOHibernatePollerOpen(0),0.2652,"Opened file /var/vm/sleepimage, size <*> extents 3, maxio <*> ssd 1",0.2491,103.69,340
271,AppleThunderboltNHIType2::prePCIWake - power up complete - took 1 us,exact,AppleThunderboltNHIType2::prePCIWake - power up complete - took <*> us,0.9983,AppleThunderboltGenericHAL::earlyWake - complete - took <*> milliseconds,0.6365,AppleThunderboltNHIType2::waitForOk2Go2Sx - retries = <*>,0.5369,95.4,340
272,"setting hostname to ""authorMacBook-Pro.local""",exact,"setting hostname to ""authorMacBook-Pro.local""",1.0,"setting hostname to ""<*>""",0.4589,Unable to start NetBIOS name service:,0.3541,103.45,340
273,IO80211AWDLPeerManager::setAwdlOperatingMode Setting the AWDL operation mode from AUTO to SUSPENDED,exact,IO80211AWDLPeerManager::setAwdlOperatingMode Setting the AWDL operation mode from <*> to <*>,0.9994,"IO80211AWDLPeerManager::setAwdlSuspendedMode() Suspending AWDL, enterQuietMode(true)",0.8906,IO80211AWDLPeerManager::setAwdlAutoMode Resuming AWDL,0.789,95.26,340
274,QQ(10018) deny mach-lookup <*>,exact,QQ(10018) deny mach-lookup com.apple.networking.captivenetworksupport<*>,1.0,Sandbox: QQ(10018) deny(1) mach-lookup com.apple.networking.captivenetworksupport<*>,0.8834,<*>(33056) deny network-outbound /private/var/run/mDNSResponder,0.3418,108.3,340
275,"<*>: scheduler_evaluate_activity told me to run this job; however, but the start time isn't for 479780 seconds. Ignoring.",exact,"<*>: scheduler_evaluate_activity told me to run this job; however, but the start time isn't for 978 seconds. Ignoring.",0.992,"<*>: scheduler_evaluate_activity told me to run this job; however, but the start time isn't for <*> seconds. Ignoring.",0.9078,"<*>://DB05755C-483D-44B7-B93B-ED06E57FF420/CalDAVPrincipal/p11: scheduler_evaluate_activity told me to run this job; however, but the start time isn't for 59 seconds. Ignoring.",0.8938,99.64,340
276,__73-[NetworkAnalyticsEngine observeValueForKeyPath:ofObject:change:context:]_block_invoke unexpected switch value 2,exact,__73-[NetworkAnalyticsEngine observeValueForKeyPath:ofObject:change:context:]_block_invoke unexpected switch value 2,1.0,-[NetworkAnalyticsEngine _writeJournalRecord:fromCellFingerprint:key:atLOI:ofKind:lqm:isFaulty:] Hashing of the primary key failed. Dropping the journal record.,0.5176,__42-[NETClientConnection evaluateCrazyIvan46]_block_invoke CI46 - Hit by torpedo! QQ.<*> tc<*> <*>,0.4314,108.55,340
277,nw_nat64_post_new_ifstate successfully changed NAT64 ifstate from 0x4 to 0x8000000000000000,exact,nw_nat64_post_new_ifstate successfully changed NAT64 ifstate from <*> to <*>,0.9997,en0::IO80211Interface::postMessage bssid changed,0.4405,host connection <NSXPCConnection: 0x7fddbbb015c0> connection from pid <*> invalidated,0.4224,107.34,340
278,Thermal pressure state: 0 Memory pressure state: 0,exact,Thermal pressure state: <*> Memory pressure state: 0,0.9933,IOHibernatePollerOpen(0),0.2652,"Opened file /var/vm/sleepimage, size <*> extents 3, maxio <*> ssd 1",0.2491,94.89,340
279,-[UABestAppSuggestionManager notifyBestAppChanged:type:options:bundleIdentifier:activityType:dynamicIdentifier:when:confidence:deviceName:deviceIdentifier:deviceType:] (null) UASuggestedActionType=0 (null)/(null) opts=(null) when=2017-07-07 16:09:36 +0000 confidence=1 from=(null)/(null) (UABestAppSuggestionManager.m #319),exact,-[UABestAppSuggestionManager notifyBestAppChanged:type:options:bundleIdentifier:activityType:dynamicIdentifier:when:confidence:deviceName:deviceIdentifier:deviceType:] (null) UASuggestedActionType=0 (null)/(null) opts=(null) when<*> <*> +0000 confidence=1 from=(null)/(null) (UABestAppSuggestionManager.m #319),0.9999,-[SFLListManager(ServiceReplyProtocol) notifyChanges:toListWithIdentifier:] Notified of item changes to list with identifier com.apple.LSSharedFileList.RecentApplications<*>,0.4634,[BluetoothHIDDeviceController] <*>,0.4353,101.17,340
280,"<*>: scheduler_evaluate_activity told me to run this job; however, but the start time isn't for 14028 seconds. Ignoring.",partial,"<*>: scheduler_evaluate_activity told me to run this job; however, but the start time isn't for 978 seconds. Ignoring.",0.9848,"<*>: scheduler_evaluate_activity told me to run this job; however, but the start time isn't for <*> seconds. Ignoring.",0.8981,"<*>://DB05755C-483D-44B7-B93B-ED06E57FF420/CalDAVPrincipal/p11: scheduler_evaluate_activity told me to run this job; however, but the start time isn't for 59 seconds. Ignoring.",0.8757,95.6,340
281,AppleCamIn::systemWakeCall - messageType = 0xE0000340,exact,AppleCamIn::systemWakeCall - messageType = <*>,0.9998,AppleCamIn::handleWakeEvent_gated,0.711,AppleCamIn::wakeEventHandlerThread,0.6906,104.08,340
282,"<*>: scheduler_evaluate_activity told me to run this job; however, but the start time isn't for 474773 seconds. Ignoring.",exact,"<*>: scheduler_evaluate_activity told me to run this job; however, but the start time isn't for 978 seconds. Ignoring.",0.991,"<*>: scheduler_evaluate_activity told me to run this job; however, but the start time isn't for <*> seconds. Ignoring.",0.9106,"<*>://DB05755C-483D-44B7-B93B-ED06E57FF420/CalDAVPrincipal/p11: scheduler_evaluate_activity told me to run this job; however, but the start time isn't for 59 seconds. Ignoring.",0.8948,95.18,340
283,"<*>: scheduler_evaluate_activity told me to run this job; however, but the start time isn't for 473935 seconds. Ignoring.",exact,"<*>: scheduler_evaluate_activity told me to run this job; however, but the start time isn't for 978 seconds. Ignoring.",0.9923,"<*>: scheduler_evaluate_activity told me to run this job; however, but the start time isn't for <*> seconds. Ignoring.",0.91,"<*>://DB05755C-483D-44B7-B93B-ED06E57FF420/CalDAVPrincipal/p11: scheduler_evaluate_activity told me to run this job; however, but the start time isn't for 59 seconds. Ignoring.",0.896,104.19,340
284,"<*>: scheduler_evaluate_activity told me to run this job; however, but the start time isn't for 11575 seconds. Ignoring.",partial,"<*>: scheduler_evaluate_activity told me to run this job; however, but the start time isn't for 978 seconds. Ignoring.",0.9838,"<*>: scheduler_evaluate_activity told me to run this job; however, but the start time isn't for <*> seconds. Ignoring.",0.9009,"<*>://DB05755C-483D-44B7-B93B-ED06E57FF420/CalDAVPrincipal/p11: scheduler_evaluate_activity told me to run this job; however, but the start time isn't for 59 seconds. Ignoring.",0.8868,104.41,340
285,ARPT: 764299.017125: wl0: MDNS: IPV6 Addr: 2607:f140:6000:8:9cb8:f7f2:7c03:f956,exact,ARPT: <*> wl0: MDNS: IPV6 Addr: <*>,0.993,ARPT: <*> wl0: MDNS: IPV6 Addr: fe<*>,0.9412,ARPT: <*> wl0: MDNS: IPV4 Addr: <*>,0.9021,96.27,340
286,"<*>: scheduler_evaluate_activity told me to run this job; however, but the start time isn't for 472301 seconds. Ignoring.",partial,"<*>: scheduler_evaluate_activity told me to run this job; however, but the start time isn't for 978 seconds. Ignoring.",0.9869,"<*>: scheduler_evaluate_activity told me to run this job; however, but the start time isn't for <*> seconds. Ignoring.",0.9139,"<*>://DB05755C-483D-44B7-B93B-ED06E57FF420/CalDAVPrincipal/p11: scheduler_evaluate_activity told me to run this job; however, but the start time isn't for 59 seconds. Ignoring.",0.8967,95.62,340
287,"<*>: scheduler_evaluate_activity told me to run this job; however, but the start time isn't for 845 seconds. Ignoring.",partial,"<*>: scheduler_evaluate_activity told me to run this job; however, but the start time isn't for 978 seconds. Ignoring.",0.9829,"<*>: scheduler_evaluate_activity told me to run this job; however, but the start time isn't for <*> seconds. Ignoring.",0.8936,"<*>://DB05755C-483D-44B7-B93B-ED06E57FF420/CalDAVPrincipal/p11: scheduler_evaluate_activity told me to run this job; however, but the start time isn't for 59 seconds. Ignoring.",0.8792,95.58,340
288,ARPT: 764361.057441: wl0: MDNS: IPV6 Addr: 2607:f140:6000:8:9cb8:f7f2:7c03:f956,exact,ARPT: <*> wl0: MDNS: IPV6 Addr: <*>,0.9902,ARPT: <*> wl0: MDNS: IPV6 Addr: fe<*>,0.9465,ARPT: <*> wl0: MDNS: IPV4 Addr: <*>,0.8987,96.26,340
289,"<*>: scheduler_evaluate_activity told me to run this job; however, but the start time isn't for 9959 seconds. Ignoring.",partial,"<*>: scheduler_evaluate_activity told me to run this job; however, but the start time isn't for 978 seconds. Ignoring.",0.982,"<*>: scheduler_evaluate_activity told me to run this job; however, but the start time isn't for <*> seconds. Ignoring.",0.9063,"<*>://DB05755C-483D-44B7-B93B-ED06E57FF420/CalDAVPrincipal/p11: scheduler_evaluate_activity told me to run this job; however, but the start time isn't for 59 seconds. Ignoring.",0.8895,95.63,340
290,AirPort: Link Up on awdl0,exact,AirPort: Link Up on awdl0,1.0,AirPort: Link Down on awdl0. Reason 1 (Unspecified).,0.8787,AirPort: Link Up on en0,0.8013,95.0,340
291,"<*>: scheduler_evaluate_activity told me to run this job; however, but the start time isn't for 10028 seconds. Ignoring.",partial,"<*>: scheduler_evaluate_activity told me to run this job; however, but the start time isn't for 978 seconds. Ignoring.",0.98,"<*>: scheduler_evaluate_activity told me to run this job; however, but the start time isn't for <*> seconds. Ignoring.",0.8873,"<*>://DB05755C-483D-44B7-B93B-ED06E57FF420/CalDAVPrincipal/p11: scheduler_evaluate_activity told me to run this job; however, but the start time isn't for 59 seconds. Ignoring.",0.8744,103.56,340
292,"ARPT: 764427.640542: wl0: setup_keepalive: Seq: 204730741, Ack: 2772623181, Win size: 4096",exact,ARPT: <*> wl0: setup_keepalive: Seq: <*> Ack: <*> Win size: <*>,0.9904,ARPT: <*> wl0: setup_keepalive: Local port: <*> Remote port: <*>,0.8349,ARPT: <*> wl0: setup_keepalive: Local IP: <*>,0.8304,107.68,340
293,AppleThunderboltGenericHAL::earlyWake - complete - took 0 milliseconds,exact,AppleThunderboltGenericHAL::earlyWake - complete - took <*> milliseconds,0.997,AppleThunderboltNHIType2::prePCIWake - power up complete - took <*> us,0.6448,AppleThunderboltNHIType2::waitForOk2Go2Sx - retries = <*>,0.6255,110.3,340
294,"RTC: Maintenance 2017/7/7 17:31:21, sleep 2017/7/7 17:18:49",exact,RTC: Maintenance <*> sleep <*>,0.9949,Wake reason: RTC (Alarm),0.5695,wake time set <*> s,0.4998,99.01,340
295,"<*>: scheduler_evaluate_activity told me to run this job; however, but the start time isn't for 9219 seconds. Ignoring.",partial,"<*>: scheduler_evaluate_activity told me to run this job; however, but the start time isn't for 978 seconds. Ignoring.",0.9856,"<*>: scheduler_evaluate_activity told me to run this job; however, but the start time isn't for <*> seconds. Ignoring.",0.9075,"<*>://DB05755C-483D-44B7-B93B-ED06E57FF420/CalDAVPrincipal/p11: scheduler_evaluate_activity told me to run this job; however, but the start time isn't for 59 seconds. Ignoring.",0.8868,99.93,340
296,RTC: PowerByCalendarDate setting ignored,exact,RTC: PowerByCalendarDate setting ignored,1.0,RTC: Maintenance <*> sleep <*>,0.4591,"ARPT: <*> IOPMPowerSource Information: onSleep, SleepType: Normal Sleep, 'ExternalConnected': <*> 'TimeRemaining': <*>",0.4314,95.29,340
297,############################## _getSysMsgList,exact,############################## _getSysMsgList,1.0,<*> ksfetch[32776/0x7fff79824000] [lvl=2] KSHelperReceiveAllData() KSHelperTool read <*> bytes from stdin.,0.2928,USBMSC Identifier (non-unique): <*> 3,0.2576,95.71,340
298,IOThunderboltSwitch<0>(0x0)::listenerCallback - Thunderbolt HPD packet for route = 0x0 port = 12 unplug = 0,exact,IOThunderboltSwitch<0>(0x0)::listenerCallback - Thunderbolt HPD packet for route = <*> port = <*> unplug = 0,0.9969,AppleThunderboltNHIType2::waitForOk2Go2Sx - intel_rp = 1 dlla_reporting_supported = 0,0.4202,[HID] [ATC] AppleDeviceManagementHIDEventService::processWakeReason Wake reason: Host (0x01),0.4127,95.85,340
299,en0: channel changed to 1,exact,en0: channel changed to 1,1.0,en0: channel changed to <*>,0.9008,en0: channel changed to 6,0.8919,104.95,340
300,Unrecognized XSSimpleTypeDefinition: OneOff,new,Unrecognized XSSimpleTypeDefinition: OneOff,1.0,,0.0,,0.0,102.62,341
301,DB Path: /Users/xpc/Library/Containers/<*>/Data/Documents/contents/916639562/QQ.db,new,DB Path: /Users/xpc/Library/Containers/<*>/Data/Documents/contents/916639562/QQ.db,1.0,,0.0,,0.0,96.47,342
302,Could not get event name for stream/token: <*>/4505: 132: Request for stale data,new,Could not get event name for stream/token: <*>/4505: 132: Request for stale data,1.0,,0.0,,0.0,96.99,343
303,2017-07-07 10:54:41.296 ksfetch[37925/0x7fff79824000] [lvl=2] KSHelperReceiveAllData() KSHelperTool read 1926 bytes from stdin.,exact,<*> ksfetch[32776/0x7fff79824000] [lvl=2] KSHelperReceiveAllData() KSHelperTool read <*> bytes from stdin.,0.991,<*> ksfetch[34604/0x7fff79824000] [lvl=2] main() ksfetch done fetching.,0.7216,<*> ksfetch[32435/0x7fff79824000] [lvl=2] main() ksfetch fetching URL (<NSMutableURLRequest: <*> { URL: https://<*>/service/update2?cup2hreq=53f725cf03f511fab16f19e789ce64aa1eed72395fc246e9f1100748325002f4&cup2key=7:1132320327 }) to folder:/tmp/KSOutOfProcessFetcher.YH2CjY1tnx/download,0.5642,99.16,343
304,2017-07-07 10:54:41.875 GoogleSoftwareUpdateAgent[37924/0x7000002a0000] [lvl=2] -[KSUpdateCheckAction performAction] KSUpdateCheckAction starting update check for ticket(s): {( <KSTicket:0x100365950 productID=<*> version=<*> xc=<KSPathExistenceChecker:0x10036e950 path=/Applications/Google Chrome.app> serverType=Omaha url=https://<*>/service/update2 creationDate=2017-02-18 15:41:18 tagPath=/Applications/Google Chrome.app/Contents/Info.plist tagKey=KSChannelID brandPath=/Users/xpc/Library/Google/Google Chrome Brand.plist brandKey=KSBrandID versionPath=/Applications/Google Chrome.app/Contents/Info.plist versionKey=KSVersion cohort=1:1y5: cohortName=Stable ticketVersion=1 > )} Using server: <KSOmahaServer:0x100243f20 engine=<KSUpdateEngine:0x1007161b0> >,partial,<*> GoogleSoftwareUpdateAgent[33847/0x7000002a0000] [lvl=2] -[KSUpdateCheckAction performAction] KSUpdateCheckAction starting update check for ticket(s): {( <KSTicket:0x10053b310 productID=<*> version=<*> xc=<KSPathExistenceChecker:0x10053ac30 path=/Users/xpc/Library/Google/GoogleSoftwareUpdate/GoogleSoftwareUpdate.bundle> url=https://<*>/service/update2 creationDate=2017-02-18 <*> ticketVersion=1 > )} Using server: <KSOmahaServer:0x100248090 engine=<KSUpdateEngine:0x1007249c0> >,0.8457,"<*> GoogleSoftwareUpdateAgent[32012/0x7000002a0000] [lvl=2] -[KSAgentApp updateProductWithProductID:usingEngine:] Checking for updates for ""<*>"" using engine <KSUpdateEngine:0x100313e70 ticketStore=<KSPersistentTicketStore:0x100332a60 store=<KSKeyedPersistentStore:0x100315fa0 path=""/Users/xpc/Library/Google/GoogleSoftwareUpdate/TicketStore/Keystone.ticketstore"" lockFile=<KSLockFile:0x1003176d0 path=""/Users/xpc/Library/Google/GoogleSoftwareUpdate/TicketStore/<*>"" locked=NO > >> processor=<KSActionProcessor:0x1003143e0 delegate=<KSUpdateEngine:0x100313e70> isProcessing=NO actionsCompleted=0 progress=0.00 errors=0 currentActionErrors=0 events=0 currentActionEvents=0 actionQueue=( ) > delegate=(null) serverInfoStore=<KSServerPrivateInfoStore:0x100311a10 path=""/Users/xpc/Library/Google/GoogleSoftwareUpdate/Servers""> errors=0 >",0.7886,"<*> GoogleSoftwareUpdateAgent[33263/0x700000323000] [lvl=2] -[KSAgentApp performSelfUpdateWithEngine:] Checking for self update with Engine: <KSUpdateEngine:0x10062de70 ticketStore=<KSPersistentTicketStore:0x1005206e0 store=<KSKeyedPersistentStore:0x1005282c0 path=""/Users/xpc/Library/Google/GoogleSoftwareUpdate/TicketStore/Keystone.ticketstore"" lockFile=<KSLockFile:0x100510480 path=""/Users/xpc/Library/Google/GoogleSoftwareUpdate/TicketStore/<*>"" locked=NO > >> processor=<KSActionProcessor:0x10062e060 delegate=<KSUpdateEngine:0x10062de70> isProcessing=NO actionsCompleted=0 progress=0.00 errors=0 currentActionErrors=0 events=0 currentActionEvents=0 actionQueue=( ) > delegate=(null) serverInfoStore=<KSServerPrivateInfoStore:0x10062d2d0 path=""/Users/xpc/Library/Google/GoogleSoftwareUpdate/Servers""> errors=0 >",0.7849,115.32,343
305,Location icon should now be in state 'Inactive',exact,Location icon should now be in state 'Inactive',1.0,Location icon should now be in state 'Active',0.9243,Error returned from iconservicesagent: (null),0.4138,104.07,343
306,send_datagram_available_ping: pid 445 failed to act on a ping it dequeued before timing out.,exact,send_datagram_available_ping: pid 445 failed to act on a ping it dequeued before timing out.,1.0,tcp_connection_destination_perform_socket_connect <*> connectx to <*>:143@0 failed: [50] Network is down,0.4827,"arp_client_transmit(en0) failed, Network is down (50)",0.4595,96.44,343
307,"NETWORK: requery, 0, 0, 0, 0, 294, items, fQueryRetries, 0, fLastRetryTimestamp, 521144227.4",exact,"NETWORK: requery, 0, 0, 0, 0, <*> items, fQueryRetries, 0, fLastRetryTimestamp, <*>",0.9958,"NETWORK: no response from server, reachability, 2, queryRetries, <*>",0.5481,-[NetworkAnalyticsEngine _writeJournalRecord:fromCellFingerprint:key:atLOI:ofKind:lqm:isFaulty:] Hashing of the primary key failed. Dropping the journal record.,0.401,96.92,343
308,Error in CoreDragRemoveTrackingHandler: -1856,partial,Error in CoreDragRemoveReceiveHandler: -1856,0.9219,CCFile::copyFile fileName is <*> source path<*> dest path<*>,0.4313,<*> FigAgglomeratorSetObjectForKey signalled err=-16020 (kFigStringConformerError_ParamErr) (NULL key) at /Library/Caches/<*>/Sources/CoreMedia/<*>/Prototypes/LegibleOutput/FigAgglomerator.c line 92,0.4108,95.96,343
309,"Path not allowed in target domain: type = pid, path = /System/Library/StagedFrameworks/Safari/SafariShared.framework/Versions/A/XPCServices/<*>/Contents/MacOS/<*> error = 147: The specified service did not ship in the requestor's bundle, origin = /System/Library/StagedFrameworks/Safari/WebKit.framework/Versions/A/XPCServices/<*>",exact,"Path not allowed in target domain: type = pid, path = /System/Library/StagedFrameworks/Safari/SafariShared.framework/Versions/A/XPCServices/<*>/Contents/MacOS/<*> error = 147: The specified service did not ship in the requestor's bundle, origin = /System/Library/StagedFrameworks/Safari/WebKit.framework/Versions/A/XPCServices/<*>",1.0,"securityd_xpc_dictionary_handler cloudd[326] copy_matching Error Domain=NSOSStatusErrorDomain Code=-50 ""query missing class name"" (paramErr: error in user parameter list) UserInfo={NSDescription=query missing class name}",0.4209,"PBRequester failed with Error Error Domain=NSURLErrorDomain Code=-1001 ""The request timed out."" UserInfo<*> {Error Domain=kCFErrorDomainCFNetwork Code=-1001 ""The request timed out."" UserInfo<*> NSErrorFailingURLKey<*> _kCFStreamErrorCodeKey=-2102, _kCFStreamErrorDomainKey=4, NSLocalizedDescription=The request timed out.}}, NSErrorFailingURLStringKey<*> NSErrorFailingURLKey<*> _kCFStreamErrorDomainKey=4, _kCFStreamErrorCodeKey=-2102, NSLocalizedDescription=The request timed out.}",0.4104,100.8,343
310,[11:48:06.869] FigAgglomeratorSetObjectForKey signalled err=-16020 (kFigStringConformerError_ParamErr) (NULL key) at /Library/Caches/<*>/Sources/CoreMedia/<*>/Prototypes/LegibleOutput/FigAgglomerator.c line 92,exact,<*> FigAgglomeratorSetObjectForKey signalled err=-16020 (kFigStringConformerError_ParamErr) (NULL key) at /Library/Caches/<*>/Sources/CoreMedia/<*>/Prototypes/LegibleOutput/FigAgglomerator.c line 92,0.9993,<*> itemasync_SetProperty signalled err=-12785 (kFigBaseObjectError_Invalidated) (invalidated) at /Library/Caches/<*>/Sources/CoreMedia/<*>/Prototypes/Player/FigPlayer_Async.c line <*>,0.5819,<*> itemasync_CopyProperty signalled err=-12785 (kFigBaseObjectError_Invalidated) (invalidated) at /Library/Caches/<*>/Sources/CoreMedia/<*>/Prototypes/Player/FigPlayer_Async.c line <*>,0.5277,99.39,343
311,"Path not allowed in target domain: type = pid, path = /System/Library/StagedFrameworks/Safari/SafariShared.framework/Versions/A/XPCServices/<*>/Contents/MacOS/<*> error = 147: The specified service did not ship in the requestor's bundle, origin = /System/Library/StagedFrameworks/Safari/WebKit.framework/Versions/A/XPCServices/<*>",exact,"Path not allowed in target domain: type = pid, path = /System/Library/StagedFrameworks/Safari/SafariShared.framework/Versions/A/XPCServices/<*>/Contents/MacOS/<*> error = 147: The specified service did not ship in the requestor's bundle, origin = /System/Library/StagedFrameworks/Safari/WebKit.framework/Versions/A/XPCServices/<*>",1.0,"securityd_xpc_dictionary_handler cloudd[326] copy_matching Error Domain=NSOSStatusErrorDomain Code=-50 ""query missing class name"" (paramErr: error in user parameter list) UserInfo={NSDescription=query missing class name}",0.4209,"PBRequester failed with Error Error Domain=NSURLErrorDomain Code=-1001 ""The request timed out."" UserInfo<*> {Error Domain=kCFErrorDomainCFNetwork Code=-1001 ""The request timed out."" UserInfo<*> NSErrorFailingURLKey<*> _kCFStreamErrorCodeKey=-2102, _kCFStreamErrorDomainKey=4, NSLocalizedDescription=The request timed out.}}, NSErrorFailingURLStringKey<*> NSErrorFailingURLKey<*> _kCFStreamErrorDomainKey=4, _kCFStreamErrorCodeKey=-2102, NSLocalizedDescription=The request timed out.}",0.4104,100.27,343
312,Location icon should now be in state 'Active',exact,Location icon should now be in state 'Active',1.0,Location icon should now be in state 'Inactive',0.9243,Error returned from iconservicesagent: (null),0.4088,104.01,343
313,"Service ""<*>"" tried to hijack endpoint ""<*>"" from owner: <*>",exact,"Service ""<*>"" tried to hijack endpoint ""<*>"" from owner: com.apple.SystemUIServer.agent<*>",1.0,Service exited with abnormal code: 1,0.5965,ARPT: <*> wl0: setup_keepalive: Local IP: <*>,0.446,95.97,343
314,Location icon should now be in state 'Active',exact,Location icon should now be in state 'Active',1.0,Location icon should now be in state 'Inactive',0.9243,Error returned from iconservicesagent: (null),0.4088,95.68,343
315,"ARPT: 770226.223664: IOPMPowerSource Information: onWake, SleepType: Normal Sleep, 'ExternalConnected': Yes, 'TimeRemaining': 0,",partial,"ARPT: <*> IOPMPowerSource Information: onSleep, SleepType: Normal Sleep, 'ExternalConnected': <*> 'TimeRemaining': <*>",0.9798,ARPT: <*> AirPort_Brcm43xx::powerChange: System Sleep,0.609,"IO80211AWDLPeerManager::setAwdlSuspendedMode() Suspending AWDL, enterQuietMode(true)",0.5569,96.29,343
316,Session 101800 destroyed,fuzzy,Session <*> created,0.7209,"hibernate_teardown: wired_pages <*> free_pages <*> active_pages <*> inactive_pages 0, speculative_pages 0, cleaned_pages 0, compressor_pages 112",0.4116,hibernate_teardown completed - discarded <*>,0.4111,95.63,343
317,Error returned from iconservicesagent: (null),exact,Error returned from iconservicesagent: (null),1.0,Service exited with abnormal code: 1,0.4885,Location icon should now be in state 'Inactive',0.4138,96.76,343
318,Error returned from iconservicesagent: (null),exact,Error returned from iconservicesagent: (null),1.0,Service exited with abnormal code: 1,0.4885,Location icon should now be in state 'Inactive',0.4138,96.57,343
319,send_datagram_available_ping: pid 445 failed to act on a ping it dequeued before timing out.,exact,send_datagram_available_ping: pid 445 failed to act on a ping it dequeued before timing out.,1.0,tcp_connection_destination_perform_socket_connect <*> connectx to <*>:143@0 failed: [50] Network is down,0.4827,"arp_client_transmit(en0) failed, Network is down (50)",0.4595,104.38,343
320,-[ISGenerateImageOp generateImageWithCompletion:] Failed to composit image for descriptor <ISBindingImageDescriptor: 0x7f995070be80>.,exact,-[ISGenerateImageOp generateImageWithCompletion:] Failed to composit image for descriptor <ISBindingImageDescriptor: <*>,0.9991,<*> FigAgglomeratorSetObjectForKey signalled err=-16020 (kFigStringConformerError_ParamErr) (NULL key) at /Library/Caches/<*>/Sources/CoreMedia/<*>/Prototypes/LegibleOutput/FigAgglomerator.c line 92,0.4661,Error returned from iconservicesagent: (null),0.3811,101.5,343
321,Error returned from iconservicesagent: (null),exact,Error returned from iconservicesagent: (null),1.0,Service exited with abnormal code: 1,0.4885,Location icon should now be in state 'Inactive',0.4138,114.68,343
322,-[ISGenerateImageOp generateImageWithCompletion:] Failed to composit image for descriptor <ISBindingImageDescriptor: 0x7f995060a270>.,exact,-[ISGenerateImageOp generateImageWithCompletion:] Failed to composit image for descriptor <ISBindingImageDescriptor: <*>,0.9993,<*> FigAgglomeratorSetObjectForKey signalled err=-16020 (kFigStringConformerError_ParamErr) (NULL key) at /Library/Caches/<*>/Sources/CoreMedia/<*>/Prototypes/LegibleOutput/FigAgglomerator.c line 92,0.471,<IMMacNotificationCenterManager: 0x7ff1b2d17980>: NC Disabled: NO,0.3841,112.49,343
323,AppleCamIn::systemWakeCall - messageType = 0xE0000340,exact,AppleCamIn::systemWakeCall - messageType = <*>,0.9998,AppleCamIn::handleWakeEvent_gated,0.711,AppleCamIn::wakeEventHandlerThread,0.6906,112.22,343
324,TBT W (2): 0x0040 [x],exact,TBT W (2): <*> [x],1.0,ARPT: <*> framerdy <*> bmccmd <*> framecnt <*>,0.3888,ARPT: <*> wl0: setup_keepalive: Seq: <*> Ack: <*> Win size: <*>,0.387,96.17,343
325,AppleCamIn::handleWakeEvent_gated,exact,AppleCamIn::handleWakeEvent_gated,1.0,AppleCamIn::wakeEventHandlerThread,0.7262,AppleCamIn::systemWakeCall - messageType = <*>,0.7096,99.09,343
326,-[SOAPParser:0x7f84bad89660 parser:didStartElement:namespaceURI:qualifiedName:attributes:] Type not found in EWSItemType for ExchangePersonIdGuid (t:ExchangePersonIdGuid),exact,-[SOAPParser:0x7fc7025b2810 parser:didStartElement:namespaceURI:qualifiedName:attributes:] Type not found in EWSItemType for ExchangePersonIdGuid (t:ExchangePersonIdGuid),0.9973,-[SOAPParser:0x7f82b1f24e50 parser:didStartElement:namespaceURI:qualifiedName:attributes:] Type not found in EWSItemType for ExchangePersonIdGuid (t:ExchangePersonIdGuid),0.9969,Unrecognized XSSimpleTypeDefinition: OneOff,0.4017,97.22,343
327,<IMMacNotificationCenterManager: 0x7fdcc9d16380>: NC Disabled: NO,exact,<IMMacNotificationCenterManager: 0x7ff1b2d17980>: NC Disabled: NO,0.9927,"<IMMacNotificationCenterManager: <*> Updating enabled: <*> (Topics: ( <*> ""<*>"", ""<*>"", ""<*>"", ""<*>"", ""<*>"", ""<*>"", ""<*>"", ""<*>"", ""<*>"", ""<*>"", ""<*>"", ""<*>"", ""<*>"", ""<*>"", ""<*>"" ))",0.7671,<IMMacNotificationCenterManager: <*> DND Enabled: <*>,0.7383,95.77,343
328,in6_unlink_ifa: IPv6 address 0x77c911453a6dbcdb has no prefix,partial,in6_unlink_ifa: IPv6 address <*> has no prefix,0.9712,ARPT: <*> wl0: MDNS: IPV6 Addr: fe<*>,0.5313,ARPT: <*> wl0: MDNS: IPV6 Addr: <*>,0.5163,99.77,343
329,ARPT: 770518.944345: framerdy 0x0 bmccmd 3 framecnt 1024,partial,ARPT: <*> framerdy <*> bmccmd <*> framecnt <*>,0.9751,ARPT: <*> framerdy <*> bmccmd 3 framecnt <*>,0.9423,ARPT: <*> AirPort_Brcm43xx::platformWoWEnable: WWEN<*>,0.5736,95.21,343
330,Received Capture Event,exact,Received Capture Event,1.0,CCFile::captureLog Received Capture notice id: <*> reason = AuthFail:sts:5_rsn:0,0.5143,CCFile::captureLog Received Capture notice id: <*> reason = RoamFail:sts:1_rsn:1,0.4903,97.7,343
331,"CCFile::copyFile fileName is [2017-07-07_12,24,25.108710]-io80211Family-007.pcapng, source path:/var/log/CoreCapture/<*>/IO80211AWDLPeerManager//[2017-07-07_12,24,25.108710]-io80211Family-007.pcapng, dest path:/Library/Logs/CrashReporter/CoreCapture/<*>/[2017-07-07_12,24,29.298901]=AuthFail:sts:5_rsn:0/IO80211AWDLPeerManager//[2017-07-07_12,24,25.108710]-io80211Family-007.pcapng",partial,CCFile::copyFile fileName is <*> source path<*> dest path<*>,0.879,doSaveChannels@286: Will write to: <*> - AuthFail:sts:5_rsn:0.xml,0.6706,"doSaveChannels@286: Will write to: /Library/Logs/CrashReporter/CoreCapture/IOReporters/[2017-07-05_14,04,24.831957] - AssocFail:sts:5_rsn:0.xml",0.6452,108.77,343
332,ARPT: 770597.394609: AQM agg params 0xfc0 maxlen hi/lo 0x0 0xffff minlen 0x0 adjlen 0x0,exact,ARPT: <*> AQM agg params <*> maxlen hi/lo <*> minlen <*> adjlen <*>,0.9914,ARPT: <*> AQM agg results <*> len hi/lo: <*> BAbitmap(0-3) 0 0 0 0,0.7688,ARPT: <*> wl0: setup_keepalive: Seq: <*> Ack: <*> Win size: <*>,0.5738,96.17,343
333,CCFile::captureLog,exact,CCFile::captureLog,1.0,CCFile::captureLogRun() Exiting CCFile::captureLogRun,0.8574,CCFile::captureLog Received Capture notice id: <*> reason = AuthFail:sts:5_rsn:0,0.7923,95.81,343
334,"CCFile::captureLogRun Skipping current file Dir file [2017-07-07_12,24,31.376032]-AirPortBrcm4360_Logs-011.txt, Current File [2017-07-07_12,24,31.376032]-AirPortBrcm4360_Logs-011.txt",partial,CCFile::captureLogRun Skipping current file Dir file <*> Current File <*>,0.9211,CCFile::captureLog,0.7409,CCFile::captureLogRun() Exiting CCFile::captureLogRun,0.7197,98.14,343
335,CCFile::captureLogRun() Exiting CCFile::captureLogRun,exact,CCFile::captureLogRun() Exiting CCFile::captureLogRun,1.0,CCFile::captureLog,0.8574,CCFile::captureLogRun Skipping current file Dir file <*> Current File <*>,0.7898,94.95,343
336,CCFile::captureLog,exact,CCFile::captureLog,1.0,CCFile::captureLogRun() Exiting CCFile::captureLogRun,0.8574,CCFile::captureLog Received Capture notice id: <*> reason = AuthFail:sts:5_rsn:0,0.7923,98.76,343
337,ARPT: 770602.528852: AirPort_Brcm43xx::platformWoWEnable: WWEN[enable],partial,ARPT: <*> AirPort_Brcm43xx::platformWoWEnable: WWEN<*>,0.9806,ARPT: <*> AirPort_Brcm43xx::platformWoWEnable: WWEN[disable],0.9284,ARPT: <*> AirPort_Brcm43xx::syncPowerState: WWEN[enabled],0.9167,99.88,343
338,TBT W (2): 0x0040 [x],exact,TBT W (2): <*> [x],1.0,ARPT: <*> wl0: setup_keepalive: Seq: <*> Ack: <*> Win size: <*>,0.387,ARPT: <*> framerdy <*> bmccmd <*> framecnt <*>,0.3836,95.38,343
339,ARPT: 770605.092581: ARPT: Wake Reason: Wake on Scan offload,partial,ARPT: <*> ARPT: Wake Reason: Wake on Scan offload,0.989,ARPT: <*> ARPT: Wake Reason: Wake on TCP Timeout,0.7497,Wake reason: ARPT (Network),0.6824,95.98,343
340,AppleCamIn::handleWakeEvent_gated,exact,AppleCamIn::handleWakeEvent_gated,1.0,AppleCamIn::wakeEventHandlerThread,0.7262,AppleCamIn::systemWakeCall - messageType = <*>,0.7096,95.38,343
341,IO80211AWDLPeerManager::setAwdlOperatingMode Setting the AWDL operation mode from AUTO to SUSPENDED,exact,IO80211AWDLPeerManager::setAwdlOperatingMode Setting the AWDL operation mode from <*> to <*>,0.9996,"IO80211AWDLPeerManager::setAwdlSuspendedMode() Suspending AWDL, enterQuietMode(true)",0.8906,IO80211AWDLPeerManager::setAwdlAutoMode Resuming AWDL,0.789,95.07,343
342,IO80211AWDLPeerManager::setAwdlAutoMode Resuming AWDL,exact,IO80211AWDLPeerManager::setAwdlAutoMode Resuming AWDL,1.0,IO80211AWDLPeerManager::setAwdlOperatingMode Setting the AWDL operation mode from <*> to <*>,0.7917,"IO80211AWDLPeerManager::setAwdlSuspendedMode() Suspending AWDL, enterQuietMode(true)",0.7902,99.19,343
343,CCIOReporterFormatter::addRegistryChildToChannelDictionary streams 7,exact,CCIOReporterFormatter::addRegistryChildToChannelDictionary streams 7,1.0,CCIOReporterFormatter::refreshSubscriptionsFromStreamRegistry clearing out any previous subscriptions,0.5591,CCXPCService::setStreamEventHandler Registered for notification callback.,0.4331,95.03,343
344,"doSaveChannels@286: Will write to: /Library/Logs/CrashReporter/CoreCapture/IOReporters/[2017-07-07_13,38,22.072050] - AssocFail:sts:2_rsn:0.xml",exact,"doSaveChannels@286: Will write to: /Library/Logs/CrashReporter/CoreCapture/IOReporters/[2017-07-05_14,04,24.831957] - AssocFail:sts:5_rsn:0.xml",0.9941,doSaveChannels@286: Will write to: <*> - AuthFail:sts:5_rsn:0.xml,0.9288,CCFile::copyFile fileName is <*> source path<*> dest path<*>,0.6899,97.32,343
345,"CCFile::captureLogRun Skipping current file Dir file [2017-07-07_13,38,23.338868]-AirPortBrcm4360_Logs-013.txt, Current File [2017-07-07_13,38,23.338868]-AirPortBrcm4360_Logs-013.txt",partial,CCFile::captureLogRun Skipping current file Dir file <*> Current File <*>,0.9423,CCFile::captureLog,0.7475,CCFile::captureLogRun() Exiting CCFile::captureLogRun,0.729,97.93,343
346,CCIOReporterFormatter::addRegistryChildToChannelDictionary streams 7,exact,CCIOReporterFormatter::addRegistryChildToChannelDictionary streams 7,1.0,CCIOReporterFormatter::refreshSubscriptionsFromStreamRegistry clearing out any previous subscriptions,0.5591,CCXPCService::setStreamEventHandler Registered for notification callback.,0.4331,114.09,343
347,"CCFile::captureLog Received Capture notice id: 1499459904.126805, reason = AuthFail:sts:5_rsn:0",exact,CCFile::captureLog Received Capture notice id: <*> reason = AuthFail:sts:5_rsn:0,0.9987,CCFile::captureLog Received Capture notice id: <*> reason = RoamFail:sts:1_rsn:1,0.9087,CCFile::captureLog,0.7804,114.5,343
348,"CCFile::captureLogRun Skipping current file Dir file [2017-07-07_13,38,24.371339]-CCIOReporter-019.xml, Current File [2017-07-07_13,38,24.371339]-CCIOReporter-019.xml",partial,CCFile::captureLogRun Skipping current file Dir file <*> Current File <*>,0.9498,CCFile::captureLogRun() Exiting CCFile::captureLogRun,0.7838,CCFile::captureLog,0.7513,102.8,343
349,-[NETClientConnection evaluateCrazyIvan46] CI46 - Perform CrazyIvan46! NeteaseMusic.17988 tc12042 <*>:80,partial,__42-[NETClientConnection evaluateCrazyIvan46]_block_invoke CI46 - Hit by torpedo! NeteaseMusic.17988 <*> <*>:80,0.8124,-[NETClientConnection evaluateCrazyIvan46] CI46 - Perform CrazyIvan46! QQ.<*> tc<*> <*>:80,0.7922,__42-[NETClientConnection evaluateCrazyIvan46]_block_invoke CI46 - Hit by torpedo! QQ.<*> tc<*> <*>,0.6477,109.76,343
350,<*>(38132) deny network-outbound /private/var/run/mDNSResponder,partial,<*>(36461) deny network-outbound /private/var/run/mDNSResponder,0.9828,<*>(36332) deny network-outbound /private/var/run/mDNSResponder,0.9827,<*>(33562) deny network-outbound /private/var/run/mDNSResponder,0.9822,105.15,343
351,Bluetooth -- LE is supported - Disable LE meta event,exact,Bluetooth -- LE is supported - Disable LE meta event,1.0,[BluetoothHIDDeviceController] <*>,0.5072,[IOBluetoothFamily][staticBluetoothTransportShowsUp] -- Received Bluetooth Controller register service notification -- <*>,0.4377,104.31,343
352,-[NETClientConnection effectiveBundleID] using process name CalendarAgent as bundle ID (this is expected for daemons without bundle ID,exact,-[NETClientConnection effectiveBundleID] using process name CalendarAgent as bundle ID (this is expected for daemons without bundle ID,1.0,-[NETClientConnection effectiveBundleID] using process name apsd as bundle ID (this is expected for daemons without bundle ID,0.7785,Daemon connection invalidated!,0.3935,96.32,343
353,CCFile::captureLog,exact,CCFile::captureLog,1.0,CCFile::captureLogRun() Exiting CCFile::captureLogRun,0.8574,CCFile::captureLog Received Capture notice id: <*> reason = AuthFail:sts:5_rsn:0,0.7917,95.96,343
354,Received Capture Event,exact,Received Capture Event,1.0,CCFile::captureLog Received Capture notice id: <*> reason = AuthFail:sts:5_rsn:0,0.5142,CCFile::captureLog Received Capture notice id: <*> reason = RoamFail:sts:1_rsn:1,0.4903,96.2,343
355,CCFile::captureLog,exact,CCFile::captureLog,1.0,CCFile::captureLogRun() Exiting CCFile::captureLogRun,0.8574,CCFile::captureLog Received Capture notice id: <*> reason = AuthFail:sts:5_rsn:0,0.7917,104.59,343
356,"CCFile::captureLogRun Skipping current file Dir file [2017-07-07_13,40,35.857095]-AirPortBrcm4360_Logs-022.txt, Current File [2017-07-07_13,40,35.857095]-AirPortBrcm4360_Logs-022.txt",partial,CCFile::captureLogRun Skipping current file Dir file <*> Current File <*>,0.9395,CCFile::captureLog,0.7372,CCFile::captureLogRun() Exiting CCFile::captureLogRun,0.712,99.2,343
357,"CCFile::captureLogRun Skipping current file Dir file [2017-07-07_13,40,35.961495]-io80211Family-023.pcapng, Current File [2017-07-07_13,40,35.961495]-io80211Family-023.pcapng",partial,CCFile::captureLogRun Skipping current file Dir file <*> Current File <*>,0.947,CCFile::captureLogRun() Exiting CCFile::captureLogRun,0.7458,CCFile::captureLog,0.7355,99.69,343
358,ARPT: 770712.519828: framerdy 0x0 bmccmd 3 framecnt 1024,partial,ARPT: <*> framerdy <*> bmccmd <*> framecnt <*>,0.9895,ARPT: <*> framerdy <*> bmccmd 3 framecnt <*>,0.9494,ARPT: <*> AirPort_Brcm43xx::platformWoWEnable: WWEN<*>,0.5809,95.84,343
359,"CCFile::captureLog Received Capture notice id: 1499460036.519390, reason = AuthFail:sts:5_rsn:0",exact,CCFile::captureLog Received Capture notice id: <*> reason = AuthFail:sts:5_rsn:0,0.999,CCFile::captureLog Received Capture notice id: <*> reason = RoamFail:sts:1_rsn:1,0.9072,CCFile::captureLog,0.79,96.19,343
360,"CCFile::copyFile fileName is [2017-07-07_13,40,37.052249]-io80211Family-031.pcapng, source path:/var/log/CoreCapture/<*>/IO80211AWDLPeerManager//[2017-07-07_13,40,37.052249]-io80211Family-031.pcapng, dest path:/Library/Logs/CrashReporter/CoreCapture/<*>/[2017-07-07_13,40,37.192896]=AuthFail:sts:5_rsn:0/IO80211AWDLPeerManager//[2017-07-07_13,40,37.052249]-io80211Family-031.pcapng",partial,CCFile::copyFile fileName is <*> source path<*> dest path<*>,0.903,doSaveChannels@286: Will write to: <*> - AuthFail:sts:5_rsn:0.xml,0.6626,"doSaveChannels@286: Will write to: /Library/Logs/CrashReporter/CoreCapture/IOReporters/[2017-07-05_14,04,24.831957] - AssocFail:sts:5_rsn:0.xml",0.6346,109.89,343
361,CCIOReporterFormatter::refreshSubscriptionsFromStreamRegistry clearing out any previous subscriptions,exact,CCIOReporterFormatter::refreshSubscriptionsFromStreamRegistry clearing out any previous subscriptions,1.0,CCIOReporterFormatter::addRegistryChildToChannelDictionary streams 7,0.5591,CCXPCService::setStreamEventHandler Registered for notification callback.,0.4475,103.19,343
362,"doSaveChannels@286: Will write to: /Library/Logs/CrashReporter/CoreCapture/IOReporters/[2017-07-07_13,40,35.959475] - AuthFail:sts:5_rsn:0.xml",exact,doSaveChannels@286: Will write to: <*> - AuthFail:sts:5_rsn:0.xml,0.9991,"doSaveChannels@286: Will write to: /Library/Logs/CrashReporter/CoreCapture/IOReporters/[2017-07-05_14,04,24.831957] - AssocFail:sts:5_rsn:0.xml",0.9326,CCFile::copyFile fileName is <*> source path<*> dest path<*>,0.7319,101.99,343
363,nw_nat64_post_new_ifstate successfully changed NAT64 ifstate from 0x4 to 0x8000000000000000,exact,nw_nat64_post_new_ifstate successfully changed NAT64 ifstate from <*> to <*>,0.9998,en0::IO80211Interface::postMessage bssid changed,0.4405,host connection <NSXPCConnection: 0x7fddbbb015c0> connection from pid <*> invalidated,0.4224,104.28,343
364,############################## _getSysMsgList,exact,############################## _getSysMsgList,1.0,<*> ksfetch[32776/0x7fff79824000] [lvl=2] KSHelperReceiveAllData() KSHelperTool read <*> bytes from stdin.,0.2943,USBMSC Identifier (non-unique): <*> 3,0.2576,97.1,343
365,TBT W (2): 0x0040 [x],exact,TBT W (2): <*> [x],1.0,ARPT: <*> wl0: setup_keepalive: Seq: <*> Ack: <*> Win size: <*>,0.387,ARPT: <*> framerdy <*> bmccmd <*> framecnt <*>,0.3816,100.43,343
366,nw_nat64_post_new_ifstate successfully changed NAT64 ifstate from 0x8000000000000000 to 0x4,exact,nw_nat64_post_new_ifstate successfully changed NAT64 ifstate from <*> to <*>,0.9995,en0::IO80211Interface::postMessage bssid changed,0.4332,host connection <NSXPCConnection: 0x7fddbbb015c0> connection from pid <*> invalidated,0.4181,111.5,343
367,ARPT: 770772.533370: AQM agg params 0xfc0 maxlen hi/lo 0x0 0xffff minlen 0x0 adjlen 0x0,exact,ARPT: <*> AQM agg params <*> maxlen hi/lo <*> minlen <*> adjlen <*>,0.9919,ARPT: <*> AQM agg results <*> len hi/lo: <*> BAbitmap(0-3) 0 0 0 0,0.7593,ARPT: <*> wl0: setup_keepalive: Seq: <*> Ack: <*> Win size: <*>,0.5723,101.52,343
368,-[NETClientConnection effectiveBundleID] using process name apsd as bundle ID (this is expected for daemons without bundle ID,exact,-[NETClientConnection effectiveBundleID] using process name apsd as bundle ID (this is expected for daemons without bundle ID,1.0,-[NETClientConnection effectiveBundleID] using process name CalendarAgent as bundle ID (this is expected for daemons without bundle ID,0.7785,Daemon connection invalidated!,0.4278,100.9,343
369,Captive: CNPluginHandler en0: Authenticated,exact,Captive: CNPluginHandler en0: Authenticated,1.0,Captive: CNPluginHandler en0: Evaluating,0.8861,Captive: CNPluginHandler en0: Inactive,0.8645,102.83,343
370,network changed: v4(en0+:<*>) v6(en0:2607:f140:6000:8:c6b3:1ff:fecd:467f) DNS! Proxy SMB,exact,network changed: <*> DNS<*> Proxy SMB,0.9984,network changed: v4(en0!:<*>) DNS+ Proxy+ SMB,0.9231,network changed: v4(en0-:<*>) v6(en0-:2607:f140:6000:8:c6b3:1ff:fecd:467f) DNS- Proxy-,0.8778,97.51,343
371,ARPT: 770786.961436: AQM agg params 0xfc0 maxlen hi/lo 0x0 0xffff minlen 0x0 adjlen 0x0,exact,ARPT: <*> AQM agg params <*> maxlen hi/lo <*> minlen <*> adjlen <*>,0.9935,ARPT: <*> AQM agg results <*> len hi/lo: <*> BAbitmap(0-3) 0 0 0 0,0.7711,ARPT: <*> wl0: setup_keepalive: Seq: <*> Ack: <*> Win size: <*>,0.5458,96.51,343
372,CCFile::captureLog,exact,CCFile::captureLog,1.0,CCFile::captureLogRun() Exiting CCFile::captureLogRun,0.8574,CCFile::captureLog Received Capture notice id: <*> reason = AuthFail:sts:5_rsn:0,0.7916,97.14,343
373,"CCFile::captureLogRun Skipping current file Dir file [2017-07-07_13,42,34.831310]-AirPortBrcm4360_Logs-041.txt, Current File [2017-07-07_13,42,34.831310]-AirPortBrcm4360_Logs-041.txt",partial,CCFile::captureLogRun Skipping current file Dir file <*> Current File <*>,0.946,CCFile::captureLog,0.7411,CCFile::captureLogRun() Exiting CCFile::captureLogRun,0.7187,99.27,343
374,ARPT: 770798.478026: framerdy 0x0 bmccmd 3 framecnt 1024,exact,ARPT: <*> framerdy <*> bmccmd <*> framecnt <*>,0.9911,ARPT: <*> framerdy <*> bmccmd 3 framecnt <*>,0.9501,ARPT: <*> AirPort_Brcm43xx::platformWoWEnable: WWEN<*>,0.5803,96.12,343
375,ARPT: 770802.879782: wlc_dump_aggfifo:,partial,ARPT: <*> wlc_dump_aggfifo:,0.9859,ARPT: <*> wl0: setup_keepalive: Seq: <*> Ack: <*> Win size: <*>,0.5799,ARPT: <*> wl0: wl_update_tcpkeep_seq: Original Seq: <*> Ack: <*> Win size: <*>,0.5721,95.82,343
376,Received Capture Event,exact,Received Capture Event,1.0,CCFile::captureLog Received Capture notice id: <*> reason = AuthFail:sts:5_rsn:0,0.5143,CCFile::captureLog Received Capture notice id: <*> reason = RoamFail:sts:1_rsn:1,0.4903,96.01,343
377,CCFile::captureLog,exact,CCFile::captureLog,1.0,CCFile::captureLogRun() Exiting CCFile::captureLogRun,0.8574,CCFile::captureLog Received Capture notice id: <*> reason = AuthFail:sts:5_rsn:0,0.7916,95.85,343
378,AppleThunderboltGenericHAL::earlyWake - complete - took 0 milliseconds,exact,AppleThunderboltGenericHAL::earlyWake - complete - took <*> milliseconds,0.9978,AppleThunderboltNHIType2::prePCIWake - power up complete - took <*> us,0.6448,AppleThunderboltNHIType2::waitForOk2Go2Sx - retries = <*>,0.6255,106.82,343
379,ARPT: 770812.035971: AirPort_Brcm43xx::powerChange: System Wake - Full Wake/ Dark Wake / Maintenance wake,partial,ARPT: <*> AirPort_Brcm43xx::powerChange: System Wake - Full Wake/ Dark Wake / Maintenance wake,0.9892,ARPT: <*> AirPort_Brcm43xx::powerChange: System Sleep,0.8759,ARPT: <*> AirPort_Brcm43xx::syncPowerState: WWEN[enabled],0.7247,97.79,343
380,Saw change in network reachability (isReachable=2),exact,Saw change in network reachability <*>,0.9904,"NETWORK: no response from server, reachability, 2, queryRetries, <*>",0.5231,"network_reachability_changed : network is not reachable, netbiosd is shutting down",0.504,95.54,343
381,dnssd_clientstub ConnectToServer: connect()-> No of tries: 1,exact,dnssd_clientstub ConnectToServer: connect()-> No of tries: <*>,0.9993,dnssd_clientstub ConnectToServer: connect() failed path:/var/run/mDNSResponder Socket:4 Err:-1 Errno:1 Operation not permitted,0.8397,[0701/114930:WARNING:dns_config_service_posix.cc(306)] Failed to read DnsConfig.,0.5315,95.32,343
382,__73-[NetworkAnalyticsEngine observeValueForKeyPath:ofObject:change:context:]_block_invoke unexpected switch value 2,exact,__73-[NetworkAnalyticsEngine observeValueForKeyPath:ofObject:change:context:]_block_invoke unexpected switch value 2,1.0,-[NetworkAnalyticsEngine _writeJournalRecord:fromCellFingerprint:key:atLOI:ofKind:lqm:isFaulty:] Hashing of the primary key failed. Dropping the journal record.,0.5176,__42-[NETClientConnection evaluateCrazyIvan46]_block_invoke CI46 - Hit by torpedo! QQ.<*> tc<*> <*>,0.4314,95.04,343
383,-[NETClientConnection effectiveBundleID] using process name CalendarAgent as bundle ID (this is expected for daemons without bundle ID,exact,-[NETClientConnection effectiveBundleID] using process name CalendarAgent as bundle ID (this is expected for daemons without bundle ID,1.0,-[NETClientConnection effectiveBundleID] using process name apsd as bundle ID (this is expected for daemons without bundle ID,0.7785,Daemon connection invalidated!,0.3935,95.03,343
384,AppleThunderboltNHIType2::prePCIWake - power up complete - took 1 us,exact,AppleThunderboltNHIType2::prePCIWake - power up complete - took <*> us,0.9987,AppleThunderboltGenericHAL::earlyWake - complete - took <*> milliseconds,0.6385,AppleThunderboltNHIType2::waitForOk2Go2Sx - retries = <*>,0.5369,98.86,343
385,AppleCamIn::handleWakeEvent_gated,exact,AppleCamIn::handleWakeEvent_gated,1.0,AppleCamIn::wakeEventHandlerThread,0.7262,AppleCamIn::systemWakeCall - messageType = <*>,0.7096,96.46,343
386,<*>(38179) deny network-outbound /private/var/run/mDNSResponder,exact,<*>(36461) deny network-outbound /private/var/run/mDNSResponder,0.9933,<*>(36332) deny network-outbound /private/var/run/mDNSResponder,0.9904,<*>(33562) deny network-outbound /private/var/run/mDNSResponder,0.99,96.46,343
387,[14:07:21.190] <<<< Boss >>>> figPlaybackBossPrerollCompleted: unexpected preroll-complete notification,exact,<*> <<<< Boss >>>> figPlaybackBossPrerollCompleted: unexpected preroll-complete notification,0.9915,<*> FigAgglomeratorSetObjectForKey signalled err=-16020 (kFigStringConformerError_ParamErr) (NULL key) at /Library/Caches/<*>/Sources/CoreMedia/<*>/Prototypes/LegibleOutput/FigAgglomerator.c line 92,0.4125,-_continuousScroll is deprecated for NSScrollWheel. Please use -hasPreciseScrollingDeltas.,0.4115,96.49,343
388,"SecOSStatusWith error:[-50] Error Domain=NSOSStatusErrorDomain Code=-50 ""query missing class name"" (paramErr: error in user parameter list) UserInfo={NSDescription=query missing class name}",exact,"SecOSStatusWith error:[-50] Error Domain=NSOSStatusErrorDomain Code=-50 ""query missing class name"" (paramErr: error in user parameter list) UserInfo={NSDescription=query missing class name}",1.0,"securityd_xpc_dictionary_handler cloudd[326] copy_matching Error Domain=NSOSStatusErrorDomain Code=-50 ""query missing class name"" (paramErr: error in user parameter list) UserInfo={NSDescription=query missing class name}",0.7506,"[Accounts] Current connection, <NSXPCConnection: 0x7fda74805bf0> connection from pid 487, doesn't have account access.",0.4702,97.59,343
389,"Service ""<*>"" tried to hijack endpoint ""<*>"" from owner: <*>",exact,"Service ""<*>"" tried to hijack endpoint ""<*>"" from owner: com.apple.SystemUIServer.agent<*>",1.0,Service exited with abnormal code: 1,0.5965,ARPT: <*> wl0: setup_keepalive: Local IP: <*>,0.446,95.93,343
390,ASL Sender Statistics,exact,ASL Sender Statistics,1.0,"Configuration Notice: ASL Module ""<*>"" claims selected messages. Those messages may not appear in standard system log files or in the ASL database.",0.3624,Received Capture Event,0.2999,95.93,343
391,in6_unlink_ifa: IPv6 address 0x77c911454f15210b has no prefix,exact,in6_unlink_ifa: IPv6 address <*> has no prefix,0.9916,ARPT: <*> wl0: MDNS: IPV6 Addr: <*>,0.5233,ARPT: <*> wl0: MDNS: IPV6 Addr: fe<*>,0.5053,95.97,343
392,"ARPT: 771388.849884: wl0: setup_keepalive: interval 900, retry_interval 30, retry_count 10",exact,"ARPT: <*> wl0: setup_keepalive: interval <*> retry_interval 30, retry_count 10",0.9919,ARPT: <*> wl0: setup_keepalive: Local port: <*> Remote port: <*>,0.7804,ARPT: <*> wl0: setup_keepalive: Seq: <*> Ack: <*> Win size: <*>,0.7681,96.53,343
393,ASL Sender Statistics,exact,ASL Sender Statistics,1.0,"Configuration Notice: ASL Module ""<*>"" claims selected messages. Those messages may not appear in standard system log files or in the ASL database.",0.3624,Received Capture Event,0.2999,104.47,343
394,Previous sleep cause: 5,exact,Previous sleep cause: 5,1.0,Wake reason: ?,0.4756,Wake reason: EC.SleepTimer (SleepTimer),0.4608,95.67,343
395,ARPT: 771393.363637: AirPort_Brcm43xx::powerChange: System Wake - Full Wake/ Dark Wake / Maintenance wake,exact,ARPT: <*> AirPort_Brcm43xx::powerChange: System Wake - Full Wake/ Dark Wake / Maintenance wake,0.9936,ARPT: <*> AirPort_Brcm43xx::powerChange: System Sleep,0.8786,ARPT: <*> AirPort_Brcm43xx::syncPowerState: WWEN[enabled],0.7347,96.21,343
396,ARPT: 771456.438849: AirPort_Brcm43xx::platformWoWEnable: WWEN[disable],exact,ARPT: <*> AirPort_Brcm43xx::platformWoWEnable: WWEN<*>,0.9908,ARPT: <*> AirPort_Brcm43xx::platformWoWEnable: WWEN[disable],0.9595,ARPT: <*> AirPort_Brcm43xx::syncPowerState: WWEN[enabled],0.8992,95.8,343
397,ARPT: 771516.615152: AirPort_Brcm43xx::platformWoWEnable: WWEN[disable],partial,ARPT: <*> AirPort_Brcm43xx::platformWoWEnable: WWEN<*>,0.9849,ARPT: <*> AirPort_Brcm43xx::platformWoWEnable: WWEN[disable],0.9544,ARPT: <*> AirPort_Brcm43xx::syncPowerState: WWEN[enabled],0.8915,95.86,343
398,<*>(38210) deny network-outbound /private/var/run/mDNSResponder,partial,<*>(36332) deny network-outbound /private/var/run/mDNSResponder,0.9725,<*>(36227) deny network-outbound /private/var/run/mDNSResponder,0.9704,<*>(36461) deny network-outbound /private/var/run/mDNSResponder,0.9661,96.29,343
399,<*>(38210) deny network-outbound /private/var/run/mDNSResponder,partial,<*>(36332) deny network-outbound /private/var/run/mDNSResponder,0.9797,<*>(36227) deny network-outbound /private/var/run/mDNSResponder,0.9704,<*>(36461) deny network-outbound /private/var/run/mDNSResponder,0.9661,104.78,343
400,AirPort: Link Down on awdl0. Reason 1 (Unspecified).,exact,AirPort: Link Down on awdl0. Reason 1 (Unspecified).,1.0,AirPort: Link Up on awdl0,0.8787,AirPort: Link Down on en0. Reason 8 (Disassociated because station leaving).,0.7418,95.87,343
401,IOThunderboltSwitch<0>(0x0)::listenerCallback - Thunderbolt HPD packet for route = 0x0 port = 11 unplug = 0,exact,IOThunderboltSwitch<0>(0x0)::listenerCallback - Thunderbolt HPD packet for route = <*> port = <*> unplug = 0,0.9974,AppleThunderboltNHIType2::waitForOk2Go2Sx - intel_rp = 1 dlla_reporting_supported = 0,0.4178,[HID] [ATC] AppleDeviceManagementHIDEventService::processWakeReason Wake reason: Host (0x01),0.4163,96.76,343
402,ASL Sender Statistics,exact,ASL Sender Statistics,1.0,"Configuration Notice: ASL Module ""<*>"" claims selected messages. Those messages may not appear in standard system log files or in the ASL database.",0.3624,Received Capture Event,0.2999,96.44,343
403,"ARPT: 771631.938256: IOPMPowerSource Information: onSleep, SleepType: Normal Sleep, 'ExternalConnected': No, 'TimeRemaining': 9235,",partial,"ARPT: <*> IOPMPowerSource Information: onSleep, SleepType: Normal Sleep, 'ExternalConnected': <*> 'TimeRemaining': <*>",0.9872,ARPT: <*> AirPort_Brcm43xx::powerChange: System Sleep,0.6946,ARPT: <*> AirPort_Brcm43xx::powerChange: System Wake - Full Wake/ Dark Wake / Maintenance wake,0.6262,97.39,343
404,AppleCamIn::wakeEventHandlerThread,exact,AppleCamIn::wakeEventHandlerThread,1.0,AppleCamIn::handleWakeEvent_gated,0.7262,AppleCamIn::systemWakeCall - messageType = <*>,0.6907,97.87,343
405,en0: channel changed to 1,exact,en0: channel changed to 1,1.0,en0: channel changed to <*>,0.9008,en0: channel changed to 6,0.8919,100.54,343
406,-[NetworkAnalyticsEngine _writeJournalRecord:fromCellFingerprint:key:atLOI:ofKind:lqm:isFaulty:] Hashing of the primary key failed. Dropping the journal record.,exact,-[NetworkAnalyticsEngine _writeJournalRecord:fromCellFingerprint:key:atLOI:ofKind:lqm:isFaulty:] Hashing of the primary key failed. Dropping the journal record.,1.0,__73-[NetworkAnalyticsEngine observeValueForKeyPath:ofObject:change:context:]_block_invoke unexpected switch value 2,0.5176,doSaveChannels@286: Will write to: <*> - AuthFail:sts:5_rsn:0.xml,0.4277,97.67,343
407,"Setting BTCoex Config: enable_2G:1, profile_2g:0, enable_5G:1, profile_5G:0",exact,"Setting BTCoex Config: enable_2G:1, profile_2g:0, enable_5G:1, profile_5G:0",1.0,<*> : BTLE scanning started,0.4234,<*> : BTLE scanning stopped,0.4075,96.44,343
408,tcp_connection_handle_connect_conditions_bad 25340 failed: 3 - No network route,partial,tcp_connection_handle_connect_conditions_bad <*> failed: 3 - No network route,0.8849,tcp_connection_destination_perform_socket_connect <*> connectx to <*>:143@0 failed: [50] Network is down,0.5841,tcp_connection_destination_perform_socket_connect <*> connectx to <*>:8080@0 failed: [51] Network is unreachable,0.5824,104.62,343
409,Unable to start NetBIOS name service:,exact,Unable to start NetBIOS name service:,1.0,"network_reachability_changed : network is not reachable, netbiosd is shutting down",0.6338,Internal name did not resolve to internal address!,0.3858,95.8,343
410,-[NETClientConnection evaluateCrazyIvan46] CI46 - Perform CrazyIvan46! QQ.10018 tc25354 <*>:80,partial,-[NETClientConnection evaluateCrazyIvan46] CI46 - Perform CrazyIvan46! QQ.<*> tc<*> <*>:80,0.9863,__42-[NETClientConnection evaluateCrazyIvan46]_block_invoke CI46 - Hit by torpedo! QQ.<*> tc<*> <*>,0.7766,__42-[NETClientConnection evaluateCrazyIvan46]_block_invoke CI46 - Hit by torpedo! NeteaseMusic.17988 <*> <*>:80,0.7034,96.57,343
411,"ARPT: 771663.085756: wl0: Roamed or switched channel, reason #8, bssid 00:a6:ca:db:93:cc, last RSSI -60",partial,"ARPT: <*> wl0: Roamed or switched channel, reason #8, bssid 5c:50:15:4c:18:13, last RSSI -64",0.9813,ARPT: <*> wl0: wl_update_tcpkeep_seq: Original Seq: <*> Ack: <*> Win size: <*>,0.6665,ARPT: <*> wl0: leaveModulePoweredForOffloads: Wi-Fi will stay on.,0.6287,96.99,343
412,Captive: CNPluginHandler en0: Inactive,exact,Captive: CNPluginHandler en0: Inactive,1.0,Captive: CNPluginHandler en0: Authenticated,0.8645,Captive: CNPluginHandler en0: Evaluating,0.8611,96.79,343
413,en0: BSSID changed to 0c:68:03:d6:c5:1c,partial,en0: BSSID changed to 64:d9:89:6b:b5:33,0.9317,en0: BSSID changed to <*>,0.9258,en0::IO80211Interface::postMessage bssid changed,0.6644,105.29,343
414,AppleCamIn::handleWakeEvent_gated,exact,AppleCamIn::handleWakeEvent_gated,1.0,AppleCamIn::wakeEventHandlerThread,0.7262,AppleCamIn::systemWakeCall - messageType = <*>,0.7096,97.34,343
415,"PBRequester failed with Error Error Domain=NSURLErrorDomain Code=-1009 ""The Internet connection appears to be offline."" UserInfo={NSUnderlyingError=0x7fb7f0035dc0 {Error Domain=kCFErrorDomainCFNetwork Code=-1009 ""The Internet connection appears to be offline."" UserInfo={NSErrorFailingURLStringKey=https://<*>/clls/wloc, NSErrorFailingURLKey=https://<*>/clls/wloc, _kCFStreamErrorCodeKey=8, _kCFStreamErrorDomainKey=12, NSLocalizedDescription=The Internet connection appears to be offline.}}, NSErrorFailingURLStringKey=https://<*>/clls/wloc, NSErrorFailingURLKey=https://<*>/clls/wloc, _kCFStreamErrorDomainKey=12, _kCFStreamErrorCodeKey=8, NSLocalizedDescription=The Internet connection appears to be offline.}",partial,"PBRequester failed with Error Error Domain=NSURLErrorDomain Code=-1009 ""The Internet connection appears to be offline."" UserInfo<*> {Error Domain=kCFErrorDomainCFNetwork Code=-1009 ""The Internet connection appears to be offline."" UserInfo={NSErrorFailingURLStringKey=https://<*>/dispatcher.arpc, NSErrorFailingURLKey=https://<*>/dispatcher.arpc, _kCFStreamErrorCodeKey=8, _kCFStreamErrorDomainKey=12, NSLocalizedDescription=The Internet connection appears to be offline.}}, NSErrorFailingURLStringKey=https://<*>/dispatcher.arpc, NSErrorFailingURLKey=https://<*>/dispatcher.arpc, _kCFStreamErrorDomainKey=12, _kCFStreamErrorCodeKey=8, NSLocalizedDescription=The Internet connection appears to be offline.}",0.943,"PBRequester failed with Error Error Domain=NSURLErrorDomain Code=-1001 ""The request timed out."" UserInfo<*> {Error Domain=kCFErrorDomainCFNetwork Code=-1001 ""The request timed out."" UserInfo<*> NSErrorFailingURLKey<*> _kCFStreamErrorCodeKey=-2102, _kCFStreamErrorDomainKey=4, NSLocalizedDescription=The request timed out.}}, NSErrorFailingURLStringKey<*> NSErrorFailingURLKey<*> _kCFStreamErrorDomainKey=4, _kCFStreamErrorCodeKey=-2102, NSLocalizedDescription=The request timed out.}",0.8942,"[CardDAVPlugin-ERROR] -getPrincipalInfo:[_controller supportsRequestCompressionAtURL:https://13957525385%40163.com@<*>/874161398/principal/] Error Domain=NSURLErrorDomain Code=-1009 ""The Internet connection appears to be offline."" UserInfo={NSUnderlyingError=0x7f8de0c0dc70 {Error Domain=kCFErrorDomainCFNetwork Code=-1009 ""The Internet connection appears to be offline."" UserInfo={NSErrorFailingURLStringKey=https://13957525385%40163.com@<*>/874161398/principal/, NSErrorFailingURLKey=https://13957525385%40163.com@<*>/874161398/principal/, _kCFStreamErrorCodeKey=8, _kCFStreamErrorDomainKey=12, NSLocalizedDescription=The Internet connection appears to be offline.}}, NSErrorFailingURLStringKey=https://13957525385%40163.com@<*>/874161398/principal/, NSErrorFailingURLKey=https://13957525385%40163.com@<*>/874161398/principal/, _kCFStreamErrorDomainKey=12, _kCFStreamErrorCodeKey=8, NSLocalizedDescription=The Internet connection appears to be offline.}",0.7686,114.17,343
416,"CCFile::copyFile fileName is [2017-07-07_16,24,11.442212]-AirPortBrcm4360_Logs-001.txt, source path:/var/log/CoreCapture/<*>/DriverLogs//[2017-07-07_16,24,11.442212]-AirPortBrcm4360_Logs-001.txt, dest path:/Library/Logs/CrashReporter/CoreCapture/<*>/[2017-07-07_16,24,11.124183]=AssocFail:sts:2_rsn:0/DriverLogs//[2017-07-07_16,24,11.442212]-AirPortBrcm4360_Logs-001.txt",partial,CCFile::copyFile fileName is <*> source path<*> dest path<*>,0.8162,CCFile::captureLogRun Skipping current file Dir file <*> Current File <*>,0.6507,CCFile::captureLog Received Capture notice id: <*> reason = AuthFail:sts:5_rsn:0,0.6179,107.05,343
417,CCIOReporterFormatter::refreshSubscriptionsFromStreamRegistry clearing out any previous subscriptions,exact,CCIOReporterFormatter::refreshSubscriptionsFromStreamRegistry clearing out any previous subscriptions,1.0,CCIOReporterFormatter::addRegistryChildToChannelDictionary streams 7,0.5591,CCXPCService::setStreamEventHandler Registered for notification callback.,0.4475,96.64,343
418,"CCFile::captureLog Received Capture notice id: 1499469856.145137, reason = AssocFail:sts:2_rsn:0",partial,CCFile::captureLog Received Capture notice id: <*> reason = AuthFail:sts:5_rsn:0,0.9685,CCFile::captureLog Received Capture notice id: <*> reason = RoamFail:sts:1_rsn:1,0.9184,CCFile::captureLog,0.7983,96.82,343
419,CCIOReporterFormatter::refreshSubscriptionsFromStreamRegistry clearing out any previous subscriptions,exact,CCIOReporterFormatter::refreshSubscriptionsFromStreamRegistry clearing out any previous subscriptions,1.0,CCIOReporterFormatter::addRegistryChildToChannelDictionary streams 7,0.5591,CCXPCService::setStreamEventHandler Registered for notification callback.,0.4475,96.84,343
420,Received Capture Event,exact,Received Capture Event,1.0,CCFile::captureLog Received Capture notice id: <*> reason = AuthFail:sts:5_rsn:0,0.5157,CCFile::captureLog Received Capture notice id: <*> reason = RoamFail:sts:1_rsn:1,0.4903,100.06,343
421,-[NETClientConnection effectiveBundleID] using process name apsd as bundle ID (this is expected for daemons without bundle ID,exact,-[NETClientConnection effectiveBundleID] using process name apsd as bundle ID (this is expected for daemons without bundle ID,1.0,-[NETClientConnection effectiveBundleID] using process name CalendarAgent as bundle ID (this is expected for daemons without bundle ID,0.7785,Daemon connection invalidated!,0.4278,101.56,343
422,############################## _getSysMsgList,exact,############################## _getSysMsgList,1.0,<*> ksfetch[32776/0x7fff79824000] [lvl=2] KSHelperReceiveAllData() KSHelperTool read <*> bytes from stdin.,0.2943,USBMSC Identifier (non-unique): <*> 3,0.2576,96.85,343
423,dnssd_clientstub ConnectToServer: connect()-> No of tries: 3,exact,dnssd_clientstub ConnectToServer: connect()-> No of tries: <*>,0.9982,dnssd_clientstub ConnectToServer: connect() failed path:/var/run/mDNSResponder Socket:4 Err:-1 Errno:1 Operation not permitted,0.8418,[0701/114930:WARNING:dns_config_service_posix.cc(306)] Failed to read DnsConfig.,0.546,95.96,343
424,CGXDisplayDidWakeNotification [771797848593539]: posting kCGSDisplayDidWake,exact,CGXDisplayDidWakeNotification <*> posting kCGSDisplayDidWake,0.9919,<*> ksfetch[35863/0x7fff79824000] [lvl=2] main() Fetcher received a request: <NSMutableURLRequest: <*> { URL: https://<*>/service/update2?cup2hreq=a7873a51b1cb55518e420d20dff47d463781ed3f7aa83c3153129eefb148070b&cup2key=7:2501762722 },0.4802,<*> ksfetch[32435/0x7fff79824000] [lvl=2] main() ksfetch fetching URL (<NSMutableURLRequest: <*> { URL: https://<*>/service/update2?cup2hreq=53f725cf03f511fab16f19e789ce64aa1eed72395fc246e9f1100748325002f4&cup2key=7:1132320327 }) to folder:/tmp/KSOutOfProcessFetcher.YH2CjY1tnx/download,0.4756,96.01,343
425,dnssd_clientstub ConnectToServer: connect()-> No of tries: 3,exact,dnssd_clientstub ConnectToServer: connect()-> No of tries: <*>,0.9986,dnssd_clientstub ConnectToServer: connect() failed path:/var/run/mDNSResponder Socket:4 Err:-1 Errno:1 Operation not permitted,0.8418,[0701/114930:WARNING:dns_config_service_posix.cc(306)] Failed to read DnsConfig.,0.546,96.25,343
426,Location icon should now be in state 'Inactive',exact,Location icon should now be in state 'Inactive',1.0,Location icon should now be in state 'Active',0.9243,Error returned from iconservicesagent: (null),0.4138,104.16,343
427,Session 102106 destroyed,partial,Session <*> created,0.8378,hibernate_teardown completed - discarded <*>,0.4461,"hibernate_teardown: wired_pages <*> free_pages <*> active_pages <*> inactive_pages 0, speculative_pages 0, cleaned_pages 0, compressor_pages 112",0.4069,104.18,343
428,[16:57:09.235] <<<< Boss >>>> figPlaybackBossPrerollCompleted: unexpected preroll-complete notification,exact,<*> <<<< Boss >>>> figPlaybackBossPrerollCompleted: unexpected preroll-complete notification,0.9957,<*> FigAgglomeratorSetObjectForKey signalled err=-16020 (kFigStringConformerError_ParamErr) (NULL key) at /Library/Caches/<*>/Sources/CoreMedia/<*>/Prototypes/LegibleOutput/FigAgglomerator.c line 92,0.4149,-_continuousScroll is deprecated for NSScrollWheel. Please use -hasPreciseScrollingDeltas.,0.4072,95.87,343
429,KeychainGetICDPStatus: keychain: -25300,exact,KeychainGetICDPStatus: keychain: <*>,1.0,KeychainGetICDPStatus: status: off,0.7885,CGXDisplayDidWakeNotification <*> posting kCGSDisplayDidWake,0.39,98.96,343
430,"Path not allowed in target domain: type = pid, path = /System/Library/StagedFrameworks/Safari/SafariShared.framework/Versions/A/XPCServices/<*>/Contents/MacOS/<*> error = 147: The specified service did not ship in the requestor's bundle, origin = /System/Library/StagedFrameworks/Safari/WebKit.framework/Versions/A/XPCServices/<*>",exact,"Path not allowed in target domain: type = pid, path = /System/Library/StagedFrameworks/Safari/SafariShared.framework/Versions/A/XPCServices/<*>/Contents/MacOS/<*> error = 147: The specified service did not ship in the requestor's bundle, origin = /System/Library/StagedFrameworks/Safari/WebKit.framework/Versions/A/XPCServices/<*>",1.0,"securityd_xpc_dictionary_handler cloudd[326] copy_matching Error Domain=NSOSStatusErrorDomain Code=-50 ""query missing class name"" (paramErr: error in user parameter list) UserInfo={NSDescription=query missing class name}",0.4209,"PBRequester failed with Error Error Domain=NSURLErrorDomain Code=-1001 ""The request timed out."" UserInfo<*> {Error Domain=kCFErrorDomainCFNetwork Code=-1001 ""The request timed out."" UserInfo<*> NSErrorFailingURLKey<*> _kCFStreamErrorCodeKey=-2102, _kCFStreamErrorDomainKey=4, NSLocalizedDescription=The request timed out.}}, NSErrorFailingURLStringKey<*> NSErrorFailingURLKey<*> _kCFStreamErrorDomainKey=4, _kCFStreamErrorCodeKey=-2102, NSLocalizedDescription=The request timed out.}",0.4104,100.92,343
431,send_datagram_available_ping: pid 445 failed to act on a ping it dequeued before timing out.,exact,send_datagram_available_ping: pid 445 failed to act on a ping it dequeued before timing out.,1.0,tcp_connection_destination_perform_socket_connect <*> connectx to <*>:143@0 failed: [50] Network is down,0.4827,"arp_client_transmit(en0) failed, Network is down (50)",0.4595,96.05,343
432,Sandbox: QuickLookSatelli(38418) deny(1) mach-lookup <*>,fuzzy,Sandbox: QQ(10018) deny(1) mach-lookup com.apple.networking.captivenetworksupport<*>,0.746,QQ(10018) deny mach-lookup com.apple.networking.captivenetworksupport<*>,0.5987,Sandbox: SpotlightNetHelp(352) deny(1) ipc-posix-shm-read-data CFPBS:186A7:,0.5019,95.65,343
433,"nw_path_evaluator_start_helper_connection net_helper_path_evaluation_start failed, dumping backtrace: [x86_64] <*> 0 libsystem_network.dylib 0x00007fff92fabde9 __nw_create_backtrace_string + 123 1 libsystem_network.dylib 0x00007fff92fc289f nw_path_evaluator_start_helper_connection + 196 2 libdispatch.dylib 0x00007fff980fa93d _dispatch_call_block_and_release + 12 3 libdispatch.dylib 0x00007fff980ef40b _dispatch_client_callout + 8 4 libdispatch.dylib 0x00007fff980f403b _dispatch_queue_drain + 754 5 libdispatch.dylib 0x00007fff980fa707 _dispatch_queue_invoke + 549 6 libdispatch.dylib 0x00007fff980f2d53 _dispatch_root_queue_drain + 538 7 libdispatch.dylib 0x00007fff980f2b00 _dispatch_worker_thread3 + 91 8 libsystem_pthread.dylib 0x00007fff8ebc44de _pthread_wqthread + 1129 9 libsystem_pthread.dylib 0x00007fff8ebc2341 start_wqthread + 13",new,"nw_path_evaluator_start_helper_connection net_helper_path_evaluation_start failed, dumping backtrace: [x86_64] libnetcore<*> 0 libsystem_network.dylib 0x00007fff92fabde9 __nw_create_backtrace_string + 123 1 libsystem_network.dylib 0x00007fff92fc289f nw_path_evaluator_start_helper_connection + 196 2 libdispatch.dylib 0x00007fff980fa93d _dispatch_call_block_and_release + 12 3 libdispatch.dylib 0x00007fff980ef40b _dispatch_client_callout + 8 4 libdispatch.dylib 0x00007fff980f403b _dispatch_queue_drain + 754 5 libdispatch.dylib 0x00007fff980fa707 _dispatch_queue_invoke + 549 6 libdispatch.dylib 0x00007fff980f2d53 _dispatch_root_queue_drain + 538 7 libdispatch.dylib 0x00007fff980f2b00 _dispatch_worker_thread3 + 91 8 libsystem_pthread.dylib 0x00007fff8ebc44de _pthread_wqthread + <*> 9 libsystem_pthread.dylib 0x00007fff8ebc2341 start_wqthread + 13",1.0,,0.0,,0.0,114.5,344
434,KeychainGetICDPStatus: status: off,exact,KeychainGetICDPStatus: status: off,1.0,KeychainGetICDPStatus: keychain: <*>,0.7885,"<*> GoogleSoftwareUpdateAgent[31702/0x7000002a0000] [lvl=2] -[KSAgentApp(KeystoneThread) runKeystonesInThreadWithArg:] Checking with local engine: <KSUpdateEngine:0x100259c60 ticketStore=<KSPersistentTicketStore:0x100253770 store=<KSKeyedPersistentStore:0x100254d10 path=""/Users/xpc/Library/Google/GoogleSoftwareUpdate/TicketStore/Keystone.ticketstore"" lockFile=<KSLockFile:0x100254d80 path=""/Users/xpc/Library/Google/GoogleSoftwareUpdate/TicketStore/<*>"" locked=NO > >> processor=<KSActionProcessor:0x100259e70 delegate=<KSUpdateEngine:0x100259c60> isProcessing=NO actionsCompleted=0 progress=0.00 errors=0 currentActionErrors=0 events=0 currentActionEvents=0 actionQueue=( ) > delegate=(null) serverInfoStore=<KSServerPrivateInfoStore:0x1002594d0 path=""/Users/xpc/Library/Google/GoogleSoftwareUpdate/Servers""> errors=0 >",0.4231,146.47,344
435,"CoreAnimation: warning, deleted thread with uncommitted CATransaction; set CA_DEBUG_TRANSACTIONS=1 in environment to log backtraces.",new,"CoreAnimation: warning, deleted thread with uncommitted CATransaction; set CA_DEBUG_TRANSACTIONS=1 in environment to log backtraces.",1.0,,0.0,,0.0,188.27,345
436,RTC: PowerByCalendarDate setting ignored,exact,RTC: PowerByCalendarDate setting ignored,1.0,RTC: Maintenance <*> sleep <*>,0.4591,"ARPT: <*> IOPMPowerSource Information: onSleep, SleepType: Normal Sleep, 'ExternalConnected': <*> 'TimeRemaining': <*>",0.4325,186.15,345
437,IOThunderboltSwitch<0>(0x0)::listenerCallback - Thunderbolt HPD packet for route = 0x0 port = 12 unplug = 0,exact,IOThunderboltSwitch<0>(0x0)::listenerCallback - Thunderbolt HPD packet for route = <*> port = <*> unplug = 0,0.997,AppleThunderboltNHIType2::waitForOk2Go2Sx - intel_rp = 1 dlla_reporting_supported = 0,0.4202,[HID] [ATC] AppleDeviceManagementHIDEventService::processWakeReason Wake reason: Host (0x01),0.4127,188.5,345
438,Sandbox: <*>(38449) deny(1) network-outbound /private/var/run/mDNSResponder,exact,Sandbox: com.apple.Addres<*> deny(1) network-outbound /private/var/run/mDNSResponder,0.9967,<*>(36461) deny network-outbound /private/var/run/mDNSResponder,0.9048,<*>(36332) deny network-outbound /private/var/run/mDNSResponder,0.9028,187.83,345
439,AppleCamIn::systemWakeCall - messageType = 0xE0000340,exact,AppleCamIn::systemWakeCall - messageType = <*>,0.9999,AppleCamIn::handleWakeEvent_gated,0.711,AppleCamIn::wakeEventHandlerThread,0.6906,187.45,345
440,en0: channel changed to 1,exact,en0: channel changed to 1,1.0,en0: channel changed to <*>,0.9008,en0: channel changed to 6,0.8919,185.83,345
441,[HID] [ATC] AppleDeviceManagementHIDEventService::processWakeReason Wake reason: Host (0x01),exact,[HID] [ATC] AppleDeviceManagementHIDEventService::processWakeReason Wake reason: Host (0x01),1.0,[HID] [ATC] [Error] AppleDeviceManagementHIDEventService::start Could not make a string from out connection notification key,0.7673,[HID] [MT] AppleMultitouchDevice::start entered,0.5978,187.34,345
442,Saw change in network reachability (isReachable=0),partial,Saw change in network reachability <*>,0.985,"NETWORK: no response from server, reachability, 2, queryRetries, <*>",0.5258,"network_reachability_changed : network is not reachable, netbiosd is shutting down",0.5204,186.12,345
443,CCFile::captureLogRun() Exiting CCFile::captureLogRun,exact,CCFile::captureLogRun() Exiting CCFile::captureLogRun,1.0,CCFile::captureLog,0.8574,CCFile::captureLogRun Skipping current file Dir file <*> Current File <*>,0.7862,186.29,345
444,"<*>: scheduler_evaluate_activity told me to run this job; however, but the start time isn't for 40 seconds. Ignoring.",partial,"<*>: scheduler_evaluate_activity told me to run this job; however, but the start time isn't for 978 seconds. Ignoring.",0.9693,"<*>: scheduler_evaluate_activity told me to run this job; however, but the start time isn't for <*> seconds. Ignoring.",0.8824,"<*>://DB05755C-483D-44B7-B93B-ED06E57FF420/CalDAVPrincipal/p11: scheduler_evaluate_activity told me to run this job; however, but the start time isn't for 59 seconds. Ignoring.",0.8776,187.53,345
445,IO80211AWDLPeerManager::setAwdlOperatingMode Setting the AWDL operation mode from AUTO to SUSPENDED,exact,IO80211AWDLPeerManager::setAwdlOperatingMode Setting the AWDL operation mode from <*> to <*>,0.9997,"IO80211AWDLPeerManager::setAwdlSuspendedMode() Suspending AWDL, enterQuietMode(true)",0.8906,IO80211AWDLPeerManager::setAwdlAutoMode Resuming AWDL,0.789,187.04,345
446,en0::IO80211Interface::postMessage bssid changed,exact,en0::IO80211Interface::postMessage bssid changed,1.0,en0: BSSID changed to 64:d9:89:6b:b5:33,0.7002,en0: BSSID changed to <*>,0.6654,186.16,345
447,Previous sleep cause: 5,exact,Previous sleep cause: 5,1.0,Wake reason: ?,0.4756,Wake reason: EC.SleepTimer (SleepTimer),0.4608,186.0,345
448,"<*>: scheduler_evaluate_activity told me to run this job; however, but the start time isn't for 68031 seconds. Ignoring.",partial,"<*>: scheduler_evaluate_activity told me to run this job; however, but the start time isn't for 978 seconds. Ignoring.",0.9823,"<*>: scheduler_evaluate_activity told me to run this job; however, but the start time isn't for <*> seconds. Ignoring.",0.9043,"<*>://DB05755C-483D-44B7-B93B-ED06E57FF420/CalDAVPrincipal/p11: scheduler_evaluate_activity told me to run this job; however, but the start time isn't for 59 seconds. Ignoring.",0.8915,187.99,345
449,"<*>: scheduler_evaluate_activity told me to run this job; however, but the start time isn't for 2889 seconds. Ignoring.",partial,"<*>: scheduler_evaluate_activity told me to run this job; however, but the start time isn't for 978 seconds. Ignoring.",0.9889,"<*>: scheduler_evaluate_activity told me to run this job; however, but the start time isn't for <*> seconds. Ignoring.",0.8985,"<*>://DB05755C-483D-44B7-B93B-ED06E57FF420/CalDAVPrincipal/p11: scheduler_evaluate_activity told me to run this job; however, but the start time isn't for 59 seconds. Ignoring.",0.8774,187.34,345
450,"IO80211AWDLPeerManager::setAwdlSuspendedMode() Suspending AWDL, enterQuietMode(true)",exact,"IO80211AWDLPeerManager::setAwdlSuspendedMode() Suspending AWDL, enterQuietMode(true)",1.0,IO80211AWDLPeerManager::setAwdlOperatingMode Setting the AWDL operation mode from <*> to <*>,0.8898,IO80211AWDLPeerManager::setAwdlAutoMode Resuming AWDL,0.7902,187.89,345
451,AppleThunderboltGenericHAL::earlyWake - complete - took 0 milliseconds,exact,AppleThunderboltGenericHAL::earlyWake - complete - took <*> milliseconds,0.9983,AppleThunderboltNHIType2::prePCIWake - power up complete - took <*> us,0.6447,AppleThunderboltNHIType2::waitForOk2Go2Sx - retries = <*>,0.6255,189.12,345
452,"IO80211AWDLPeerManager::setAwdlSuspendedMode() Suspending AWDL, enterQuietMode(true)",exact,"IO80211AWDLPeerManager::setAwdlSuspendedMode() Suspending AWDL, enterQuietMode(true)",1.0,IO80211AWDLPeerManager::setAwdlOperatingMode Setting the AWDL operation mode from <*> to <*>,0.8898,IO80211AWDLPeerManager::setAwdlAutoMode Resuming AWDL,0.7902,187.06,345
453,"<*>: scheduler_evaluate_activity told me to run this job; however, but the start time isn't for 67203 seconds. Ignoring.",partial,"<*>: scheduler_evaluate_activity told me to run this job; however, but the start time isn't for 978 seconds. Ignoring.",0.9891,"<*>: scheduler_evaluate_activity told me to run this job; however, but the start time isn't for <*> seconds. Ignoring.",0.9112,"<*>://DB05755C-483D-44B7-B93B-ED06E57FF420/CalDAVPrincipal/p11: scheduler_evaluate_activity told me to run this job; however, but the start time isn't for 59 seconds. Ignoring.",0.8954,128.29,345
454,"<*>: scheduler_evaluate_activity told me to run this job; however, but the start time isn't for 442301 seconds. Ignoring.",partial,"<*>: scheduler_evaluate_activity told me to run this job; however, but the start time isn't for 978 seconds. Ignoring.",0.9791,"<*>: scheduler_evaluate_activity told me to run this job; however, but the start time isn't for <*> seconds. Ignoring.",0.9157,"<*>://DB05755C-483D-44B7-B93B-ED06E57FF420/CalDAVPrincipal/p11: scheduler_evaluate_activity told me to run this job; however, but the start time isn't for 59 seconds. Ignoring.",0.8937,97.07,345
455,-[SOAPParser:0x7fca6040cb50 parser:didStartElement:namespaceURI:qualifiedName:attributes:] Type not found in EWSItemType for ExchangePersonIdGuid (t:ExchangePersonIdGuid),exact,-[SOAPParser:0x7fc7025b2810 parser:didStartElement:namespaceURI:qualifiedName:attributes:] Type not found in EWSItemType for ExchangePersonIdGuid (t:ExchangePersonIdGuid),0.9977,-[SOAPParser:0x7f82b1f24e50 parser:didStartElement:namespaceURI:qualifiedName:attributes:] Type not found in EWSItemType for ExchangePersonIdGuid (t:ExchangePersonIdGuid),0.9947,Unrecognized XSSimpleTypeDefinition: OneOff,0.3984,98.09,345
456,"<*>: scheduler_evaluate_activity told me to run this job; however, but the start time isn't for 441483 seconds. Ignoring.",partial,"<*>: scheduler_evaluate_activity told me to run this job; however, but the start time isn't for 978 seconds. Ignoring.",0.9672,"<*>: scheduler_evaluate_activity told me to run this job; however, but the start time isn't for <*> seconds. Ignoring.",0.8912,"<*>://DB05755C-483D-44B7-B93B-ED06E57FF420/CalDAVPrincipal/p11: scheduler_evaluate_activity told me to run this job; however, but the start time isn't for 59 seconds. Ignoring.",0.8677,96.94,345
457,"ARPT: 775899.188954: wl0: wl_update_tcpkeep_seq: Updated seq/ack/win from UserClient Seq 2863091569, Ack 159598625, Win size 278",partial,ARPT: <*> wl0: wl_update_tcpkeep_seq: Updated seq/ack/win from UserClient Seq <*> Ack <*> Win size 278,0.9859,ARPT: <*> wl0: wl_update_tcpkeep_seq: Original Seq: <*> Ack: <*> Win size: <*>,0.9242,ARPT: <*> wl0: setup_keepalive: Seq: <*> Ack: <*> Win size: <*>,0.6901,97.93,345
458,18:50:46.109 : BTLE scanner Powered On,partial,<*> : BTLE scanner Powered On,0.9379,<*> : BTLE scanner Powered Off,0.934,<*> : BTLE scanning started,0.748,96.9,345
459,"<*>: scheduler_evaluate_activity told me to run this job; however, but the start time isn't for 4223 seconds. Ignoring.",partial,"<*>: scheduler_evaluate_activity told me to run this job; however, but the start time isn't for 978 seconds. Ignoring.",0.9781,"<*>: scheduler_evaluate_activity told me to run this job; however, but the start time isn't for <*> seconds. Ignoring.",0.8996,"<*>://DB05755C-483D-44B7-B93B-ED06E57FF420/CalDAVPrincipal/p11: scheduler_evaluate_activity told me to run this job; however, but the start time isn't for 59 seconds. Ignoring.",0.8683,96.39,345
460,"<*>: scheduler_evaluate_activity told me to run this job; however, but the start time isn't for 65558 seconds. Ignoring.",partial,"<*>: scheduler_evaluate_activity told me to run this job; however, but the start time isn't for 978 seconds. Ignoring.",0.986,"<*>://DB05755C-483D-44B7-B93B-ED06E57FF420/CalDAVPrincipal/p11: scheduler_evaluate_activity told me to run this job; however, but the start time isn't for 59 seconds. Ignoring.",0.9034,"<*>: scheduler_evaluate_activity told me to run this job; however, but the start time isn't for <*> seconds. Ignoring.",0.899,97.12,345
461,AppleCamIn::systemWakeCall - messageType = 0xE0000340,exact,AppleCamIn::systemWakeCall - messageType = <*>,0.9999,AppleCamIn::handleWakeEvent_gated,0.711,AppleCamIn::wakeEventHandlerThread,0.6906,104.33,345
462,dnssd_clientstub ConnectToServer: connect()-> No of tries: 1,exact,dnssd_clientstub ConnectToServer: connect()-> No of tries: <*>,0.9992,dnssd_clientstub ConnectToServer: connect() failed path:/var/run/mDNSResponder Socket:4 Err:-1 Errno:1 Operation not permitted,0.8397,[0701/114930:WARNING:dns_config_service_posix.cc(306)] Failed to read DnsConfig.,0.5315,96.16,345
463,AppleCamIn::handleWakeEvent_gated,exact,AppleCamIn::handleWakeEvent_gated,1.0,AppleCamIn::wakeEventHandlerThread,0.7262,AppleCamIn::systemWakeCall - messageType = <*>,0.7098,114.33,345
464,-[UABestAppSuggestionManager notifyBestAppChanged:type:options:bundleIdentifier:activityType:dynamicIdentifier:when:confidence:deviceName:deviceIdentifier:deviceType:] (null) UASuggestedActionType=0 (null)/(null) opts=(null) when=2017-07-08 02:21:28 +0000 confidence=1 from=(null)/(null) (UABestAppSuggestionManager.m #319),exact,-[UABestAppSuggestionManager notifyBestAppChanged:type:options:bundleIdentifier:activityType:dynamicIdentifier:when:confidence:deviceName:deviceIdentifier:deviceType:] (null) UASuggestedActionType=0 (null)/(null) opts=(null) when<*> <*> +0000 confidence=1 from=(null)/(null) (UABestAppSuggestionManager.m #319),0.9999,-[SFLListManager(ServiceReplyProtocol) notifyChanges:toListWithIdentifier:] Notified of item changes to list with identifier com.apple.LSSharedFileList.RecentApplications<*>,0.4628,[BluetoothHIDDeviceController] <*>,0.4354,106.15,345
465,full wake promotion (reason 1) 374 ms,fuzzy,Wake reason: ?,0.729,Wake reason: RTC (Alarm),0.5143,Wake reason: EC.SleepTimer (SleepTimer),0.5035,117.6,345
466,[<*>] [Refusing to parse response to PROPPATCH because of content-type: [text/html; charset=UTF-8].],exact,[<*>] [Refusing to parse response to PROPPATCH because of content-type: [text/html; charset=UTF-8].],1.0,after trim url = https://<*>/_/chrome/newtab?rlz=1C5CHFA_enHK732HK732&espv=2&ie=UTF-8,0.3403,"Service ""<*>"" tried to hijack endpoint ""<*>"" from owner: com.apple.SystemUIServer.agent<*>",0.3364,101.63,345
467,"securityd_xpc_dictionary_handler cloudd[326] copy_matching Error Domain=NSOSStatusErrorDomain Code=-50 ""query missing class name"" (paramErr: error in user parameter list) UserInfo={NSDescription=query missing class name}",exact,"securityd_xpc_dictionary_handler cloudd[326] copy_matching Error Domain=NSOSStatusErrorDomain Code=-50 ""query missing class name"" (paramErr: error in user parameter list) UserInfo={NSDescription=query missing class name}",1.0,"SecOSStatusWith error:[-50] Error Domain=NSOSStatusErrorDomain Code=-50 ""query missing class name"" (paramErr: error in user parameter list) UserInfo={NSDescription=query missing class name}",0.7506,"[Accounts] Current connection, <NSXPCConnection: 0x7fda74805bf0> connection from pid 487, doesn't have account access.",0.4726,102.31,345
468,-[ISGenerateImageOp generateImageWithCompletion:] Failed to composit image for descriptor <ISBindingImageDescriptor: 0x7f9951217bb0>.,exact,-[ISGenerateImageOp generateImageWithCompletion:] Failed to composit image for descriptor <ISBindingImageDescriptor: <*>,0.9994,<*> FigAgglomeratorSetObjectForKey signalled err=-16020 (kFigStringConformerError_ParamErr) (NULL key) at /Library/Caches/<*>/Sources/CoreMedia/<*>/Prototypes/LegibleOutput/FigAgglomerator.c line 92,0.465,<IMMacNotificationCenterManager: <*> DND Enabled: <*>,0.3831,112.12,345
469,Error returned from iconservicesagent: (null),exact,Error returned from iconservicesagent: (null),1.0,Service exited with abnormal code: 1,0.4885,Location icon should now be in state 'Inactive',0.4138,126.76,345
470,"securityd_xpc_dictionary_handler cloudd[326] copy_matching Error Domain=NSOSStatusErrorDomain Code=-50 ""query missing class name"" (paramErr: error in user parameter list) UserInfo={NSDescription=query missing class name}",exact,"securityd_xpc_dictionary_handler cloudd[326] copy_matching Error Domain=NSOSStatusErrorDomain Code=-50 ""query missing class name"" (paramErr: error in user parameter list) UserInfo={NSDescription=query missing class name}",1.0,"SecOSStatusWith error:[-50] Error Domain=NSOSStatusErrorDomain Code=-50 ""query missing class name"" (paramErr: error in user parameter list) UserInfo={NSDescription=query missing class name}",0.7506,"[Accounts] Current connection, <NSXPCConnection: 0x7fda74805bf0> connection from pid 487, doesn't have account access.",0.4726,106.43,345
471,-[ISGenerateImageOp generateImageWithCompletion:] Failed to composit image for descriptor <ISBindingImageDescriptor: 0x7f9950712080>.,exact,-[ISGenerateImageOp generateImageWithCompletion:] Failed to composit image for descriptor <ISBindingImageDescriptor: <*>,0.9997,<*> FigAgglomeratorSetObjectForKey signalled err=-16020 (kFigStringConformerError_ParamErr) (NULL key) at /Library/Caches/<*>/Sources/CoreMedia/<*>/Prototypes/LegibleOutput/FigAgglomerator.c line 92,0.4672,Error returned from iconservicesagent: (null),0.3807,98.18,345
472,-[ISGenerateImageOp generateImageWithCompletion:] Failed to composit image for descriptor <ISBindingImageDescriptor: 0x7f9951214ca0>.,exact,-[ISGenerateImageOp generateImageWithCompletion:] Failed to composit image for descriptor <ISBindingImageDescriptor: <*>,0.9987,<*> FigAgglomeratorSetObjectForKey signalled err=-16020 (kFigStringConformerError_ParamErr) (NULL key) at /Library/Caches/<*>/Sources/CoreMedia/<*>/Prototypes/LegibleOutput/FigAgglomerator.c line 92,0.4664,<IMMacNotificationCenterManager: 0x7ff1b2d17980>: NC Disabled: NO,0.3827,97.94,345
473,"NETWORK: requery, 0, 0, 0, 0, 328, items, fQueryRetries, 0, fLastRetryTimestamp, 521177334.4",exact,"NETWORK: requery, 0, 0, 0, 0, <*> items, fQueryRetries, 0, fLastRetryTimestamp, <*>",0.9961,"NETWORK: no response from server, reachability, 2, queryRetries, <*>",0.5479,-[NetworkAnalyticsEngine _writeJournalRecord:fromCellFingerprint:key:atLOI:ofKind:lqm:isFaulty:] Hashing of the primary key failed. Dropping the journal record.,0.3973,97.18,345
474,"NSURLSession/NSURLConnection HTTP load failed (kCFStreamErrorDomainSSL, -9806)",fuzzy,"[CardDAVPlugin-ERROR] -getPrincipalInfo:[_controller supportsRequestCompressionAtURL:https://13957525385%40163.com@<*>/874161398/principal/] Error Domain=NSURLErrorDomain Code=-1009 ""The Internet connection appears to be offline."" UserInfo={NSUnderlyingError=0x7f8de0c0dc70 {Error Domain=kCFErrorDomainCFNetwork Code=-1009 ""The Internet connection appears to be offline."" UserInfo={NSErrorFailingURLStringKey=https://13957525385%40163.com@<*>/874161398/principal/, NSErrorFailingURLKey=https://13957525385%40163.com@<*>/874161398/principal/, _kCFStreamErrorCodeKey=8, _kCFStreamErrorDomainKey=12, NSLocalizedDescription=The Internet connection appears to be offline.}}, NSErrorFailingURLStringKey=https://13957525385%40163.com@<*>/874161398/principal/, NSErrorFailingURLKey=https://13957525385%40163.com@<*>/874161398/principal/, _kCFStreamErrorDomainKey=12, _kCFStreamErrorCodeKey=8, NSLocalizedDescription=The Internet connection appears to be offline.}",0.6663,"PBRequester failed with Error Error Domain=NSURLErrorDomain Code=-1001 ""The request timed out."" UserInfo<*> {Error Domain=kCFErrorDomainCFNetwork Code=-1001 ""The request timed out."" UserInfo<*> NSErrorFailingURLKey<*> _kCFStreamErrorCodeKey=-2102, _kCFStreamErrorDomainKey=4, NSLocalizedDescription=The request timed out.}}, NSErrorFailingURLStringKey<*> NSErrorFailingURLKey<*> _kCFStreamErrorDomainKey=4, _kCFStreamErrorCodeKey=-2102, NSLocalizedDescription=The request timed out.}",0.6652,"[CardDAVPlugin-ERROR] -getPrincipalInfo:[_controller supportsRequestCompressionAtURL:https://13957525385%40163.com@<*>/874161398/principal/] Error Domain=NSURLErrorDomain Code=-1001 ""The request timed out."" UserInfo={NSUnderlyingError=0x7f9af3646900 {Error Domain=kCFErrorDomainCFNetwork Code=-1001 ""The request timed out."" UserInfo={NSErrorFailingURLStringKey=https://13957525385%40163.com@<*>/874161398/principal/, NSErrorFailingURLKey=https://13957525385%40163.com@<*>/874161398/principal/, _kCFStreamErrorCodeKey=-2102, _kCFStreamErrorDomainKey=4, NSLocalizedDescription=The request timed out.}}, NSErrorFailingURLStringKey=https://13957525385%40163.com@<*>/874161398/principal/, NSErrorFailingURLKey=https://13957525385%40163.com@<*>/874161398/principal/, _kCFStreamErrorDomainKey=4, _kCFStreamErrorCodeKey=-2102, NSLocalizedDescription=The request timed out.}",0.653,106.18,345
475,"[QL] No sandbox token for request <QLThumbnailRequest vmware-usbarb-25037.log>, it will probably fail",new,"[QL] No sandbox token for request <QLThumbnailRequest vmware-usbarb-25037.log>, it will probably fail",1.0,,0.0,,0.0,96.78,346
476,"schedule invalidation <DYTransport 0x7f89e8c00520, error: lost transport connection (31)>",new,"schedule invalidation <DYTransport 0x7f89e8c00520, error: lost transport connection (31)>",1.0,,0.0,,0.0,99.81,347
477,send_datagram_available_ping: pid 445 failed to act on a ping it dequeued before timing out.,exact,send_datagram_available_ping: pid 445 failed to act on a ping it dequeued before timing out.,1.0,tcp_connection_destination_perform_socket_connect <*> connectx to <*>:143@0 failed: [50] Network is down,0.4827,"arp_client_transmit(en0) failed, Network is down (50)",0.4595,100.19,347
478,KeychainGetICDPStatus: keychain: -25300,exact,KeychainGetICDPStatus: keychain: <*>,1.0,KeychainGetICDPStatus: status: off,0.7885,CGXDisplayDidWakeNotification <*> posting kCGSDisplayDidWake,0.39,97.41,347
479,Thermal pressure state: 0 Memory pressure state: 0,exact,Thermal pressure state: <*> Memory pressure state: 0,0.9945,IOHibernatePollerOpen(0),0.2652,"Opened file /var/vm/sleepimage, size <*> extents 3, maxio <*> ssd 1",0.2491,113.0,347
480,KeychainGetICDPStatus: status: off,exact,KeychainGetICDPStatus: status: off,1.0,KeychainGetICDPStatus: keychain: <*>,0.7885,"<*> GoogleSoftwareUpdateAgent[31702/0x7000002a0000] [lvl=2] -[KSAgentApp(KeystoneThread) runKeystonesInThreadWithArg:] Checking with local engine: <KSUpdateEngine:0x100259c60 ticketStore=<KSPersistentTicketStore:0x100253770 store=<KSKeyedPersistentStore:0x100254d10 path=""/Users/xpc/Library/Google/GoogleSoftwareUpdate/TicketStore/Keystone.ticketstore"" lockFile=<KSLockFile:0x100254d80 path=""/Users/xpc/Library/Google/GoogleSoftwareUpdate/TicketStore/<*>"" locked=NO > >> processor=<KSActionProcessor:0x100259e70 delegate=<KSUpdateEngine:0x100259c60> isProcessing=NO actionsCompleted=0 progress=0.00 errors=0 currentActionErrors=0 events=0 currentActionEvents=0 actionQueue=( ) > delegate=(null) serverInfoStore=<KSServerPrivateInfoStore:0x1002594d0 path=""/Users/xpc/Library/Google/GoogleSoftwareUpdate/Servers""> errors=0 >",0.4231,108.04,347
481,Error returned from iconservicesagent: (null),exact,Error returned from iconservicesagent: (null),1.0,Service exited with abnormal code: 1,0.4885,Location icon should now be in state 'Inactive',0.4138,105.8,347
482,jemmytest,exact,jemmytest,1.0,"<<<< FigByteStream >>>> FigByteStreamStatsLogOneRead: ByteStream read of <*> bytes @ <*> took <*> secs. to complete, 5 reads >= 1 sec.",0.2747,<*> : Finished generating hashes,0.2699,97.86,347
483,KeychainGetICDPStatus: keychain: -25300,exact,KeychainGetICDPStatus: keychain: <*>,1.0,KeychainGetICDPStatus: status: off,0.7885,CGXDisplayDidWakeNotification <*> posting kCGSDisplayDidWake,0.39,97.11,347
484,"Path not allowed in target domain: type = pid, path = /System/Library/StagedFrameworks/Safari/SafariShared.framework/Versions/A/XPCServices/<*>/Contents/MacOS/<*> error = 147: The specified service did not ship in the requestor's bundle, origin = /System/Library/StagedFrameworks/Safari/WebKit.framework/Versions/A/XPCServices/<*>",exact,"Path not allowed in target domain: type = pid, path = /System/Library/StagedFrameworks/Safari/SafariShared.framework/Versions/A/XPCServices/<*>/Contents/MacOS/<*> error = 147: The specified service did not ship in the requestor's bundle, origin = /System/Library/StagedFrameworks/Safari/WebKit.framework/Versions/A/XPCServices/<*>",1.0,"[CardDAVPlugin-ERROR] -getPrincipalInfo:[_controller supportsRequestCompressionAtURL:https://13957525385%40163.com@<*>/874161398/principal/] Error Domain=NSURLErrorDomain Code=-1009 ""The Internet connection appears to be offline."" UserInfo={NSUnderlyingError=0x7f8de0c0dc70 {Error Domain=kCFErrorDomainCFNetwork Code=-1009 ""The Internet connection appears to be offline."" UserInfo={NSErrorFailingURLStringKey=https://13957525385%40163.com@<*>/874161398/principal/, NSErrorFailingURLKey=https://13957525385%40163.com@<*>/874161398/principal/, _kCFStreamErrorCodeKey=8, _kCFStreamErrorDomainKey=12, NSLocalizedDescription=The Internet connection appears to be offline.}}, NSErrorFailingURLStringKey=https://13957525385%40163.com@<*>/874161398/principal/, NSErrorFailingURLKey=https://13957525385%40163.com@<*>/874161398/principal/, _kCFStreamErrorDomainKey=12, _kCFStreamErrorCodeKey=8, NSLocalizedDescription=The Internet connection appears to be offline.}",0.4351,"securityd_xpc_dictionary_handler cloudd[326] copy_matching Error Domain=NSOSStatusErrorDomain Code=-50 ""query missing class name"" (paramErr: error in user parameter list) UserInfo={NSDescription=query missing class name}",0.4209,101.97,347
485,[21:22:43.147] mv_LowLevelCheckIfVideoPlayableUsingDecoder signalled err=-12956 (kFigMediaValidatorError_VideoCodecNotSupported) (video codec 1) at line 1921,new,[21:22:43.147] mv_LowLevelCheckIfVideoPlayableUsingDecoder signalled err=-12956 (kFigMediaValidatorError_VideoCodecNotSupported) (video codec 1) at line <*>,1.0,,0.0,,0.0,99.36,348
486,<<<< MediaValidator >>>> mv_LookupCodecSupport: Unrecognized codec 1,new,<<<< MediaValidator >>>> mv_LookupCodecSupport: Unrecognized codec 1,1.0,,0.0,,0.0,101.57,349
487,<<<< MediaValidator >>>> mv_ValidateRFC4281CodecId: Unrecognized codec 1.(null). Failed codec specific check.,partial,<<<< MediaValidator >>>> mv_LookupCodecSupport: Unrecognized codec 1,0.8368,[21:22:43.147] mv_LowLevelCheckIfVideoPlayableUsingDecoder signalled err=-12956 (kFigMediaValidatorError_VideoCodecNotSupported) (video codec 1) at line <*>,0.6024,<*> itemasync_CopyProperty signalled err=-12785 (kFigBaseObjectError_Invalidated) (invalidated) at /Library/Caches/<*>/Sources/CoreMedia/<*>/Prototypes/Player/FigPlayer_Async.c line <*>,0.394,99.78,349
488,CoreAnimation: timed out fence 5fe83,new,CoreAnimation: timed out fence 5fe83,1.0,,0.0,,0.0,98.55,350
489,KeychainGetICDPStatus: keychain: -25300,exact,KeychainGetICDPStatus: keychain: <*>,1.0,KeychainGetICDPStatus: status: off,0.7885,CGXDisplayDidWakeNotification <*> posting kCGSDisplayDidWake,0.39,106.85,350
490,tcp_connection_tls_session_error_callback_imp 2515 __tcp_connection_tls_session_callback_write_block_invoke.434 error 22,partial,tcp_connection_tls_session_error_callback_imp <*> __tcp_connection_tls_session_callback_write_block_invoke.434 error 22,0.9819,tcp_connection_tls_session_error_callback_imp <*> tcp_connection_tls_session_handle_read_error.790 error 60,0.8151,tcp_connection_destination_perform_socket_connect <*> connectx to <*>:143@0 failed: [50] Network is down,0.5144,99.97,350
491,KeychainGetICDPStatus: keychain: -25300,exact,KeychainGetICDPStatus: keychain: <*>,1.0,KeychainGetICDPStatus: status: off,0.7885,CGXDisplayDidWakeNotification <*> posting kCGSDisplayDidWake,0.39,98.14,350
492,Failed to connect (view) outlet from (NSApplication) to (NSColorPickerGridView): missing setter or instance variable,fuzzy,Failed to connect (titleField) outlet from (MMSessionPickerChoosenRowView) to (NSTextField): missing setter or instance variable,0.6912,"[Accounts] Current connection, <NSXPCConnection: 0x7fda74805bf0> connection from pid 487, doesn't have account access.",0.3965,host connection <NSXPCConnection: 0x7fddbbb015c0> connection from pid <*> invalidated,0.3719,98.4,350
493,Location icon should now be in state 'Inactive',exact,Location icon should now be in state 'Inactive',1.0,Location icon should now be in state 'Active',0.9243,Error returned from iconservicesagent: (null),0.4138,104.33,350
494,2017/07/07 21:47:20.392 | I | VoipWrapper | DAVEngineImpl.cpp:1400:Close | close video chat. llFriendUIN = 515629905.,partial,<*> | I | VoipWrapper | DAVEngineImpl.cpp:1400:Close | close video chat. llFriendUIN = <*>,0.9878,<*> | I | VoipWrapper | DAVEngineImpl.cpp:1400:Close | close video chat. llFriendUIN = ******2341.,0.9775,2017-07-06 06:22:57.163367 PM [AirPlayUIAgent] BecomingInactive: NSWorkspaceWillSleepNotification,0.4506,106.2,350
495,ARPT: 783667.697957: AirPort_Brcm43xx::powerChange: System Sleep,exact,ARPT: <*> AirPort_Brcm43xx::powerChange: System Sleep,0.9928,ARPT: <*> AirPort_Brcm43xx::powerChange: System Wake - Full Wake/ Dark Wake / Maintenance wake,0.8857,ARPT: <*> AirPort_Brcm43xx::syncPowerState: WWEN[enabled],0.7998,106.42,350
496,Bluetooth -- LE is supported - Disable LE meta event,exact,Bluetooth -- LE is supported - Disable LE meta event,1.0,[BluetoothHIDDeviceController] <*>,0.5072,[IOBluetoothFamily][staticBluetoothTransportShowsUp] -- Received Bluetooth Controller register service notification -- <*>,0.4377,105.08,350
497,send_datagram_available_ping: pid 445 failed to act on a ping it dequeued before timing out.,exact,send_datagram_available_ping: pid 445 failed to act on a ping it dequeued before timing out.,1.0,tcp_connection_destination_perform_socket_connect <*> connectx to <*>:143@0 failed: [50] Network is down,0.4827,"arp_client_transmit(en0) failed, Network is down (50)",0.4595,98.0,350
498,"IOPMrootDomain: idle cancel, state 1",exact,"IOPMrootDomain: idle cancel, state 1",1.0,"ARPT: <*> IOPMPowerSource Information: onSleep, SleepType: Normal Sleep, 'ExternalConnected': <*> 'TimeRemaining': <*>",0.5434,"IO80211AWDLPeerManager::setAwdlSuspendedMode() Suspending AWDL, enterQuietMode(true)",0.5002,98.26,350
499,21:58:33.765 ERROR: 177: timed out after 15.000s (0 0); mMajorChangePending=0,new,21:58:33.765 ERROR: 177: timed out after 15.000s (0 0); mMajorChangePending=0,1.0,,0.0,,0.0,98.18,351
500,ARPT: 783790.553857: wl0: MDNS: IPV6 Addr: 2607:f140:6000:8:c6b3:1ff:fecd:467f,exact,ARPT: <*> wl0: MDNS: IPV6 Addr: fe<*>,0.9916,ARPT: <*> wl0: MDNS: IPV6 Addr: <*>,0.9494,ARPT: <*> wl0: MDNS: IPV4 Addr: <*>,0.8668,99.56,351
501,ARPT: 783795.288172: AirPort_Brcm43xx::powerChange: System Wake - Full Wake/ Dark Wake / Maintenance wake,exact,ARPT: <*> AirPort_Brcm43xx::powerChange: System Wake - Full Wake/ Dark Wake / Maintenance wake,0.9911,ARPT: <*> AirPort_Brcm43xx::powerChange: System Sleep,0.8747,ARPT: <*> AirPort_Brcm43xx::syncPowerState: WWEN[enabled],0.7152,99.53,351
502,button report: 0x8002be0,partial,button report: <*>,0.9698,"pages <*> wire <*> act <*> inact <*> cleaned 0 spec <*> zf <*> throt 0, compr <*> xpmapped <*>",0.3532,ARPT: <*> framerdy <*> bmccmd <*> framecnt <*>,0.3475,98.28,351
503,22:24:31.135 : BTLE scanner Powered On,partial,<*> : BTLE scanner Powered On,0.9737,<*> : BTLE scanner Powered Off,0.9081,<*> : BTLE scanning started,0.7486,98.61,351
504,-[UABestAppSuggestionManager notifyBestAppChanged:type:options:bundleIdentifier:activityType:dynamicIdentifier:when:confidence:deviceName:deviceIdentifier:deviceType:] (null) UASuggestedActionType=0 (null)/(null) opts=(null) when=2017-07-08 05:32:31 +0000 confidence=1 from=(null)/(null) (UABestAppSuggestionManager.m #319),exact,-[UABestAppSuggestionManager notifyBestAppChanged:type:options:bundleIdentifier:activityType:dynamicIdentifier:when:confidence:deviceName:deviceIdentifier:deviceType:] (null) UASuggestedActionType=0 (null)/(null) opts=(null) when<*> <*> +0000 confidence=1 from=(null)/(null) (UABestAppSuggestionManager.m #319),0.9998,-[SFLListManager(ServiceReplyProtocol) notifyChanges:toListWithIdentifier:] Notified of item changes to list with identifier com.apple.LSSharedFileList.RecentApplications<*>,0.4631,[BluetoothHIDDeviceController] <*>,0.4341,103.27,351
505,button report: 0x8002be0,partial,button report: <*>,0.979,"pages <*> wire <*> act <*> inact <*> cleaned 0 spec <*> zf <*> throt 0, compr <*> xpmapped <*>",0.3532,ARPT: <*> framerdy <*> bmccmd <*> framecnt <*>,0.3475,106.66,351
506,"ARPT: 783991.995027: wl0: setup_keepalive: interval 900, retry_interval 30, retry_count 10",exact,"ARPT: <*> wl0: setup_keepalive: interval <*> retry_interval 30, retry_count 10",0.996,ARPT: <*> wl0: setup_keepalive: Local port: <*> Remote port: <*>,0.778,ARPT: <*> wl0: setup_keepalive: Local IP: <*>,0.7571,98.78,351
507,"ARPT: 784053.579480: wl0: setup_keepalive: Local port: 59927, Remote port: 443",exact,ARPT: <*> wl0: setup_keepalive: Local port: <*> Remote port: 443,0.9924,ARPT: <*> wl0: setup_keepalive: Local port: <*> Remote port: <*>,0.9583,ARPT: <*> wl0: setup_keepalive: Remote IP: <*>,0.913,97.97,351
508,"ARPT: 784055.560270: IOPMPowerSource Information: onSleep, SleepType: Normal Sleep, 'ExternalConnected': No, 'TimeRemaining': 5600,",partial,"ARPT: <*> IOPMPowerSource Information: onSleep, SleepType: Normal Sleep, 'ExternalConnected': <*> 'TimeRemaining': <*>",0.9746,ARPT: <*> AirPort_Brcm43xx::powerChange: System Sleep,0.6978,ARPT: <*> AirPort_Brcm43xx::powerChange: System Wake - Full Wake/ Dark Wake / Maintenance wake,0.6235,99.03,351
509,ARPT: 784117.089800: AirPort_Brcm43xx::powerChange: System Sleep,exact,ARPT: <*> AirPort_Brcm43xx::powerChange: System Sleep,0.9903,ARPT: <*> AirPort_Brcm43xx::powerChange: System Wake - Full Wake/ Dark Wake / Maintenance wake,0.8845,ARPT: <*> AirPort_Brcm43xx::syncPowerState: WWEN[enabled],0.7921,108.96,351
510,ARPT: 784117.625615: wl0: leaveModulePoweredForOffloads: Wi-Fi will stay on.,exact,ARPT: <*> wl0: leaveModulePoweredForOffloads: Wi-Fi will stay on.,0.9921,ARPT: <*> wl0: setup_keepalive: Local IP: <*>,0.6195,"ARPT: <*> wl0: Roamed or switched channel, reason #8, bssid 5c:50:15:4c:18:13, last RSSI -64",0.6171,98.41,351
511,ARPT: 784178.158614: AirPort_Brcm43xx::platformWoWEnable: WWEN[enable],partial,ARPT: <*> AirPort_Brcm43xx::platformWoWEnable: WWEN<*>,0.9748,ARPT: <*> AirPort_Brcm43xx::platformWoWEnable: WWEN[disable],0.9346,ARPT: <*> AirPort_Brcm43xx::syncPowerState: WWEN[enabled],0.9121,98.94,351
512,en0::IO80211Interface::postMessage bssid changed,exact,en0::IO80211Interface::postMessage bssid changed,1.0,en0: BSSID changed to 64:d9:89:6b:b5:33,0.7002,en0: BSSID changed to <*>,0.6654,98.81,351
513,in6_unlink_ifa: IPv6 address 0x77c911454f1523ab has no prefix,exact,in6_unlink_ifa: IPv6 address <*> has no prefix,0.9945,ARPT: <*> wl0: MDNS: IPV6 Addr: <*>,0.5232,ARPT: <*> wl0: MDNS: IPV6 Addr: fe<*>,0.5085,98.49,351
514,-[NETClientConnection evaluateCrazyIvan46] CI46 - Perform CrazyIvan46! QQ.10018 tc25805 <*>:80,partial,-[NETClientConnection evaluateCrazyIvan46] CI46 - Perform CrazyIvan46! QQ.<*> tc<*> <*>:80,0.9841,__42-[NETClientConnection evaluateCrazyIvan46]_block_invoke CI46 - Hit by torpedo! QQ.<*> tc<*> <*>,0.7724,__42-[NETClientConnection evaluateCrazyIvan46]_block_invoke CI46 - Hit by torpedo! NeteaseMusic.17988 <*> <*>:80,0.6915,99.0,351
515,__73-[NetworkAnalyticsEngine observeValueForKeyPath:ofObject:change:context:]_block_invoke unexpected switch value 2,exact,__73-[NetworkAnalyticsEngine observeValueForKeyPath:ofObject:change:context:]_block_invoke unexpected switch value 2,1.0,-[NetworkAnalyticsEngine _writeJournalRecord:fromCellFingerprint:key:atLOI:ofKind:lqm:isFaulty:] Hashing of the primary key failed. Dropping the journal record.,0.5176,__42-[NETClientConnection evaluateCrazyIvan46]_block_invoke CI46 - Hit by torpedo! QQ.<*> tc<*> <*>,0.4314,106.93,351
516,ARPT: 784287.966851: AirPort_Brcm43xx::platformWoWEnable: WWEN[enable],partial,ARPT: <*> AirPort_Brcm43xx::platformWoWEnable: WWEN<*>,0.9853,ARPT: <*> AirPort_Brcm43xx::platformWoWEnable: WWEN[disable],0.9317,ARPT: <*> AirPort_Brcm43xx::syncPowerState: WWEN[enabled],0.9184,98.41,351
517,AppleThunderboltNHIType2::waitForOk2Go2Sx - intel_rp = 1 dlla_reporting_supported = 0,exact,AppleThunderboltNHIType2::waitForOk2Go2Sx - intel_rp = 1 dlla_reporting_supported = 0,1.0,AppleThunderboltNHIType2::waitForOk2Go2Sx - retries = <*>,0.8005,AppleThunderboltGenericHAL::earlyWake - complete - took <*> milliseconds,0.5974,98.25,351
518,"USBMSC Identifier (non-unique): 000000000820 0x5ac 0x8406 0x820, 3",exact,USBMSC Identifier (non-unique): <*> 3,1.0,device_generate_desktop_screenshot: authw <*> shield <*>,0.4438,ARPT: <*> framerdy <*> bmccmd <*> framecnt <*>,0.4315,102.92,351
519,efi pagecount 72,new,efi pagecount 72,1.0,,0.0,,0.0,98.27,352
520,AirPort: Link Down on en0. Reason 8 (Disassociated because station leaving).,exact,AirPort: Link Down on en0. Reason 8 (Disassociated because station leaving).,1.0,AirPort: Link Up on en0,0.7707,AirPort: Link Down on awdl0. Reason 1 (Unspecified).,0.7418,107.13,352
521,mDNS_RegisterInterface: Frequent transitions for interface en0 (FE80:0000:0000:0000:C6B3:01FF:FECD:467F),exact,mDNS_RegisterInterface: Frequent transitions for interface en0 (FE80:0000:0000:0000:C6B3:01FF:FECD:467F),1.0,mDNS_RegisterInterface: Frequent transitions for interface awdl0 (FE80:0000:0000:0000:D8A5:90FF:FEF5:7FFF),0.9247,mDNS_DeregisterInterface: Frequent transitions for interface en0 (2607:F140:6000:0008:C6B3:01FF:FECD:467F),0.924,99.55,352
522,ARPT: 784486.498066: wlc_dump_aggfifo:,partial,ARPT: <*> wlc_dump_aggfifo:,0.9891,ARPT: <*> wl0: setup_keepalive: Seq: <*> Ack: <*> Win size: <*>,0.557,ARPT: <*> wl0: wl_update_tcpkeep_seq: Original Seq: <*> Ack: <*> Win size: <*>,0.5479,106.67,352
523,CCFile::captureLogRun() Exiting CCFile::captureLogRun,exact,CCFile::captureLogRun() Exiting CCFile::captureLogRun,1.0,CCFile::captureLog,0.8574,CCFile::captureLogRun Skipping current file Dir file <*> Current File <*>,0.7862,98.65,352
524,CCIOReporterFormatter::refreshSubscriptionsFromStreamRegistry clearing out any previous subscriptions,exact,CCIOReporterFormatter::refreshSubscriptionsFromStreamRegistry clearing out any previous subscriptions,1.0,CCIOReporterFormatter::addRegistryChildToChannelDictionary streams 7,0.5591,CCXPCService::setStreamEventHandler Registered for notification callback.,0.4475,98.91,352
525,Previous sleep cause: 5,exact,Previous sleep cause: 5,1.0,Wake reason: ?,0.4718,Wake reason: EC.SleepTimer (SleepTimer),0.4608,106.55,352
526,**** [BroadcomBluetoothHostControllerUSBTransport][start] -- Completed (matched on Device) -- 0x3800 ****,partial,**** [BroadcomBluetoothHostControllerUSBTransport][start] -- Completed (matched on Device) -- <*> ****,0.985,**** [BroadcomBluetoothHostController][SetupController] -- Delay HCI Reset by 300ms ****,0.699,**** [IOBluetoothHostControllerUSBTransport][start] -- completed -- result = TRUE -- <*> ****,0.6715,99.4,352
527,nw_nat64_post_new_ifstate successfully changed NAT64 ifstate from 0x4 to 0x8000000000000000,exact,nw_nat64_post_new_ifstate successfully changed NAT64 ifstate from <*> to <*>,0.9998,en0::IO80211Interface::postMessage bssid changed,0.4405,en0: BSSID changed to 64:d9:89:6b:b5:33,0.4243,98.74,352
528,en0: Supported channels 1 2 3 4 5 6 7 8 9 10 11 12 13 36 40 44 48 52 56 60 64 100 104 108 112 116 120 124 128 132 136 140 144 149 153 157 161 165,exact,en0: Supported channels 1 2 3 4 5 6 7 8 9 10 11 12 13 36 40 44 48 52 56 60 64 100 104 108 112 116 120 124 128 132 136 140 144 149 153 157 161 165,0.9999,en0: channel changed to <*>,0.7107,en0: channel changed to 6,0.7066,99.18,352
529,nw_nat64_post_new_ifstate successfully changed NAT64 ifstate from 0x8000000000000000 to 0x4,exact,nw_nat64_post_new_ifstate successfully changed NAT64 ifstate from <*> to <*>,0.9995,en0::IO80211Interface::postMessage bssid changed,0.4332,en0: BSSID changed to 64:d9:89:6b:b5:33,0.4202,98.66,352
530,"CCFile::captureLog Received Capture notice id: 1499506366.010075, reason = AuthFail:sts:5_rsn:0",exact,CCFile::captureLog Received Capture notice id: <*> reason = AuthFail:sts:5_rsn:0,0.9978,CCFile::captureLog Received Capture notice id: <*> reason = RoamFail:sts:1_rsn:1,0.9044,CCFile::captureLog,0.785,107.14,352
531,"CCFile::captureLogRun Skipping current file Dir file [2017-07-08_02,32,46.787931]-AirPortBrcm4360_Logs-004.txt, Current File [2017-07-08_02,32,46.787931]-AirPortBrcm4360_Logs-004.txt",partial,CCFile::captureLogRun Skipping current file Dir file <*> Current File <*>,0.953,CCFile::captureLog,0.7442,CCFile::captureLogRun() Exiting CCFile::captureLogRun,0.7239,101.36,352
532,"CCFile::copyFile fileName is [2017-07-08_02,32,47.528554]-CCIOReporter-003.xml, source path:/var/log/CoreCapture/<*>/OneStats//[2017-07-08_02,32,47.528554]-CCIOReporter-003.xml, dest path:/Library/Logs/CrashReporter/CoreCapture/<*>/[2017-07-08_02,32,46.517498]=AssocFail:sts:2_rsn:0/OneStats//[2017-07-08_02,32,47.528554]-CCIOReporter-003.xml",partial,CCFile::copyFile fileName is <*> source path<*> dest path<*>,0.944,"doSaveChannels@286: Will write to: /Library/Logs/CrashReporter/CoreCapture/IOReporters/[2017-07-05_14,04,24.831957] - AssocFail:sts:5_rsn:0.xml",0.7099,doSaveChannels@286: Will write to: <*> - AuthFail:sts:5_rsn:0.xml,0.644,109.16,352
533,did discard act 12083 inact 17640 purgeable 20264 spec 28635 cleaned 0,partial,could discard act <*> inact <*> purgeable <*> spec <*> cleaned 0,0.8526,"pages <*> wire <*> act <*> inact <*> cleaned 0 spec <*> zf <*> throt 0, compr <*> xpmapped <*>",0.553,<*> : Purged contact hashes,0.4212,98.62,352
534,tcp_connection_handle_connect_conditions_bad 25902 failed: 3 - No network route,partial,tcp_connection_handle_connect_conditions_bad <*> failed: 3 - No network route,0.8991,tcp_connection_destination_perform_socket_connect <*> connectx to <*>:8080@0 failed: [51] Network is unreachable,0.5678,tcp_connection_destination_perform_socket_connect <*> connectx to <*>:143@0 failed: [50] Network is down,0.5674,106.34,352
535,en0::IO80211Interface::postMessage bssid changed,exact,en0::IO80211Interface::postMessage bssid changed,1.0,en0: BSSID changed to 64:d9:89:6b:b5:33,0.7002,en0: BSSID changed to <*>,0.6654,98.76,352
536,"CCDataTap::profileRemoved, Owner: <*>, Name: AssociationEventHistory",fuzzy,"CCLogTap::profileRemoved, Owner: <*>, Name: OneStats",0.7987,"CCLogTap::profileRemoved, Owner: <*>, Name: IO80211AWDLPeerManager",0.671,CCFile::captureLog Received Capture notice id: <*> reason = RoamFail:sts:1_rsn:1,0.4277,99.59,352
537,"ARPT: 784632.788065: wl0: Roamed or switched channel, reason #8, bssid 5c:50:15:36:bc:03, last RSSI -69",partial,"ARPT: <*> wl0: Roamed or switched channel, reason #8, bssid 5c:50:15:4c:18:13, last RSSI -64",0.9864,ARPT: <*> wl0: leaveModulePoweredForOffloads: Wi-Fi will stay on.,0.6582,ARPT: <*> wl0: wl_update_tcpkeep_seq: Original Seq: <*> Ack: <*> Win size: <*>,0.6546,99.79,352
538,"DB Error: 1 ""no such table: tb_c2cMsg_2909288299""",partial,"DB Error: 1 ""no such table: tb_c2cMsg_2658655094""",0.9881,Got an XPC error: Connection invalid,0.4256,assertion failed: <*> com.apple.telemetry<*> + <*> [10D2E324-788C-30CC-A749-55AE67AEC7BC]: <*>,0.3538,98.93,352
539,AirPort: Link Down on en0. Reason 8 (Disassociated because station leaving).,exact,AirPort: Link Down on en0. Reason 8 (Disassociated because station leaving).,1.0,AirPort: Link Up on en0,0.7707,AirPort: Link Down on awdl0. Reason 1 (Unspecified).,0.7418,106.76,352
540,IOThunderboltSwitch<0>(0x0)::listenerCallback - Thunderbolt HPD packet for route = 0x0 port = 11 unplug = 0,exact,IOThunderboltSwitch<0>(0x0)::listenerCallback - Thunderbolt HPD packet for route = <*> port = <*> unplug = 0,0.9974,AppleThunderboltNHIType2::waitForOk2Go2Sx - intel_rp = 1 dlla_reporting_supported = 0,0.4178,[HID] [ATC] AppleDeviceManagementHIDEventService::processWakeReason Wake reason: Host (0x01),0.4163,113.31,352
541,**** [BroadcomBluetoothHostControllerUSBTransport][start] -- Completed (matched on Device) -- 0x8800 ****,partial,**** [BroadcomBluetoothHostControllerUSBTransport][start] -- Completed (matched on Device) -- <*> ****,0.9858,**** [BroadcomBluetoothHostController][SetupController] -- Delay HCI Reset by 300ms ****,0.6892,**** [IOBluetoothHostControllerUSBTransport][start] -- completed -- result = TRUE -- <*> ****,0.6763,103.02,352
542,-[NetworkAnalyticsEngine _writeJournalRecord:fromCellFingerprint:key:atLOI:ofKind:lqm:isFaulty:] Hashing of the primary key failed. Dropping the journal record.,exact,-[NetworkAnalyticsEngine _writeJournalRecord:fromCellFingerprint:key:atLOI:ofKind:lqm:isFaulty:] Hashing of the primary key failed. Dropping the journal record.,1.0,__73-[NetworkAnalyticsEngine observeValueForKeyPath:ofObject:change:context:]_block_invoke unexpected switch value 2,0.5176,doSaveChannels@286: Will write to: <*> - AuthFail:sts:5_rsn:0.xml,0.4277,108.93,352
543,sigio_handler: sigio_handler_active != 1,exact,sigio_handler: sigio_handler_active != <*>,0.9936,IO80211AWDLPeerManager::setAwdlOperatingMode Setting the AWDL operation mode from <*> to <*>,0.3002,**** [IOBluetoothFamily][ProcessBluetoothTransportShowsUpActionWL] -- calling IOBluetoothFamily's registerService() -- <*> -- <*> -- <*> ****,0.2959,97.91,352
544,Wake reason: ARPT (Network),exact,Wake reason: ARPT (Network),1.0,ARPT: <*> ARPT: Wake Reason: Wake on TCP Timeout,0.7535,ARPT: <*> ARPT: Wake Reason: Wake on Scan offload,0.6981,98.65,352
545,Host controller terminated,fuzzy,INIT -- Host controller is published,0.6003,Service exited with abnormal code: 1,0.4128,"hostControllerOnline - Number of Paired devices = 1, List of Paired devices = ( ""84-41-67-32-db-e1"" )",0.3725,110.96,352
546,[HID] [MT] AppleActuatorHIDEventDriver::start entered,fuzzy,[HID] [MT] AppleMultitouchDevice::start entered,0.7847,AppleActuatorHIDEventDriver: stop,0.7656,AppleActuatorDevice::start Entered,0.6975,106.5,352
547,"USBMSC Identifier (non-unique): 000000000820 0x5ac 0x8406 0x820, 3",exact,USBMSC Identifier (non-unique): <*> 3,1.0,device_generate_desktop_screenshot: authw <*> shield <*>,0.4438,ARPT: <*> framerdy <*> bmccmd <*> framecnt <*>,0.4315,118.31,352
548,Captive: CNPluginHandler en0: Evaluating,exact,Captive: CNPluginHandler en0: Evaluating,1.0,Captive: CNPluginHandler en0: Authenticated,0.8861,Captive: CNPluginHandler en0: Inactive,0.8611,102.4,352
549,Captive: CNPluginHandler en0: Authenticated,exact,Captive: CNPluginHandler en0: Authenticated,1.0,Captive: CNPluginHandler en0: Evaluating,0.8861,Captive: CNPluginHandler en0: Inactive,0.8645,115.3,352
550,hibernate_setup(0) took 8471 ms,partial,hibernate_setup(0) took <*> ms,0.9745,"hibernate_machine_init pagesDone <*> sum2 <*> time: <*> ms, disk(0x20000) <*> Mb/s, comp bytes: <*> time: <*> ms <*> Mb/s, crypt bytes: <*> time: <*> ms <*> Mb/s",0.6758,hibernate_rebuild completed - took <*> msecs,0.675,104.06,352
551,in6_unlink_ifa: IPv6 address 0x77c911454f1528eb has no prefix,exact,in6_unlink_ifa: IPv6 address <*> has no prefix,0.9929,ARPT: <*> wl0: MDNS: IPV6 Addr: <*>,0.5256,ARPT: <*> wl0: MDNS: IPV6 Addr: fe<*>,0.5091,98.96,352
552,__42-[NETClientConnection evaluateCrazyIvan46]_block_invoke CI46 - Hit by torpedo! QQ.10018 tc25995 <*>:443,partial,__42-[NETClientConnection evaluateCrazyIvan46]_block_invoke CI46 - Hit by torpedo! QQ.<*> tc<*> <*>,0.9685,__42-[NETClientConnection evaluateCrazyIvan46]_block_invoke CI46 - Hit by torpedo! NeteaseMusic.17988 <*> <*>:80,0.7878,-[NETClientConnection evaluateCrazyIvan46] CI46 - Perform CrazyIvan46! QQ.<*> tc<*> <*>:80,0.7575,99.45,352
553,"Setting BTCoex Config: enable_2G:1, profile_2g:0, enable_5G:1, profile_5G:0",exact,"Setting BTCoex Config: enable_2G:1, profile_2g:0, enable_5G:1, profile_5G:0",1.0,<*> : BTLE scanning started,0.4234,en0: BSSID changed to 64:d9:89:6b:b5:33,0.4128,99.41,352
554,button report: 0x8002bdf,partial,button report: <*>,0.9447,"pages <*> wire <*> act <*> inact <*> cleaned 0 spec <*> zf <*> throt 0, compr <*> xpmapped <*>",0.3419,"bitmap_size 0x7f0fc, previewSize <*> writing <*> pages @ <*>",0.3205,106.44,352
555,FA||Url||taskID[2019353853] dealloc,exact,FA||Url||taskID[2019353296] dealloc,0.9967,FA||Url||taskID[2019353517] dealloc,0.995,FA||Url||taskID[2019353117] dealloc,0.9936,110.05,352
556,[BluetoothHIDDeviceController]ERROR: Could not find the disconnected object,fuzzy,[BluetoothHIDDeviceController] <*>,0.7316,[IOBluetoothFamily][staticBluetoothTransportShowsUp] -- Received Bluetooth Controller register service notification -- <*>,0.5448,[HID] [ATC] [Error] AppleDeviceManagementHIDEventService::start Could not make a string from out connection notification key,0.4459,181.34,352
557,Captive: CNPluginHandler en0: Inactive,exact,Captive: CNPluginHandler en0: Inactive,1.0,Captive: CNPluginHandler en0: Authenticated,0.8645,Captive: CNPluginHandler en0: Evaluating,0.8611,189.88,352
558,IO80211AWDLPeerManager::setAwdlOperatingMode Setting the AWDL operation mode from SUSPENDED to AUTO,exact,IO80211AWDLPeerManager::setAwdlOperatingMode Setting the AWDL operation mode from <*> to <*>,0.9954,"IO80211AWDLPeerManager::setAwdlSuspendedMode() Suspending AWDL, enterQuietMode(true)",0.8817,IO80211AWDLPeerManager::setAwdlAutoMode Resuming AWDL,0.7972,190.55,352
559,**** [IOBluetoothHostControllerUSBTransport][start] -- completed -- result = TRUE -- 0x2800 ****,partial,**** [IOBluetoothHostControllerUSBTransport][start] -- completed -- result = TRUE -- <*> ****,0.9883,**** [BroadcomBluetoothHostControllerUSBTransport][start] -- Completed (matched on Device) -- <*> ****,0.6955,**** [IOBluetoothFamily][ProcessBluetoothTransportShowsUpActionWL] -- calling IOBluetoothFamily's registerService() -- <*> -- <*> -- <*> ****,0.6585,191.16,352
560,tcp_connection_handle_connect_conditions_bad 26042 failed: 3 - No network route,partial,tcp_connection_handle_connect_conditions_bad <*> failed: 3 - No network route,0.9636,tcp_connection_destination_perform_socket_connect <*> connectx to <*>:8080@0 failed: [51] Network is unreachable,0.5956,tcp_connection_destination_perform_socket_connect <*> connectx to <*>:143@0 failed: [50] Network is down,0.5859,189.97,352
561,ARPT: 785104.988856: AirPort_Brcm43xx::syncPowerState: WWEN[enabled],exact,ARPT: <*> AirPort_Brcm43xx::syncPowerState: WWEN[enabled],0.9925,ARPT: <*> AirPort_Brcm43xx::platformWoWEnable: WWEN<*>,0.9131,ARPT: <*> AirPort_Brcm43xx::platformWoWEnable: WWEN[disable],0.876,190.73,352
562,AppleCamIn::systemWakeCall - messageType = 0xE0000340,exact,AppleCamIn::systemWakeCall - messageType = <*>,0.9999,AppleCamIn::handleWakeEvent_gated,0.711,AppleCamIn::wakeEventHandlerThread,0.6906,190.33,352
563,hibernate_machine_init reading,exact,hibernate_machine_init reading,1.0,"hibernate_machine_init pagesDone <*> sum2 <*> time: <*> ms, disk(0x20000) <*> Mb/s, comp bytes: <*> time: <*> ms <*> Mb/s, crypt bytes: <*> time: <*> ms <*> Mb/s",0.6114,"hibernate_machine_init: state 2, image pages <*> sum was d4e6c0b2, imageSize 0x2aea6000, image1Size <*> conflictCount 5848, nextFree <*>",0.6088,189.56,352
564,AppleCamIn::systemWakeCall - messageType = 0xE0000340,exact,AppleCamIn::systemWakeCall - messageType = <*>,0.9999,AppleCamIn::handleWakeEvent_gated,0.711,AppleCamIn::wakeEventHandlerThread,0.6906,190.89,352
565,AppleThunderboltGenericHAL::earlyWake - complete - took 1 milliseconds,exact,AppleThunderboltGenericHAL::earlyWake - complete - took <*> milliseconds,0.9967,AppleThunderboltNHIType2::prePCIWake - power up complete - took <*> us,0.6321,AppleThunderboltNHIType2::waitForOk2Go2Sx - retries = <*>,0.611,190.0,352
566,[BluetoothHIDDeviceController]ERROR: Could not find the disconnected object,partial,[BluetoothHIDDeviceController] <*>,0.8422,[IOBluetoothFamily][staticBluetoothTransportShowsUp] -- Received Bluetooth Controller register service notification -- <*>,0.5448,[HID] [ATC] [Error] AppleDeviceManagementHIDEventService::start Could not make a string from out connection notification key,0.4459,190.32,352
567,"setting hostname to ""<*>""",partial,"setting hostname to ""<*>""",0.9679,"setting hostname to ""authorMacBook-Pro.local""",0.4878,"Service ""<*>"" tried to hijack endpoint ""<*>"" from owner: com.apple.SystemUIServer.agent<*>",0.3643,189.51,352
568,hibernate image path: /var/vm/sleepimage,exact,hibernate image path: /var/vm/sleepimage,1.0,"Opened file /var/vm/sleepimage, size <*> extents 3, maxio <*> ssd 1",0.624,no sleep images for WillPowerOffWithImages,0.5572,190.62,352
569,efi pagecount 72,exact,efi pagecount 72,1.0,hibernate_page_list_setall found pageCount <*>,0.4729,"hibernate_teardown: wired_pages <*> free_pages <*> active_pages <*> inactive_pages 0, speculative_pages 0, cleaned_pages 0, compressor_pages 112",0.3715,189.32,352
570,AppleCamIn::systemWakeCall - messageType = 0xE0000340,exact,AppleCamIn::systemWakeCall - messageType = <*>,0.9999,AppleCamIn::handleWakeEvent_gated,0.711,AppleCamIn::wakeEventHandlerThread,0.6906,182.3,352
571,hibernate_teardown_pmap_structs done: last_valid_compact_indx 315096,exact,hibernate_teardown_pmap_structs done: last_valid_compact_indx <*>,0.9937,hibernate_rebuild_pmap_structs done: last_valid_compact_indx <*>,0.9031,hibernate_teardown completed - discarded <*>,0.6912,98.66,352
572,Unrecognized XSSimpleTypeDefinition: OneOff,exact,Unrecognized XSSimpleTypeDefinition: OneOff,1.0,-[SOAPParser:0x7f82b1f24e50 parser:didStartElement:namespaceURI:qualifiedName:attributes:] Type not found in EWSItemType for ExchangePersonIdGuid (t:ExchangePersonIdGuid),0.404,-[SOAPParser:0x7fc7025b2810 parser:didStartElement:namespaceURI:qualifiedName:attributes:] Type not found in EWSItemType for ExchangePersonIdGuid (t:ExchangePersonIdGuid),0.4006,106.93,352
573,vm_compressor_fastwake_warmup completed - took 12461 msecs,fuzzy,vm_compressor_fastwake_warmup <*> - <*> - starting,0.6854,hibernate_rebuild completed - took <*> msecs,0.4519,AppleThunderboltGenericHAL::earlyWake - complete - took <*> milliseconds,0.4131,109.77,352
574,"CCFile::captureLog Received Capture notice id: 1499518522.558304, reason = AssocFail:sts:2_rsn:0",partial,CCFile::captureLog Received Capture notice id: <*> reason = AuthFail:sts:5_rsn:0,0.9712,CCFile::captureLog Received Capture notice id: <*> reason = RoamFail:sts:1_rsn:1,0.9141,CCFile::captureLog,0.7985,102.54,352
575,"CCFile::copyFile fileName is [2017-07-08_05,55,23.694116]-io80211Family-002.pcapng, source path:/var/log/CoreCapture/<*>/IO80211AWDLPeerManager//[2017-07-08_05,55,23.694116]-io80211Family-002.pcapng, dest path:/Library/Logs/CrashReporter/CoreCapture/<*>/[2017-07-08_05,56,40.163377]=AssocFail:sts:2_rsn:0/IO80211AWDLPeerManager//[2017-07-08_05,55,23.694116]-io80211Family-002.pcapng",partial,CCFile::copyFile fileName is <*> source path<*> dest path<*>,0.8975,"doSaveChannels@286: Will write to: /Library/Logs/CrashReporter/CoreCapture/IOReporters/[2017-07-05_14,04,24.831957] - AssocFail:sts:5_rsn:0.xml",0.6457,doSaveChannels@286: Will write to: <*> - AuthFail:sts:5_rsn:0.xml,0.6099,111.92,352
576,Captive: CNPluginHandler en0: Authenticated,exact,Captive: CNPluginHandler en0: Authenticated,1.0,Captive: CNPluginHandler en0: Evaluating,0.8861,Captive: CNPluginHandler en0: Inactive,0.8645,103.42,352
577,jemmytest,exact,jemmytest,1.0,"<<<< FigByteStream >>>> FigByteStreamStatsLogOneRead: ByteStream read of <*> bytes @ <*> took <*> secs. to complete, 5 reads >= 1 sec.",0.2747,<*> : Finished generating hashes,0.2699,98.99,352
578,"[Accounts] Current connection, <NSXPCConnection: 0x7fda72614240> connection from pid 30318, doesn't have account access.",partial,"[Accounts] Current connection, <NSXPCConnection: 0x7fda74805bf0> connection from pid 487, doesn't have account access.",0.949,host connection <NSXPCConnection: 0x7fddbbb015c0> connection from pid <*> invalidated,0.7435,"[CardDAVPlugin-ERROR] -getPrincipalInfo:[_controller supportsRequestCompressionAtURL:https://13957525385%40163.com@<*>/874161398/principal/] Error Domain=NSURLErrorDomain Code=-1009 ""The Internet connection appears to be offline."" UserInfo={NSUnderlyingError=0x7f8de0c0dc70 {Error Domain=kCFErrorDomainCFNetwork Code=-1009 ""The Internet connection appears to be offline."" UserInfo={NSErrorFailingURLStringKey=https://13957525385%40163.com@<*>/874161398/principal/, NSErrorFailingURLKey=https://13957525385%40163.com@<*>/874161398/principal/, _kCFStreamErrorCodeKey=8, _kCFStreamErrorDomainKey=12, NSLocalizedDescription=The Internet connection appears to be offline.}}, NSErrorFailingURLStringKey=https://13957525385%40163.com@<*>/874161398/principal/, NSErrorFailingURLKey=https://13957525385%40163.com@<*>/874161398/principal/, _kCFStreamErrorDomainKey=12, _kCFStreamErrorCodeKey=8, NSLocalizedDescription=The Internet connection appears to be offline.}",0.5402,98.36,352
579,"securityd_xpc_dictionary_handler cloudd[326] copy_matching Error Domain=NSOSStatusErrorDomain Code=-50 ""query missing class name"" (paramErr: error in user parameter list) UserInfo={NSDescription=query missing class name}",exact,"securityd_xpc_dictionary_handler cloudd[326] copy_matching Error Domain=NSOSStatusErrorDomain Code=-50 ""query missing class name"" (paramErr: error in user parameter list) UserInfo={NSDescription=query missing class name}",1.0,"SecOSStatusWith error:[-50] Error Domain=NSOSStatusErrorDomain Code=-50 ""query missing class name"" (paramErr: error in user parameter list) UserInfo={NSDescription=query missing class name}",0.7506,"[Accounts] Current connection, <NSXPCConnection: 0x7fda74805bf0> connection from pid 487, doesn't have account access.",0.4817,100.62,352
580,send_datagram_available_ping: pid 445 failed to act on a ping it dequeued before timing out.,exact,send_datagram_available_ping: pid 445 failed to act on a ping it dequeued before timing out.,1.0,tcp_connection_destination_perform_socket_connect <*> connectx to <*>:143@0 failed: [50] Network is down,0.4827,"arp_client_transmit(en0) failed, Network is down (50)",0.4595,98.9,352
581,"Unable to simultaneously satisfy constraints: ( ""<NSAutoresizingMaskLayoutConstraint:0x7f9d574e5370 h=-&- v=-&- V:[NSScrollView:0x7f9d64abe480]-(11)-| (Names: '|':NSView:0x7f9d6a9cc340 )>"", ""<NSAutoresizingMaskLayoutConstraint:0x7f9d7561a270 h=-&- v=-&- V:|-(45)-[NSScrollView:0x7f9d64abe480] (Names: '|':NSView:0x7f9d6a9cc340 )>"", ""<NSAutoresizingMaskLayoutConstraint:0x7f9d6aa2cf10 h=-&- v=--& V:[NSView:0x7f9d53160e30(0)]>"", ""<NSAutoresizingMaskLayoutConstraint:0x7f9d75652870 h=-&- v=-&- V:|-(0)-[NSView:0x7f9d6a9cc340] (Names: '|':NSView:0x7f9d53160e30 )>"", ""<NSAutoresizingMaskLayoutConstraint:0x7f9d77ef8f50 h=-&- v=-&- V:[NSView:0x7f9d6a9cc340]-(0)-| (Names: '|':NSView:0x7f9d53160e30 )>"" ) Will attempt to recover by breaking constraint <NSAutoresizingMaskLayoutConstraint:0x7f9d7561a270 h=-&- v=-&- V:|-(45)-[NSScrollView:0x7f9d64abe480] (Names: '|':NSView:0x7f9d6a9cc340 )> Set the NSUserDefault NSConstraintBasedLayoutVisualizeMutuallyExclusiveConstraints to YES to have -[NSWindow visualizeConstraints:] automatically called when this happens. And/or, break on objc_exception_throw to catch this in the debugger.",partial,"Unable to simultaneously satisfy constraints: ( ""<NSLayoutConstraint:0x7f8efa7db140 H:[NSImageView:0x7f8efa7db900(38)]>"", ""<NSLayoutConstraint:0x7f8efa7cbe00 H:|-(14)-[NSImageView:0x7f8efa7db900] (Names: PageItemCell:0x7f8efa7cb450, '|':PageItemCell:0x7f8efa7cb450 )>"", ""<NSLayoutConstraint:0x7f8f17556f20 'NSView-Encapsulated-Layout-Width' H:[PageItemCell(73)] (Names: PageItemCell:0x7f8efa7cb450 )>"", ""<NSLayoutConstraint:0x7f8efa7dc1c0 H:[NSImageView:0x7f8efa7db900]-(10)-[NSTextField:0x7f8efa7da9a0]>"", ""<NSLayoutConstraint:0x7f8efa7cbf70 H:[NSTextField:0x7f8f02f1da90]-(14)-| (Names: PageItemCell:0x7f8efa7cb450, '|':PageItemCell:0x7f8efa7cb450 )>"", ""<NSLayoutConstraint:0x7f8efa7dc350 H:[NSTextField:0x7f8efa7da9a0]-(>=NSSpace(8))-[NSTextField:0x7f8f02f1da90]>"" ) Will attempt to recover by breaking constraint <NSLayoutConstraint:0x7f8efa7db140 H:[NSImageView:0x7f8efa7db900(38)]> Set the NSUserDefault NSConstraintBasedLayoutVisualizeMutuallyExclusiveConstraints to YES to have -[NSWindow visualizeConstraints:] automatically called when this happens. And/or, break on objc_exception_throw to catch this in the debugger.",0.8202,-_continuousScroll is deprecated for NSScrollWheel. Please use -hasPreciseScrollingDeltas.,0.4816,Cocoa scripting error for <*> four character codes must be four characters long.,0.4592,118.64,352
582,"Path not allowed in target domain: type = pid, path = /System/Library/StagedFrameworks/Safari/SafariShared.framework/Versions/A/XPCServices/<*>/Contents/MacOS/<*> error = 147: The specified service did not ship in the requestor's bundle, origin = /System/Library/StagedFrameworks/Safari/WebKit.framework/Versions/A/XPCServices/<*>",exact,"Path not allowed in target domain: type = pid, path = /System/Library/StagedFrameworks/Safari/SafariShared.framework/Versions/A/XPCServices/<*>/Contents/MacOS/<*> error = 147: The specified service did not ship in the requestor's bundle, origin = /System/Library/StagedFrameworks/Safari/WebKit.framework/Versions/A/XPCServices/<*>",1.0,"[CardDAVPlugin-ERROR] -getPrincipalInfo:[_controller supportsRequestCompressionAtURL:https://13957525385%40163.com@<*>/874161398/principal/] Error Domain=NSURLErrorDomain Code=-1009 ""The Internet connection appears to be offline."" UserInfo={NSUnderlyingError=0x7f8de0c0dc70 {Error Domain=kCFErrorDomainCFNetwork Code=-1009 ""The Internet connection appears to be offline."" UserInfo={NSErrorFailingURLStringKey=https://13957525385%40163.com@<*>/874161398/principal/, NSErrorFailingURLKey=https://13957525385%40163.com@<*>/874161398/principal/, _kCFStreamErrorCodeKey=8, _kCFStreamErrorDomainKey=12, NSLocalizedDescription=The Internet connection appears to be offline.}}, NSErrorFailingURLStringKey=https://13957525385%40163.com@<*>/874161398/principal/, NSErrorFailingURLKey=https://13957525385%40163.com@<*>/874161398/principal/, _kCFStreamErrorDomainKey=12, _kCFStreamErrorCodeKey=8, NSLocalizedDescription=The Internet connection appears to be offline.}",0.4351,"securityd_xpc_dictionary_handler cloudd[326] copy_matching Error Domain=NSOSStatusErrorDomain Code=-50 ""query missing class name"" (paramErr: error in user parameter list) UserInfo={NSDescription=query missing class name}",0.4209,103.45,352
583,2017-07-08 06:26:32.364 GoogleSoftwareUpdateAgent[39159/0x7000002a0000] [lvl=2] -[KSAgentApp(KeystoneDelegate) updateEngineFinishedWithErrors:] Keystone finished: errors=0,partial,"<*> GoogleSoftwareUpdateAgent[35018/0x7000002a0000] [lvl=2] -[KSOutOfProcessFetcher(PrivateMethods) helperDidTerminate:] KSOutOfProcessFetcher fetch ended for URL: ""https://<*>/service/update2?cup2hreq=a70d6372a4e45a6cbba61cd7f057c79bf73c79db1b1951dc17c605e870f0419b&cup2key=7:934679018""",0.8822,"<*> GoogleSoftwareUpdateAgent[32432/0x7000002a0000] [lvl=2] -[KSUpdateEngine updateAllExceptProduct:] KSUpdateEngine updating all installed products, except:'<*>'.",0.735,"<*> GoogleSoftwareUpdateAgent[33263/0x700000323000] [lvl=2] -[KSAgentApp performSelfUpdateWithEngine:] Checking for self update with Engine: <KSUpdateEngine:0x10062de70 ticketStore=<KSPersistentTicketStore:0x1005206e0 store=<KSKeyedPersistentStore:0x1005282c0 path=""/Users/xpc/Library/Google/GoogleSoftwareUpdate/TicketStore/Keystone.ticketstore"" lockFile=<KSLockFile:0x100510480 path=""/Users/xpc/Library/Google/GoogleSoftwareUpdate/TicketStore/<*>"" locked=NO > >> processor=<KSActionProcessor:0x10062e060 delegate=<KSUpdateEngine:0x10062de70> isProcessing=NO actionsCompleted=0 progress=0.00 errors=0 currentActionErrors=0 events=0 currentActionEvents=0 actionQueue=( ) > delegate=(null) serverInfoStore=<KSServerPrivateInfoStore:0x10062d2d0 path=""/Users/xpc/Library/Google/GoogleSoftwareUpdate/Servers""> errors=0 >",0.7301,100.92,352
584,2017-07-08 06:26:32.365 GoogleSoftwareUpdateAgent[39159/0x7000002a0000] [lvl=2] -[KSAgentApp(KeystoneThread) runKeystonesInThreadWithArg:] About to run checks for any other apps.,fuzzy,"<*> GoogleSoftwareUpdateAgent[31702/0x7000002a0000] [lvl=2] -[KSAgentApp(KeystoneThread) runKeystonesInThreadWithArg:] Checking with local engine: <KSUpdateEngine:0x100259c60 ticketStore=<KSPersistentTicketStore:0x100253770 store=<KSKeyedPersistentStore:0x100254d10 path=""/Users/xpc/Library/Google/GoogleSoftwareUpdate/TicketStore/Keystone.ticketstore"" lockFile=<KSLockFile:0x100254d80 path=""/Users/xpc/Library/Google/GoogleSoftwareUpdate/TicketStore/<*>"" locked=NO > >> processor=<KSActionProcessor:0x100259e70 delegate=<KSUpdateEngine:0x100259c60> isProcessing=NO actionsCompleted=0 progress=0.00 errors=0 currentActionErrors=0 events=0 currentActionEvents=0 actionQueue=( ) > delegate=(null) serverInfoStore=<KSServerPrivateInfoStore:0x1002594d0 path=""/Users/xpc/Library/Google/GoogleSoftwareUpdate/Servers""> errors=0 >",0.7421,"<*> GoogleSoftwareUpdateAgent[35018/0x7000002a0000] [lvl=2] -[KSOutOfProcessFetcher(PrivateMethods) helperDidTerminate:] KSOutOfProcessFetcher fetch ended for URL: ""https://<*>/service/update2?cup2hreq=a70d6372a4e45a6cbba61cd7f057c79bf73c79db1b1951dc17c605e870f0419b&cup2key=7:934679018""",0.7128,"<*> GoogleSoftwareUpdateAgent[36128/0x7000002a0000] [lvl=2] -[KSOutOfProcessFetcher beginFetchWithDelegate:] KSOutOfProcessFetcher fetching from URL: ""https://<*>/service/update2?cup2hreq=ac844e04cbb398fcef4cf81b4ffc44a3ebc863e89d19c0b5d39d02d78d26675b&cup2key=7:677488741""",0.6861,101.49,352
585,ARPT: 787923.793193: wl0: leaveModulePoweredForOffloads: Wi-Fi will stay on.,exact,ARPT: <*> wl0: leaveModulePoweredForOffloads: Wi-Fi will stay on.,0.992,"ARPT: <*> wl0: Roamed or switched channel, reason #8, bssid 5c:50:15:4c:18:13, last RSSI -64",0.6544,ARPT: <*> wl0: setup_keepalive: Local IP: <*>,0.6339,99.0,352
586,"Arranged view frame: {{0, 0} {260, 877}}",new,"Arranged view frame: {{0, 0} {260, 877}}",1.0,,0.0,,0.0,103.13,353
587,[<*>] [Refusing to parse response to PROPPATCH because of content-type: [text/html; charset=UTF-8].],exact,[<*>] [Refusing to parse response to PROPPATCH because of content-type: [text/html; charset=UTF-8].],1.0,after trim url = https://<*>/_/chrome/newtab?rlz=1C5CHFA_enHK732HK732&espv=2&ie=UTF-8,0.3403,"Service ""<*>"" tried to hijack endpoint ""<*>"" from owner: com.apple.SystemUIServer.agent<*>",0.3364,103.35,353
588,IO80211AWDLPeerManager::setAwdlOperatingMode Setting the AWDL operation mode from AUTO to SUSPENDED,exact,IO80211AWDLPeerManager::setAwdlOperatingMode Setting the AWDL operation mode from <*> to <*>,0.9995,"IO80211AWDLPeerManager::setAwdlSuspendedMode() Suspending AWDL, enterQuietMode(true)",0.8906,IO80211AWDLPeerManager::setAwdlAutoMode Resuming AWDL,0.789,99.37,353
589,CCProfileMonitor::setStreamEventHandler,fuzzy,CCXPCService::setStreamEventHandler Registered for notification callback.,0.7461,CCProfileMonitor::freeResources done,0.5445,CCFile::captureLogRun() Exiting CCFile::captureLogRun,0.4714,103.23,353
590,Location icon should now be in state 'Inactive',exact,Location icon should now be in state 'Inactive',1.0,Location icon should now be in state 'Active',0.9243,Error returned from iconservicesagent: (null),0.4138,103.05,353
591,Telling CSI to go low power.,new,Telling CSI to go low power.,1.0,,0.0,,0.0,107.86,354
592,ARPT: 790457.609414: AirPort_Brcm43xx::powerChange: System Sleep,exact,ARPT: <*> AirPort_Brcm43xx::powerChange: System Sleep,0.9908,ARPT: <*> AirPort_Brcm43xx::powerChange: System Wake - Full Wake/ Dark Wake / Maintenance wake,0.88,ARPT: <*> AirPort_Brcm43xx::syncPowerState: WWEN[enabled],0.7744,100.03,354
593,-[UABestAppSuggestionManager notifyBestAppChanged:type:options:bundleIdentifier:activityType:dynamicIdentifier:when:confidence:deviceName:deviceIdentifier:deviceType:] (null) UASuggestedActionType=0 (null)/(null) opts=(null) when=2017-07-08 14:29:50 +0000 confidence=1 from=(null)/(null) (UABestAppSuggestionManager.m #319),exact,-[UABestAppSuggestionManager notifyBestAppChanged:type:options:bundleIdentifier:activityType:dynamicIdentifier:when:confidence:deviceName:deviceIdentifier:deviceType:] (null) UASuggestedActionType=0 (null)/(null) opts=(null) when<*> <*> +0000 confidence=1 from=(null)/(null) (UABestAppSuggestionManager.m #319),0.9998,-[SFLListManager(ServiceReplyProtocol) notifyChanges:toListWithIdentifier:] Notified of item changes to list with identifier com.apple.LSSharedFileList.RecentApplications<*>,0.4626,<IMMacNotificationCenterManager: 0x7fdcc9d16380>: notification observer: com.apple.FaceTime<*> notification: __CFNotification <*> {name = _NSDoNotDisturbEnabledNotification},0.4315,105.72,354
594,"SOSAccountThisDeviceCanSyncWithCircle sync with device failure: Error Domain=<*> Code=1035 ""Account identity not set"" UserInfo={NSDescription=Account identity not set}",exact,"SOSAccountThisDeviceCanSyncWithCircle sync with device failure: Error Domain=<*> Code=1035 ""Account identity not set"" UserInfo={NSDescription=Account identity not set}",1.0,"[Accounts] Current connection, <NSXPCConnection: 0x7fda74805bf0> connection from pid 487, doesn't have account access.",0.5028,"[CardDAVPlugin-ERROR] -getPrincipalInfo:[_controller supportsRequestCompressionAtURL:https://13957525385%40163.com@<*>/874161398/principal/] Error Domain=NSURLErrorDomain Code=-1009 ""The Internet connection appears to be offline."" UserInfo={NSUnderlyingError=0x7f8de0c0dc70 {Error Domain=kCFErrorDomainCFNetwork Code=-1009 ""The Internet connection appears to be offline."" UserInfo={NSErrorFailingURLStringKey=https://13957525385%40163.com@<*>/874161398/principal/, NSErrorFailingURLKey=https://13957525385%40163.com@<*>/874161398/principal/, _kCFStreamErrorCodeKey=8, _kCFStreamErrorDomainKey=12, NSLocalizedDescription=The Internet connection appears to be offline.}}, NSErrorFailingURLStringKey=https://13957525385%40163.com@<*>/874161398/principal/, NSErrorFailingURLKey=https://13957525385%40163.com@<*>/874161398/principal/, _kCFStreamErrorDomainKey=12, _kCFStreamErrorCodeKey=8, NSLocalizedDescription=The Internet connection appears to be offline.}",0.465,100.72,354
595,Bluetooth -- LE is supported - Disable LE meta event,exact,Bluetooth -- LE is supported - Disable LE meta event,1.0,[BluetoothHIDDeviceController] <*>,0.5043,[IOBluetoothFamily][staticBluetoothTransportShowsUp] -- Received Bluetooth Controller register service notification -- <*>,0.4377,109.41,354
596,ARPT: 790564.863081: wl0: MDNS: IPV6 Addr: 2607:f140:6000:8:c6b3:1ff:fecd:467f,exact,ARPT: <*> wl0: MDNS: IPV6 Addr: fe<*>,0.9925,ARPT: <*> wl0: MDNS: IPV6 Addr: <*>,0.9402,ARPT: <*> wl0: MDNS: IPV4 Addr: <*>,0.8553,113.9,354
597,"USBMSC Identifier (non-unique): 000000000820 0x5ac 0x8406 0x820, 3",exact,USBMSC Identifier (non-unique): <*> 3,1.0,device_generate_desktop_screenshot: authw <*> shield <*>,0.4438,ARPT: <*> framerdy <*> bmccmd <*> framecnt <*>,0.4315,99.39,354
598,AppleCamIn::systemWakeCall - messageType = 0xE0000340,exact,AppleCamIn::systemWakeCall - messageType = <*>,0.9999,AppleCamIn::handleWakeEvent_gated,0.711,AppleCamIn::wakeEventHandlerThread,0.6906,107.45,354
599,Wake reason: RTC (Alarm),exact,Wake reason: RTC (Alarm),1.0,Wake reason: ?,0.6905,Wake reason: EC.SleepTimer (SleepTimer),0.6685,99.95,354
600,AppleCamIn::wakeEventHandlerThread,exact,AppleCamIn::wakeEventHandlerThread,1.0,AppleCamIn::handleWakeEvent_gated,0.7262,AppleCamIn::systemWakeCall - messageType = <*>,0.6907,101.77,354
