log_id,normalised,match_type,top1_template,top1_score,top2_template,top2_score,top3_template,top3_score,latency_ms,store_size
1,Active base files: /var/lib/nova/instances/_base/a<*>c<*>f<*>c<*>da<*>b<*>c<*>bb<*>ac<*>e<*>,exact,Active base files: /var/lib/nova/instances/_base/a<*>c<*>f<*>c<*>da<*>b<*>c<*>bb<*>ac<*>e<*>,1.0,Removable base files: /var/lib/nova/instances/_base/a<*>c<*>f<*>c<*>da<*>b<*>c<*>bb<*>ac<*>e<*>,0.871,Unknown base file: /var/lib/nova/instances/_base/a<*>c<*>f<*>c<*>da<*>b<*>c<*>bb<*>ac<*>e<*>,0.84,55.74,123
2,"<*> ""GET <*>HTTP<*>status: <*> len: <*> time: <*>.<*>",exact,"<*> ""GET <*>HTTP<*>status: HTTP<*> len: <*> time: <*>",1.0,"<*> ""POST <*>HTTP<*>status: HTTP<*> len: <*> time: <*>",0.8917,"<*> ""DELETE <*>HTTP<*>status: HTTP<*> len: <*> time: <*>",0.7937,43.0,123
3,"<*> ""GET <*>HTTP<*>status: <*> len: <*> time: <*>.<*>",exact,"<*> ""GET <*>HTTP<*>status: HTTP<*> len: <*> time: <*>",1.0,"<*> ""POST <*>HTTP<*>status: HTTP<*> len: <*> time: <*>",0.8917,"<*> ""DELETE <*>HTTP<*>status: HTTP<*> len: <*> time: <*>",0.7937,49.09,123
4,"<*> ""GET <*>HTTP<*>status: <*> len: <*> time: <*>.<*>",exact,"<*> ""GET <*>HTTP<*>status: HTTP<*> len: <*> time: <*>",1.0,"<*> ""POST <*>HTTP<*>status: HTTP<*> len: <*> time: <*>",0.8917,"<*> ""DELETE <*>HTTP<*>status: HTTP<*> len: <*> time: <*>",0.7937,40.06,123
5,"<*> ""GET <*>HTTP<*>status: <*> len: <*> time: <*>.<*>",exact,"<*> ""GET <*>HTTP<*>status: HTTP<*> len: <*> time: <*>",1.0,"<*> ""POST <*>HTTP<*>status: HTTP<*> len: <*> time: <*>",0.8917,"<*> ""DELETE <*>HTTP<*>status: HTTP<*> len: <*> time: <*>",0.7937,42.82,123
6,"<*> ""GET <*>HTTP<*>status: <*> len: <*> time: <*>.<*>",exact,"<*> ""GET <*>HTTP<*>status: HTTP<*> len: <*> time: <*>",1.0,"<*> ""POST <*>HTTP<*>status: HTTP<*> len: <*> time: <*>",0.8917,"<*> ""DELETE <*>HTTP<*>status: HTTP<*> len: <*> time: <*>",0.7937,39.19,123
7,"<*> ""GET <*>HTTP<*>status: <*> len: <*> time: <*>.<*>",exact,"<*> ""GET <*>HTTP<*>status: HTTP<*> len: <*> time: <*>",1.0,"<*> ""POST <*>HTTP<*>status: HTTP<*> len: <*> time: <*>",0.8917,"<*> ""DELETE <*>HTTP<*>status: HTTP<*> len: <*> time: <*>",0.7937,39.08,123
8,image <*>dd<*>-<*>c<*>-<*>fbb-<*>c<*>-<*>fbe<*>b<*> at (<*>checking,exact,image <*> at (<*>checking,1.0,[instance: fecdd<*>a<*>-<*>ca<*>-<*>c<*>-<*>-<*>b<*>f<*>e] Creating image,0.7025,[instance: <*> Creating image,0.6709,40.69,123
9,"image <*>dd<*>-<*>c<*>-<*>fbb-<*>c<*>-<*>fbe<*>b<*> at (<*>in use: on this node <*> local, <*> on other nodes sharing this instance storage",exact,"image <*> at (<*>in use: on this node node<*> local, local<*> on other nodes sharing this instance storage",1.0,image <*> at (<*>checking,0.6627,[instance: <*>ea<*>-cbf<*>-<*>f<*>e-<*>fe-<*>fd<*>f<*>] Creating image,0.5238,41.29,123
10,Active base files: /var/lib/nova/instances/_base/a<*>c<*>f<*>c<*>da<*>b<*>c<*>bb<*>ac<*>e<*>,exact,Active base files: /var/lib/nova/instances/_base/a<*>c<*>f<*>c<*>da<*>b<*>c<*>bb<*>ac<*>e<*>,1.0,Removable base files: /var/lib/nova/instances/_base/a<*>c<*>f<*>c<*>da<*>b<*>c<*>bb<*>ac<*>e<*>,0.871,Unknown base file: /var/lib/nova/instances/_base/a<*>c<*>f<*>c<*>da<*>b<*>c<*>bb<*>ac<*>e<*>,0.84,40.62,123
11,Creating event network-vif-plugged:<*>c<*>f-<*>d<*>-<*>-ae<*>b-<*>bca<*>d<*>a<*> for instance be<*>e<*>-<*>cc<*>-<*>f<*>-<*>-<*>c<*>a<*>a<*>bc,partial,Creating event network<*> for instance <*>,0.9807,[instance: <*> VM <*> (Lifecycle Event),0.4981,[instance: <*>a<*>d<*>-<*>b<*>-<*>c<*>-b<*>-<*>a<*>cadf] VM <*> (Lifecycle Event),0.4796,43.34,123
12,"<*> ""POST <*>HTTP<*>status: <*> len: <*> time: <*>.<*>",exact,"<*> ""POST <*>HTTP<*>status: HTTP<*> len: <*> time: <*>",1.0,"<*> ""GET <*>HTTP<*>status: HTTP<*> len: <*> time: <*>",0.8917,"<*> ""DELETE <*>HTTP<*>status: HTTP<*> len: <*> time: <*>",0.8163,39.42,123
13,[instance: be<*>e<*>-<*>cc<*>-<*>f<*>-<*>-<*>c<*>a<*>a<*>bc] VM Resumed (Lifecycle Event),partial,[instance: <*> VM Resumed (Lifecycle Event),0.9663,[instance: <*> VM <*> (Lifecycle Event),0.9107,[instance: <*> VM Stopped (Lifecycle Event),0.8885,40.96,123
14,[instance: be<*>e<*>-<*>cc<*>-<*>f<*>-<*>-<*>c<*>a<*>a<*>bc] Instance spawned successfully.,partial,[instance: <*> Instance spawned successfully.,0.9465,[instance: b<*>-fe<*>a-<*>b-b<*>cc-<*>e<*>b<*>cd<*>d] Instance spawned successfully.,0.832,[instance: fecdd<*>a<*>-<*>ca<*>-<*>c<*>-<*>-<*>b<*>f<*>e] Instance spawned successfully.,0.828,41.32,123
15,[instance: be<*>e<*>-<*>cc<*>-<*>f<*>-<*>-<*>c<*>a<*>a<*>bc] Took <*>.<*> seconds to spawn the instance on the hypervisor.,partial,[instance: <*> Took <*> seconds to spawn the instance on the hypervisor.,0.9646,[instance: b<*>-fe<*>a-<*>b-b<*>cc-<*>e<*>b<*>cd<*>d] Took <*> seconds to <*> the instance on the hypervisor.,0.877,[instance: <*> Took <*> seconds to destroy the instance on the hypervisor.,0.8705,42.02,123
16,[instance: be<*>e<*>-<*>cc<*>-<*>f<*>-<*>-<*>c<*>a<*>a<*>bc] During sync_power_state the instance has a pending task (spawning). Skip.,partial,[instance: <*> During sync_power_state the instance has a pending task (spawning). Skip.,0.9812,"While synchronizing instance power states, found <*> instances in the database and <*> instances on the hypervisor.",0.6083,[instance: <*> Took <*> seconds to spawn the instance on the hypervisor.,0.6011,41.14,123
17,[instance: be<*>e<*>-<*>cc<*>-<*>f<*>-<*>-<*>c<*>a<*>a<*>bc] VM Resumed (Lifecycle Event),partial,[instance: <*> VM Resumed (Lifecycle Event),0.9721,[instance: <*> VM <*> (Lifecycle Event),0.9107,[instance: <*> VM Stopped (Lifecycle Event),0.8885,40.91,123
18,[instance: be<*>e<*>-<*>cc<*>-<*>f<*>-<*>-<*>c<*>a<*>a<*>bc] Took <*>.<*> seconds to build instance.,partial,[instance: <*> Took <*> seconds to build instance.,0.9554,[instance: b<*>-fe<*>a-<*>b-b<*>cc-<*>e<*>b<*>cd<*>d] Took <*> seconds to build instance.,0.8586,[instance: <*>dc<*>-<*>-<*>cc-<*>e-<*>b<*>c<*>dcf] Took <*> seconds to build instance.,0.8434,41.57,123
19,"<*> ""GET <*>HTTP<*>status: <*> len: <*> time: <*>.<*>",exact,"<*> ""GET <*>HTTP<*>status: HTTP<*> len: <*> time: <*>",1.0,"<*> ""POST <*>HTTP<*>status: HTTP<*> len: <*> time: <*>",0.8917,"<*> ""DELETE <*>HTTP<*>status: HTTP<*> len: <*> time: <*>",0.7937,39.15,123
20,"<*> ""GET <*>HTTP<*>status: <*> len: <*> time: <*>.<*>",exact,"<*> ""GET <*>HTTP<*>status: HTTP<*> len: <*> time: <*>",1.0,"<*> ""POST <*>HTTP<*>status: HTTP<*> len: <*> time: <*>",0.8917,"<*> ""DELETE <*>HTTP<*>status: HTTP<*> len: <*> time: <*>",0.7937,39.0,123
21,image <*>dd<*>-<*>c<*>-<*>fbb-<*>c<*>-<*>fbe<*>b<*> at (<*>checking,exact,image <*> at (<*>checking,1.0,[instance: fecdd<*>a<*>-<*>ca<*>-<*>c<*>-<*>-<*>b<*>f<*>e] Creating image,0.7025,[instance: <*> Creating image,0.6709,40.38,123
22,"image <*>dd<*>-<*>c<*>-<*>fbb-<*>c<*>-<*>fbe<*>b<*> at (<*>in use: on this node <*> local, <*> on other nodes sharing this instance storage",exact,"image <*> at (<*>in use: on this node node<*> local, local<*> on other nodes sharing this instance storage",1.0,image <*> at (<*>checking,0.6627,[instance: <*>ea<*>-cbf<*>-<*>f<*>e-<*>fe-<*>fd<*>f<*>] Creating image,0.5238,41.86,123
23,Active base files: /var/lib/nova/instances/_base/a<*>c<*>f<*>c<*>da<*>b<*>c<*>bb<*>ac<*>e<*>,exact,Active base files: /var/lib/nova/instances/_base/a<*>c<*>f<*>c<*>da<*>b<*>c<*>bb<*>ac<*>e<*>,1.0,Removable base files: /var/lib/nova/instances/_base/a<*>c<*>f<*>c<*>da<*>b<*>c<*>bb<*>ac<*>e<*>,0.871,Unknown base file: /var/lib/nova/instances/_base/a<*>c<*>f<*>c<*>da<*>b<*>c<*>bb<*>ac<*>e<*>,0.84,40.79,123
24,"<*> ""GET <*>HTTP<*>status: <*> len: <*> time: <*>.<*>",exact,"<*> ""GET <*>HTTP<*>status: HTTP<*> len: <*> time: <*>",1.0,"<*> ""POST <*>HTTP<*>status: HTTP<*> len: <*> time: <*>",0.8917,"<*> ""DELETE <*>HTTP<*>status: HTTP<*> len: <*> time: <*>",0.7937,38.95,123
25,"<*> ""GET <*>HTTP<*>status: <*> len: <*> time: <*>.<*>",exact,"<*> ""GET <*>HTTP<*>status: HTTP<*> len: <*> time: <*>",1.0,"<*> ""POST <*>HTTP<*>status: HTTP<*> len: <*> time: <*>",0.8917,"<*> ""DELETE <*>HTTP<*>status: HTTP<*> len: <*> time: <*>",0.7937,39.38,123
26,"<*> ""GET <*>HTTP<*>status: <*> len: <*> time: <*>.<*>",exact,"<*> ""GET <*>HTTP<*>status: HTTP<*> len: <*> time: <*>",1.0,"<*> ""POST <*>HTTP<*>status: HTTP<*> len: <*> time: <*>",0.8917,"<*> ""DELETE <*>HTTP<*>status: HTTP<*> len: <*> time: <*>",0.7937,39.06,123
27,"<*> ""GET <*>HTTP<*>status: <*> len: <*> time: <*>.<*>",exact,"<*> ""GET <*>HTTP<*>status: HTTP<*> len: <*> time: <*>",1.0,"<*> ""POST <*>HTTP<*>status: HTTP<*> len: <*> time: <*>",0.8917,"<*> ""DELETE <*>HTTP<*>status: HTTP<*> len: <*> time: <*>",0.7937,39.25,123
28,"<*> ""GET <*>HTTP<*>status: <*> len: <*> time: <*>.<*>",exact,"<*> ""GET <*>HTTP<*>status: HTTP<*> len: <*> time: <*>",1.0,"<*> ""POST <*>HTTP<*>status: HTTP<*> len: <*> time: <*>",0.8917,"<*> ""DELETE <*>HTTP<*>status: HTTP<*> len: <*> time: <*>",0.7937,39.77,123
29,"<*> ""GET <*>HTTP<*>status: <*> len: <*> time: <*>.<*>",exact,"<*> ""GET <*>HTTP<*>status: HTTP<*> len: <*> time: <*>",1.0,"<*> ""POST <*>HTTP<*>status: HTTP<*> len: <*> time: <*>",0.8917,"<*> ""DELETE <*>HTTP<*>status: HTTP<*> len: <*> time: <*>",0.7937,38.77,123
30,"<*> ""GET <*>HTTP<*>status: <*> len: <*> time: <*>.<*>",exact,"<*> ""GET <*>HTTP<*>status: HTTP<*> len: <*> time: <*>",1.0,"<*> ""POST <*>HTTP<*>status: HTTP<*> len: <*> time: <*>",0.8917,"<*> ""DELETE <*>HTTP<*>status: HTTP<*> len: <*> time: <*>",0.7937,38.79,123
31,"<*> ""DELETE <*>HTTP<*>status: <*> len: <*> time: <*>.<*>",exact,"<*> ""DELETE <*>HTTP<*>status: HTTP<*> len: <*> time: <*>",1.0,"<*> ""POST <*>HTTP<*>status: HTTP<*> len: <*> time: <*>",0.8163,"<*> ""GET <*>HTTP<*>status: HTTP<*> len: <*> time: <*>",0.7937,39.45,123
32,[instance: be<*>e<*>-<*>cc<*>-<*>f<*>-<*>-<*>c<*>a<*>a<*>bc] Terminating instance,partial,[instance: <*> Terminating instance,0.9346,[instance: bf<*>c<*>d-f<*>-<*>-a<*>e-e<*>da<*>e] Terminating instance,0.8482,[instance: <*>dc<*>-<*>-<*>cc-<*>e-<*>b<*>c<*>dcf] Terminating instance,0.8385,41.16,123
33,"<*> ""GET <*>HTTP<*>status: <*> len: <*> time: <*>.<*>",exact,"<*> ""GET <*>HTTP<*>status: HTTP<*> len: <*> time: <*>",1.0,"<*> ""POST <*>HTTP<*>status: HTTP<*> len: <*> time: <*>",0.8917,"<*> ""DELETE <*>HTTP<*>status: HTTP<*> len: <*> time: <*>",0.7937,39.49,123
34,[instance: be<*>e<*>-<*>cc<*>-<*>f<*>-<*>-<*>c<*>a<*>a<*>bc] Instance destroyed successfully.,partial,[instance: <*> Instance destroyed successfully.,0.9473,[instance: b<*>-fe<*>a-<*>b-b<*>cc-<*>e<*>b<*>cd<*>d] Instance destroyed successfully.,0.8481,[instance: <*>a<*>d<*>-<*>b<*>-<*>c<*>-b<*>-<*>a<*>cadf] Instance destroyed successfully.,0.8216,40.54,123
35,"<*> ""GET <*>HTTP<*>status: <*> len: <*> time: <*>.<*>",exact,"<*> ""GET <*>HTTP<*>status: HTTP<*> len: <*> time: <*>",1.0,"<*> ""POST <*>HTTP<*>status: HTTP<*> len: <*> time: <*>",0.8917,"<*> ""DELETE <*>HTTP<*>status: HTTP<*> len: <*> time: <*>",0.7937,38.63,123
36,[instance: be<*>e<*>-<*>cc<*>-<*>f<*>-<*>-<*>c<*>a<*>a<*>bc] Deleting instance files /var/lib/nova/instances/be<*>e<*>-<*>cc<*>-<*>f<*>-<*>-<*>c<*>a<*>a<*>bc_del,partial,[instance: <*> Deleting instance files <*>,0.9694,[instance: fecdd<*>a<*>-<*>ca<*>-<*>c<*>-<*>-<*>b<*>f<*>e] Deleting instance files /var/lib/nova/instances/fecdd<*>a<*>-<*>ca<*>-<*>c<*>-<*>-<*>b<*>f<*>e_del,0.887,Removing base or swap file: /var/lib/nova/instances/_base/a<*>c<*>f<*>c<*>da<*>b<*>c<*>bb<*>ac<*>e<*>,0.7552,44.52,123
37,[instance: be<*>e<*>-<*>cc<*>-<*>f<*>-<*>-<*>c<*>a<*>a<*>bc] Deletion of <*>complete,partial,[instance: <*> Deletion of <*>complete,0.9488,[instance: fecdd<*> Deletion of <*>complete,0.8845,[instance: <*>dc<*>-<*>-<*>cc-<*>e-<*>b<*>c<*>dcf] Deletion of <*>complete,0.8688,40.39,123
38,[instance: be<*>e<*>-<*>cc<*>-<*>f<*>-<*>-<*>c<*>a<*>a<*>bc] Took <*>.<*> seconds to destroy the instance on the hypervisor.,partial,[instance: <*> Took <*> seconds to destroy the instance on the hypervisor.,0.9656,[instance: b<*>-fe<*>a-<*>b-b<*>cc-<*>e<*>b<*>cd<*>d] Took <*> seconds to <*> the instance on the hypervisor.,0.8862,[instance: <*> Took <*> seconds to spawn the instance on the hypervisor.,0.8824,40.87,123
39,"<*> ""GET <*>HTTP<*>status: <*> len: <*> time: <*>.<*>",exact,"<*> ""GET <*>HTTP<*>status: HTTP<*> len: <*> time: <*>",1.0,"<*> ""POST <*>HTTP<*>status: HTTP<*> len: <*> time: <*>",0.8917,"<*> ""DELETE <*>HTTP<*>status: HTTP<*> len: <*> time: <*>",0.7937,38.92,123
40,[instance: be<*>e<*>-<*>cc<*>-<*>f<*>-<*>-<*>c<*>a<*>a<*>bc] Took <*>.<*> seconds to deallocate network for instance.,partial,[instance: <*> Took <*> seconds to deallocate network for instance.,0.9607,[instance: fecdd<*> Took <*> seconds to deallocate network for instance.,0.9071,[instance: <*>a<*>d<*>-<*>b<*>-<*>c<*>-b<*>-<*>a<*>cadf] Took <*> seconds to deallocate network for instance.,0.8697,41.76,123
41,Unknown base file: /var/lib/nova/instances/_base/a<*>c<*>f<*>c<*>da<*>b<*>c<*>bb<*>ac<*>e<*>,exact,Unknown base file: /var/lib/nova/instances/_base/a<*>c<*>f<*>c<*>da<*>b<*>c<*>bb<*>ac<*>e<*>,1.0,Removing base or swap file: /var/lib/nova/instances/_base/a<*>c<*>f<*>c<*>da<*>b<*>c<*>bb<*>ac<*>e<*>,0.8518,Base or swap file too young to remove: /var/lib/nova/instances/_base/a<*>c<*>f<*>c<*>da<*>b<*>c<*>bb<*>ac<*>e<*>,0.8448,40.77,123
42,Removable base files: /var/lib/nova/instances/_base/a<*>c<*>f<*>c<*>da<*>b<*>c<*>bb<*>ac<*>e<*>,exact,Removable base files: /var/lib/nova/instances/_base/a<*>c<*>f<*>c<*>da<*>b<*>c<*>bb<*>ac<*>e<*>,1.0,Active base files: /var/lib/nova/instances/_base/a<*>c<*>f<*>c<*>da<*>b<*>c<*>bb<*>ac<*>e<*>,0.871,Removing base or swap file: /var/lib/nova/instances/_base/a<*>c<*>f<*>c<*>da<*>b<*>c<*>bb<*>ac<*>e<*>,0.8165,40.94,123
43,Removing base or swap file: /var/lib/nova/instances/_base/a<*>c<*>f<*>c<*>da<*>b<*>c<*>bb<*>ac<*>e<*>,exact,Removing base or swap file: /var/lib/nova/instances/_base/a<*>c<*>f<*>c<*>da<*>b<*>c<*>bb<*>ac<*>e<*>,1.0,Base or swap file too young to remove: /var/lib/nova/instances/_base/a<*>c<*>f<*>c<*>da<*>b<*>c<*>bb<*>ac<*>e<*>,0.969,Unknown base file: /var/lib/nova/instances/_base/a<*>c<*>f<*>c<*>da<*>b<*>c<*>bb<*>ac<*>e<*>,0.8518,40.75,123
44,"<*> ""GET <*>HTTP<*>status: <*> len: <*> time: <*>.<*>",exact,"<*> ""GET <*>HTTP<*>status: HTTP<*> len: <*> time: <*>",1.0,"<*> ""POST <*>HTTP<*>status: HTTP<*> len: <*> time: <*>",0.8917,"<*> ""DELETE <*>HTTP<*>status: HTTP<*> len: <*> time: <*>",0.7937,38.74,123
45,HTTP exception thrown: No instances found for any event,exact,HTTP exception thrown: No instances found for any event,1.0,"<*> ""DELETE <*>HTTP<*>status: HTTP<*> len: <*> time: <*>",0.2495,"<*> ""POST <*>HTTP<*>status: HTTP<*> len: <*> time: <*>",0.2452,42.24,123
46,"<*> ""POST <*>HTTP<*>status: <*> len: <*> time: <*>.<*>",exact,"<*> ""POST <*>HTTP<*>status: HTTP<*> len: <*> time: <*>",1.0,"<*> ""GET <*>HTTP<*>status: HTTP<*> len: <*> time: <*>",0.8917,"<*> ""DELETE <*>HTTP<*>status: HTTP<*> len: <*> time: <*>",0.8163,45.25,123
47,"<*> ""POST <*>HTTP<*>status: <*> len: <*> time: <*>.<*>",exact,"<*> ""POST <*>HTTP<*>status: HTTP<*> len: <*> time: <*>",1.0,"<*> ""GET <*>HTTP<*>status: HTTP<*> len: <*> time: <*>",0.8917,"<*> ""DELETE <*>HTTP<*>status: HTTP<*> len: <*> time: <*>",0.8163,48.59,123
48,"<*> ""GET <*>HTTP<*>status: <*> len: <*> time: <*>.<*>",exact,"<*> ""GET <*>HTTP<*>status: HTTP<*> len: <*> time: <*>",1.0,"<*> ""POST <*>HTTP<*>status: HTTP<*> len: <*> time: <*>",0.8917,"<*> ""DELETE <*>HTTP<*>status: HTTP<*> len: <*> time: <*>",0.7937,49.25,123
49,"[instance: a<*>cf<*>-<*>bb-<*>-a<*>d-<*>c<*>ac<*>a<*>d] Attempting claim: memory <*> MB, disk <*> GB, vcpus <*> CPU",partial,"[instance: fecdd<*>a<*>-<*>ca<*>-<*>c<*>-<*>-<*>b<*>f<*>e] Attempting claim: memory <*> MB, disk <*> GB, vcpus <*> CPU",0.8766,"[instance: <*>a<*>d<*>-<*>b<*>-<*>c<*>-b<*>-<*>a<*>cadf] Attempting claim: memory <*> MB, disk <*> GB, vcpus <*> CPU",0.8719,"[instance: <*>dc<*>-<*>-<*>cc-<*>e-<*>b<*>c<*>dcf] Attempting claim: memory <*> MB, disk <*> GB, vcpus <*> CPU",0.8635,51.72,123
50,"[instance: a<*>cf<*>-<*>bb-<*>-a<*>d-<*>c<*>ac<*>a<*>d] Total memory: <*> MB, used: <*>.<*> MB",partial,"[instance: <*> Total memory: <*> MB, used: <*> MB",0.946,"[instance: <*>a<*>d<*>-<*>b<*>-<*>c<*>-b<*>-<*>a<*>cadf] Total memory: <*> MB, used: <*> MB",0.868,"[instance: <*>dc<*>-<*>-<*>cc-<*>e-<*>b<*>c<*>dcf] <*> MB, <*> MB",0.8418,48.58,123
51,"[instance: a<*>cf<*>-<*>bb-<*>-a<*>d-<*>c<*>ac<*>a<*>d] memory limit: <*>.<*> MB, free: <*>.<*> MB",partial,"[instance: <*> memory limit: <*> MB, free: <*> MB",0.9452,"[instance: <*>a<*>d<*>-<*>b<*>-<*>c<*>-b<*>-<*>a<*>cadf] memory limit: <*> MB, free: <*> MB",0.8728,"[instance: <*>dc<*>-<*>-<*>cc-<*>e-<*>b<*>c<*>dcf] <*> MB, <*> MB",0.834,42.24,123
52,"[instance: a<*>cf<*>-<*>bb-<*>-a<*>d-<*>c<*>ac<*>a<*>d] Total disk: <*> GB, used: <*>.<*> GB",partial,"[instance: <*> Total disk: <*> GB, used: <*> GB",0.9616,"[instance: <*>dc<*>-<*>-<*>cc-<*>e-<*>b<*>c<*>dcf] Total disk: <*> GB, used: <*> GB",0.8907,"[instance: b<*>ef<*>-ba<*>d-<*>ae-bf<*>a-<*>cba<*>a<*>] Total disk: <*> GB, used: <*> GB",0.8421,41.84,123
53,"[instance: a<*>cf<*>-<*>bb-<*>-a<*>d-<*>c<*>ac<*>a<*>d] disk limit not specified, defaulting to unlimited",partial,"[instance: <*> disk limit not specified, defaulting to unlimited",0.9367,"[instance: fecdd<*>a<*>-<*>ca<*>-<*>c<*>-<*>-<*>b<*>f<*>e] disk limit not specified, defaulting to unlimited",0.849,"[instance: <*>a<*>d<*>-<*>b<*>-<*>c<*>-b<*>-<*>a<*>cadf] disk limit not specified, defaulting to unlimited",0.8446,41.06,123
54,"[instance: a<*>cf<*>-<*>bb-<*>-a<*>d-<*>c<*>ac<*>a<*>d] Total vcpu: <*> VCPU, used: <*>.<*> VCPU",partial,"[instance: <*> Total vcpu: <*> VCPU, used: <*> VCPU",0.9629,"[instance: fecdd<*> Total vcpu: <*> VCPU, used: <*> VCPU",0.8912,"[instance: b<*>ef<*>-ba<*>d-<*>ae-bf<*>a-<*>cba<*>a<*>] Total vcpu: <*> VCPU, used: <*> VCPU",0.84,41.82,123
55,"[instance: a<*>cf<*>-<*>bb-<*>-a<*>d-<*>c<*>ac<*>a<*>d] vcpu limit not specified, defaulting to unlimited",partial,"[instance: <*> vcpu limit not specified, defaulting to unlimited",0.9583,"[instance: <*>dc<*>-<*>-<*>cc-<*>e-<*>b<*>c<*>dcf] vcpu limit not specified, defaulting to unlimited",0.8959,"[instance: fecdd<*>a<*>-<*>ca<*>-<*>c<*>-<*>-<*>b<*>f<*>e] vcpu limit not specified, defaulting to unlimited",0.8665,41.28,123
56,[instance: a<*>cf<*>-<*>bb-<*>-a<*>d-<*>c<*>ac<*>a<*>d] Claim successful,partial,[instance: <*> Claim successful,0.8885,[instance: <*>abccce-<*>d<*>f-<*>e<*>-b<*>d<*>-<*>b<*>ab<*>e<*>b<*>] Claim successful,0.8523,[instance: <*>dc<*>-<*>-<*>cc-<*>e-<*>b<*>c<*>dcf] Claim successful,0.8116,42.32,123
57,"<*> ""GET <*>HTTP<*>status: <*> len: <*> time: <*>.<*>",exact,"<*> ""GET <*>HTTP<*>status: HTTP<*> len: <*> time: <*>",1.0,"<*> ""POST <*>HTTP<*>status: HTTP<*> len: <*> time: <*>",0.8917,"<*> ""DELETE <*>HTTP<*>status: HTTP<*> len: <*> time: <*>",0.7937,42.65,123
58,"<*> ""GET <*>HTTP<*>status: <*> len: <*> time: <*>.<*>",exact,"<*> ""GET <*>HTTP<*>status: HTTP<*> len: <*> time: <*>",1.0,"<*> ""POST <*>HTTP<*>status: HTTP<*> len: <*> time: <*>",0.8917,"<*> ""DELETE <*>HTTP<*>status: HTTP<*> len: <*> time: <*>",0.7937,41.75,123
59,[instance: a<*>cf<*>-<*>bb-<*>-a<*>d-<*>c<*>ac<*>a<*>d] Creating image,partial,[instance: <*> Creating image,0.9356,[instance: <*>a<*>d<*>-<*>b<*>-<*>c<*>-b<*>-<*>a<*>cadf] Creating image,0.8471,[instance: <*>dc<*>-<*>-<*>cc-<*>e-<*>b<*>c<*>dcf] Creating image,0.8375,42.13,123
60,"<*> ""GET <*>HTTP<*>status: <*> len: <*> time: <*>.<*>",exact,"<*> ""GET <*>HTTP<*>status: HTTP<*> len: <*> time: <*>",1.0,"<*> ""POST <*>HTTP<*>status: HTTP<*> len: <*> time: <*>",0.8917,"<*> ""DELETE <*>HTTP<*>status: HTTP<*> len: <*> time: <*>",0.7937,40.22,123
61,"<*> ""GET <*>HTTP<*>status: <*> len: <*> time: <*>.<*>",exact,"<*> ""GET <*>HTTP<*>status: HTTP<*> len: <*> time: <*>",1.0,"<*> ""POST <*>HTTP<*>status: HTTP<*> len: <*> time: <*>",0.8917,"<*> ""DELETE <*>HTTP<*>status: HTTP<*> len: <*> time: <*>",0.7937,39.77,123
62,[instance: be<*>e<*>-<*>cc<*>-<*>f<*>-<*>-<*>c<*>a<*>a<*>bc] VM Stopped (Lifecycle Event),partial,[instance: <*> VM Stopped (Lifecycle Event),0.9602,[instance: <*> VM <*> (Lifecycle Event),0.9265,[instance: <*> VM Resumed (Lifecycle Event),0.9032,41.36,123
63,"<*> ""GET <*>HTTP<*>status: <*> len: <*> time: <*>.<*>",exact,"<*> ""GET <*>HTTP<*>status: HTTP<*> len: <*> time: <*>",1.0,"<*> ""POST <*>HTTP<*>status: HTTP<*> len: <*> time: <*>",0.8917,"<*> ""DELETE <*>HTTP<*>status: HTTP<*> len: <*> time: <*>",0.7937,40.23,123
64,"<*> ""GET <*>HTTP<*>status: <*> len: <*> time: <*>.<*>",exact,"<*> ""GET <*>HTTP<*>status: HTTP<*> len: <*> time: <*>",1.0,"<*> ""POST <*>HTTP<*>status: HTTP<*> len: <*> time: <*>",0.8917,"<*> ""DELETE <*>HTTP<*>status: HTTP<*> len: <*> time: <*>",0.7937,40.79,123
65,"<*> ""GET <*>HTTP<*>status: <*> len: <*> time: <*>.<*>",exact,"<*> ""GET <*>HTTP<*>status: HTTP<*> len: <*> time: <*>",1.0,"<*> ""POST <*>HTTP<*>status: HTTP<*> len: <*> time: <*>",0.8917,"<*> ""DELETE <*>HTTP<*>status: HTTP<*> len: <*> time: <*>",0.7937,40.53,123
66,"<*> ""GET <*>HTTP<*>status: <*> len: <*> time: <*>.<*>",exact,"<*> ""GET <*>HTTP<*>status: HTTP<*> len: <*> time: <*>",1.0,"<*> ""POST <*>HTTP<*>status: HTTP<*> len: <*> time: <*>",0.8917,"<*> ""DELETE <*>HTTP<*>status: HTTP<*> len: <*> time: <*>",0.7937,40.48,123
67,"<*> ""GET <*>HTTP<*>status: <*> len: <*> time: <*>.<*>",exact,"<*> ""GET <*>HTTP<*>status: HTTP<*> len: <*> time: <*>",1.0,"<*> ""POST <*>HTTP<*>status: HTTP<*> len: <*> time: <*>",0.8917,"<*> ""DELETE <*>HTTP<*>status: HTTP<*> len: <*> time: <*>",0.7937,41.28,123
68,"<*> ""GET <*>HTTP<*>status: <*> len: <*> time: <*>.<*>",exact,"<*> ""GET <*>HTTP<*>status: HTTP<*> len: <*> time: <*>",1.0,"<*> ""POST <*>HTTP<*>status: HTTP<*> len: <*> time: <*>",0.8917,"<*> ""DELETE <*>HTTP<*>status: HTTP<*> len: <*> time: <*>",0.7937,40.21,123
69,"<*> ""GET <*>HTTP<*>status: <*> len: <*> time: <*>.<*>",exact,"<*> ""GET <*>HTTP<*>status: HTTP<*> len: <*> time: <*>",1.0,"<*> ""POST <*>HTTP<*>status: HTTP<*> len: <*> time: <*>",0.8917,"<*> ""DELETE <*>HTTP<*>status: HTTP<*> len: <*> time: <*>",0.7937,42.91,123
70,"<*> ""GET <*>HTTP<*>status: <*> len: <*> time: <*>.<*>",exact,"<*> ""GET <*>HTTP<*>status: HTTP<*> len: <*> time: <*>",1.0,"<*> ""POST <*>HTTP<*>status: HTTP<*> len: <*> time: <*>",0.8917,"<*> ""DELETE <*>HTTP<*>status: HTTP<*> len: <*> time: <*>",0.7937,41.33,123
71,"<*> ""GET <*>HTTP<*>status: <*> len: <*> time: <*>.<*>",exact,"<*> ""GET <*>HTTP<*>status: HTTP<*> len: <*> time: <*>",1.0,"<*> ""POST <*>HTTP<*>status: HTTP<*> len: <*> time: <*>",0.8917,"<*> ""DELETE <*>HTTP<*>status: HTTP<*> len: <*> time: <*>",0.7937,40.45,123
72,"<*> ""GET <*>HTTP<*>status: <*> len: <*> time: <*>.<*>",exact,"<*> ""GET <*>HTTP<*>status: HTTP<*> len: <*> time: <*>",1.0,"<*> ""POST <*>HTTP<*>status: HTTP<*> len: <*> time: <*>",0.8917,"<*> ""DELETE <*>HTTP<*>status: HTTP<*> len: <*> time: <*>",0.7937,41.44,123
73,"<*> ""GET <*>HTTP<*>status: <*> len: <*> time: <*>.<*>",exact,"<*> ""GET <*>HTTP<*>status: HTTP<*> len: <*> time: <*>",1.0,"<*> ""POST <*>HTTP<*>status: HTTP<*> len: <*> time: <*>",0.8917,"<*> ""DELETE <*>HTTP<*>status: HTTP<*> len: <*> time: <*>",0.7937,46.42,123
74,"<*> ""GET <*>HTTP<*>status: <*> len: <*> time: <*>.<*>",exact,"<*> ""GET <*>HTTP<*>status: HTTP<*> len: <*> time: <*>",1.0,"<*> ""POST <*>HTTP<*>status: HTTP<*> len: <*> time: <*>",0.8917,"<*> ""DELETE <*>HTTP<*>status: HTTP<*> len: <*> time: <*>",0.7937,41.18,123
75,"<*> ""GET <*>HTTP<*>status: <*> len: <*> time: <*>.<*>",exact,"<*> ""GET <*>HTTP<*>status: HTTP<*> len: <*> time: <*>",1.0,"<*> ""POST <*>HTTP<*>status: HTTP<*> len: <*> time: <*>",0.8917,"<*> ""DELETE <*>HTTP<*>status: HTTP<*> len: <*> time: <*>",0.7937,42.01,123
76,"<*> ""GET <*>HTTP<*>status: <*> len: <*> time: <*>.<*>",exact,"<*> ""GET <*>HTTP<*>status: HTTP<*> len: <*> time: <*>",1.0,"<*> ""POST <*>HTTP<*>status: HTTP<*> len: <*> time: <*>",0.8917,"<*> ""DELETE <*>HTTP<*>status: HTTP<*> len: <*> time: <*>",0.7937,41.85,123
77,[instance: a<*>cf<*>-<*>bb-<*>-a<*>d-<*>c<*>ac<*>a<*>d] VM Started (Lifecycle Event),partial,[instance: <*> VM <*> (Lifecycle Event),0.949,[instance: <*> VM Stopped (Lifecycle Event),0.8859,[instance: <*> VM Resumed (Lifecycle Event),0.8856,41.73,123
78,[instance: a<*>cf<*>-<*>bb-<*>-a<*>d-<*>c<*>ac<*>a<*>d] VM Paused (Lifecycle Event),partial,[instance: <*> VM Paused (Lifecycle Event),0.9614,[instance: <*> VM Stopped (Lifecycle Event),0.9012,[instance: <*> VM Resumed (Lifecycle Event),0.8886,49.78,123
79,[instance: a<*>cf<*>-<*>bb-<*>-a<*>d-<*>c<*>ac<*>a<*>d] During sync_power_state the instance has a pending task (spawning). Skip.,partial,[instance: <*> During sync_power_state the instance has a pending task (spawning). Skip.,0.9777,"While synchronizing instance power states, found <*> instances in the database and <*> instances on the hypervisor.",0.6002,[instance: <*> Took <*> seconds to spawn the instance on the hypervisor.,0.5688,47.17,123
80,The instance sync for host 'cp-<*>.slowvm<*>.tcloud-pg<*>.utah.cloudlab.us' did not match. Re-created its InstanceList.,exact,The instance sync for host 'cp-<*>.slowvm<*>.tcloud-pg<*>.utah.cloudlab.us' did not match. Re-created its InstanceList.,1.0,Successfully synced instances from host 'cp-<*>.slowvm<*>.tcloud-pg<*>.utah.cloudlab.us'.,0.9241,Compute_service record updated for cp-<*>.slowvm<*>.tcloud-pg<*>.utah.cloudlab.us:cp-<*>.slowvm<*>.tcloud-pg<*>.utah.cloudlab.us,0.763,41.54,123
81,image <*>dd<*>-<*>c<*>-<*>fbb-<*>c<*>-<*>fbe<*>b<*> at (<*>checking,exact,image <*> at (<*>checking,1.0,[instance: fecdd<*>a<*>-<*>ca<*>-<*>c<*>-<*>-<*>b<*>f<*>e] Creating image,0.7025,[instance: <*> Creating image,0.6713,40.72,123
82,"image <*>dd<*>-<*>c<*>-<*>fbb-<*>c<*>-<*>fbe<*>b<*> at (<*>in use: on this node <*> local, <*> on other nodes sharing this instance storage",exact,"image <*> at (<*>in use: on this node node<*> local, local<*> on other nodes sharing this instance storage",1.0,image <*> at (<*>checking,0.6627,[instance: <*>ea<*>-cbf<*>-<*>f<*>e-<*>fe-<*>fd<*>f<*>] Creating image,0.5238,41.74,123
83,"<*> ""GET <*>HTTP<*>status: <*> len: <*> time: <*>.<*>",exact,"<*> ""GET <*>HTTP<*>status: HTTP<*> len: <*> time: <*>",1.0,"<*> ""POST <*>HTTP<*>status: HTTP<*> len: <*> time: <*>",0.8917,"<*> ""DELETE <*>HTTP<*>status: HTTP<*> len: <*> time: <*>",0.7937,40.02,123
84,Active base files: /var/lib/nova/instances/_base/a<*>c<*>f<*>c<*>da<*>b<*>c<*>bb<*>ac<*>e<*>,exact,Active base files: /var/lib/nova/instances/_base/a<*>c<*>f<*>c<*>da<*>b<*>c<*>bb<*>ac<*>e<*>,1.0,Removable base files: /var/lib/nova/instances/_base/a<*>c<*>f<*>c<*>da<*>b<*>c<*>bb<*>ac<*>e<*>,0.871,Unknown base file: /var/lib/nova/instances/_base/a<*>c<*>f<*>c<*>da<*>b<*>c<*>bb<*>ac<*>e<*>,0.84,42.29,123
85,"<*> ""GET <*>HTTP<*>status: <*> len: <*> time: <*>.<*>",exact,"<*> ""GET <*>HTTP<*>status: HTTP<*> len: <*> time: <*>",1.0,"<*> ""POST <*>HTTP<*>status: HTTP<*> len: <*> time: <*>",0.8917,"<*> ""DELETE <*>HTTP<*>status: HTTP<*> len: <*> time: <*>",0.7937,40.53,123
86,"<*> ""GET <*>HTTP<*>status: <*> len: <*> time: <*>.<*>",exact,"<*> ""GET <*>HTTP<*>status: HTTP<*> len: <*> time: <*>",1.0,"<*> ""POST <*>HTTP<*>status: HTTP<*> len: <*> time: <*>",0.8917,"<*> ""DELETE <*>HTTP<*>status: HTTP<*> len: <*> time: <*>",0.7937,40.46,123
87,"<*> ""GET <*>HTTP<*>status: <*> len: <*> time: <*>.<*>",exact,"<*> ""GET <*>HTTP<*>status: HTTP<*> len: <*> time: <*>",1.0,"<*> ""POST <*>HTTP<*>status: HTTP<*> len: <*> time: <*>",0.8917,"<*> ""DELETE <*>HTTP<*>status: HTTP<*> len: <*> time: <*>",0.7937,40.16,123
88,"<*> ""GET <*>HTTP<*>status: <*> len: <*> time: <*>.<*>",exact,"<*> ""GET <*>HTTP<*>status: HTTP<*> len: <*> time: <*>",1.0,"<*> ""POST <*>HTTP<*>status: HTTP<*> len: <*> time: <*>",0.8917,"<*> ""DELETE <*>HTTP<*>status: HTTP<*> len: <*> time: <*>",0.7937,40.39,123
89,"<*> ""GET <*>HTTP<*>status: <*> len: <*> time: <*>.<*>",exact,"<*> ""GET <*>HTTP<*>status: HTTP<*> len: <*> time: <*>",1.0,"<*> ""POST <*>HTTP<*>status: HTTP<*> len: <*> time: <*>",0.8917,"<*> ""DELETE <*>HTTP<*>status: HTTP<*> len: <*> time: <*>",0.7937,41.5,123
90,"<*> ""GET <*>HTTP<*>status: <*> len: <*> time: <*>.<*>",exact,"<*> ""GET <*>HTTP<*>status: HTTP<*> len: <*> time: <*>",1.0,"<*> ""POST <*>HTTP<*>status: HTTP<*> len: <*> time: <*>",0.8917,"<*> ""DELETE <*>HTTP<*>status: HTTP<*> len: <*> time: <*>",0.7937,39.84,123
91,image <*>dd<*>-<*>c<*>-<*>fbb-<*>c<*>-<*>fbe<*>b<*> at (<*>checking,exact,image <*> at (<*>checking,1.0,[instance: fecdd<*>a<*>-<*>ca<*>-<*>c<*>-<*>-<*>b<*>f<*>e] Creating image,0.7025,[instance: <*> Creating image,0.6713,40.71,123
92,"image <*>dd<*>-<*>c<*>-<*>fbb-<*>c<*>-<*>fbe<*>b<*> at (<*>in use: on this node <*> local, <*> on other nodes sharing this instance storage",exact,"image <*> at (<*>in use: on this node node<*> local, local<*> on other nodes sharing this instance storage",1.0,image <*> at (<*>checking,0.6627,[instance: <*>ea<*>-cbf<*>-<*>f<*>e-<*>fe-<*>fd<*>f<*>] Creating image,0.5238,40.86,123
93,"<*> ""GET <*>HTTP<*>status: <*> len: <*> time: <*>.<*>",exact,"<*> ""GET <*>HTTP<*>status: HTTP<*> len: <*> time: <*>",1.0,"<*> ""POST <*>HTTP<*>status: HTTP<*> len: <*> time: <*>",0.8917,"<*> ""DELETE <*>HTTP<*>status: HTTP<*> len: <*> time: <*>",0.7937,39.53,123
94,Active base files: /var/lib/nova/instances/_base/a<*>c<*>f<*>c<*>da<*>b<*>c<*>bb<*>ac<*>e<*>,exact,Active base files: /var/lib/nova/instances/_base/a<*>c<*>f<*>c<*>da<*>b<*>c<*>bb<*>ac<*>e<*>,1.0,Removable base files: /var/lib/nova/instances/_base/a<*>c<*>f<*>c<*>da<*>b<*>c<*>bb<*>ac<*>e<*>,0.871,Unknown base file: /var/lib/nova/instances/_base/a<*>c<*>f<*>c<*>da<*>b<*>c<*>bb<*>ac<*>e<*>,0.84,52.3,123
95,"<*> ""GET <*>HTTP<*>status: <*> len: <*> time: <*>.<*>",exact,"<*> ""GET <*>HTTP<*>status: HTTP<*> len: <*> time: <*>",1.0,"<*> ""POST <*>HTTP<*>status: HTTP<*> len: <*> time: <*>",0.8917,"<*> ""DELETE <*>HTTP<*>status: HTTP<*> len: <*> time: <*>",0.7937,40.56,123
96,"<*> ""GET <*>HTTP<*>status: <*> len: <*> time: <*>.<*>",exact,"<*> ""GET <*>HTTP<*>status: HTTP<*> len: <*> time: <*>",1.0,"<*> ""POST <*>HTTP<*>status: HTTP<*> len: <*> time: <*>",0.8917,"<*> ""DELETE <*>HTTP<*>status: HTTP<*> len: <*> time: <*>",0.7937,46.16,123
97,Creating event network-vif-plugged:<*>ba<*>-<*>ef-<*>f<*>-<*>d<*>-d<*>c<*>f<*>cb<*> for instance a<*>cf<*>-<*>bb-<*>-a<*>d-<*>c<*>ac<*>a<*>d,partial,Creating event network<*> for instance <*>,0.9849,[instance: <*> VM <*> (Lifecycle Event),0.5191,[instance: <*>a<*>d<*>-<*>b<*>-<*>c<*>-b<*>-<*>a<*>cadf] VM <*> (Lifecycle Event),0.492,44.39,123
98,"<*> ""POST <*>HTTP<*>status: <*> len: <*> time: <*>.<*>",exact,"<*> ""POST <*>HTTP<*>status: HTTP<*> len: <*> time: <*>",1.0,"<*> ""GET <*>HTTP<*>status: HTTP<*> len: <*> time: <*>",0.8917,"<*> ""DELETE <*>HTTP<*>status: HTTP<*> len: <*> time: <*>",0.8163,42.41,123
99,[instance: a<*>cf<*>-<*>bb-<*>-a<*>d-<*>c<*>ac<*>a<*>d] VM Resumed (Lifecycle Event),partial,[instance: <*> VM Resumed (Lifecycle Event),0.9616,[instance: <*> VM <*> (Lifecycle Event),0.8957,[instance: <*> VM Stopped (Lifecycle Event),0.882,40.96,123
100,[instance: a<*>cf<*>-<*>bb-<*>-a<*>d-<*>c<*>ac<*>a<*>d] Instance spawned successfully.,partial,[instance: <*> Instance spawned successfully.,0.9338,[instance: b<*>-fe<*>a-<*>b-b<*>cc-<*>e<*>b<*>cd<*>d] Instance spawned successfully.,0.8465,[instance: <*>dc<*>-<*>-<*>cc-<*>e-<*>b<*>c<*>dcf] Instance spawned successfully.,0.8263,41.83,123
101,[instance: a<*>cf<*>-<*>bb-<*>-a<*>d-<*>c<*>ac<*>a<*>d] Took <*>.<*> seconds to spawn the instance on the hypervisor.,partial,[instance: <*> Took <*> seconds to spawn the instance on the hypervisor.,0.9573,[instance: b<*>-fe<*>a-<*>b-b<*>cc-<*>e<*>b<*>cd<*>d] Took <*> seconds to <*> the instance on the hypervisor.,0.8789,[instance: <*>a<*>d<*>-<*>b<*>-<*>c<*>-b<*>-<*>a<*>cadf] Took <*> seconds to <*> the instance on the hypervisor.,0.8638,43.21,123
102,[instance: a<*>cf<*>-<*>bb-<*>-a<*>d-<*>c<*>ac<*>a<*>d] Took <*>.<*> seconds to build instance.,partial,[instance: <*> Took <*> seconds to build instance.,0.9358,[instance: b<*>-fe<*>a-<*>b-b<*>cc-<*>e<*>b<*>cd<*>d] Took <*> seconds to build instance.,0.8666,[instance: <*>a<*>d<*>-<*>b<*>-<*>c<*>-b<*>-<*>a<*>cadf] Took <*> seconds to build instance.,0.8461,41.75,123
103,[instance: a<*>cf<*>-<*>bb-<*>-a<*>d-<*>c<*>ac<*>a<*>d] VM Resumed (Lifecycle Event),partial,[instance: <*> VM Resumed (Lifecycle Event),0.9672,[instance: <*> VM <*> (Lifecycle Event),0.8957,[instance: <*> VM Stopped (Lifecycle Event),0.882,41.62,123
104,"<*> ""GET <*>HTTP<*>status: <*> len: <*> time: <*>.<*>",exact,"<*> ""GET <*>HTTP<*>status: HTTP<*> len: <*> time: <*>",1.0,"<*> ""POST <*>HTTP<*>status: HTTP<*> len: <*> time: <*>",0.8917,"<*> ""DELETE <*>HTTP<*>status: HTTP<*> len: <*> time: <*>",0.7937,40.18,123
105,"<*> ""GET <*>HTTP<*>status: <*> len: <*> time: <*>.<*>",exact,"<*> ""GET <*>HTTP<*>status: HTTP<*> len: <*> time: <*>",1.0,"<*> ""POST <*>HTTP<*>status: HTTP<*> len: <*> time: <*>",0.8917,"<*> ""DELETE <*>HTTP<*>status: HTTP<*> len: <*> time: <*>",0.7937,42.45,123
106,image <*>dd<*>-<*>c<*>-<*>fbb-<*>c<*>-<*>fbe<*>b<*> at (<*>checking,exact,image <*> at (<*>checking,1.0,[instance: fecdd<*>a<*>-<*>ca<*>-<*>c<*>-<*>-<*>b<*>f<*>e] Creating image,0.7025,[instance: <*> Creating image,0.6713,43.17,123
107,"image <*>dd<*>-<*>c<*>-<*>fbb-<*>c<*>-<*>fbe<*>b<*> at (<*>in use: on this node <*> local, <*> on other nodes sharing this instance storage",exact,"image <*> at (<*>in use: on this node node<*> local, local<*> on other nodes sharing this instance storage",1.0,image <*> at (<*>checking,0.6627,[instance: <*>ea<*>-cbf<*>-<*>f<*>e-<*>fe-<*>fd<*>f<*>] Creating image,0.5238,44.05,123
108,Active base files: /var/lib/nova/instances/_base/a<*>c<*>f<*>c<*>da<*>b<*>c<*>bb<*>ac<*>e<*>,exact,Active base files: /var/lib/nova/instances/_base/a<*>c<*>f<*>c<*>da<*>b<*>c<*>bb<*>ac<*>e<*>,1.0,Removable base files: /var/lib/nova/instances/_base/a<*>c<*>f<*>c<*>da<*>b<*>c<*>bb<*>ac<*>e<*>,0.871,Unknown base file: /var/lib/nova/instances/_base/a<*>c<*>f<*>c<*>da<*>b<*>c<*>bb<*>ac<*>e<*>,0.84,44.15,123
109,"<*> ""GET <*>HTTP<*>status: <*> len: <*> time: <*>.<*>",exact,"<*> ""GET <*>HTTP<*>status: HTTP<*> len: <*> time: <*>",1.0,"<*> ""POST <*>HTTP<*>status: HTTP<*> len: <*> time: <*>",0.8917,"<*> ""DELETE <*>HTTP<*>status: HTTP<*> len: <*> time: <*>",0.7937,40.79,123
110,"<*> ""GET <*>HTTP<*>status: <*> len: <*> time: <*>.<*>",exact,"<*> ""GET <*>HTTP<*>status: HTTP<*> len: <*> time: <*>",1.0,"<*> ""POST <*>HTTP<*>status: HTTP<*> len: <*> time: <*>",0.8917,"<*> ""DELETE <*>HTTP<*>status: HTTP<*> len: <*> time: <*>",0.7937,42.47,123
111,"<*> ""GET <*>HTTP<*>status: <*> len: <*> time: <*>.<*>",exact,"<*> ""GET <*>HTTP<*>status: HTTP<*> len: <*> time: <*>",1.0,"<*> ""POST <*>HTTP<*>status: HTTP<*> len: <*> time: <*>",0.8917,"<*> ""DELETE <*>HTTP<*>status: HTTP<*> len: <*> time: <*>",0.7937,43.04,123
112,"<*> ""GET <*>HTTP<*>status: <*> len: <*> time: <*>.<*>",exact,"<*> ""GET <*>HTTP<*>status: HTTP<*> len: <*> time: <*>",1.0,"<*> ""POST <*>HTTP<*>status: HTTP<*> len: <*> time: <*>",0.8917,"<*> ""DELETE <*>HTTP<*>status: HTTP<*> len: <*> time: <*>",0.7937,40.17,123
113,"<*> ""GET <*>HTTP<*>status: <*> len: <*> time: <*>.<*>",exact,"<*> ""GET <*>HTTP<*>status: HTTP<*> len: <*> time: <*>",1.0,"<*> ""POST <*>HTTP<*>status: HTTP<*> len: <*> time: <*>",0.8917,"<*> ""DELETE <*>HTTP<*>status: HTTP<*> len: <*> time: <*>",0.7937,40.7,123
114,"<*> ""GET <*>HTTP<*>status: <*> len: <*> time: <*>.<*>",exact,"<*> ""GET <*>HTTP<*>status: HTTP<*> len: <*> time: <*>",1.0,"<*> ""POST <*>HTTP<*>status: HTTP<*> len: <*> time: <*>",0.8917,"<*> ""DELETE <*>HTTP<*>status: HTTP<*> len: <*> time: <*>",0.7937,39.42,123
115,"<*> ""DELETE <*>HTTP<*>status: <*> len: <*> time: <*>.<*>",exact,"<*> ""DELETE <*>HTTP<*>status: HTTP<*> len: <*> time: <*>",1.0,"<*> ""POST <*>HTTP<*>status: HTTP<*> len: <*> time: <*>",0.8163,"<*> ""GET <*>HTTP<*>status: HTTP<*> len: <*> time: <*>",0.7937,39.13,123
116,[instance: a<*>cf<*>-<*>bb-<*>-a<*>d-<*>c<*>ac<*>a<*>d] Terminating instance,partial,[instance: <*> Terminating instance,0.929,[instance: bf<*>c<*>d-f<*>-<*>-a<*>e-e<*>da<*>e] Terminating instance,0.8593,[instance: b<*>-fe<*>a-<*>b-b<*>cc-<*>e<*>b<*>cd<*>d] Terminating instance,0.8498,40.17,123
117,"<*> ""GET <*>HTTP<*>status: <*> len: <*> time: <*>.<*>",exact,"<*> ""GET <*>HTTP<*>status: HTTP<*> len: <*> time: <*>",1.0,"<*> ""POST <*>HTTP<*>status: HTTP<*> len: <*> time: <*>",0.8917,"<*> ""DELETE <*>HTTP<*>status: HTTP<*> len: <*> time: <*>",0.7937,40.16,123
118,[instance: a<*>cf<*>-<*>bb-<*>-a<*>d-<*>c<*>ac<*>a<*>d] Instance destroyed successfully.,partial,[instance: <*> Instance destroyed successfully.,0.9348,[instance: b<*>-fe<*>a-<*>b-b<*>cc-<*>e<*>b<*>cd<*>d] Instance destroyed successfully.,0.8609,[instance: <*>a<*>d<*>-<*>b<*>-<*>c<*>-b<*>-<*>a<*>cadf] Instance destroyed successfully.,0.8422,40.81,123
119,"<*> ""GET <*>HTTP<*>status: <*> len: <*> time: <*>.<*>",exact,"<*> ""GET <*>HTTP<*>status: HTTP<*> len: <*> time: <*>",1.0,"<*> ""POST <*>HTTP<*>status: HTTP<*> len: <*> time: <*>",0.8917,"<*> ""DELETE <*>HTTP<*>status: HTTP<*> len: <*> time: <*>",0.7937,39.11,123
120,[instance: a<*>cf<*>-<*>bb-<*>-a<*>d-<*>c<*>ac<*>a<*>d] Deleting instance files /var/lib/nova/instances/a<*>cf<*>-<*>bb-<*>-a<*>d-<*>c<*>ac<*>a<*>d_del,partial,[instance: <*> Deleting instance files <*>,0.9752,[instance: fecdd<*>a<*>-<*>ca<*>-<*>c<*>-<*>-<*>b<*>f<*>e] Deleting instance files /var/lib/nova/instances/fecdd<*>a<*>-<*>ca<*>-<*>c<*>-<*>-<*>b<*>f<*>e_del,0.8934,Removing base or swap file: /var/lib/nova/instances/_base/a<*>c<*>f<*>c<*>da<*>b<*>c<*>bb<*>ac<*>e<*>,0.7827,43.45,123
121,[instance: a<*>cf<*>-<*>bb-<*>-a<*>d-<*>c<*>ac<*>a<*>d] Deletion of <*>complete,partial,[instance: <*> Deletion of <*>complete,0.9475,[instance: fecdd<*> Deletion of <*>complete,0.888,[instance: <*>dc<*>-<*>-<*>cc-<*>e-<*>b<*>c<*>dcf] Deletion of <*>complete,0.8631,40.67,123
122,image <*>dd<*>-<*>c<*>-<*>fbb-<*>c<*>-<*>fbe<*>b<*> at (<*>checking,exact,image <*> at (<*>checking,1.0,[instance: fecdd<*>a<*>-<*>ca<*>-<*>c<*>-<*>-<*>b<*>f<*>e] Creating image,0.7025,[instance: <*> Creating image,0.6713,40.78,123
123,"image <*>dd<*>-<*>c<*>-<*>fbb-<*>c<*>-<*>fbe<*>b<*> at (<*>in use: on this node <*> local, <*> on other nodes sharing this instance storage",exact,"image <*> at (<*>in use: on this node node<*> local, local<*> on other nodes sharing this instance storage",1.0,image <*> at (<*>checking,0.6627,[instance: <*>ea<*>-cbf<*>-<*>f<*>e-<*>fe-<*>fd<*>f<*>] Creating image,0.5238,41.35,123
124,[instance: a<*>cf<*>-<*>bb-<*>-a<*>d-<*>c<*>ac<*>a<*>d] Took <*>.<*> seconds to destroy the instance on the hypervisor.,partial,[instance: <*> Took <*> seconds to destroy the instance on the hypervisor.,0.9586,[instance: b<*>-fe<*>a-<*>b-b<*>cc-<*>e<*>b<*>cd<*>d] Took <*> seconds to <*> the instance on the hypervisor.,0.888,[instance: <*>a<*>d<*>-<*>b<*>-<*>c<*>-b<*>-<*>a<*>cadf] Took <*> seconds to <*> the instance on the hypervisor.,0.8724,41.15,123
125,Active base files: /var/lib/nova/instances/_base/a<*>c<*>f<*>c<*>da<*>b<*>c<*>bb<*>ac<*>e<*>,exact,Active base files: /var/lib/nova/instances/_base/a<*>c<*>f<*>c<*>da<*>b<*>c<*>bb<*>ac<*>e<*>,1.0,Removable base files: /var/lib/nova/instances/_base/a<*>c<*>f<*>c<*>da<*>b<*>c<*>bb<*>ac<*>e<*>,0.871,Unknown base file: /var/lib/nova/instances/_base/a<*>c<*>f<*>c<*>da<*>b<*>c<*>bb<*>ac<*>e<*>,0.84,40.47,123
126,"<*> ""GET <*>HTTP<*>status: <*> len: <*> time: <*>.<*>",exact,"<*> ""GET <*>HTTP<*>status: HTTP<*> len: <*> time: <*>",1.0,"<*> ""POST <*>HTTP<*>status: HTTP<*> len: <*> time: <*>",0.8917,"<*> ""DELETE <*>HTTP<*>status: HTTP<*> len: <*> time: <*>",0.7937,38.88,123
127,[instance: a<*>cf<*>-<*>bb-<*>-a<*>d-<*>c<*>ac<*>a<*>d] Took <*>.<*> seconds to deallocate network for instance.,partial,[instance: <*> Took <*> seconds to deallocate network for instance.,0.9503,[instance: fecdd<*> Took <*> seconds to deallocate network for instance.,0.9088,[instance: <*>a<*>d<*>-<*>b<*>-<*>c<*>-b<*>-<*>a<*>cadf] Took <*> seconds to deallocate network for instance.,0.8802,41.01,123
128,"<*> ""GET <*>HTTP<*>status: <*> len: <*> time: <*>.<*>",exact,"<*> ""GET <*>HTTP<*>status: HTTP<*> len: <*> time: <*>",1.0,"<*> ""POST <*>HTTP<*>status: HTTP<*> len: <*> time: <*>",0.8917,"<*> ""DELETE <*>HTTP<*>status: HTTP<*> len: <*> time: <*>",0.7937,39.26,123
129,Auditing locally available compute resources for node cp-<*>.slowvm<*>.tcloud-pg<*>.utah.cloudlab.us,exact,Auditing locally available compute resources for node cp-<*>.slowvm<*>.tcloud-pg<*>.utah.cloudlab.us,1.0,Running instance usage audit for host cp-<*>.slowvm<*>.tcloud-pg<*>.utah.cloudlab.us from <*> to <*> <*>:<*>:<*>. <*> instances.,0.8328,Compute_service record updated for cp-<*>.slowvm<*>.tcloud-pg<*>.utah.cloudlab.us:cp-<*>.slowvm<*>.tcloud-pg<*>.utah.cloudlab.us,0.7067,40.28,123
130,HTTP exception thrown: No instances found for any event,exact,HTTP exception thrown: No instances found for any event,1.0,"<*> ""DELETE <*>HTTP<*>status: HTTP<*> len: <*> time: <*>",0.2495,"<*> ""POST <*>HTTP<*>status: HTTP<*> len: <*> time: <*>",0.2452,43.51,123
131,"<*> ""POST <*>HTTP<*>status: <*> len: <*> time: <*>.<*>",exact,"<*> ""POST <*>HTTP<*>status: HTTP<*> len: <*> time: <*>",1.0,"<*> ""GET <*>HTTP<*>status: HTTP<*> len: <*> time: <*>",0.8917,"<*> ""DELETE <*>HTTP<*>status: HTTP<*> len: <*> time: <*>",0.8163,48.26,123
132,"Total usable vcpus: <*>, total allocated vcpus: <*>",exact,"Total usable vcpus: <*>, total allocated vcpus: <*>",1.0,"[instance: <*> Total vcpu: <*> VCPU, used: <*> VCPU",0.5971,"[instance: <*>a<*>d<*>-<*>b<*>-<*>c<*>-b<*>-<*>a<*>cadf] Attempting claim: memory <*> MB, disk <*> GB, vcpus <*> CPU",0.5911,53.74,123
133,Final resource view: name=cp-<*>.slowvm<*>.tcloud-pg<*>.utah.cloudlab.us phys_ram=<*>MB used_ram=<*>MB phys_disk=<*>GB used_disk=<*>GB total_vcpus=<*> used_vcpus=<*> pci_stats=[],exact,Final resource view: name=cp-<*>.slowvm<*>.tcloud-pg<*>.utah.cloudlab.us phys_ram=<*>MB used_ram=<*>MB phys_disk=<*>GB used_disk=<*>GB total_vcpus=<*> used_vcpus=<*> pci_stats=[],1.0,The instance sync for host 'cp-<*>.slowvm<*>.tcloud-pg<*>.utah.cloudlab.us' did not match. Re-created its InstanceList.,0.7105,Successfully synced instances from host 'cp-<*>.slowvm<*>.tcloud-pg<*>.utah.cloudlab.us'.,0.7023,50.6,123
134,Compute_service record updated for cp-<*>.slowvm<*>.tcloud-pg<*>.utah.cloudlab.us:cp-<*>.slowvm<*>.tcloud-pg<*>.utah.cloudlab.us,exact,Compute_service record updated for cp-<*>.slowvm<*>.tcloud-pg<*>.utah.cloudlab.us:cp-<*>.slowvm<*>.tcloud-pg<*>.utah.cloudlab.us,1.0,The instance sync for host 'cp-<*>.slowvm<*>.tcloud-pg<*>.utah.cloudlab.us' did not match. Re-created its InstanceList.,0.763,Successfully synced instances from host 'cp-<*>.slowvm<*>.tcloud-pg<*>.utah.cloudlab.us'.,0.7234,41.71,123
135,Unknown base file: /var/lib/nova/instances/_base/a<*>c<*>f<*>c<*>da<*>b<*>c<*>bb<*>ac<*>e<*>,exact,Unknown base file: /var/lib/nova/instances/_base/a<*>c<*>f<*>c<*>da<*>b<*>c<*>bb<*>ac<*>e<*>,1.0,Removing base or swap file: /var/lib/nova/instances/_base/a<*>c<*>f<*>c<*>da<*>b<*>c<*>bb<*>ac<*>e<*>,0.8518,Base or swap file too young to remove: /var/lib/nova/instances/_base/a<*>c<*>f<*>c<*>da<*>b<*>c<*>bb<*>ac<*>e<*>,0.8448,41.07,123
136,Removable base files: /var/lib/nova/instances/_base/a<*>c<*>f<*>c<*>da<*>b<*>c<*>bb<*>ac<*>e<*>,exact,Removable base files: /var/lib/nova/instances/_base/a<*>c<*>f<*>c<*>da<*>b<*>c<*>bb<*>ac<*>e<*>,1.0,Active base files: /var/lib/nova/instances/_base/a<*>c<*>f<*>c<*>da<*>b<*>c<*>bb<*>ac<*>e<*>,0.871,Removing base or swap file: /var/lib/nova/instances/_base/a<*>c<*>f<*>c<*>da<*>b<*>c<*>bb<*>ac<*>e<*>,0.8165,43.26,123
137,Base or swap file too young to remove: /var/lib/nova/instances/_base/a<*>c<*>f<*>c<*>da<*>b<*>c<*>bb<*>ac<*>e<*>,exact,Base or swap file too young to remove: /var/lib/nova/instances/_base/a<*>c<*>f<*>c<*>da<*>b<*>c<*>bb<*>ac<*>e<*>,1.0,Removing base or swap file: /var/lib/nova/instances/_base/a<*>c<*>f<*>c<*>da<*>b<*>c<*>bb<*>ac<*>e<*>,0.969,Unknown base file: /var/lib/nova/instances/_base/a<*>c<*>f<*>c<*>da<*>b<*>c<*>bb<*>ac<*>e<*>,0.8448,46.84,123
138,Unknown base file: /var/lib/nova/instances/_base/a<*>c<*>f<*>c<*>da<*>b<*>c<*>bb<*>ac<*>e<*>,exact,Unknown base file: /var/lib/nova/instances/_base/a<*>c<*>f<*>c<*>da<*>b<*>c<*>bb<*>ac<*>e<*>,1.0,Removing base or swap file: /var/lib/nova/instances/_base/a<*>c<*>f<*>c<*>da<*>b<*>c<*>bb<*>ac<*>e<*>,0.8518,Base or swap file too young to remove: /var/lib/nova/instances/_base/a<*>c<*>f<*>c<*>da<*>b<*>c<*>bb<*>ac<*>e<*>,0.8448,52.73,123
139,Removable base files: /var/lib/nova/instances/_base/a<*>c<*>f<*>c<*>da<*>b<*>c<*>bb<*>ac<*>e<*>,exact,Removable base files: /var/lib/nova/instances/_base/a<*>c<*>f<*>c<*>da<*>b<*>c<*>bb<*>ac<*>e<*>,1.0,Active base files: /var/lib/nova/instances/_base/a<*>c<*>f<*>c<*>da<*>b<*>c<*>bb<*>ac<*>e<*>,0.871,Removing base or swap file: /var/lib/nova/instances/_base/a<*>c<*>f<*>c<*>da<*>b<*>c<*>bb<*>ac<*>e<*>,0.8165,60.1,123
140,Removing base or swap file: /var/lib/nova/instances/_base/a<*>c<*>f<*>c<*>da<*>b<*>c<*>bb<*>ac<*>e<*>,exact,Removing base or swap file: /var/lib/nova/instances/_base/a<*>c<*>f<*>c<*>da<*>b<*>c<*>bb<*>ac<*>e<*>,1.0,Base or swap file too young to remove: /var/lib/nova/instances/_base/a<*>c<*>f<*>c<*>da<*>b<*>c<*>bb<*>ac<*>e<*>,0.969,Unknown base file: /var/lib/nova/instances/_base/a<*>c<*>f<*>c<*>da<*>b<*>c<*>bb<*>ac<*>e<*>,0.8518,45.66,123
141,"<*> ""POST <*>HTTP<*>status: <*> len: <*> time: <*>.<*>",exact,"<*> ""POST <*>HTTP<*>status: HTTP<*> len: <*> time: <*>",1.0,"<*> ""GET <*>HTTP<*>status: HTTP<*> len: <*> time: <*>",0.8917,"<*> ""DELETE <*>HTTP<*>status: HTTP<*> len: <*> time: <*>",0.8163,124.92,123
142,"<*> ""GET <*>HTTP<*>status: <*> len: <*> time: <*>.<*>",exact,"<*> ""GET <*>HTTP<*>status: HTTP<*> len: <*> time: <*>",1.0,"<*> ""POST <*>HTTP<*>status: HTTP<*> len: <*> time: <*>",0.8917,"<*> ""DELETE <*>HTTP<*>status: HTTP<*> len: <*> time: <*>",0.7937,53.04,123
143,"[instance: d<*>a<*>b-<*>-<*>-bdcc-<*>b<*>d<*>d] Attempting claim: memory <*> MB, disk <*> GB, vcpus <*> CPU",partial,"[instance: fecdd<*>a<*>-<*>ca<*>-<*>c<*>-<*>-<*>b<*>f<*>e] Attempting claim: memory <*> MB, disk <*> GB, vcpus <*> CPU",0.8602,"[instance: <*>dc<*>-<*>-<*>cc-<*>e-<*>b<*>c<*>dcf] Attempting claim: memory <*> MB, disk <*> GB, vcpus <*> CPU",0.8459,"[instance: <*>a<*>d<*>-<*>b<*>-<*>c<*>-b<*>-<*>a<*>cadf] Attempting claim: memory <*> MB, disk <*> GB, vcpus <*> CPU",0.8353,44.52,123
144,"[instance: d<*>a<*>b-<*>-<*>-bdcc-<*>b<*>d<*>d] Total memory: <*> MB, used: <*>.<*> MB",partial,"[instance: <*> Total memory: <*> MB, used: <*> MB",0.885,"[instance: <*>a<*>d<*>-<*>b<*>-<*>c<*>-b<*>-<*>a<*>cadf] Total memory: <*> MB, used: <*> MB",0.8661,"[instance: <*>dc<*>-<*>-<*>cc-<*>e-<*>b<*>c<*>dcf] <*> MB, <*> MB",0.8342,47.2,123
145,"[instance: d<*>a<*>b-<*>-<*>-bdcc-<*>b<*>d<*>d] memory limit: <*>.<*> MB, free: <*>.<*> MB",partial,"[instance: <*> memory limit: <*> MB, free: <*> MB",0.8822,"[instance: <*>a<*>d<*>-<*>b<*>-<*>c<*>-b<*>-<*>a<*>cadf] memory limit: <*> MB, free: <*> MB",0.8713,"[instance: <*>dc<*>-<*>-<*>cc-<*>e-<*>b<*>c<*>dcf] <*> MB, <*> MB",0.8352,44.62,123
146,"[instance: d<*>a<*>b-<*>-<*>-bdcc-<*>b<*>d<*>d] Total disk: <*> GB, used: <*>.<*> GB",partial,"[instance: <*> Total disk: <*> GB, used: <*> GB",0.9218,"[instance: <*>dc<*>-<*>-<*>cc-<*>e-<*>b<*>c<*>dcf] Total disk: <*> GB, used: <*> GB",0.8964,"[instance: b<*>ef<*>-ba<*>d-<*>ae-bf<*>a-<*>cba<*>a<*>] Total disk: <*> GB, used: <*> GB",0.8312,44.34,123
147,"[instance: d<*>a<*>b-<*>-<*>-bdcc-<*>b<*>d<*>d] disk limit not specified, defaulting to unlimited",partial,"[instance: <*> disk limit not specified, defaulting to unlimited",0.8667,"[instance: <*>dc<*>-<*>-<*>cc-<*>e-<*>b<*>c<*>dcf] disk limit not specified, defaulting to unlimited",0.8316,"[instance: <*>a<*>d<*>-<*>b<*>-<*>c<*>-b<*>-<*>a<*>cadf] disk limit not specified, defaulting to unlimited",0.8271,47.75,123
148,"[instance: d<*>a<*>b-<*>-<*>-bdcc-<*>b<*>d<*>d] Total vcpu: <*> VCPU, used: <*>.<*> VCPU",partial,"[instance: <*> Total vcpu: <*> VCPU, used: <*> VCPU",0.9363,"[instance: fecdd<*> Total vcpu: <*> VCPU, used: <*> VCPU",0.8605,"[instance: b<*>ef<*>-ba<*>d-<*>ae-bf<*>a-<*>cba<*>a<*>] Total vcpu: <*> VCPU, used: <*> VCPU",0.8333,43.48,123
149,"[instance: d<*>a<*>b-<*>-<*>-bdcc-<*>b<*>d<*>d] vcpu limit not specified, defaulting to unlimited",partial,"[instance: <*> vcpu limit not specified, defaulting to unlimited",0.9163,"[instance: <*>dc<*>-<*>-<*>cc-<*>e-<*>b<*>c<*>dcf] vcpu limit not specified, defaulting to unlimited",0.881,"[instance: b<*>ef<*>-ba<*>d-<*>ae-bf<*>a-<*>cba<*>a<*>] vcpu limit not specified, defaulting to unlimited",0.8355,46.14,123
150,[instance: d<*>a<*>b-<*>-<*>-bdcc-<*>b<*>d<*>d] Claim successful,partial,[instance: <*> Claim successful,0.8629,[instance: <*>dc<*>-<*>-<*>cc-<*>e-<*>b<*>c<*>dcf] Claim successful,0.8027,[instance: <*>a<*>d<*>-<*>b<*>-<*>c<*>-b<*>-<*>a<*>cadf] Claim successful,0.7908,42.19,123
151,"<*> ""GET <*>HTTP<*>status: <*> len: <*> time: <*>.<*>",exact,"<*> ""GET <*>HTTP<*>status: HTTP<*> len: <*> time: <*>",1.0,"<*> ""POST <*>HTTP<*>status: HTTP<*> len: <*> time: <*>",0.8917,"<*> ""DELETE <*>HTTP<*>status: HTTP<*> len: <*> time: <*>",0.7937,41.63,123
152,"<*> ""GET <*>HTTP<*>status: <*> len: <*> time: <*>.<*>",exact,"<*> ""GET <*>HTTP<*>status: HTTP<*> len: <*> time: <*>",1.0,"<*> ""POST <*>HTTP<*>status: HTTP<*> len: <*> time: <*>",0.8917,"<*> ""DELETE <*>HTTP<*>status: HTTP<*> len: <*> time: <*>",0.7937,42.28,123
153,[instance: d<*>a<*>b-<*>-<*>-bdcc-<*>b<*>d<*>d] Creating image,partial,[instance: <*> Creating image,0.8544,[instance: <*>a<*>d<*>-<*>b<*>-<*>c<*>-b<*>-<*>a<*>cadf] Creating image,0.8396,[instance: <*>dc<*>-<*>-<*>cc-<*>e-<*>b<*>c<*>dcf] Creating image,0.8336,42.25,123
154,"<*> ""GET <*>HTTP<*>status: <*> len: <*> time: <*>.<*>",exact,"<*> ""GET <*>HTTP<*>status: HTTP<*> len: <*> time: <*>",1.0,"<*> ""POST <*>HTTP<*>status: HTTP<*> len: <*> time: <*>",0.8917,"<*> ""DELETE <*>HTTP<*>status: HTTP<*> len: <*> time: <*>",0.7937,42.18,123
155,[instance: a<*>cf<*>-<*>bb-<*>-a<*>d-<*>c<*>ac<*>a<*>d] VM Stopped (Lifecycle Event),partial,[instance: <*> VM Stopped (Lifecycle Event),0.9493,[instance: <*> VM <*> (Lifecycle Event),0.8999,[instance: <*> VM Resumed (Lifecycle Event),0.8869,42.57,123
156,"<*> ""GET <*>HTTP<*>status: <*> len: <*> time: <*>.<*>",exact,"<*> ""GET <*>HTTP<*>status: HTTP<*> len: <*> time: <*>",1.0,"<*> ""POST <*>HTTP<*>status: HTTP<*> len: <*> time: <*>",0.8917,"<*> ""DELETE <*>HTTP<*>status: HTTP<*> len: <*> time: <*>",0.7937,45.53,123
157,"<*> ""GET <*>HTTP<*>status: <*> len: <*> time: <*>.<*>",exact,"<*> ""GET <*>HTTP<*>status: HTTP<*> len: <*> time: <*>",1.0,"<*> ""POST <*>HTTP<*>status: HTTP<*> len: <*> time: <*>",0.8917,"<*> ""DELETE <*>HTTP<*>status: HTTP<*> len: <*> time: <*>",0.7937,43.69,123
158,"<*> ""GET <*>HTTP<*>status: <*> len: <*> time: <*>.<*>",exact,"<*> ""GET <*>HTTP<*>status: HTTP<*> len: <*> time: <*>",1.0,"<*> ""POST <*>HTTP<*>status: HTTP<*> len: <*> time: <*>",0.8917,"<*> ""DELETE <*>HTTP<*>status: HTTP<*> len: <*> time: <*>",0.7937,41.81,123
159,"<*> ""GET <*>HTTP<*>status: <*> len: <*> time: <*>.<*>",exact,"<*> ""GET <*>HTTP<*>status: HTTP<*> len: <*> time: <*>",1.0,"<*> ""POST <*>HTTP<*>status: HTTP<*> len: <*> time: <*>",0.8917,"<*> ""DELETE <*>HTTP<*>status: HTTP<*> len: <*> time: <*>",0.7937,41.06,123
160,"<*> ""GET <*>HTTP<*>status: <*> len: <*> time: <*>.<*>",exact,"<*> ""GET <*>HTTP<*>status: HTTP<*> len: <*> time: <*>",1.0,"<*> ""POST <*>HTTP<*>status: HTTP<*> len: <*> time: <*>",0.8917,"<*> ""DELETE <*>HTTP<*>status: HTTP<*> len: <*> time: <*>",0.7937,41.13,123
161,"<*> ""GET <*>HTTP<*>status: <*> len: <*> time: <*>.<*>",exact,"<*> ""GET <*>HTTP<*>status: HTTP<*> len: <*> time: <*>",1.0,"<*> ""POST <*>HTTP<*>status: HTTP<*> len: <*> time: <*>",0.8917,"<*> ""DELETE <*>HTTP<*>status: HTTP<*> len: <*> time: <*>",0.7937,40.45,123
162,"<*> ""GET <*>HTTP<*>status: <*> len: <*> time: <*>.<*>",exact,"<*> ""GET <*>HTTP<*>status: HTTP<*> len: <*> time: <*>",1.0,"<*> ""POST <*>HTTP<*>status: HTTP<*> len: <*> time: <*>",0.8917,"<*> ""DELETE <*>HTTP<*>status: HTTP<*> len: <*> time: <*>",0.7937,40.05,123
163,"<*> ""GET <*>HTTP<*>status: <*> len: <*> time: <*>.<*>",exact,"<*> ""GET <*>HTTP<*>status: HTTP<*> len: <*> time: <*>",1.0,"<*> ""POST <*>HTTP<*>status: HTTP<*> len: <*> time: <*>",0.8917,"<*> ""DELETE <*>HTTP<*>status: HTTP<*> len: <*> time: <*>",0.7937,39.89,123
164,"<*> ""GET <*>HTTP<*>status: <*> len: <*> time: <*>.<*>",exact,"<*> ""GET <*>HTTP<*>status: HTTP<*> len: <*> time: <*>",1.0,"<*> ""POST <*>HTTP<*>status: HTTP<*> len: <*> time: <*>",0.8917,"<*> ""DELETE <*>HTTP<*>status: HTTP<*> len: <*> time: <*>",0.7937,39.12,123
165,"<*> ""GET <*>HTTP<*>status: <*> len: <*> time: <*>.<*>",exact,"<*> ""GET <*>HTTP<*>status: HTTP<*> len: <*> time: <*>",1.0,"<*> ""POST <*>HTTP<*>status: HTTP<*> len: <*> time: <*>",0.8917,"<*> ""DELETE <*>HTTP<*>status: HTTP<*> len: <*> time: <*>",0.7937,39.78,123
166,"<*> ""GET <*>HTTP<*>status: <*> len: <*> time: <*>.<*>",exact,"<*> ""GET <*>HTTP<*>status: HTTP<*> len: <*> time: <*>",1.0,"<*> ""POST <*>HTTP<*>status: HTTP<*> len: <*> time: <*>",0.8917,"<*> ""DELETE <*>HTTP<*>status: HTTP<*> len: <*> time: <*>",0.7937,44.53,123
167,"<*> ""GET <*>HTTP<*>status: <*> len: <*> time: <*>.<*>",exact,"<*> ""GET <*>HTTP<*>status: HTTP<*> len: <*> time: <*>",1.0,"<*> ""POST <*>HTTP<*>status: HTTP<*> len: <*> time: <*>",0.8917,"<*> ""DELETE <*>HTTP<*>status: HTTP<*> len: <*> time: <*>",0.7937,46.03,123
168,"<*> ""GET <*>HTTP<*>status: <*> len: <*> time: <*>.<*>",exact,"<*> ""GET <*>HTTP<*>status: HTTP<*> len: <*> time: <*>",1.0,"<*> ""POST <*>HTTP<*>status: HTTP<*> len: <*> time: <*>",0.8917,"<*> ""DELETE <*>HTTP<*>status: HTTP<*> len: <*> time: <*>",0.7937,41.56,123
169,image <*>dd<*>-<*>c<*>-<*>fbb-<*>c<*>-<*>fbe<*>b<*> at (<*>checking,exact,image <*> at (<*>checking,1.0,[instance: fecdd<*>a<*>-<*>ca<*>-<*>c<*>-<*>-<*>b<*>f<*>e] Creating image,0.7025,[instance: <*> Creating image,0.6729,40.94,123
170,"image <*>dd<*>-<*>c<*>-<*>fbb-<*>c<*>-<*>fbe<*>b<*> at (<*>in use: on this node <*> local, <*> on other nodes sharing this instance storage",exact,"image <*> at (<*>in use: on this node node<*> local, local<*> on other nodes sharing this instance storage",1.0,image <*> at (<*>checking,0.6627,[instance: <*>ea<*>-cbf<*>-<*>f<*>e-<*>fe-<*>fd<*>f<*>] Creating image,0.5238,41.6,123
171,Active base files: /var/lib/nova/instances/_base/a<*>c<*>f<*>c<*>da<*>b<*>c<*>bb<*>ac<*>e<*>,exact,Active base files: /var/lib/nova/instances/_base/a<*>c<*>f<*>c<*>da<*>b<*>c<*>bb<*>ac<*>e<*>,1.0,Removable base files: /var/lib/nova/instances/_base/a<*>c<*>f<*>c<*>da<*>b<*>c<*>bb<*>ac<*>e<*>,0.871,Unknown base file: /var/lib/nova/instances/_base/a<*>c<*>f<*>c<*>da<*>b<*>c<*>bb<*>ac<*>e<*>,0.84,43.07,123
172,"<*> ""GET <*>HTTP<*>status: <*> len: <*> time: <*>.<*>",exact,"<*> ""GET <*>HTTP<*>status: HTTP<*> len: <*> time: <*>",1.0,"<*> ""POST <*>HTTP<*>status: HTTP<*> len: <*> time: <*>",0.8917,"<*> ""DELETE <*>HTTP<*>status: HTTP<*> len: <*> time: <*>",0.7937,40.6,123
173,"<*> ""GET <*>HTTP<*>status: <*> len: <*> time: <*>.<*>",exact,"<*> ""GET <*>HTTP<*>status: HTTP<*> len: <*> time: <*>",1.0,"<*> ""POST <*>HTTP<*>status: HTTP<*> len: <*> time: <*>",0.8917,"<*> ""DELETE <*>HTTP<*>status: HTTP<*> len: <*> time: <*>",0.7937,44.55,123
174,[instance: d<*>a<*>b-<*>-<*>-bdcc-<*>b<*>d<*>d] VM Started (Lifecycle Event),partial,[instance: <*> VM <*> (Lifecycle Event),0.8984,[instance: b<*>-fe<*>a-<*>b-b<*>cc-<*>e<*>b<*>cd<*>d] VM <*> (Lifecycle Event),0.8508,[instance: <*>a<*>d<*>-<*>b<*>-<*>c<*>-b<*>-<*>a<*>cadf] VM <*> (Lifecycle Event),0.8398,45.96,123
175,[instance: d<*>a<*>b-<*>-<*>-bdcc-<*>b<*>d<*>d] VM Paused (Lifecycle Event),partial,[instance: <*> VM Paused (Lifecycle Event),0.9108,[instance: <*>dc<*>-<*>-<*>cc-<*>e-<*>b<*>c<*>dcf] VM <*> (Lifecycle Event),0.84,[instance: <*>a<*>d<*>-<*>b<*>-<*>c<*>-b<*>-<*>a<*>cadf] VM <*> (Lifecycle Event),0.8329,42.09,123
176,[instance: d<*>a<*>b-<*>-<*>-bdcc-<*>b<*>d<*>d] During sync_power_state the instance has a pending task (spawning). Skip.,partial,[instance: <*> During sync_power_state the instance has a pending task (spawning). Skip.,0.9421,"While synchronizing instance power states, found <*> instances in the database and <*> instances on the hypervisor.",0.6048,[instance: <*> Took <*> seconds to spawn the instance on the hypervisor.,0.5344,41.43,123
177,"<*> ""GET <*>HTTP<*>status: <*> len: <*> time: <*>.<*>",exact,"<*> ""GET <*>HTTP<*>status: HTTP<*> len: <*> time: <*>",1.0,"<*> ""POST <*>HTTP<*>status: HTTP<*> len: <*> time: <*>",0.8917,"<*> ""DELETE <*>HTTP<*>status: HTTP<*> len: <*> time: <*>",0.7937,40.6,123
178,"<*> ""GET <*>HTTP<*>status: <*> len: <*> time: <*>.<*>",exact,"<*> ""GET <*>HTTP<*>status: HTTP<*> len: <*> time: <*>",1.0,"<*> ""POST <*>HTTP<*>status: HTTP<*> len: <*> time: <*>",0.8917,"<*> ""DELETE <*>HTTP<*>status: HTTP<*> len: <*> time: <*>",0.7937,42.17,123
179,"<*> ""GET <*>HTTP<*>status: <*> len: <*> time: <*>.<*>",exact,"<*> ""GET <*>HTTP<*>status: HTTP<*> len: <*> time: <*>",1.0,"<*> ""POST <*>HTTP<*>status: HTTP<*> len: <*> time: <*>",0.8917,"<*> ""DELETE <*>HTTP<*>status: HTTP<*> len: <*> time: <*>",0.7937,42.34,123
180,"<*> ""GET <*>HTTP<*>status: <*> len: <*> time: <*>.<*>",exact,"<*> ""GET <*>HTTP<*>status: HTTP<*> len: <*> time: <*>",1.0,"<*> ""POST <*>HTTP<*>status: HTTP<*> len: <*> time: <*>",0.8917,"<*> ""DELETE <*>HTTP<*>status: HTTP<*> len: <*> time: <*>",0.7937,40.89,123
181,"<*> ""GET <*>HTTP<*>status: <*> len: <*> time: <*>.<*>",exact,"<*> ""GET <*>HTTP<*>status: HTTP<*> len: <*> time: <*>",1.0,"<*> ""POST <*>HTTP<*>status: HTTP<*> len: <*> time: <*>",0.8917,"<*> ""DELETE <*>HTTP<*>status: HTTP<*> len: <*> time: <*>",0.7937,41.17,123
182,image <*>dd<*>-<*>c<*>-<*>fbb-<*>c<*>-<*>fbe<*>b<*> at (<*>checking,exact,image <*> at (<*>checking,1.0,[instance: fecdd<*>a<*>-<*>ca<*>-<*>c<*>-<*>-<*>b<*>f<*>e] Creating image,0.7025,[instance: <*> Creating image,0.6729,41.39,123
183,"image <*>dd<*>-<*>c<*>-<*>fbb-<*>c<*>-<*>fbe<*>b<*> at (<*>in use: on this node <*> local, <*> on other nodes sharing this instance storage",exact,"image <*> at (<*>in use: on this node node<*> local, local<*> on other nodes sharing this instance storage",1.0,image <*> at (<*>checking,0.6627,[instance: <*>ea<*>-cbf<*>-<*>f<*>e-<*>fe-<*>fd<*>f<*>] Creating image,0.5238,42.19,123
184,Active base files: /var/lib/nova/instances/_base/a<*>c<*>f<*>c<*>da<*>b<*>c<*>bb<*>ac<*>e<*>,exact,Active base files: /var/lib/nova/instances/_base/a<*>c<*>f<*>c<*>da<*>b<*>c<*>bb<*>ac<*>e<*>,1.0,Removable base files: /var/lib/nova/instances/_base/a<*>c<*>f<*>c<*>da<*>b<*>c<*>bb<*>ac<*>e<*>,0.871,Unknown base file: /var/lib/nova/instances/_base/a<*>c<*>f<*>c<*>da<*>b<*>c<*>bb<*>ac<*>e<*>,0.84,41.74,123
185,"<*> ""GET <*>HTTP<*>status: <*> len: <*> time: <*>.<*>",exact,"<*> ""GET <*>HTTP<*>status: HTTP<*> len: <*> time: <*>",1.0,"<*> ""POST <*>HTTP<*>status: HTTP<*> len: <*> time: <*>",0.8917,"<*> ""DELETE <*>HTTP<*>status: HTTP<*> len: <*> time: <*>",0.7937,40.39,123
186,"<*> ""GET <*>HTTP<*>status: <*> len: <*> time: <*>.<*>",exact,"<*> ""GET <*>HTTP<*>status: HTTP<*> len: <*> time: <*>",1.0,"<*> ""POST <*>HTTP<*>status: HTTP<*> len: <*> time: <*>",0.8917,"<*> ""DELETE <*>HTTP<*>status: HTTP<*> len: <*> time: <*>",0.7937,40.66,123
187,"<*> ""GET <*>HTTP<*>status: <*> len: <*> time: <*>.<*>",exact,"<*> ""GET <*>HTTP<*>status: HTTP<*> len: <*> time: <*>",1.0,"<*> ""POST <*>HTTP<*>status: HTTP<*> len: <*> time: <*>",0.8917,"<*> ""DELETE <*>HTTP<*>status: HTTP<*> len: <*> time: <*>",0.7937,40.42,123
188,Creating event network-vif-plugged:a<*>c<*>d-<*>cb-<*>ef<*>-b<*>c<*>-dbc<*>c<*>a<*>bd<*>c for instance d<*>a<*>b-<*>-<*>-bdcc-<*>b<*>d<*>d,partial,Creating event network<*> for instance <*>,0.9622,[instance: <*> VM <*> (Lifecycle Event),0.4942,[instance: <*>a<*>d<*>-<*>b<*>-<*>c<*>-b<*>-<*>a<*>cadf] VM <*> (Lifecycle Event),0.4884,44.93,123
189,"<*> ""POST <*>HTTP<*>status: <*> len: <*> time: <*>.<*>",exact,"<*> ""POST <*>HTTP<*>status: HTTP<*> len: <*> time: <*>",1.0,"<*> ""GET <*>HTTP<*>status: HTTP<*> len: <*> time: <*>",0.8917,"<*> ""DELETE <*>HTTP<*>status: HTTP<*> len: <*> time: <*>",0.8163,42.41,123
190,"<*> ""GET <*>HTTP<*>status: <*> len: <*> time: <*>.<*>",exact,"<*> ""GET <*>HTTP<*>status: HTTP<*> len: <*> time: <*>",1.0,"<*> ""POST <*>HTTP<*>status: HTTP<*> len: <*> time: <*>",0.8917,"<*> ""DELETE <*>HTTP<*>status: HTTP<*> len: <*> time: <*>",0.7937,42.85,123
191,[instance: d<*>a<*>b-<*>-<*>-bdcc-<*>b<*>d<*>d] VM Resumed (Lifecycle Event),partial,[instance: <*> VM Resumed (Lifecycle Event),0.9142,[instance: b<*>-fe<*>a-<*>b-b<*>cc-<*>e<*>b<*>cd<*>d] VM <*> (Lifecycle Event),0.8516,[instance: <*>a<*>d<*>-<*>b<*>-<*>c<*>-b<*>-<*>a<*>cadf] VM <*> (Lifecycle Event),0.8502,42.68,123
192,[instance: d<*>a<*>b-<*>-<*>-bdcc-<*>b<*>d<*>d] Instance spawned successfully.,partial,[instance: <*> Instance spawned successfully.,0.8443,[instance: <*>a<*>d<*>-<*>b<*>-<*>c<*>-b<*>-<*>a<*>cadf] Instance spawned successfully.,0.8075,[instance: b<*>-fe<*>a-<*>b-b<*>cc-<*>e<*>b<*>cd<*>d] Instance spawned successfully.,0.8058,42.55,123
193,[instance: d<*>a<*>b-<*>-<*>-bdcc-<*>b<*>d<*>d] Took <*>.<*> seconds to spawn the instance on the hypervisor.,partial,[instance: <*> Took <*> seconds to spawn the instance on the hypervisor.,0.9072,[instance: <*>a<*>d<*>-<*>b<*>-<*>c<*>-b<*>-<*>a<*>cadf] Took <*> seconds to <*> the instance on the hypervisor.,0.858,[instance: b<*>-fe<*>a-<*>b-b<*>cc-<*>e<*>b<*>cd<*>d] Took <*> seconds to <*> the instance on the hypervisor.,0.8529,41.83,123
194,[instance: d<*>a<*>b-<*>-<*>-bdcc-<*>b<*>d<*>d] During sync_power_state the instance has a pending task (spawning). Skip.,partial,[instance: <*> During sync_power_state the instance has a pending task (spawning). Skip.,0.9476,"While synchronizing instance power states, found <*> instances in the database and <*> instances on the hypervisor.",0.6048,[instance: <*> Took <*> seconds to spawn the instance on the hypervisor.,0.5448,42.23,123
195,[instance: d<*>a<*>b-<*>-<*>-bdcc-<*>b<*>d<*>d] VM Resumed (Lifecycle Event),partial,[instance: <*> VM Resumed (Lifecycle Event),0.9249,[instance: b<*>-fe<*>a-<*>b-b<*>cc-<*>e<*>b<*>cd<*>d] VM <*> (Lifecycle Event),0.8516,[instance: <*>a<*>d<*>-<*>b<*>-<*>c<*>-b<*>-<*>a<*>cadf] VM <*> (Lifecycle Event),0.8502,40.85,123
196,[instance: d<*>a<*>b-<*>-<*>-bdcc-<*>b<*>d<*>d] Took <*>.<*> seconds to build instance.,partial,[instance: <*> Took <*> seconds to build instance.,0.8709,[instance: <*>a<*>d<*>-<*>b<*>-<*>c<*>-b<*>-<*>a<*>cadf] Took <*> seconds to build instance.,0.8451,[instance: b<*>-fe<*>a-<*>b-b<*>cc-<*>e<*>b<*>cd<*>d] Took <*> seconds to build instance.,0.8334,41.02,123
197,"<*> ""GET <*>HTTP<*>status: <*> len: <*> time: <*>.<*>",exact,"<*> ""GET <*>HTTP<*>status: HTTP<*> len: <*> time: <*>",1.0,"<*> ""POST <*>HTTP<*>status: HTTP<*> len: <*> time: <*>",0.8917,"<*> ""DELETE <*>HTTP<*>status: HTTP<*> len: <*> time: <*>",0.7937,39.71,123
198,"<*> ""GET <*>HTTP<*>status: <*> len: <*> time: <*>.<*>",exact,"<*> ""GET <*>HTTP<*>status: HTTP<*> len: <*> time: <*>",1.0,"<*> ""POST <*>HTTP<*>status: HTTP<*> len: <*> time: <*>",0.8917,"<*> ""DELETE <*>HTTP<*>status: HTTP<*> len: <*> time: <*>",0.7937,39.19,123
199,image <*>dd<*>-<*>c<*>-<*>fbb-<*>c<*>-<*>fbe<*>b<*> at (<*>checking,exact,image <*> at (<*>checking,1.0,[instance: fecdd<*>a<*>-<*>ca<*>-<*>c<*>-<*>-<*>b<*>f<*>e] Creating image,0.7025,[instance: <*> Creating image,0.6729,64.24,123
200,"image <*>dd<*>-<*>c<*>-<*>fbb-<*>c<*>-<*>fbe<*>b<*> at (<*>in use: on this node <*> local, <*> on other nodes sharing this instance storage",exact,"image <*> at (<*>in use: on this node node<*> local, local<*> on other nodes sharing this instance storage",1.0,image <*> at (<*>checking,0.6627,[instance: <*>ea<*>-cbf<*>-<*>f<*>e-<*>fe-<*>fd<*>f<*>] Creating image,0.5238,57.05,123
201,"<*> ""GET <*>HTTP<*>status: <*> len: <*> time: <*>.<*>",exact,"<*> ""GET <*>HTTP<*>status: HTTP<*> len: <*> time: <*>",1.0,"<*> ""POST <*>HTTP<*>status: HTTP<*> len: <*> time: <*>",0.8917,"<*> ""DELETE <*>HTTP<*>status: HTTP<*> len: <*> time: <*>",0.7937,41.07,123
202,Active base files: /var/lib/nova/instances/_base/a<*>c<*>f<*>c<*>da<*>b<*>c<*>bb<*>ac<*>e<*>,exact,Active base files: /var/lib/nova/instances/_base/a<*>c<*>f<*>c<*>da<*>b<*>c<*>bb<*>ac<*>e<*>,1.0,Removable base files: /var/lib/nova/instances/_base/a<*>c<*>f<*>c<*>da<*>b<*>c<*>bb<*>ac<*>e<*>,0.871,Unknown base file: /var/lib/nova/instances/_base/a<*>c<*>f<*>c<*>da<*>b<*>c<*>bb<*>ac<*>e<*>,0.84,42.22,123
203,"<*> ""GET <*>HTTP<*>status: <*> len: <*> time: <*>.<*>",exact,"<*> ""GET <*>HTTP<*>status: HTTP<*> len: <*> time: <*>",1.0,"<*> ""POST <*>HTTP<*>status: HTTP<*> len: <*> time: <*>",0.8917,"<*> ""DELETE <*>HTTP<*>status: HTTP<*> len: <*> time: <*>",0.7937,40.87,123
204,"<*> ""GET <*>HTTP<*>status: <*> len: <*> time: <*>.<*>",exact,"<*> ""GET <*>HTTP<*>status: HTTP<*> len: <*> time: <*>",1.0,"<*> ""POST <*>HTTP<*>status: HTTP<*> len: <*> time: <*>",0.8917,"<*> ""DELETE <*>HTTP<*>status: HTTP<*> len: <*> time: <*>",0.7937,41.64,123
205,"<*> ""GET <*>HTTP<*>status: <*> len: <*> time: <*>.<*>",exact,"<*> ""GET <*>HTTP<*>status: HTTP<*> len: <*> time: <*>",1.0,"<*> ""POST <*>HTTP<*>status: HTTP<*> len: <*> time: <*>",0.8917,"<*> ""DELETE <*>HTTP<*>status: HTTP<*> len: <*> time: <*>",0.7937,44.58,123
206,"<*> ""GET <*>HTTP<*>status: <*> len: <*> time: <*>.<*>",exact,"<*> ""GET <*>HTTP<*>status: HTTP<*> len: <*> time: <*>",1.0,"<*> ""POST <*>HTTP<*>status: HTTP<*> len: <*> time: <*>",0.8917,"<*> ""DELETE <*>HTTP<*>status: HTTP<*> len: <*> time: <*>",0.7937,47.28,123
207,"<*> ""GET <*>HTTP<*>status: <*> len: <*> time: <*>.<*>",exact,"<*> ""GET <*>HTTP<*>status: HTTP<*> len: <*> time: <*>",1.0,"<*> ""POST <*>HTTP<*>status: HTTP<*> len: <*> time: <*>",0.8917,"<*> ""DELETE <*>HTTP<*>status: HTTP<*> len: <*> time: <*>",0.7937,49.44,123
208,image <*>dd<*>-<*>c<*>-<*>fbb-<*>c<*>-<*>fbe<*>b<*> at (<*>checking,exact,image <*> at (<*>checking,1.0,[instance: fecdd<*>a<*>-<*>ca<*>-<*>c<*>-<*>-<*>b<*>f<*>e] Creating image,0.7025,[instance: <*> Creating image,0.6729,41.96,123
209,"image <*>dd<*>-<*>c<*>-<*>fbb-<*>c<*>-<*>fbe<*>b<*> at (<*>in use: on this node <*> local, <*> on other nodes sharing this instance storage",exact,"image <*> at (<*>in use: on this node node<*> local, local<*> on other nodes sharing this instance storage",1.0,image <*> at (<*>checking,0.6627,[instance: <*>ea<*>-cbf<*>-<*>f<*>e-<*>fe-<*>fd<*>f<*>] Creating image,0.5238,46.27,123
210,"<*> ""GET <*>HTTP<*>status: <*> len: <*> time: <*>.<*>",exact,"<*> ""GET <*>HTTP<*>status: HTTP<*> len: <*> time: <*>",1.0,"<*> ""POST <*>HTTP<*>status: HTTP<*> len: <*> time: <*>",0.8917,"<*> ""DELETE <*>HTTP<*>status: HTTP<*> len: <*> time: <*>",0.7937,42.61,123
211,"<*> ""GET <*>HTTP<*>status: <*> len: <*> time: <*>.<*>",exact,"<*> ""GET <*>HTTP<*>status: HTTP<*> len: <*> time: <*>",1.0,"<*> ""POST <*>HTTP<*>status: HTTP<*> len: <*> time: <*>",0.8917,"<*> ""DELETE <*>HTTP<*>status: HTTP<*> len: <*> time: <*>",0.7937,40.26,123
212,"<*> ""GET <*>HTTP<*>status: <*> len: <*> time: <*>.<*>",exact,"<*> ""GET <*>HTTP<*>status: HTTP<*> len: <*> time: <*>",1.0,"<*> ""POST <*>HTTP<*>status: HTTP<*> len: <*> time: <*>",0.8917,"<*> ""DELETE <*>HTTP<*>status: HTTP<*> len: <*> time: <*>",0.7937,40.21,123
213,Active base files: /var/lib/nova/instances/_base/a<*>c<*>f<*>c<*>da<*>b<*>c<*>bb<*>ac<*>e<*>,exact,Active base files: /var/lib/nova/instances/_base/a<*>c<*>f<*>c<*>da<*>b<*>c<*>bb<*>ac<*>e<*>,1.0,Removable base files: /var/lib/nova/instances/_base/a<*>c<*>f<*>c<*>da<*>b<*>c<*>bb<*>ac<*>e<*>,0.871,Unknown base file: /var/lib/nova/instances/_base/a<*>c<*>f<*>c<*>da<*>b<*>c<*>bb<*>ac<*>e<*>,0.84,41.66,123
214,"<*> ""GET <*>HTTP<*>status: <*> len: <*> time: <*>.<*>",exact,"<*> ""GET <*>HTTP<*>status: HTTP<*> len: <*> time: <*>",1.0,"<*> ""POST <*>HTTP<*>status: HTTP<*> len: <*> time: <*>",0.8917,"<*> ""DELETE <*>HTTP<*>status: HTTP<*> len: <*> time: <*>",0.7937,41.04,123
215,"<*> ""GET <*>HTTP<*>status: <*> len: <*> time: <*>.<*>",exact,"<*> ""GET <*>HTTP<*>status: HTTP<*> len: <*> time: <*>",1.0,"<*> ""POST <*>HTTP<*>status: HTTP<*> len: <*> time: <*>",0.8917,"<*> ""DELETE <*>HTTP<*>status: HTTP<*> len: <*> time: <*>",0.7937,40.34,123
216,"<*> ""GET <*>HTTP<*>status: <*> len: <*> time: <*>.<*>",exact,"<*> ""GET <*>HTTP<*>status: HTTP<*> len: <*> time: <*>",1.0,"<*> ""POST <*>HTTP<*>status: HTTP<*> len: <*> time: <*>",0.8917,"<*> ""DELETE <*>HTTP<*>status: HTTP<*> len: <*> time: <*>",0.7937,40.07,123
217,"<*> ""GET <*>HTTP<*>status: <*> len: <*> time: <*>.<*>",exact,"<*> ""GET <*>HTTP<*>status: HTTP<*> len: <*> time: <*>",1.0,"<*> ""POST <*>HTTP<*>status: HTTP<*> len: <*> time: <*>",0.8917,"<*> ""DELETE <*>HTTP<*>status: HTTP<*> len: <*> time: <*>",0.7937,40.01,123
218,"<*> ""GET <*>HTTP<*>status: <*> len: <*> time: <*>.<*>",exact,"<*> ""GET <*>HTTP<*>status: HTTP<*> len: <*> time: <*>",1.0,"<*> ""POST <*>HTTP<*>status: HTTP<*> len: <*> time: <*>",0.8917,"<*> ""DELETE <*>HTTP<*>status: HTTP<*> len: <*> time: <*>",0.7937,40.09,123
219,"<*> ""GET <*>HTTP<*>status: <*> len: <*> time: <*>.<*>",exact,"<*> ""GET <*>HTTP<*>status: HTTP<*> len: <*> time: <*>",1.0,"<*> ""POST <*>HTTP<*>status: HTTP<*> len: <*> time: <*>",0.8917,"<*> ""DELETE <*>HTTP<*>status: HTTP<*> len: <*> time: <*>",0.7937,41.19,123
220,"<*> ""GET <*>HTTP<*>status: <*> len: <*> time: <*>.<*>",exact,"<*> ""GET <*>HTTP<*>status: HTTP<*> len: <*> time: <*>",1.0,"<*> ""POST <*>HTTP<*>status: HTTP<*> len: <*> time: <*>",0.8917,"<*> ""DELETE <*>HTTP<*>status: HTTP<*> len: <*> time: <*>",0.7937,41.21,123
221,"<*> ""GET <*>HTTP<*>status: <*> len: <*> time: <*>.<*>",exact,"<*> ""GET <*>HTTP<*>status: HTTP<*> len: <*> time: <*>",1.0,"<*> ""POST <*>HTTP<*>status: HTTP<*> len: <*> time: <*>",0.8917,"<*> ""DELETE <*>HTTP<*>status: HTTP<*> len: <*> time: <*>",0.7937,42.72,123
222,"<*> ""GET <*>HTTP<*>status: <*> len: <*> time: <*>.<*>",exact,"<*> ""GET <*>HTTP<*>status: HTTP<*> len: <*> time: <*>",1.0,"<*> ""POST <*>HTTP<*>status: HTTP<*> len: <*> time: <*>",0.8917,"<*> ""DELETE <*>HTTP<*>status: HTTP<*> len: <*> time: <*>",0.7937,42.06,123
223,"<*> ""DELETE <*>HTTP<*>status: <*> len: <*> time: <*>.<*>",exact,"<*> ""DELETE <*>HTTP<*>status: HTTP<*> len: <*> time: <*>",1.0,"<*> ""POST <*>HTTP<*>status: HTTP<*> len: <*> time: <*>",0.8163,"<*> ""GET <*>HTTP<*>status: HTTP<*> len: <*> time: <*>",0.7937,44.18,123
224,[instance: d<*>a<*>b-<*>-<*>-bdcc-<*>b<*>d<*>d] Terminating instance,partial,[instance: <*> Terminating instance,0.8396,[instance: <*>dc<*>-<*>-<*>cc-<*>e-<*>b<*>c<*>dcf] Terminating instance,0.8204,[instance: <*>a<*>d<*>-<*>b<*>-<*>c<*>-b<*>-<*>a<*>cadf] Terminating instance,0.8196,57.15,123
225,"<*> ""GET <*>HTTP<*>status: <*> len: <*> time: <*>.<*>",exact,"<*> ""GET <*>HTTP<*>status: HTTP<*> len: <*> time: <*>",1.0,"<*> ""POST <*>HTTP<*>status: HTTP<*> len: <*> time: <*>",0.8917,"<*> ""DELETE <*>HTTP<*>status: HTTP<*> len: <*> time: <*>",0.7937,60.64,123
226,[instance: d<*>a<*>b-<*>-<*>-bdcc-<*>b<*>d<*>d] Instance destroyed successfully.,partial,[instance: <*> Instance destroyed successfully.,0.8647,[instance: <*>a<*>d<*>-<*>b<*>-<*>c<*>-b<*>-<*>a<*>cadf] Instance destroyed successfully.,0.831,[instance: b<*>-fe<*>a-<*>b-b<*>cc-<*>e<*>b<*>cd<*>d] Instance destroyed successfully.,0.8274,49.53,123
227,"<*> ""GET <*>HTTP<*>status: <*> len: <*> time: <*>.<*>",exact,"<*> ""GET <*>HTTP<*>status: HTTP<*> len: <*> time: <*>",1.0,"<*> ""POST <*>HTTP<*>status: HTTP<*> len: <*> time: <*>",0.8917,"<*> ""DELETE <*>HTTP<*>status: HTTP<*> len: <*> time: <*>",0.7937,46.3,123
228,[instance: d<*>a<*>b-<*>-<*>-bdcc-<*>b<*>d<*>d] Deleting instance files /var/lib/nova/instances/d<*>a<*>b-<*>-<*>-bdcc-<*>b<*>d<*>d_del,partial,[instance: <*> Deleting instance files <*>,0.9442,[instance: fecdd<*>a<*>-<*>ca<*>-<*>c<*>-<*>-<*>b<*>f<*>e] Deleting instance files /var/lib/nova/instances/fecdd<*>a<*>-<*>ca<*>-<*>c<*>-<*>-<*>b<*>f<*>e_del,0.8656,Removing base or swap file: /var/lib/nova/instances/_base/a<*>c<*>f<*>c<*>da<*>b<*>c<*>bb<*>ac<*>e<*>,0.7505,47.26,123
229,[instance: d<*>a<*>b-<*>-<*>-bdcc-<*>b<*>d<*>d] Deletion of <*>complete,partial,[instance: <*> Deletion of <*>complete,0.888,[instance: <*>a<*>d<*>-<*>b<*>-<*>c<*>-b<*>-<*>a<*>cadf] Deletion of <*>complete,0.8586,[instance: <*>dc<*>-<*>-<*>cc-<*>e-<*>b<*>c<*>dcf] Deletion of <*>complete,0.8568,59.17,123
230,[instance: d<*>a<*>b-<*>-<*>-bdcc-<*>b<*>d<*>d] Took <*>.<*> seconds to destroy the instance on the hypervisor.,partial,[instance: <*> Took <*> seconds to destroy the instance on the hypervisor.,0.9163,[instance: <*>a<*>d<*>-<*>b<*>-<*>c<*>-b<*>-<*>a<*>cadf] Took <*> seconds to <*> the instance on the hypervisor.,0.8656,[instance: b<*>-fe<*>a-<*>b-b<*>cc-<*>e<*>b<*>cd<*>d] Took <*> seconds to <*> the instance on the hypervisor.,0.8635,63.51,123
231,"<*> ""GET <*>HTTP<*>status: <*> len: <*> time: <*>.<*>",exact,"<*> ""GET <*>HTTP<*>status: HTTP<*> len: <*> time: <*>",1.0,"<*> ""POST <*>HTTP<*>status: HTTP<*> len: <*> time: <*>",0.8917,"<*> ""DELETE <*>HTTP<*>status: HTTP<*> len: <*> time: <*>",0.7937,53.21,123
232,[instance: d<*>a<*>b-<*>-<*>-bdcc-<*>b<*>d<*>d] Took <*>.<*> seconds to deallocate network for instance.,partial,[instance: <*> Took <*> seconds to deallocate network for instance.,0.8842,[instance: <*>a<*>d<*>-<*>b<*>-<*>c<*>-b<*>-<*>a<*>cadf] Took <*> seconds to deallocate network for instance.,0.8619,[instance: fecdd<*> Took <*> seconds to deallocate network for instance.,0.8557,53.35,123
233,"<*> ""GET <*>HTTP<*>status: <*> len: <*> time: <*>.<*>",exact,"<*> ""GET <*>HTTP<*>status: HTTP<*> len: <*> time: <*>",1.0,"<*> ""POST <*>HTTP<*>status: HTTP<*> len: <*> time: <*>",0.8917,"<*> ""DELETE <*>HTTP<*>status: HTTP<*> len: <*> time: <*>",0.7937,53.49,123
234,Unknown base file: /var/lib/nova/instances/_base/a<*>c<*>f<*>c<*>da<*>b<*>c<*>bb<*>ac<*>e<*>,exact,Unknown base file: /var/lib/nova/instances/_base/a<*>c<*>f<*>c<*>da<*>b<*>c<*>bb<*>ac<*>e<*>,1.0,Removing base or swap file: /var/lib/nova/instances/_base/a<*>c<*>f<*>c<*>da<*>b<*>c<*>bb<*>ac<*>e<*>,0.8518,Base or swap file too young to remove: /var/lib/nova/instances/_base/a<*>c<*>f<*>c<*>da<*>b<*>c<*>bb<*>ac<*>e<*>,0.8448,52.26,123
235,HTTP exception thrown: No instances found for any event,exact,HTTP exception thrown: No instances found for any event,1.0,"<*> ""DELETE <*>HTTP<*>status: HTTP<*> len: <*> time: <*>",0.2495,"<*> ""POST <*>HTTP<*>status: HTTP<*> len: <*> time: <*>",0.2452,46.57,123
236,Removable base files: /var/lib/nova/instances/_base/a<*>c<*>f<*>c<*>da<*>b<*>c<*>bb<*>ac<*>e<*>,exact,Removable base files: /var/lib/nova/instances/_base/a<*>c<*>f<*>c<*>da<*>b<*>c<*>bb<*>ac<*>e<*>,1.0,Active base files: /var/lib/nova/instances/_base/a<*>c<*>f<*>c<*>da<*>b<*>c<*>bb<*>ac<*>e<*>,0.871,Removing base or swap file: /var/lib/nova/instances/_base/a<*>c<*>f<*>c<*>da<*>b<*>c<*>bb<*>ac<*>e<*>,0.8165,45.39,123
237,Base or swap file too young to remove: /var/lib/nova/instances/_base/a<*>c<*>f<*>c<*>da<*>b<*>c<*>bb<*>ac<*>e<*>,exact,Base or swap file too young to remove: /var/lib/nova/instances/_base/a<*>c<*>f<*>c<*>da<*>b<*>c<*>bb<*>ac<*>e<*>,1.0,Removing base or swap file: /var/lib/nova/instances/_base/a<*>c<*>f<*>c<*>da<*>b<*>c<*>bb<*>ac<*>e<*>,0.969,Unknown base file: /var/lib/nova/instances/_base/a<*>c<*>f<*>c<*>da<*>b<*>c<*>bb<*>ac<*>e<*>,0.8448,44.7,123
238,"<*> ""POST <*>HTTP<*>status: <*> len: <*> time: <*>.<*>",exact,"<*> ""POST <*>HTTP<*>status: HTTP<*> len: <*> time: <*>",1.0,"<*> ""GET <*>HTTP<*>status: HTTP<*> len: <*> time: <*>",0.8917,"<*> ""DELETE <*>HTTP<*>status: HTTP<*> len: <*> time: <*>",0.8163,42.85,123
239,Unknown base file: /var/lib/nova/instances/_base/a<*>c<*>f<*>c<*>da<*>b<*>c<*>bb<*>ac<*>e<*>,exact,Unknown base file: /var/lib/nova/instances/_base/a<*>c<*>f<*>c<*>da<*>b<*>c<*>bb<*>ac<*>e<*>,1.0,Removing base or swap file: /var/lib/nova/instances/_base/a<*>c<*>f<*>c<*>da<*>b<*>c<*>bb<*>ac<*>e<*>,0.8518,Base or swap file too young to remove: /var/lib/nova/instances/_base/a<*>c<*>f<*>c<*>da<*>b<*>c<*>bb<*>ac<*>e<*>,0.8448,45.51,123
240,Removable base files: /var/lib/nova/instances/_base/a<*>c<*>f<*>c<*>da<*>b<*>c<*>bb<*>ac<*>e<*>,exact,Removable base files: /var/lib/nova/instances/_base/a<*>c<*>f<*>c<*>da<*>b<*>c<*>bb<*>ac<*>e<*>,1.0,Active base files: /var/lib/nova/instances/_base/a<*>c<*>f<*>c<*>da<*>b<*>c<*>bb<*>ac<*>e<*>,0.871,Removing base or swap file: /var/lib/nova/instances/_base/a<*>c<*>f<*>c<*>da<*>b<*>c<*>bb<*>ac<*>e<*>,0.8165,46.72,123
241,Removing base or swap file: /var/lib/nova/instances/_base/a<*>c<*>f<*>c<*>da<*>b<*>c<*>bb<*>ac<*>e<*>,exact,Removing base or swap file: /var/lib/nova/instances/_base/a<*>c<*>f<*>c<*>da<*>b<*>c<*>bb<*>ac<*>e<*>,1.0,Base or swap file too young to remove: /var/lib/nova/instances/_base/a<*>c<*>f<*>c<*>da<*>b<*>c<*>bb<*>ac<*>e<*>,0.969,Unknown base file: /var/lib/nova/instances/_base/a<*>c<*>f<*>c<*>da<*>b<*>c<*>bb<*>ac<*>e<*>,0.8518,52.66,123
242,"<*> ""POST <*>HTTP<*>status: <*> len: <*> time: <*>.<*>",exact,"<*> ""POST <*>HTTP<*>status: HTTP<*> len: <*> time: <*>",1.0,"<*> ""GET <*>HTTP<*>status: HTTP<*> len: <*> time: <*>",0.8917,"<*> ""DELETE <*>HTTP<*>status: HTTP<*> len: <*> time: <*>",0.8163,50.92,123
243,"<*> ""GET <*>HTTP<*>status: <*> len: <*> time: <*>.<*>",exact,"<*> ""GET <*>HTTP<*>status: HTTP<*> len: <*> time: <*>",1.0,"<*> ""POST <*>HTTP<*>status: HTTP<*> len: <*> time: <*>",0.8917,"<*> ""DELETE <*>HTTP<*>status: HTTP<*> len: <*> time: <*>",0.7937,49.07,123
244,"[instance: d<*>b<*>bd<*>-<*>-<*>-<*>-fffdd<*>ea<*>e] Attempting claim: memory <*> MB, disk <*> GB, vcpus <*> CPU",partial,"[instance: <*> Attempting claim: memory <*> MB, disk <*> GB, vcpus <*> CPU",0.9128,"[instance: fecdd<*>a<*>-<*>ca<*>-<*>c<*>-<*>-<*>b<*>f<*>e] Attempting claim: memory <*> MB, disk <*> GB, vcpus <*> CPU",0.9108,"[instance: <*>a<*>d<*>-<*>b<*>-<*>c<*>-b<*>-<*>a<*>cadf] Attempting claim: memory <*> MB, disk <*> GB, vcpus <*> CPU",0.84,44.29,123
245,"[instance: d<*>b<*>bd<*>-<*>-<*>-<*>-fffdd<*>ea<*>e] Total memory: <*> MB, used: <*>.<*> MB",partial,"[instance: <*> Total memory: <*> MB, used: <*> MB",0.9343,"[instance: <*>a<*>d<*>-<*>b<*>-<*>c<*>-b<*>-<*>a<*>cadf] Total memory: <*> MB, used: <*> MB",0.8608,"[instance: <*>ea<*>-cbf<*>-<*>f<*>e-<*>fe-<*>fd<*>f<*>] <*> MB, <*> MB",0.8546,46.31,123
246,"[instance: d<*>b<*>bd<*>-<*>-<*>-<*>-fffdd<*>ea<*>e] memory limit: <*>.<*> MB, free: <*>.<*> MB",partial,"[instance: <*> memory limit: <*> MB, free: <*> MB",0.9285,"[instance: <*>a<*>d<*>-<*>b<*>-<*>c<*>-b<*>-<*>a<*>cadf] memory limit: <*> MB, free: <*> MB",0.8686,"[instance: <*>ea<*>-cbf<*>-<*>f<*>e-<*>fe-<*>fd<*>f<*>] <*> MB, <*> MB",0.8608,43.74,123
247,"[instance: d<*>b<*>bd<*>-<*>-<*>-<*>-fffdd<*>ea<*>e] Total disk: <*> GB, used: <*>.<*> GB",partial,"[instance: <*> Total disk: <*> GB, used: <*> GB",0.9495,"[instance: b<*>ef<*>-ba<*>d-<*>ae-bf<*>a-<*>cba<*>a<*>] Total disk: <*> GB, used: <*> GB",0.8844,"[instance: <*>dc<*>-<*>-<*>cc-<*>e-<*>b<*>c<*>dcf] Total disk: <*> GB, used: <*> GB",0.8711,42.58,123
248,"[instance: d<*>b<*>bd<*>-<*>-<*>-<*>-fffdd<*>ea<*>e] disk limit not specified, defaulting to unlimited",partial,"[instance: <*> disk limit not specified, defaulting to unlimited",0.9072,"[instance: <*>ea<*>-cbf<*>-<*>f<*>e-<*>fe-<*>fd<*>f<*>] disk limit not specified, defaulting to unlimited",0.8745,"[instance: b<*>ef<*>-ba<*>d-<*>ae-bf<*>a-<*>cba<*>a<*>] disk limit not specified, defaulting to unlimited",0.8346,42.64,123
249,"[instance: d<*>b<*>bd<*>-<*>-<*>-<*>-fffdd<*>ea<*>e] Total vcpu: <*> VCPU, used: <*>.<*> VCPU",partial,"[instance: <*> Total vcpu: <*> VCPU, used: <*> VCPU",0.9354,"[instance: fecdd<*> Total vcpu: <*> VCPU, used: <*> VCPU",0.9098,"[instance: b<*>ef<*>-ba<*>d-<*>ae-bf<*>a-<*>cba<*>a<*>] Total vcpu: <*> VCPU, used: <*> VCPU",0.8681,41.99,123
250,"[instance: d<*>b<*>bd<*>-<*>-<*>-<*>-fffdd<*>ea<*>e] vcpu limit not specified, defaulting to unlimited",partial,"[instance: <*> vcpu limit not specified, defaulting to unlimited",0.9194,"[instance: <*>ea<*>-cbf<*>-<*>f<*>e-<*>fe-<*>fd<*>f<*>] vcpu limit not specified, defaulting to unlimited",0.8889,"[instance: b<*>ef<*>-ba<*>d-<*>ae-bf<*>a-<*>cba<*>a<*>] vcpu limit not specified, defaulting to unlimited",0.8564,41.82,123
251,[instance: d<*>b<*>bd<*>-<*>-<*>-<*>-fffdd<*>ea<*>e] Claim successful,partial,[instance: <*> Claim successful,0.9061,[instance: <*>ea<*>-cbf<*>-<*>f<*>e-<*>fe-<*>fd<*>f<*>] Claim successful,0.8586,[instance: b<*>ef<*>-ba<*>d-<*>ae-bf<*>a-<*>cba<*>a<*>] Claim successful,0.8339,41.73,123
252,"<*> ""GET <*>HTTP<*>status: <*> len: <*> time: <*>.<*>",exact,"<*> ""GET <*>HTTP<*>status: HTTP<*> len: <*> time: <*>",1.0,"<*> ""POST <*>HTTP<*>status: HTTP<*> len: <*> time: <*>",0.8917,"<*> ""DELETE <*>HTTP<*>status: HTTP<*> len: <*> time: <*>",0.7937,40.67,123
253,"<*> ""GET <*>HTTP<*>status: <*> len: <*> time: <*>.<*>",exact,"<*> ""GET <*>HTTP<*>status: HTTP<*> len: <*> time: <*>",1.0,"<*> ""POST <*>HTTP<*>status: HTTP<*> len: <*> time: <*>",0.8917,"<*> ""DELETE <*>HTTP<*>status: HTTP<*> len: <*> time: <*>",0.7937,40.86,123
254,[instance: d<*>b<*>bd<*>-<*>-<*>-<*>-fffdd<*>ea<*>e] Creating image,partial,[instance: <*> Creating image,0.8973,[instance: <*>ea<*>-cbf<*>-<*>f<*>e-<*>fe-<*>fd<*>f<*>] Creating image,0.8668,[instance: b<*>ef<*>-ba<*>d-<*>ae-bf<*>a-<*>cba<*>a<*>] Creating image,0.8245,43.98,123
255,"<*> ""GET <*>HTTP<*>status: <*> len: <*> time: <*>.<*>",exact,"<*> ""GET <*>HTTP<*>status: HTTP<*> len: <*> time: <*>",1.0,"<*> ""POST <*>HTTP<*>status: HTTP<*> len: <*> time: <*>",0.8917,"<*> ""DELETE <*>HTTP<*>status: HTTP<*> len: <*> time: <*>",0.7937,60.31,123
256,"<*> ""GET <*>HTTP<*>status: <*> len: <*> time: <*>.<*>",exact,"<*> ""GET <*>HTTP<*>status: HTTP<*> len: <*> time: <*>",1.0,"<*> ""POST <*>HTTP<*>status: HTTP<*> len: <*> time: <*>",0.8917,"<*> ""DELETE <*>HTTP<*>status: HTTP<*> len: <*> time: <*>",0.7937,62.72,123
257,[instance: d<*>a<*>b-<*>-<*>-bdcc-<*>b<*>d<*>d] VM Stopped (Lifecycle Event),partial,[instance: <*> VM Stopped (Lifecycle Event),0.8882,[instance: <*>dc<*>-<*>-<*>cc-<*>e-<*>b<*>c<*>dcf] VM <*> (Lifecycle Event),0.8523,[instance: <*> VM Paused (Lifecycle Event),0.8448,40.97,123
258,"<*> ""GET <*>HTTP<*>status: <*> len: <*> time: <*>.<*>",exact,"<*> ""GET <*>HTTP<*>status: HTTP<*> len: <*> time: <*>",1.0,"<*> ""POST <*>HTTP<*>status: HTTP<*> len: <*> time: <*>",0.8917,"<*> ""DELETE <*>HTTP<*>status: HTTP<*> len: <*> time: <*>",0.7937,39.9,123
259,"<*> ""GET <*>HTTP<*>status: <*> len: <*> time: <*>.<*>",exact,"<*> ""GET <*>HTTP<*>status: HTTP<*> len: <*> time: <*>",1.0,"<*> ""POST <*>HTTP<*>status: HTTP<*> len: <*> time: <*>",0.8917,"<*> ""DELETE <*>HTTP<*>status: HTTP<*> len: <*> time: <*>",0.7937,39.48,123
260,"<*> ""GET <*>HTTP<*>status: <*> len: <*> time: <*>.<*>",exact,"<*> ""GET <*>HTTP<*>status: HTTP<*> len: <*> time: <*>",1.0,"<*> ""POST <*>HTTP<*>status: HTTP<*> len: <*> time: <*>",0.8917,"<*> ""DELETE <*>HTTP<*>status: HTTP<*> len: <*> time: <*>",0.7937,39.82,123
261,"<*> ""GET <*>HTTP<*>status: <*> len: <*> time: <*>.<*>",exact,"<*> ""GET <*>HTTP<*>status: HTTP<*> len: <*> time: <*>",1.0,"<*> ""POST <*>HTTP<*>status: HTTP<*> len: <*> time: <*>",0.8917,"<*> ""DELETE <*>HTTP<*>status: HTTP<*> len: <*> time: <*>",0.7937,39.29,123
262,"<*> ""GET <*>HTTP<*>status: <*> len: <*> time: <*>.<*>",exact,"<*> ""GET <*>HTTP<*>status: HTTP<*> len: <*> time: <*>",1.0,"<*> ""POST <*>HTTP<*>status: HTTP<*> len: <*> time: <*>",0.8917,"<*> ""DELETE <*>HTTP<*>status: HTTP<*> len: <*> time: <*>",0.7937,39.29,123
263,"<*> ""GET <*>HTTP<*>status: <*> len: <*> time: <*>.<*>",exact,"<*> ""GET <*>HTTP<*>status: HTTP<*> len: <*> time: <*>",1.0,"<*> ""POST <*>HTTP<*>status: HTTP<*> len: <*> time: <*>",0.8917,"<*> ""DELETE <*>HTTP<*>status: HTTP<*> len: <*> time: <*>",0.7937,39.23,123
264,"<*> ""GET <*>HTTP<*>status: <*> len: <*> time: <*>.<*>",exact,"<*> ""GET <*>HTTP<*>status: HTTP<*> len: <*> time: <*>",1.0,"<*> ""POST <*>HTTP<*>status: HTTP<*> len: <*> time: <*>",0.8917,"<*> ""DELETE <*>HTTP<*>status: HTTP<*> len: <*> time: <*>",0.7937,39.19,123
265,"<*> ""GET <*>HTTP<*>status: <*> len: <*> time: <*>.<*>",exact,"<*> ""GET <*>HTTP<*>status: HTTP<*> len: <*> time: <*>",1.0,"<*> ""POST <*>HTTP<*>status: HTTP<*> len: <*> time: <*>",0.8917,"<*> ""DELETE <*>HTTP<*>status: HTTP<*> len: <*> time: <*>",0.7937,39.24,123
266,"<*> ""GET <*>HTTP<*>status: <*> len: <*> time: <*>.<*>",exact,"<*> ""GET <*>HTTP<*>status: HTTP<*> len: <*> time: <*>",1.0,"<*> ""POST <*>HTTP<*>status: HTTP<*> len: <*> time: <*>",0.8917,"<*> ""DELETE <*>HTTP<*>status: HTTP<*> len: <*> time: <*>",0.7937,113.94,123
267,"<*> ""GET <*>HTTP<*>status: <*> len: <*> time: <*>.<*>",exact,"<*> ""GET <*>HTTP<*>status: HTTP<*> len: <*> time: <*>",1.0,"<*> ""POST <*>HTTP<*>status: HTTP<*> len: <*> time: <*>",0.8917,"<*> ""DELETE <*>HTTP<*>status: HTTP<*> len: <*> time: <*>",0.7937,40.42,123
268,Auditing locally available compute resources for node cp-<*>.slowvm<*>.tcloud-pg<*>.utah.cloudlab.us,exact,Auditing locally available compute resources for node cp-<*>.slowvm<*>.tcloud-pg<*>.utah.cloudlab.us,1.0,Running instance usage audit for host cp-<*>.slowvm<*>.tcloud-pg<*>.utah.cloudlab.us from <*> to <*> <*>:<*>:<*>. <*> instances.,0.8328,Compute_service record updated for cp-<*>.slowvm<*>.tcloud-pg<*>.utah.cloudlab.us:cp-<*>.slowvm<*>.tcloud-pg<*>.utah.cloudlab.us,0.7067,40.21,123
269,"Total usable vcpus: <*>, total allocated vcpus: <*>",exact,"Total usable vcpus: <*>, total allocated vcpus: <*>",1.0,"[instance: <*> Total vcpu: <*> VCPU, used: <*> VCPU",0.6002,"[instance: fecdd<*>a<*>-<*>ca<*>-<*>c<*>-<*>-<*>b<*>f<*>e] Attempting claim: memory <*> MB, disk <*> GB, vcpus <*> CPU",0.5987,39.14,123
270,Final resource view: name=cp-<*>.slowvm<*>.tcloud-pg<*>.utah.cloudlab.us phys_ram=<*>MB used_ram=<*>MB phys_disk=<*>GB used_disk=<*>GB total_vcpus=<*> used_vcpus=<*> pci_stats=[],exact,Final resource view: name=cp-<*>.slowvm<*>.tcloud-pg<*>.utah.cloudlab.us phys_ram=<*>MB used_ram=<*>MB phys_disk=<*>GB used_disk=<*>GB total_vcpus=<*> used_vcpus=<*> pci_stats=[],1.0,The instance sync for host 'cp-<*>.slowvm<*>.tcloud-pg<*>.utah.cloudlab.us' did not match. Re-created its InstanceList.,0.7105,Successfully synced instances from host 'cp-<*>.slowvm<*>.tcloud-pg<*>.utah.cloudlab.us'.,0.7023,44.5,123
271,Compute_service record updated for cp-<*>.slowvm<*>.tcloud-pg<*>.utah.cloudlab.us:cp-<*>.slowvm<*>.tcloud-pg<*>.utah.cloudlab.us,exact,Compute_service record updated for cp-<*>.slowvm<*>.tcloud-pg<*>.utah.cloudlab.us:cp-<*>.slowvm<*>.tcloud-pg<*>.utah.cloudlab.us,1.0,The instance sync for host 'cp-<*>.slowvm<*>.tcloud-pg<*>.utah.cloudlab.us' did not match. Re-created its InstanceList.,0.763,Successfully synced instances from host 'cp-<*>.slowvm<*>.tcloud-pg<*>.utah.cloudlab.us'.,0.7234,43.29,123
272,image <*>dd<*>-<*>c<*>-<*>fbb-<*>c<*>-<*>fbe<*>b<*> at (<*>checking,exact,image <*> at (<*>checking,1.0,[instance: fecdd<*>a<*>-<*>ca<*>-<*>c<*>-<*>-<*>b<*>f<*>e] Creating image,0.7025,[instance: <*> Creating image,0.676,41.66,123
273,"image <*>dd<*>-<*>c<*>-<*>fbb-<*>c<*>-<*>fbe<*>b<*> at (<*>in use: on this node <*> local, <*> on other nodes sharing this instance storage",exact,"image <*> at (<*>in use: on this node node<*> local, local<*> on other nodes sharing this instance storage",1.0,image <*> at (<*>checking,0.6627,[instance: <*>ea<*>-cbf<*>-<*>f<*>e-<*>fe-<*>fd<*>f<*>] Creating image,0.5238,42.65,123
274,Active base files: /var/lib/nova/instances/_base/a<*>c<*>f<*>c<*>da<*>b<*>c<*>bb<*>ac<*>e<*>,exact,Active base files: /var/lib/nova/instances/_base/a<*>c<*>f<*>c<*>da<*>b<*>c<*>bb<*>ac<*>e<*>,1.0,Removable base files: /var/lib/nova/instances/_base/a<*>c<*>f<*>c<*>da<*>b<*>c<*>bb<*>ac<*>e<*>,0.871,Unknown base file: /var/lib/nova/instances/_base/a<*>c<*>f<*>c<*>da<*>b<*>c<*>bb<*>ac<*>e<*>,0.84,41.74,123
275,"<*> ""GET <*>HTTP<*>status: <*> len: <*> time: <*>.<*>",exact,"<*> ""GET <*>HTTP<*>status: HTTP<*> len: <*> time: <*>",1.0,"<*> ""POST <*>HTTP<*>status: HTTP<*> len: <*> time: <*>",0.8917,"<*> ""DELETE <*>HTTP<*>status: HTTP<*> len: <*> time: <*>",0.7937,44.75,123
276,"<*> ""GET <*>HTTP<*>status: <*> len: <*> time: <*>.<*>",exact,"<*> ""GET <*>HTTP<*>status: HTTP<*> len: <*> time: <*>",1.0,"<*> ""POST <*>HTTP<*>status: HTTP<*> len: <*> time: <*>",0.8917,"<*> ""DELETE <*>HTTP<*>status: HTTP<*> len: <*> time: <*>",0.7937,42.69,123
277,"<*> ""GET <*>HTTP<*>status: <*> len: <*> time: <*>.<*>",exact,"<*> ""GET <*>HTTP<*>status: HTTP<*> len: <*> time: <*>",1.0,"<*> ""POST <*>HTTP<*>status: HTTP<*> len: <*> time: <*>",0.8917,"<*> ""DELETE <*>HTTP<*>status: HTTP<*> len: <*> time: <*>",0.7937,41.43,123
278,"<*> ""GET <*>HTTP<*>status: <*> len: <*> time: <*>.<*>",exact,"<*> ""GET <*>HTTP<*>status: HTTP<*> len: <*> time: <*>",1.0,"<*> ""POST <*>HTTP<*>status: HTTP<*> len: <*> time: <*>",0.8917,"<*> ""DELETE <*>HTTP<*>status: HTTP<*> len: <*> time: <*>",0.7937,41.86,123
279,[instance: d<*>b<*>bd<*>-<*>-<*>-<*>-fffdd<*>ea<*>e] VM Started (Lifecycle Event),partial,[instance: <*> VM <*> (Lifecycle Event),0.9316,[instance: <*> VM Stopped (Lifecycle Event),0.8669,[instance: <*>ea<*>-cbf<*>-<*>f<*>e-<*>fe-<*>fd<*>f<*>] VM <*> (Lifecycle Event),0.8645,43.33,123
280,[instance: d<*>b<*>bd<*>-<*>-<*>-<*>-fffdd<*>ea<*>e] VM Paused (Lifecycle Event),partial,[instance: <*> VM Paused (Lifecycle Event),0.948,[instance: <*> VM Stopped (Lifecycle Event),0.8794,[instance: <*>ea<*>-cbf<*>-<*>f<*>e-<*>fe-<*>fd<*>f<*>] VM <*> (Lifecycle Event),0.8738,46.79,123
281,[instance: d<*>b<*>bd<*>-<*>-<*>-<*>-fffdd<*>ea<*>e] During sync_power_state the instance has a pending task (spawning). Skip.,partial,[instance: <*> During sync_power_state the instance has a pending task (spawning). Skip.,0.9745,"While synchronizing instance power states, found <*> instances in the database and <*> instances on the hypervisor.",0.6298,[instance: <*> Took <*> seconds to spawn the instance on the hypervisor.,0.5943,45.43,123
282,"<*> ""GET <*>HTTP<*>status: <*> len: <*> time: <*>.<*>",exact,"<*> ""GET <*>HTTP<*>status: HTTP<*> len: <*> time: <*>",1.0,"<*> ""POST <*>HTTP<*>status: HTTP<*> len: <*> time: <*>",0.8917,"<*> ""DELETE <*>HTTP<*>status: HTTP<*> len: <*> time: <*>",0.7937,42.49,123
283,"<*> ""GET <*>HTTP<*>status: <*> len: <*> time: <*>.<*>",exact,"<*> ""GET <*>HTTP<*>status: HTTP<*> len: <*> time: <*>",1.0,"<*> ""POST <*>HTTP<*>status: HTTP<*> len: <*> time: <*>",0.8917,"<*> ""DELETE <*>HTTP<*>status: HTTP<*> len: <*> time: <*>",0.7937,48.38,123
284,"<*> ""GET <*>HTTP<*>status: <*> len: <*> time: <*>.<*>",exact,"<*> ""GET <*>HTTP<*>status: HTTP<*> len: <*> time: <*>",1.0,"<*> ""POST <*>HTTP<*>status: HTTP<*> len: <*> time: <*>",0.8917,"<*> ""DELETE <*>HTTP<*>status: HTTP<*> len: <*> time: <*>",0.7937,41.49,123
285,"<*> ""GET <*>HTTP<*>status: <*> len: <*> time: <*>.<*>",exact,"<*> ""GET <*>HTTP<*>status: HTTP<*> len: <*> time: <*>",1.0,"<*> ""POST <*>HTTP<*>status: HTTP<*> len: <*> time: <*>",0.8917,"<*> ""DELETE <*>HTTP<*>status: HTTP<*> len: <*> time: <*>",0.7937,41.42,123
286,image <*>dd<*>-<*>c<*>-<*>fbb-<*>c<*>-<*>fbe<*>b<*> at (<*>checking,exact,image <*> at (<*>checking,1.0,[instance: fecdd<*>a<*>-<*>ca<*>-<*>c<*>-<*>-<*>b<*>f<*>e] Creating image,0.7025,[instance: <*> Creating image,0.676,44.58,123
287,"image <*>dd<*>-<*>c<*>-<*>fbb-<*>c<*>-<*>fbe<*>b<*> at (<*>in use: on this node <*> local, <*> on other nodes sharing this instance storage",exact,"image <*> at (<*>in use: on this node node<*> local, local<*> on other nodes sharing this instance storage",1.0,image <*> at (<*>checking,0.6627,[instance: <*>ea<*>-cbf<*>-<*>f<*>e-<*>fe-<*>fd<*>f<*>] Creating image,0.5238,44.36,123
288,Active base files: /var/lib/nova/instances/_base/a<*>c<*>f<*>c<*>da<*>b<*>c<*>bb<*>ac<*>e<*>,exact,Active base files: /var/lib/nova/instances/_base/a<*>c<*>f<*>c<*>da<*>b<*>c<*>bb<*>ac<*>e<*>,1.0,Removable base files: /var/lib/nova/instances/_base/a<*>c<*>f<*>c<*>da<*>b<*>c<*>bb<*>ac<*>e<*>,0.871,Unknown base file: /var/lib/nova/instances/_base/a<*>c<*>f<*>c<*>da<*>b<*>c<*>bb<*>ac<*>e<*>,0.84,43.4,123
289,"<*> ""GET <*>HTTP<*>status: <*> len: <*> time: <*>.<*>",exact,"<*> ""GET <*>HTTP<*>status: HTTP<*> len: <*> time: <*>",1.0,"<*> ""POST <*>HTTP<*>status: HTTP<*> len: <*> time: <*>",0.8917,"<*> ""DELETE <*>HTTP<*>status: HTTP<*> len: <*> time: <*>",0.7937,41.79,123
290,"<*> ""GET <*>HTTP<*>status: <*> len: <*> time: <*>.<*>",exact,"<*> ""GET <*>HTTP<*>status: HTTP<*> len: <*> time: <*>",1.0,"<*> ""POST <*>HTTP<*>status: HTTP<*> len: <*> time: <*>",0.8917,"<*> ""DELETE <*>HTTP<*>status: HTTP<*> len: <*> time: <*>",0.7937,39.52,123
291,"<*> ""GET <*>HTTP<*>status: <*> len: <*> time: <*>.<*>",exact,"<*> ""GET <*>HTTP<*>status: HTTP<*> len: <*> time: <*>",1.0,"<*> ""POST <*>HTTP<*>status: HTTP<*> len: <*> time: <*>",0.8917,"<*> ""DELETE <*>HTTP<*>status: HTTP<*> len: <*> time: <*>",0.7937,40.71,123
292,"<*> ""GET <*>HTTP<*>status: <*> len: <*> time: <*>.<*>",exact,"<*> ""GET <*>HTTP<*>status: HTTP<*> len: <*> time: <*>",1.0,"<*> ""POST <*>HTTP<*>status: HTTP<*> len: <*> time: <*>",0.8917,"<*> ""DELETE <*>HTTP<*>status: HTTP<*> len: <*> time: <*>",0.7937,41.21,123
293,Creating event network-vif-plugged:<*>b<*>aca<*>-<*>e-<*>-<*>ff<*>-<*>d<*>ff<*> for instance d<*>b<*>bd<*>-<*>-<*>-<*>-fffdd<*>ea<*>e,partial,Creating event network<*> for instance <*>,0.9547,[instance: <*> VM <*> (Lifecycle Event),0.4694,[instance: <*>dc<*>-<*>-<*>cc-<*>e-<*>b<*>c<*>dcf] VM <*> (Lifecycle Event),0.4461,46.72,123
294,"<*> ""POST <*>HTTP<*>status: <*> len: <*> time: <*>.<*>",exact,"<*> ""POST <*>HTTP<*>status: HTTP<*> len: <*> time: <*>",1.0,"<*> ""GET <*>HTTP<*>status: HTTP<*> len: <*> time: <*>",0.8917,"<*> ""DELETE <*>HTTP<*>status: HTTP<*> len: <*> time: <*>",0.8163,43.4,123
295,[instance: d<*>b<*>bd<*>-<*>-<*>-<*>-fffdd<*>ea<*>e] VM Resumed (Lifecycle Event),partial,[instance: <*> VM Resumed (Lifecycle Event),0.944,[instance: <*>ea<*>-cbf<*>-<*>f<*>e-<*>fe-<*>fd<*>f<*>] VM <*> (Lifecycle Event),0.884,[instance: <*> VM <*> (Lifecycle Event),0.8805,41.74,123
296,[instance: d<*>b<*>bd<*>-<*>-<*>-<*>-fffdd<*>ea<*>e] Instance spawned successfully.,partial,[instance: <*> Instance spawned successfully.,0.9076,[instance: <*>ea<*>-cbf<*>-<*>f<*>e-<*>fe-<*>fd<*>f<*>] Instance spawned successfully.,0.8823,[instance: b<*>ef<*>-ba<*>d-<*>ae-bf<*>a-<*>cba<*>a<*>] Instance spawned successfully.,0.8405,41.94,123
297,[instance: d<*>b<*>bd<*>-<*>-<*>-<*>-fffdd<*>ea<*>e] Took <*>.<*> seconds to spawn the instance on the hypervisor.,partial,[instance: <*> Took <*> seconds to spawn the instance on the hypervisor.,0.9555,[instance: b<*>ef<*>-ba<*>d-<*>ae-bf<*>a-<*>cba<*>a<*>] Took <*> seconds to <*> the instance on the hypervisor.,0.8706,[instance: b<*>-fe<*>a-<*>b-b<*>cc-<*>e<*>b<*>cd<*>d] Took <*> seconds to <*> the instance on the hypervisor.,0.8594,46.32,123
298,[instance: d<*>b<*>bd<*>-<*>-<*>-<*>-fffdd<*>ea<*>e] During sync_power_state the instance has a pending task (spawning). Skip.,partial,[instance: <*> During sync_power_state the instance has a pending task (spawning). Skip.,0.9767,"While synchronizing instance power states, found <*> instances in the database and <*> instances on the hypervisor.",0.6298,[instance: <*> Took <*> seconds to spawn the instance on the hypervisor.,0.5977,50.27,123
299,[instance: d<*>b<*>bd<*>-<*>-<*>-<*>-fffdd<*>ea<*>e] VM Resumed (Lifecycle Event),partial,[instance: <*> VM Resumed (Lifecycle Event),0.9502,[instance: <*>ea<*>-cbf<*>-<*>f<*>e-<*>fe-<*>fd<*>f<*>] VM <*> (Lifecycle Event),0.884,[instance: <*> VM <*> (Lifecycle Event),0.8805,50.04,123
300,[instance: d<*>b<*>bd<*>-<*>-<*>-<*>-fffdd<*>ea<*>e] Took <*>.<*> seconds to build instance.,partial,[instance: <*> Took <*> seconds to build instance.,0.9068,[instance: <*>ea<*>-cbf<*>-<*>f<*>e-<*>fe-<*>fd<*>f<*>] Took <*> seconds to build instance.,0.8712,[instance: b<*>ef<*>-ba<*>d-<*>ae-bf<*>a-<*>cba<*>a<*>] Took <*> seconds to build instance.,0.848,46.08,123
301,image <*>dd<*>-<*>c<*>-<*>fbb-<*>c<*>-<*>fbe<*>b<*> at (<*>checking,exact,image <*> at (<*>checking,1.0,[instance: fecdd<*>a<*>-<*>ca<*>-<*>c<*>-<*>-<*>b<*>f<*>e] Creating image,0.7025,[instance: <*> Creating image,0.676,42.88,123
302,"image <*>dd<*>-<*>c<*>-<*>fbb-<*>c<*>-<*>fbe<*>b<*> at (<*>in use: on this node <*> local, <*> on other nodes sharing this instance storage",exact,"image <*> at (<*>in use: on this node node<*> local, local<*> on other nodes sharing this instance storage",1.0,image <*> at (<*>checking,0.6627,[instance: <*>ea<*>-cbf<*>-<*>f<*>e-<*>fe-<*>fd<*>f<*>] Creating image,0.5238,44.37,123
303,Active base files: /var/lib/nova/instances/_base/a<*>c<*>f<*>c<*>da<*>b<*>c<*>bb<*>ac<*>e<*>,exact,Active base files: /var/lib/nova/instances/_base/a<*>c<*>f<*>c<*>da<*>b<*>c<*>bb<*>ac<*>e<*>,1.0,Removable base files: /var/lib/nova/instances/_base/a<*>c<*>f<*>c<*>da<*>b<*>c<*>bb<*>ac<*>e<*>,0.871,Unknown base file: /var/lib/nova/instances/_base/a<*>c<*>f<*>c<*>da<*>b<*>c<*>bb<*>ac<*>e<*>,0.84,43.85,123
304,"<*> ""GET <*>HTTP<*>status: <*> len: <*> time: <*>.<*>",exact,"<*> ""GET <*>HTTP<*>status: HTTP<*> len: <*> time: <*>",1.0,"<*> ""POST <*>HTTP<*>status: HTTP<*> len: <*> time: <*>",0.8917,"<*> ""DELETE <*>HTTP<*>status: HTTP<*> len: <*> time: <*>",0.7937,42.3,123
305,"<*> ""GET <*>HTTP<*>status: <*> len: <*> time: <*>.<*>",exact,"<*> ""GET <*>HTTP<*>status: HTTP<*> len: <*> time: <*>",1.0,"<*> ""POST <*>HTTP<*>status: HTTP<*> len: <*> time: <*>",0.8917,"<*> ""DELETE <*>HTTP<*>status: HTTP<*> len: <*> time: <*>",0.7937,43.39,123
306,image <*>dd<*>-<*>c<*>-<*>fbb-<*>c<*>-<*>fbe<*>b<*> at (<*>checking,exact,image <*> at (<*>checking,1.0,[instance: fecdd<*>a<*>-<*>ca<*>-<*>c<*>-<*>-<*>b<*>f<*>e] Creating image,0.7025,[instance: <*> Creating image,0.676,46.57,123
307,"image <*>dd<*>-<*>c<*>-<*>fbb-<*>c<*>-<*>fbe<*>b<*> at (<*>in use: on this node <*> local, <*> on other nodes sharing this instance storage",exact,"image <*> at (<*>in use: on this node node<*> local, local<*> on other nodes sharing this instance storage",1.0,image <*> at (<*>checking,0.6627,[instance: <*>ea<*>-cbf<*>-<*>f<*>e-<*>fe-<*>fd<*>f<*>] Creating image,0.5238,46.38,123
308,Active base files: /var/lib/nova/instances/_base/a<*>c<*>f<*>c<*>da<*>b<*>c<*>bb<*>ac<*>e<*>,exact,Active base files: /var/lib/nova/instances/_base/a<*>c<*>f<*>c<*>da<*>b<*>c<*>bb<*>ac<*>e<*>,1.0,Removable base files: /var/lib/nova/instances/_base/a<*>c<*>f<*>c<*>da<*>b<*>c<*>bb<*>ac<*>e<*>,0.871,Unknown base file: /var/lib/nova/instances/_base/a<*>c<*>f<*>c<*>da<*>b<*>c<*>bb<*>ac<*>e<*>,0.84,59.65,123
309,"<*> ""GET <*>HTTP<*>status: <*> len: <*> time: <*>.<*>",exact,"<*> ""GET <*>HTTP<*>status: HTTP<*> len: <*> time: <*>",1.0,"<*> ""POST <*>HTTP<*>status: HTTP<*> len: <*> time: <*>",0.8917,"<*> ""DELETE <*>HTTP<*>status: HTTP<*> len: <*> time: <*>",0.7937,40.5,123
310,"<*> ""GET <*>HTTP<*>status: <*> len: <*> time: <*>.<*>",exact,"<*> ""GET <*>HTTP<*>status: HTTP<*> len: <*> time: <*>",1.0,"<*> ""POST <*>HTTP<*>status: HTTP<*> len: <*> time: <*>",0.8917,"<*> ""DELETE <*>HTTP<*>status: HTTP<*> len: <*> time: <*>",0.7937,39.68,123
311,"<*> ""GET <*>HTTP<*>status: <*> len: <*> time: <*>.<*>",exact,"<*> ""GET <*>HTTP<*>status: HTTP<*> len: <*> time: <*>",1.0,"<*> ""POST <*>HTTP<*>status: HTTP<*> len: <*> time: <*>",0.8917,"<*> ""DELETE <*>HTTP<*>status: HTTP<*> len: <*> time: <*>",0.7937,41.16,123
312,"<*> ""GET <*>HTTP<*>status: <*> len: <*> time: <*>.<*>",exact,"<*> ""GET <*>HTTP<*>status: HTTP<*> len: <*> time: <*>",1.0,"<*> ""POST <*>HTTP<*>status: HTTP<*> len: <*> time: <*>",0.8917,"<*> ""DELETE <*>HTTP<*>status: HTTP<*> len: <*> time: <*>",0.7937,42.22,123
313,"<*> ""GET <*>HTTP<*>status: <*> len: <*> time: <*>.<*>",exact,"<*> ""GET <*>HTTP<*>status: HTTP<*> len: <*> time: <*>",1.0,"<*> ""POST <*>HTTP<*>status: HTTP<*> len: <*> time: <*>",0.8917,"<*> ""DELETE <*>HTTP<*>status: HTTP<*> len: <*> time: <*>",0.7937,42.06,123
314,"<*> ""GET <*>HTTP<*>status: <*> len: <*> time: <*>.<*>",exact,"<*> ""GET <*>HTTP<*>status: HTTP<*> len: <*> time: <*>",1.0,"<*> ""POST <*>HTTP<*>status: HTTP<*> len: <*> time: <*>",0.8917,"<*> ""DELETE <*>HTTP<*>status: HTTP<*> len: <*> time: <*>",0.7937,42.16,123
315,"<*> ""DELETE <*>HTTP<*>status: <*> len: <*> time: <*>.<*>",exact,"<*> ""DELETE <*>HTTP<*>status: HTTP<*> len: <*> time: <*>",1.0,"<*> ""POST <*>HTTP<*>status: HTTP<*> len: <*> time: <*>",0.8163,"<*> ""GET <*>HTTP<*>status: HTTP<*> len: <*> time: <*>",0.7937,42.09,123
316,[instance: d<*>b<*>bd<*>-<*>-<*>-<*>-fffdd<*>ea<*>e] Terminating instance,partial,[instance: <*> Terminating instance,0.8845,[instance: <*>ea<*>-cbf<*>-<*>f<*>e-<*>fe-<*>fd<*>f<*>] Terminating instance,0.8665,[instance: bf<*>c<*>d-f<*>-<*>-a<*>e-e<*>da<*>e] Terminating instance,0.8566,41.16,123
317,"<*> ""GET <*>HTTP<*>status: <*> len: <*> time: <*>.<*>",exact,"<*> ""GET <*>HTTP<*>status: HTTP<*> len: <*> time: <*>",1.0,"<*> ""POST <*>HTTP<*>status: HTTP<*> len: <*> time: <*>",0.8917,"<*> ""DELETE <*>HTTP<*>status: HTTP<*> len: <*> time: <*>",0.7937,40.92,123
318,[instance: d<*>b<*>bd<*>-<*>-<*>-<*>-fffdd<*>ea<*>e] Instance destroyed successfully.,partial,[instance: <*> Instance destroyed successfully.,0.906,[instance: <*>ea<*>-cbf<*>-<*>f<*>e-<*>fe-<*>fd<*>f<*>] Instance destroyed successfully.,0.8801,[instance: b<*>ef<*>-ba<*>d-<*>ae-bf<*>a-<*>cba<*>a<*>] Instance destroyed successfully.,0.8515,41.12,123
319,"<*> ""GET <*>HTTP<*>status: <*> len: <*> time: <*>.<*>",exact,"<*> ""GET <*>HTTP<*>status: HTTP<*> len: <*> time: <*>",1.0,"<*> ""POST <*>HTTP<*>status: HTTP<*> len: <*> time: <*>",0.8917,"<*> ""DELETE <*>HTTP<*>status: HTTP<*> len: <*> time: <*>",0.7937,42.38,123
320,[instance: d<*>b<*>bd<*>-<*>-<*>-<*>-fffdd<*>ea<*>e] Deleting instance files /var/lib/nova/instances/d<*>b<*>bd<*>-<*>-<*>-<*>-fffdd<*>ea<*>e_del,partial,[instance: <*> Deleting instance files <*>,0.9684,[instance: fecdd<*>a<*>-<*>ca<*>-<*>c<*>-<*>-<*>b<*>f<*>e] Deleting instance files /var/lib/nova/instances/fecdd<*>a<*>-<*>ca<*>-<*>c<*>-<*>-<*>b<*>f<*>e_del,0.8841,Removing base or swap file: /var/lib/nova/instances/_base/a<*>c<*>f<*>c<*>da<*>b<*>c<*>bb<*>ac<*>e<*>,0.7567,46.04,123
321,[instance: d<*>b<*>bd<*>-<*>-<*>-<*>-fffdd<*>ea<*>e] Deletion of <*>complete,partial,[instance: <*> Deletion of <*>complete,0.9139,[instance: <*>ea<*>-cbf<*>-<*>f<*>e-<*>fe-<*>fd<*>f<*>] Deletion of <*>complete,0.8862,[instance: b<*>ef<*>-ba<*>d-<*>ae-bf<*>a-<*>cba<*>a<*>] Deletion of <*>complete,0.859,42.21,123
322,[instance: d<*>b<*>bd<*>-<*>-<*>-<*>-fffdd<*>ea<*>e] Took <*>.<*> seconds to destroy the instance on the hypervisor.,partial,[instance: <*> Took <*> seconds to destroy the instance on the hypervisor.,0.953,[instance: b<*>ef<*>-ba<*>d-<*>ae-bf<*>a-<*>cba<*>a<*>] Took <*> seconds to <*> the instance on the hypervisor.,0.8812,[instance: <*> Took <*> seconds to spawn the instance on the hypervisor.,0.8753,43.46,123
323,[instance: d<*>b<*>bd<*>-<*>-<*>-<*>-fffdd<*>ea<*>e] Took <*>.<*> seconds to deallocate network for instance.,partial,[instance: <*> Took <*> seconds to deallocate network for instance.,0.9231,[instance: <*>ea<*>-cbf<*>-<*>f<*>e-<*>fe-<*>fd<*>f<*>] Took <*> seconds to deallocate network for instance.,0.8943,[instance: b<*>ef<*>-ba<*>d-<*>ae-bf<*>a-<*>cba<*>a<*>] Took <*> seconds to deallocate network for instance.,0.8645,48.31,123
324,"<*> ""GET <*>HTTP<*>status: <*> len: <*> time: <*>.<*>",exact,"<*> ""GET <*>HTTP<*>status: HTTP<*> len: <*> time: <*>",1.0,"<*> ""POST <*>HTTP<*>status: HTTP<*> len: <*> time: <*>",0.8917,"<*> ""DELETE <*>HTTP<*>status: HTTP<*> len: <*> time: <*>",0.7937,47.24,123
325,"<*> ""GET <*>HTTP<*>status: <*> len: <*> time: <*>.<*>",exact,"<*> ""GET <*>HTTP<*>status: HTTP<*> len: <*> time: <*>",1.0,"<*> ""POST <*>HTTP<*>status: HTTP<*> len: <*> time: <*>",0.8917,"<*> ""DELETE <*>HTTP<*>status: HTTP<*> len: <*> time: <*>",0.7937,40.6,123
326,Unknown base file: /var/lib/nova/instances/_base/a<*>c<*>f<*>c<*>da<*>b<*>c<*>bb<*>ac<*>e<*>,exact,Unknown base file: /var/lib/nova/instances/_base/a<*>c<*>f<*>c<*>da<*>b<*>c<*>bb<*>ac<*>e<*>,1.0,Removing base or swap file: /var/lib/nova/instances/_base/a<*>c<*>f<*>c<*>da<*>b<*>c<*>bb<*>ac<*>e<*>,0.8518,Base or swap file too young to remove: /var/lib/nova/instances/_base/a<*>c<*>f<*>c<*>da<*>b<*>c<*>bb<*>ac<*>e<*>,0.8448,42.72,123
327,Removable base files: /var/lib/nova/instances/_base/a<*>c<*>f<*>c<*>da<*>b<*>c<*>bb<*>ac<*>e<*>,exact,Removable base files: /var/lib/nova/instances/_base/a<*>c<*>f<*>c<*>da<*>b<*>c<*>bb<*>ac<*>e<*>,1.0,Active base files: /var/lib/nova/instances/_base/a<*>c<*>f<*>c<*>da<*>b<*>c<*>bb<*>ac<*>e<*>,0.871,Removing base or swap file: /var/lib/nova/instances/_base/a<*>c<*>f<*>c<*>da<*>b<*>c<*>bb<*>ac<*>e<*>,0.8165,41.62,123
328,Removing base or swap file: /var/lib/nova/instances/_base/a<*>c<*>f<*>c<*>da<*>b<*>c<*>bb<*>ac<*>e<*>,exact,Removing base or swap file: /var/lib/nova/instances/_base/a<*>c<*>f<*>c<*>da<*>b<*>c<*>bb<*>ac<*>e<*>,1.0,Base or swap file too young to remove: /var/lib/nova/instances/_base/a<*>c<*>f<*>c<*>da<*>b<*>c<*>bb<*>ac<*>e<*>,0.969,Unknown base file: /var/lib/nova/instances/_base/a<*>c<*>f<*>c<*>da<*>b<*>c<*>bb<*>ac<*>e<*>,0.8518,42.04,123
329,HTTP exception thrown: No instances found for any event,exact,HTTP exception thrown: No instances found for any event,1.0,"<*> ""DELETE <*>HTTP<*>status: HTTP<*> len: <*> time: <*>",0.2495,"<*> ""POST <*>HTTP<*>status: HTTP<*> len: <*> time: <*>",0.2452,39.8,123
330,"<*> ""POST <*>HTTP<*>status: <*> len: <*> time: <*>.<*>",exact,"<*> ""POST <*>HTTP<*>status: HTTP<*> len: <*> time: <*>",1.0,"<*> ""GET <*>HTTP<*>status: HTTP<*> len: <*> time: <*>",0.8917,"<*> ""DELETE <*>HTTP<*>status: HTTP<*> len: <*> time: <*>",0.8163,40.43,123
331,"<*> ""POST <*>HTTP<*>status: <*> len: <*> time: <*>.<*>",exact,"<*> ""POST <*>HTTP<*>status: HTTP<*> len: <*> time: <*>",1.0,"<*> ""GET <*>HTTP<*>status: HTTP<*> len: <*> time: <*>",0.8917,"<*> ""DELETE <*>HTTP<*>status: HTTP<*> len: <*> time: <*>",0.8163,41.17,123
332,"<*> ""GET <*>HTTP<*>status: <*> len: <*> time: <*>.<*>",exact,"<*> ""GET <*>HTTP<*>status: HTTP<*> len: <*> time: <*>",1.0,"<*> ""POST <*>HTTP<*>status: HTTP<*> len: <*> time: <*>",0.8917,"<*> ""DELETE <*>HTTP<*>status: HTTP<*> len: <*> time: <*>",0.7937,40.82,123
333,"[instance: <*>e<*>a-<*>fe<*>-<*>-<*>b<*>-<*>ac<*>e<*>] Attempting claim: memory <*> MB, disk <*> GB, vcpus <*> CPU",partial,"[instance: <*> Attempting claim: memory <*> MB, disk <*> GB, vcpus <*> CPU",0.9058,"[instance: fecdd<*>a<*>-<*>ca<*>-<*>c<*>-<*>-<*>b<*>f<*>e] Attempting claim: memory <*> MB, disk <*> GB, vcpus <*> CPU",0.9011,"[instance: <*>dc<*>-<*>-<*>cc-<*>e-<*>b<*>c<*>dcf] Attempting claim: memory <*> MB, disk <*> GB, vcpus <*> CPU",0.8279,43.09,123
334,"[instance: <*>e<*>a-<*>fe<*>-<*>-<*>b<*>-<*>ac<*>e<*>] Total memory: <*> MB, used: <*>.<*> MB",partial,"[instance: <*> Total memory: <*> MB, used: <*> MB",0.9194,"[instance: <*>ea<*>-cbf<*>-<*>f<*>e-<*>fe-<*>fd<*>f<*>] <*> MB, <*> MB",0.8821,"[instance: fecdd<*>a<*>-<*>ca<*>-<*>c<*>-<*>-<*>b<*>f<*>e] <*> MB, <*> MB",0.8369,42.98,123
335,"[instance: <*>e<*>a-<*>fe<*>-<*>-<*>b<*>-<*>ac<*>e<*>] memory limit: <*>.<*> MB, free: <*>.<*> MB",partial,"[instance: <*> memory limit: <*> MB, free: <*> MB",0.9103,"[instance: <*>ea<*>-cbf<*>-<*>f<*>e-<*>fe-<*>fd<*>f<*>] <*> MB, <*> MB",0.8822,"[instance: fecdd<*>a<*>-<*>ca<*>-<*>c<*>-<*>-<*>b<*>f<*>e] <*> MB, <*> MB",0.8233,43.36,123
336,"[instance: <*>e<*>a-<*>fe<*>-<*>-<*>b<*>-<*>ac<*>e<*>] Total disk: <*> GB, used: <*>.<*> GB",partial,"[instance: <*> Total disk: <*> GB, used: <*> GB",0.9344,"[instance: <*>dc<*>-<*>-<*>cc-<*>e-<*>b<*>c<*>dcf] Total disk: <*> GB, used: <*> GB",0.8704,"[instance: b<*>ef<*>-ba<*>d-<*>ae-bf<*>a-<*>cba<*>a<*>] Total disk: <*> GB, used: <*> GB",0.8578,44.5,123
337,"[instance: <*>e<*>a-<*>fe<*>-<*>-<*>b<*>-<*>ac<*>e<*>] disk limit not specified, defaulting to unlimited",partial,"[instance: <*> disk limit not specified, defaulting to unlimited",0.9053,"[instance: <*>ea<*>-cbf<*>-<*>f<*>e-<*>fe-<*>fd<*>f<*>] disk limit not specified, defaulting to unlimited",0.8949,"[instance: fecdd<*>a<*>-<*>ca<*>-<*>c<*>-<*>-<*>b<*>f<*>e] disk limit not specified, defaulting to unlimited",0.8447,43.13,123
338,"[instance: <*>e<*>a-<*>fe<*>-<*>-<*>b<*>-<*>ac<*>e<*>] Total vcpu: <*> VCPU, used: <*>.<*> VCPU",partial,"[instance: <*> Total vcpu: <*> VCPU, used: <*> VCPU",0.9309,"[instance: fecdd<*> Total vcpu: <*> VCPU, used: <*> VCPU",0.9274,"[instance: b<*>ef<*>-ba<*>d-<*>ae-bf<*>a-<*>cba<*>a<*>] Total vcpu: <*> VCPU, used: <*> VCPU",0.8499,42.46,123
339,"[instance: <*>e<*>a-<*>fe<*>-<*>-<*>b<*>-<*>ac<*>e<*>] vcpu limit not specified, defaulting to unlimited",partial,"[instance: <*> vcpu limit not specified, defaulting to unlimited",0.9253,"[instance: <*>ea<*>-cbf<*>-<*>f<*>e-<*>fe-<*>fd<*>f<*>] vcpu limit not specified, defaulting to unlimited",0.9201,"[instance: <*>dc<*>-<*>-<*>cc-<*>e-<*>b<*>c<*>dcf] vcpu limit not specified, defaulting to unlimited",0.8743,42.59,123
340,[instance: <*>e<*>a-<*>fe<*>-<*>-<*>b<*>-<*>ac<*>e<*>] Claim successful,partial,[instance: <*> Claim successful,0.8823,[instance: <*>ea<*>-cbf<*>-<*>f<*>e-<*>fe-<*>fd<*>f<*>] Claim successful,0.8658,[instance: b<*>ef<*>-ba<*>d-<*>ae-bf<*>a-<*>cba<*>a<*>] Claim successful,0.8107,41.53,123
341,"<*> ""GET <*>HTTP<*>status: <*> len: <*> time: <*>.<*>",exact,"<*> ""GET <*>HTTP<*>status: HTTP<*> len: <*> time: <*>",1.0,"<*> ""POST <*>HTTP<*>status: HTTP<*> len: <*> time: <*>",0.8917,"<*> ""DELETE <*>HTTP<*>status: HTTP<*> len: <*> time: <*>",0.7937,40.3,123
342,"<*> ""GET <*>HTTP<*>status: <*> len: <*> time: <*>.<*>",exact,"<*> ""GET <*>HTTP<*>status: HTTP<*> len: <*> time: <*>",1.0,"<*> ""POST <*>HTTP<*>status: HTTP<*> len: <*> time: <*>",0.8917,"<*> ""DELETE <*>HTTP<*>status: HTTP<*> len: <*> time: <*>",0.7937,41.14,123
343,[instance: <*>e<*>a-<*>fe<*>-<*>-<*>b<*>-<*>ac<*>e<*>] Creating image,partial,[instance: <*>ea<*>-cbf<*>-<*>f<*>e-<*>fe-<*>fd<*>f<*>] Creating image,0.8911,[instance: <*> Creating image,0.889,[instance: b<*>ef<*>-ba<*>d-<*>ae-bf<*>a-<*>cba<*>a<*>] Creating image,0.8083,48.37,123
344,"<*> ""GET <*>HTTP<*>status: <*> len: <*> time: <*>.<*>",exact,"<*> ""GET <*>HTTP<*>status: HTTP<*> len: <*> time: <*>",1.0,"<*> ""POST <*>HTTP<*>status: HTTP<*> len: <*> time: <*>",0.8917,"<*> ""DELETE <*>HTTP<*>status: HTTP<*> len: <*> time: <*>",0.7937,41.07,123
345,"<*> ""GET <*>HTTP<*>status: <*> len: <*> time: <*>.<*>",exact,"<*> ""GET <*>HTTP<*>status: HTTP<*> len: <*> time: <*>",1.0,"<*> ""POST <*>HTTP<*>status: HTTP<*> len: <*> time: <*>",0.8917,"<*> ""DELETE <*>HTTP<*>status: HTTP<*> len: <*> time: <*>",0.7937,40.78,123
346,[instance: d<*>b<*>bd<*>-<*>-<*>-<*>-fffdd<*>ea<*>e] VM Stopped (Lifecycle Event),partial,[instance: <*> VM Stopped (Lifecycle Event),0.9265,[instance: <*> VM <*> (Lifecycle Event),0.8852,[instance: <*>ea<*>-cbf<*>-<*>f<*>e-<*>fe-<*>fd<*>f<*>] VM <*> (Lifecycle Event),0.884,41.64,123
347,"<*> ""GET <*>HTTP<*>status: <*> len: <*> time: <*>.<*>",exact,"<*> ""GET <*>HTTP<*>status: HTTP<*> len: <*> time: <*>",1.0,"<*> ""POST <*>HTTP<*>status: HTTP<*> len: <*> time: <*>",0.8917,"<*> ""DELETE <*>HTTP<*>status: HTTP<*> len: <*> time: <*>",0.7937,41.15,123
348,"<*> ""GET <*>HTTP<*>status: <*> len: <*> time: <*>.<*>",exact,"<*> ""GET <*>HTTP<*>status: HTTP<*> len: <*> time: <*>",1.0,"<*> ""POST <*>HTTP<*>status: HTTP<*> len: <*> time: <*>",0.8917,"<*> ""DELETE <*>HTTP<*>status: HTTP<*> len: <*> time: <*>",0.7937,42.04,123
349,"<*> ""GET <*>HTTP<*>status: <*> len: <*> time: <*>.<*>",exact,"<*> ""GET <*>HTTP<*>status: HTTP<*> len: <*> time: <*>",1.0,"<*> ""POST <*>HTTP<*>status: HTTP<*> len: <*> time: <*>",0.8917,"<*> ""DELETE <*>HTTP<*>status: HTTP<*> len: <*> time: <*>",0.7937,39.89,123
350,"<*> ""GET <*>HTTP<*>status: <*> len: <*> time: <*>.<*>",exact,"<*> ""GET <*>HTTP<*>status: HTTP<*> len: <*> time: <*>",1.0,"<*> ""POST <*>HTTP<*>status: HTTP<*> len: <*> time: <*>",0.8917,"<*> ""DELETE <*>HTTP<*>status: HTTP<*> len: <*> time: <*>",0.7937,40.89,123
351,"<*> ""GET <*>HTTP<*>status: <*> len: <*> time: <*>.<*>",exact,"<*> ""GET <*>HTTP<*>status: HTTP<*> len: <*> time: <*>",1.0,"<*> ""POST <*>HTTP<*>status: HTTP<*> len: <*> time: <*>",0.8917,"<*> ""DELETE <*>HTTP<*>status: HTTP<*> len: <*> time: <*>",0.7937,40.02,123
352,"<*> ""GET <*>HTTP<*>status: <*> len: <*> time: <*>.<*>",exact,"<*> ""GET <*>HTTP<*>status: HTTP<*> len: <*> time: <*>",1.0,"<*> ""POST <*>HTTP<*>status: HTTP<*> len: <*> time: <*>",0.8917,"<*> ""DELETE <*>HTTP<*>status: HTTP<*> len: <*> time: <*>",0.7937,40.24,123
353,"<*> ""GET <*>HTTP<*>status: <*> len: <*> time: <*>.<*>",exact,"<*> ""GET <*>HTTP<*>status: HTTP<*> len: <*> time: <*>",1.0,"<*> ""POST <*>HTTP<*>status: HTTP<*> len: <*> time: <*>",0.8917,"<*> ""DELETE <*>HTTP<*>status: HTTP<*> len: <*> time: <*>",0.7937,39.83,123
354,"<*> ""GET <*>HTTP<*>status: <*> len: <*> time: <*>.<*>",exact,"<*> ""GET <*>HTTP<*>status: HTTP<*> len: <*> time: <*>",1.0,"<*> ""POST <*>HTTP<*>status: HTTP<*> len: <*> time: <*>",0.8917,"<*> ""DELETE <*>HTTP<*>status: HTTP<*> len: <*> time: <*>",0.7937,38.97,123
355,"<*> ""GET <*>HTTP<*>status: <*> len: <*> time: <*>.<*>",exact,"<*> ""GET <*>HTTP<*>status: HTTP<*> len: <*> time: <*>",1.0,"<*> ""POST <*>HTTP<*>status: HTTP<*> len: <*> time: <*>",0.8917,"<*> ""DELETE <*>HTTP<*>status: HTTP<*> len: <*> time: <*>",0.7937,39.35,123
356,"<*> ""GET <*>HTTP<*>status: <*> len: <*> time: <*>.<*>",exact,"<*> ""GET <*>HTTP<*>status: HTTP<*> len: <*> time: <*>",1.0,"<*> ""POST <*>HTTP<*>status: HTTP<*> len: <*> time: <*>",0.8917,"<*> ""DELETE <*>HTTP<*>status: HTTP<*> len: <*> time: <*>",0.7937,39.29,123
357,"<*> ""GET <*>HTTP<*>status: <*> len: <*> time: <*>.<*>",exact,"<*> ""GET <*>HTTP<*>status: HTTP<*> len: <*> time: <*>",1.0,"<*> ""POST <*>HTTP<*>status: HTTP<*> len: <*> time: <*>",0.8917,"<*> ""DELETE <*>HTTP<*>status: HTTP<*> len: <*> time: <*>",0.7937,39.95,123
358,"<*> ""GET <*>HTTP<*>status: <*> len: <*> time: <*>.<*>",exact,"<*> ""GET <*>HTTP<*>status: HTTP<*> len: <*> time: <*>",1.0,"<*> ""POST <*>HTTP<*>status: HTTP<*> len: <*> time: <*>",0.8917,"<*> ""DELETE <*>HTTP<*>status: HTTP<*> len: <*> time: <*>",0.7937,40.33,123
359,"<*> ""GET <*>HTTP<*>status: <*> len: <*> time: <*>.<*>",exact,"<*> ""GET <*>HTTP<*>status: HTTP<*> len: <*> time: <*>",1.0,"<*> ""POST <*>HTTP<*>status: HTTP<*> len: <*> time: <*>",0.8917,"<*> ""DELETE <*>HTTP<*>status: HTTP<*> len: <*> time: <*>",0.7937,39.91,123
360,"<*> ""GET <*>HTTP<*>status: <*> len: <*> time: <*>.<*>",exact,"<*> ""GET <*>HTTP<*>status: HTTP<*> len: <*> time: <*>",1.0,"<*> ""POST <*>HTTP<*>status: HTTP<*> len: <*> time: <*>",0.8917,"<*> ""DELETE <*>HTTP<*>status: HTTP<*> len: <*> time: <*>",0.7937,40.52,123
361,[instance: <*>e<*>a-<*>fe<*>-<*>-<*>b<*>-<*>ac<*>e<*>] VM Started (Lifecycle Event),partial,[instance: <*> VM <*> (Lifecycle Event),0.9233,[instance: <*>ea<*>-cbf<*>-<*>f<*>e-<*>fe-<*>fd<*>f<*>] VM <*> (Lifecycle Event),0.887,[instance: <*> VM Stopped (Lifecycle Event),0.8609,41.14,123
362,The instance sync for host 'cp-<*>.slowvm<*>.tcloud-pg<*>.utah.cloudlab.us' did not match. Re-created its InstanceList.,exact,The instance sync for host 'cp-<*>.slowvm<*>.tcloud-pg<*>.utah.cloudlab.us' did not match. Re-created its InstanceList.,1.0,Successfully synced instances from host 'cp-<*>.slowvm<*>.tcloud-pg<*>.utah.cloudlab.us'.,0.9241,Compute_service record updated for cp-<*>.slowvm<*>.tcloud-pg<*>.utah.cloudlab.us:cp-<*>.slowvm<*>.tcloud-pg<*>.utah.cloudlab.us,0.763,45.99,123
363,[instance: <*>e<*>a-<*>fe<*>-<*>-<*>b<*>-<*>ac<*>e<*>] VM Paused (Lifecycle Event),partial,[instance: <*> VM Paused (Lifecycle Event),0.9398,[instance: <*>ea<*>-cbf<*>-<*>f<*>e-<*>fe-<*>fd<*>f<*>] VM <*> (Lifecycle Event),0.8918,[instance: <*> VM Stopped (Lifecycle Event),0.8709,41.59,123
364,"<*> ""GET <*>HTTP<*>status: <*> len: <*> time: <*>.<*>",exact,"<*> ""GET <*>HTTP<*>status: HTTP<*> len: <*> time: <*>",1.0,"<*> ""POST <*>HTTP<*>status: HTTP<*> len: <*> time: <*>",0.8917,"<*> ""DELETE <*>HTTP<*>status: HTTP<*> len: <*> time: <*>",0.7937,39.77,123
365,[instance: <*>e<*>a-<*>fe<*>-<*>-<*>b<*>-<*>ac<*>e<*>] During sync_power_state the instance has a pending task (spawning). Skip.,partial,[instance: <*> During sync_power_state the instance has a pending task (spawning). Skip.,0.9673,"While synchronizing instance power states, found <*> instances in the database and <*> instances on the hypervisor.",0.6086,[instance: <*> Took <*> seconds to spawn the instance on the hypervisor.,0.5472,41.87,123
366,"<*> ""GET <*>HTTP<*>status: <*> len: <*> time: <*>.<*>",exact,"<*> ""GET <*>HTTP<*>status: HTTP<*> len: <*> time: <*>",1.0,"<*> ""POST <*>HTTP<*>status: HTTP<*> len: <*> time: <*>",0.8917,"<*> ""DELETE <*>HTTP<*>status: HTTP<*> len: <*> time: <*>",0.7937,43.05,123
367,image <*>dd<*>-<*>c<*>-<*>fbb-<*>c<*>-<*>fbe<*>b<*> at (<*>checking,exact,image <*> at (<*>checking,1.0,[instance: fecdd<*>a<*>-<*>ca<*>-<*>c<*>-<*>-<*>b<*>f<*>e] Creating image,0.7025,[instance: <*> Creating image,0.676,41.42,123
368,"image <*>dd<*>-<*>c<*>-<*>fbb-<*>c<*>-<*>fbe<*>b<*> at (<*>in use: on this node <*> local, <*> on other nodes sharing this instance storage",exact,"image <*> at (<*>in use: on this node node<*> local, local<*> on other nodes sharing this instance storage",1.0,image <*> at (<*>checking,0.6627,[instance: <*>ea<*>-cbf<*>-<*>f<*>e-<*>fe-<*>fd<*>f<*>] Creating image,0.5096,41.64,123
369,Active base files: /var/lib/nova/instances/_base/a<*>c<*>f<*>c<*>da<*>b<*>c<*>bb<*>ac<*>e<*>,exact,Active base files: /var/lib/nova/instances/_base/a<*>c<*>f<*>c<*>da<*>b<*>c<*>bb<*>ac<*>e<*>,1.0,Removable base files: /var/lib/nova/instances/_base/a<*>c<*>f<*>c<*>da<*>b<*>c<*>bb<*>ac<*>e<*>,0.871,Unknown base file: /var/lib/nova/instances/_base/a<*>c<*>f<*>c<*>da<*>b<*>c<*>bb<*>ac<*>e<*>,0.84,42.02,123
370,"<*> ""GET <*>HTTP<*>status: <*> len: <*> time: <*>.<*>",exact,"<*> ""GET <*>HTTP<*>status: HTTP<*> len: <*> time: <*>",1.0,"<*> ""POST <*>HTTP<*>status: HTTP<*> len: <*> time: <*>",0.8917,"<*> ""DELETE <*>HTTP<*>status: HTTP<*> len: <*> time: <*>",0.7937,40.53,123
371,"<*> ""GET <*>HTTP<*>status: <*> len: <*> time: <*>.<*>",exact,"<*> ""GET <*>HTTP<*>status: HTTP<*> len: <*> time: <*>",1.0,"<*> ""POST <*>HTTP<*>status: HTTP<*> len: <*> time: <*>",0.8917,"<*> ""DELETE <*>HTTP<*>status: HTTP<*> len: <*> time: <*>",0.7937,49.25,123
372,"<*> ""GET <*>HTTP<*>status: <*> len: <*> time: <*>.<*>",exact,"<*> ""GET <*>HTTP<*>status: HTTP<*> len: <*> time: <*>",1.0,"<*> ""POST <*>HTTP<*>status: HTTP<*> len: <*> time: <*>",0.8917,"<*> ""DELETE <*>HTTP<*>status: HTTP<*> len: <*> time: <*>",0.7937,43.71,123
373,"<*> ""GET <*>HTTP<*>status: <*> len: <*> time: <*>.<*>",exact,"<*> ""GET <*>HTTP<*>status: HTTP<*> len: <*> time: <*>",1.0,"<*> ""POST <*>HTTP<*>status: HTTP<*> len: <*> time: <*>",0.8917,"<*> ""DELETE <*>HTTP<*>status: HTTP<*> len: <*> time: <*>",0.7937,41.38,123
374,"<*> ""GET <*>HTTP<*>status: <*> len: <*> time: <*>.<*>",exact,"<*> ""GET <*>HTTP<*>status: HTTP<*> len: <*> time: <*>",1.0,"<*> ""POST <*>HTTP<*>status: HTTP<*> len: <*> time: <*>",0.8917,"<*> ""DELETE <*>HTTP<*>status: HTTP<*> len: <*> time: <*>",0.7937,39.09,123
375,"<*> ""GET <*>HTTP<*>status: <*> len: <*> time: <*>.<*>",exact,"<*> ""GET <*>HTTP<*>status: HTTP<*> len: <*> time: <*>",1.0,"<*> ""POST <*>HTTP<*>status: HTTP<*> len: <*> time: <*>",0.8917,"<*> ""DELETE <*>HTTP<*>status: HTTP<*> len: <*> time: <*>",0.7937,44.75,123
376,image <*>dd<*>-<*>c<*>-<*>fbb-<*>c<*>-<*>fbe<*>b<*> at (<*>checking,exact,image <*> at (<*>checking,1.0,[instance: fecdd<*>a<*>-<*>ca<*>-<*>c<*>-<*>-<*>b<*>f<*>e] Creating image,0.7025,[instance: <*> Creating image,0.676,43.05,123
377,"image <*>dd<*>-<*>c<*>-<*>fbb-<*>c<*>-<*>fbe<*>b<*> at (<*>in use: on this node <*> local, <*> on other nodes sharing this instance storage",exact,"image <*> at (<*>in use: on this node node<*> local, local<*> on other nodes sharing this instance storage",1.0,image <*> at (<*>checking,0.6627,[instance: <*>ea<*>-cbf<*>-<*>f<*>e-<*>fe-<*>fd<*>f<*>] Creating image,0.5096,43.42,123
378,Active base files: /var/lib/nova/instances/_base/a<*>c<*>f<*>c<*>da<*>b<*>c<*>bb<*>ac<*>e<*>,exact,Active base files: /var/lib/nova/instances/_base/a<*>c<*>f<*>c<*>da<*>b<*>c<*>bb<*>ac<*>e<*>,1.0,Removable base files: /var/lib/nova/instances/_base/a<*>c<*>f<*>c<*>da<*>b<*>c<*>bb<*>ac<*>e<*>,0.871,Unknown base file: /var/lib/nova/instances/_base/a<*>c<*>f<*>c<*>da<*>b<*>c<*>bb<*>ac<*>e<*>,0.84,42.54,123
379,"<*> ""GET <*>HTTP<*>status: <*> len: <*> time: <*>.<*>",exact,"<*> ""GET <*>HTTP<*>status: HTTP<*> len: <*> time: <*>",1.0,"<*> ""POST <*>HTTP<*>status: HTTP<*> len: <*> time: <*>",0.8917,"<*> ""DELETE <*>HTTP<*>status: HTTP<*> len: <*> time: <*>",0.7937,40.99,123
380,"<*> ""GET <*>HTTP<*>status: <*> len: <*> time: <*>.<*>",exact,"<*> ""GET <*>HTTP<*>status: HTTP<*> len: <*> time: <*>",1.0,"<*> ""POST <*>HTTP<*>status: HTTP<*> len: <*> time: <*>",0.8917,"<*> ""DELETE <*>HTTP<*>status: HTTP<*> len: <*> time: <*>",0.7937,40.34,123
381,Creating event network-vif-plugged:b<*>f<*>d-d<*>bd-<*>-b<*>f-<*>e<*>fe<*>c<*>c for instance <*>e<*>a-<*>fe<*>-<*>-<*>b<*>-<*>ac<*>e<*>,partial,Creating event network<*> for instance <*>,0.9801,[instance: <*> VM <*> (Lifecycle Event),0.4823,[instance: <*>a<*>d<*>-<*>b<*>-<*>c<*>-b<*>-<*>a<*>cadf] VM <*> (Lifecycle Event),0.4633,44.57,123
382,"<*> ""POST <*>HTTP<*>status: <*> len: <*> time: <*>.<*>",exact,"<*> ""POST <*>HTTP<*>status: HTTP<*> len: <*> time: <*>",1.0,"<*> ""GET <*>HTTP<*>status: HTTP<*> len: <*> time: <*>",0.8917,"<*> ""DELETE <*>HTTP<*>status: HTTP<*> len: <*> time: <*>",0.8163,41.11,123
383,[instance: <*>e<*>a-<*>fe<*>-<*>-<*>b<*>-<*>ac<*>e<*>] VM Resumed (Lifecycle Event),partial,[instance: <*> VM Resumed (Lifecycle Event),0.9367,[instance: <*>ea<*>-cbf<*>-<*>f<*>e-<*>fe-<*>fd<*>f<*>] VM <*> (Lifecycle Event),0.9009,[instance: <*> VM <*> (Lifecycle Event),0.8712,42.34,123
384,[instance: <*>e<*>a-<*>fe<*>-<*>-<*>b<*>-<*>ac<*>e<*>] Instance spawned successfully.,partial,[instance: <*> Instance spawned successfully.,0.9024,[instance: <*>ea<*>-cbf<*>-<*>f<*>e-<*>fe-<*>fd<*>f<*>] Instance spawned successfully.,0.889,[instance: b<*>-fe<*>a-<*>b-b<*>cc-<*>e<*>b<*>cd<*>d] Instance spawned successfully.,0.83,43.35,123
385,[instance: <*>e<*>a-<*>fe<*>-<*>-<*>b<*>-<*>ac<*>e<*>] Took <*>.<*> seconds to spawn the instance on the hypervisor.,partial,[instance: <*> Took <*> seconds to spawn the instance on the hypervisor.,0.9391,[instance: b<*>-fe<*>a-<*>b-b<*>cc-<*>e<*>b<*>cd<*>d] Took <*> seconds to <*> the instance on the hypervisor.,0.8712,[instance: fecdd<*>a<*>-<*>ca<*>-<*>c<*>-<*>-<*>b<*>f<*>e] Took <*> seconds to <*> the instance on the hypervisor.,0.8607,42.59,123
386,[instance: <*>e<*>a-<*>fe<*>-<*>-<*>b<*>-<*>ac<*>e<*>] During sync_power_state the instance has a pending task (spawning). Skip.,partial,[instance: <*> During sync_power_state the instance has a pending task (spawning). Skip.,0.97,"While synchronizing instance power states, found <*> instances in the database and <*> instances on the hypervisor.",0.6086,[instance: <*> Took <*> seconds to spawn the instance on the hypervisor.,0.5532,45.1,123
387,[instance: <*>e<*>a-<*>fe<*>-<*>-<*>b<*>-<*>ac<*>e<*>] VM Resumed (Lifecycle Event),partial,[instance: <*> VM Resumed (Lifecycle Event),0.943,[instance: <*>ea<*>-cbf<*>-<*>f<*>e-<*>fe-<*>fd<*>f<*>] VM <*> (Lifecycle Event),0.9009,[instance: <*> VM <*> (Lifecycle Event),0.8712,42.79,123
388,[instance: <*>e<*>a-<*>fe<*>-<*>-<*>b<*>-<*>ac<*>e<*>] Took <*>.<*> seconds to build instance.,partial,[instance: <*> Took <*> seconds to build instance.,0.894,[instance: <*>ea<*>-cbf<*>-<*>f<*>e-<*>fe-<*>fd<*>f<*>] Took <*> seconds to build instance.,0.8903,[instance: b<*>-fe<*>a-<*>b-b<*>cc-<*>e<*>b<*>cd<*>d] Took <*> seconds to build instance.,0.8502,49.57,123
389,"<*> ""GET <*>HTTP<*>status: <*> len: <*> time: <*>.<*>",exact,"<*> ""GET <*>HTTP<*>status: HTTP<*> len: <*> time: <*>",1.0,"<*> ""POST <*>HTTP<*>status: HTTP<*> len: <*> time: <*>",0.8917,"<*> ""DELETE <*>HTTP<*>status: HTTP<*> len: <*> time: <*>",0.7937,41.33,123
390,"<*> ""GET <*>HTTP<*>status: <*> len: <*> time: <*>.<*>",exact,"<*> ""GET <*>HTTP<*>status: HTTP<*> len: <*> time: <*>",1.0,"<*> ""POST <*>HTTP<*>status: HTTP<*> len: <*> time: <*>",0.8917,"<*> ""DELETE <*>HTTP<*>status: HTTP<*> len: <*> time: <*>",0.7937,42.91,123
391,image <*>dd<*>-<*>c<*>-<*>fbb-<*>c<*>-<*>fbe<*>b<*> at (<*>checking,exact,image <*> at (<*>checking,1.0,[instance: fecdd<*>a<*>-<*>ca<*>-<*>c<*>-<*>-<*>b<*>f<*>e] Creating image,0.7025,[instance: <*> Creating image,0.676,41.57,123
392,"image <*>dd<*>-<*>c<*>-<*>fbb-<*>c<*>-<*>fbe<*>b<*> at (<*>in use: on this node <*> local, <*> on other nodes sharing this instance storage",exact,"image <*> at (<*>in use: on this node node<*> local, local<*> on other nodes sharing this instance storage",1.0,image <*> at (<*>checking,0.6627,[instance: <*>ea<*>-cbf<*>-<*>f<*>e-<*>fe-<*>fd<*>f<*>] Creating image,0.5096,41.8,123
393,Active base files: /var/lib/nova/instances/_base/a<*>c<*>f<*>c<*>da<*>b<*>c<*>bb<*>ac<*>e<*>,exact,Active base files: /var/lib/nova/instances/_base/a<*>c<*>f<*>c<*>da<*>b<*>c<*>bb<*>ac<*>e<*>,1.0,Removable base files: /var/lib/nova/instances/_base/a<*>c<*>f<*>c<*>da<*>b<*>c<*>bb<*>ac<*>e<*>,0.871,Unknown base file: /var/lib/nova/instances/_base/a<*>c<*>f<*>c<*>da<*>b<*>c<*>bb<*>ac<*>e<*>,0.84,41.14,123
394,"<*> ""GET <*>HTTP<*>status: <*> len: <*> time: <*>.<*>",exact,"<*> ""GET <*>HTTP<*>status: HTTP<*> len: <*> time: <*>",1.0,"<*> ""POST <*>HTTP<*>status: HTTP<*> len: <*> time: <*>",0.8917,"<*> ""DELETE <*>HTTP<*>status: HTTP<*> len: <*> time: <*>",0.7937,42.52,123
395,"<*> ""GET <*>HTTP<*>status: <*> len: <*> time: <*>.<*>",exact,"<*> ""GET <*>HTTP<*>status: HTTP<*> len: <*> time: <*>",1.0,"<*> ""POST <*>HTTP<*>status: HTTP<*> len: <*> time: <*>",0.8917,"<*> ""DELETE <*>HTTP<*>status: HTTP<*> len: <*> time: <*>",0.7937,56.32,123
396,"<*> ""GET <*>HTTP<*>status: <*> len: <*> time: <*>.<*>",exact,"<*> ""GET <*>HTTP<*>status: HTTP<*> len: <*> time: <*>",1.0,"<*> ""POST <*>HTTP<*>status: HTTP<*> len: <*> time: <*>",0.8917,"<*> ""DELETE <*>HTTP<*>status: HTTP<*> len: <*> time: <*>",0.7937,51.61,123
397,"<*> ""GET <*>HTTP<*>status: <*> len: <*> time: <*>.<*>",exact,"<*> ""GET <*>HTTP<*>status: HTTP<*> len: <*> time: <*>",1.0,"<*> ""POST <*>HTTP<*>status: HTTP<*> len: <*> time: <*>",0.8917,"<*> ""DELETE <*>HTTP<*>status: HTTP<*> len: <*> time: <*>",0.7937,60.88,123
398,"<*> ""GET <*>HTTP<*>status: <*> len: <*> time: <*>.<*>",exact,"<*> ""GET <*>HTTP<*>status: HTTP<*> len: <*> time: <*>",1.0,"<*> ""POST <*>HTTP<*>status: HTTP<*> len: <*> time: <*>",0.8917,"<*> ""DELETE <*>HTTP<*>status: HTTP<*> len: <*> time: <*>",0.7937,43.72,123
399,"<*> ""GET <*>HTTP<*>status: <*> len: <*> time: <*>.<*>",exact,"<*> ""GET <*>HTTP<*>status: HTTP<*> len: <*> time: <*>",1.0,"<*> ""POST <*>HTTP<*>status: HTTP<*> len: <*> time: <*>",0.8917,"<*> ""DELETE <*>HTTP<*>status: HTTP<*> len: <*> time: <*>",0.7937,52.37,123
400,"<*> ""GET <*>HTTP<*>status: <*> len: <*> time: <*>.<*>",exact,"<*> ""GET <*>HTTP<*>status: HTTP<*> len: <*> time: <*>",1.0,"<*> ""POST <*>HTTP<*>status: HTTP<*> len: <*> time: <*>",0.8917,"<*> ""DELETE <*>HTTP<*>status: HTTP<*> len: <*> time: <*>",0.7937,79.46,123
401,"<*> ""GET <*>HTTP<*>status: <*> len: <*> time: <*>.<*>",exact,"<*> ""GET <*>HTTP<*>status: HTTP<*> len: <*> time: <*>",1.0,"<*> ""POST <*>HTTP<*>status: HTTP<*> len: <*> time: <*>",0.8917,"<*> ""DELETE <*>HTTP<*>status: HTTP<*> len: <*> time: <*>",0.7937,47.68,123
402,"<*> ""DELETE <*>HTTP<*>status: <*> len: <*> time: <*>.<*>",exact,"<*> ""DELETE <*>HTTP<*>status: HTTP<*> len: <*> time: <*>",1.0,"<*> ""POST <*>HTTP<*>status: HTTP<*> len: <*> time: <*>",0.8163,"<*> ""GET <*>HTTP<*>status: HTTP<*> len: <*> time: <*>",0.7937,45.27,123
403,[instance: <*>e<*>a-<*>fe<*>-<*>-<*>b<*>-<*>ac<*>e<*>] Terminating instance,partial,[instance: <*> Terminating instance,0.8965,[instance: <*>ea<*>-cbf<*>-<*>f<*>e-<*>fe-<*>fd<*>f<*>] Terminating instance,0.8828,[instance: b<*>-fe<*>a-<*>b-b<*>cc-<*>e<*>b<*>cd<*>d] Terminating instance,0.8507,40.5,123
404,"<*> ""GET <*>HTTP<*>status: <*> len: <*> time: <*>.<*>",exact,"<*> ""GET <*>HTTP<*>status: HTTP<*> len: <*> time: <*>",1.0,"<*> ""POST <*>HTTP<*>status: HTTP<*> len: <*> time: <*>",0.8917,"<*> ""DELETE <*>HTTP<*>status: HTTP<*> len: <*> time: <*>",0.7937,41.63,123
405,[instance: <*>e<*>a-<*>fe<*>-<*>-<*>b<*>-<*>ac<*>e<*>] Instance destroyed successfully.,partial,[instance: <*> Instance destroyed successfully.,0.8974,[instance: <*>ea<*>-cbf<*>-<*>f<*>e-<*>fe-<*>fd<*>f<*>] Instance destroyed successfully.,0.8918,[instance: b<*>-fe<*>a-<*>b-b<*>cc-<*>e<*>b<*>cd<*>d] Instance destroyed successfully.,0.8513,41.81,123
406,"<*> ""GET <*>HTTP<*>status: <*> len: <*> time: <*>.<*>",exact,"<*> ""GET <*>HTTP<*>status: HTTP<*> len: <*> time: <*>",1.0,"<*> ""POST <*>HTTP<*>status: HTTP<*> len: <*> time: <*>",0.8917,"<*> ""DELETE <*>HTTP<*>status: HTTP<*> len: <*> time: <*>",0.7937,40.44,123
407,[instance: <*>e<*>a-<*>fe<*>-<*>-<*>b<*>-<*>ac<*>e<*>] Deleting instance files /var/lib/nova/instances/<*>e<*>a-<*>fe<*>-<*>-<*>b<*>-<*>ac<*>e<*>_del,partial,[instance: <*> Deleting instance files <*>,0.9718,[instance: fecdd<*>a<*>-<*>ca<*>-<*>c<*>-<*>-<*>b<*>f<*>e] Deleting instance files /var/lib/nova/instances/fecdd<*>a<*>-<*>ca<*>-<*>c<*>-<*>-<*>b<*>f<*>e_del,0.8992,Removing base or swap file: /var/lib/nova/instances/_base/a<*>c<*>f<*>c<*>da<*>b<*>c<*>bb<*>ac<*>e<*>,0.7807,43.46,123
408,[instance: <*>e<*>a-<*>fe<*>-<*>-<*>b<*>-<*>ac<*>e<*>] Deletion of <*>complete,partial,[instance: <*> Deletion of <*>complete,0.9211,[instance: <*>ea<*>-cbf<*>-<*>f<*>e-<*>fe-<*>fd<*>f<*>] Deletion of <*>complete,0.9007,[instance: fecdd<*> Deletion of <*>complete,0.8833,40.78,123
409,[instance: <*>e<*>a-<*>fe<*>-<*>-<*>b<*>-<*>ac<*>e<*>] Took <*>.<*> seconds to destroy the instance on the hypervisor.,partial,[instance: <*> Took <*> seconds to destroy the instance on the hypervisor.,0.9384,[instance: b<*>-fe<*>a-<*>b-b<*>cc-<*>e<*>b<*>cd<*>d] Took <*> seconds to <*> the instance on the hypervisor.,0.8694,[instance: fecdd<*>a<*>-<*>ca<*>-<*>c<*>-<*>-<*>b<*>f<*>e] Took <*> seconds to <*> the instance on the hypervisor.,0.8584,41.69,123
410,Auditing locally available compute resources for node cp-<*>.slowvm<*>.tcloud-pg<*>.utah.cloudlab.us,exact,Auditing locally available compute resources for node cp-<*>.slowvm<*>.tcloud-pg<*>.utah.cloudlab.us,1.0,Running instance usage audit for host cp-<*>.slowvm<*>.tcloud-pg<*>.utah.cloudlab.us from <*> to <*> <*>:<*>:<*>. <*> instances.,0.8328,Compute_service record updated for cp-<*>.slowvm<*>.tcloud-pg<*>.utah.cloudlab.us:cp-<*>.slowvm<*>.tcloud-pg<*>.utah.cloudlab.us,0.7067,39.84,123
411,"<*> ""GET <*>HTTP<*>status: <*> len: <*> time: <*>.<*>",exact,"<*> ""GET <*>HTTP<*>status: HTTP<*> len: <*> time: <*>",1.0,"<*> ""POST <*>HTTP<*>status: HTTP<*> len: <*> time: <*>",0.8917,"<*> ""DELETE <*>HTTP<*>status: HTTP<*> len: <*> time: <*>",0.7937,39.15,123
412,[instance: <*>e<*>a-<*>fe<*>-<*>-<*>b<*>-<*>ac<*>e<*>] Took <*>.<*> seconds to deallocate network for instance.,partial,[instance: <*>ea<*>-cbf<*>-<*>f<*>e-<*>fe-<*>fd<*>f<*>] Took <*> seconds to deallocate network for instance.,0.9162,[instance: <*> Took <*> seconds to deallocate network for instance.,0.9154,[instance: fecdd<*> Took <*> seconds to deallocate network for instance.,0.8982,41.24,123
413,"Total usable vcpus: <*>, total allocated vcpus: <*>",exact,"Total usable vcpus: <*>, total allocated vcpus: <*>",1.0,"[instance: <*> Total vcpu: <*> VCPU, used: <*> VCPU",0.5996,"[instance: fecdd<*>a<*>-<*>ca<*>-<*>c<*>-<*>-<*>b<*>f<*>e] Attempting claim: memory <*> MB, disk <*> GB, vcpus <*> CPU",0.5987,39.26,123
414,Final resource view: name=cp-<*>.slowvm<*>.tcloud-pg<*>.utah.cloudlab.us phys_ram=<*>MB used_ram=<*>MB phys_disk=<*>GB used_disk=<*>GB total_vcpus=<*> used_vcpus=<*> pci_stats=[],exact,Final resource view: name=cp-<*>.slowvm<*>.tcloud-pg<*>.utah.cloudlab.us phys_ram=<*>MB used_ram=<*>MB phys_disk=<*>GB used_disk=<*>GB total_vcpus=<*> used_vcpus=<*> pci_stats=[],1.0,The instance sync for host 'cp-<*>.slowvm<*>.tcloud-pg<*>.utah.cloudlab.us' did not match. Re-created its InstanceList.,0.7105,Successfully synced instances from host 'cp-<*>.slowvm<*>.tcloud-pg<*>.utah.cloudlab.us'.,0.7023,43.61,123
415,Compute_service record updated for cp-<*>.slowvm<*>.tcloud-pg<*>.utah.cloudlab.us:cp-<*>.slowvm<*>.tcloud-pg<*>.utah.cloudlab.us,exact,Compute_service record updated for cp-<*>.slowvm<*>.tcloud-pg<*>.utah.cloudlab.us:cp-<*>.slowvm<*>.tcloud-pg<*>.utah.cloudlab.us,1.0,The instance sync for host 'cp-<*>.slowvm<*>.tcloud-pg<*>.utah.cloudlab.us' did not match. Re-created its InstanceList.,0.763,Successfully synced instances from host 'cp-<*>.slowvm<*>.tcloud-pg<*>.utah.cloudlab.us'.,0.7234,42.24,123
416,Unknown base file: /var/lib/nova/instances/_base/a<*>c<*>f<*>c<*>da<*>b<*>c<*>bb<*>ac<*>e<*>,exact,Unknown base file: /var/lib/nova/instances/_base/a<*>c<*>f<*>c<*>da<*>b<*>c<*>bb<*>ac<*>e<*>,1.0,Removing base or swap file: /var/lib/nova/instances/_base/a<*>c<*>f<*>c<*>da<*>b<*>c<*>bb<*>ac<*>e<*>,0.8518,Base or swap file too young to remove: /var/lib/nova/instances/_base/a<*>c<*>f<*>c<*>da<*>b<*>c<*>bb<*>ac<*>e<*>,0.8448,43.17,123
417,Removable base files: /var/lib/nova/instances/_base/a<*>c<*>f<*>c<*>da<*>b<*>c<*>bb<*>ac<*>e<*>,exact,Removable base files: /var/lib/nova/instances/_base/a<*>c<*>f<*>c<*>da<*>b<*>c<*>bb<*>ac<*>e<*>,1.0,Active base files: /var/lib/nova/instances/_base/a<*>c<*>f<*>c<*>da<*>b<*>c<*>bb<*>ac<*>e<*>,0.871,Removing base or swap file: /var/lib/nova/instances/_base/a<*>c<*>f<*>c<*>da<*>b<*>c<*>bb<*>ac<*>e<*>,0.8165,41.52,123
418,Base or swap file too young to remove: /var/lib/nova/instances/_base/a<*>c<*>f<*>c<*>da<*>b<*>c<*>bb<*>ac<*>e<*>,exact,Base or swap file too young to remove: /var/lib/nova/instances/_base/a<*>c<*>f<*>c<*>da<*>b<*>c<*>bb<*>ac<*>e<*>,1.0,Removing base or swap file: /var/lib/nova/instances/_base/a<*>c<*>f<*>c<*>da<*>b<*>c<*>bb<*>ac<*>e<*>,0.969,Unknown base file: /var/lib/nova/instances/_base/a<*>c<*>f<*>c<*>da<*>b<*>c<*>bb<*>ac<*>e<*>,0.8448,41.33,123
419,"<*> ""GET <*>HTTP<*>status: <*> len: <*> time: <*>.<*>",exact,"<*> ""GET <*>HTTP<*>status: HTTP<*> len: <*> time: <*>",1.0,"<*> ""POST <*>HTTP<*>status: HTTP<*> len: <*> time: <*>",0.8917,"<*> ""DELETE <*>HTTP<*>status: HTTP<*> len: <*> time: <*>",0.7937,39.73,123
420,HTTP exception thrown: No instances found for any event,exact,HTTP exception thrown: No instances found for any event,1.0,"<*> ""DELETE <*>HTTP<*>status: HTTP<*> len: <*> time: <*>",0.2495,"<*> ""POST <*>HTTP<*>status: HTTP<*> len: <*> time: <*>",0.2452,38.57,123
421,"<*> ""POST <*>HTTP<*>status: <*> len: <*> time: <*>.<*>",exact,"<*> ""POST <*>HTTP<*>status: HTTP<*> len: <*> time: <*>",1.0,"<*> ""GET <*>HTTP<*>status: HTTP<*> len: <*> time: <*>",0.8917,"<*> ""DELETE <*>HTTP<*>status: HTTP<*> len: <*> time: <*>",0.8163,39.26,123
422,Unknown base file: /var/lib/nova/instances/_base/a<*>c<*>f<*>c<*>da<*>b<*>c<*>bb<*>ac<*>e<*>,exact,Unknown base file: /var/lib/nova/instances/_base/a<*>c<*>f<*>c<*>da<*>b<*>c<*>bb<*>ac<*>e<*>,1.0,Removing base or swap file: /var/lib/nova/instances/_base/a<*>c<*>f<*>c<*>da<*>b<*>c<*>bb<*>ac<*>e<*>,0.8518,Base or swap file too young to remove: /var/lib/nova/instances/_base/a<*>c<*>f<*>c<*>da<*>b<*>c<*>bb<*>ac<*>e<*>,0.8448,40.87,123
423,Removable base files: /var/lib/nova/instances/_base/a<*>c<*>f<*>c<*>da<*>b<*>c<*>bb<*>ac<*>e<*>,exact,Removable base files: /var/lib/nova/instances/_base/a<*>c<*>f<*>c<*>da<*>b<*>c<*>bb<*>ac<*>e<*>,1.0,Active base files: /var/lib/nova/instances/_base/a<*>c<*>f<*>c<*>da<*>b<*>c<*>bb<*>ac<*>e<*>,0.871,Removing base or swap file: /var/lib/nova/instances/_base/a<*>c<*>f<*>c<*>da<*>b<*>c<*>bb<*>ac<*>e<*>,0.8165,41.09,123
424,Removing base or swap file: /var/lib/nova/instances/_base/a<*>c<*>f<*>c<*>da<*>b<*>c<*>bb<*>ac<*>e<*>,exact,Removing base or swap file: /var/lib/nova/instances/_base/a<*>c<*>f<*>c<*>da<*>b<*>c<*>bb<*>ac<*>e<*>,1.0,Base or swap file too young to remove: /var/lib/nova/instances/_base/a<*>c<*>f<*>c<*>da<*>b<*>c<*>bb<*>ac<*>e<*>,0.969,Unknown base file: /var/lib/nova/instances/_base/a<*>c<*>f<*>c<*>da<*>b<*>c<*>bb<*>ac<*>e<*>,0.8518,41.94,123
425,"<*> ""POST <*>HTTP<*>status: <*> len: <*> time: <*>.<*>",exact,"<*> ""POST <*>HTTP<*>status: HTTP<*> len: <*> time: <*>",1.0,"<*> ""GET <*>HTTP<*>status: HTTP<*> len: <*> time: <*>",0.8917,"<*> ""DELETE <*>HTTP<*>status: HTTP<*> len: <*> time: <*>",0.8163,60.83,123
426,"<*> ""GET <*>HTTP<*>status: <*> len: <*> time: <*>.<*>",exact,"<*> ""GET <*>HTTP<*>status: HTTP<*> len: <*> time: <*>",1.0,"<*> ""POST <*>HTTP<*>status: HTTP<*> len: <*> time: <*>",0.8917,"<*> ""DELETE <*>HTTP<*>status: HTTP<*> len: <*> time: <*>",0.7937,46.42,123
427,"[instance: c<*>f<*>f<*>-<*>c-<*>ea<*>-b<*>e<*>-<*>edfcfbf] Attempting claim: memory <*> MB, disk <*> GB, vcpus <*> CPU",partial,"[instance: <*> Attempting claim: memory <*> MB, disk <*> GB, vcpus <*> CPU",0.9154,"[instance: fecdd<*>a<*>-<*>ca<*>-<*>c<*>-<*>-<*>b<*>f<*>e] Attempting claim: memory <*> MB, disk <*> GB, vcpus <*> CPU",0.832,"[instance: <*>dc<*>-<*>-<*>cc-<*>e-<*>b<*>c<*>dcf] Attempting claim: memory <*> MB, disk <*> GB, vcpus <*> CPU",0.814,53.2,123
428,"[instance: c<*>f<*>f<*>-<*>c-<*>ea<*>-b<*>e<*>-<*>edfcfbf] Total memory: <*> MB, used: <*>.<*> MB",partial,"[instance: <*> Total memory: <*> MB, used: <*> MB",0.9002,"[instance: <*>ea<*>-cbf<*>-<*>f<*>e-<*>fe-<*>fd<*>f<*>] <*> MB, <*> MB",0.8745,"[instance: b<*>ef<*>-ba<*>d-<*>ae-bf<*>a-<*>cba<*>a<*>] <*> MB, <*> MB",0.8311,43.75,123
429,"[instance: c<*>f<*>f<*>-<*>c-<*>ea<*>-b<*>e<*>-<*>edfcfbf] memory limit: <*>.<*> MB, free: <*>.<*> MB",partial,"[instance: <*> memory limit: <*> MB, free: <*> MB",0.9009,"[instance: <*>ea<*>-cbf<*>-<*>f<*>e-<*>fe-<*>fd<*>f<*>] <*> MB, <*> MB",0.8675,"[instance: <*>a<*>d<*>-<*>b<*>-<*>c<*>-b<*>-<*>a<*>cadf] memory limit: <*> MB, free: <*> MB",0.8179,43.5,123
430,"[instance: c<*>f<*>f<*>-<*>c-<*>ea<*>-b<*>e<*>-<*>edfcfbf] Total disk: <*> GB, used: <*>.<*> GB",partial,"[instance: <*> Total disk: <*> GB, used: <*> GB",0.9171,"[instance: b<*>ef<*>-ba<*>d-<*>ae-bf<*>a-<*>cba<*>a<*>] Total disk: <*> GB, used: <*> GB",0.8729,"[instance: <*>dc<*>-<*>-<*>cc-<*>e-<*>b<*>c<*>dcf] Total disk: <*> GB, used: <*> GB",0.8562,43.44,123
431,"[instance: c<*>f<*>f<*>-<*>c-<*>ea<*>-b<*>e<*>-<*>edfcfbf] disk limit not specified, defaulting to unlimited",partial,"[instance: <*>ea<*>-cbf<*>-<*>f<*>e-<*>fe-<*>fd<*>f<*>] disk limit not specified, defaulting to unlimited",0.8731,"[instance: <*> disk limit not specified, defaulting to unlimited",0.8637,"[instance: b<*>ef<*>-ba<*>d-<*>ae-bf<*>a-<*>cba<*>a<*>] disk limit not specified, defaulting to unlimited",0.8277,42.7,123
432,"[instance: c<*>f<*>f<*>-<*>c-<*>ea<*>-b<*>e<*>-<*>edfcfbf] Total vcpu: <*> VCPU, used: <*>.<*> VCPU",partial,"[instance: <*> Total vcpu: <*> VCPU, used: <*> VCPU",0.9326,"[instance: fecdd<*> Total vcpu: <*> VCPU, used: <*> VCPU",0.91,"[instance: b<*>ef<*>-ba<*>d-<*>ae-bf<*>a-<*>cba<*>a<*>] Total vcpu: <*> VCPU, used: <*> VCPU",0.8692,43.37,123
433,"[instance: c<*>f<*>f<*>-<*>c-<*>ea<*>-b<*>e<*>-<*>edfcfbf] vcpu limit not specified, defaulting to unlimited",partial,"[instance: <*>ea<*>-cbf<*>-<*>f<*>e-<*>fe-<*>fd<*>f<*>] vcpu limit not specified, defaulting to unlimited",0.9094,"[instance: <*> vcpu limit not specified, defaulting to unlimited",0.9088,"[instance: b<*>ef<*>-ba<*>d-<*>ae-bf<*>a-<*>cba<*>a<*>] vcpu limit not specified, defaulting to unlimited",0.8558,43.27,123
434,[instance: c<*>f<*>f<*>-<*>c-<*>ea<*>-b<*>e<*>-<*>edfcfbf] Claim successful,partial,[instance: <*> Claim successful,0.8528,[instance: <*>ea<*>-cbf<*>-<*>f<*>e-<*>fe-<*>fd<*>f<*>] Claim successful,0.8485,[instance: b<*>ef<*>-ba<*>d-<*>ae-bf<*>a-<*>cba<*>a<*>] Claim successful,0.7954,47.1,123
435,"<*> ""GET <*>HTTP<*>status: <*> len: <*> time: <*>.<*>",exact,"<*> ""GET <*>HTTP<*>status: HTTP<*> len: <*> time: <*>",1.0,"<*> ""POST <*>HTTP<*>status: HTTP<*> len: <*> time: <*>",0.8917,"<*> ""DELETE <*>HTTP<*>status: HTTP<*> len: <*> time: <*>",0.7937,53.65,123
436,"<*> ""GET <*>HTTP<*>status: <*> len: <*> time: <*>.<*>",exact,"<*> ""GET <*>HTTP<*>status: HTTP<*> len: <*> time: <*>",1.0,"<*> ""POST <*>HTTP<*>status: HTTP<*> len: <*> time: <*>",0.8917,"<*> ""DELETE <*>HTTP<*>status: HTTP<*> len: <*> time: <*>",0.7937,40.54,123
437,[instance: c<*>f<*>f<*>-<*>c-<*>ea<*>-b<*>e<*>-<*>edfcfbf] Creating image,partial,[instance: <*> Creating image,0.8926,[instance: <*>ea<*>-cbf<*>-<*>f<*>e-<*>fe-<*>fd<*>f<*>] Creating image,0.8857,[instance: b<*>ef<*>-ba<*>d-<*>ae-bf<*>a-<*>cba<*>a<*>] Creating image,0.8333,40.7,123
438,"<*> ""GET <*>HTTP<*>status: <*> len: <*> time: <*>.<*>",exact,"<*> ""GET <*>HTTP<*>status: HTTP<*> len: <*> time: <*>",1.0,"<*> ""POST <*>HTTP<*>status: HTTP<*> len: <*> time: <*>",0.8917,"<*> ""DELETE <*>HTTP<*>status: HTTP<*> len: <*> time: <*>",0.7937,40.11,123
439,"<*> ""GET <*>HTTP<*>status: <*> len: <*> time: <*>.<*>",exact,"<*> ""GET <*>HTTP<*>status: HTTP<*> len: <*> time: <*>",1.0,"<*> ""POST <*>HTTP<*>status: HTTP<*> len: <*> time: <*>",0.8917,"<*> ""DELETE <*>HTTP<*>status: HTTP<*> len: <*> time: <*>",0.7937,39.84,123
440,[instance: <*>e<*>a-<*>fe<*>-<*>-<*>b<*>-<*>ac<*>e<*>] VM Stopped (Lifecycle Event),partial,[instance: <*> VM Stopped (Lifecycle Event),0.9202,[instance: <*>ea<*>-cbf<*>-<*>f<*>e-<*>fe-<*>fd<*>f<*>] VM <*> (Lifecycle Event),0.9033,[instance: <*> VM <*> (Lifecycle Event),0.8649,40.95,123
441,"<*> ""GET <*>HTTP<*>status: <*> len: <*> time: <*>.<*>",exact,"<*> ""GET <*>HTTP<*>status: HTTP<*> len: <*> time: <*>",1.0,"<*> ""POST <*>HTTP<*>status: HTTP<*> len: <*> time: <*>",0.8917,"<*> ""DELETE <*>HTTP<*>status: HTTP<*> len: <*> time: <*>",0.7937,39.95,123
442,"<*> ""GET <*>HTTP<*>status: <*> len: <*> time: <*>.<*>",exact,"<*> ""GET <*>HTTP<*>status: HTTP<*> len: <*> time: <*>",1.0,"<*> ""POST <*>HTTP<*>status: HTTP<*> len: <*> time: <*>",0.8917,"<*> ""DELETE <*>HTTP<*>status: HTTP<*> len: <*> time: <*>",0.7937,39.11,123
443,"<*> ""GET <*>HTTP<*>status: <*> len: <*> time: <*>.<*>",exact,"<*> ""GET <*>HTTP<*>status: HTTP<*> len: <*> time: <*>",1.0,"<*> ""POST <*>HTTP<*>status: HTTP<*> len: <*> time: <*>",0.8917,"<*> ""DELETE <*>HTTP<*>status: HTTP<*> len: <*> time: <*>",0.7937,39.35,123
444,"<*> ""GET <*>HTTP<*>status: <*> len: <*> time: <*>.<*>",exact,"<*> ""GET <*>HTTP<*>status: HTTP<*> len: <*> time: <*>",1.0,"<*> ""POST <*>HTTP<*>status: HTTP<*> len: <*> time: <*>",0.8917,"<*> ""DELETE <*>HTTP<*>status: HTTP<*> len: <*> time: <*>",0.7937,40.59,123
445,"<*> ""GET <*>HTTP<*>status: <*> len: <*> time: <*>.<*>",exact,"<*> ""GET <*>HTTP<*>status: HTTP<*> len: <*> time: <*>",1.0,"<*> ""POST <*>HTTP<*>status: HTTP<*> len: <*> time: <*>",0.8917,"<*> ""DELETE <*>HTTP<*>status: HTTP<*> len: <*> time: <*>",0.7937,41.68,123
446,"<*> ""GET <*>HTTP<*>status: <*> len: <*> time: <*>.<*>",exact,"<*> ""GET <*>HTTP<*>status: HTTP<*> len: <*> time: <*>",1.0,"<*> ""POST <*>HTTP<*>status: HTTP<*> len: <*> time: <*>",0.8917,"<*> ""DELETE <*>HTTP<*>status: HTTP<*> len: <*> time: <*>",0.7937,40.19,123
447,"<*> ""GET <*>HTTP<*>status: <*> len: <*> time: <*>.<*>",exact,"<*> ""GET <*>HTTP<*>status: HTTP<*> len: <*> time: <*>",1.0,"<*> ""POST <*>HTTP<*>status: HTTP<*> len: <*> time: <*>",0.8917,"<*> ""DELETE <*>HTTP<*>status: HTTP<*> len: <*> time: <*>",0.7937,39.68,123
448,"<*> ""GET <*>HTTP<*>status: <*> len: <*> time: <*>.<*>",exact,"<*> ""GET <*>HTTP<*>status: HTTP<*> len: <*> time: <*>",1.0,"<*> ""POST <*>HTTP<*>status: HTTP<*> len: <*> time: <*>",0.8917,"<*> ""DELETE <*>HTTP<*>status: HTTP<*> len: <*> time: <*>",0.7937,39.03,123
449,"<*> ""GET <*>HTTP<*>status: <*> len: <*> time: <*>.<*>",exact,"<*> ""GET <*>HTTP<*>status: HTTP<*> len: <*> time: <*>",1.0,"<*> ""POST <*>HTTP<*>status: HTTP<*> len: <*> time: <*>",0.8917,"<*> ""DELETE <*>HTTP<*>status: HTTP<*> len: <*> time: <*>",0.7937,38.99,123
450,"<*> ""GET <*>HTTP<*>status: <*> len: <*> time: <*>.<*>",exact,"<*> ""GET <*>HTTP<*>status: HTTP<*> len: <*> time: <*>",1.0,"<*> ""POST <*>HTTP<*>status: HTTP<*> len: <*> time: <*>",0.8917,"<*> ""DELETE <*>HTTP<*>status: HTTP<*> len: <*> time: <*>",0.7937,39.22,123
451,"<*> ""GET <*>HTTP<*>status: <*> len: <*> time: <*>.<*>",exact,"<*> ""GET <*>HTTP<*>status: HTTP<*> len: <*> time: <*>",1.0,"<*> ""POST <*>HTTP<*>status: HTTP<*> len: <*> time: <*>",0.8917,"<*> ""DELETE <*>HTTP<*>status: HTTP<*> len: <*> time: <*>",0.7937,38.99,123
452,"<*> ""GET <*>HTTP<*>status: <*> len: <*> time: <*>.<*>",exact,"<*> ""GET <*>HTTP<*>status: HTTP<*> len: <*> time: <*>",1.0,"<*> ""POST <*>HTTP<*>status: HTTP<*> len: <*> time: <*>",0.8917,"<*> ""DELETE <*>HTTP<*>status: HTTP<*> len: <*> time: <*>",0.7937,38.94,123
453,"<*> ""GET <*>HTTP<*>status: <*> len: <*> time: <*>.<*>",exact,"<*> ""GET <*>HTTP<*>status: HTTP<*> len: <*> time: <*>",1.0,"<*> ""POST <*>HTTP<*>status: HTTP<*> len: <*> time: <*>",0.8917,"<*> ""DELETE <*>HTTP<*>status: HTTP<*> len: <*> time: <*>",0.7937,39.32,123
454,"<*> ""GET <*>HTTP<*>status: <*> len: <*> time: <*>.<*>",exact,"<*> ""GET <*>HTTP<*>status: HTTP<*> len: <*> time: <*>",1.0,"<*> ""POST <*>HTTP<*>status: HTTP<*> len: <*> time: <*>",0.8917,"<*> ""DELETE <*>HTTP<*>status: HTTP<*> len: <*> time: <*>",0.7937,39.18,123
455,image <*>dd<*>-<*>c<*>-<*>fbb-<*>c<*>-<*>fbe<*>b<*> at (<*>checking,exact,image <*> at (<*>checking,1.0,[instance: fecdd<*>a<*>-<*>ca<*>-<*>c<*>-<*>-<*>b<*>f<*>e] Creating image,0.7025,[instance: <*> Creating image,0.6761,41.58,123
456,"image <*>dd<*>-<*>c<*>-<*>fbb-<*>c<*>-<*>fbe<*>b<*> at (<*>in use: on this node <*> local, <*> on other nodes sharing this instance storage",exact,"image <*> at (<*>in use: on this node node<*> local, local<*> on other nodes sharing this instance storage",1.0,image <*> at (<*>checking,0.6627,[instance: <*>ea<*>-cbf<*>-<*>f<*>e-<*>fe-<*>fd<*>f<*>] Creating image,0.5096,42.57,123
457,Active base files: /var/lib/nova/instances/_base/a<*>c<*>f<*>c<*>da<*>b<*>c<*>bb<*>ac<*>e<*>,exact,Active base files: /var/lib/nova/instances/_base/a<*>c<*>f<*>c<*>da<*>b<*>c<*>bb<*>ac<*>e<*>,1.0,Removable base files: /var/lib/nova/instances/_base/a<*>c<*>f<*>c<*>da<*>b<*>c<*>bb<*>ac<*>e<*>,0.871,Unknown base file: /var/lib/nova/instances/_base/a<*>c<*>f<*>c<*>da<*>b<*>c<*>bb<*>ac<*>e<*>,0.84,41.66,123
458,[instance: c<*>f<*>f<*>-<*>c-<*>ea<*>-b<*>e<*>-<*>edfcfbf] VM Started (Lifecycle Event),partial,[instance: <*> VM <*> (Lifecycle Event),0.9076,[instance: <*>ea<*>-cbf<*>-<*>f<*>e-<*>fe-<*>fd<*>f<*>] VM <*> (Lifecycle Event),0.8743,[instance: <*> VM Stopped (Lifecycle Event),0.8513,40.87,123
459,[instance: c<*>f<*>f<*>-<*>c-<*>ea<*>-b<*>e<*>-<*>edfcfbf] VM Paused (Lifecycle Event),partial,[instance: <*> VM Paused (Lifecycle Event),0.9252,[instance: <*>ea<*>-cbf<*>-<*>f<*>e-<*>fe-<*>fd<*>f<*>] VM <*> (Lifecycle Event),0.8656,[instance: <*> VM Stopped (Lifecycle Event),0.8481,40.78,123
460,[instance: c<*>f<*>f<*>-<*>c-<*>ea<*>-b<*>e<*>-<*>edfcfbf] During sync_power_state the instance has a pending task (spawning). Skip.,partial,[instance: <*> During sync_power_state the instance has a pending task (spawning). Skip.,0.9165,"While synchronizing instance power states, found <*> instances in the database and <*> instances on the hypervisor.",0.5752,[instance: <*> Took <*> seconds to spawn the instance on the hypervisor.,0.5722,41.19,123
461,"<*> ""GET <*>HTTP<*>status: <*> len: <*> time: <*>.<*>",exact,"<*> ""GET <*>HTTP<*>status: HTTP<*> len: <*> time: <*>",1.0,"<*> ""POST <*>HTTP<*>status: HTTP<*> len: <*> time: <*>",0.8917,"<*> ""DELETE <*>HTTP<*>status: HTTP<*> len: <*> time: <*>",0.7937,39.43,123
462,"<*> ""GET <*>HTTP<*>status: <*> len: <*> time: <*>.<*>",exact,"<*> ""GET <*>HTTP<*>status: HTTP<*> len: <*> time: <*>",1.0,"<*> ""POST <*>HTTP<*>status: HTTP<*> len: <*> time: <*>",0.8917,"<*> ""DELETE <*>HTTP<*>status: HTTP<*> len: <*> time: <*>",0.7937,39.83,123
463,"<*> ""GET <*>HTTP<*>status: <*> len: <*> time: <*>.<*>",exact,"<*> ""GET <*>HTTP<*>status: HTTP<*> len: <*> time: <*>",1.0,"<*> ""POST <*>HTTP<*>status: HTTP<*> len: <*> time: <*>",0.8917,"<*> ""DELETE <*>HTTP<*>status: HTTP<*> len: <*> time: <*>",0.7937,39.29,123
464,"<*> ""GET <*>HTTP<*>status: <*> len: <*> time: <*>.<*>",exact,"<*> ""GET <*>HTTP<*>status: HTTP<*> len: <*> time: <*>",1.0,"<*> ""POST <*>HTTP<*>status: HTTP<*> len: <*> time: <*>",0.8917,"<*> ""DELETE <*>HTTP<*>status: HTTP<*> len: <*> time: <*>",0.7937,39.73,123
465,"<*> ""GET <*>HTTP<*>status: <*> len: <*> time: <*>.<*>",exact,"<*> ""GET <*>HTTP<*>status: HTTP<*> len: <*> time: <*>",1.0,"<*> ""POST <*>HTTP<*>status: HTTP<*> len: <*> time: <*>",0.8917,"<*> ""DELETE <*>HTTP<*>status: HTTP<*> len: <*> time: <*>",0.7937,40.51,123
466,"<*> ""GET <*>HTTP<*>status: <*> len: <*> time: <*>.<*>",exact,"<*> ""GET <*>HTTP<*>status: HTTP<*> len: <*> time: <*>",1.0,"<*> ""POST <*>HTTP<*>status: HTTP<*> len: <*> time: <*>",0.8917,"<*> ""DELETE <*>HTTP<*>status: HTTP<*> len: <*> time: <*>",0.7937,39.81,123
467,image <*>dd<*>-<*>c<*>-<*>fbb-<*>c<*>-<*>fbe<*>b<*> at (<*>checking,exact,image <*> at (<*>checking,1.0,[instance: fecdd<*>a<*>-<*>ca<*>-<*>c<*>-<*>-<*>b<*>f<*>e] Creating image,0.7025,[instance: <*> Creating image,0.6761,41.64,123
468,"image <*>dd<*>-<*>c<*>-<*>fbb-<*>c<*>-<*>fbe<*>b<*> at (<*>in use: on this node <*> local, <*> on other nodes sharing this instance storage",exact,"image <*> at (<*>in use: on this node node<*> local, local<*> on other nodes sharing this instance storage",1.0,image <*> at (<*>checking,0.6627,[instance: <*>ea<*>-cbf<*>-<*>f<*>e-<*>fe-<*>fd<*>f<*>] Creating image,0.5096,42.58,123
469,Active base files: /var/lib/nova/instances/_base/a<*>c<*>f<*>c<*>da<*>b<*>c<*>bb<*>ac<*>e<*>,exact,Active base files: /var/lib/nova/instances/_base/a<*>c<*>f<*>c<*>da<*>b<*>c<*>bb<*>ac<*>e<*>,1.0,Removable base files: /var/lib/nova/instances/_base/a<*>c<*>f<*>c<*>da<*>b<*>c<*>bb<*>ac<*>e<*>,0.871,Unknown base file: /var/lib/nova/instances/_base/a<*>c<*>f<*>c<*>da<*>b<*>c<*>bb<*>ac<*>e<*>,0.84,41.1,123
470,"<*> ""GET <*>HTTP<*>status: <*> len: <*> time: <*>.<*>",exact,"<*> ""GET <*>HTTP<*>status: HTTP<*> len: <*> time: <*>",1.0,"<*> ""POST <*>HTTP<*>status: HTTP<*> len: <*> time: <*>",0.8917,"<*> ""DELETE <*>HTTP<*>status: HTTP<*> len: <*> time: <*>",0.7937,40.68,123
471,"<*> ""GET <*>HTTP<*>status: <*> len: <*> time: <*>.<*>",exact,"<*> ""GET <*>HTTP<*>status: HTTP<*> len: <*> time: <*>",1.0,"<*> ""POST <*>HTTP<*>status: HTTP<*> len: <*> time: <*>",0.8917,"<*> ""DELETE <*>HTTP<*>status: HTTP<*> len: <*> time: <*>",0.7937,39.13,123
472,"<*> ""GET <*>HTTP<*>status: <*> len: <*> time: <*>.<*>",exact,"<*> ""GET <*>HTTP<*>status: HTTP<*> len: <*> time: <*>",1.0,"<*> ""POST <*>HTTP<*>status: HTTP<*> len: <*> time: <*>",0.8917,"<*> ""DELETE <*>HTTP<*>status: HTTP<*> len: <*> time: <*>",0.7937,39.12,123
473,"<*> ""GET <*>HTTP<*>status: <*> len: <*> time: <*>.<*>",exact,"<*> ""GET <*>HTTP<*>status: HTTP<*> len: <*> time: <*>",1.0,"<*> ""POST <*>HTTP<*>status: HTTP<*> len: <*> time: <*>",0.8917,"<*> ""DELETE <*>HTTP<*>status: HTTP<*> len: <*> time: <*>",0.7937,39.37,123
474,Creating event network-vif-plugged:b<*>a<*>d<*>-ce<*>e-<*>ff-bb<*>d-a<*>b<*>f<*>e<*> for instance c<*>f<*>f<*>-<*>c-<*>ea<*>-b<*>e<*>-<*>edfcfbf,partial,Creating event network<*> for instance <*>,0.9734,[instance: <*> VM <*> (Lifecycle Event),0.4788,[instance: <*>a<*>d<*>-<*>b<*>-<*>c<*>-b<*>-<*>a<*>cadf] VM <*> (Lifecycle Event),0.4477,43.97,123
475,"<*> ""POST <*>HTTP<*>status: <*> len: <*> time: <*>.<*>",exact,"<*> ""POST <*>HTTP<*>status: HTTP<*> len: <*> time: <*>",1.0,"<*> ""GET <*>HTTP<*>status: HTTP<*> len: <*> time: <*>",0.8917,"<*> ""DELETE <*>HTTP<*>status: HTTP<*> len: <*> time: <*>",0.8163,40.75,123
476,[instance: c<*>f<*>f<*>-<*>c-<*>ea<*>-b<*>e<*>-<*>edfcfbf] VM Resumed (Lifecycle Event),partial,[instance: <*> VM Resumed (Lifecycle Event),0.9186,[instance: <*>ea<*>-cbf<*>-<*>f<*>e-<*>fe-<*>fd<*>f<*>] VM <*> (Lifecycle Event),0.8867,[instance: <*> VM Paused (Lifecycle Event),0.8596,42.42,123
477,[instance: c<*>f<*>f<*>-<*>c-<*>ea<*>-b<*>e<*>-<*>edfcfbf] Instance spawned successfully.,partial,[instance: <*>ea<*>-cbf<*>-<*>f<*>e-<*>fe-<*>fd<*>f<*>] Instance spawned successfully.,0.8627,[instance: <*> Instance spawned successfully.,0.8573,[instance: b<*>ef<*>-ba<*>d-<*>ae-bf<*>a-<*>cba<*>a<*>] Instance spawned successfully.,0.8243,42.27,123
478,[instance: c<*>f<*>f<*>-<*>c-<*>ea<*>-b<*>e<*>-<*>edfcfbf] Took <*>.<*> seconds to spawn the instance on the hypervisor.,partial,[instance: <*> Took <*> seconds to spawn the instance on the hypervisor.,0.9267,[instance: b<*>ef<*>-ba<*>d-<*>ae-bf<*>a-<*>cba<*>a<*>] Took <*> seconds to <*> the instance on the hypervisor.,0.8577,[instance: <*> Took <*> seconds to destroy the instance on the hypervisor.,0.8173,42.73,123
479,[instance: c<*>f<*>f<*>-<*>c-<*>ea<*>-b<*>e<*>-<*>edfcfbf] During sync_power_state the instance has a pending task (spawning). Skip.,partial,[instance: <*> During sync_power_state the instance has a pending task (spawning). Skip.,0.9226,[instance: <*>ea<*>-cbf<*>-<*>f<*>e-<*>fe-<*>fd<*>f<*>] Instance spawned successfully.,0.5989,[instance: <*> Took <*> seconds to spawn the instance on the hypervisor.,0.5796,43.64,123
480,[instance: c<*>f<*>f<*>-<*>c-<*>ea<*>-b<*>e<*>-<*>edfcfbf] VM Resumed (Lifecycle Event),partial,[instance: <*> VM Resumed (Lifecycle Event),0.9259,[instance: <*>ea<*>-cbf<*>-<*>f<*>e-<*>fe-<*>fd<*>f<*>] VM <*> (Lifecycle Event),0.8867,[instance: <*> VM Paused (Lifecycle Event),0.8596,42.16,123
481,[instance: c<*>f<*>f<*>-<*>c-<*>ea<*>-b<*>e<*>-<*>edfcfbf] Took <*>.<*> seconds to build instance.,partial,[instance: <*>ea<*>-cbf<*>-<*>f<*>e-<*>fe-<*>fd<*>f<*>] Took <*> seconds to build instance.,0.8817,[instance: <*> Took <*> seconds to build instance.,0.8768,[instance: b<*>ef<*>-ba<*>d-<*>ae-bf<*>a-<*>cba<*>a<*>] Took <*> seconds to build instance.,0.8288,42.24,123
482,"<*> ""GET <*>HTTP<*>status: <*> len: <*> time: <*>.<*>",exact,"<*> ""GET <*>HTTP<*>status: HTTP<*> len: <*> time: <*>",1.0,"<*> ""POST <*>HTTP<*>status: HTTP<*> len: <*> time: <*>",0.8917,"<*> ""DELETE <*>HTTP<*>status: HTTP<*> len: <*> time: <*>",0.7937,40.9,123
483,"<*> ""GET <*>HTTP<*>status: <*> len: <*> time: <*>.<*>",exact,"<*> ""GET <*>HTTP<*>status: HTTP<*> len: <*> time: <*>",1.0,"<*> ""POST <*>HTTP<*>status: HTTP<*> len: <*> time: <*>",0.8917,"<*> ""DELETE <*>HTTP<*>status: HTTP<*> len: <*> time: <*>",0.7937,40.91,123
484,image <*>dd<*>-<*>c<*>-<*>fbb-<*>c<*>-<*>fbe<*>b<*> at (<*>checking,exact,image <*> at (<*>checking,1.0,[instance: fecdd<*>a<*>-<*>ca<*>-<*>c<*>-<*>-<*>b<*>f<*>e] Creating image,0.7025,[instance: <*> Creating image,0.6761,41.96,123
485,"image <*>dd<*>-<*>c<*>-<*>fbb-<*>c<*>-<*>fbe<*>b<*> at (<*>in use: on this node <*> local, <*> on other nodes sharing this instance storage",exact,"image <*> at (<*>in use: on this node node<*> local, local<*> on other nodes sharing this instance storage",1.0,image <*> at (<*>checking,0.6627,[instance: <*>ea<*>-cbf<*>-<*>f<*>e-<*>fe-<*>fd<*>f<*>] Creating image,0.5096,43.42,123
486,Active base files: /var/lib/nova/instances/_base/a<*>c<*>f<*>c<*>da<*>b<*>c<*>bb<*>ac<*>e<*>,exact,Active base files: /var/lib/nova/instances/_base/a<*>c<*>f<*>c<*>da<*>b<*>c<*>bb<*>ac<*>e<*>,1.0,Removable base files: /var/lib/nova/instances/_base/a<*>c<*>f<*>c<*>da<*>b<*>c<*>bb<*>ac<*>e<*>,0.871,Unknown base file: /var/lib/nova/instances/_base/a<*>c<*>f<*>c<*>da<*>b<*>c<*>bb<*>ac<*>e<*>,0.84,42.41,123
487,"<*> ""GET <*>HTTP<*>status: <*> len: <*> time: <*>.<*>",exact,"<*> ""GET <*>HTTP<*>status: HTTP<*> len: <*> time: <*>",1.0,"<*> ""POST <*>HTTP<*>status: HTTP<*> len: <*> time: <*>",0.8917,"<*> ""DELETE <*>HTTP<*>status: HTTP<*> len: <*> time: <*>",0.7937,41.27,123
488,"<*> ""GET <*>HTTP<*>status: <*> len: <*> time: <*>.<*>",exact,"<*> ""GET <*>HTTP<*>status: HTTP<*> len: <*> time: <*>",1.0,"<*> ""POST <*>HTTP<*>status: HTTP<*> len: <*> time: <*>",0.8917,"<*> ""DELETE <*>HTTP<*>status: HTTP<*> len: <*> time: <*>",0.7937,42.02,123
489,"<*> ""GET <*>HTTP<*>status: <*> len: <*> time: <*>.<*>",exact,"<*> ""GET <*>HTTP<*>status: HTTP<*> len: <*> time: <*>",1.0,"<*> ""POST <*>HTTP<*>status: HTTP<*> len: <*> time: <*>",0.8917,"<*> ""DELETE <*>HTTP<*>status: HTTP<*> len: <*> time: <*>",0.7937,40.67,123
490,"<*> ""GET <*>HTTP<*>status: <*> len: <*> time: <*>.<*>",exact,"<*> ""GET <*>HTTP<*>status: HTTP<*> len: <*> time: <*>",1.0,"<*> ""POST <*>HTTP<*>status: HTTP<*> len: <*> time: <*>",0.8917,"<*> ""DELETE <*>HTTP<*>status: HTTP<*> len: <*> time: <*>",0.7937,39.72,123
491,"<*> ""GET <*>HTTP<*>status: <*> len: <*> time: <*>.<*>",exact,"<*> ""GET <*>HTTP<*>status: HTTP<*> len: <*> time: <*>",1.0,"<*> ""POST <*>HTTP<*>status: HTTP<*> len: <*> time: <*>",0.8917,"<*> ""DELETE <*>HTTP<*>status: HTTP<*> len: <*> time: <*>",0.7937,40.65,123
492,"<*> ""GET <*>HTTP<*>status: <*> len: <*> time: <*>.<*>",exact,"<*> ""GET <*>HTTP<*>status: HTTP<*> len: <*> time: <*>",1.0,"<*> ""POST <*>HTTP<*>status: HTTP<*> len: <*> time: <*>",0.8917,"<*> ""DELETE <*>HTTP<*>status: HTTP<*> len: <*> time: <*>",0.7937,40.8,123
493,"<*> ""GET <*>HTTP<*>status: <*> len: <*> time: <*>.<*>",exact,"<*> ""GET <*>HTTP<*>status: HTTP<*> len: <*> time: <*>",1.0,"<*> ""POST <*>HTTP<*>status: HTTP<*> len: <*> time: <*>",0.8917,"<*> ""DELETE <*>HTTP<*>status: HTTP<*> len: <*> time: <*>",0.7937,41.54,123
494,image <*>dd<*>-<*>c<*>-<*>fbb-<*>c<*>-<*>fbe<*>b<*> at (<*>checking,exact,image <*> at (<*>checking,1.0,[instance: fecdd<*>a<*>-<*>ca<*>-<*>c<*>-<*>-<*>b<*>f<*>e] Creating image,0.7025,[instance: <*> Creating image,0.6761,40.89,123
495,"image <*>dd<*>-<*>c<*>-<*>fbb-<*>c<*>-<*>fbe<*>b<*> at (<*>in use: on this node <*> local, <*> on other nodes sharing this instance storage",exact,"image <*> at (<*>in use: on this node node<*> local, local<*> on other nodes sharing this instance storage",1.0,image <*> at (<*>checking,0.6627,[instance: <*>ea<*>-cbf<*>-<*>f<*>e-<*>fe-<*>fd<*>f<*>] Creating image,0.5096,41.56,123
496,"<*> ""DELETE <*>HTTP<*>status: <*> len: <*> time: <*>.<*>",exact,"<*> ""DELETE <*>HTTP<*>status: HTTP<*> len: <*> time: <*>",1.0,"<*> ""POST <*>HTTP<*>status: HTTP<*> len: <*> time: <*>",0.8163,"<*> ""GET <*>HTTP<*>status: HTTP<*> len: <*> time: <*>",0.7937,39.81,123
497,[instance: c<*>f<*>f<*>-<*>c-<*>ea<*>-b<*>e<*>-<*>edfcfbf] Terminating instance,partial,[instance: <*>ea<*>-cbf<*>-<*>f<*>e-<*>fe-<*>fd<*>f<*>] Terminating instance,0.8744,[instance: <*> Terminating instance,0.8695,[instance: bf<*>c<*>d-f<*>-<*>-a<*>e-e<*>da<*>e] Terminating instance,0.8604,40.61,123
498,Active base files: /var/lib/nova/instances/_base/a<*>c<*>f<*>c<*>da<*>b<*>c<*>bb<*>ac<*>e<*>,exact,Active base files: /var/lib/nova/instances/_base/a<*>c<*>f<*>c<*>da<*>b<*>c<*>bb<*>ac<*>e<*>,1.0,Removable base files: /var/lib/nova/instances/_base/a<*>c<*>f<*>c<*>da<*>b<*>c<*>bb<*>ac<*>e<*>,0.871,Unknown base file: /var/lib/nova/instances/_base/a<*>c<*>f<*>c<*>da<*>b<*>c<*>bb<*>ac<*>e<*>,0.84,40.99,123
499,"<*> ""GET <*>HTTP<*>status: <*> len: <*> time: <*>.<*>",exact,"<*> ""GET <*>HTTP<*>status: HTTP<*> len: <*> time: <*>",1.0,"<*> ""POST <*>HTTP<*>status: HTTP<*> len: <*> time: <*>",0.8917,"<*> ""DELETE <*>HTTP<*>status: HTTP<*> len: <*> time: <*>",0.7937,39.61,123
500,[instance: c<*>f<*>f<*>-<*>c-<*>ea<*>-b<*>e<*>-<*>edfcfbf] Instance destroyed successfully.,partial,[instance: <*>ea<*>-cbf<*>-<*>f<*>e-<*>fe-<*>fd<*>f<*>] Instance destroyed successfully.,0.8751,[instance: <*> Instance destroyed successfully.,0.8711,[instance: b<*>ef<*>-ba<*>d-<*>ae-bf<*>a-<*>cba<*>a<*>] Instance destroyed successfully.,0.836,40.64,123
501,"<*> ""GET <*>HTTP<*>status: <*> len: <*> time: <*>.<*>",exact,"<*> ""GET <*>HTTP<*>status: HTTP<*> len: <*> time: <*>",1.0,"<*> ""POST <*>HTTP<*>status: HTTP<*> len: <*> time: <*>",0.8917,"<*> ""DELETE <*>HTTP<*>status: HTTP<*> len: <*> time: <*>",0.7937,39.91,123
502,[instance: c<*>f<*>f<*>-<*>c-<*>ea<*>-b<*>e<*>-<*>edfcfbf] Deleting instance files /var/lib/nova/instances/c<*>f<*>f<*>-<*>c-<*>ea<*>-b<*>e<*>-<*>edfcfbf_del,partial,[instance: <*> Deleting instance files <*>,0.9456,[instance: fecdd<*>a<*>-<*>ca<*>-<*>c<*>-<*>-<*>b<*>f<*>e] Deleting instance files /var/lib/nova/instances/fecdd<*>a<*>-<*>ca<*>-<*>c<*>-<*>-<*>b<*>f<*>e_del,0.8453,Removing base or swap file: /var/lib/nova/instances/_base/a<*>c<*>f<*>c<*>da<*>b<*>c<*>bb<*>ac<*>e<*>,0.7482,45.35,123
503,[instance: c<*>f<*>f<*>-<*>c-<*>ea<*>-b<*>e<*>-<*>edfcfbf] Deletion of <*>complete,partial,[instance: <*>ea<*>-cbf<*>-<*>f<*>e-<*>fe-<*>fd<*>f<*>] Deletion of <*>complete,0.9016,[instance: <*> Deletion of <*>complete,0.8994,[instance: b<*>ef<*>-ba<*>d-<*>ae-bf<*>a-<*>cba<*>a<*>] Deletion of <*>complete,0.849,40.96,123
504,[instance: c<*>f<*>f<*>-<*>c-<*>ea<*>-b<*>e<*>-<*>edfcfbf] Took <*>.<*> seconds to destroy the instance on the hypervisor.,partial,[instance: <*> Took <*> seconds to destroy the instance on the hypervisor.,0.9297,[instance: b<*>ef<*>-ba<*>d-<*>ae-bf<*>a-<*>cba<*>a<*>] Took <*> seconds to <*> the instance on the hypervisor.,0.8727,[instance: <*> Took <*> seconds to spawn the instance on the hypervisor.,0.8595,41.81,123
505,"<*> ""GET <*>HTTP<*>status: <*> len: <*> time: <*>.<*>",exact,"<*> ""GET <*>HTTP<*>status: HTTP<*> len: <*> time: <*>",1.0,"<*> ""POST <*>HTTP<*>status: HTTP<*> len: <*> time: <*>",0.8917,"<*> ""DELETE <*>HTTP<*>status: HTTP<*> len: <*> time: <*>",0.7937,39.54,123
506,[instance: c<*>f<*>f<*>-<*>c-<*>ea<*>-b<*>e<*>-<*>edfcfbf] Took <*>.<*> seconds to deallocate network for instance.,partial,[instance: <*> Took <*> seconds to deallocate network for instance.,0.8951,[instance: <*>ea<*>-cbf<*>-<*>f<*>e-<*>fe-<*>fd<*>f<*>] Took <*> seconds to deallocate network for instance.,0.8903,[instance: b<*>ef<*>-ba<*>d-<*>ae-bf<*>a-<*>cba<*>a<*>] Took <*> seconds to deallocate network for instance.,0.8559,41.41,123
507,"<*> ""GET <*>HTTP<*>status: <*> len: <*> time: <*>.<*>",exact,"<*> ""GET <*>HTTP<*>status: HTTP<*> len: <*> time: <*>",1.0,"<*> ""POST <*>HTTP<*>status: HTTP<*> len: <*> time: <*>",0.8917,"<*> ""DELETE <*>HTTP<*>status: HTTP<*> len: <*> time: <*>",0.7937,40.76,123
508,HTTP exception thrown: No instances found for any event,exact,HTTP exception thrown: No instances found for any event,1.0,"<*> ""DELETE <*>HTTP<*>status: HTTP<*> len: <*> time: <*>",0.2495,"<*> ""POST <*>HTTP<*>status: HTTP<*> len: <*> time: <*>",0.2452,39.76,123
509,"<*> ""POST <*>HTTP<*>status: <*> len: <*> time: <*>.<*>",exact,"<*> ""POST <*>HTTP<*>status: HTTP<*> len: <*> time: <*>",1.0,"<*> ""GET <*>HTTP<*>status: HTTP<*> len: <*> time: <*>",0.8917,"<*> ""DELETE <*>HTTP<*>status: HTTP<*> len: <*> time: <*>",0.8163,41.22,123
510,Unknown base file: /var/lib/nova/instances/_base/a<*>c<*>f<*>c<*>da<*>b<*>c<*>bb<*>ac<*>e<*>,exact,Unknown base file: /var/lib/nova/instances/_base/a<*>c<*>f<*>c<*>da<*>b<*>c<*>bb<*>ac<*>e<*>,1.0,Removing base or swap file: /var/lib/nova/instances/_base/a<*>c<*>f<*>c<*>da<*>b<*>c<*>bb<*>ac<*>e<*>,0.8518,Base or swap file too young to remove: /var/lib/nova/instances/_base/a<*>c<*>f<*>c<*>da<*>b<*>c<*>bb<*>ac<*>e<*>,0.8448,42.68,123
511,Removable base files: /var/lib/nova/instances/_base/a<*>c<*>f<*>c<*>da<*>b<*>c<*>bb<*>ac<*>e<*>,exact,Removable base files: /var/lib/nova/instances/_base/a<*>c<*>f<*>c<*>da<*>b<*>c<*>bb<*>ac<*>e<*>,1.0,Active base files: /var/lib/nova/instances/_base/a<*>c<*>f<*>c<*>da<*>b<*>c<*>bb<*>ac<*>e<*>,0.871,Removing base or swap file: /var/lib/nova/instances/_base/a<*>c<*>f<*>c<*>da<*>b<*>c<*>bb<*>ac<*>e<*>,0.8165,41.5,123
512,Base or swap file too young to remove: /var/lib/nova/instances/_base/a<*>c<*>f<*>c<*>da<*>b<*>c<*>bb<*>ac<*>e<*>,exact,Base or swap file too young to remove: /var/lib/nova/instances/_base/a<*>c<*>f<*>c<*>da<*>b<*>c<*>bb<*>ac<*>e<*>,1.0,Removing base or swap file: /var/lib/nova/instances/_base/a<*>c<*>f<*>c<*>da<*>b<*>c<*>bb<*>ac<*>e<*>,0.969,Unknown base file: /var/lib/nova/instances/_base/a<*>c<*>f<*>c<*>da<*>b<*>c<*>bb<*>ac<*>e<*>,0.8448,45.48,123
513,Unknown base file: /var/lib/nova/instances/_base/a<*>c<*>f<*>c<*>da<*>b<*>c<*>bb<*>ac<*>e<*>,exact,Unknown base file: /var/lib/nova/instances/_base/a<*>c<*>f<*>c<*>da<*>b<*>c<*>bb<*>ac<*>e<*>,1.0,Removing base or swap file: /var/lib/nova/instances/_base/a<*>c<*>f<*>c<*>da<*>b<*>c<*>bb<*>ac<*>e<*>,0.8518,Base or swap file too young to remove: /var/lib/nova/instances/_base/a<*>c<*>f<*>c<*>da<*>b<*>c<*>bb<*>ac<*>e<*>,0.8448,41.76,123
514,Removable base files: /var/lib/nova/instances/_base/a<*>c<*>f<*>c<*>da<*>b<*>c<*>bb<*>ac<*>e<*>,exact,Removable base files: /var/lib/nova/instances/_base/a<*>c<*>f<*>c<*>da<*>b<*>c<*>bb<*>ac<*>e<*>,1.0,Active base files: /var/lib/nova/instances/_base/a<*>c<*>f<*>c<*>da<*>b<*>c<*>bb<*>ac<*>e<*>,0.871,Removing base or swap file: /var/lib/nova/instances/_base/a<*>c<*>f<*>c<*>da<*>b<*>c<*>bb<*>ac<*>e<*>,0.8165,41.38,123
515,Removing base or swap file: /var/lib/nova/instances/_base/a<*>c<*>f<*>c<*>da<*>b<*>c<*>bb<*>ac<*>e<*>,exact,Removing base or swap file: /var/lib/nova/instances/_base/a<*>c<*>f<*>c<*>da<*>b<*>c<*>bb<*>ac<*>e<*>,1.0,Base or swap file too young to remove: /var/lib/nova/instances/_base/a<*>c<*>f<*>c<*>da<*>b<*>c<*>bb<*>ac<*>e<*>,0.969,Unknown base file: /var/lib/nova/instances/_base/a<*>c<*>f<*>c<*>da<*>b<*>c<*>bb<*>ac<*>e<*>,0.8518,41.45,123
516,"<*> ""POST <*>HTTP<*>status: <*> len: <*> time: <*>.<*>",exact,"<*> ""POST <*>HTTP<*>status: HTTP<*> len: <*> time: <*>",1.0,"<*> ""GET <*>HTTP<*>status: HTTP<*> len: <*> time: <*>",0.8917,"<*> ""DELETE <*>HTTP<*>status: HTTP<*> len: <*> time: <*>",0.8163,39.75,123
517,"<*> ""GET <*>HTTP<*>status: <*> len: <*> time: <*>.<*>",exact,"<*> ""GET <*>HTTP<*>status: HTTP<*> len: <*> time: <*>",1.0,"<*> ""POST <*>HTTP<*>status: HTTP<*> len: <*> time: <*>",0.8917,"<*> ""DELETE <*>HTTP<*>status: HTTP<*> len: <*> time: <*>",0.7937,39.2,123
518,"[instance: faf<*>ea-cba<*>-<*>e<*>b-<*>f<*>-<*>a<*>bc<*>f] Attempting claim: memory <*> MB, disk <*> GB, vcpus <*> CPU",partial,"[instance: <*> Attempting claim: memory <*> MB, disk <*> GB, vcpus <*> CPU",0.9489,"[instance: fecdd<*>a<*>-<*>ca<*>-<*>c<*>-<*>-<*>b<*>f<*>e] Attempting claim: memory <*> MB, disk <*> GB, vcpus <*> CPU",0.8815,"[instance: <*>dc<*>-<*>-<*>cc-<*>e-<*>b<*>c<*>dcf] Attempting claim: memory <*> MB, disk <*> GB, vcpus <*> CPU",0.8301,41.9,123
519,"[instance: faf<*>ea-cba<*>-<*>e<*>b-<*>f<*>-<*>a<*>bc<*>f] Total memory: <*> MB, used: <*>.<*> MB",partial,"[instance: <*> Total memory: <*> MB, used: <*> MB",0.93,"[instance: <*>ea<*>-cbf<*>-<*>f<*>e-<*>fe-<*>fd<*>f<*>] <*> MB, <*> MB",0.8802,"[instance: b<*>ef<*>-ba<*>d-<*>ae-bf<*>a-<*>cba<*>a<*>] <*> MB, <*> MB",0.8769,41.91,123
520,"[instance: faf<*>ea-cba<*>-<*>e<*>b-<*>f<*>-<*>a<*>bc<*>f] memory limit: <*>.<*> MB, free: <*>.<*> MB",partial,"[instance: <*> memory limit: <*> MB, free: <*> MB",0.9173,"[instance: <*>ea<*>-cbf<*>-<*>f<*>e-<*>fe-<*>fd<*>f<*>] <*> MB, <*> MB",0.8949,"[instance: b<*>ef<*>-ba<*>d-<*>ae-bf<*>a-<*>cba<*>a<*>] <*> MB, <*> MB",0.8841,42.18,123
521,"[instance: faf<*>ea-cba<*>-<*>e<*>b-<*>f<*>-<*>a<*>bc<*>f] Total disk: <*> GB, used: <*>.<*> GB",partial,"[instance: <*> Total disk: <*> GB, used: <*> GB",0.9405,"[instance: b<*>ef<*>-ba<*>d-<*>ae-bf<*>a-<*>cba<*>a<*>] Total disk: <*> GB, used: <*> GB",0.9148,"[instance: <*>dc<*>-<*>-<*>cc-<*>e-<*>b<*>c<*>dcf] Total disk: <*> GB, used: <*> GB",0.8598,43.36,123
522,"[instance: faf<*>ea-cba<*>-<*>e<*>b-<*>f<*>-<*>a<*>bc<*>f] disk limit not specified, defaulting to unlimited",partial,"[instance: <*>ea<*>-cbf<*>-<*>f<*>e-<*>fe-<*>fd<*>f<*>] disk limit not specified, defaulting to unlimited",0.9273,"[instance: <*> disk limit not specified, defaulting to unlimited",0.9036,"[instance: b<*>ef<*>-ba<*>d-<*>ae-bf<*>a-<*>cba<*>a<*>] disk limit not specified, defaulting to unlimited",0.8748,43.18,123
523,"[instance: faf<*>ea-cba<*>-<*>e<*>b-<*>f<*>-<*>a<*>bc<*>f] Total vcpu: <*> VCPU, used: <*>.<*> VCPU",partial,"[instance: <*> Total vcpu: <*> VCPU, used: <*> VCPU",0.9118,"[instance: b<*>ef<*>-ba<*>d-<*>ae-bf<*>a-<*>cba<*>a<*>] Total vcpu: <*> VCPU, used: <*> VCPU",0.9081,"[instance: fecdd<*> Total vcpu: <*> VCPU, used: <*> VCPU",0.8944,42.51,123
524,"[instance: faf<*>ea-cba<*>-<*>e<*>b-<*>f<*>-<*>a<*>bc<*>f] vcpu limit not specified, defaulting to unlimited",partial,"[instance: <*>ea<*>-cbf<*>-<*>f<*>e-<*>fe-<*>fd<*>f<*>] vcpu limit not specified, defaulting to unlimited",0.927,"[instance: <*> vcpu limit not specified, defaulting to unlimited",0.912,"[instance: b<*>ef<*>-ba<*>d-<*>ae-bf<*>a-<*>cba<*>a<*>] vcpu limit not specified, defaulting to unlimited",0.9016,42.34,123
525,[instance: faf<*>ea-cba<*>-<*>e<*>b-<*>f<*>-<*>a<*>bc<*>f] Claim successful,partial,[instance: b<*>ef<*>-ba<*>d-<*>ae-bf<*>a-<*>cba<*>a<*>] Claim successful,0.8863,[instance: <*>ea<*>-cbf<*>-<*>f<*>e-<*>fe-<*>fd<*>f<*>] Claim successful,0.8833,[instance: <*> Claim successful,0.8802,40.87,123
526,"<*> ""GET <*>HTTP<*>status: <*> len: <*> time: <*>.<*>",exact,"<*> ""GET <*>HTTP<*>status: HTTP<*> len: <*> time: <*>",1.0,"<*> ""POST <*>HTTP<*>status: HTTP<*> len: <*> time: <*>",0.8917,"<*> ""DELETE <*>HTTP<*>status: HTTP<*> len: <*> time: <*>",0.7937,39.72,123
527,"<*> ""GET <*>HTTP<*>status: <*> len: <*> time: <*>.<*>",exact,"<*> ""GET <*>HTTP<*>status: HTTP<*> len: <*> time: <*>",1.0,"<*> ""POST <*>HTTP<*>status: HTTP<*> len: <*> time: <*>",0.8917,"<*> ""DELETE <*>HTTP<*>status: HTTP<*> len: <*> time: <*>",0.7937,39.45,123
528,[instance: faf<*>ea-cba<*>-<*>e<*>b-<*>f<*>-<*>a<*>bc<*>f] Creating image,partial,[instance: <*> Creating image,0.901,[instance: b<*>ef<*>-ba<*>d-<*>ae-bf<*>a-<*>cba<*>a<*>] Creating image,0.8902,[instance: <*>ea<*>-cbf<*>-<*>f<*>e-<*>fe-<*>fd<*>f<*>] Creating image,0.8895,41.12,123
529,"<*> ""GET <*>HTTP<*>status: <*> len: <*> time: <*>.<*>",exact,"<*> ""GET <*>HTTP<*>status: HTTP<*> len: <*> time: <*>",1.0,"<*> ""POST <*>HTTP<*>status: HTTP<*> len: <*> time: <*>",0.8917,"<*> ""DELETE <*>HTTP<*>status: HTTP<*> len: <*> time: <*>",0.7937,39.64,123
530,"<*> ""GET <*>HTTP<*>status: <*> len: <*> time: <*>.<*>",exact,"<*> ""GET <*>HTTP<*>status: HTTP<*> len: <*> time: <*>",1.0,"<*> ""POST <*>HTTP<*>status: HTTP<*> len: <*> time: <*>",0.8917,"<*> ""DELETE <*>HTTP<*>status: HTTP<*> len: <*> time: <*>",0.7937,39.67,123
531,[instance: c<*>f<*>f<*>-<*>c-<*>ea<*>-b<*>e<*>-<*>edfcfbf] VM Stopped (Lifecycle Event),partial,[instance: <*> VM Stopped (Lifecycle Event),0.8974,[instance: <*>ea<*>-cbf<*>-<*>f<*>e-<*>fe-<*>fd<*>f<*>] VM <*> (Lifecycle Event),0.8769,[instance: <*> VM Paused (Lifecycle Event),0.8439,45.09,123
532,"<*> ""GET <*>HTTP<*>status: <*> len: <*> time: <*>.<*>",exact,"<*> ""GET <*>HTTP<*>status: HTTP<*> len: <*> time: <*>",1.0,"<*> ""POST <*>HTTP<*>status: HTTP<*> len: <*> time: <*>",0.8917,"<*> ""DELETE <*>HTTP<*>status: HTTP<*> len: <*> time: <*>",0.7937,39.83,123
533,"<*> ""GET <*>HTTP<*>status: <*> len: <*> time: <*>.<*>",exact,"<*> ""GET <*>HTTP<*>status: HTTP<*> len: <*> time: <*>",1.0,"<*> ""POST <*>HTTP<*>status: HTTP<*> len: <*> time: <*>",0.8917,"<*> ""DELETE <*>HTTP<*>status: HTTP<*> len: <*> time: <*>",0.7937,39.46,123
534,"<*> ""GET <*>HTTP<*>status: <*> len: <*> time: <*>.<*>",exact,"<*> ""GET <*>HTTP<*>status: HTTP<*> len: <*> time: <*>",1.0,"<*> ""POST <*>HTTP<*>status: HTTP<*> len: <*> time: <*>",0.8917,"<*> ""DELETE <*>HTTP<*>status: HTTP<*> len: <*> time: <*>",0.7937,40.72,123
535,"<*> ""GET <*>HTTP<*>status: <*> len: <*> time: <*>.<*>",exact,"<*> ""GET <*>HTTP<*>status: HTTP<*> len: <*> time: <*>",1.0,"<*> ""POST <*>HTTP<*>status: HTTP<*> len: <*> time: <*>",0.8917,"<*> ""DELETE <*>HTTP<*>status: HTTP<*> len: <*> time: <*>",0.7937,41.01,123
536,Auditing locally available compute resources for node cp-<*>.slowvm<*>.tcloud-pg<*>.utah.cloudlab.us,exact,Auditing locally available compute resources for node cp-<*>.slowvm<*>.tcloud-pg<*>.utah.cloudlab.us,1.0,Running instance usage audit for host cp-<*>.slowvm<*>.tcloud-pg<*>.utah.cloudlab.us from <*> to <*> <*>:<*>:<*>. <*> instances.,0.8328,Compute_service record updated for cp-<*>.slowvm<*>.tcloud-pg<*>.utah.cloudlab.us:cp-<*>.slowvm<*>.tcloud-pg<*>.utah.cloudlab.us,0.7067,43.6,123
537,"<*> ""GET <*>HTTP<*>status: <*> len: <*> time: <*>.<*>",exact,"<*> ""GET <*>HTTP<*>status: HTTP<*> len: <*> time: <*>",1.0,"<*> ""POST <*>HTTP<*>status: HTTP<*> len: <*> time: <*>",0.8917,"<*> ""DELETE <*>HTTP<*>status: HTTP<*> len: <*> time: <*>",0.7937,40.06,123
538,"<*> ""GET <*>HTTP<*>status: <*> len: <*> time: <*>.<*>",exact,"<*> ""GET <*>HTTP<*>status: HTTP<*> len: <*> time: <*>",1.0,"<*> ""POST <*>HTTP<*>status: HTTP<*> len: <*> time: <*>",0.8917,"<*> ""DELETE <*>HTTP<*>status: HTTP<*> len: <*> time: <*>",0.7937,39.85,123
539,"Total usable vcpus: <*>, total allocated vcpus: <*>",exact,"Total usable vcpus: <*>, total allocated vcpus: <*>",1.0,"[instance: <*> Total vcpu: <*> VCPU, used: <*> VCPU",0.6013,"[instance: fecdd<*>a<*>-<*>ca<*>-<*>c<*>-<*>-<*>b<*>f<*>e] Attempting claim: memory <*> MB, disk <*> GB, vcpus <*> CPU",0.5987,38.72,123
540,Final resource view: name=cp-<*>.slowvm<*>.tcloud-pg<*>.utah.cloudlab.us phys_ram=<*>MB used_ram=<*>MB phys_disk=<*>GB used_disk=<*>GB total_vcpus=<*> used_vcpus=<*> pci_stats=[],exact,Final resource view: name=cp-<*>.slowvm<*>.tcloud-pg<*>.utah.cloudlab.us phys_ram=<*>MB used_ram=<*>MB phys_disk=<*>GB used_disk=<*>GB total_vcpus=<*> used_vcpus=<*> pci_stats=[],1.0,The instance sync for host 'cp-<*>.slowvm<*>.tcloud-pg<*>.utah.cloudlab.us' did not match. Re-created its InstanceList.,0.7105,Successfully synced instances from host 'cp-<*>.slowvm<*>.tcloud-pg<*>.utah.cloudlab.us'.,0.7023,42.83,123
541,Compute_service record updated for cp-<*>.slowvm<*>.tcloud-pg<*>.utah.cloudlab.us:cp-<*>.slowvm<*>.tcloud-pg<*>.utah.cloudlab.us,exact,Compute_service record updated for cp-<*>.slowvm<*>.tcloud-pg<*>.utah.cloudlab.us:cp-<*>.slowvm<*>.tcloud-pg<*>.utah.cloudlab.us,1.0,The instance sync for host 'cp-<*>.slowvm<*>.tcloud-pg<*>.utah.cloudlab.us' did not match. Re-created its InstanceList.,0.763,Successfully synced instances from host 'cp-<*>.slowvm<*>.tcloud-pg<*>.utah.cloudlab.us'.,0.7234,41.6,123
542,"<*> ""GET <*>HTTP<*>status: <*> len: <*> time: <*>.<*>",exact,"<*> ""GET <*>HTTP<*>status: HTTP<*> len: <*> time: <*>",1.0,"<*> ""POST <*>HTTP<*>status: HTTP<*> len: <*> time: <*>",0.8917,"<*> ""DELETE <*>HTTP<*>status: HTTP<*> len: <*> time: <*>",0.7937,39.51,123
543,"<*> ""GET <*>HTTP<*>status: <*> len: <*> time: <*>.<*>",exact,"<*> ""GET <*>HTTP<*>status: HTTP<*> len: <*> time: <*>",1.0,"<*> ""POST <*>HTTP<*>status: HTTP<*> len: <*> time: <*>",0.8917,"<*> ""DELETE <*>HTTP<*>status: HTTP<*> len: <*> time: <*>",0.7937,39.09,123
544,"<*> ""GET <*>HTTP<*>status: <*> len: <*> time: <*>.<*>",exact,"<*> ""GET <*>HTTP<*>status: HTTP<*> len: <*> time: <*>",1.0,"<*> ""POST <*>HTTP<*>status: HTTP<*> len: <*> time: <*>",0.8917,"<*> ""DELETE <*>HTTP<*>status: HTTP<*> len: <*> time: <*>",0.7937,39.12,123
545,"<*> ""GET <*>HTTP<*>status: <*> len: <*> time: <*>.<*>",exact,"<*> ""GET <*>HTTP<*>status: HTTP<*> len: <*> time: <*>",1.0,"<*> ""POST <*>HTTP<*>status: HTTP<*> len: <*> time: <*>",0.8917,"<*> ""DELETE <*>HTTP<*>status: HTTP<*> len: <*> time: <*>",0.7937,39.81,123
546,"<*> ""GET <*>HTTP<*>status: <*> len: <*> time: <*>.<*>",exact,"<*> ""GET <*>HTTP<*>status: HTTP<*> len: <*> time: <*>",1.0,"<*> ""POST <*>HTTP<*>status: HTTP<*> len: <*> time: <*>",0.8917,"<*> ""DELETE <*>HTTP<*>status: HTTP<*> len: <*> time: <*>",0.7937,41.49,123
547,"<*> ""GET <*>HTTP<*>status: <*> len: <*> time: <*>.<*>",exact,"<*> ""GET <*>HTTP<*>status: HTTP<*> len: <*> time: <*>",1.0,"<*> ""POST <*>HTTP<*>status: HTTP<*> len: <*> time: <*>",0.8917,"<*> ""DELETE <*>HTTP<*>status: HTTP<*> len: <*> time: <*>",0.7937,41.22,123
548,image <*>dd<*>-<*>c<*>-<*>fbb-<*>c<*>-<*>fbe<*>b<*> at (<*>checking,exact,image <*> at (<*>checking,1.0,[instance: fecdd<*>a<*>-<*>ca<*>-<*>c<*>-<*>-<*>b<*>f<*>e] Creating image,0.7025,[instance: <*> Creating image,0.6776,40.78,123
549,"image <*>dd<*>-<*>c<*>-<*>fbb-<*>c<*>-<*>fbe<*>b<*> at (<*>in use: on this node <*> local, <*> on other nodes sharing this instance storage",exact,"image <*> at (<*>in use: on this node node<*> local, local<*> on other nodes sharing this instance storage",1.0,image <*> at (<*>checking,0.6627,[instance: <*>ea<*>-cbf<*>-<*>f<*>e-<*>fe-<*>fd<*>f<*>] Creating image,0.5096,42.46,123
550,Active base files: /var/lib/nova/instances/_base/a<*>c<*>f<*>c<*>da<*>b<*>c<*>bb<*>ac<*>e<*>,exact,Active base files: /var/lib/nova/instances/_base/a<*>c<*>f<*>c<*>da<*>b<*>c<*>bb<*>ac<*>e<*>,1.0,Removable base files: /var/lib/nova/instances/_base/a<*>c<*>f<*>c<*>da<*>b<*>c<*>bb<*>ac<*>e<*>,0.871,Unknown base file: /var/lib/nova/instances/_base/a<*>c<*>f<*>c<*>da<*>b<*>c<*>bb<*>ac<*>e<*>,0.84,40.94,123
551,"<*> ""GET <*>HTTP<*>status: <*> len: <*> time: <*>.<*>",exact,"<*> ""GET <*>HTTP<*>status: HTTP<*> len: <*> time: <*>",1.0,"<*> ""POST <*>HTTP<*>status: HTTP<*> len: <*> time: <*>",0.8917,"<*> ""DELETE <*>HTTP<*>status: HTTP<*> len: <*> time: <*>",0.7937,39.37,123
552,"<*> ""GET <*>HTTP<*>status: <*> len: <*> time: <*>.<*>",exact,"<*> ""GET <*>HTTP<*>status: HTTP<*> len: <*> time: <*>",1.0,"<*> ""POST <*>HTTP<*>status: HTTP<*> len: <*> time: <*>",0.8917,"<*> ""DELETE <*>HTTP<*>status: HTTP<*> len: <*> time: <*>",0.7937,39.91,123
553,"<*> ""GET <*>HTTP<*>status: <*> len: <*> time: <*>.<*>",exact,"<*> ""GET <*>HTTP<*>status: HTTP<*> len: <*> time: <*>",1.0,"<*> ""POST <*>HTTP<*>status: HTTP<*> len: <*> time: <*>",0.8917,"<*> ""DELETE <*>HTTP<*>status: HTTP<*> len: <*> time: <*>",0.7937,39.46,123
554,[instance: faf<*>ea-cba<*>-<*>e<*>b-<*>f<*>-<*>a<*>bc<*>f] VM Started (Lifecycle Event),partial,[instance: <*> VM <*> (Lifecycle Event),0.9147,[instance: b<*>ef<*>-ba<*>d-<*>ae-bf<*>a-<*>cba<*>a<*>] VM <*> (Lifecycle Event),0.877,[instance: <*>ea<*>-cbf<*>-<*>f<*>e-<*>fe-<*>fd<*>f<*>] VM <*> (Lifecycle Event),0.8651,41.79,123
555,[instance: faf<*>ea-cba<*>-<*>e<*>b-<*>f<*>-<*>a<*>bc<*>f] VM Paused (Lifecycle Event),partial,[instance: <*> VM Paused (Lifecycle Event),0.9291,[instance: <*>ea<*>-cbf<*>-<*>f<*>e-<*>fe-<*>fd<*>f<*>] VM <*> (Lifecycle Event),0.8969,[instance: b<*>ef<*>-ba<*>d-<*>ae-bf<*>a-<*>cba<*>a<*>] VM <*> (Lifecycle Event),0.8864,41.07,123
556,"<*> ""GET <*>HTTP<*>status: <*> len: <*> time: <*>.<*>",exact,"<*> ""GET <*>HTTP<*>status: HTTP<*> len: <*> time: <*>",1.0,"<*> ""POST <*>HTTP<*>status: HTTP<*> len: <*> time: <*>",0.8917,"<*> ""DELETE <*>HTTP<*>status: HTTP<*> len: <*> time: <*>",0.7937,39.95,123
557,[instance: faf<*>ea-cba<*>-<*>e<*>b-<*>f<*>-<*>a<*>bc<*>f] During sync_power_state the instance has a pending task (spawning). Skip.,partial,[instance: <*> During sync_power_state the instance has a pending task (spawning). Skip.,0.9511,[instance: <*>ea<*>-cbf<*>-<*>f<*>e-<*>fe-<*>fd<*>f<*>] Instance spawned successfully.,0.5754,"While synchronizing instance power states, found <*> instances in the database and <*> instances on the hypervisor.",0.5736,41.57,123
558,"<*> ""GET <*>HTTP<*>status: <*> len: <*> time: <*>.<*>",exact,"<*> ""GET <*>HTTP<*>status: HTTP<*> len: <*> time: <*>",1.0,"<*> ""POST <*>HTTP<*>status: HTTP<*> len: <*> time: <*>",0.8917,"<*> ""DELETE <*>HTTP<*>status: HTTP<*> len: <*> time: <*>",0.7937,41.55,123
559,"<*> ""GET <*>HTTP<*>status: <*> len: <*> time: <*>.<*>",exact,"<*> ""GET <*>HTTP<*>status: HTTP<*> len: <*> time: <*>",1.0,"<*> ""POST <*>HTTP<*>status: HTTP<*> len: <*> time: <*>",0.8917,"<*> ""DELETE <*>HTTP<*>status: HTTP<*> len: <*> time: <*>",0.7937,41.32,123
560,image <*>dd<*>-<*>c<*>-<*>fbb-<*>c<*>-<*>fbe<*>b<*> at (<*>checking,exact,image <*> at (<*>checking,1.0,[instance: fecdd<*>a<*>-<*>ca<*>-<*>c<*>-<*>-<*>b<*>f<*>e] Creating image,0.7025,[instance: <*> Creating image,0.6776,41.52,123
561,"image <*>dd<*>-<*>c<*>-<*>fbb-<*>c<*>-<*>fbe<*>b<*> at (<*>in use: on this node <*> local, <*> on other nodes sharing this instance storage",exact,"image <*> at (<*>in use: on this node node<*> local, local<*> on other nodes sharing this instance storage",1.0,image <*> at (<*>checking,0.6627,[instance: <*>ea<*>-cbf<*>-<*>f<*>e-<*>fe-<*>fd<*>f<*>] Creating image,0.5096,42.25,123
562,Active base files: /var/lib/nova/instances/_base/a<*>c<*>f<*>c<*>da<*>b<*>c<*>bb<*>ac<*>e<*>,exact,Active base files: /var/lib/nova/instances/_base/a<*>c<*>f<*>c<*>da<*>b<*>c<*>bb<*>ac<*>e<*>,1.0,Removable base files: /var/lib/nova/instances/_base/a<*>c<*>f<*>c<*>da<*>b<*>c<*>bb<*>ac<*>e<*>,0.871,Unknown base file: /var/lib/nova/instances/_base/a<*>c<*>f<*>c<*>da<*>b<*>c<*>bb<*>ac<*>e<*>,0.84,41.21,123
563,"<*> ""GET <*>HTTP<*>status: <*> len: <*> time: <*>.<*>",exact,"<*> ""GET <*>HTTP<*>status: HTTP<*> len: <*> time: <*>",1.0,"<*> ""POST <*>HTTP<*>status: HTTP<*> len: <*> time: <*>",0.8917,"<*> ""DELETE <*>HTTP<*>status: HTTP<*> len: <*> time: <*>",0.7937,39.37,123
564,"<*> ""GET <*>HTTP<*>status: <*> len: <*> time: <*>.<*>",exact,"<*> ""GET <*>HTTP<*>status: HTTP<*> len: <*> time: <*>",1.0,"<*> ""POST <*>HTTP<*>status: HTTP<*> len: <*> time: <*>",0.8917,"<*> ""DELETE <*>HTTP<*>status: HTTP<*> len: <*> time: <*>",0.7937,39.21,123
565,"<*> ""GET <*>HTTP<*>status: <*> len: <*> time: <*>.<*>",exact,"<*> ""GET <*>HTTP<*>status: HTTP<*> len: <*> time: <*>",1.0,"<*> ""POST <*>HTTP<*>status: HTTP<*> len: <*> time: <*>",0.8917,"<*> ""DELETE <*>HTTP<*>status: HTTP<*> len: <*> time: <*>",0.7937,39.3,123
566,"<*> ""GET <*>HTTP<*>status: <*> len: <*> time: <*>.<*>",exact,"<*> ""GET <*>HTTP<*>status: HTTP<*> len: <*> time: <*>",1.0,"<*> ""POST <*>HTTP<*>status: HTTP<*> len: <*> time: <*>",0.8917,"<*> ""DELETE <*>HTTP<*>status: HTTP<*> len: <*> time: <*>",0.7937,38.99,123
567,Creating event network-vif-plugged:<*>f<*>af-aae<*>-<*>b<*>-<*>c<*>-a<*>bc<*>c<*>e<*>bb<*> for instance faf<*>ea-cba<*>-<*>e<*>b-<*>f<*>-<*>a<*>bc<*>f,partial,Creating event network<*> for instance <*>,0.9752,[instance: <*> VM <*> (Lifecycle Event),0.5023,[instance: <*> VM Paused (Lifecycle Event),0.462,43.87,123
568,"<*> ""POST <*>HTTP<*>status: <*> len: <*> time: <*>.<*>",exact,"<*> ""POST <*>HTTP<*>status: HTTP<*> len: <*> time: <*>",1.0,"<*> ""GET <*>HTTP<*>status: HTTP<*> len: <*> time: <*>",0.8917,"<*> ""DELETE <*>HTTP<*>status: HTTP<*> len: <*> time: <*>",0.8163,39.38,123
569,[instance: faf<*>ea-cba<*>-<*>e<*>b-<*>f<*>-<*>a<*>bc<*>f] VM Resumed (Lifecycle Event),partial,[instance: <*> VM Resumed (Lifecycle Event),0.9284,[instance: b<*>ef<*>-ba<*>d-<*>ae-bf<*>a-<*>cba<*>a<*>] VM <*> (Lifecycle Event),0.8888,[instance: <*>ea<*>-cbf<*>-<*>f<*>e-<*>fe-<*>fd<*>f<*>] VM <*> (Lifecycle Event),0.8854,40.65,123
570,[instance: faf<*>ea-cba<*>-<*>e<*>b-<*>f<*>-<*>a<*>bc<*>f] Instance spawned successfully.,partial,[instance: <*>ea<*>-cbf<*>-<*>f<*>e-<*>fe-<*>fd<*>f<*>] Instance spawned successfully.,0.9116,[instance: <*> Instance spawned successfully.,0.8904,[instance: b<*>ef<*>-ba<*>d-<*>ae-bf<*>a-<*>cba<*>a<*>] Instance spawned successfully.,0.8809,42.22,123
571,[instance: faf<*>ea-cba<*>-<*>e<*>b-<*>f<*>-<*>a<*>bc<*>f] Took <*>.<*> seconds to spawn the instance on the hypervisor.,partial,[instance: <*> Took <*> seconds to spawn the instance on the hypervisor.,0.9415,[instance: b<*>ef<*>-ba<*>d-<*>ae-bf<*>a-<*>cba<*>a<*>] Took <*> seconds to <*> the instance on the hypervisor.,0.9003,[instance: <*> Took <*> seconds to destroy the instance on the hypervisor.,0.849,42.47,123
572,[instance: faf<*>ea-cba<*>-<*>e<*>b-<*>f<*>-<*>a<*>bc<*>f] During sync_power_state the instance has a pending task (spawning). Skip.,partial,[instance: <*> During sync_power_state the instance has a pending task (spawning). Skip.,0.9545,[instance: <*>ea<*>-cbf<*>-<*>f<*>e-<*>fe-<*>fd<*>f<*>] Instance spawned successfully.,0.5937,"While synchronizing instance power states, found <*> instances in the database and <*> instances on the hypervisor.",0.5736,42.18,123
573,[instance: faf<*>ea-cba<*>-<*>e<*>b-<*>f<*>-<*>a<*>bc<*>f] VM Resumed (Lifecycle Event),partial,[instance: <*> VM Resumed (Lifecycle Event),0.9343,[instance: b<*>ef<*>-ba<*>d-<*>ae-bf<*>a-<*>cba<*>a<*>] VM <*> (Lifecycle Event),0.8888,[instance: <*>ea<*>-cbf<*>-<*>f<*>e-<*>fe-<*>fd<*>f<*>] VM <*> (Lifecycle Event),0.8854,40.82,123
574,[instance: faf<*>ea-cba<*>-<*>e<*>b-<*>f<*>-<*>a<*>bc<*>f] Took <*>.<*> seconds to build instance.,partial,[instance: <*>ea<*>-cbf<*>-<*>f<*>e-<*>fe-<*>fd<*>f<*>] Took <*> seconds to build instance.,0.9097,[instance: b<*>ef<*>-ba<*>d-<*>ae-bf<*>a-<*>cba<*>a<*>] Took <*> seconds to build instance.,0.8944,[instance: <*> Took <*> seconds to build instance.,0.885,41.05,123
575,"<*> ""GET <*>HTTP<*>status: <*> len: <*> time: <*>.<*>",exact,"<*> ""GET <*>HTTP<*>status: HTTP<*> len: <*> time: <*>",1.0,"<*> ""POST <*>HTTP<*>status: HTTP<*> len: <*> time: <*>",0.8917,"<*> ""DELETE <*>HTTP<*>status: HTTP<*> len: <*> time: <*>",0.7937,39.76,123
576,"<*> ""GET <*>HTTP<*>status: <*> len: <*> time: <*>.<*>",exact,"<*> ""GET <*>HTTP<*>status: HTTP<*> len: <*> time: <*>",1.0,"<*> ""POST <*>HTTP<*>status: HTTP<*> len: <*> time: <*>",0.8917,"<*> ""DELETE <*>HTTP<*>status: HTTP<*> len: <*> time: <*>",0.7937,39.25,123
577,image <*>dd<*>-<*>c<*>-<*>fbb-<*>c<*>-<*>fbe<*>b<*> at (<*>checking,exact,image <*> at (<*>checking,1.0,[instance: fecdd<*>a<*>-<*>ca<*>-<*>c<*>-<*>-<*>b<*>f<*>e] Creating image,0.7025,[instance: <*> Creating image,0.6776,40.89,123
578,"image <*>dd<*>-<*>c<*>-<*>fbb-<*>c<*>-<*>fbe<*>b<*> at (<*>in use: on this node <*> local, <*> on other nodes sharing this instance storage",exact,"image <*> at (<*>in use: on this node node<*> local, local<*> on other nodes sharing this instance storage",1.0,image <*> at (<*>checking,0.6627,[instance: <*>ea<*>-cbf<*>-<*>f<*>e-<*>fe-<*>fd<*>f<*>] Creating image,0.5096,41.73,123
579,Active base files: /var/lib/nova/instances/_base/a<*>c<*>f<*>c<*>da<*>b<*>c<*>bb<*>ac<*>e<*>,exact,Active base files: /var/lib/nova/instances/_base/a<*>c<*>f<*>c<*>da<*>b<*>c<*>bb<*>ac<*>e<*>,1.0,Removable base files: /var/lib/nova/instances/_base/a<*>c<*>f<*>c<*>da<*>b<*>c<*>bb<*>ac<*>e<*>,0.871,Unknown base file: /var/lib/nova/instances/_base/a<*>c<*>f<*>c<*>da<*>b<*>c<*>bb<*>ac<*>e<*>,0.84,41.06,123
580,"<*> ""GET <*>HTTP<*>status: <*> len: <*> time: <*>.<*>",exact,"<*> ""GET <*>HTTP<*>status: HTTP<*> len: <*> time: <*>",1.0,"<*> ""POST <*>HTTP<*>status: HTTP<*> len: <*> time: <*>",0.8917,"<*> ""DELETE <*>HTTP<*>status: HTTP<*> len: <*> time: <*>",0.7937,39.58,123
581,"<*> ""GET <*>HTTP<*>status: <*> len: <*> time: <*>.<*>",exact,"<*> ""GET <*>HTTP<*>status: HTTP<*> len: <*> time: <*>",1.0,"<*> ""POST <*>HTTP<*>status: HTTP<*> len: <*> time: <*>",0.8917,"<*> ""DELETE <*>HTTP<*>status: HTTP<*> len: <*> time: <*>",0.7937,39.51,123
582,image <*>dd<*>-<*>c<*>-<*>fbb-<*>c<*>-<*>fbe<*>b<*> at (<*>checking,exact,image <*> at (<*>checking,1.0,[instance: fecdd<*>a<*>-<*>ca<*>-<*>c<*>-<*>-<*>b<*>f<*>e] Creating image,0.7025,[instance: <*> Creating image,0.6776,41.74,123
583,"image <*>dd<*>-<*>c<*>-<*>fbb-<*>c<*>-<*>fbe<*>b<*> at (<*>in use: on this node <*> local, <*> on other nodes sharing this instance storage",exact,"image <*> at (<*>in use: on this node node<*> local, local<*> on other nodes sharing this instance storage",1.0,image <*> at (<*>checking,0.6627,[instance: <*>ea<*>-cbf<*>-<*>f<*>e-<*>fe-<*>fd<*>f<*>] Creating image,0.5096,43.32,123
584,"<*> ""GET <*>HTTP<*>status: <*> len: <*> time: <*>.<*>",exact,"<*> ""GET <*>HTTP<*>status: HTTP<*> len: <*> time: <*>",1.0,"<*> ""POST <*>HTTP<*>status: HTTP<*> len: <*> time: <*>",0.8917,"<*> ""DELETE <*>HTTP<*>status: HTTP<*> len: <*> time: <*>",0.7937,40.49,123
585,"<*> ""GET <*>HTTP<*>status: <*> len: <*> time: <*>.<*>",exact,"<*> ""GET <*>HTTP<*>status: HTTP<*> len: <*> time: <*>",1.0,"<*> ""POST <*>HTTP<*>status: HTTP<*> len: <*> time: <*>",0.8917,"<*> ""DELETE <*>HTTP<*>status: HTTP<*> len: <*> time: <*>",0.7937,39.2,123
586,Active base files: /var/lib/nova/instances/_base/a<*>c<*>f<*>c<*>da<*>b<*>c<*>bb<*>ac<*>e<*>,exact,Active base files: /var/lib/nova/instances/_base/a<*>c<*>f<*>c<*>da<*>b<*>c<*>bb<*>ac<*>e<*>,1.0,Removable base files: /var/lib/nova/instances/_base/a<*>c<*>f<*>c<*>da<*>b<*>c<*>bb<*>ac<*>e<*>,0.871,Unknown base file: /var/lib/nova/instances/_base/a<*>c<*>f<*>c<*>da<*>b<*>c<*>bb<*>ac<*>e<*>,0.84,41.46,123
587,"<*> ""GET <*>HTTP<*>status: <*> len: <*> time: <*>.<*>",exact,"<*> ""GET <*>HTTP<*>status: HTTP<*> len: <*> time: <*>",1.0,"<*> ""POST <*>HTTP<*>status: HTTP<*> len: <*> time: <*>",0.8917,"<*> ""DELETE <*>HTTP<*>status: HTTP<*> len: <*> time: <*>",0.7937,39.89,123
588,"<*> ""GET <*>HTTP<*>status: <*> len: <*> time: <*>.<*>",exact,"<*> ""GET <*>HTTP<*>status: HTTP<*> len: <*> time: <*>",1.0,"<*> ""POST <*>HTTP<*>status: HTTP<*> len: <*> time: <*>",0.8917,"<*> ""DELETE <*>HTTP<*>status: HTTP<*> len: <*> time: <*>",0.7937,39.19,123
589,"<*> ""GET <*>HTTP<*>status: <*> len: <*> time: <*>.<*>",exact,"<*> ""GET <*>HTTP<*>status: HTTP<*> len: <*> time: <*>",1.0,"<*> ""POST <*>HTTP<*>status: HTTP<*> len: <*> time: <*>",0.8917,"<*> ""DELETE <*>HTTP<*>status: HTTP<*> len: <*> time: <*>",0.7937,39.21,123
590,"<*> ""GET <*>HTTP<*>status: <*> len: <*> time: <*>.<*>",exact,"<*> ""GET <*>HTTP<*>status: HTTP<*> len: <*> time: <*>",1.0,"<*> ""POST <*>HTTP<*>status: HTTP<*> len: <*> time: <*>",0.8917,"<*> ""DELETE <*>HTTP<*>status: HTTP<*> len: <*> time: <*>",0.7937,39.1,123
591,"<*> ""GET <*>HTTP<*>status: <*> len: <*> time: <*>.<*>",exact,"<*> ""GET <*>HTTP<*>status: HTTP<*> len: <*> time: <*>",1.0,"<*> ""POST <*>HTTP<*>status: HTTP<*> len: <*> time: <*>",0.8917,"<*> ""DELETE <*>HTTP<*>status: HTTP<*> len: <*> time: <*>",0.7937,39.2,123
592,"<*> ""GET <*>HTTP<*>status: <*> len: <*> time: <*>.<*>",exact,"<*> ""GET <*>HTTP<*>status: HTTP<*> len: <*> time: <*>",1.0,"<*> ""POST <*>HTTP<*>status: HTTP<*> len: <*> time: <*>",0.8917,"<*> ""DELETE <*>HTTP<*>status: HTTP<*> len: <*> time: <*>",0.7937,39.14,123
593,"<*> ""GET <*>HTTP<*>status: <*> len: <*> time: <*>.<*>",exact,"<*> ""GET <*>HTTP<*>status: HTTP<*> len: <*> time: <*>",1.0,"<*> ""POST <*>HTTP<*>status: HTTP<*> len: <*> time: <*>",0.8917,"<*> ""DELETE <*>HTTP<*>status: HTTP<*> len: <*> time: <*>",0.7937,39.25,123
594,"<*> ""GET <*>HTTP<*>status: <*> len: <*> time: <*>.<*>",exact,"<*> ""GET <*>HTTP<*>status: HTTP<*> len: <*> time: <*>",1.0,"<*> ""POST <*>HTTP<*>status: HTTP<*> len: <*> time: <*>",0.8917,"<*> ""DELETE <*>HTTP<*>status: HTTP<*> len: <*> time: <*>",0.7937,39.06,123
595,"<*> ""GET <*>HTTP<*>status: <*> len: <*> time: <*>.<*>",exact,"<*> ""GET <*>HTTP<*>status: HTTP<*> len: <*> time: <*>",1.0,"<*> ""POST <*>HTTP<*>status: HTTP<*> len: <*> time: <*>",0.8917,"<*> ""DELETE <*>HTTP<*>status: HTTP<*> len: <*> time: <*>",0.7937,39.07,123
596,"<*> ""DELETE <*>HTTP<*>status: <*> len: <*> time: <*>.<*>",exact,"<*> ""DELETE <*>HTTP<*>status: HTTP<*> len: <*> time: <*>",1.0,"<*> ""POST <*>HTTP<*>status: HTTP<*> len: <*> time: <*>",0.8163,"<*> ""GET <*>HTTP<*>status: HTTP<*> len: <*> time: <*>",0.7937,40.93,123
597,[instance: faf<*>ea-cba<*>-<*>e<*>b-<*>f<*>-<*>a<*>bc<*>f] Terminating instance,partial,[instance: <*>ea<*>-cbf<*>-<*>f<*>e-<*>fe-<*>fd<*>f<*>] Terminating instance,0.9032,[instance: <*> Terminating instance,0.8822,[instance: b<*>ef<*>-ba<*>d-<*>ae-bf<*>a-<*>cba<*>a<*>] Terminating instance,0.8764,43.02,123
598,"<*> ""GET <*>HTTP<*>status: <*> len: <*> time: <*>.<*>",exact,"<*> ""GET <*>HTTP<*>status: HTTP<*> len: <*> time: <*>",1.0,"<*> ""POST <*>HTTP<*>status: HTTP<*> len: <*> time: <*>",0.8917,"<*> ""DELETE <*>HTTP<*>status: HTTP<*> len: <*> time: <*>",0.7937,40.09,123
599,[instance: faf<*>ea-cba<*>-<*>e<*>b-<*>f<*>-<*>a<*>bc<*>f] Instance destroyed successfully.,partial,[instance: <*>ea<*>-cbf<*>-<*>f<*>e-<*>fe-<*>fd<*>f<*>] Instance destroyed successfully.,0.9044,[instance: <*> Instance destroyed successfully.,0.8927,[instance: b<*>ef<*>-ba<*>d-<*>ae-bf<*>a-<*>cba<*>a<*>] Instance destroyed successfully.,0.8892,41.04,123
600,"<*> ""GET <*>HTTP<*>status: <*> len: <*> time: <*>.<*>",exact,"<*> ""GET <*>HTTP<*>status: HTTP<*> len: <*> time: <*>",1.0,"<*> ""POST <*>HTTP<*>status: HTTP<*> len: <*> time: <*>",0.8917,"<*> ""DELETE <*>HTTP<*>status: HTTP<*> len: <*> time: <*>",0.7937,39.3,123
