log_id,normalised,match_type,top1_template,top1_score,top2_template,top2_score,top3_template,top3_score,latency_ms,store_size
1,pam_unix(sshd:auth): authentication failure; logname= uid=0 euid=0 tty=ssh ruser= rhost=<*> user=root,partial,<*> rhost=<*> user=root,0.9723,Failed password for <*> for<*> <*> from<*> ssh2 port <*> ssh2],0.5974,pam_unix(sshd:session): session <*> for user fztu by (uid=0),0.5932,22.01,15
2,Failed password for root from <*> port 52316 ssh2,partial,Failed password for <*> for<*> <*> from<*> ssh2 port <*> ssh2],0.9376,<*> rhost=<*> user=root,0.5274,Invalid user cyrus from <*>,0.3083,15.8,15
3,Received disconnect from <*>: 11: Bye Bye [preauth],partial,<*> failures<*> <*> methods<*> available. [preauth],0.8981,Received disconnect from <*>: 11: disconnected by user,0.7321,input_userauth_request: invalid user <*> [preauth],0.5328,14.9,15
4,pam_unix(sshd:auth): authentication failure; logname= uid=0 euid=0 tty=ssh ruser= rhost=<*> user=root,partial,<*> rhost=<*> user=root,0.9754,Failed password for <*> for<*> <*> from<*> ssh2 port <*> ssh2],0.5974,pam_unix(sshd:session): session <*> for user fztu by (uid=0),0.5932,15.46,15
5,Failed password for root from <*> port 52590 ssh2,partial,Failed password for <*> for<*> <*> from<*> ssh2 port <*> ssh2],0.9138,<*> rhost=<*> user=root,0.5232,Invalid user <*> from <*>,0.336,14.13,15
6,Received disconnect from <*>: 11: Bye Bye [preauth],partial,<*> failures<*> <*> methods<*> available. [preauth],0.9187,Received disconnect from <*>: 11: disconnected by user,0.7321,input_userauth_request: invalid user <*> [preauth],0.5328,13.82,15
7,pam_unix(sshd:auth): authentication failure; logname= uid=0 euid=0 tty=ssh ruser= rhost=<*> user=root,partial,<*> rhost=<*> user=root,0.978,Failed password for <*> for<*> <*> from<*> ssh2 port <*> ssh2],0.5974,pam_unix(sshd:session): session <*> for user fztu by (uid=0),0.5932,15.0,15
8,Failed password for root from <*> port 53021 ssh2,partial,Failed password for <*> for<*> <*> from<*> ssh2 port <*> ssh2],0.9305,<*> rhost=<*> user=root,0.5201,Invalid user cyrus from <*>,0.3289,13.6,15
9,Received disconnect from <*>: 11: Bye Bye [preauth],partial,<*> failures<*> <*> methods<*> available. [preauth],0.9337,Received disconnect from <*>: 11: disconnected by user,0.7321,input_userauth_request: invalid user <*> [preauth],0.5328,13.78,15
10,pam_unix(sshd:auth): authentication failure; logname= uid=0 euid=0 tty=ssh ruser= rhost=<*> user=root,partial,<*> rhost=<*> user=root,0.9803,Failed password for <*> for<*> <*> from<*> ssh2 port <*> ssh2],0.5973,pam_unix(sshd:session): session <*> for user fztu by (uid=0),0.5932,15.08,15
11,Failed password for root from <*> port 53440 ssh2,partial,Failed password for <*> for<*> <*> from<*> ssh2 port <*> ssh2],0.9081,<*> rhost=<*> user=root,0.4669,Invalid user cyrus from <*>,0.3139,13.88,15
12,Received disconnect from <*>: 11: Bye Bye [preauth],partial,<*> failures<*> <*> methods<*> available. [preauth],0.9449,Received disconnect from <*>: 11: disconnected by user,0.7321,input_userauth_request: invalid user <*> [preauth],0.5328,13.92,15
13,pam_unix(sshd:auth): authentication failure; logname= uid=0 euid=0 tty=ssh ruser= rhost=<*> user=root,partial,<*> rhost=<*> user=root,0.9822,Failed password for <*> for<*> <*> from<*> ssh2 port <*> ssh2],0.5972,pam_unix(sshd:session): session <*> for user fztu by (uid=0),0.5932,15.35,15
14,Failed password for root from <*> port 53891 ssh2,partial,Failed password for <*> for<*> <*> from<*> ssh2 port <*> ssh2],0.9151,<*> rhost=<*> user=root,0.498,Invalid user cyrus from <*>,0.3093,14.85,15
15,Received disconnect from <*>: 11: Bye Bye [preauth],partial,<*> failures<*> <*> methods<*> available. [preauth],0.9535,Received disconnect from <*>: 11: disconnected by user,0.7321,input_userauth_request: invalid user <*> [preauth],0.5328,14.06,15
16,pam_unix(sshd:auth): authentication failure; logname= uid=0 euid=0 tty=ssh ruser= rhost=<*> user=root,partial,<*> rhost=<*> user=root,0.9838,Failed password for <*> for<*> <*> from<*> ssh2 port <*> ssh2],0.5971,pam_unix(sshd:session): session <*> for user fztu by (uid=0),0.5932,15.47,15
17,Failed password for root from <*> port 54339 ssh2,partial,Failed password for <*> for<*> <*> from<*> ssh2 port <*> ssh2],0.9294,<*> rhost=<*> user=root,0.5123,Invalid user cyrus from <*>,0.338,13.67,15
18,Received disconnect from <*>: 11: Bye Bye [preauth],partial,<*> failures<*> <*> methods<*> available. [preauth],0.9603,Received disconnect from <*>: 11: disconnected by user,0.7321,input_userauth_request: invalid user <*> [preauth],0.5328,13.89,15
19,pam_unix(sshd:auth): authentication failure; logname= uid=0 euid=0 tty=ssh ruser= rhost=<*> user=root,partial,<*> rhost=<*> user=root,0.9852,Failed password for <*> for<*> <*> from<*> ssh2 port <*> ssh2],0.597,pam_unix(sshd:session): session <*> for user fztu by (uid=0),0.5932,15.46,15
20,Failed password for root from <*> port 54699 ssh2,partial,Failed password for <*> for<*> <*> from<*> ssh2 port <*> ssh2],0.9199,<*> rhost=<*> user=root,0.5161,Invalid user cyrus from <*>,0.3425,13.37,15
21,Received disconnect from <*>: 11: Bye Bye [preauth],partial,<*> failures<*> <*> methods<*> available. [preauth],0.9657,Received disconnect from <*>: 11: disconnected by user,0.7321,input_userauth_request: invalid user <*> [preauth],0.5328,13.85,15
22,pam_unix(sshd:auth): authentication failure; logname= uid=0 euid=0 tty=ssh ruser= rhost=<*> user=root,partial,<*> rhost=<*> user=root,0.9865,Failed password for <*> for<*> <*> from<*> ssh2 port <*> ssh2],0.5969,pam_unix(sshd:session): session <*> for user fztu by (uid=0),0.5932,15.43,15
23,Failed password for root from <*> port 55069 ssh2,partial,Failed password for <*> for<*> <*> from<*> ssh2 port <*> ssh2],0.9006,<*> rhost=<*> user=root,0.5311,Invalid user cyrus from <*>,0.3337,13.72,15
24,Received disconnect from <*>: 11: Bye Bye [preauth],partial,<*> failures<*> <*> methods<*> available. [preauth],0.97,Received disconnect from <*>: 11: disconnected by user,0.7321,input_userauth_request: invalid user <*> [preauth],0.5328,13.74,15
25,pam_unix(sshd:auth): authentication failure; logname= uid=0 euid=0 tty=ssh ruser= rhost=<*> user=root,partial,<*> rhost=<*> user=root,0.9876,Failed password for <*> for<*> <*> from<*> ssh2 port <*> ssh2],0.597,pam_unix(sshd:session): session <*> for user fztu by (uid=0),0.5932,15.45,15
26,Failed password for root from <*> port 55577 ssh2,partial,Failed password for <*> for<*> <*> from<*> ssh2 port <*> ssh2],0.8806,<*> rhost=<*> user=root,0.5131,Invalid user cyrus from <*>,0.3028,13.72,15
27,Received disconnect from <*>: 11: Bye Bye [preauth],partial,<*> failures<*> <*> methods<*> available. [preauth],0.9736,Received disconnect from <*>: 11: disconnected by user,0.7321,input_userauth_request: invalid user <*> [preauth],0.5328,13.88,15
28,pam_unix(sshd:auth): authentication failure; logname= uid=0 euid=0 tty=ssh ruser= rhost=<*> user=root,partial,<*> rhost=<*> user=root,0.9886,Failed password for <*> for<*> <*> from<*> ssh2 port <*> ssh2],0.597,pam_unix(sshd:session): session <*> for user fztu by (uid=0),0.5932,15.21,15
29,Failed password for root from <*> port 55956 ssh2,partial,Failed password for <*> for<*> <*> from<*> ssh2 port <*> ssh2],0.9468,<*> rhost=<*> user=root,0.5264,Invalid user cyrus from <*>,0.3212,13.28,15
30,Received disconnect from <*>: 11: Bye Bye [preauth],partial,<*> failures<*> <*> methods<*> available. [preauth],0.9766,Received disconnect from <*>: 11: disconnected by user,0.7321,input_userauth_request: invalid user <*> [preauth],0.5328,13.28,15
31,pam_unix(sshd:auth): authentication failure; logname= uid=0 euid=0 tty=ssh ruser= rhost=<*> user=root,partial,<*> rhost=<*> user=root,0.9894,Failed password for <*> for<*> <*> from<*> ssh2 port <*> ssh2],0.5969,pam_unix(sshd:session): session <*> for user fztu by (uid=0),0.5932,14.66,15
32,Failed password for root from <*> port 56319 ssh2,partial,Failed password for <*> for<*> <*> from<*> ssh2 port <*> ssh2],0.9481,<*> rhost=<*> user=root,0.5302,Invalid user cyrus from <*>,0.3268,13.58,15
33,Received disconnect from <*>: 11: Bye Bye [preauth],partial,<*> failures<*> <*> methods<*> available. [preauth],0.9791,Received disconnect from <*>: 11: disconnected by user,0.7321,input_userauth_request: invalid user <*> [preauth],0.5328,13.92,15
34,pam_unix(sshd:auth): authentication failure; logname= uid=0 euid=0 tty=ssh ruser= rhost=<*> user=root,exact,<*> rhost=<*> user=root,0.9902,Failed password for <*> for<*> <*> from<*> ssh2 port <*> ssh2],0.5968,pam_unix(sshd:session): session <*> for user fztu by (uid=0),0.5932,15.38,15
35,Failed password for root from <*> port 56847 ssh2,partial,Failed password for <*> for<*> <*> from<*> ssh2 port <*> ssh2],0.9422,<*> rhost=<*> user=root,0.5044,Invalid user cyrus from <*>,0.3281,13.88,15
36,Received disconnect from <*>: 11: Bye Bye [preauth],partial,<*> failures<*> <*> methods<*> available. [preauth],0.9812,Received disconnect from <*>: 11: disconnected by user,0.7321,input_userauth_request: invalid user <*> [preauth],0.5328,13.86,15
37,pam_unix(sshd:auth): authentication failure; logname= uid=0 euid=0 tty=ssh ruser= rhost=<*> user=root,exact,<*> rhost=<*> user=root,0.9909,Failed password for <*> for<*> <*> from<*> ssh2 port <*> ssh2],0.5967,pam_unix(sshd:session): session <*> for user fztu by (uid=0),0.5932,14.65,15
38,Failed password for root from <*> port 57092 ssh2,partial,Failed password for <*> for<*> <*> from<*> ssh2 port <*> ssh2],0.9242,<*> rhost=<*> user=root,0.5382,Invalid user <*> from <*>,0.3147,13.2,15
39,Received disconnect from <*>: 11: Bye Bye [preauth],partial,<*> failures<*> <*> methods<*> available. [preauth],0.983,Received disconnect from <*>: 11: disconnected by user,0.7321,input_userauth_request: invalid user <*> [preauth],0.5328,13.34,15
40,pam_unix(sshd:auth): authentication failure; logname= uid=0 euid=0 tty=ssh ruser= rhost=<*> user=root,exact,<*> rhost=<*> user=root,0.9915,Failed password for <*> for<*> <*> from<*> ssh2 port <*> ssh2],0.5966,pam_unix(sshd:session): session <*> for user fztu by (uid=0),0.5932,15.29,15
41,Failed password for root from <*> port 57485 ssh2,partial,Failed password for <*> for<*> <*> from<*> ssh2 port <*> ssh2],0.9394,<*> rhost=<*> user=root,0.5116,Invalid user cyrus from <*>,0.3338,13.77,15
42,Received disconnect from <*>: 11: Bye Bye [preauth],partial,<*> failures<*> <*> methods<*> available. [preauth],0.9846,Received disconnect from <*>: 11: disconnected by user,0.7321,input_userauth_request: invalid user <*> [preauth],0.5328,13.95,15
43,pam_unix(sshd:auth): authentication failure; logname= uid=0 euid=0 tty=ssh ruser= rhost=<*> user=root,exact,<*> rhost=<*> user=root,0.992,Failed password for <*> for<*> <*> from<*> ssh2 port <*> ssh2],0.5965,pam_unix(sshd:session): session <*> for user fztu by (uid=0),0.5932,15.59,15
44,Failed password for root from <*> port 57998 ssh2,partial,Failed password for <*> for<*> <*> from<*> ssh2 port <*> ssh2],0.9496,<*> rhost=<*> user=root,0.5375,Invalid user cyrus from <*>,0.343,13.68,15
45,Received disconnect from <*>: 11: Bye Bye [preauth],partial,<*> failures<*> <*> methods<*> available. [preauth],0.986,Received disconnect from <*>: 11: disconnected by user,0.7321,input_userauth_request: invalid user <*> [preauth],0.5328,13.92,15
46,pam_unix(sshd:auth): authentication failure; logname= uid=0 euid=0 tty=ssh ruser= rhost=<*> user=root,exact,<*> rhost=<*> user=root,0.9925,Failed password for <*> for<*> <*> from<*> ssh2 port <*> ssh2],0.5965,pam_unix(sshd:session): session <*> for user fztu by (uid=0),0.5932,15.32,15
47,Failed password for root from <*> port 58430 ssh2,partial,Failed password for <*> for<*> <*> from<*> ssh2 port <*> ssh2],0.9262,<*> rhost=<*> user=root,0.5223,Invalid user cyrus from <*>,0.2901,14.05,15
48,Received disconnect from <*>: 11: Bye Bye [preauth],partial,<*> failures<*> <*> methods<*> available. [preauth],0.9871,Received disconnect from <*>: 11: disconnected by user,0.7321,input_userauth_request: invalid user <*> [preauth],0.5328,14.97,15
49,pam_unix(sshd:auth): authentication failure; logname= uid=0 euid=0 tty=ssh ruser= rhost=<*> user=root,exact,<*> rhost=<*> user=root,0.993,Failed password for <*> for<*> <*> from<*> ssh2 port <*> ssh2],0.5964,pam_unix(sshd:session): session <*> for user fztu by (uid=0),0.5932,15.91,15
50,Failed password for root from <*> port 58882 ssh2,partial,Failed password for <*> for<*> <*> from<*> ssh2 port <*> ssh2],0.906,<*> rhost=<*> user=root,0.4966,Invalid user cyrus from <*>,0.2967,14.78,15
51,Received disconnect from <*>: 11: Bye Bye [preauth],partial,<*> failures<*> <*> methods<*> available. [preauth],0.9882,Received disconnect from <*>: 11: disconnected by user,0.7321,input_userauth_request: invalid user <*> [preauth],0.5328,15.22,15
52,pam_unix(sshd:auth): authentication failure; logname= uid=0 euid=0 tty=ssh ruser= rhost=<*> user=root,exact,<*> rhost=<*> user=root,0.9934,Failed password for <*> for<*> <*> from<*> ssh2 port <*> ssh2],0.5963,pam_unix(sshd:session): session <*> for user fztu by (uid=0),0.5932,16.07,15
53,Failed password for root from <*> port 59160 ssh2,partial,Failed password for <*> for<*> <*> from<*> ssh2 port <*> ssh2],0.9313,<*> rhost=<*> user=root,0.5416,Invalid user cyrus from <*>,0.3319,14.36,15
54,Received disconnect from <*>: 11: Bye Bye [preauth],partial,<*> failures<*> <*> methods<*> available. [preauth],0.9891,Received disconnect from <*>: 11: disconnected by user,0.7321,input_userauth_request: invalid user <*> [preauth],0.5328,14.66,15
55,pam_unix(sshd:auth): authentication failure; logname= uid=0 euid=0 tty=ssh ruser= rhost=<*> user=root,exact,<*> rhost=<*> user=root,0.9938,Failed password for <*> for<*> <*> from<*> ssh2 port <*> ssh2],0.5963,pam_unix(sshd:session): session <*> for user fztu by (uid=0),0.5932,16.46,15
56,Failed password for root from <*> port 59470 ssh2,partial,Failed password for <*> for<*> <*> from<*> ssh2 port <*> ssh2],0.9465,<*> rhost=<*> user=root,0.5234,Invalid user cyrus from <*>,0.3233,13.95,15
57,Received disconnect from <*>: 11: Bye Bye [preauth],partial,<*> failures<*> <*> methods<*> available. [preauth],0.9899,Received disconnect from <*>: 11: disconnected by user,0.7321,input_userauth_request: invalid user <*> [preauth],0.5328,13.56,15
58,pam_unix(sshd:auth): authentication failure; logname= uid=0 euid=0 tty=ssh ruser= rhost=<*> user=root,exact,<*> rhost=<*> user=root,0.9941,Failed password for <*> for<*> <*> from<*> ssh2 port <*> ssh2],0.5962,pam_unix(sshd:session): session <*> for user fztu by (uid=0),0.5932,14.66,15
59,Failed password for root from <*> port 59905 ssh2,partial,Failed password for <*> for<*> <*> from<*> ssh2 port <*> ssh2],0.9301,<*> rhost=<*> user=root,0.5186,Invalid user cyrus from <*>,0.3246,13.72,15
60,Received disconnect from <*>: 11: Bye Bye [preauth],exact,<*> failures<*> <*> methods<*> available. [preauth],0.9907,Received disconnect from <*>: 11: disconnected by user,0.7321,input_userauth_request: invalid user <*> [preauth],0.5328,14.0,15
61,pam_unix(sshd:auth): authentication failure; logname= uid=0 euid=0 tty=ssh ruser= rhost=<*> user=root,exact,<*> rhost=<*> user=root,0.9945,Failed password for <*> for<*> <*> from<*> ssh2 port <*> ssh2],0.5961,pam_unix(sshd:session): session <*> for user fztu by (uid=0),0.5932,15.65,15
62,Failed password for root from <*> port 60413 ssh2,partial,Failed password for <*> for<*> <*> from<*> ssh2 port <*> ssh2],0.9299,<*> rhost=<*> user=root,0.5458,Invalid user cyrus from <*>,0.3431,13.8,15
63,Received disconnect from <*>: 11: Bye Bye [preauth],exact,<*> failures<*> <*> methods<*> available. [preauth],0.9913,Received disconnect from <*>: 11: disconnected by user,0.7321,input_userauth_request: invalid user <*> [preauth],0.5328,14.16,15
64,pam_unix(sshd:auth): authentication failure; logname= uid=0 euid=0 tty=ssh ruser= rhost=<*> user=root,exact,<*> rhost=<*> user=root,0.9948,Failed password for <*> for<*> <*> from<*> ssh2 port <*> ssh2],0.5961,pam_unix(sshd:session): session <*> for user fztu by (uid=0),0.5932,15.64,15
65,Failed password for root from <*> port 60834 ssh2,partial,Failed password for <*> for<*> <*> from<*> ssh2 port <*> ssh2],0.9317,<*> rhost=<*> user=root,0.5405,Invalid user cyrus from <*>,0.3357,13.79,15
66,Received disconnect from <*>: 11: Bye Bye [preauth],exact,<*> failures<*> <*> methods<*> available. [preauth],0.9919,Received disconnect from <*>: 11: disconnected by user,0.7321,input_userauth_request: invalid user <*> [preauth],0.5328,14.26,15
67,pam_unix(sshd:auth): authentication failure; logname= uid=0 euid=0 tty=ssh ruser= rhost=<*> user=root,exact,<*> rhost=<*> user=root,0.995,Failed password for <*> for<*> <*> from<*> ssh2 port <*> ssh2],0.5961,pam_unix(sshd:session): session <*> for user fztu by (uid=0),0.5932,15.45,15
68,Failed password for root from <*> port 32995 ssh2,partial,Failed password for <*> for<*> <*> from<*> ssh2 port <*> ssh2],0.9215,<*> rhost=<*> user=root,0.5579,Invalid user <*> from <*>,0.3322,13.81,15
69,Received disconnect from <*>: 11: Bye Bye [preauth],exact,<*> failures<*> <*> methods<*> available. [preauth],0.9924,Received disconnect from <*>: 11: disconnected by user,0.7321,input_userauth_request: invalid user <*> [preauth],0.5328,13.93,15
70,pam_unix(sshd:auth): authentication failure; logname= uid=0 euid=0 tty=ssh ruser= rhost=<*> user=root,exact,<*> rhost=<*> user=root,0.9953,Failed password for <*> for<*> <*> from<*> ssh2 port <*> ssh2],0.5961,pam_unix(sshd:session): session <*> for user fztu by (uid=0),0.5932,14.74,15
71,Failed password for root from <*> port 33258 ssh2,partial,Failed password for <*> for<*> <*> from<*> ssh2 port <*> ssh2],0.9498,<*> rhost=<*> user=root,0.5759,Invalid user <*> from <*>,0.3402,13.21,15
72,Received disconnect from <*>: 11: Bye Bye [preauth],exact,<*> failures<*> <*> methods<*> available. [preauth],0.9929,Received disconnect from <*>: 11: disconnected by user,0.7321,input_userauth_request: invalid user <*> [preauth],0.5328,13.49,15
73,pam_unix(sshd:auth): authentication failure; logname= uid=0 euid=0 tty=ssh ruser= rhost=<*> user=root,exact,<*> rhost=<*> user=root,0.9955,Failed password for <*> for<*> <*> from<*> ssh2 port <*> ssh2],0.5961,pam_unix(sshd:session): session <*> for user fztu by (uid=0),0.5932,14.13,15
74,Failed password for root from <*> port 33635 ssh2,partial,Failed password for <*> for<*> <*> from<*> ssh2 port <*> ssh2],0.9012,<*> rhost=<*> user=root,0.5627,Invalid user cyrus from <*>,0.3418,45.86,15
75,Received disconnect from <*>: 11: Bye Bye [preauth],exact,<*> failures<*> <*> methods<*> available. [preauth],0.9933,Received disconnect from <*>: 11: disconnected by user,0.7321,input_userauth_request: invalid user <*> [preauth],0.5328,30.05,15
76,pam_unix(sshd:auth): authentication failure; logname= uid=0 euid=0 tty=ssh ruser= rhost=<*> user=root,exact,<*> rhost=<*> user=root,0.9957,Failed password for <*> for<*> <*> from<*> ssh2 port <*> ssh2],0.5962,pam_unix(sshd:session): session <*> for user fztu by (uid=0),0.5932,23.27,15
77,Failed password for root from <*> port 34091 ssh2,partial,Failed password for <*> for<*> <*> from<*> ssh2 port <*> ssh2],0.9087,<*> rhost=<*> user=root,0.5555,Invalid user cyrus from <*>,0.3176,15.94,15
78,Received disconnect from <*>: 11: Bye Bye [preauth],exact,<*> failures<*> <*> methods<*> available. [preauth],0.9937,Received disconnect from <*>: 11: disconnected by user,0.7321,input_userauth_request: invalid user <*> [preauth],0.5328,15.58,15
79,pam_unix(sshd:auth): authentication failure; logname= uid=0 euid=0 tty=ssh ruser= rhost=<*> user=root,exact,<*> rhost=<*> user=root,0.9959,Failed password for <*> for<*> <*> from<*> ssh2 port <*> ssh2],0.5963,pam_unix(sshd:session): session <*> for user fztu by (uid=0),0.5932,17.04,15
80,Failed password for root from <*> port 34545 ssh2,partial,Failed password for <*> for<*> <*> from<*> ssh2 port <*> ssh2],0.9084,<*> rhost=<*> user=root,0.5534,Invalid user cyrus from <*>,0.314,15.2,15
81,Received disconnect from <*>: 11: Bye Bye [preauth],exact,<*> failures<*> <*> methods<*> available. [preauth],0.9941,Received disconnect from <*>: 11: disconnected by user,0.7321,input_userauth_request: invalid user <*> [preauth],0.5328,15.48,15
82,pam_unix(sshd:auth): authentication failure; logname= uid=0 euid=0 tty=ssh ruser= rhost=<*> user=root,exact,<*> rhost=<*> user=root,0.9961,Failed password for <*> for<*> <*> from<*> ssh2 port <*> ssh2],0.5963,pam_unix(sshd:session): session <*> for user fztu by (uid=0),0.5932,16.78,15
83,Failed password for root from <*> port 34849 ssh2,partial,Failed password for <*> for<*> <*> from<*> ssh2 port <*> ssh2],0.9462,<*> rhost=<*> user=root,0.5605,Invalid user cyrus from <*>,0.3082,15.44,15
84,Received disconnect from <*>: 11: Bye Bye [preauth],exact,<*> failures<*> <*> methods<*> available. [preauth],0.9944,Received disconnect from <*>: 11: disconnected by user,0.7321,input_userauth_request: invalid user <*> [preauth],0.5328,15.44,15
85,pam_unix(sshd:auth): authentication failure; logname= uid=0 euid=0 tty=ssh ruser= rhost=<*> user=root,exact,<*> rhost=<*> user=root,0.9963,Failed password for <*> for<*> <*> from<*> ssh2 port <*> ssh2],0.5963,pam_unix(sshd:session): session <*> for user fztu by (uid=0),0.5932,16.85,15
86,Failed password for root from <*> port 35260 ssh2,partial,Failed password for <*> for<*> <*> from<*> ssh2 port <*> ssh2],0.9307,<*> rhost=<*> user=root,0.5497,Invalid user cyrus from <*>,0.3199,15.57,15
87,Received disconnect from <*>: 11: Bye Bye [preauth],exact,<*> failures<*> <*> methods<*> available. [preauth],0.9947,Received disconnect from <*>: 11: disconnected by user,0.7321,input_userauth_request: invalid user <*> [preauth],0.5328,15.3,15
88,pam_unix(sshd:auth): authentication failure; logname= uid=0 euid=0 tty=ssh ruser= rhost=<*> user=root,exact,<*> rhost=<*> user=root,0.9965,Failed password for <*> for<*> <*> from<*> ssh2 port <*> ssh2],0.5963,pam_unix(sshd:session): session <*> for user fztu by (uid=0),0.5932,17.05,15
89,Failed password for root from <*> port 35525 ssh2,partial,Failed password for <*> for<*> <*> from<*> ssh2 port <*> ssh2],0.8982,<*> rhost=<*> user=root,0.5338,Invalid user cyrus from <*>,0.3353,15.55,15
90,Received disconnect from <*>: 11: Bye Bye [preauth],exact,<*> failures<*> <*> methods<*> available. [preauth],0.995,Received disconnect from <*>: 11: disconnected by user,0.7321,input_userauth_request: invalid user <*> [preauth],0.5328,16.19,15
91,pam_unix(sshd:auth): authentication failure; logname= uid=0 euid=0 tty=ssh ruser= rhost=<*> user=root,exact,<*> rhost=<*> user=root,0.9966,Failed password for <*> for<*> <*> from<*> ssh2 port <*> ssh2],0.5963,pam_unix(sshd:session): session <*> for user fztu by (uid=0),0.5932,12.8,15
92,Failed password for root from <*> port 35893 ssh2,partial,Failed password for <*> for<*> <*> from<*> ssh2 port <*> ssh2],0.942,<*> rhost=<*> user=root,0.5632,Invalid user cyrus from <*>,0.3269,10.15,15
93,Received disconnect from <*>: 11: Bye Bye [preauth],exact,<*> failures<*> <*> methods<*> available. [preauth],0.9953,Received disconnect from <*>: 11: disconnected by user,0.7321,input_userauth_request: invalid user <*> [preauth],0.5328,9.83,15
94,pam_unix(sshd:auth): authentication failure; logname= uid=0 euid=0 tty=ssh ruser= rhost=<*> user=root,exact,<*> rhost=<*> user=root,0.9967,Failed password for <*> for<*> <*> from<*> ssh2 port <*> ssh2],0.5964,pam_unix(sshd:session): session <*> for user fztu by (uid=0),0.5932,10.86,15
95,Failed password for root from <*> port 36335 ssh2,partial,Failed password for <*> for<*> <*> from<*> ssh2 port <*> ssh2],0.9393,<*> rhost=<*> user=root,0.5442,Invalid user cyrus from <*>,0.3377,9.7,15
96,Received disconnect from <*>: 11: Bye Bye [preauth],exact,<*> failures<*> <*> methods<*> available. [preauth],0.9955,Received disconnect from <*>: 11: disconnected by user,0.7321,input_userauth_request: invalid user <*> [preauth],0.5328,9.67,15
97,pam_unix(sshd:auth): authentication failure; logname= uid=0 euid=0 tty=ssh ruser= rhost=<*> user=root,exact,<*> rhost=<*> user=root,0.9969,Failed password for <*> for<*> <*> from<*> ssh2 port <*> ssh2],0.5963,pam_unix(sshd:session): session <*> for user fztu by (uid=0),0.5932,11.02,15
98,Failed password for root from <*> port 36747 ssh2,partial,Failed password for <*> for<*> <*> from<*> ssh2 port <*> ssh2],0.9503,<*> rhost=<*> user=root,0.5498,Invalid user cyrus from <*>,0.3422,9.73,15
99,Received disconnect from <*>: 11: Bye Bye [preauth],exact,<*> failures<*> <*> methods<*> available. [preauth],0.9957,Received disconnect from <*>: 11: disconnected by user,0.7321,input_userauth_request: invalid user <*> [preauth],0.5328,9.63,15
100,pam_unix(sshd:auth): authentication failure; logname= uid=0 euid=0 tty=ssh ruser= rhost=<*> user=root,exact,<*> rhost=<*> user=root,0.997,Failed password for <*> for<*> <*> from<*> ssh2 port <*> ssh2],0.5963,pam_unix(sshd:session): session <*> for user fztu by (uid=0),0.5932,10.83,15
101,Failed password for root from <*> port 37033 ssh2,partial,Failed password for <*> for<*> <*> from<*> ssh2 port <*> ssh2],0.9176,<*> rhost=<*> user=root,0.5429,Invalid user cyrus from <*>,0.3498,9.5,15
102,Received disconnect from <*>: 11: Bye Bye [preauth],exact,<*> failures<*> <*> methods<*> available. [preauth],0.9959,Received disconnect from <*>: 11: disconnected by user,0.7321,input_userauth_request: invalid user <*> [preauth],0.5328,10.18,15
103,pam_unix(sshd:auth): authentication failure; logname= uid=0 euid=0 tty=ssh ruser= rhost=<*> user=root,exact,<*> rhost=<*> user=root,0.9971,Failed password for <*> for<*> <*> from<*> ssh2 port <*> ssh2],0.5963,pam_unix(sshd:session): session <*> for user fztu by (uid=0),0.5932,11.3,15
104,Failed password for root from <*> port 37478 ssh2,partial,Failed password for <*> for<*> <*> from<*> ssh2 port <*> ssh2],0.9505,<*> rhost=<*> user=root,0.5552,Invalid user cyrus from <*>,0.3424,11.53,15
105,Received disconnect from <*>: 11: Bye Bye [preauth],exact,<*> failures<*> <*> methods<*> available. [preauth],0.9961,Received disconnect from <*>: 11: disconnected by user,0.7321,input_userauth_request: invalid user <*> [preauth],0.5328,10.55,15
106,pam_unix(sshd:auth): authentication failure; logname= uid=0 euid=0 tty=ssh ruser= rhost=<*> user=root,exact,<*> rhost=<*> user=root,0.9972,Failed password for <*> for<*> <*> from<*> ssh2 port <*> ssh2],0.5963,pam_unix(sshd:session): session <*> for user fztu by (uid=0),0.5932,11.06,15
107,Failed password for root from <*> port 37854 ssh2,partial,Failed password for <*> for<*> <*> from<*> ssh2 port <*> ssh2],0.946,<*> rhost=<*> user=root,0.57,Invalid user cyrus from <*>,0.3538,9.68,15
108,Received disconnect from <*>: 11: Bye Bye [preauth],exact,<*> failures<*> <*> methods<*> available. [preauth],0.9963,Received disconnect from <*>: 11: disconnected by user,0.7321,input_userauth_request: invalid user <*> [preauth],0.5328,9.59,15
109,pam_unix(sshd:auth): authentication failure; logname= uid=0 euid=0 tty=ssh ruser= rhost=<*> user=root,exact,<*> rhost=<*> user=root,0.9973,Failed password for <*> for<*> <*> from<*> ssh2 port <*> ssh2],0.5963,pam_unix(sshd:session): session <*> for user fztu by (uid=0),0.5932,10.86,15
110,Failed password for root from <*> port 38241 ssh2,partial,Failed password for <*> for<*> <*> from<*> ssh2 port <*> ssh2],0.9139,<*> rhost=<*> user=root,0.5232,Invalid user cyrus from <*>,0.3113,9.57,15
111,Received disconnect from <*>: 11: Bye Bye [preauth],exact,<*> failures<*> <*> methods<*> available. [preauth],0.9965,Received disconnect from <*>: 11: disconnected by user,0.7321,input_userauth_request: invalid user <*> [preauth],0.5328,9.71,15
112,pam_unix(sshd:auth): authentication failure; logname= uid=0 euid=0 tty=ssh ruser= rhost=<*> user=root,exact,<*> rhost=<*> user=root,0.9974,Failed password for <*> for<*> <*> from<*> ssh2 port <*> ssh2],0.5963,pam_unix(sshd:session): session <*> for user fztu by (uid=0),0.5932,10.81,15
113,Failed password for root from <*> port 38693 ssh2,partial,Failed password for <*> for<*> <*> from<*> ssh2 port <*> ssh2],0.9317,<*> rhost=<*> user=root,0.5505,Invalid user cyrus from <*>,0.3456,9.53,15
114,Received disconnect from <*>: 11: Bye Bye [preauth],exact,<*> failures<*> <*> methods<*> available. [preauth],0.9966,Received disconnect from <*>: 11: disconnected by user,0.7321,input_userauth_request: invalid user <*> [preauth],0.5328,9.6,15
115,pam_unix(sshd:auth): authentication failure; logname= uid=0 euid=0 tty=ssh ruser= rhost=<*> user=root,exact,<*> rhost=<*> user=root,0.9975,Failed password for <*> for<*> <*> from<*> ssh2 port <*> ssh2],0.5963,pam_unix(sshd:session): session <*> for user fztu by (uid=0),0.5932,10.85,15
116,Failed password for root from <*> port 39008 ssh2,partial,Failed password for <*> for<*> <*> from<*> ssh2 port <*> ssh2],0.9103,<*> rhost=<*> user=root,0.551,Invalid user cyrus from <*>,0.3293,9.66,15
117,Received disconnect from <*>: 11: Bye Bye [preauth],exact,<*> failures<*> <*> methods<*> available. [preauth],0.9968,Received disconnect from <*>: 11: disconnected by user,0.7321,input_userauth_request: invalid user <*> [preauth],0.5328,9.56,15
118,pam_unix(sshd:auth): authentication failure; logname= uid=0 euid=0 tty=ssh ruser= rhost=<*> user=root,exact,<*> rhost=<*> user=root,0.9976,Failed password for <*> for<*> <*> from<*> ssh2 port <*> ssh2],0.5963,pam_unix(sshd:session): session <*> for user fztu by (uid=0),0.5932,10.76,15
119,Failed password for root from <*> port 39309 ssh2,partial,Failed password for <*> for<*> <*> from<*> ssh2 port <*> ssh2],0.9335,<*> rhost=<*> user=root,0.5393,Invalid user cyrus from <*>,0.3173,9.61,15
120,Received disconnect from <*>: 11: Bye Bye [preauth],exact,<*> failures<*> <*> methods<*> available. [preauth],0.9969,Received disconnect from <*>: 11: disconnected by user,0.7321,input_userauth_request: invalid user <*> [preauth],0.5328,9.66,15
121,pam_unix(sshd:auth): authentication failure; logname= uid=0 euid=0 tty=ssh ruser= rhost=<*> user=root,exact,<*> rhost=<*> user=root,0.9977,Failed password for <*> for<*> <*> from<*> ssh2 port <*> ssh2],0.5963,pam_unix(sshd:session): session <*> for user fztu by (uid=0),0.5932,10.95,15
122,Failed password for root from <*> port 39714 ssh2,partial,Failed password for <*> for<*> <*> from<*> ssh2 port <*> ssh2],0.945,<*> rhost=<*> user=root,0.537,Invalid user cyrus from <*>,0.3361,9.58,15
123,Received disconnect from <*>: 11: Bye Bye [preauth],exact,<*> failures<*> <*> methods<*> available. [preauth],0.997,Received disconnect from <*>: 11: disconnected by user,0.7321,input_userauth_request: invalid user <*> [preauth],0.5328,9.58,15
124,pam_unix(sshd:auth): authentication failure; logname= uid=0 euid=0 tty=ssh ruser= rhost=<*> user=root,exact,<*> rhost=<*> user=root,0.9978,Failed password for <*> for<*> <*> from<*> ssh2 port <*> ssh2],0.5962,pam_unix(sshd:session): session <*> for user fztu by (uid=0),0.5932,10.85,15
125,Failed password for root from <*> port 40110 ssh2,partial,Failed password for <*> for<*> <*> from<*> ssh2 port <*> ssh2],0.8769,<*> rhost=<*> user=root,0.6027,<*> failures<*> <*> methods<*> available. [preauth],0.3054,9.53,15
126,Received disconnect from <*>: 11: Bye Bye [preauth],exact,<*> failures<*> <*> methods<*> available. [preauth],0.9972,Received disconnect from <*>: 11: disconnected by user,0.7321,input_userauth_request: invalid user <*> [preauth],0.5328,9.78,15
127,pam_unix(sshd:auth): authentication failure; logname= uid=0 euid=0 tty=ssh ruser= rhost=<*> user=root,exact,<*> rhost=<*> user=root,0.9979,Failed password for <*> for<*> <*> from<*> ssh2 port <*> ssh2],0.5964,pam_unix(sshd:session): session <*> for user fztu by (uid=0),0.5932,10.89,15
128,Failed password for root from <*> port 40454 ssh2,partial,Failed password for <*> for<*> <*> from<*> ssh2 port <*> ssh2],0.8782,<*> rhost=<*> user=root,0.5296,Invalid user cyrus from <*>,0.3421,9.46,15
129,Received disconnect from <*>: 11: Bye Bye [preauth],exact,<*> failures<*> <*> methods<*> available. [preauth],0.9973,Received disconnect from <*>: 11: disconnected by user,0.7321,input_userauth_request: invalid user <*> [preauth],0.5328,9.84,15
130,pam_unix(sshd:auth): authentication failure; logname= uid=0 euid=0 tty=ssh ruser= rhost=<*> user=root,exact,<*> rhost=<*> user=root,0.9979,Failed password for <*> for<*> <*> from<*> ssh2 port <*> ssh2],0.5965,pam_unix(sshd:session): session <*> for user fztu by (uid=0),0.5932,10.83,15
131,Failed password for root from <*> port 40862 ssh2,partial,Failed password for <*> for<*> <*> from<*> ssh2 port <*> ssh2],0.9187,<*> rhost=<*> user=root,0.5326,Invalid user <*> from <*>,0.2966,9.58,15
132,Received disconnect from <*>: 11: Bye Bye [preauth],exact,<*> failures<*> <*> methods<*> available. [preauth],0.9974,Received disconnect from <*>: 11: disconnected by user,0.7321,input_userauth_request: invalid user <*> [preauth],0.5328,9.59,15
133,pam_unix(sshd:auth): authentication failure; logname= uid=0 euid=0 tty=ssh ruser= rhost=<*> user=root,exact,<*> rhost=<*> user=root,0.998,Failed password for <*> for<*> <*> from<*> ssh2 port <*> ssh2],0.5964,pam_unix(sshd:session): session <*> for user fztu by (uid=0),0.5932,10.88,15
134,Failed password for root from <*> port 41156 ssh2,partial,Failed password for <*> for<*> <*> from<*> ssh2 port <*> ssh2],0.937,<*> rhost=<*> user=root,0.5635,Invalid user cyrus from <*>,0.3314,9.55,15
135,Received disconnect from <*>: 11: Bye Bye [preauth],exact,<*> failures<*> <*> methods<*> available. [preauth],0.9975,Received disconnect from <*>: 11: disconnected by user,0.7321,input_userauth_request: invalid user <*> [preauth],0.5328,9.72,15
136,pam_unix(sshd:auth): authentication failure; logname= uid=0 euid=0 tty=ssh ruser= rhost=<*> user=root,exact,<*> rhost=<*> user=root,0.9981,Failed password for <*> for<*> <*> from<*> ssh2 port <*> ssh2],0.5964,pam_unix(sshd:session): session <*> for user fztu by (uid=0),0.5932,10.82,15
137,Failed password for root from <*> port 41452 ssh2,partial,Failed password for <*> for<*> <*> from<*> ssh2 port <*> ssh2],0.9156,<*> rhost=<*> user=root,0.502,Invalid user cyrus from <*>,0.3098,9.66,15
138,Received disconnect from <*>: 11: Bye Bye [preauth],exact,<*> failures<*> <*> methods<*> available. [preauth],0.9976,Received disconnect from <*>: 11: disconnected by user,0.7321,input_userauth_request: invalid user <*> [preauth],0.5328,9.74,15
139,pam_unix(sshd:auth): authentication failure; logname= uid=0 euid=0 tty=ssh ruser= rhost=<*> user=root,exact,<*> rhost=<*> user=root,0.9981,Failed password for <*> for<*> <*> from<*> ssh2 port <*> ssh2],0.5963,pam_unix(sshd:session): session <*> for user fztu by (uid=0),0.5932,10.84,15
140,Failed password for root from <*> port 41860 ssh2,partial,Failed password for <*> for<*> <*> from<*> ssh2 port <*> ssh2],0.9236,<*> rhost=<*> user=root,0.5435,Invalid user cyrus from <*>,0.3143,9.5,15
141,Received disconnect from <*>: 11: Bye Bye [preauth],exact,<*> failures<*> <*> methods<*> available. [preauth],0.9977,Received disconnect from <*>: 11: disconnected by user,0.7321,input_userauth_request: invalid user <*> [preauth],0.5328,9.61,15
142,pam_unix(sshd:auth): authentication failure; logname= uid=0 euid=0 tty=ssh ruser= rhost=<*> user=root,exact,<*> rhost=<*> user=root,0.9982,Failed password for <*> for<*> <*> from<*> ssh2 port <*> ssh2],0.5963,pam_unix(sshd:session): session <*> for user fztu by (uid=0),0.5932,10.82,15
143,Failed password for root from <*> port 42239 ssh2,partial,Failed password for <*> for<*> <*> from<*> ssh2 port <*> ssh2],0.9275,<*> rhost=<*> user=root,0.5374,Invalid user cyrus from <*>,0.3317,9.54,15
144,Received disconnect from <*>: 11: Bye Bye [preauth],exact,<*> failures<*> <*> methods<*> available. [preauth],0.9977,Received disconnect from <*>: 11: disconnected by user,0.7321,input_userauth_request: invalid user <*> [preauth],0.5328,9.59,15
145,pam_unix(sshd:auth): authentication failure; logname= uid=0 euid=0 tty=ssh ruser= rhost=<*> user=root,exact,<*> rhost=<*> user=root,0.9982,Failed password for <*> for<*> <*> from<*> ssh2 port <*> ssh2],0.5963,pam_unix(sshd:session): session <*> for user fztu by (uid=0),0.5932,10.92,15
146,Failed password for root from <*> port 42564 ssh2,partial,Failed password for <*> for<*> <*> from<*> ssh2 port <*> ssh2],0.9256,<*> rhost=<*> user=root,0.5246,Invalid user cyrus from <*>,0.3145,9.53,15
147,Received disconnect from <*>: 11: Bye Bye [preauth],exact,<*> failures<*> <*> methods<*> available. [preauth],0.9978,Received disconnect from <*>: 11: disconnected by user,0.7321,input_userauth_request: invalid user <*> [preauth],0.5328,9.65,15
148,pam_unix(sshd:auth): authentication failure; logname= uid=0 euid=0 tty=ssh ruser= rhost=<*> user=root,exact,<*> rhost=<*> user=root,0.9983,Failed password for <*> for<*> <*> from<*> ssh2 port <*> ssh2],0.5962,pam_unix(sshd:session): session <*> for user fztu by (uid=0),0.5932,10.84,15
149,Failed password for root from <*> port 42948 ssh2,partial,Failed password for <*> for<*> <*> from<*> ssh2 port <*> ssh2],0.9526,<*> rhost=<*> user=root,0.54,Invalid user cyrus from <*>,0.3249,9.7,15
150,Received disconnect from <*>: 11: Bye Bye [preauth],exact,<*> failures<*> <*> methods<*> available. [preauth],0.9979,Received disconnect from <*>: 11: disconnected by user,0.7321,input_userauth_request: invalid user <*> [preauth],0.5328,10.68,15
151,pam_unix(sshd:auth): authentication failure; logname= uid=0 euid=0 tty=ssh ruser= rhost=<*> user=root,exact,<*> rhost=<*> user=root,0.9983,Failed password for <*> for<*> <*> from<*> ssh2 port <*> ssh2],0.5961,pam_unix(sshd:session): session <*> for user fztu by (uid=0),0.5932,10.98,15
152,Failed password for root from <*> port 43414 ssh2,partial,Failed password for <*> for<*> <*> from<*> ssh2 port <*> ssh2],0.9443,<*> rhost=<*> user=root,0.5358,Invalid user cyrus from <*>,0.344,9.58,15
153,Received disconnect from <*>: 11: Bye Bye [preauth],exact,<*> failures<*> <*> methods<*> available. [preauth],0.998,Received disconnect from <*>: 11: disconnected by user,0.7321,input_userauth_request: invalid user <*> [preauth],0.5328,9.67,15
154,pam_unix(sshd:auth): authentication failure; logname= uid=0 euid=0 tty=ssh ruser= rhost=<*> user=root,exact,<*> rhost=<*> user=root,0.9984,Failed password for <*> for<*> <*> from<*> ssh2 port <*> ssh2],0.5961,pam_unix(sshd:session): session <*> for user fztu by (uid=0),0.5932,10.7,15
155,Failed password for root from <*> port 43714 ssh2,partial,Failed password for <*> for<*> <*> from<*> ssh2 port <*> ssh2],0.9237,<*> rhost=<*> user=root,0.512,Invalid user cyrus from <*>,0.3302,9.59,15
156,Received disconnect from <*>: 11: Bye Bye [preauth],exact,<*> failures<*> <*> methods<*> available. [preauth],0.998,Received disconnect from <*>: 11: disconnected by user,0.7321,input_userauth_request: invalid user <*> [preauth],0.5328,9.63,15
157,pam_unix(sshd:auth): authentication failure; logname= uid=0 euid=0 tty=ssh ruser= rhost=<*> user=root,exact,<*> rhost=<*> user=root,0.9984,Failed password for <*> for<*> <*> from<*> ssh2 port <*> ssh2],0.596,pam_unix(sshd:session): session <*> for user fztu by (uid=0),0.5932,10.84,15
158,Failed password for root from <*> port 44125 ssh2,partial,Failed password for <*> for<*> <*> from<*> ssh2 port <*> ssh2],0.9065,<*> rhost=<*> user=root,0.5284,Invalid user cyrus from <*>,0.3429,9.25,15
159,Received disconnect from <*>: 11: Bye Bye [preauth],exact,<*> failures<*> <*> methods<*> available. [preauth],0.9981,Received disconnect from <*>: 11: disconnected by user,0.7321,input_userauth_request: invalid user <*> [preauth],0.5328,9.69,15
160,pam_unix(sshd:auth): authentication failure; logname= uid=0 euid=0 tty=ssh ruser= rhost=<*> user=root,exact,<*> rhost=<*> user=root,0.9985,Failed password for <*> for<*> <*> from<*> ssh2 port <*> ssh2],0.596,pam_unix(sshd:session): session <*> for user fztu by (uid=0),0.5932,11.05,15
161,Failed password for root from <*> port 44532 ssh2,partial,Failed password for <*> for<*> <*> from<*> ssh2 port <*> ssh2],0.9112,<*> rhost=<*> user=root,0.455,Invalid user cyrus from <*>,0.2684,9.46,15
162,Received disconnect from <*>: 11: Bye Bye [preauth],exact,<*> failures<*> <*> methods<*> available. [preauth],0.9982,Received disconnect from <*>: 11: disconnected by user,0.7321,input_userauth_request: invalid user <*> [preauth],0.5328,9.64,15
163,pam_unix(sshd:auth): authentication failure; logname= uid=0 euid=0 tty=ssh ruser= rhost=<*> user=root,exact,<*> rhost=<*> user=root,0.9985,Failed password for <*> for<*> <*> from<*> ssh2 port <*> ssh2],0.5957,pam_unix(sshd:session): session <*> for user fztu by (uid=0),0.5932,10.83,15
164,Failed password for root from <*> port 44861 ssh2,partial,Failed password for <*> for<*> <*> from<*> ssh2 port <*> ssh2],0.9202,<*> rhost=<*> user=root,0.518,Invalid user <*> from <*>,0.2862,9.66,15
165,Received disconnect from <*>: 11: Bye Bye [preauth],exact,<*> failures<*> <*> methods<*> available. [preauth],0.9982,Received disconnect from <*>: 11: disconnected by user,0.7321,input_userauth_request: invalid user <*> [preauth],0.5328,9.8,15
166,pam_unix(sshd:auth): authentication failure; logname= uid=0 euid=0 tty=ssh ruser= rhost=<*> user=root,exact,<*> rhost=<*> user=root,0.9986,Failed password for <*> for<*> <*> from<*> ssh2 port <*> ssh2],0.5957,pam_unix(sshd:session): session <*> for user fztu by (uid=0),0.5932,10.94,15
167,Failed password for root from <*> port 45203 ssh2,partial,Failed password for <*> for<*> <*> from<*> ssh2 port <*> ssh2],0.9141,<*> rhost=<*> user=root,0.5282,Invalid user cyrus from <*>,0.3065,9.73,15
168,Received disconnect from <*>: 11: Bye Bye [preauth],exact,<*> failures<*> <*> methods<*> available. [preauth],0.9983,Received disconnect from <*>: 11: disconnected by user,0.7321,input_userauth_request: invalid user <*> [preauth],0.5328,9.7,15
169,pam_unix(sshd:auth): authentication failure; logname= uid=0 euid=0 tty=ssh ruser= rhost=<*> user=root,exact,<*> rhost=<*> user=root,0.9986,Failed password for <*> for<*> <*> from<*> ssh2 port <*> ssh2],0.5956,pam_unix(sshd:session): session <*> for user fztu by (uid=0),0.5932,10.85,15
170,Failed password for root from <*> port 45599 ssh2,partial,Failed password for <*> for<*> <*> from<*> ssh2 port <*> ssh2],0.9401,<*> rhost=<*> user=root,0.5564,Invalid user cyrus from <*>,0.3245,9.68,15
171,Received disconnect from <*>: 11: Bye Bye [preauth],exact,<*> failures<*> <*> methods<*> available. [preauth],0.9983,Received disconnect from <*>: 11: disconnected by user,0.7321,input_userauth_request: invalid user <*> [preauth],0.5328,9.74,15
172,pam_unix(sshd:auth): authentication failure; logname= uid=0 euid=0 tty=ssh ruser= rhost=<*> user=root,exact,<*> rhost=<*> user=root,0.9987,Failed password for <*> for<*> <*> from<*> ssh2 port <*> ssh2],0.5956,pam_unix(sshd:session): session <*> for user fztu by (uid=0),0.5932,10.81,15
173,Failed password for root from <*> port 46008 ssh2,partial,Failed password for <*> for<*> <*> from<*> ssh2 port <*> ssh2],0.9259,<*> rhost=<*> user=root,0.5424,Invalid user cyrus from <*>,0.2932,9.53,15
174,Received disconnect from <*>: 11: Bye Bye [preauth],exact,<*> failures<*> <*> methods<*> available. [preauth],0.9984,Received disconnect from <*>: 11: disconnected by user,0.7321,input_userauth_request: invalid user <*> [preauth],0.5328,9.62,15
175,pam_unix(sshd:auth): authentication failure; logname= uid=0 euid=0 tty=ssh ruser= rhost=<*> user=root,exact,<*> rhost=<*> user=root,0.9987,Failed password for <*> for<*> <*> from<*> ssh2 port <*> ssh2],0.5956,pam_unix(sshd:session): session <*> for user fztu by (uid=0),0.5932,10.98,15
176,Failed password for root from <*> port 46401 ssh2,partial,Failed password for <*> for<*> <*> from<*> ssh2 port <*> ssh2],0.942,<*> rhost=<*> user=root,0.5209,Invalid user cyrus from <*>,0.3086,9.63,15
177,Received disconnect from <*>: 11: Bye Bye [preauth],exact,<*> failures<*> <*> methods<*> available. [preauth],0.9984,Received disconnect from <*>: 11: disconnected by user,0.7321,input_userauth_request: invalid user <*> [preauth],0.5328,9.69,15
178,pam_unix(sshd:auth): authentication failure; logname= uid=0 euid=0 tty=ssh ruser= rhost=<*> user=root,exact,<*> rhost=<*> user=root,0.9987,Failed password for <*> for<*> <*> from<*> ssh2 port <*> ssh2],0.5955,pam_unix(sshd:session): session <*> for user fztu by (uid=0),0.5932,10.98,15
179,Failed password for root from <*> port 46822 ssh2,partial,Failed password for <*> for<*> <*> from<*> ssh2 port <*> ssh2],0.9383,<*> rhost=<*> user=root,0.5086,Invalid user cyrus from <*>,0.3075,9.52,15
180,Received disconnect from <*>: 11: Bye Bye [preauth],exact,<*> failures<*> <*> methods<*> available. [preauth],0.9985,Received disconnect from <*>: 11: disconnected by user,0.7321,input_userauth_request: invalid user <*> [preauth],0.5328,9.75,15
181,pam_unix(sshd:auth): authentication failure; logname= uid=0 euid=0 tty=ssh ruser= rhost=<*> user=root,exact,<*> rhost=<*> user=root,0.9988,Failed password for <*> for<*> <*> from<*> ssh2 port <*> ssh2],0.5954,pam_unix(sshd:session): session <*> for user fztu by (uid=0),0.5932,10.88,15
182,Failed password for root from <*> port 47147 ssh2,partial,Failed password for <*> for<*> <*> from<*> ssh2 port <*> ssh2],0.9402,<*> rhost=<*> user=root,0.527,Invalid user cyrus from <*>,0.3343,9.42,15
183,Received disconnect from <*>: 11: Bye Bye [preauth],exact,<*> failures<*> <*> methods<*> available. [preauth],0.9985,Received disconnect from <*>: 11: disconnected by user,0.7321,input_userauth_request: invalid user <*> [preauth],0.5328,9.85,15
184,pam_unix(sshd:auth): authentication failure; logname= uid=0 euid=0 tty=ssh ruser= rhost=<*> user=root,exact,<*> rhost=<*> user=root,0.9988,Failed password for <*> for<*> <*> from<*> ssh2 port <*> ssh2],0.5953,pam_unix(sshd:session): session <*> for user fztu by (uid=0),0.5932,10.97,15
185,Failed password for root from <*> port 47547 ssh2,partial,Failed password for <*> for<*> <*> from<*> ssh2 port <*> ssh2],0.9428,<*> rhost=<*> user=root,0.5375,Invalid user cyrus from <*>,0.3127,9.56,15
186,Received disconnect from <*>: 11: Bye Bye [preauth],exact,<*> failures<*> <*> methods<*> available. [preauth],0.9986,Received disconnect from <*>: 11: disconnected by user,0.7321,input_userauth_request: invalid user <*> [preauth],0.5328,9.62,15
187,pam_unix(sshd:auth): authentication failure; logname= uid=0 euid=0 tty=ssh ruser= rhost=<*> user=root,exact,<*> rhost=<*> user=root,0.9988,Failed password for <*> for<*> <*> from<*> ssh2 port <*> ssh2],0.5952,pam_unix(sshd:session): session <*> for user fztu by (uid=0),0.5932,10.82,15
188,Failed password for root from <*> port 47936 ssh2,partial,Failed password for <*> for<*> <*> from<*> ssh2 port <*> ssh2],0.9639,<*> rhost=<*> user=root,0.5501,Invalid user cyrus from <*>,0.3412,9.45,15
189,Received disconnect from <*>: 11: Bye Bye [preauth],exact,<*> failures<*> <*> methods<*> available. [preauth],0.9986,Received disconnect from <*>: 11: disconnected by user,0.7321,input_userauth_request: invalid user <*> [preauth],0.5328,9.61,15
190,pam_unix(sshd:auth): authentication failure; logname= uid=0 euid=0 tty=ssh ruser= rhost=<*> user=root,exact,<*> rhost=<*> user=root,0.9988,Failed password for <*> for<*> <*> from<*> ssh2 port <*> ssh2],0.5952,pam_unix(sshd:session): session <*> for user fztu by (uid=0),0.5932,10.88,15
191,Failed password for root from <*> port 48337 ssh2,partial,Failed password for <*> for<*> <*> from<*> ssh2 port <*> ssh2],0.9368,<*> rhost=<*> user=root,0.5142,Invalid user cyrus from <*>,0.3341,9.51,15
192,Received disconnect from <*>: 11: Bye Bye [preauth],exact,<*> failures<*> <*> methods<*> available. [preauth],0.9986,Received disconnect from <*>: 11: disconnected by user,0.7321,input_userauth_request: invalid user <*> [preauth],0.5328,9.72,15
193,pam_unix(sshd:auth): authentication failure; logname= uid=0 euid=0 tty=ssh ruser= rhost=<*> user=root,exact,<*> rhost=<*> user=root,0.9989,Failed password for <*> for<*> <*> from<*> ssh2 port <*> ssh2],0.5951,pam_unix(sshd:session): session <*> for user fztu by (uid=0),0.5932,10.89,15
194,Failed password for root from <*> port 48663 ssh2,partial,Failed password for <*> for<*> <*> from<*> ssh2 port <*> ssh2],0.929,<*> rhost=<*> user=root,0.5131,Invalid user cyrus from <*>,0.3297,9.68,15
195,Received disconnect from <*>: 11: Bye Bye [preauth],exact,<*> failures<*> <*> methods<*> available. [preauth],0.9987,Received disconnect from <*>: 11: disconnected by user,0.7321,input_userauth_request: invalid user <*> [preauth],0.5328,9.68,15
196,pam_unix(sshd:auth): authentication failure; logname= uid=0 euid=0 tty=ssh ruser= rhost=<*> user=root,exact,<*> rhost=<*> user=root,0.9989,Failed password for <*> for<*> <*> from<*> ssh2 port <*> ssh2],0.595,pam_unix(sshd:session): session <*> for user fztu by (uid=0),0.5932,10.93,15
197,Failed password for root from <*> port 49096 ssh2,partial,Failed password for <*> for<*> <*> from<*> ssh2 port <*> ssh2],0.9338,<*> rhost=<*> user=root,0.5713,Invalid user <*> from <*>,0.311,9.49,15
198,Received disconnect from <*>: 11: Bye Bye [preauth],exact,<*> failures<*> <*> methods<*> available. [preauth],0.9987,Received disconnect from <*>: 11: disconnected by user,0.7321,input_userauth_request: invalid user <*> [preauth],0.5328,9.47,15
199,pam_unix(sshd:auth): authentication failure; logname= uid=0 euid=0 tty=ssh ruser= rhost=<*> user=root,exact,<*> rhost=<*> user=root,0.9989,Failed password for <*> for<*> <*> from<*> ssh2 port <*> ssh2],0.595,pam_unix(sshd:session): session <*> for user fztu by (uid=0),0.5932,10.32,15
200,Failed password for root from <*> port 49468 ssh2,partial,Failed password for <*> for<*> <*> from<*> ssh2 port <*> ssh2],0.9514,<*> rhost=<*> user=root,0.5224,Invalid user cyrus from <*>,0.3189,9.64,15
201,Received disconnect from <*>: 11: Bye Bye [preauth],exact,<*> failures<*> <*> methods<*> available. [preauth],0.9988,Received disconnect from <*>: 11: disconnected by user,0.7321,input_userauth_request: invalid user <*> [preauth],0.5328,9.58,15
202,pam_unix(sshd:auth): authentication failure; logname= uid=0 euid=0 tty=ssh ruser= rhost=<*> user=root,exact,<*> rhost=<*> user=root,0.999,Failed password for <*> for<*> <*> from<*> ssh2 port <*> ssh2],0.5949,pam_unix(sshd:session): session <*> for user fztu by (uid=0),0.5932,11.42,15
203,Failed password for root from <*> port 49883 ssh2,partial,Failed password for <*> for<*> <*> from<*> ssh2 port <*> ssh2],0.9247,<*> rhost=<*> user=root,0.5317,Invalid user cyrus from <*>,0.3236,11.35,15
204,Received disconnect from <*>: 11: Bye Bye [preauth],exact,<*> failures<*> <*> methods<*> available. [preauth],0.9988,Received disconnect from <*>: 11: disconnected by user,0.7321,input_userauth_request: invalid user <*> [preauth],0.5328,11.41,15
205,pam_unix(sshd:auth): authentication failure; logname= uid=0 euid=0 tty=ssh ruser= rhost=<*> user=root,exact,<*> rhost=<*> user=root,0.999,Failed password for <*> for<*> <*> from<*> ssh2 port <*> ssh2],0.5949,pam_unix(sshd:session): session <*> for user fztu by (uid=0),0.5932,10.64,15
206,Failed password for root from <*> port 50261 ssh2,partial,Failed password for <*> for<*> <*> from<*> ssh2 port <*> ssh2],0.9106,<*> rhost=<*> user=root,0.5179,Invalid user <*> from <*>,0.2754,10.49,15
207,Received disconnect from <*>: 11: Bye Bye [preauth],exact,<*> failures<*> <*> methods<*> available. [preauth],0.9988,Received disconnect from <*>: 11: disconnected by user,0.7321,input_userauth_request: invalid user <*> [preauth],0.5328,37.22,15
208,pam_unix(sshd:auth): authentication failure; logname= uid=0 euid=0 tty=ssh ruser= rhost=<*> user=root,exact,<*> rhost=<*> user=root,0.999,Failed password for <*> for<*> <*> from<*> ssh2 port <*> ssh2],0.5948,pam_unix(sshd:session): session <*> for user fztu by (uid=0),0.5932,22.98,15
209,Failed password for root from <*> port 50655 ssh2,partial,Failed password for <*> for<*> <*> from<*> ssh2 port <*> ssh2],0.9035,<*> rhost=<*> user=root,0.504,Invalid user cyrus from <*>,0.2912,15.69,15
210,Received disconnect from <*>: 11: Bye Bye [preauth],exact,<*> failures<*> <*> methods<*> available. [preauth],0.9988,Received disconnect from <*>: 11: disconnected by user,0.7321,input_userauth_request: invalid user <*> [preauth],0.5328,15.83,15
211,pam_unix(sshd:auth): authentication failure; logname= uid=0 euid=0 tty=ssh ruser= rhost=<*> user=root,exact,<*> rhost=<*> user=root,0.999,Failed password for <*> for<*> <*> from<*> ssh2 port <*> ssh2],0.5947,pam_unix(sshd:session): session <*> for user fztu by (uid=0),0.5932,17.36,15
212,Invalid user sandeep from <*>,partial,Invalid user <*> from <*>,0.8331,Invalid user cyrus from <*>,0.633,Invalid user matlab from <*>,0.6146,15.23,15
213,input_userauth_request: invalid user sandeep [preauth],partial,input_userauth_request: invalid user <*> [preauth],0.8915,<*> failures<*> <*> methods<*> available. [preauth],0.5164,Invalid user cyrus from <*>,0.4443,15.2,15
214,pam_unix(sshd:auth): check pass; user unknown,fuzzy,<*> rhost=<*> user=root,0.7558,pam_unix(sshd:session): session <*> for user fztu by (uid=0),0.6538,PAM service(sshd) ignoring max retries; <*> > 3,0.5268,15.29,15
215,pam_unix(sshd:auth): authentication failure; logname= uid=0 euid=0 tty=ssh ruser= rhost=<*>,partial,<*> rhost=<*> user=root,0.9893,pam_unix(sshd:session): session <*> for user fztu by (uid=0),0.5921,Failed password for <*> for<*> <*> from<*> ssh2 port <*> ssh2],0.567,16.81,15
216,Failed password for root from <*> port 50953 ssh2,partial,Failed password for <*> for<*> <*> from<*> ssh2 port <*> ssh2],0.9425,<*> rhost=<*> user=root,0.5296,Invalid user cyrus from <*>,0.2992,15.26,15
217,Received disconnect from <*>: 11: Bye Bye [preauth],exact,<*> failures<*> <*> methods<*> available. [preauth],0.9989,Received disconnect from <*>: 11: disconnected by user,0.7321,input_userauth_request: invalid user <*> [preauth],0.5332,15.61,15
218,pam_unix(sshd:auth): authentication failure; logname= uid=0 euid=0 tty=ssh ruser= rhost=<*> user=root,exact,<*> rhost=<*> user=root,0.999,Failed password for <*> for<*> <*> from<*> ssh2 port <*> ssh2],0.5947,pam_unix(sshd:session): session <*> for user fztu by (uid=0),0.5932,17.24,15
219,Failed password for invalid user sandeep from <*> port 49316 ssh2,partial,Failed password for <*> for<*> <*> from<*> ssh2 port <*> ssh2],0.8474,<*> rhost=<*> user=root,0.5878,Invalid user <*> from <*>,0.433,15.97,15
220,Connection closed by <*> [preauth],partial,<*> failures<*> <*> methods<*> available. [preauth],0.8028,input_userauth_request: invalid user <*> [preauth],0.6058,Received disconnect from <*>: 11: disconnected by user,0.4502,15.3,15
221,Failed password for root from <*> port 51395 ssh2,partial,Failed password for <*> for<*> <*> from<*> ssh2 port <*> ssh2],0.9357,<*> rhost=<*> user=root,0.5262,Invalid user cyrus from <*>,0.3028,15.13,15
222,Received disconnect from <*>: 11: Bye Bye [preauth],exact,<*> failures<*> <*> methods<*> available. [preauth],0.9987,Received disconnect from <*>: 11: disconnected by user,0.7321,input_userauth_request: invalid user <*> [preauth],0.5332,15.36,15
223,pam_unix(sshd:auth): authentication failure; logname= uid=0 euid=0 tty=ssh ruser= rhost=<*> user=root,exact,<*> rhost=<*> user=root,0.999,Failed password for <*> for<*> <*> from<*> ssh2 port <*> ssh2],0.5948,pam_unix(sshd:session): session <*> for user fztu by (uid=0),0.5932,17.11,15
224,Failed password for root from <*> port 51830 ssh2,partial,Failed password for <*> for<*> <*> from<*> ssh2 port <*> ssh2],0.9034,<*> rhost=<*> user=root,0.5439,Invalid user cyrus from <*>,0.2919,15.65,15
225,Received disconnect from <*>: 11: Bye Bye [preauth],exact,<*> failures<*> <*> methods<*> available. [preauth],0.9987,Received disconnect from <*>: 11: disconnected by user,0.7321,input_userauth_request: invalid user <*> [preauth],0.5332,15.7,15
226,pam_unix(sshd:auth): authentication failure; logname= uid=0 euid=0 tty=ssh ruser= rhost=<*> user=root,exact,<*> rhost=<*> user=root,0.999,Failed password for <*> for<*> <*> from<*> ssh2 port <*> ssh2],0.5948,pam_unix(sshd:session): session <*> for user fztu by (uid=0),0.5932,17.06,15
227,Failed password for root from <*> port 52182 ssh2,partial,Failed password for <*> for<*> <*> from<*> ssh2 port <*> ssh2],0.9119,<*> rhost=<*> user=root,0.5375,Invalid user cyrus from <*>,0.3095,15.44,15
228,Received disconnect from <*>: 11: Bye Bye [preauth],exact,<*> failures<*> <*> methods<*> available. [preauth],0.9988,Received disconnect from <*>: 11: disconnected by user,0.7321,input_userauth_request: invalid user <*> [preauth],0.5332,15.61,15
229,pam_unix(sshd:auth): authentication failure; logname= uid=0 euid=0 tty=ssh ruser= rhost=<*> user=root,exact,<*> rhost=<*> user=root,0.999,Failed password for <*> for<*> <*> from<*> ssh2 port <*> ssh2],0.5948,pam_unix(sshd:session): session <*> for user fztu by (uid=0),0.5932,17.02,15
230,Failed password for root from <*> port 52545 ssh2,partial,Failed password for <*> for<*> <*> from<*> ssh2 port <*> ssh2],0.8961,<*> rhost=<*> user=root,0.518,Invalid user cyrus from <*>,0.3235,15.14,15
231,Received disconnect from <*>: 11: Bye Bye [preauth],exact,<*> failures<*> <*> methods<*> available. [preauth],0.9988,Received disconnect from <*>: 11: disconnected by user,0.7321,input_userauth_request: invalid user <*> [preauth],0.5332,15.35,15
232,pam_unix(sshd:auth): authentication failure; logname= uid=0 euid=0 tty=ssh ruser= rhost=<*> user=root,exact,<*> rhost=<*> user=root,0.9991,Failed password for <*> for<*> <*> from<*> ssh2 port <*> ssh2],0.5948,pam_unix(sshd:session): session <*> for user fztu by (uid=0),0.5932,17.08,15
233,Failed password for root from <*> port 52850 ssh2,partial,Failed password for <*> for<*> <*> from<*> ssh2 port <*> ssh2],0.9478,<*> rhost=<*> user=root,0.5433,Invalid user cyrus from <*>,0.3118,15.24,15
234,Received disconnect from <*>: 11: Bye Bye [preauth],exact,<*> failures<*> <*> methods<*> available. [preauth],0.9988,Received disconnect from <*>: 11: disconnected by user,0.7321,input_userauth_request: invalid user <*> [preauth],0.5332,15.58,15
235,pam_unix(sshd:auth): authentication failure; logname= uid=0 euid=0 tty=ssh ruser= rhost=<*> user=root,exact,<*> rhost=<*> user=root,0.9991,Failed password for <*> for<*> <*> from<*> ssh2 port <*> ssh2],0.5947,pam_unix(sshd:session): session <*> for user fztu by (uid=0),0.5932,16.74,15
236,Failed password for root from <*> port 53160 ssh2,partial,Failed password for <*> for<*> <*> from<*> ssh2 port <*> ssh2],0.919,<*> rhost=<*> user=root,0.5179,Invalid user cyrus from <*>,0.3164,15.14,15
237,Received disconnect from <*>: 11: Bye Bye [preauth],exact,<*> failures<*> <*> methods<*> available. [preauth],0.9989,Received disconnect from <*>: 11: disconnected by user,0.7321,input_userauth_request: invalid user <*> [preauth],0.5332,15.54,15
238,pam_unix(sshd:auth): authentication failure; logname= uid=0 euid=0 tty=ssh ruser= rhost=<*> user=root,exact,<*> rhost=<*> user=root,0.9991,Failed password for <*> for<*> <*> from<*> ssh2 port <*> ssh2],0.5946,pam_unix(sshd:session): session <*> for user fztu by (uid=0),0.5932,16.93,15
239,Failed password for root from <*> port 53630 ssh2,partial,Failed password for <*> for<*> <*> from<*> ssh2 port <*> ssh2],0.8882,<*> rhost=<*> user=root,0.4972,Invalid user cyrus from <*>,0.3072,15.54,15
240,Received disconnect from <*>: 11: Bye Bye [preauth],exact,<*> failures<*> <*> methods<*> available. [preauth],0.9989,Received disconnect from <*>: 11: disconnected by user,0.7321,input_userauth_request: invalid user <*> [preauth],0.5332,15.54,15
241,pam_unix(sshd:auth): authentication failure; logname= uid=0 euid=0 tty=ssh ruser= rhost=<*> user=root,exact,<*> rhost=<*> user=root,0.9991,Failed password for <*> for<*> <*> from<*> ssh2 port <*> ssh2],0.5946,pam_unix(sshd:session): session <*> for user fztu by (uid=0),0.5932,16.9,15
242,Failed password for root from <*> port 54049 ssh2,partial,Failed password for <*> for<*> <*> from<*> ssh2 port <*> ssh2],0.9188,<*> rhost=<*> user=root,0.5218,Invalid user cyrus from <*>,0.2909,15.36,15
243,Received disconnect from <*>: 11: Bye Bye [preauth],exact,<*> failures<*> <*> methods<*> available. [preauth],0.9989,Received disconnect from <*>: 11: disconnected by user,0.7321,input_userauth_request: invalid user <*> [preauth],0.5332,15.42,15
244,pam_unix(sshd:auth): authentication failure; logname= uid=0 euid=0 tty=ssh ruser= rhost=<*> user=root,exact,<*> rhost=<*> user=root,0.9991,Failed password for <*> for<*> <*> from<*> ssh2 port <*> ssh2],0.5945,pam_unix(sshd:session): session <*> for user fztu by (uid=0),0.5932,17.15,15
245,Failed password for root from <*> port 54395 ssh2,partial,Failed password for <*> for<*> <*> from<*> ssh2 port <*> ssh2],0.9331,<*> rhost=<*> user=root,0.4985,Invalid user cyrus from <*>,0.3236,15.39,15
246,Received disconnect from <*>: 11: Bye Bye [preauth],exact,<*> failures<*> <*> methods<*> available. [preauth],0.9989,Received disconnect from <*>: 11: disconnected by user,0.7321,input_userauth_request: invalid user <*> [preauth],0.5332,15.39,15
247,pam_unix(sshd:auth): authentication failure; logname= uid=0 euid=0 tty=ssh ruser= rhost=<*> user=root,exact,<*> rhost=<*> user=root,0.9992,Failed password for <*> for<*> <*> from<*> ssh2 port <*> ssh2],0.5944,pam_unix(sshd:session): session <*> for user fztu by (uid=0),0.5932,16.8,15
248,Failed password for root from <*> port 54754 ssh2,partial,Failed password for <*> for<*> <*> from<*> ssh2 port <*> ssh2],0.9316,<*> rhost=<*> user=root,0.5221,Invalid user cyrus from <*>,0.3437,15.49,15
249,Received disconnect from <*>: 11: Bye Bye [preauth],exact,<*> failures<*> <*> methods<*> available. [preauth],0.999,Received disconnect from <*>: 11: disconnected by user,0.7321,input_userauth_request: invalid user <*> [preauth],0.5332,15.39,15
250,pam_unix(sshd:auth): authentication failure; logname= uid=0 euid=0 tty=ssh ruser= rhost=<*> user=root,exact,<*> rhost=<*> user=root,0.9992,Failed password for <*> for<*> <*> from<*> ssh2 port <*> ssh2],0.5943,pam_unix(sshd:session): session <*> for user fztu by (uid=0),0.5932,16.78,15
251,Failed password for root from <*> port 55072 ssh2,partial,Failed password for <*> for<*> <*> from<*> ssh2 port <*> ssh2],0.9071,<*> rhost=<*> user=root,0.5195,Invalid user cyrus from <*>,0.3227,15.69,15
252,Received disconnect from <*>: 11: Bye Bye [preauth],exact,<*> failures<*> <*> methods<*> available. [preauth],0.999,Received disconnect from <*>: 11: disconnected by user,0.7321,input_userauth_request: invalid user <*> [preauth],0.5332,15.64,15
253,pam_unix(sshd:auth): authentication failure; logname= uid=0 euid=0 tty=ssh ruser= rhost=<*> user=root,exact,<*> rhost=<*> user=root,0.9992,Failed password for <*> for<*> <*> from<*> ssh2 port <*> ssh2],0.5943,pam_unix(sshd:session): session <*> for user fztu by (uid=0),0.5932,16.95,15
254,Failed password for root from <*> port 55368 ssh2,partial,Failed password for <*> for<*> <*> from<*> ssh2 port <*> ssh2],0.9468,<*> rhost=<*> user=root,0.5292,Invalid user cyrus from <*>,0.3245,15.46,15
255,Received disconnect from <*>: 11: Bye Bye [preauth],exact,<*> failures<*> <*> methods<*> available. [preauth],0.999,Received disconnect from <*>: 11: disconnected by user,0.7321,input_userauth_request: invalid user <*> [preauth],0.5332,15.59,15
256,pam_unix(sshd:auth): authentication failure; logname= uid=0 euid=0 tty=ssh ruser= rhost=<*> user=root,exact,<*> rhost=<*> user=root,0.9992,Failed password for <*> for<*> <*> from<*> ssh2 port <*> ssh2],0.5942,pam_unix(sshd:session): session <*> for user fztu by (uid=0),0.5932,17.06,15
257,Failed password for root from <*> port 55784 ssh2,partial,Failed password for <*> for<*> <*> from<*> ssh2 port <*> ssh2],0.9492,<*> rhost=<*> user=root,0.5446,Invalid user cyrus from <*>,0.3385,15.44,15
258,Received disconnect from <*>: 11: Bye Bye [preauth],exact,<*> failures<*> <*> methods<*> available. [preauth],0.999,Received disconnect from <*>: 11: disconnected by user,0.7321,input_userauth_request: invalid user <*> [preauth],0.5332,15.52,15
259,pam_unix(sshd:auth): authentication failure; logname= uid=0 euid=0 tty=ssh ruser= rhost=<*> user=root,exact,<*> rhost=<*> user=root,0.9992,Failed password for <*> for<*> <*> from<*> ssh2 port <*> ssh2],0.5941,pam_unix(sshd:session): session <*> for user fztu by (uid=0),0.5932,17.23,15
260,Failed password for root from <*> port 56179 ssh2,partial,Failed password for <*> for<*> <*> from<*> ssh2 port <*> ssh2],0.9499,<*> rhost=<*> user=root,0.5323,Invalid user cyrus from <*>,0.3352,15.63,15
261,Received disconnect from <*>: 11: Bye Bye [preauth],exact,<*> failures<*> <*> methods<*> available. [preauth],0.999,Received disconnect from <*>: 11: disconnected by user,0.7321,input_userauth_request: invalid user <*> [preauth],0.5332,15.41,15
262,pam_unix(sshd:auth): authentication failure; logname= uid=0 euid=0 tty=ssh ruser= rhost=<*> user=root,exact,<*> rhost=<*> user=root,0.9992,Failed password for <*> for<*> <*> from<*> ssh2 port <*> ssh2],0.5941,pam_unix(sshd:session): session <*> for user fztu by (uid=0),0.5932,16.82,15
263,Failed password for root from <*> port 56571 ssh2,partial,Failed password for <*> for<*> <*> from<*> ssh2 port <*> ssh2],0.9324,<*> rhost=<*> user=root,0.5089,Invalid user cyrus from <*>,0.3172,15.4,15
264,Received disconnect from <*>: 11: Bye Bye [preauth],exact,<*> failures<*> <*> methods<*> available. [preauth],0.9991,Received disconnect from <*>: 11: disconnected by user,0.7321,input_userauth_request: invalid user <*> [preauth],0.5332,15.51,15
265,pam_unix(sshd:auth): authentication failure; logname= uid=0 euid=0 tty=ssh ruser= rhost=<*> user=root,exact,<*> rhost=<*> user=root,0.9992,Failed password for <*> for<*> <*> from<*> ssh2 port <*> ssh2],0.594,pam_unix(sshd:session): session <*> for user fztu by (uid=0),0.5932,16.99,15
266,Failed password for root from <*> port 57038 ssh2,partial,Failed password for <*> for<*> <*> from<*> ssh2 port <*> ssh2],0.921,<*> rhost=<*> user=root,0.5421,PAM service(sshd) ignoring max retries; <*> > 3,0.293,15.15,15
267,Received disconnect from <*>: 11: Bye Bye [preauth],exact,<*> failures<*> <*> methods<*> available. [preauth],0.9991,Received disconnect from <*>: 11: disconnected by user,0.7321,input_userauth_request: invalid user <*> [preauth],0.5332,15.68,15
268,pam_unix(sshd:auth): authentication failure; logname= uid=0 euid=0 tty=ssh ruser= rhost=<*> user=root,exact,<*> rhost=<*> user=root,0.9993,Failed password for <*> for<*> <*> from<*> ssh2 port <*> ssh2],0.5939,pam_unix(sshd:session): session <*> for user fztu by (uid=0),0.5932,16.71,15
269,Failed password for root from <*> port 57303 ssh2,partial,Failed password for <*> for<*> <*> from<*> ssh2 port <*> ssh2],0.9189,<*> rhost=<*> user=root,0.5225,Invalid user cyrus from <*>,0.3215,15.3,15
270,Received disconnect from <*>: 11: Bye Bye [preauth],exact,<*> failures<*> <*> methods<*> available. [preauth],0.9991,Received disconnect from <*>: 11: disconnected by user,0.7321,input_userauth_request: invalid user <*> [preauth],0.5332,15.72,15
271,pam_unix(sshd:auth): authentication failure; logname= uid=0 euid=0 tty=ssh ruser= rhost=<*> user=root,exact,<*> rhost=<*> user=root,0.9993,Failed password for <*> for<*> <*> from<*> ssh2 port <*> ssh2],0.5939,pam_unix(sshd:session): session <*> for user fztu by (uid=0),0.5932,17.21,15
272,Failed password for root from <*> port 57707 ssh2,partial,Failed password for <*> for<*> <*> from<*> ssh2 port <*> ssh2],0.9243,<*> rhost=<*> user=root,0.5324,Invalid user cyrus from <*>,0.3338,15.43,15
273,Received disconnect from <*>: 11: Bye Bye [preauth],exact,<*> failures<*> <*> methods<*> available. [preauth],0.9991,Received disconnect from <*>: 11: disconnected by user,0.7321,input_userauth_request: invalid user <*> [preauth],0.5332,15.58,15
274,pam_unix(sshd:auth): authentication failure; logname= uid=0 euid=0 tty=ssh ruser= rhost=<*> user=root,exact,<*> rhost=<*> user=root,0.9993,Failed password for <*> for<*> <*> from<*> ssh2 port <*> ssh2],0.5939,pam_unix(sshd:session): session <*> for user fztu by (uid=0),0.5932,17.26,15
275,Failed password for root from <*> port 58118 ssh2,partial,Failed password for <*> for<*> <*> from<*> ssh2 port <*> ssh2],0.9175,<*> rhost=<*> user=root,0.5337,Invalid user cyrus from <*>,0.2989,15.14,15
276,Received disconnect from <*>: 11: Bye Bye [preauth],exact,<*> failures<*> <*> methods<*> available. [preauth],0.9991,Received disconnect from <*>: 11: disconnected by user,0.7321,input_userauth_request: invalid user <*> [preauth],0.5332,15.8,15
277,pam_unix(sshd:auth): authentication failure; logname= uid=0 euid=0 tty=ssh ruser= rhost=<*> user=root,exact,<*> rhost=<*> user=root,0.9993,Failed password for <*> for<*> <*> from<*> ssh2 port <*> ssh2],0.5938,pam_unix(sshd:session): session <*> for user fztu by (uid=0),0.5932,16.86,15
278,Failed password for root from <*> port 58491 ssh2,partial,Failed password for <*> for<*> <*> from<*> ssh2 port <*> ssh2],0.9333,<*> rhost=<*> user=root,0.5315,Invalid user <*> from <*>,0.2869,15.44,15
279,Received disconnect from <*>: 11: Bye Bye [preauth],exact,<*> failures<*> <*> methods<*> available. [preauth],0.9992,Received disconnect from <*>: 11: disconnected by user,0.7321,input_userauth_request: invalid user <*> [preauth],0.5332,15.43,15
280,pam_unix(sshd:auth): authentication failure; logname= uid=0 euid=0 tty=ssh ruser= rhost=<*> user=root,exact,<*> rhost=<*> user=root,0.9993,Failed password for <*> for<*> <*> from<*> ssh2 port <*> ssh2],0.5938,pam_unix(sshd:session): session <*> for user fztu by (uid=0),0.5932,17.19,15
281,Failed password for root from <*> port 58824 ssh2,partial,Failed password for <*> for<*> <*> from<*> ssh2 port <*> ssh2],0.9248,<*> rhost=<*> user=root,0.5134,Invalid user cyrus from <*>,0.3052,15.82,15
282,Received disconnect from <*>: 11: Bye Bye [preauth],exact,<*> failures<*> <*> methods<*> available. [preauth],0.9992,Received disconnect from <*>: 11: disconnected by user,0.7321,input_userauth_request: invalid user <*> [preauth],0.5332,15.67,15
283,pam_unix(sshd:auth): authentication failure; logname= uid=0 euid=0 tty=ssh ruser= rhost=<*> user=root,exact,<*> rhost=<*> user=root,0.9993,Failed password for <*> for<*> <*> from<*> ssh2 port <*> ssh2],0.5937,pam_unix(sshd:session): session <*> for user fztu by (uid=0),0.5932,16.89,15
284,Failed password for root from <*> port 59113 ssh2,partial,Failed password for <*> for<*> <*> from<*> ssh2 port <*> ssh2],0.9278,<*> rhost=<*> user=root,0.5431,Invalid user cyrus from <*>,0.3216,15.46,15
285,Received disconnect from <*>: 11: Bye Bye [preauth],exact,<*> failures<*> <*> methods<*> available. [preauth],0.9992,Received disconnect from <*>: 11: disconnected by user,0.7321,input_userauth_request: invalid user <*> [preauth],0.5332,15.37,15
286,pam_unix(sshd:auth): authentication failure; logname= uid=0 euid=0 tty=ssh ruser= rhost=<*> user=root,exact,<*> rhost=<*> user=root,0.9993,Failed password for <*> for<*> <*> from<*> ssh2 port <*> ssh2],0.5937,pam_unix(sshd:session): session <*> for user fztu by (uid=0),0.5932,17.03,15
287,Failed password for root from <*> port 59422 ssh2,partial,Failed password for <*> for<*> <*> from<*> ssh2 port <*> ssh2],0.9533,<*> rhost=<*> user=root,0.5225,Invalid user cyrus from <*>,0.3268,15.33,15
288,Received disconnect from <*>: 11: Bye Bye [preauth],exact,<*> failures<*> <*> methods<*> available. [preauth],0.9992,Received disconnect from <*>: 11: disconnected by user,0.7321,input_userauth_request: invalid user <*> [preauth],0.5332,15.69,15
289,pam_unix(sshd:auth): authentication failure; logname= uid=0 euid=0 tty=ssh ruser= rhost=<*> user=root,exact,<*> rhost=<*> user=root,0.9994,Failed password for <*> for<*> <*> from<*> ssh2 port <*> ssh2],0.5936,pam_unix(sshd:session): session <*> for user fztu by (uid=0),0.5932,17.21,15
290,Failed password for root from <*> port 59850 ssh2,partial,Failed password for <*> for<*> <*> from<*> ssh2 port <*> ssh2],0.944,<*> rhost=<*> user=root,0.5399,Invalid user cyrus from <*>,0.3284,15.46,15
291,Received disconnect from <*>: 11: Bye Bye [preauth],exact,<*> failures<*> <*> methods<*> available. [preauth],0.9992,Received disconnect from <*>: 11: disconnected by user,0.7321,input_userauth_request: invalid user <*> [preauth],0.5332,15.58,15
292,pam_unix(sshd:auth): authentication failure; logname= uid=0 euid=0 tty=ssh ruser= rhost=<*> user=root,exact,<*> rhost=<*> user=root,0.9994,Failed password for <*> for<*> <*> from<*> ssh2 port <*> ssh2],0.5935,pam_unix(sshd:session): session <*> for user fztu by (uid=0),0.5932,16.75,15
293,Failed password for root from <*> port 60231 ssh2,partial,Failed password for <*> for<*> <*> from<*> ssh2 port <*> ssh2],0.9158,<*> rhost=<*> user=root,0.5271,Invalid user cyrus from <*>,0.3289,15.38,15
294,Received disconnect from <*>: 11: Bye Bye [preauth],exact,<*> failures<*> <*> methods<*> available. [preauth],0.9992,Received disconnect from <*>: 11: disconnected by user,0.7321,input_userauth_request: invalid user <*> [preauth],0.5332,15.76,15
295,pam_unix(sshd:auth): authentication failure; logname= uid=0 euid=0 tty=ssh ruser= rhost=<*> user=root,exact,<*> rhost=<*> user=root,0.9994,Failed password for <*> for<*> <*> from<*> ssh2 port <*> ssh2],0.5935,pam_unix(sshd:session): session <*> for user fztu by (uid=0),0.5932,17.34,15
296,Failed password for root from <*> port 60637 ssh2,partial,Failed password for <*> for<*> <*> from<*> ssh2 port <*> ssh2],0.9283,<*> rhost=<*> user=root,0.524,Invalid user cyrus from <*>,0.3487,13.28,15
297,Received disconnect from <*>: 11: Bye Bye [preauth],exact,<*> failures<*> <*> methods<*> available. [preauth],0.9993,Received disconnect from <*>: 11: disconnected by user,0.7321,input_userauth_request: invalid user <*> [preauth],0.5332,11.03,15
298,pam_unix(sshd:auth): authentication failure; logname= uid=0 euid=0 tty=ssh ruser= rhost=<*> user=root,exact,<*> rhost=<*> user=root,0.9994,Failed password for <*> for<*> <*> from<*> ssh2 port <*> ssh2],0.5934,pam_unix(sshd:session): session <*> for user fztu by (uid=0),0.5932,11.81,15
299,Failed password for root from <*> port 60948 ssh2,partial,Failed password for <*> for<*> <*> from<*> ssh2 port <*> ssh2],0.9405,<*> rhost=<*> user=root,0.5515,Invalid user cyrus from <*>,0.3322,10.17,15
300,Received disconnect from <*>: 11: Bye Bye [preauth],exact,<*> failures<*> <*> methods<*> available. [preauth],0.9993,Received disconnect from <*>: 11: disconnected by user,0.7321,input_userauth_request: invalid user <*> [preauth],0.5332,10.39,15
301,pam_unix(sshd:auth): authentication failure; logname= uid=0 euid=0 tty=ssh ruser= rhost=<*> user=root,exact,<*> rhost=<*> user=root,0.9994,Failed password for <*> for<*> <*> from<*> ssh2 port <*> ssh2],0.5934,pam_unix(sshd:session): session <*> for user fztu by (uid=0),0.5932,12.47,15
302,Failed password for root from <*> port 33150 ssh2,partial,Failed password for <*> for<*> <*> from<*> ssh2 port <*> ssh2],0.8358,<*> rhost=<*> user=root,0.5638,Invalid user <*> from <*>,0.3073,10.68,15
303,Received disconnect from <*>: 11: Bye Bye [preauth],exact,<*> failures<*> <*> methods<*> available. [preauth],0.9993,Received disconnect from <*>: 11: disconnected by user,0.7321,input_userauth_request: invalid user <*> [preauth],0.5332,12.89,15
304,pam_unix(sshd:auth): authentication failure; logname= uid=0 euid=0 tty=ssh ruser= rhost=<*> user=root,exact,<*> rhost=<*> user=root,0.9994,Failed password for <*> for<*> <*> from<*> ssh2 port <*> ssh2],0.5936,pam_unix(sshd:session): session <*> for user fztu by (uid=0),0.5932,12.02,15
305,Failed password for root from <*> port 33581 ssh2,partial,Failed password for <*> for<*> <*> from<*> ssh2 port <*> ssh2],0.9357,<*> rhost=<*> user=root,0.5362,Invalid user cyrus from <*>,0.3234,11.17,15
306,Received disconnect from <*>: 11: Bye Bye [preauth],exact,<*> failures<*> <*> methods<*> available. [preauth],0.9993,Received disconnect from <*>: 11: disconnected by user,0.7321,input_userauth_request: invalid user <*> [preauth],0.5332,10.49,15
307,pam_unix(sshd:auth): authentication failure; logname= uid=0 euid=0 tty=ssh ruser= rhost=<*> user=root,exact,<*> rhost=<*> user=root,0.9994,Failed password for <*> for<*> <*> from<*> ssh2 port <*> ssh2],0.5936,pam_unix(sshd:session): session <*> for user fztu by (uid=0),0.5932,11.65,15
308,Failed password for root from <*> port 33946 ssh2,partial,Failed password for <*> for<*> <*> from<*> ssh2 port <*> ssh2],0.9116,<*> rhost=<*> user=root,0.508,Invalid user <*> from <*>,0.3249,10.25,15
309,Received disconnect from <*>: 11: Bye Bye [preauth],exact,<*> failures<*> <*> methods<*> available. [preauth],0.9993,Received disconnect from <*>: 11: disconnected by user,0.7321,input_userauth_request: invalid user <*> [preauth],0.5332,10.24,15
310,pam_unix(sshd:auth): authentication failure; logname= uid=0 euid=0 tty=ssh ruser= rhost=<*> user=root,exact,<*> rhost=<*> user=root,0.9994,Failed password for <*> for<*> <*> from<*> ssh2 port <*> ssh2],0.5935,pam_unix(sshd:session): session <*> for user fztu by (uid=0),0.5932,11.59,15
311,Failed password for root from <*> port 34346 ssh2,partial,Failed password for <*> for<*> <*> from<*> ssh2 port <*> ssh2],0.9493,<*> rhost=<*> user=root,0.5595,Invalid user cyrus from <*>,0.3187,10.15,15
312,Received disconnect from <*>: 11: Bye Bye [preauth],exact,<*> failures<*> <*> methods<*> available. [preauth],0.9993,Received disconnect from <*>: 11: disconnected by user,0.7321,input_userauth_request: invalid user <*> [preauth],0.5332,10.31,15
313,pam_unix(sshd:auth): authentication failure; logname= uid=0 euid=0 tty=ssh ruser= rhost=<*> user=root,exact,<*> rhost=<*> user=root,0.9994,Failed password for <*> for<*> <*> from<*> ssh2 port <*> ssh2],0.5935,pam_unix(sshd:session): session <*> for user fztu by (uid=0),0.5932,11.43,15
314,Failed password for root from <*> port 34695 ssh2,partial,Failed password for <*> for<*> <*> from<*> ssh2 port <*> ssh2],0.9534,<*> rhost=<*> user=root,0.5728,Invalid user cyrus from <*>,0.3414,9.93,15
315,Received disconnect from <*>: 11: Bye Bye [preauth],exact,<*> failures<*> <*> methods<*> available. [preauth],0.9993,Received disconnect from <*>: 11: disconnected by user,0.7321,input_userauth_request: invalid user <*> [preauth],0.5332,9.9,15
316,pam_unix(sshd:auth): authentication failure; logname= uid=0 euid=0 tty=ssh ruser= rhost=<*> user=root,exact,<*> rhost=<*> user=root,0.9994,Failed password for <*> for<*> <*> from<*> ssh2 port <*> ssh2],0.5935,pam_unix(sshd:session): session <*> for user fztu by (uid=0),0.5932,11.54,15
317,Failed password for root from <*> port 35113 ssh2,partial,Failed password for <*> for<*> <*> from<*> ssh2 port <*> ssh2],0.9247,<*> rhost=<*> user=root,0.5707,Invalid user <*> from <*>,0.3342,10.13,15
318,Received disconnect from <*>: 11: Bye Bye [preauth],exact,<*> failures<*> <*> methods<*> available. [preauth],0.9993,Received disconnect from <*>: 11: disconnected by user,0.7321,input_userauth_request: invalid user <*> [preauth],0.5332,10.21,15
319,pam_unix(sshd:auth): authentication failure; logname= uid=0 euid=0 tty=ssh ruser= rhost=<*> user=root,exact,<*> rhost=<*> user=root,0.9995,Failed password for <*> for<*> <*> from<*> ssh2 port <*> ssh2],0.5936,pam_unix(sshd:session): session <*> for user fztu by (uid=0),0.5932,11.41,15
320,Failed password for root from <*> port 35404 ssh2,partial,Failed password for <*> for<*> <*> from<*> ssh2 port <*> ssh2],0.8835,<*> rhost=<*> user=root,0.5063,Invalid user <*> from <*>,0.2904,10.11,15
321,Received disconnect from <*>: 11: Bye Bye [preauth],exact,<*> failures<*> <*> methods<*> available. [preauth],0.9994,Received disconnect from <*>: 11: disconnected by user,0.7321,input_userauth_request: invalid user <*> [preauth],0.5332,10.01,15
322,pam_unix(sshd:auth): authentication failure; logname= uid=0 euid=0 tty=ssh ruser= rhost=<*> user=root,exact,<*> rhost=<*> user=root,0.9995,Failed password for <*> for<*> <*> from<*> ssh2 port <*> ssh2],0.5935,pam_unix(sshd:session): session <*> for user fztu by (uid=0),0.5932,11.55,15
323,Failed password for root from <*> port 35876 ssh2,partial,Failed password for <*> for<*> <*> from<*> ssh2 port <*> ssh2],0.9475,<*> rhost=<*> user=root,0.5617,Invalid user cyrus from <*>,0.3323,10.29,15
324,Received disconnect from <*>: 11: Bye Bye [preauth],exact,<*> failures<*> <*> methods<*> available. [preauth],0.9994,Received disconnect from <*>: 11: disconnected by user,0.7321,input_userauth_request: invalid user <*> [preauth],0.5332,10.24,15
325,pam_unix(sshd:auth): authentication failure; logname= uid=0 euid=0 tty=ssh ruser= rhost=<*> user=root,exact,<*> rhost=<*> user=root,0.9995,Failed password for <*> for<*> <*> from<*> ssh2 port <*> ssh2],0.5935,pam_unix(sshd:session): session <*> for user fztu by (uid=0),0.5932,11.52,15
326,Failed password for root from <*> port 36235 ssh2,partial,Failed password for <*> for<*> <*> from<*> ssh2 port <*> ssh2],0.9334,<*> rhost=<*> user=root,0.5325,Invalid user cyrus from <*>,0.3363,10.59,15
327,Received disconnect from <*>: 11: Bye Bye [preauth],exact,<*> failures<*> <*> methods<*> available. [preauth],0.9994,Received disconnect from <*>: 11: disconnected by user,0.7321,input_userauth_request: invalid user <*> [preauth],0.5332,10.32,15
328,pam_unix(sshd:auth): authentication failure; logname= uid=0 euid=0 tty=ssh ruser= rhost=<*> user=root,exact,<*> rhost=<*> user=root,0.9995,Failed password for <*> for<*> <*> from<*> ssh2 port <*> ssh2],0.5935,pam_unix(sshd:session): session <*> for user fztu by (uid=0),0.5932,12.01,15
329,Failed password for root from <*> port 36634 ssh2,partial,Failed password for <*> for<*> <*> from<*> ssh2 port <*> ssh2],0.939,<*> rhost=<*> user=root,0.5524,Invalid user cyrus from <*>,0.3393,10.16,15
330,Received disconnect from <*>: 11: Bye Bye [preauth],exact,<*> failures<*> <*> methods<*> available. [preauth],0.9994,Received disconnect from <*>: 11: disconnected by user,0.7321,input_userauth_request: invalid user <*> [preauth],0.5332,10.38,15
331,pam_unix(sshd:auth): authentication failure; logname= uid=0 euid=0 tty=ssh ruser= rhost=<*> user=root,exact,<*> rhost=<*> user=root,0.9995,Failed password for <*> for<*> <*> from<*> ssh2 port <*> ssh2],0.5935,pam_unix(sshd:session): session <*> for user fztu by (uid=0),0.5932,11.65,15
332,Failed password for root from <*> port 37047 ssh2,partial,Failed password for <*> for<*> <*> from<*> ssh2 port <*> ssh2],0.941,<*> rhost=<*> user=root,0.5426,Invalid user cyrus from <*>,0.3529,10.17,15
333,Received disconnect from <*>: 11: Bye Bye [preauth],exact,<*> failures<*> <*> methods<*> available. [preauth],0.9994,Received disconnect from <*>: 11: disconnected by user,0.7321,input_userauth_request: invalid user <*> [preauth],0.5332,10.45,15
334,pam_unix(sshd:auth): authentication failure; logname= uid=0 euid=0 tty=ssh ruser= rhost=<*> user=root,exact,<*> rhost=<*> user=root,0.9995,Failed password for <*> for<*> <*> from<*> ssh2 port <*> ssh2],0.5934,pam_unix(sshd:session): session <*> for user fztu by (uid=0),0.5932,11.65,15
335,Failed password for root from <*> port 37437 ssh2,partial,Failed password for <*> for<*> <*> from<*> ssh2 port <*> ssh2],0.9351,<*> rhost=<*> user=root,0.5575,Invalid user cyrus from <*>,0.3406,10.16,15
336,Received disconnect from <*>: 11: Bye Bye [preauth],exact,<*> failures<*> <*> methods<*> available. [preauth],0.9994,Received disconnect from <*>: 11: disconnected by user,0.7321,input_userauth_request: invalid user <*> [preauth],0.5332,10.03,15
337,pam_unix(sshd:auth): authentication failure; logname= uid=0 euid=0 tty=ssh ruser= rhost=<*> user=root,exact,<*> rhost=<*> user=root,0.9995,Failed password for <*> for<*> <*> from<*> ssh2 port <*> ssh2],0.5934,pam_unix(sshd:session): session <*> for user fztu by (uid=0),0.5932,11.02,15
338,Failed password for root from <*> port 37760 ssh2,partial,Failed password for <*> for<*> <*> from<*> ssh2 port <*> ssh2],0.924,<*> rhost=<*> user=root,0.5621,Invalid user cyrus from <*>,0.3364,9.85,15
339,Received disconnect from <*>: 11: Bye Bye [preauth],exact,<*> failures<*> <*> methods<*> available. [preauth],0.9994,Received disconnect from <*>: 11: disconnected by user,0.7321,input_userauth_request: invalid user <*> [preauth],0.5332,10.26,15
340,pam_unix(sshd:auth): authentication failure; logname= uid=0 euid=0 tty=ssh ruser= rhost=<*> user=root,exact,<*> rhost=<*> user=root,0.9995,Failed password for <*> for<*> <*> from<*> ssh2 port <*> ssh2],0.5935,pam_unix(sshd:session): session <*> for user fztu by (uid=0),0.5932,11.8,15
341,Failed password for root from <*> port 38133 ssh2,partial,Failed password for <*> for<*> <*> from<*> ssh2 port <*> ssh2],0.9108,<*> rhost=<*> user=root,0.5606,Invalid user cyrus from <*>,0.3396,10.01,15
342,Received disconnect from <*>: 11: Bye Bye [preauth],exact,<*> failures<*> <*> methods<*> available. [preauth],0.9994,Received disconnect from <*>: 11: disconnected by user,0.7321,input_userauth_request: invalid user <*> [preauth],0.5332,10.47,15
343,pam_unix(sshd:auth): authentication failure; logname= uid=0 euid=0 tty=ssh ruser= rhost=<*> user=root,exact,<*> rhost=<*> user=root,0.9995,Failed password for <*> for<*> <*> from<*> ssh2 port <*> ssh2],0.5935,pam_unix(sshd:session): session <*> for user fztu by (uid=0),0.5932,11.35,15
344,Failed password for root from <*> port 38485 ssh2,partial,Failed password for <*> for<*> <*> from<*> ssh2 port <*> ssh2],0.9421,<*> rhost=<*> user=root,0.5282,Invalid user cyrus from <*>,0.3215,10.25,15
345,Received disconnect from <*>: 11: Bye Bye [preauth],exact,<*> failures<*> <*> methods<*> available. [preauth],0.9994,Received disconnect from <*>: 11: disconnected by user,0.7321,input_userauth_request: invalid user <*> [preauth],0.5332,10.34,15
346,pam_unix(sshd:auth): authentication failure; logname= uid=0 euid=0 tty=ssh ruser= rhost=<*> user=root,exact,<*> rhost=<*> user=root,0.9995,Failed password for <*> for<*> <*> from<*> ssh2 port <*> ssh2],0.5935,pam_unix(sshd:session): session <*> for user fztu by (uid=0),0.5932,11.44,15
347,Failed password for root from <*> port 38850 ssh2,partial,Failed password for <*> for<*> <*> from<*> ssh2 port <*> ssh2],0.9466,<*> rhost=<*> user=root,0.5544,Invalid user cyrus from <*>,0.3277,10.22,15
348,Received disconnect from <*>: 11: Bye Bye [preauth],exact,<*> failures<*> <*> methods<*> available. [preauth],0.9994,Received disconnect from <*>: 11: disconnected by user,0.7321,input_userauth_request: invalid user <*> [preauth],0.5332,10.17,15
349,pam_unix(sshd:auth): authentication failure; logname= uid=0 euid=0 tty=ssh ruser= rhost=<*> user=root,exact,<*> rhost=<*> user=root,0.9995,Failed password for <*> for<*> <*> from<*> ssh2 port <*> ssh2],0.5934,pam_unix(sshd:session): session <*> for user fztu by (uid=0),0.5932,11.0,15
350,Failed password for root from <*> port 39278 ssh2,partial,Failed password for <*> for<*> <*> from<*> ssh2 port <*> ssh2],0.949,<*> rhost=<*> user=root,0.526,Invalid user cyrus from <*>,0.3188,9.89,15
351,Received disconnect from <*>: 11: Bye Bye [preauth],exact,<*> failures<*> <*> methods<*> available. [preauth],0.9995,Received disconnect from <*>: 11: disconnected by user,0.7321,input_userauth_request: invalid user <*> [preauth],0.5332,9.92,15
352,pam_unix(sshd:auth): authentication failure; logname= uid=0 euid=0 tty=ssh ruser= rhost=<*> user=root,exact,<*> rhost=<*> user=root,0.9995,Failed password for <*> for<*> <*> from<*> ssh2 port <*> ssh2],0.5934,pam_unix(sshd:session): session <*> for user fztu by (uid=0),0.5932,11.72,15
353,Failed password for root from <*> port 39710 ssh2,partial,Failed password for <*> for<*> <*> from<*> ssh2 port <*> ssh2],0.9486,<*> rhost=<*> user=root,0.5464,Invalid user cyrus from <*>,0.3333,10.36,15
354,Received disconnect from <*>: 11: Bye Bye [preauth],exact,<*> failures<*> <*> methods<*> available. [preauth],0.9995,Received disconnect from <*>: 11: disconnected by user,0.7321,input_userauth_request: invalid user <*> [preauth],0.5332,10.33,15
355,pam_unix(sshd:auth): authentication failure; logname= uid=0 euid=0 tty=ssh ruser= rhost=<*> user=root,exact,<*> rhost=<*> user=root,0.9995,Failed password for <*> for<*> <*> from<*> ssh2 port <*> ssh2],0.5933,pam_unix(sshd:session): session <*> for user fztu by (uid=0),0.5932,11.46,15
356,Failed password for root from <*> port 40139 ssh2,partial,Failed password for <*> for<*> <*> from<*> ssh2 port <*> ssh2],0.8858,<*> rhost=<*> user=root,0.5559,Invalid user cyrus from <*>,0.3016,9.92,15
357,Received disconnect from <*>: 11: Bye Bye [preauth],exact,<*> failures<*> <*> methods<*> available. [preauth],0.9995,Received disconnect from <*>: 11: disconnected by user,0.7321,input_userauth_request: invalid user <*> [preauth],0.5332,9.93,15
358,pam_unix(sshd:auth): authentication failure; logname= uid=0 euid=0 tty=ssh ruser= rhost=<*> user=root,exact,<*> rhost=<*> user=root,0.9996,Failed password for <*> for<*> <*> from<*> ssh2 port <*> ssh2],0.5934,pam_unix(sshd:session): session <*> for user fztu by (uid=0),0.5932,11.4,15
359,Failed password for root from <*> port 40476 ssh2,partial,Failed password for <*> for<*> <*> from<*> ssh2 port <*> ssh2],0.905,<*> rhost=<*> user=root,0.5523,Invalid user cyrus from <*>,0.3669,10.06,15
360,Received disconnect from <*>: 11: Bye Bye [preauth],exact,<*> failures<*> <*> methods<*> available. [preauth],0.9995,Received disconnect from <*>: 11: disconnected by user,0.7321,input_userauth_request: invalid user <*> [preauth],0.5332,10.18,15
361,pam_unix(sshd:auth): authentication failure; logname= uid=0 euid=0 tty=ssh ruser= rhost=<*> user=root,exact,<*> rhost=<*> user=root,0.9996,Failed password for <*> for<*> <*> from<*> ssh2 port <*> ssh2],0.5934,pam_unix(sshd:session): session <*> for user fztu by (uid=0),0.5932,11.57,15
362,Failed password for root from <*> port 40931 ssh2,partial,Failed password for <*> for<*> <*> from<*> ssh2 port <*> ssh2],0.9355,<*> rhost=<*> user=root,0.5526,Invalid user cyrus from <*>,0.2985,10.29,15
363,Received disconnect from <*>: 11: Bye Bye [preauth],exact,<*> failures<*> <*> methods<*> available. [preauth],0.9995,Received disconnect from <*>: 11: disconnected by user,0.7321,input_userauth_request: invalid user <*> [preauth],0.5332,10.57,15
364,pam_unix(sshd:auth): authentication failure; logname= uid=0 euid=0 tty=ssh ruser= rhost=<*> user=root,exact,<*> rhost=<*> user=root,0.9996,Failed password for <*> for<*> <*> from<*> ssh2 port <*> ssh2],0.5934,pam_unix(sshd:session): session <*> for user fztu by (uid=0),0.5932,11.74,15
365,Failed password for root from <*> port 41350 ssh2,partial,Failed password for <*> for<*> <*> from<*> ssh2 port <*> ssh2],0.9126,<*> rhost=<*> user=root,0.5269,Invalid user cyrus from <*>,0.3124,10.17,15
366,Received disconnect from <*>: 11: Bye Bye [preauth],exact,<*> failures<*> <*> methods<*> available. [preauth],0.9995,Received disconnect from <*>: 11: disconnected by user,0.7321,input_userauth_request: invalid user <*> [preauth],0.5332,10.24,15
367,pam_unix(sshd:auth): authentication failure; logname= uid=0 euid=0 tty=ssh ruser= rhost=<*> user=root,exact,<*> rhost=<*> user=root,0.9996,Failed password for <*> for<*> <*> from<*> ssh2 port <*> ssh2],0.5934,pam_unix(sshd:session): session <*> for user fztu by (uid=0),0.5932,11.48,15
368,Failed password for root from <*> port 41795 ssh2,partial,Failed password for <*> for<*> <*> from<*> ssh2 port <*> ssh2],0.9445,<*> rhost=<*> user=root,0.5577,Invalid user cyrus from <*>,0.3541,10.12,15
369,Received disconnect from <*>: 11: Bye Bye [preauth],exact,<*> failures<*> <*> methods<*> available. [preauth],0.9995,Received disconnect from <*>: 11: disconnected by user,0.7321,input_userauth_request: invalid user <*> [preauth],0.5332,10.19,15
370,pam_unix(sshd:auth): authentication failure; logname= uid=0 euid=0 tty=ssh ruser= rhost=<*> user=root,exact,<*> rhost=<*> user=root,0.9996,Failed password for <*> for<*> <*> from<*> ssh2 port <*> ssh2],0.5934,pam_unix(sshd:session): session <*> for user fztu by (uid=0),0.5932,11.41,15
371,Failed password for root from <*> port 42294 ssh2,partial,Failed password for <*> for<*> <*> from<*> ssh2 port <*> ssh2],0.9515,<*> rhost=<*> user=root,0.5697,Invalid user cyrus from <*>,0.3496,10.0,15
372,Received disconnect from <*>: 11: Bye Bye [preauth],exact,<*> failures<*> <*> methods<*> available. [preauth],0.9995,Received disconnect from <*>: 11: disconnected by user,0.7321,input_userauth_request: invalid user <*> [preauth],0.5332,9.91,15
373,pam_unix(sshd:auth): authentication failure; logname= uid=0 euid=0 tty=ssh ruser= rhost=<*> user=root,exact,<*> rhost=<*> user=root,0.9996,Failed password for <*> for<*> <*> from<*> ssh2 port <*> ssh2],0.5934,pam_unix(sshd:session): session <*> for user fztu by (uid=0),0.5932,11.03,15
374,Failed password for root from <*> port 42636 ssh2,partial,Failed password for <*> for<*> <*> from<*> ssh2 port <*> ssh2],0.9506,<*> rhost=<*> user=root,0.5361,Invalid user cyrus from <*>,0.3415,10.4,15
375,Received disconnect from <*>: 11: Bye Bye [preauth],exact,<*> failures<*> <*> methods<*> available. [preauth],0.9995,Received disconnect from <*>: 11: disconnected by user,0.7321,input_userauth_request: invalid user <*> [preauth],0.5332,10.18,15
376,pam_unix(sshd:auth): authentication failure; logname= uid=0 euid=0 tty=ssh ruser= rhost=<*> user=root,exact,<*> rhost=<*> user=root,0.9996,Failed password for <*> for<*> <*> from<*> ssh2 port <*> ssh2],0.5934,pam_unix(sshd:session): session <*> for user fztu by (uid=0),0.5932,11.65,15
377,Failed password for root from <*> port 43083 ssh2,partial,Failed password for <*> for<*> <*> from<*> ssh2 port <*> ssh2],0.9151,<*> rhost=<*> user=root,0.5606,Invalid user cyrus from <*>,0.3464,10.13,15
378,Received disconnect from <*>: 11: Bye Bye [preauth],exact,<*> failures<*> <*> methods<*> available. [preauth],0.9995,Received disconnect from <*>: 11: disconnected by user,0.7321,input_userauth_request: invalid user <*> [preauth],0.5332,10.26,15
379,pam_unix(sshd:auth): authentication failure; logname= uid=0 euid=0 tty=ssh ruser= rhost=<*> user=root,exact,<*> rhost=<*> user=root,0.9996,Failed password for <*> for<*> <*> from<*> ssh2 port <*> ssh2],0.5934,pam_unix(sshd:session): session <*> for user fztu by (uid=0),0.5932,11.46,15
380,Failed password for root from <*> port 43476 ssh2,partial,Failed password for <*> for<*> <*> from<*> ssh2 port <*> ssh2],0.9533,<*> rhost=<*> user=root,0.5211,Invalid user cyrus from <*>,0.3315,10.15,15
381,Received disconnect from <*>: 11: Bye Bye [preauth],exact,<*> failures<*> <*> methods<*> available. [preauth],0.9995,Received disconnect from <*>: 11: disconnected by user,0.7321,input_userauth_request: invalid user <*> [preauth],0.5332,10.27,15
382,pam_unix(sshd:auth): authentication failure; logname= uid=0 euid=0 tty=ssh ruser= rhost=<*> user=root,exact,<*> rhost=<*> user=root,0.9996,Failed password for <*> for<*> <*> from<*> ssh2 port <*> ssh2],0.5933,pam_unix(sshd:session): session <*> for user fztu by (uid=0),0.5932,11.85,15
383,Failed password for root from <*> port 43897 ssh2,partial,Failed password for <*> for<*> <*> from<*> ssh2 port <*> ssh2],0.9362,<*> rhost=<*> user=root,0.524,Invalid user cyrus from <*>,0.3267,10.42,15
384,Received disconnect from <*>: 11: Bye Bye [preauth],exact,<*> failures<*> <*> methods<*> available. [preauth],0.9995,Received disconnect from <*>: 11: disconnected by user,0.7321,input_userauth_request: invalid user <*> [preauth],0.5332,10.61,15
385,pam_unix(sshd:auth): authentication failure; logname= uid=0 euid=0 tty=ssh ruser= rhost=<*> user=root,exact,<*> rhost=<*> user=root,0.9996,Failed password for <*> for<*> <*> from<*> ssh2 port <*> ssh2],0.5932,pam_unix(sshd:session): session <*> for user fztu by (uid=0),0.5932,11.7,15
386,Failed password for root from <*> port 44412 ssh2,partial,Failed password for <*> for<*> <*> from<*> ssh2 port <*> ssh2],0.9311,<*> rhost=<*> user=root,0.4969,Invalid user cyrus from <*>,0.2996,10.25,15
387,Received disconnect from <*>: 11: Bye Bye [preauth],exact,<*> failures<*> <*> methods<*> available. [preauth],0.9995,Received disconnect from <*>: 11: disconnected by user,0.7321,input_userauth_request: invalid user <*> [preauth],0.5332,10.32,15
388,pam_unix(sshd:auth): authentication failure; logname= uid=0 euid=0 tty=ssh ruser= rhost=<*> user=root,exact,<*> rhost=<*> user=root,0.9996,pam_unix(sshd:session): session <*> for user fztu by (uid=0),0.5932,Failed password for <*> for<*> <*> from<*> ssh2 port <*> ssh2],0.5931,11.46,15
389,Failed password for root from <*> port 44785 ssh2,partial,Failed password for <*> for<*> <*> from<*> ssh2 port <*> ssh2],0.9148,<*> rhost=<*> user=root,0.4974,Invalid user cyrus from <*>,0.3045,10.18,15
390,Received disconnect from <*>: 11: Bye Bye [preauth],exact,<*> failures<*> <*> methods<*> available. [preauth],0.9996,Received disconnect from <*>: 11: disconnected by user,0.7321,input_userauth_request: invalid user <*> [preauth],0.5332,10.33,15
391,pam_unix(sshd:auth): authentication failure; logname= uid=0 euid=0 tty=ssh ruser= rhost=<*> user=root,exact,<*> rhost=<*> user=root,0.9996,pam_unix(sshd:session): session <*> for user fztu by (uid=0),0.5932,Failed password for <*> for<*> <*> from<*> ssh2 port <*> ssh2],0.593,11.99,15
392,Failed password for root from <*> port 45179 ssh2,partial,Failed password for <*> for<*> <*> from<*> ssh2 port <*> ssh2],0.9407,<*> rhost=<*> user=root,0.5471,Invalid user cyrus from <*>,0.3347,10.39,15
393,Received disconnect from <*>: 11: Bye Bye [preauth],exact,<*> failures<*> <*> methods<*> available. [preauth],0.9996,Received disconnect from <*>: 11: disconnected by user,0.7321,input_userauth_request: invalid user <*> [preauth],0.5332,10.01,15
394,pam_unix(sshd:auth): authentication failure; logname= uid=0 euid=0 tty=ssh ruser= rhost=<*> user=root,exact,<*> rhost=<*> user=root,0.9996,pam_unix(sshd:session): session <*> for user fztu by (uid=0),0.5932,Failed password for <*> for<*> <*> from<*> ssh2 port <*> ssh2],0.593,10.83,15
395,Failed password for root from <*> port 45648 ssh2,partial,Failed password for <*> for<*> <*> from<*> ssh2 port <*> ssh2],0.9426,<*> rhost=<*> user=root,0.537,Invalid user cyrus from <*>,0.3153,10.27,15
396,Received disconnect from <*>: 11: Bye Bye [preauth],exact,<*> failures<*> <*> methods<*> available. [preauth],0.9996,Received disconnect from <*>: 11: disconnected by user,0.7321,input_userauth_request: invalid user <*> [preauth],0.5332,10.21,15
397,pam_unix(sshd:auth): authentication failure; logname= uid=0 euid=0 tty=ssh ruser= rhost=<*> user=root,exact,<*> rhost=<*> user=root,0.9996,pam_unix(sshd:session): session <*> for user fztu by (uid=0),0.5932,Failed password for <*> for<*> <*> from<*> ssh2 port <*> ssh2],0.593,11.55,15
398,Failed password for root from <*> port 46059 ssh2,partial,Failed password for <*> for<*> <*> from<*> ssh2 port <*> ssh2],0.9484,<*> rhost=<*> user=root,0.5641,Invalid user cyrus from <*>,0.3113,10.11,15
399,Received disconnect from <*>: 11: Bye Bye [preauth],exact,<*> failures<*> <*> methods<*> available. [preauth],0.9996,Received disconnect from <*>: 11: disconnected by user,0.7321,input_userauth_request: invalid user <*> [preauth],0.5332,10.25,15
400,pam_unix(sshd:auth): authentication failure; logname= uid=0 euid=0 tty=ssh ruser= rhost=<*> user=root,exact,<*> rhost=<*> user=root,0.9996,pam_unix(sshd:session): session <*> for user fztu by (uid=0),0.5932,Failed password for <*> for<*> <*> from<*> ssh2 port <*> ssh2],0.593,11.47,15
401,Failed password for root from <*> port 46515 ssh2,partial,Failed password for <*> for<*> <*> from<*> ssh2 port <*> ssh2],0.9191,<*> rhost=<*> user=root,0.5137,Invalid user cyrus from <*>,0.291,10.24,15
402,Received disconnect from <*>: 11: Bye Bye [preauth],exact,<*> failures<*> <*> methods<*> available. [preauth],0.9996,Received disconnect from <*>: 11: disconnected by user,0.7321,input_userauth_request: invalid user <*> [preauth],0.5332,11.29,15
403,pam_unix(sshd:auth): authentication failure; logname= uid=0 euid=0 tty=ssh ruser= rhost=<*> user=root,exact,<*> rhost=<*> user=root,0.9996,pam_unix(sshd:session): session <*> for user fztu by (uid=0),0.5932,Failed password for <*> for<*> <*> from<*> ssh2 port <*> ssh2],0.5929,13.4,15
404,Failed password for root from <*> port 46953 ssh2,partial,Failed password for <*> for<*> <*> from<*> ssh2 port <*> ssh2],0.9653,<*> rhost=<*> user=root,0.5373,Invalid user cyrus from <*>,0.3174,11.21,15
405,Received disconnect from <*>: 11: Bye Bye [preauth],exact,<*> failures<*> <*> methods<*> available. [preauth],0.9996,Received disconnect from <*>: 11: disconnected by user,0.7321,input_userauth_request: invalid user <*> [preauth],0.5332,10.32,15
406,pam_unix(sshd:auth): authentication failure; logname= uid=0 euid=0 tty=ssh ruser= rhost=<*> user=root,exact,<*> rhost=<*> user=root,0.9996,pam_unix(sshd:session): session <*> for user fztu by (uid=0),0.5932,Failed password for <*> for<*> <*> from<*> ssh2 port <*> ssh2],0.5928,11.7,15
407,Failed password for root from <*> port 47366 ssh2,partial,Failed password for <*> for<*> <*> from<*> ssh2 port <*> ssh2],0.9566,<*> rhost=<*> user=root,0.5345,Invalid user cyrus from <*>,0.3397,10.13,15
408,Received disconnect from <*>: 11: Bye Bye [preauth],exact,<*> failures<*> <*> methods<*> available. [preauth],0.9996,Received disconnect from <*>: 11: disconnected by user,0.7321,input_userauth_request: invalid user <*> [preauth],0.5332,9.95,15
409,pam_unix(sshd:auth): authentication failure; logname= uid=0 euid=0 tty=ssh ruser= rhost=<*> user=root,exact,<*> rhost=<*> user=root,0.9996,pam_unix(sshd:session): session <*> for user fztu by (uid=0),0.5932,Failed password for <*> for<*> <*> from<*> ssh2 port <*> ssh2],0.5927,11.58,15
410,Failed password for root from <*> port 47852 ssh2,partial,Failed password for <*> for<*> <*> from<*> ssh2 port <*> ssh2],0.9642,<*> rhost=<*> user=root,0.5386,Invalid user cyrus from <*>,0.3339,10.36,15
411,Received disconnect from <*>: 11: Bye Bye [preauth],exact,<*> failures<*> <*> methods<*> available. [preauth],0.9996,Received disconnect from <*>: 11: disconnected by user,0.7321,input_userauth_request: invalid user <*> [preauth],0.5332,10.25,15
412,pam_unix(sshd:auth): authentication failure; logname= uid=0 euid=0 tty=ssh ruser= rhost=<*> user=root,exact,<*> rhost=<*> user=root,0.9997,pam_unix(sshd:session): session <*> for user fztu by (uid=0),0.5932,Failed password for <*> for<*> <*> from<*> ssh2 port <*> ssh2],0.5927,11.49,15
413,Failed password for root from <*> port 48252 ssh2,partial,Failed password for <*> for<*> <*> from<*> ssh2 port <*> ssh2],0.9232,<*> rhost=<*> user=root,0.4925,Invalid user cyrus from <*>,0.3054,10.23,15
414,Received disconnect from <*>: 11: Bye Bye [preauth],exact,<*> failures<*> <*> methods<*> available. [preauth],0.9996,Received disconnect from <*>: 11: disconnected by user,0.7321,input_userauth_request: invalid user <*> [preauth],0.5332,10.03,15
415,pam_unix(sshd:auth): authentication failure; logname= uid=0 euid=0 tty=ssh ruser= rhost=<*> user=root,exact,<*> rhost=<*> user=root,0.9997,pam_unix(sshd:session): session <*> for user fztu by (uid=0),0.5932,Failed password for <*> for<*> <*> from<*> ssh2 port <*> ssh2],0.5926,11.56,15
416,Failed password for root from <*> port 48708 ssh2,partial,Failed password for <*> for<*> <*> from<*> ssh2 port <*> ssh2],0.9367,<*> rhost=<*> user=root,0.5274,Invalid user cyrus from <*>,0.3229,10.24,15
417,Received disconnect from <*>: 11: Bye Bye [preauth],exact,<*> failures<*> <*> methods<*> available. [preauth],0.9996,Received disconnect from <*>: 11: disconnected by user,0.7321,input_userauth_request: invalid user <*> [preauth],0.5332,10.22,15
418,pam_unix(sshd:auth): authentication failure; logname= uid=0 euid=0 tty=ssh ruser= rhost=<*> user=root,exact,<*> rhost=<*> user=root,0.9997,pam_unix(sshd:session): session <*> for user fztu by (uid=0),0.5932,Failed password for <*> for<*> <*> from<*> ssh2 port <*> ssh2],0.5925,11.53,15
419,Failed password for root from <*> port 49161 ssh2,partial,Failed password for <*> for<*> <*> from<*> ssh2 port <*> ssh2],0.9385,<*> rhost=<*> user=root,0.5605,Invalid user cyrus from <*>,0.3303,10.19,15
420,Received disconnect from <*>: 11: Bye Bye [preauth],exact,<*> failures<*> <*> methods<*> available. [preauth],0.9996,Received disconnect from <*>: 11: disconnected by user,0.7321,input_userauth_request: invalid user <*> [preauth],0.5332,10.2,15
421,pam_unix(sshd:auth): authentication failure; logname= uid=0 euid=0 tty=ssh ruser= rhost=<*> user=root,exact,<*> rhost=<*> user=root,0.9997,pam_unix(sshd:session): session <*> for user fztu by (uid=0),0.5932,Failed password for <*> for<*> <*> from<*> ssh2 port <*> ssh2],0.5925,11.75,15
422,Failed password for root from <*> port 49567 ssh2,partial,Failed password for <*> for<*> <*> from<*> ssh2 port <*> ssh2],0.9567,<*> rhost=<*> user=root,0.5604,Invalid user cyrus from <*>,0.348,10.35,15
423,Received disconnect from <*>: 11: Bye Bye [preauth],exact,<*> failures<*> <*> methods<*> available. [preauth],0.9996,Received disconnect from <*>: 11: disconnected by user,0.7321,input_userauth_request: invalid user <*> [preauth],0.5332,10.27,15
424,pam_unix(sshd:auth): authentication failure; logname= uid=0 euid=0 tty=ssh ruser= rhost=<*> user=root,exact,<*> rhost=<*> user=root,0.9997,pam_unix(sshd:session): session <*> for user fztu by (uid=0),0.5932,Failed password for <*> for<*> <*> from<*> ssh2 port <*> ssh2],0.5925,11.57,15
425,Failed password for root from <*> port 50101 ssh2,partial,Failed password for <*> for<*> <*> from<*> ssh2 port <*> ssh2],0.9247,<*> rhost=<*> user=root,0.5725,Invalid user cyrus from <*>,0.3208,10.03,15
426,Received disconnect from <*>: 11: Bye Bye [preauth],exact,<*> failures<*> <*> methods<*> available. [preauth],0.9996,Received disconnect from <*>: 11: disconnected by user,0.7321,input_userauth_request: invalid user <*> [preauth],0.5332,10.27,15
427,pam_unix(sshd:auth): authentication failure; logname= uid=0 euid=0 tty=ssh ruser= rhost=<*> user=root,exact,<*> rhost=<*> user=root,0.9997,pam_unix(sshd:session): session <*> for user fztu by (uid=0),0.5932,Failed password for <*> for<*> <*> from<*> ssh2 port <*> ssh2],0.5926,13.01,15
428,Failed password for root from <*> port 50562 ssh2,partial,Failed password for <*> for<*> <*> from<*> ssh2 port <*> ssh2],0.9058,<*> rhost=<*> user=root,0.5301,Invalid user cyrus from <*>,0.311,10.24,15
429,Received disconnect from <*>: 11: Bye Bye [preauth],exact,<*> failures<*> <*> methods<*> available. [preauth],0.9996,Received disconnect from <*>: 11: disconnected by user,0.7321,input_userauth_request: invalid user <*> [preauth],0.5332,9.97,15
430,pam_unix(sshd:auth): authentication failure; logname= uid=0 euid=0 tty=ssh ruser= rhost=<*> user=root,exact,<*> rhost=<*> user=root,0.9997,pam_unix(sshd:session): session <*> for user fztu by (uid=0),0.5932,Failed password for <*> for<*> <*> from<*> ssh2 port <*> ssh2],0.5925,11.05,15
431,Failed password for root from <*> port 51018 ssh2,partial,Failed password for <*> for<*> <*> from<*> ssh2 port <*> ssh2],0.9006,<*> rhost=<*> user=root,0.5899,PAM service(sshd) ignoring max retries; <*> > 3,0.328,9.91,15
432,Received disconnect from <*>: 11: Bye Bye [preauth],exact,<*> failures<*> <*> methods<*> available. [preauth],0.9996,Received disconnect from <*>: 11: disconnected by user,0.7321,input_userauth_request: invalid user <*> [preauth],0.5332,9.9,15
433,pam_unix(sshd:auth): authentication failure; logname= uid=0 euid=0 tty=ssh ruser= rhost=<*> user=root,exact,<*> rhost=<*> user=root,0.9997,pam_unix(sshd:session): session <*> for user fztu by (uid=0),0.5932,Failed password for <*> for<*> <*> from<*> ssh2 port <*> ssh2],0.5927,11.38,15
434,Failed password for root from <*> port 51443 ssh2,partial,Failed password for <*> for<*> <*> from<*> ssh2 port <*> ssh2],0.9307,<*> rhost=<*> user=root,0.5283,Invalid user cyrus from <*>,0.3192,10.09,15
435,Received disconnect from <*>: 11: Bye Bye [preauth],exact,<*> failures<*> <*> methods<*> available. [preauth],0.9996,Received disconnect from <*>: 11: disconnected by user,0.7321,input_userauth_request: invalid user <*> [preauth],0.5332,10.23,15
436,pam_unix(sshd:auth): authentication failure; logname= uid=0 euid=0 tty=ssh ruser= rhost=<*> user=root,exact,<*> rhost=<*> user=root,0.9997,pam_unix(sshd:session): session <*> for user fztu by (uid=0),0.5932,Failed password for <*> for<*> <*> from<*> ssh2 port <*> ssh2],0.5926,11.42,15
437,Failed password for root from <*> port 51867 ssh2,partial,Failed password for <*> for<*> <*> from<*> ssh2 port <*> ssh2],0.9529,<*> rhost=<*> user=root,0.5673,Invalid user cyrus from <*>,0.3247,9.87,15
438,Received disconnect from <*>: 11: Bye Bye [preauth],exact,<*> failures<*> <*> methods<*> available. [preauth],0.9996,Received disconnect from <*>: 11: disconnected by user,0.7321,input_userauth_request: invalid user <*> [preauth],0.5332,9.84,15
439,pam_unix(sshd:auth): authentication failure; logname= uid=0 euid=0 tty=ssh ruser= rhost=<*> user=root,exact,<*> rhost=<*> user=root,0.9997,pam_unix(sshd:session): session <*> for user fztu by (uid=0),0.5932,Failed password for <*> for<*> <*> from<*> ssh2 port <*> ssh2],0.5926,11.21,15
440,Invalid user admin from <*>,partial,Invalid user <*> from <*>,0.8765,Invalid user monitor from <*>,0.6733,Invalid user cyrus from <*>,0.6525,9.82,15
441,input_userauth_request: invalid user admin [preauth],partial,input_userauth_request: invalid user <*> [preauth],0.9263,<*> failures<*> <*> methods<*> available. [preauth],0.492,Invalid user cyrus from <*>,0.4423,10.24,15
442,pam_unix(sshd:auth): check pass; user unknown,fuzzy,<*> rhost=<*> user=root,0.7569,pam_unix(sshd:session): session <*> for user fztu by (uid=0),0.6538,PAM service(sshd) ignoring max retries; <*> > 3,0.5268,9.99,15
443,pam_unix(sshd:auth): authentication failure; logname= uid=0 euid=0 tty=ssh ruser= rhost=<*>,partial,<*> rhost=<*> user=root,0.9889,pam_unix(sshd:session): session <*> for user fztu by (uid=0),0.5921,Failed password for <*> for<*> <*> from<*> ssh2 port <*> ssh2],0.5636,11.0,15
444,Failed password for root from <*> port 52289 ssh2,partial,Failed password for <*> for<*> <*> from<*> ssh2 port <*> ssh2],0.943,<*> rhost=<*> user=root,0.536,Invalid user cyrus from <*>,0.3028,10.06,15
445,Received disconnect from <*>: 11: Bye Bye [preauth],exact,<*> failures<*> <*> methods<*> available. [preauth],0.9996,Received disconnect from <*>: 11: disconnected by user,0.7321,input_userauth_request: invalid user <*> [preauth],0.5329,10.43,15
446,pam_unix(sshd:auth): authentication failure; logname= uid=0 euid=0 tty=ssh ruser= rhost=<*> user=root,exact,<*> rhost=<*> user=root,0.9996,pam_unix(sshd:session): session <*> for user fztu by (uid=0),0.5932,Failed password for <*> for<*> <*> from<*> ssh2 port <*> ssh2],0.5926,10.78,15
447,Failed password for invalid user admin from <*> port 60150 ssh2,partial,Failed password for <*> for<*> <*> from<*> ssh2 port <*> ssh2],0.8542,<*> rhost=<*> user=root,0.5371,Invalid user <*> from <*>,0.4084,9.97,15
448,error: Received disconnect from <*>: 14: No more user authentication methods available. [preauth],fuzzy,<*> failures<*> <*> methods<*> available. [preauth],0.7331,input_userauth_request: invalid user <*> [preauth],0.6481,Received disconnect from <*>: 11: disconnected by user,0.4863,10.29,15
449,Failed password for root from <*> port 52762 ssh2,partial,Failed password for <*> for<*> <*> from<*> ssh2 port <*> ssh2],0.9446,<*> rhost=<*> user=root,0.5333,Invalid user cyrus from <*>,0.3232,9.81,15
450,Received disconnect from <*>: 11: Bye Bye [preauth],exact,<*> failures<*> <*> methods<*> available. [preauth],0.9996,Received disconnect from <*>: 11: disconnected by user,0.7321,input_userauth_request: invalid user <*> [preauth],0.5329,9.95,15
451,Invalid user support from <*>,partial,Invalid user <*> from <*>,0.87,Invalid user monitor from <*>,0.6977,Invalid user cyrus from <*>,0.665,9.75,15
452,input_userauth_request: invalid user support [preauth],partial,input_userauth_request: invalid user <*> [preauth],0.9618,<*> failures<*> <*> methods<*> available. [preauth],0.5092,Invalid user cyrus from <*>,0.4362,9.8,15
453,pam_unix(sshd:auth): check pass; user unknown,fuzzy,<*> rhost=<*> user=root,0.7595,pam_unix(sshd:session): session <*> for user fztu by (uid=0),0.6538,PAM service(sshd) ignoring max retries; <*> > 3,0.5268,9.85,15
454,pam_unix(sshd:auth): authentication failure; logname= uid=0 euid=0 tty=ssh ruser= rhost=<*>,partial,<*> rhost=<*> user=root,0.989,pam_unix(sshd:session): session <*> for user fztu by (uid=0),0.5921,Failed password for <*> for<*> <*> from<*> ssh2 port <*> ssh2],0.5636,10.97,15
455,Failed password for invalid user support from <*> port 60735 ssh2,partial,Failed password for <*> for<*> <*> from<*> ssh2 port <*> ssh2],0.8851,<*> rhost=<*> user=root,0.5395,Invalid user cyrus from <*>,0.4372,10.34,15
456,error: Received disconnect from <*>: 14: No more user authentication methods available. [preauth],fuzzy,<*> failures<*> <*> methods<*> available. [preauth],0.736,input_userauth_request: invalid user <*> [preauth],0.6481,Received disconnect from <*>: 11: disconnected by user,0.4863,10.58,15
457,Invalid user user from <*>,partial,Invalid user <*> from <*>,0.9611,Invalid user cyrus from <*>,0.7113,Invalid user monitor from <*>,0.6925,9.67,15
458,input_userauth_request: invalid user user [preauth],partial,input_userauth_request: invalid user <*> [preauth],0.9872,<*> failures<*> <*> methods<*> available. [preauth],0.5152,Invalid user cyrus from <*>,0.4728,9.92,15
459,pam_unix(sshd:auth): check pass; user unknown,fuzzy,<*> rhost=<*> user=root,0.762,pam_unix(sshd:session): session <*> for user fztu by (uid=0),0.6538,PAM service(sshd) ignoring max retries; <*> > 3,0.5268,10.0,15
460,pam_unix(sshd:auth): authentication failure; logname= uid=0 euid=0 tty=ssh ruser= rhost=<*>,partial,<*> rhost=<*> user=root,0.9892,pam_unix(sshd:session): session <*> for user fztu by (uid=0),0.5921,Failed password for <*> for<*> <*> from<*> ssh2 port <*> ssh2],0.5637,11.03,15
461,Failed password for invalid user user from <*> port 61269 ssh2,partial,Failed password for <*> for<*> <*> from<*> ssh2 port <*> ssh2],0.8514,<*> rhost=<*> user=root,0.5479,Invalid user <*> from <*>,0.4823,10.07,15
462,error: Received disconnect from <*>: 14: No more user authentication methods available. [preauth],fuzzy,<*> failures<*> <*> methods<*> available. [preauth],0.7389,input_userauth_request: invalid user <*> [preauth],0.6478,Received disconnect from <*>: 11: disconnected by user,0.4863,10.52,15
463,pam_unix(sshd:auth): authentication failure; logname= uid=0 euid=0 tty=ssh ruser= rhost=<*> user=root,exact,<*> rhost=<*> user=root,0.9995,pam_unix(sshd:session): session <*> for user fztu by (uid=0),0.5932,Failed password for <*> for<*> <*> from<*> ssh2 port <*> ssh2],0.5927,11.12,15
464,pam_unix(sshd:auth): authentication failure; logname= uid=0 euid=0 tty=ssh ruser= rhost=<*> user=root,exact,<*> rhost=<*> user=root,0.9995,pam_unix(sshd:session): session <*> for user fztu by (uid=0),0.5932,Failed password for <*> for<*> <*> from<*> ssh2 port <*> ssh2],0.5927,11.2,15
465,pam_unix(sshd:auth): authentication failure; logname= uid=0 euid=0 tty=ssh ruser= rhost=<*> user=root,exact,<*> rhost=<*> user=root,0.9995,pam_unix(sshd:session): session <*> for user fztu by (uid=0),0.5932,Failed password for <*> for<*> <*> from<*> ssh2 port <*> ssh2],0.5927,11.23,15
466,Failed password for root from <*> port 61906 ssh2,partial,Failed password for <*> for<*> <*> from<*> ssh2 port <*> ssh2],0.9259,<*> rhost=<*> user=root,0.536,Invalid user cyrus from <*>,0.3348,10.22,15
467,error: Received disconnect from <*>: 14: No more user authentication methods available. [preauth],fuzzy,<*> failures<*> <*> methods<*> available. [preauth],0.7417,input_userauth_request: invalid user <*> [preauth],0.6478,Received disconnect from <*>: 11: disconnected by user,0.4863,10.41,15
468,Failed password for root from <*> port 53245 ssh2,partial,Failed password for <*> for<*> <*> from<*> ssh2 port <*> ssh2],0.9001,<*> rhost=<*> user=root,0.4659,Invalid user cyrus from <*>,0.295,9.97,15
469,fatal: Write failed: Connection reset by peer [preauth],fuzzy,<*> failures<*> <*> methods<*> available. [preauth],0.6536,input_userauth_request: invalid user <*> [preauth],0.5943,<*> rhost=<*> user=root,0.3949,9.74,15
470,Failed password for root from <*> port 55138 ssh2,partial,Failed password for <*> for<*> <*> from<*> ssh2 port <*> ssh2],0.9375,<*> rhost=<*> user=root,0.5407,Invalid user cyrus from <*>,0.3227,9.94,15
471,Received disconnect from <*>: 11: Bye Bye [preauth],exact,<*> failures<*> <*> methods<*> available. [preauth],0.9991,Received disconnect from <*>: 11: disconnected by user,0.7321,input_userauth_request: invalid user <*> [preauth],0.5322,10.25,15
472,pam_unix(sshd:auth): authentication failure; logname= uid=0 euid=0 tty=ssh ruser= rhost=<*> user=root,exact,<*> rhost=<*> user=root,0.9995,pam_unix(sshd:session): session <*> for user fztu by (uid=0),0.5932,Failed password for <*> for<*> <*> from<*> ssh2 port <*> ssh2],0.5925,11.23,15
473,Invalid user 1234 from <*>,partial,Invalid user <*> from <*>,0.893,Invalid user cyrus from <*>,0.6708,Invalid user monitor from <*>,0.638,9.86,15
474,input_userauth_request: invalid user 1234 [preauth],partial,input_userauth_request: invalid user <*> [preauth],0.9512,<*> failures<*> <*> methods<*> available. [preauth],0.535,Invalid user cyrus from <*>,0.4689,10.03,15
475,pam_unix(sshd:auth): check pass; user unknown,fuzzy,<*> rhost=<*> user=root,0.7642,pam_unix(sshd:session): session <*> for user fztu by (uid=0),0.6538,PAM service(sshd) ignoring max retries; <*> > 3,0.5268,9.99,15
476,pam_unix(sshd:auth): authentication failure; logname= uid=0 euid=0 tty=ssh ruser= rhost=<*>,partial,<*> rhost=<*> user=root,0.9893,pam_unix(sshd:session): session <*> for user fztu by (uid=0),0.5921,Failed password for <*> for<*> <*> from<*> ssh2 port <*> ssh2],0.5635,11.02,15
477,Failed password for root from <*> port 55557 ssh2,partial,Failed password for <*> for<*> <*> from<*> ssh2 port <*> ssh2],0.8947,<*> rhost=<*> user=root,0.5231,PAM service(sshd) ignoring max retries; <*> > 3,0.2977,9.83,15
478,Received disconnect from <*>: 11: Bye Bye [preauth],exact,<*> failures<*> <*> methods<*> available. [preauth],0.9991,Received disconnect from <*>: 11: disconnected by user,0.7321,input_userauth_request: invalid user <*> [preauth],0.5324,9.93,15
479,pam_unix(sshd:auth): authentication failure; logname= uid=0 euid=0 tty=ssh ruser= rhost=<*> user=root,exact,<*> rhost=<*> user=root,0.9995,pam_unix(sshd:session): session <*> for user fztu by (uid=0),0.5932,Failed password for <*> for<*> <*> from<*> ssh2 port <*> ssh2],0.5925,11.25,15
480,Failed password for invalid user 1234 from <*> port 62429 ssh2,partial,Failed password for <*> for<*> <*> from<*> ssh2 port <*> ssh2],0.8706,<*> rhost=<*> user=root,0.5471,Invalid user <*> from <*>,0.4413,10.26,15
481,error: Received disconnect from <*>: 14: No more user authentication methods available. [preauth],fuzzy,<*> failures<*> <*> methods<*> available. [preauth],0.7453,input_userauth_request: invalid user <*> [preauth],0.6479,Received disconnect from <*>: 11: disconnected by user,0.4863,10.43,15
482,Failed password for root from <*> port 55969 ssh2,partial,Failed password for <*> for<*> <*> from<*> ssh2 port <*> ssh2],0.9571,<*> rhost=<*> user=root,0.5599,Invalid user cyrus from <*>,0.3393,10.01,15
483,Received disconnect from <*>: 11: Bye Bye [preauth],exact,<*> failures<*> <*> methods<*> available. [preauth],0.9989,Received disconnect from <*>: 11: disconnected by user,0.7321,input_userauth_request: invalid user <*> [preauth],0.5324,10.01,15
484,pam_unix(sshd:auth): authentication failure; logname= uid=0 euid=0 tty=ssh ruser= rhost=<*> user=root,exact,<*> rhost=<*> user=root,0.9995,pam_unix(sshd:session): session <*> for user fztu by (uid=0),0.5932,Failed password for <*> for<*> <*> from<*> ssh2 port <*> ssh2],0.5925,11.25,15
485,pam_unix(sshd:auth): authentication failure; logname= uid=0 euid=0 tty=ssh ruser= rhost=<*> user=root,exact,<*> rhost=<*> user=root,0.9995,pam_unix(sshd:session): session <*> for user fztu by (uid=0),0.5932,Failed password for <*> for<*> <*> from<*> ssh2 port <*> ssh2],0.5925,11.15,15
486,Failed password for root from <*> port 56423 ssh2,partial,Failed password for <*> for<*> <*> from<*> ssh2 port <*> ssh2],0.9499,<*> rhost=<*> user=root,0.5148,Invalid user cyrus from <*>,0.3324,9.95,15
487,Received disconnect from <*>: 11: Bye Bye [preauth],exact,<*> failures<*> <*> methods<*> available. [preauth],0.9989,Received disconnect from <*>: 11: disconnected by user,0.7321,input_userauth_request: invalid user <*> [preauth],0.5324,10.01,15
488,pam_unix(sshd:auth): authentication failure; logname= uid=0 euid=0 tty=ssh ruser= rhost=<*> user=root,exact,<*> rhost=<*> user=root,0.9995,pam_unix(sshd:session): session <*> for user fztu by (uid=0),0.5932,Failed password for <*> for<*> <*> from<*> ssh2 port <*> ssh2],0.5924,11.22,15
489,Failed password for root from <*> port 63012 ssh2,partial,Failed password for <*> for<*> <*> from<*> ssh2 port <*> ssh2],0.9008,<*> rhost=<*> user=root,0.5342,PAM service(sshd) ignoring max retries; <*> > 3,0.3278,9.86,15
490,error: Received disconnect from <*>: 14: No more user authentication methods available. [preauth],fuzzy,<*> failures<*> <*> methods<*> available. [preauth],0.7477,input_userauth_request: invalid user <*> [preauth],0.6479,Received disconnect from <*>: 11: disconnected by user,0.4863,10.35,15
491,Invalid user anonymous from <*>,partial,Invalid user <*> from <*>,0.8381,Invalid user cyrus from <*>,0.638,Invalid user monitor from <*>,0.5837,9.64,15
492,input_userauth_request: invalid user anonymous [preauth],partial,input_userauth_request: invalid user <*> [preauth],0.9385,<*> failures<*> <*> methods<*> available. [preauth],0.5361,Invalid user cyrus from <*>,0.4206,9.95,15
493,pam_unix(sshd:auth): check pass; user unknown,fuzzy,<*> rhost=<*> user=root,0.7663,pam_unix(sshd:session): session <*> for user fztu by (uid=0),0.6538,PAM service(sshd) ignoring max retries; <*> > 3,0.5268,9.96,15
494,pam_unix(sshd:auth): authentication failure; logname= uid=0 euid=0 tty=ssh ruser= rhost=<*>,partial,<*> rhost=<*> user=root,0.9893,pam_unix(sshd:session): session <*> for user fztu by (uid=0),0.5921,Failed password for <*> for<*> <*> from<*> ssh2 port <*> ssh2],0.5634,11.2,15
495,Failed password for root from <*> port 56779 ssh2,partial,Failed password for <*> for<*> <*> from<*> ssh2 port <*> ssh2],0.9383,<*> rhost=<*> user=root,0.5248,Invalid user cyrus from <*>,0.3411,10.01,15
496,Received disconnect from <*>: 11: Bye Bye [preauth],exact,<*> failures<*> <*> methods<*> available. [preauth],0.9988,Received disconnect from <*>: 11: disconnected by user,0.7321,input_userauth_request: invalid user <*> [preauth],0.5326,9.98,15
497,pam_unix(sshd:auth): authentication failure; logname= uid=0 euid=0 tty=ssh ruser= rhost=<*> user=root,exact,<*> rhost=<*> user=root,0.9994,pam_unix(sshd:session): session <*> for user fztu by (uid=0),0.5932,Failed password for <*> for<*> <*> from<*> ssh2 port <*> ssh2],0.5924,11.45,15
498,Failed password for invalid user anonymous from <*> port 63514 ssh2,partial,Failed password for <*> for<*> <*> from<*> ssh2 port <*> ssh2],0.8252,<*> rhost=<*> user=root,0.5823,Invalid user cyrus from <*>,0.4195,10.16,15
499,error: Received disconnect from <*>: 14: No more user authentication methods available. [preauth],fuzzy,<*> failures<*> <*> methods<*> available. [preauth],0.7502,input_userauth_request: invalid user <*> [preauth],0.6481,Received disconnect from <*>: 11: disconnected by user,0.4863,10.5,15
500,Failed password for root from <*> port 57223 ssh2,partial,Failed password for <*> for<*> <*> from<*> ssh2 port <*> ssh2],0.9435,<*> rhost=<*> user=root,0.5157,Invalid user cyrus from <*>,0.33,10.03,15
501,Received disconnect from <*>: 11: Bye Bye [preauth],exact,<*> failures<*> <*> methods<*> available. [preauth],0.9986,Received disconnect from <*>: 11: disconnected by user,0.7321,input_userauth_request: invalid user <*> [preauth],0.5326,9.99,15
502,pam_unix(sshd:auth): authentication failure; logname= uid=0 euid=0 tty=ssh ruser= rhost=<*> user=root,exact,<*> rhost=<*> user=root,0.9994,pam_unix(sshd:session): session <*> for user fztu by (uid=0),0.5932,Failed password for <*> for<*> <*> from<*> ssh2 port <*> ssh2],0.5925,11.42,15
503,Failed password for root from <*> port 57631 ssh2,partial,Failed password for <*> for<*> <*> from<*> ssh2 port <*> ssh2],0.9477,<*> rhost=<*> user=root,0.5408,Invalid user cyrus from <*>,0.3405,12.26,15
504,Received disconnect from <*>: 11: Bye Bye [preauth],exact,<*> failures<*> <*> methods<*> available. [preauth],0.9986,Received disconnect from <*>: 11: disconnected by user,0.7321,input_userauth_request: invalid user <*> [preauth],0.5326,11.18,15
505,pam_unix(sshd:auth): authentication failure; logname= uid=0 euid=0 tty=ssh ruser= rhost=<*> user=root,exact,<*> rhost=<*> user=root,0.9994,pam_unix(sshd:session): session <*> for user fztu by (uid=0),0.5932,Failed password for <*> for<*> <*> from<*> ssh2 port <*> ssh2],0.5924,12.01,15
506,Invalid user admin from <*>,partial,Invalid user <*> from <*>,0.8804,Invalid user monitor from <*>,0.6733,Invalid user cyrus from <*>,0.6525,9.85,15
507,input_userauth_request: invalid user admin [preauth],partial,input_userauth_request: invalid user <*> [preauth],0.9285,<*> failures<*> <*> methods<*> available. [preauth],0.5028,Invalid user cyrus from <*>,0.4423,10.09,15
508,pam_unix(sshd:auth): check pass; user unknown,fuzzy,<*> rhost=<*> user=root,0.7682,pam_unix(sshd:session): session <*> for user fztu by (uid=0),0.6538,PAM service(sshd) ignoring max retries; <*> > 3,0.5268,9.91,15
509,pam_unix(sshd:auth): authentication failure; logname= uid=0 euid=0 tty=ssh ruser= rhost=<*>,partial,<*> rhost=<*> user=root,0.9894,pam_unix(sshd:session): session <*> for user fztu by (uid=0),0.5921,Failed password for <*> for<*> <*> from<*> ssh2 port <*> ssh2],0.5634,11.09,15
510,Failed password for root from <*> port 57916 ssh2,partial,Failed password for <*> for<*> <*> from<*> ssh2 port <*> ssh2],0.9513,<*> rhost=<*> user=root,0.5522,Invalid user cyrus from <*>,0.3516,9.93,15
511,Received disconnect from <*>: 11: Bye Bye [preauth],exact,<*> failures<*> <*> methods<*> available. [preauth],0.9986,Received disconnect from <*>: 11: disconnected by user,0.7321,input_userauth_request: invalid user <*> [preauth],0.5324,10.02,15
512,pam_unix(sshd:auth): authentication failure; logname= uid=0 euid=0 tty=ssh ruser= rhost=<*> user=root,exact,<*> rhost=<*> user=root,0.9993,pam_unix(sshd:session): session <*> for user fztu by (uid=0),0.5932,Failed password for <*> for<*> <*> from<*> ssh2 port <*> ssh2],0.5924,11.17,15
513,Failed password for invalid user admin from <*> port 64031 ssh2,partial,Failed password for <*> for<*> <*> from<*> ssh2 port <*> ssh2],0.851,<*> rhost=<*> user=root,0.5555,Invalid user <*> from <*>,0.408,10.13,15
514,error: Received disconnect from <*>: 14: No more user authentication methods available. [preauth],fuzzy,<*> failures<*> <*> methods<*> available. [preauth],0.7522,input_userauth_request: invalid user <*> [preauth],0.6482,Received disconnect from <*>: 11: disconnected by user,0.4863,10.33,15
515,Failed password for root from <*> port 58365 ssh2,partial,Failed password for <*> for<*> <*> from<*> ssh2 port <*> ssh2],0.9314,<*> rhost=<*> user=root,0.5117,Invalid user cyrus from <*>,0.3071,9.83,15
516,Received disconnect from <*>: 11: Bye Bye [preauth],exact,<*> failures<*> <*> methods<*> available. [preauth],0.9984,Received disconnect from <*>: 11: disconnected by user,0.7321,input_userauth_request: invalid user <*> [preauth],0.5324,9.86,15
517,pam_unix(sshd:auth): authentication failure; logname= uid=0 euid=0 tty=ssh ruser= rhost=<*> user=root,exact,<*> rhost=<*> user=root,0.9993,pam_unix(sshd:session): session <*> for user fztu by (uid=0),0.5932,Failed password for <*> for<*> <*> from<*> ssh2 port <*> ssh2],0.5924,11.39,15
518,Invalid user ubnt from <*>,partial,Invalid user <*> from <*>,0.8295,Invalid user PlcmSpIp from <*>,0.6405,Invalid user monitor from <*>,0.6123,9.95,15
519,input_userauth_request: invalid user ubnt [preauth],partial,input_userauth_request: invalid user <*> [preauth],0.9199,<*> failures<*> <*> methods<*> available. [preauth],0.5453,Invalid user vnc from <*>,0.4228,10.11,15
520,pam_unix(sshd:auth): check pass; user unknown,fuzzy,<*> rhost=<*> user=root,0.7702,pam_unix(sshd:session): session <*> for user fztu by (uid=0),0.6538,PAM service(sshd) ignoring max retries; <*> > 3,0.5268,9.9,15
521,pam_unix(sshd:auth): authentication failure; logname= uid=0 euid=0 tty=ssh ruser= rhost=<*>,partial,<*> rhost=<*> user=root,0.9894,pam_unix(sshd:session): session <*> for user fztu by (uid=0),0.5921,Failed password for <*> for<*> <*> from<*> ssh2 port <*> ssh2],0.5634,11.04,15
522,Failed password for root from <*> port 58869 ssh2,partial,Failed password for <*> for<*> <*> from<*> ssh2 port <*> ssh2],0.9424,<*> rhost=<*> user=root,0.5552,Invalid user <*> from <*>,0.3288,10.06,15
523,Received disconnect from <*>: 11: Bye Bye [preauth],exact,<*> failures<*> <*> methods<*> available. [preauth],0.9985,Received disconnect from <*>: 11: disconnected by user,0.7321,input_userauth_request: invalid user <*> [preauth],0.5329,9.68,15
524,pam_unix(sshd:auth): authentication failure; logname= uid=0 euid=0 tty=ssh ruser= rhost=<*> user=root,exact,<*> rhost=<*> user=root,0.9992,pam_unix(sshd:session): session <*> for user fztu by (uid=0),0.5932,Failed password for <*> for<*> <*> from<*> ssh2 port <*> ssh2],0.5924,11.24,15
525,Failed password for invalid user ubnt from <*> port 64908 ssh2,partial,Failed password for <*> for<*> <*> from<*> ssh2 port <*> ssh2],0.8116,<*> rhost=<*> user=root,0.5392,Invalid user vnc from <*>,0.4449,10.26,15
526,error: Received disconnect from <*>: 14: No more user authentication methods available. [preauth],fuzzy,<*> failures<*> <*> methods<*> available. [preauth],0.7543,input_userauth_request: invalid user <*> [preauth],0.6485,Received disconnect from <*>: 11: disconnected by user,0.4863,10.37,15
527,Failed password for root from <*> port 59303 ssh2,partial,Failed password for <*> for<*> <*> from<*> ssh2 port <*> ssh2],0.908,<*> rhost=<*> user=root,0.5257,Invalid user cyrus from <*>,0.3121,9.81,15
528,Received disconnect from <*>: 11: Bye Bye [preauth],exact,<*> failures<*> <*> methods<*> available. [preauth],0.9983,Received disconnect from <*>: 11: disconnected by user,0.7321,input_userauth_request: invalid user <*> [preauth],0.5329,10.07,15
529,pam_unix(sshd:auth): authentication failure; logname= uid=0 euid=0 tty=ssh ruser= rhost=<*> user=root,exact,<*> rhost=<*> user=root,0.9992,pam_unix(sshd:session): session <*> for user fztu by (uid=0),0.5932,Failed password for <*> for<*> <*> from<*> ssh2 port <*> ssh2],0.5925,11.25,15
530,pam_unix(sshd:auth): authentication failure; logname= uid=0 euid=0 tty=ssh ruser= rhost=<*> user=uucp,partial,<*> rhost=<*> user=root,0.9614,pam_unix(sshd:session): session <*> for user fztu by (uid=0),0.59,Failed password for <*> for<*> <*> from<*> ssh2 port <*> ssh2],0.5423,11.16,15
531,Failed password for root from <*> port 59702 ssh2,partial,Failed password for <*> for<*> <*> from<*> ssh2 port <*> ssh2],0.9323,<*> rhost=<*> user=root,0.5394,Invalid user cyrus from <*>,0.3206,10.01,15
532,Received disconnect from <*>: 11: Bye Bye [preauth],exact,<*> failures<*> <*> methods<*> available. [preauth],0.9983,Received disconnect from <*>: 11: disconnected by user,0.7321,input_userauth_request: invalid user <*> [preauth],0.5329,10.09,15
533,pam_unix(sshd:auth): authentication failure; logname= uid=0 euid=0 tty=ssh ruser= rhost=<*> user=root,exact,<*> rhost=<*> user=root,0.9992,pam_unix(sshd:session): session <*> for user fztu by (uid=0),0.5932,Failed password for <*> for<*> <*> from<*> ssh2 port <*> ssh2],0.5925,11.3,15
534,Failed password for uucp from <*> port 65454 ssh2,partial,Failed password for <*> for<*> <*> from<*> ssh2 port <*> ssh2],0.801,<*> rhost=<*> user=root,0.5301,Invalid user cyrus from <*>,0.3298,10.08,15
535,error: Received disconnect from <*>: 14: No more user authentication methods available. [preauth],fuzzy,<*> failures<*> <*> methods<*> available. [preauth],0.7564,input_userauth_request: invalid user <*> [preauth],0.6485,Received disconnect from <*>: 11: disconnected by user,0.4863,10.23,15
536,Failed password for root from <*> port 60061 ssh2,partial,Failed password for <*> for<*> <*> from<*> ssh2 port <*> ssh2],0.8805,<*> rhost=<*> user=root,0.5464,Invalid user cyrus from <*>,0.3194,9.69,15
537,Received disconnect from <*>: 11: Bye Bye [preauth],exact,<*> failures<*> <*> methods<*> available. [preauth],0.9981,Received disconnect from <*>: 11: disconnected by user,0.7321,input_userauth_request: invalid user <*> [preauth],0.5329,9.89,15
538,pam_unix(sshd:auth): authentication failure; logname= uid=0 euid=0 tty=ssh ruser= rhost=<*> user=root,exact,<*> rhost=<*> user=root,0.9992,pam_unix(sshd:session): session <*> for user fztu by (uid=0),0.5932,Failed password for <*> for<*> <*> from<*> ssh2 port <*> ssh2],0.5927,11.39,15
539,pam_unix(sshd:auth): authentication failure; logname= uid=0 euid=0 tty=ssh ruser= rhost=<*> user=sshd,exact,<*> rhost=<*> user=root,0.9908,pam_unix(sshd:session): session <*> for user fztu by (uid=0),0.6038,Failed password for <*> for<*> <*> from<*> ssh2 port <*> ssh2],0.5607,11.5,15
540,Failed password for root from <*> port 60554 ssh2,partial,Failed password for <*> for<*> <*> from<*> ssh2 port <*> ssh2],0.9193,<*> rhost=<*> user=root,0.526,Invalid user cyrus from <*>,0.324,10.28,15
541,Received disconnect from <*>: 11: Bye Bye [preauth],exact,<*> failures<*> <*> methods<*> available. [preauth],0.9981,Received disconnect from <*>: 11: disconnected by user,0.7321,input_userauth_request: invalid user <*> [preauth],0.5329,10.01,15
542,pam_unix(sshd:auth): authentication failure; logname= uid=0 euid=0 tty=ssh ruser= rhost=<*> user=root,exact,<*> rhost=<*> user=root,0.9992,pam_unix(sshd:session): session <*> for user fztu by (uid=0),0.5932,Failed password for <*> for<*> <*> from<*> ssh2 port <*> ssh2],0.5926,11.36,15
543,Failed password for sshd from <*> port 49598 ssh2,partial,Failed password for <*> for<*> <*> from<*> ssh2 port <*> ssh2],0.8919,<*> rhost=<*> user=root,0.5506,PAM service(sshd) ignoring max retries; <*> > 3,0.3582,9.98,15
544,error: Received disconnect from <*>: 14: No more user authentication methods available. [preauth],fuzzy,<*> failures<*> <*> methods<*> available. [preauth],0.7584,input_userauth_request: invalid user <*> [preauth],0.6485,Received disconnect from <*>: 11: disconnected by user,0.4863,10.7,15
545,Failed password for root from <*> port 32826 ssh2,partial,Failed password for <*> for<*> <*> from<*> ssh2 port <*> ssh2],0.903,<*> rhost=<*> user=root,0.5441,Invalid user cyrus from <*>,0.3335,9.78,15
546,Received disconnect from <*>: 11: Bye Bye [preauth],exact,<*> failures<*> <*> methods<*> available. [preauth],0.9979,Received disconnect from <*>: 11: disconnected by user,0.7321,input_userauth_request: invalid user <*> [preauth],0.5329,9.82,15
547,pam_unix(sshd:auth): authentication failure; logname= uid=0 euid=0 tty=ssh ruser= rhost=<*> user=root,exact,<*> rhost=<*> user=root,0.9992,pam_unix(sshd:session): session <*> for user fztu by (uid=0),0.5932,Failed password for <*> for<*> <*> from<*> ssh2 port <*> ssh2],0.5927,10.67,15
548,Invalid user admin from <*>,partial,Invalid user <*> from <*>,0.8842,Invalid user monitor from <*>,0.6733,Invalid user cyrus from <*>,0.6525,9.4,15
549,input_userauth_request: invalid user admin [preauth],partial,input_userauth_request: invalid user <*> [preauth],0.9306,<*> failures<*> <*> methods<*> available. [preauth],0.5069,Invalid user cyrus from <*>,0.4423,10.08,15
550,pam_unix(sshd:auth): check pass; user unknown,fuzzy,<*> rhost=<*> user=root,0.7718,pam_unix(sshd:session): session <*> for user fztu by (uid=0),0.6538,PAM service(sshd) ignoring max retries; <*> > 3,0.5268,10.15,15
551,pam_unix(sshd:auth): authentication failure; logname= uid=0 euid=0 tty=ssh ruser= rhost=<*>,partial,<*> rhost=<*> user=root,0.9896,pam_unix(sshd:session): session <*> for user fztu by (uid=0),0.5921,Failed password for <*> for<*> <*> from<*> ssh2 port <*> ssh2],0.5638,11.07,15
552,Failed password for root from <*> port 33233 ssh2,partial,Failed password for <*> for<*> <*> from<*> ssh2 port <*> ssh2],0.9223,<*> rhost=<*> user=root,0.5706,Invalid user cyrus from <*>,0.3331,10.04,15
553,Received disconnect from <*>: 11: Bye Bye [preauth],exact,<*> failures<*> <*> methods<*> available. [preauth],0.998,Received disconnect from <*>: 11: disconnected by user,0.7321,input_userauth_request: invalid user <*> [preauth],0.5326,10.4,15
554,Failed password for invalid user admin from <*> port 50289 ssh2,partial,Failed password for <*> for<*> <*> from<*> ssh2 port <*> ssh2],0.8714,<*> rhost=<*> user=root,0.5261,Invalid user <*> from <*>,0.3967,10.53,15
555,pam_unix(sshd:auth): authentication failure; logname= uid=0 euid=0 tty=ssh ruser= rhost=<*> user=root,exact,<*> rhost=<*> user=root,0.9991,pam_unix(sshd:session): session <*> for user fztu by (uid=0),0.5932,Failed password for <*> for<*> <*> from<*> ssh2 port <*> ssh2],0.5928,11.36,15
556,error: Received disconnect from <*>: 14: No more user authentication methods available. [preauth],fuzzy,<*> failures<*> <*> methods<*> available. [preauth],0.7603,input_userauth_request: invalid user <*> [preauth],0.6486,Received disconnect from <*>: 11: disconnected by user,0.4863,10.44,15
557,Failed password for root from <*> port 33665 ssh2,partial,Failed password for <*> for<*> <*> from<*> ssh2 port <*> ssh2],0.9163,<*> rhost=<*> user=root,0.5641,Invalid user cyrus from <*>,0.3414,9.83,15
558,Received disconnect from <*>: 11: Bye Bye [preauth],exact,<*> failures<*> <*> methods<*> available. [preauth],0.9978,Received disconnect from <*>: 11: disconnected by user,0.7321,input_userauth_request: invalid user <*> [preauth],0.5326,9.98,15
559,pam_unix(sshd:auth): authentication failure; logname= uid=0 euid=0 tty=ssh ruser= rhost=<*> user=root,exact,<*> rhost=<*> user=root,0.9991,pam_unix(sshd:session): session <*> for user fztu by (uid=0),0.5932,Failed password for <*> for<*> <*> from<*> ssh2 port <*> ssh2],0.5928,11.13,15
560,Invalid user cisco from <*>,partial,Invalid user <*> from <*>,0.8117,Invalid user matlab from <*>,0.6262,Invalid user cyrus from <*>,0.6203,9.91,15
561,input_userauth_request: invalid user cisco [preauth],partial,input_userauth_request: invalid user <*> [preauth],0.8739,<*> failures<*> <*> methods<*> available. [preauth],0.5155,Invalid user cyrus from <*>,0.4075,10.04,15
562,pam_unix(sshd:auth): check pass; user unknown,fuzzy,<*> rhost=<*> user=root,0.7735,pam_unix(sshd:session): session <*> for user fztu by (uid=0),0.6538,PAM service(sshd) ignoring max retries; <*> > 3,0.5268,10.03,15
563,pam_unix(sshd:auth): authentication failure; logname= uid=0 euid=0 tty=ssh ruser= rhost=<*>,partial,<*> rhost=<*> user=root,0.9896,pam_unix(sshd:session): session <*> for user fztu by (uid=0),0.5921,Failed password for <*> for<*> <*> from<*> ssh2 port <*> ssh2],0.5639,11.04,15
564,Failed password for root from <*> port 34100 ssh2,partial,Failed password for <*> for<*> <*> from<*> ssh2 port <*> ssh2],0.9166,<*> rhost=<*> user=root,0.5854,Invalid user <*> from <*>,0.3296,9.92,15
565,Received disconnect from <*>: 11: Bye Bye [preauth],exact,<*> failures<*> <*> methods<*> available. [preauth],0.9978,Received disconnect from <*>: 11: disconnected by user,0.7321,input_userauth_request: invalid user <*> [preauth],0.533,10.19,15
566,Failed password for invalid user cisco from <*> port 50890 ssh2,fuzzy,Failed password for <*> for<*> <*> from<*> ssh2 port <*> ssh2],0.7852,<*> rhost=<*> user=root,0.5116,Invalid user cyrus from <*>,0.3702,9.95,15
567,pam_unix(sshd:auth): authentication failure; logname= uid=0 euid=0 tty=ssh ruser= rhost=<*> user=root,exact,<*> rhost=<*> user=root,0.999,pam_unix(sshd:session): session <*> for user fztu by (uid=0),0.5932,Failed password for <*> for<*> <*> from<*> ssh2 port <*> ssh2],0.593,11.24,15
568,error: Received disconnect from <*>: 14: No more user authentication methods available. [preauth],fuzzy,<*> failures<*> <*> methods<*> available. [preauth],0.7621,input_userauth_request: invalid user <*> [preauth],0.649,Received disconnect from <*>: 11: disconnected by user,0.4863,10.49,15
569,Invalid user test from <*>,partial,Invalid user <*> from <*>,0.8632,Invalid user monitor from <*>,0.6538,Invalid user matlab from <*>,0.625,9.53,15
570,input_userauth_request: invalid user test [preauth],partial,input_userauth_request: invalid user <*> [preauth],0.9408,<*> failures<*> <*> methods<*> available. [preauth],0.5118,Invalid user cyrus from <*>,0.4139,9.98,15
571,pam_unix(sshd:auth): check pass; user unknown,fuzzy,<*> rhost=<*> user=root,0.7753,pam_unix(sshd:session): session <*> for user fztu by (uid=0),0.6538,PAM service(sshd) ignoring max retries; <*> > 3,0.5268,9.83,15
572,pam_unix(sshd:auth): authentication failure; logname= uid=0 euid=0 tty=ssh ruser= rhost=<*>,partial,<*> rhost=<*> user=root,0.9897,pam_unix(sshd:session): session <*> for user fztu by (uid=0),0.5921,Failed password for <*> for<*> <*> from<*> ssh2 port <*> ssh2],0.5641,11.19,15
573,Failed password for root from <*> port 34642 ssh2,partial,Failed password for <*> for<*> <*> from<*> ssh2 port <*> ssh2],0.9367,<*> rhost=<*> user=root,0.5484,Invalid user cyrus from <*>,0.3103,9.96,15
574,Received disconnect from <*>: 11: Bye Bye [preauth],exact,<*> failures<*> <*> methods<*> available. [preauth],0.9976,Received disconnect from <*>: 11: disconnected by user,0.7321,input_userauth_request: invalid user <*> [preauth],0.5328,10.22,15
575,pam_unix(sshd:auth): authentication failure; logname= uid=0 euid=0 tty=ssh ruser= rhost=<*> user=root,exact,<*> rhost=<*> user=root,0.9989,pam_unix(sshd:session): session <*> for user fztu by (uid=0),0.5932,Failed password for <*> for<*> <*> from<*> ssh2 port <*> ssh2],0.593,11.28,15
576,Failed password for invalid user test from <*> port 51592 ssh2,partial,Failed password for <*> for<*> <*> from<*> ssh2 port <*> ssh2],0.8714,<*> rhost=<*> user=root,0.5552,Invalid user <*> from <*>,0.4059,10.04,15
577,error: Received disconnect from <*>: 14: No more user authentication methods available. [preauth],fuzzy,<*> failures<*> <*> methods<*> available. [preauth],0.7641,input_userauth_request: invalid user <*> [preauth],0.6484,Received disconnect from <*>: 11: disconnected by user,0.4863,10.33,15
578,Failed password for root from <*> port 35101 ssh2,partial,Failed password for <*> for<*> <*> from<*> ssh2 port <*> ssh2],0.9456,<*> rhost=<*> user=root,0.5728,Invalid user <*> from <*>,0.3317,9.83,15
579,Received disconnect from <*>: 11: Bye Bye [preauth],exact,<*> failures<*> <*> methods<*> available. [preauth],0.9974,Received disconnect from <*>: 11: disconnected by user,0.7321,input_userauth_request: invalid user <*> [preauth],0.5328,10.05,15
580,pam_unix(sshd:auth): authentication failure; logname= uid=0 euid=0 tty=ssh ruser= rhost=<*> user=root,exact,<*> rhost=<*> user=root,0.9989,pam_unix(sshd:session): session <*> for user fztu by (uid=0),0.5932,Failed password for <*> for<*> <*> from<*> ssh2 port <*> ssh2],0.5931,11.29,15
581,Invalid user guest from <*>,fuzzy,Invalid user <*> from <*>,0.7852,Invalid user vnc from <*>,0.6346,Invalid user cyrus from <*>,0.6124,9.61,15
582,input_userauth_request: invalid user guest [preauth],partial,input_userauth_request: invalid user <*> [preauth],0.9216,<*> failures<*> <*> methods<*> available. [preauth],0.5282,Invalid user cyrus from <*>,0.4079,9.96,15
583,pam_unix(sshd:auth): check pass; user unknown,fuzzy,<*> rhost=<*> user=root,0.777,pam_unix(sshd:session): session <*> for user fztu by (uid=0),0.6538,PAM service(sshd) ignoring max retries; <*> > 3,0.5268,9.82,15
584,pam_unix(sshd:auth): authentication failure; logname= uid=0 euid=0 tty=ssh ruser= rhost=<*>,partial,<*> rhost=<*> user=root,0.9897,pam_unix(sshd:session): session <*> for user fztu by (uid=0),0.5921,Failed password for <*> for<*> <*> from<*> ssh2 port <*> ssh2],0.5642,11.22,15
585,Failed password for root from <*> port 35545 ssh2,partial,Failed password for <*> for<*> <*> from<*> ssh2 port <*> ssh2],0.9052,<*> rhost=<*> user=root,0.5284,Invalid user cyrus from <*>,0.336,9.82,15
586,Received disconnect from <*>: 11: Bye Bye [preauth],exact,<*> failures<*> <*> methods<*> available. [preauth],0.9974,Received disconnect from <*>: 11: disconnected by user,0.7321,input_userauth_request: invalid user <*> [preauth],0.5329,10.07,15
587,Failed password for invalid user guest from <*> port 52172 ssh2,fuzzy,Failed password for <*> for<*> <*> from<*> ssh2 port <*> ssh2],0.7905,<*> rhost=<*> user=root,0.5294,Invalid user vnc from <*>,0.3984,9.96,15
588,pam_unix(sshd:auth): authentication failure; logname= uid=0 euid=0 tty=ssh ruser= rhost=<*> user=root,exact,<*> rhost=<*> user=root,0.9988,pam_unix(sshd:session): session <*> for user fztu by (uid=0),0.5932,Failed password for <*> for<*> <*> from<*> ssh2 port <*> ssh2],0.5932,11.28,15
589,error: Received disconnect from <*>: 14: No more user authentication methods available. [preauth],fuzzy,<*> failures<*> <*> methods<*> available. [preauth],0.7658,input_userauth_request: invalid user <*> [preauth],0.6484,Received disconnect from <*>: 11: disconnected by user,0.4863,10.41,15
590,Failed password for root from <*> port 36027 ssh2,partial,Failed password for <*> for<*> <*> from<*> ssh2 port <*> ssh2],0.9167,<*> rhost=<*> user=root,0.5504,Invalid user <*> from <*>,0.3097,9.98,15
591,Received disconnect from <*>: 11: Bye Bye [preauth],exact,<*> failures<*> <*> methods<*> available. [preauth],0.9972,Received disconnect from <*>: 11: disconnected by user,0.7321,input_userauth_request: invalid user <*> [preauth],0.5329,10.25,15
592,pam_unix(sshd:auth): authentication failure; logname= uid=0 euid=0 tty=ssh ruser= rhost=<*> user=root,exact,<*> rhost=<*> user=root,0.9988,Failed password for <*> for<*> <*> from<*> ssh2 port <*> ssh2],0.5932,pam_unix(sshd:session): session <*> for user fztu by (uid=0),0.5932,11.44,15
593,Invalid user user from <*>,partial,Invalid user <*> from <*>,0.9628,Invalid user cyrus from <*>,0.7113,Invalid user monitor from <*>,0.6925,9.89,15
594,input_userauth_request: invalid user user [preauth],partial,input_userauth_request: invalid user <*> [preauth],0.9877,<*> failures<*> <*> methods<*> available. [preauth],0.5308,Invalid user cyrus from <*>,0.4728,10.14,15
595,pam_unix(sshd:auth): check pass; user unknown,fuzzy,<*> rhost=<*> user=root,0.7785,pam_unix(sshd:session): session <*> for user fztu by (uid=0),0.6538,PAM service(sshd) ignoring max retries; <*> > 3,0.5268,9.98,15
596,pam_unix(sshd:auth): authentication failure; logname= uid=0 euid=0 tty=ssh ruser= rhost=<*>,partial,<*> rhost=<*> user=root,0.9897,pam_unix(sshd:session): session <*> for user fztu by (uid=0),0.5921,Failed password for <*> for<*> <*> from<*> ssh2 port <*> ssh2],0.5643,11.16,15
597,Failed password for root from <*> port 36300 ssh2,partial,Failed password for <*> for<*> <*> from<*> ssh2 port <*> ssh2],0.921,<*> rhost=<*> user=root,0.5545,Invalid user cyrus from <*>,0.3087,10.06,15
598,Received disconnect from <*>: 11: Bye Bye [preauth],exact,<*> failures<*> <*> methods<*> available. [preauth],0.9972,Received disconnect from <*>: 11: disconnected by user,0.7321,input_userauth_request: invalid user <*> [preauth],0.5325,10.05,15
599,pam_unix(sshd:auth): authentication failure; logname= uid=0 euid=0 tty=ssh ruser= rhost=<*> user=root,exact,<*> rhost=<*> user=root,0.9987,Failed password for <*> for<*> <*> from<*> ssh2 port <*> ssh2],0.5932,pam_unix(sshd:session): session <*> for user fztu by (uid=0),0.5932,11.26,15
600,Failed password for invalid user user from <*> port 52683 ssh2,partial,Failed password for <*> for<*> <*> from<*> ssh2 port <*> ssh2],0.8559,<*> rhost=<*> user=root,0.5461,Invalid user <*> from <*>,0.4598,10.02,15
