log_id,normalised,match_type,top1_template,top1_score,top2_template,top2_score,top3_template,top3_score,latency_ms,store_size
1,"<*> close, 494 bytes sent, 208 bytes received, lifetime <*>",partial,"<*> close, <*> bytes sent<*> KB<*> <*> received<*> <*> received<*> <*> received<*> lifetime <*>",0.9672,"proxy.cse.cuhk.edu.hk<*> close, 301 bytes sent, 278 bytes received, lifetime <*>",0.9391,"<*> close, <*> bytes sent<*> KB<*> <*> received<*> <*> received<*> lifetime <*>",0.9265,21.92,8
2,<*> open through proxy <*> HTTPS,exact,proxy.cse.cuhk.edu.hk<*> open through proxy proxy.cse.cuhk.edu.hk<*> HTTPS,1.0,<*> open through proxy socks.cse.cuhk.edu.hk<*> SOCKS5,0.672,tcpconn<*> error : Could not connect through proxy proxy.cse.cuhk.edu.hk<*> - Proxy closed the connection unexpectedly.,0.572,13.68,8
3,<*> open through proxy <*> HTTPS,exact,proxy.cse.cuhk.edu.hk<*> open through proxy proxy.cse.cuhk.edu.hk<*> HTTPS,1.0,<*> open through proxy socks.cse.cuhk.edu.hk<*> SOCKS5,0.672,tcpconn<*> error : Could not connect through proxy proxy.cse.cuhk.edu.hk<*> - Proxy closed the connection unexpectedly.,0.572,12.5,8
4,<*> open through proxy <*> HTTPS,exact,proxy.cse.cuhk.edu.hk<*> open through proxy proxy.cse.cuhk.edu.hk<*> HTTPS,1.0,<*> open through proxy socks.cse.cuhk.edu.hk<*> SOCKS5,0.672,tcpconn<*> error : Could not connect through proxy proxy.cse.cuhk.edu.hk<*> - Proxy closed the connection unexpectedly.,0.572,11.6,8
5,"<*> close, 1145 bytes (<*> <*>) sent, 666 bytes received, lifetime <*>",partial,"<*> close, <*> bytes sent<*> KB<*> <*> received<*> <*> received<*> <*> received<*> lifetime <*>",0.9884,"<*> close, <*> bytes sent<*> KB<*> <*> received<*> <*> received<*> lifetime <*>",0.8977,"proxy.cse.cuhk.edu.hk<*> close, 301 bytes sent, 278 bytes received, lifetime <*>",0.8538,12.24,8
6,<*> open through proxy <*> HTTPS,exact,proxy.cse.cuhk.edu.hk<*> open through proxy proxy.cse.cuhk.edu.hk<*> HTTPS,1.0,<*> open through proxy socks.cse.cuhk.edu.hk<*> SOCKS5,0.672,tcpconn<*> error : Could not connect through proxy proxy.cse.cuhk.edu.hk<*> - Proxy closed the connection unexpectedly.,0.572,11.34,8
7,<*> open through proxy <*> HTTPS,exact,proxy.cse.cuhk.edu.hk<*> open through proxy proxy.cse.cuhk.edu.hk<*> HTTPS,1.0,<*> open through proxy socks.cse.cuhk.edu.hk<*> SOCKS5,0.672,tcpconn<*> error : Could not connect through proxy proxy.cse.cuhk.edu.hk<*> - Proxy closed the connection unexpectedly.,0.572,11.2,8
8,"<*> close, 461 bytes sent, 4784 bytes (<*> <*>) received, lifetime <*>",partial,"<*> close, <*> bytes sent<*> KB<*> <*> received<*> <*> received<*> <*> received<*> lifetime <*>",0.9856,"<*> close, <*> bytes sent<*> KB<*> <*> received<*> <*> received<*> lifetime <*>",0.9039,"proxy.cse.cuhk.edu.hk<*> close, 301 bytes sent, 278 bytes received, lifetime <*>",0.8508,12.26,8
9,<*> open through proxy <*> HTTPS,exact,proxy.cse.cuhk.edu.hk<*> open through proxy proxy.cse.cuhk.edu.hk<*> HTTPS,1.0,<*> open through proxy socks.cse.cuhk.edu.hk<*> SOCKS5,0.672,tcpconn<*> error : Could not connect through proxy proxy.cse.cuhk.edu.hk<*> - Proxy closed the connection unexpectedly.,0.572,11.33,8
10,<*> open through proxy <*> HTTPS,exact,proxy.cse.cuhk.edu.hk<*> open through proxy proxy.cse.cuhk.edu.hk<*> HTTPS,1.0,<*> open through proxy socks.cse.cuhk.edu.hk<*> SOCKS5,0.672,tcpconn<*> error : Could not connect through proxy proxy.cse.cuhk.edu.hk<*> - Proxy closed the connection unexpectedly.,0.572,11.17,8
11,"<*> close, 2242 bytes (<*> <*>) sent, 1014 bytes received, lifetime <*>",exact,"<*> close, <*> bytes sent<*> KB<*> <*> received<*> <*> received<*> <*> received<*> lifetime <*>",0.9924,"<*> close, <*> bytes sent<*> KB<*> <*> received<*> <*> received<*> lifetime <*>",0.9134,"proxy.cse.cuhk.edu.hk<*> close, 301 bytes sent, 278 bytes received, lifetime <*>",0.871,12.08,8
12,"<*> close, 3504 bytes (<*> <*>) sent, 7037 bytes (<*> <*>) received, lifetime <*>",partial,"<*> close, <*> bytes sent<*> KB<*> <*> received<*> <*> received<*> <*> received<*> lifetime <*>",0.9881,"<*> close, <*> bytes sent<*> KB<*> <*> received<*> <*> received<*> lifetime <*>",0.8966,"proxy.cse.cuhk.edu.hk<*> close, 301 bytes sent, 278 bytes received, lifetime <*>",0.8446,12.61,8
13,"<*> close, 335 bytes sent, 4369 bytes (<*> <*>) received, lifetime <*>",partial,"<*> close, <*> bytes sent<*> KB<*> <*> received<*> <*> received<*> <*> received<*> lifetime <*>",0.9875,"<*> close, <*> bytes sent<*> KB<*> <*> received<*> <*> received<*> lifetime <*>",0.9014,"proxy.cse.cuhk.edu.hk<*> close, 301 bytes sent, 278 bytes received, lifetime <*>",0.8541,12.02,8
14,"<*> close, 335 bytes sent, 4369 bytes (<*> <*>) received, lifetime <*>",partial,"<*> close, <*> bytes sent<*> KB<*> <*> received<*> <*> received<*> <*> received<*> lifetime <*>",0.9876,"<*> close, <*> bytes sent<*> KB<*> <*> received<*> <*> received<*> lifetime <*>",0.9014,"proxy.cse.cuhk.edu.hk<*> close, 301 bytes sent, 278 bytes received, lifetime <*>",0.8541,11.97,8
15,<*> open through proxy <*> HTTPS,exact,proxy.cse.cuhk.edu.hk<*> open through proxy proxy.cse.cuhk.edu.hk<*> HTTPS,1.0,<*> open through proxy socks.cse.cuhk.edu.hk<*> SOCKS5,0.672,tcpconn<*> error : Could not connect through proxy proxy.cse.cuhk.edu.hk<*> - Proxy closed the connection unexpectedly.,0.572,11.26,8
16,"<*> close, 0 bytes sent, 0 bytes received, lifetime <*>",partial,"proxy.cse.cuhk.edu.hk<*> close, 301 bytes sent, 278 bytes received, lifetime <*>",0.8971,"<*> close, <*> bytes sent<*> KB<*> <*> received<*> <*> received<*> lifetime <*>",0.8847,"<*> close, <*> bytes sent<*> KB<*> <*> received<*> <*> received<*> <*> received<*> lifetime <*>",0.875,11.77,8
17,<*> open through proxy <*> HTTPS,exact,proxy.cse.cuhk.edu.hk<*> open through proxy proxy.cse.cuhk.edu.hk<*> HTTPS,1.0,<*> open through proxy socks.cse.cuhk.edu.hk<*> SOCKS5,0.672,tcpconn<*> error : Could not connect through proxy proxy.cse.cuhk.edu.hk<*> - Proxy closed the connection unexpectedly.,0.572,11.11,8
18,"<*> close, 1792 bytes (<*> <*>) sent, 6591 bytes (<*> <*>) received, lifetime <*>",partial,"<*> close, <*> bytes sent<*> KB<*> <*> received<*> <*> received<*> <*> received<*> lifetime <*>",0.9751,"<*> close, <*> bytes sent<*> KB<*> <*> received<*> <*> received<*> lifetime <*>",0.8778,"proxy.cse.cuhk.edu.hk<*> close, 301 bytes sent, 278 bytes received, lifetime <*>",0.8311,12.53,8
19,"<*> close, 2194 bytes (<*> <*>) sent, 11695 bytes (<*> <*>) received, lifetime <*>",partial,"<*> close, <*> bytes sent<*> KB<*> <*> received<*> <*> received<*> <*> received<*> lifetime <*>",0.9892,"<*> close, <*> bytes sent<*> KB<*> <*> received<*> <*> received<*> lifetime <*>",0.9022,"proxy.cse.cuhk.edu.hk<*> close, 301 bytes sent, 278 bytes received, lifetime <*>",0.8718,12.62,8
20,"<*> close, 2834 bytes (<*> <*>) sent, 1881 bytes (<*> <*>) received, lifetime <*>",partial,"<*> close, <*> bytes sent<*> KB<*> <*> received<*> <*> received<*> <*> received<*> lifetime <*>",0.9373,"<*> close, <*> bytes sent<*> KB<*> <*> received<*> <*> received<*> lifetime <*>",0.8728,"proxy.cse.cuhk.edu.hk<*> close, 301 bytes sent, 278 bytes received, lifetime <*>",0.8054,12.7,8
21,<*> open through proxy <*> HTTPS,exact,proxy.cse.cuhk.edu.hk<*> open through proxy proxy.cse.cuhk.edu.hk<*> HTTPS,1.0,<*> open through proxy socks.cse.cuhk.edu.hk<*> SOCKS5,0.672,tcpconn<*> error : Could not connect through proxy proxy.cse.cuhk.edu.hk<*> - Proxy closed the connection unexpectedly.,0.572,11.34,8
22,"<*> close, 3547 bytes (<*> <*>) sent, 918 bytes received, lifetime <*>",partial,"<*> close, <*> bytes sent<*> KB<*> <*> received<*> <*> received<*> <*> received<*> lifetime <*>",0.9861,"<*> close, <*> bytes sent<*> KB<*> <*> received<*> <*> received<*> lifetime <*>",0.9156,"proxy.cse.cuhk.edu.hk<*> close, 301 bytes sent, 278 bytes received, lifetime <*>",0.8899,11.98,8
23,"<*> close, 1848 bytes (<*> <*>) sent, 2419 bytes (<*> <*>) received, lifetime <*>",partial,"<*> close, <*> bytes sent<*> KB<*> <*> received<*> <*> received<*> <*> received<*> lifetime <*>",0.9759,"<*> close, <*> bytes sent<*> KB<*> <*> received<*> <*> received<*> lifetime <*>",0.9063,"proxy.cse.cuhk.edu.hk<*> close, 301 bytes sent, 278 bytes received, lifetime <*>",0.8635,12.24,8
24,<*> open through proxy <*> HTTPS,exact,proxy.cse.cuhk.edu.hk<*> open through proxy proxy.cse.cuhk.edu.hk<*> HTTPS,1.0,<*> open through proxy socks.cse.cuhk.edu.hk<*> SOCKS5,0.672,tcpconn<*> error : Could not connect through proxy proxy.cse.cuhk.edu.hk<*> - Proxy closed the connection unexpectedly.,0.572,11.19,8
25,"<*> close, 1337 bytes (<*> <*>) sent, 4946 bytes (<*> <*>) received, lifetime <*>",partial,"<*> close, <*> bytes sent<*> KB<*> <*> received<*> <*> received<*> <*> received<*> lifetime <*>",0.9897,"<*> close, <*> bytes sent<*> KB<*> <*> received<*> <*> received<*> lifetime <*>",0.8954,"proxy.cse.cuhk.edu.hk<*> close, 301 bytes sent, 278 bytes received, lifetime <*>",0.8619,12.4,8
26,<*> open through proxy <*> HTTPS,exact,proxy.cse.cuhk.edu.hk<*> open through proxy proxy.cse.cuhk.edu.hk<*> HTTPS,1.0,<*> open through proxy socks.cse.cuhk.edu.hk<*> SOCKS5,0.672,tcpconn<*> error : Could not connect through proxy proxy.cse.cuhk.edu.hk<*> - Proxy closed the connection unexpectedly.,0.572,11.25,8
27,<*> open through proxy <*> HTTPS,exact,proxy.cse.cuhk.edu.hk<*> open through proxy proxy.cse.cuhk.edu.hk<*> HTTPS,1.0,<*> open through proxy socks.cse.cuhk.edu.hk<*> SOCKS5,0.672,tcpconn<*> error : Could not connect through proxy proxy.cse.cuhk.edu.hk<*> - Proxy closed the connection unexpectedly.,0.572,11.22,8
28,"<*> close, 735 bytes sent, 184 bytes received, lifetime <*>",partial,"<*> close, <*> bytes sent<*> KB<*> <*> received<*> <*> received<*> <*> received<*> lifetime <*>",0.9739,"proxy.cse.cuhk.edu.hk<*> close, 301 bytes sent, 278 bytes received, lifetime <*>",0.9474,"<*> close, <*> bytes sent<*> KB<*> <*> received<*> <*> received<*> lifetime <*>",0.9336,11.49,8
29,<*> open through proxy <*> HTTPS,exact,proxy.cse.cuhk.edu.hk<*> open through proxy proxy.cse.cuhk.edu.hk<*> HTTPS,1.0,<*> open through proxy socks.cse.cuhk.edu.hk<*> SOCKS5,0.672,tcpconn<*> error : Could not connect through proxy proxy.cse.cuhk.edu.hk<*> - Proxy closed the connection unexpectedly.,0.572,11.19,8
30,<*> open through proxy <*> HTTPS,exact,proxy.cse.cuhk.edu.hk<*> open through proxy proxy.cse.cuhk.edu.hk<*> HTTPS,1.0,<*> open through proxy socks.cse.cuhk.edu.hk<*> SOCKS5,0.672,tcpconn<*> error : Could not connect through proxy proxy.cse.cuhk.edu.hk<*> - Proxy closed the connection unexpectedly.,0.572,11.16,8
31,<*> open through proxy <*> HTTPS,exact,proxy.cse.cuhk.edu.hk<*> open through proxy proxy.cse.cuhk.edu.hk<*> HTTPS,1.0,<*> open through proxy socks.cse.cuhk.edu.hk<*> SOCKS5,0.672,tcpconn<*> error : Could not connect through proxy proxy.cse.cuhk.edu.hk<*> - Proxy closed the connection unexpectedly.,0.572,11.08,8
32,<*> open through proxy <*> HTTPS,exact,proxy.cse.cuhk.edu.hk<*> open through proxy proxy.cse.cuhk.edu.hk<*> HTTPS,1.0,<*> open through proxy socks.cse.cuhk.edu.hk<*> SOCKS5,0.672,tcpconn<*> error : Could not connect through proxy proxy.cse.cuhk.edu.hk<*> - Proxy closed the connection unexpectedly.,0.572,11.17,8
33,<*> open through proxy <*> HTTPS,exact,proxy.cse.cuhk.edu.hk<*> open through proxy proxy.cse.cuhk.edu.hk<*> HTTPS,1.0,<*> open through proxy socks.cse.cuhk.edu.hk<*> SOCKS5,0.672,tcpconn<*> error : Could not connect through proxy proxy.cse.cuhk.edu.hk<*> - Proxy closed the connection unexpectedly.,0.572,11.21,8
34,<*> open through proxy <*> HTTPS,exact,proxy.cse.cuhk.edu.hk<*> open through proxy proxy.cse.cuhk.edu.hk<*> HTTPS,1.0,<*> open through proxy socks.cse.cuhk.edu.hk<*> SOCKS5,0.672,tcpconn<*> error : Could not connect through proxy proxy.cse.cuhk.edu.hk<*> - Proxy closed the connection unexpectedly.,0.572,11.04,8
35,<*> open through proxy <*> HTTPS,exact,proxy.cse.cuhk.edu.hk<*> open through proxy proxy.cse.cuhk.edu.hk<*> HTTPS,1.0,<*> open through proxy socks.cse.cuhk.edu.hk<*> SOCKS5,0.672,tcpconn<*> error : Could not connect through proxy proxy.cse.cuhk.edu.hk<*> - Proxy closed the connection unexpectedly.,0.572,11.09,8
36,<*> open through proxy <*> HTTPS,exact,proxy.cse.cuhk.edu.hk<*> open through proxy proxy.cse.cuhk.edu.hk<*> HTTPS,1.0,<*> open through proxy socks.cse.cuhk.edu.hk<*> SOCKS5,0.672,tcpconn<*> error : Could not connect through proxy proxy.cse.cuhk.edu.hk<*> - Proxy closed the connection unexpectedly.,0.572,11.15,8
37,"<*> close, 845 bytes sent, 4814 bytes (<*> <*>) received, lifetime <*>",partial,"<*> close, <*> bytes sent<*> KB<*> <*> received<*> <*> received<*> <*> received<*> lifetime <*>",0.9799,"<*> close, <*> bytes sent<*> KB<*> <*> received<*> <*> received<*> lifetime <*>",0.8784,"proxy.cse.cuhk.edu.hk<*> close, 301 bytes sent, 278 bytes received, lifetime <*>",0.8418,11.94,8
38,"<*> close, 754 bytes sent, 3108 bytes (<*> <*>) received, lifetime <*>",partial,"<*> close, <*> bytes sent<*> KB<*> <*> received<*> <*> received<*> <*> received<*> lifetime <*>",0.987,"<*> close, <*> bytes sent<*> KB<*> <*> received<*> <*> received<*> lifetime <*>",0.9083,"proxy.cse.cuhk.edu.hk<*> close, 301 bytes sent, 278 bytes received, lifetime <*>",0.8841,11.98,8
39,"<*> close, 1364 bytes (<*> <*>) sent, 3597 bytes (<*> <*>) received, lifetime <*>",exact,"<*> close, <*> bytes sent<*> KB<*> <*> received<*> <*> received<*> <*> received<*> lifetime <*>",0.9932,"<*> close, <*> bytes sent<*> KB<*> <*> received<*> <*> received<*> lifetime <*>",0.9084,"proxy.cse.cuhk.edu.hk<*> close, 301 bytes sent, 278 bytes received, lifetime <*>",0.8762,12.3,8
40,"<*> close, 620 bytes sent, 33814 bytes (<*> <*>) received, lifetime <*>",partial,"<*> close, <*> bytes sent<*> KB<*> <*> received<*> <*> received<*> <*> received<*> lifetime <*>",0.9848,"<*> close, <*> bytes sent<*> KB<*> <*> received<*> <*> received<*> lifetime <*>",0.9103,"proxy.cse.cuhk.edu.hk<*> close, 301 bytes sent, 278 bytes received, lifetime <*>",0.8863,11.95,8
41,"<*> close, 4012 bytes (<*> <*>) sent, 6761 bytes (<*> <*>) received, lifetime <*>",partial,"<*> close, <*> bytes sent<*> KB<*> <*> received<*> <*> received<*> <*> received<*> lifetime <*>",0.9693,"<*> close, <*> bytes sent<*> KB<*> <*> received<*> <*> received<*> lifetime <*>",0.9565,"proxy.cse.cuhk.edu.hk<*> close, 301 bytes sent, 278 bytes received, lifetime <*>",0.8781,12.25,8
42,<*> open through proxy <*> HTTPS,exact,proxy.cse.cuhk.edu.hk<*> open through proxy proxy.cse.cuhk.edu.hk<*> HTTPS,1.0,<*> open through proxy socks.cse.cuhk.edu.hk<*> SOCKS5,0.672,tcpconn<*> error : Could not connect through proxy proxy.cse.cuhk.edu.hk<*> - Proxy closed the connection unexpectedly.,0.572,11.13,8
43,<*> open through proxy <*> HTTPS,exact,proxy.cse.cuhk.edu.hk<*> open through proxy proxy.cse.cuhk.edu.hk<*> HTTPS,1.0,<*> open through proxy socks.cse.cuhk.edu.hk<*> SOCKS5,0.672,tcpconn<*> error : Could not connect through proxy proxy.cse.cuhk.edu.hk<*> - Proxy closed the connection unexpectedly.,0.572,11.24,8
44,"<*> close, 781 bytes sent, 6728 bytes (<*> <*>) received, lifetime <*>",partial,"<*> close, <*> bytes sent<*> KB<*> <*> received<*> <*> received<*> <*> received<*> lifetime <*>",0.9738,"<*> close, <*> bytes sent<*> KB<*> <*> received<*> <*> received<*> lifetime <*>",0.8723,"proxy.cse.cuhk.edu.hk<*> close, 301 bytes sent, 278 bytes received, lifetime <*>",0.8309,11.91,8
45,"<*> close, 3548 bytes (<*> <*>) sent, 919 bytes received, lifetime <*>",partial,"<*> close, <*> bytes sent<*> KB<*> <*> received<*> <*> received<*> <*> received<*> lifetime <*>",0.9857,"<*> close, <*> bytes sent<*> KB<*> <*> received<*> <*> received<*> lifetime <*>",0.9129,"proxy.cse.cuhk.edu.hk<*> close, 301 bytes sent, 278 bytes received, lifetime <*>",0.8883,11.9,8
46,"<*> close, 494 bytes sent, 208 bytes received, lifetime <*>",partial,"<*> close, <*> bytes sent<*> KB<*> <*> received<*> <*> received<*> <*> received<*> lifetime <*>",0.9668,"proxy.cse.cuhk.edu.hk<*> close, 301 bytes sent, 278 bytes received, lifetime <*>",0.9559,"<*> close, <*> bytes sent<*> KB<*> <*> received<*> <*> received<*> lifetime <*>",0.9265,11.5,8
47,<*> open through proxy <*> HTTPS,exact,proxy.cse.cuhk.edu.hk<*> open through proxy proxy.cse.cuhk.edu.hk<*> HTTPS,1.0,<*> open through proxy socks.cse.cuhk.edu.hk<*> SOCKS5,0.672,tcpconn<*> error : Could not connect through proxy proxy.cse.cuhk.edu.hk<*> - Proxy closed the connection unexpectedly.,0.572,11.24,8
48,<*> open through proxy <*> HTTPS,exact,proxy.cse.cuhk.edu.hk<*> open through proxy proxy.cse.cuhk.edu.hk<*> HTTPS,1.0,<*> open through proxy socks.cse.cuhk.edu.hk<*> SOCKS5,0.672,tcpconn<*> error : Could not connect through proxy proxy.cse.cuhk.edu.hk<*> - Proxy closed the connection unexpectedly.,0.572,11.29,8
49,<*> open through proxy <*> HTTPS,exact,proxy.cse.cuhk.edu.hk<*> open through proxy proxy.cse.cuhk.edu.hk<*> HTTPS,1.0,<*> open through proxy socks.cse.cuhk.edu.hk<*> SOCKS5,0.672,tcpconn<*> error : Could not connect through proxy proxy.cse.cuhk.edu.hk<*> - Proxy closed the connection unexpectedly.,0.572,11.19,8
50,<*> open through proxy <*> HTTPS,exact,proxy.cse.cuhk.edu.hk<*> open through proxy proxy.cse.cuhk.edu.hk<*> HTTPS,1.0,<*> open through proxy socks.cse.cuhk.edu.hk<*> SOCKS5,0.672,tcpconn<*> error : Could not connect through proxy proxy.cse.cuhk.edu.hk<*> - Proxy closed the connection unexpectedly.,0.572,11.08,8
51,<*> open through proxy <*> HTTPS,exact,proxy.cse.cuhk.edu.hk<*> open through proxy proxy.cse.cuhk.edu.hk<*> HTTPS,1.0,<*> open through proxy socks.cse.cuhk.edu.hk<*> SOCKS5,0.672,tcpconn<*> error : Could not connect through proxy proxy.cse.cuhk.edu.hk<*> - Proxy closed the connection unexpectedly.,0.572,11.25,8
52,<*> open through proxy <*> HTTPS,exact,proxy.cse.cuhk.edu.hk<*> open through proxy proxy.cse.cuhk.edu.hk<*> HTTPS,1.0,<*> open through proxy socks.cse.cuhk.edu.hk<*> SOCKS5,0.672,tcpconn<*> error : Could not connect through proxy proxy.cse.cuhk.edu.hk<*> - Proxy closed the connection unexpectedly.,0.572,11.18,8
53,<*> open through proxy <*> HTTPS,exact,proxy.cse.cuhk.edu.hk<*> open through proxy proxy.cse.cuhk.edu.hk<*> HTTPS,1.0,<*> open through proxy socks.cse.cuhk.edu.hk<*> SOCKS5,0.672,tcpconn<*> error : Could not connect through proxy proxy.cse.cuhk.edu.hk<*> - Proxy closed the connection unexpectedly.,0.572,11.52,8
54,<*> open through proxy <*> HTTPS,exact,proxy.cse.cuhk.edu.hk<*> open through proxy proxy.cse.cuhk.edu.hk<*> HTTPS,1.0,<*> open through proxy socks.cse.cuhk.edu.hk<*> SOCKS5,0.672,tcpconn<*> error : Could not connect through proxy proxy.cse.cuhk.edu.hk<*> - Proxy closed the connection unexpectedly.,0.572,11.13,8
55,<*> open through proxy <*> HTTPS,exact,proxy.cse.cuhk.edu.hk<*> open through proxy proxy.cse.cuhk.edu.hk<*> HTTPS,1.0,<*> open through proxy socks.cse.cuhk.edu.hk<*> SOCKS5,0.672,tcpconn<*> error : Could not connect through proxy proxy.cse.cuhk.edu.hk<*> - Proxy closed the connection unexpectedly.,0.572,11.16,8
56,<*> open through proxy <*> HTTPS,exact,proxy.cse.cuhk.edu.hk<*> open through proxy proxy.cse.cuhk.edu.hk<*> HTTPS,1.0,<*> open through proxy socks.cse.cuhk.edu.hk<*> SOCKS5,0.672,tcpconn<*> error : Could not connect through proxy proxy.cse.cuhk.edu.hk<*> - Proxy closed the connection unexpectedly.,0.572,11.28,8
57,"<*> close, 643 bytes sent, 3323 bytes (<*> <*>) received, lifetime <*>",partial,"<*> close, <*> bytes sent<*> KB<*> <*> received<*> <*> received<*> <*> received<*> lifetime <*>",0.9799,"<*> close, <*> bytes sent<*> KB<*> <*> received<*> <*> received<*> lifetime <*>",0.9217,"proxy.cse.cuhk.edu.hk<*> close, 301 bytes sent, 278 bytes received, lifetime <*>",0.9149,11.92,8
58,"<*> close, 568 bytes sent, 156 bytes received, lifetime <*>",partial,"proxy.cse.cuhk.edu.hk<*> close, 301 bytes sent, 278 bytes received, lifetime <*>",0.9585,"<*> close, <*> bytes sent<*> KB<*> <*> received<*> <*> received<*> <*> received<*> lifetime <*>",0.9554,"<*> close, <*> bytes sent<*> KB<*> <*> received<*> <*> received<*> lifetime <*>",0.9242,11.63,8
59,"<*> close, 568 bytes sent, 156 bytes received, lifetime <*>",partial,"proxy.cse.cuhk.edu.hk<*> close, 301 bytes sent, 278 bytes received, lifetime <*>",0.9765,"<*> close, <*> bytes sent<*> KB<*> <*> received<*> <*> received<*> <*> received<*> lifetime <*>",0.9554,"<*> close, <*> bytes sent<*> KB<*> <*> received<*> <*> received<*> lifetime <*>",0.9242,11.46,8
60,<*> open through proxy <*> HTTPS,exact,proxy.cse.cuhk.edu.hk<*> open through proxy proxy.cse.cuhk.edu.hk<*> HTTPS,1.0,<*> open through proxy socks.cse.cuhk.edu.hk<*> SOCKS5,0.672,tcpconn<*> error : Could not connect through proxy proxy.cse.cuhk.edu.hk<*> - Proxy closed the connection unexpectedly.,0.572,11.19,8
61,<*> open through proxy <*> HTTPS,exact,proxy.cse.cuhk.edu.hk<*> open through proxy proxy.cse.cuhk.edu.hk<*> HTTPS,1.0,<*> open through proxy socks.cse.cuhk.edu.hk<*> SOCKS5,0.672,tcpconn<*> error : Could not connect through proxy proxy.cse.cuhk.edu.hk<*> - Proxy closed the connection unexpectedly.,0.572,11.03,8
62,"<*> close, 18252 bytes (<*> <*>) sent, 4768 bytes (<*> <*>) received, lifetime <*>",partial,"<*> close, <*> bytes sent<*> KB<*> <*> received<*> <*> received<*> <*> received<*> lifetime <*>",0.9791,"<*> close, <*> bytes sent<*> KB<*> <*> received<*> <*> received<*> lifetime <*>",0.8823,"proxy.cse.cuhk.edu.hk<*> close, 301 bytes sent, 278 bytes received, lifetime <*>",0.881,12.45,8
63,"<*> close, 16089 bytes (<*> <*>) sent, 12420 bytes (<*> <*>) received, lifetime <*>",exact,"<*> close, <*> bytes sent<*> KB<*> <*> received<*> <*> received<*> <*> received<*> lifetime <*>",0.992,"proxy.cse.cuhk.edu.hk<*> close, 301 bytes sent, 278 bytes received, lifetime <*>",0.9242,"<*> close, <*> bytes sent<*> KB<*> <*> received<*> <*> received<*> lifetime <*>",0.9175,12.47,8
64,<*> open through proxy <*> HTTPS,exact,proxy.cse.cuhk.edu.hk<*> open through proxy proxy.cse.cuhk.edu.hk<*> HTTPS,1.0,<*> open through proxy socks.cse.cuhk.edu.hk<*> SOCKS5,0.672,tcpconn<*> error : Could not connect through proxy proxy.cse.cuhk.edu.hk<*> - Proxy closed the connection unexpectedly.,0.572,11.25,8
65,<*> open through proxy <*> HTTPS,exact,proxy.cse.cuhk.edu.hk<*> open through proxy proxy.cse.cuhk.edu.hk<*> HTTPS,1.0,<*> open through proxy socks.cse.cuhk.edu.hk<*> SOCKS5,0.672,tcpconn<*> error : Could not connect through proxy proxy.cse.cuhk.edu.hk<*> - Proxy closed the connection unexpectedly.,0.572,11.06,8
66,<*> open through proxy <*> HTTPS,exact,proxy.cse.cuhk.edu.hk<*> open through proxy proxy.cse.cuhk.edu.hk<*> HTTPS,1.0,<*> open through proxy socks.cse.cuhk.edu.hk<*> SOCKS5,0.672,tcpconn<*> error : Could not connect through proxy proxy.cse.cuhk.edu.hk<*> - Proxy closed the connection unexpectedly.,0.572,11.15,8
67,<*> open through proxy <*> HTTPS,exact,proxy.cse.cuhk.edu.hk<*> open through proxy proxy.cse.cuhk.edu.hk<*> HTTPS,1.0,<*> open through proxy socks.cse.cuhk.edu.hk<*> SOCKS5,0.672,tcpconn<*> error : Could not connect through proxy proxy.cse.cuhk.edu.hk<*> - Proxy closed the connection unexpectedly.,0.572,11.14,8
68,<*> open through proxy <*> HTTPS,exact,proxy.cse.cuhk.edu.hk<*> open through proxy proxy.cse.cuhk.edu.hk<*> HTTPS,1.0,<*> open through proxy socks.cse.cuhk.edu.hk<*> SOCKS5,0.672,tcpconn<*> error : Could not connect through proxy proxy.cse.cuhk.edu.hk<*> - Proxy closed the connection unexpectedly.,0.572,11.21,8
69,<*> open through proxy <*> HTTPS,exact,proxy.cse.cuhk.edu.hk<*> open through proxy proxy.cse.cuhk.edu.hk<*> HTTPS,1.0,<*> open through proxy socks.cse.cuhk.edu.hk<*> SOCKS5,0.672,tcpconn<*> error : Could not connect through proxy proxy.cse.cuhk.edu.hk<*> - Proxy closed the connection unexpectedly.,0.572,11.07,8
70,<*> open through proxy <*> HTTPS,exact,proxy.cse.cuhk.edu.hk<*> open through proxy proxy.cse.cuhk.edu.hk<*> HTTPS,1.0,<*> open through proxy socks.cse.cuhk.edu.hk<*> SOCKS5,0.672,tcpconn<*> error : Could not connect through proxy proxy.cse.cuhk.edu.hk<*> - Proxy closed the connection unexpectedly.,0.572,11.33,8
71,<*> open through proxy <*> HTTPS,exact,proxy.cse.cuhk.edu.hk<*> open through proxy proxy.cse.cuhk.edu.hk<*> HTTPS,1.0,<*> open through proxy socks.cse.cuhk.edu.hk<*> SOCKS5,0.672,tcpconn<*> error : Could not connect through proxy proxy.cse.cuhk.edu.hk<*> - Proxy closed the connection unexpectedly.,0.572,11.18,8
72,<*> open through proxy <*> HTTPS,exact,proxy.cse.cuhk.edu.hk<*> open through proxy proxy.cse.cuhk.edu.hk<*> HTTPS,1.0,<*> open through proxy socks.cse.cuhk.edu.hk<*> SOCKS5,0.672,tcpconn<*> error : Could not connect through proxy proxy.cse.cuhk.edu.hk<*> - Proxy closed the connection unexpectedly.,0.572,11.13,8
73,"<*> close, 0 bytes sent, 0 bytes received, lifetime <*>",partial,"proxy.cse.cuhk.edu.hk<*> close, 301 bytes sent, 278 bytes received, lifetime <*>",0.9527,"<*> close, <*> bytes sent<*> KB<*> <*> received<*> <*> received<*> lifetime <*>",0.8847,"<*> close, <*> bytes sent<*> KB<*> <*> received<*> <*> received<*> <*> received<*> lifetime <*>",0.8746,11.56,8
74,"<*> close, 0 bytes sent, 0 bytes received, lifetime <*>",partial,"proxy.cse.cuhk.edu.hk<*> close, 301 bytes sent, 278 bytes received, lifetime <*>",0.967,"<*> close, <*> bytes sent<*> KB<*> <*> received<*> <*> received<*> lifetime <*>",0.8847,"<*> close, <*> bytes sent<*> KB<*> <*> received<*> <*> received<*> <*> received<*> lifetime <*>",0.8746,11.38,8
75,"<*> close, 35212 bytes (<*> <*>) sent, 22125 bytes (<*> <*>) received, lifetime <*>",partial,"<*> close, <*> bytes sent<*> KB<*> <*> received<*> <*> received<*> <*> received<*> lifetime <*>",0.9828,"<*> close, <*> bytes sent<*> KB<*> <*> received<*> <*> received<*> lifetime <*>",0.8802,"proxy.cse.cuhk.edu.hk<*> close, 301 bytes sent, 278 bytes received, lifetime <*>",0.8639,12.29,8
76,"<*> close, 8395 bytes (<*> <*>) sent, 4455 bytes (<*> <*>) received, lifetime <*>",partial,"<*> close, <*> bytes sent<*> KB<*> <*> received<*> <*> received<*> <*> received<*> lifetime <*>",0.9889,"<*> close, <*> bytes sent<*> KB<*> <*> received<*> <*> received<*> lifetime <*>",0.8951,"proxy.cse.cuhk.edu.hk<*> close, 301 bytes sent, 278 bytes received, lifetime <*>",0.8773,12.31,8
77,<*> error : Could not connect to proxy <*> - Could not resolve <*> error 11001,partial,tcpconn<*> error : Could not connect through proxy proxy.cse.cuhk.edu.hk<*> - Proxy closed the connection unexpectedly.,0.8446,"formi.baidu.com<*> error : Could not connect through proxy proxy.cse.cuhk.edu.hk<*> - Proxy server cannot establish a connection with the target, status code 403",0.777,tcpconn<*> error : A connection request was canceled before the completion.,0.5524,11.79,8
78,"<*> close, 696 bytes sent, 5005 bytes (<*> <*>) received, lifetime <*>",partial,"<*> close, <*> bytes sent<*> KB<*> <*> received<*> <*> received<*> <*> received<*> lifetime <*>",0.9848,"<*> close, <*> bytes sent<*> KB<*> <*> received<*> <*> received<*> lifetime <*>",0.8984,"proxy.cse.cuhk.edu.hk<*> close, 301 bytes sent, 278 bytes received, lifetime <*>",0.8965,12.23,8
79,<*> error : Could not connect to proxy <*> - Could not resolve <*> error 11001,partial,tcpconn<*> error : Could not connect through proxy proxy.cse.cuhk.edu.hk<*> - Proxy closed the connection unexpectedly.,0.9291,"formi.baidu.com<*> error : Could not connect through proxy proxy.cse.cuhk.edu.hk<*> - Proxy server cannot establish a connection with the target, status code 403",0.777,tcpconn<*> error : A connection request was canceled before the completion.,0.5524,12.06,8
80,<*> error : Could not connect to proxy <*> - Could not resolve <*> error 11001,partial,tcpconn<*> error : Could not connect through proxy proxy.cse.cuhk.edu.hk<*> - Proxy closed the connection unexpectedly.,0.9597,"formi.baidu.com<*> error : Could not connect through proxy proxy.cse.cuhk.edu.hk<*> - Proxy server cannot establish a connection with the target, status code 403",0.777,tcpconn<*> error : A connection request was canceled before the completion.,0.5524,11.97,8
81,awqiizxequsixgr:80 error : Could not connect to proxy <*> - Could not resolve <*> error 11001,fuzzy,tcpconn<*> error : Could not connect through proxy proxy.cse.cuhk.edu.hk<*> - Proxy closed the connection unexpectedly.,0.7224,"formi.baidu.com<*> error : Could not connect through proxy proxy.cse.cuhk.edu.hk<*> - Proxy server cannot establish a connection with the target, status code 403",0.6485,tcpconn<*> error : A connection request was canceled before the completion.,0.457,12.4,8
82,<*> error : Could not connect to proxy <*> - Could not resolve <*> error 11001,partial,tcpconn<*> error : Could not connect through proxy proxy.cse.cuhk.edu.hk<*> - Proxy closed the connection unexpectedly.,0.9693,"formi.baidu.com<*> error : Could not connect through proxy proxy.cse.cuhk.edu.hk<*> - Proxy server cannot establish a connection with the target, status code 403",0.777,tcpconn<*> error : A connection request was canceled before the completion.,0.5524,12.1,8
83,<*> error : Could not connect to proxy <*> - Could not resolve <*> error 11001,partial,tcpconn<*> error : Could not connect through proxy proxy.cse.cuhk.edu.hk<*> - Proxy closed the connection unexpectedly.,0.9774,"formi.baidu.com<*> error : Could not connect through proxy proxy.cse.cuhk.edu.hk<*> - Proxy server cannot establish a connection with the target, status code 403",0.777,tcpconn<*> error : A connection request was canceled before the completion.,0.5524,11.8,8
84,<*> error : Could not connect to proxy <*> - Could not resolve <*> error 11001,partial,tcpconn<*> error : Could not connect through proxy proxy.cse.cuhk.edu.hk<*> - Proxy closed the connection unexpectedly.,0.9827,"formi.baidu.com<*> error : Could not connect through proxy proxy.cse.cuhk.edu.hk<*> - Proxy server cannot establish a connection with the target, status code 403",0.777,tcpconn<*> error : A connection request was canceled before the completion.,0.5524,11.77,8
85,<*> error : Could not connect to proxy <*> - Could not resolve <*> error 11001,partial,tcpconn<*> error : Could not connect through proxy proxy.cse.cuhk.edu.hk<*> - Proxy closed the connection unexpectedly.,0.9863,"formi.baidu.com<*> error : Could not connect through proxy proxy.cse.cuhk.edu.hk<*> - Proxy server cannot establish a connection with the target, status code 403",0.777,tcpconn<*> error : A connection request was canceled before the completion.,0.5524,11.87,8
86,<*> error : Could not connect to proxy <*> - Could not resolve <*> error 11001,partial,tcpconn<*> error : Could not connect through proxy proxy.cse.cuhk.edu.hk<*> - Proxy closed the connection unexpectedly.,0.9889,"formi.baidu.com<*> error : Could not connect through proxy proxy.cse.cuhk.edu.hk<*> - Proxy server cannot establish a connection with the target, status code 403",0.777,tcpconn<*> error : A connection request was canceled before the completion.,0.5524,11.71,8
87,<*> error : Could not connect to proxy <*> - Could not resolve <*> error 11001,exact,tcpconn<*> error : Could not connect through proxy proxy.cse.cuhk.edu.hk<*> - Proxy closed the connection unexpectedly.,0.9908,"formi.baidu.com<*> error : Could not connect through proxy proxy.cse.cuhk.edu.hk<*> - Proxy server cannot establish a connection with the target, status code 403",0.777,tcpconn<*> error : A connection request was canceled before the completion.,0.5524,11.79,8
88,<*> error : Could not connect to proxy <*> - Could not resolve <*> error 11001,exact,tcpconn<*> error : Could not connect through proxy proxy.cse.cuhk.edu.hk<*> - Proxy closed the connection unexpectedly.,0.9923,"formi.baidu.com<*> error : Could not connect through proxy proxy.cse.cuhk.edu.hk<*> - Proxy server cannot establish a connection with the target, status code 403",0.777,tcpconn<*> error : A connection request was canceled before the completion.,0.5524,11.81,8
89,<*> error : Could not connect to proxy <*> - Could not resolve <*> error 11001,exact,tcpconn<*> error : Could not connect through proxy proxy.cse.cuhk.edu.hk<*> - Proxy closed the connection unexpectedly.,0.9934,"formi.baidu.com<*> error : Could not connect through proxy proxy.cse.cuhk.edu.hk<*> - Proxy server cannot establish a connection with the target, status code 403",0.777,tcpconn<*> error : A connection request was canceled before the completion.,0.5524,11.85,8
90,<*> error : Could not connect to proxy <*> - Could not resolve <*> error 11001,exact,tcpconn<*> error : Could not connect through proxy proxy.cse.cuhk.edu.hk<*> - Proxy closed the connection unexpectedly.,0.9943,"formi.baidu.com<*> error : Could not connect through proxy proxy.cse.cuhk.edu.hk<*> - Proxy server cannot establish a connection with the target, status code 403",0.777,tcpconn<*> error : A connection request was canceled before the completion.,0.5524,11.89,8
91,wpad:80 error : Could not connect to proxy <*> - Could not resolve <*> error 11001,fuzzy,tcpconn<*> error : Could not connect through proxy proxy.cse.cuhk.edu.hk<*> - Proxy closed the connection unexpectedly.,0.7204,"formi.baidu.com<*> error : Could not connect through proxy proxy.cse.cuhk.edu.hk<*> - Proxy server cannot establish a connection with the target, status code 403",0.5825,proxy.cse.cuhk.edu.hk<*> open through proxy proxy.cse.cuhk.edu.hk<*> HTTPS,0.4333,11.94,8
92,<*> error : Could not connect to proxy <*> - Could not resolve <*> error 11001,exact,tcpconn<*> error : Could not connect through proxy proxy.cse.cuhk.edu.hk<*> - Proxy closed the connection unexpectedly.,0.9942,"formi.baidu.com<*> error : Could not connect through proxy proxy.cse.cuhk.edu.hk<*> - Proxy server cannot establish a connection with the target, status code 403",0.777,tcpconn<*> error : A connection request was canceled before the completion.,0.5524,11.88,8
93,"<*> close, 357 bytes sent, 468 bytes received, lifetime <*>",partial,"<*> close, <*> bytes sent<*> KB<*> <*> received<*> <*> received<*> <*> received<*> lifetime <*>",0.9713,"proxy.cse.cuhk.edu.hk<*> close, 301 bytes sent, 278 bytes received, lifetime <*>",0.966,"<*> close, <*> bytes sent<*> KB<*> <*> received<*> <*> received<*> lifetime <*>",0.9236,11.63,8
94,<*> open through proxy <*> HTTPS,exact,proxy.cse.cuhk.edu.hk<*> open through proxy proxy.cse.cuhk.edu.hk<*> HTTPS,1.0,<*> open through proxy socks.cse.cuhk.edu.hk<*> SOCKS5,0.672,"formi.baidu.com<*> error : Could not connect through proxy proxy.cse.cuhk.edu.hk<*> - Proxy server cannot establish a connection with the target, status code 403",0.528,11.43,8
95,"<*> close, 0 bytes sent, 0 bytes received, lifetime <*>",partial,"proxy.cse.cuhk.edu.hk<*> close, 301 bytes sent, 278 bytes received, lifetime <*>",0.9756,"<*> close, <*> bytes sent<*> KB<*> <*> received<*> <*> received<*> lifetime <*>",0.8847,"<*> close, <*> bytes sent<*> KB<*> <*> received<*> <*> received<*> <*> received<*> lifetime <*>",0.8745,11.49,8
96,<*> open through proxy <*> HTTPS,exact,proxy.cse.cuhk.edu.hk<*> open through proxy proxy.cse.cuhk.edu.hk<*> HTTPS,1.0,<*> open through proxy socks.cse.cuhk.edu.hk<*> SOCKS5,0.672,"formi.baidu.com<*> error : Could not connect through proxy proxy.cse.cuhk.edu.hk<*> - Proxy server cannot establish a connection with the target, status code 403",0.528,11.16,8
97,<*> open through proxy <*> HTTPS,exact,proxy.cse.cuhk.edu.hk<*> open through proxy proxy.cse.cuhk.edu.hk<*> HTTPS,1.0,<*> open through proxy socks.cse.cuhk.edu.hk<*> SOCKS5,0.672,"formi.baidu.com<*> error : Could not connect through proxy proxy.cse.cuhk.edu.hk<*> - Proxy server cannot establish a connection with the target, status code 403",0.528,11.36,8
98,"<*> close, 1747 bytes (<*> <*>) sent, 1218 bytes (<*> <*>) received, lifetime <*>",partial,"<*> close, <*> bytes sent<*> KB<*> <*> received<*> <*> received<*> <*> received<*> lifetime <*>",0.9881,"<*> close, <*> bytes sent<*> KB<*> <*> received<*> <*> received<*> lifetime <*>",0.904,"proxy.cse.cuhk.edu.hk<*> close, 301 bytes sent, 278 bytes received, lifetime <*>",0.8879,12.4,8
99,"<*> close, 0 bytes sent, 0 bytes received, lifetime <*>",partial,"proxy.cse.cuhk.edu.hk<*> close, 301 bytes sent, 278 bytes received, lifetime <*>",0.9813,"<*> close, <*> bytes sent<*> KB<*> <*> received<*> <*> received<*> lifetime <*>",0.8847,"<*> close, <*> bytes sent<*> KB<*> <*> received<*> <*> received<*> <*> received<*> lifetime <*>",0.8745,11.42,8
100,<*> open through proxy <*> HTTPS,exact,proxy.cse.cuhk.edu.hk<*> open through proxy proxy.cse.cuhk.edu.hk<*> HTTPS,1.0,<*> open through proxy socks.cse.cuhk.edu.hk<*> SOCKS5,0.672,"formi.baidu.com<*> error : Could not connect through proxy proxy.cse.cuhk.edu.hk<*> - Proxy server cannot establish a connection with the target, status code 403",0.528,11.22,8
101,<*> open through proxy <*> HTTPS,exact,proxy.cse.cuhk.edu.hk<*> open through proxy proxy.cse.cuhk.edu.hk<*> HTTPS,1.0,<*> open through proxy socks.cse.cuhk.edu.hk<*> SOCKS5,0.672,"formi.baidu.com<*> error : Could not connect through proxy proxy.cse.cuhk.edu.hk<*> - Proxy server cannot establish a connection with the target, status code 403",0.528,11.17,8
102,"<*> close, 11662 bytes (<*> <*>) sent, 7986 bytes (<*> <*>) received, lifetime <*>",partial,"<*> close, <*> bytes sent<*> KB<*> <*> received<*> <*> received<*> <*> received<*> lifetime <*>",0.9866,"<*> close, <*> bytes sent<*> KB<*> <*> received<*> <*> received<*> lifetime <*>",0.8934,"proxy.cse.cuhk.edu.hk<*> close, 301 bytes sent, 278 bytes received, lifetime <*>",0.8746,13.21,8
103,<*> open through proxy <*> HTTPS,exact,proxy.cse.cuhk.edu.hk<*> open through proxy proxy.cse.cuhk.edu.hk<*> HTTPS,1.0,<*> open through proxy socks.cse.cuhk.edu.hk<*> SOCKS5,0.672,"formi.baidu.com<*> error : Could not connect through proxy proxy.cse.cuhk.edu.hk<*> - Proxy server cannot establish a connection with the target, status code 403",0.528,11.35,8
104,<*> open through proxy <*> HTTPS,exact,proxy.cse.cuhk.edu.hk<*> open through proxy proxy.cse.cuhk.edu.hk<*> HTTPS,1.0,<*> open through proxy socks.cse.cuhk.edu.hk<*> SOCKS5,0.672,"formi.baidu.com<*> error : Could not connect through proxy proxy.cse.cuhk.edu.hk<*> - Proxy server cannot establish a connection with the target, status code 403",0.528,12.23,8
105,<*> open through proxy <*> HTTPS,exact,proxy.cse.cuhk.edu.hk<*> open through proxy proxy.cse.cuhk.edu.hk<*> HTTPS,1.0,<*> open through proxy socks.cse.cuhk.edu.hk<*> SOCKS5,0.672,"formi.baidu.com<*> error : Could not connect through proxy proxy.cse.cuhk.edu.hk<*> - Proxy server cannot establish a connection with the target, status code 403",0.528,11.91,8
106,"<*> close, 0 bytes sent, 0 bytes received, lifetime <*>",partial,"proxy.cse.cuhk.edu.hk<*> close, 301 bytes sent, 278 bytes received, lifetime <*>",0.9852,"<*> close, <*> bytes sent<*> KB<*> <*> received<*> <*> received<*> lifetime <*>",0.8847,"<*> close, <*> bytes sent<*> KB<*> <*> received<*> <*> received<*> <*> received<*> lifetime <*>",0.8744,11.84,8
107,<*> open through proxy <*> HTTPS,exact,proxy.cse.cuhk.edu.hk<*> open through proxy proxy.cse.cuhk.edu.hk<*> HTTPS,1.0,<*> open through proxy socks.cse.cuhk.edu.hk<*> SOCKS5,0.672,"formi.baidu.com<*> error : Could not connect through proxy proxy.cse.cuhk.edu.hk<*> - Proxy server cannot establish a connection with the target, status code 403",0.528,11.38,8
108,<*> open through proxy <*> HTTPS,exact,proxy.cse.cuhk.edu.hk<*> open through proxy proxy.cse.cuhk.edu.hk<*> HTTPS,1.0,<*> open through proxy socks.cse.cuhk.edu.hk<*> SOCKS5,0.672,"formi.baidu.com<*> error : Could not connect through proxy proxy.cse.cuhk.edu.hk<*> - Proxy server cannot establish a connection with the target, status code 403",0.528,11.2,8
109,<*> open through proxy <*> HTTPS,exact,proxy.cse.cuhk.edu.hk<*> open through proxy proxy.cse.cuhk.edu.hk<*> HTTPS,1.0,<*> open through proxy socks.cse.cuhk.edu.hk<*> SOCKS5,0.672,"formi.baidu.com<*> error : Could not connect through proxy proxy.cse.cuhk.edu.hk<*> - Proxy server cannot establish a connection with the target, status code 403",0.528,11.22,8
110,<*> open through proxy <*> HTTPS,exact,proxy.cse.cuhk.edu.hk<*> open through proxy proxy.cse.cuhk.edu.hk<*> HTTPS,1.0,<*> open through proxy socks.cse.cuhk.edu.hk<*> SOCKS5,0.672,"formi.baidu.com<*> error : Could not connect through proxy proxy.cse.cuhk.edu.hk<*> - Proxy server cannot establish a connection with the target, status code 403",0.528,11.19,8
111,"<*> close, 1915 bytes (<*> <*>) sent, 4198 bytes (<*> <*>) received, lifetime <*>",partial,"<*> close, <*> bytes sent<*> KB<*> <*> received<*> <*> received<*> <*> received<*> lifetime <*>",0.9392,"<*> close, <*> bytes sent<*> KB<*> <*> received<*> <*> received<*> lifetime <*>",0.8801,"proxy.cse.cuhk.edu.hk<*> close, 301 bytes sent, 278 bytes received, lifetime <*>",0.8252,12.33,8
112,"<*> error : Could not connect through proxy <*> - Proxy server cannot establish a connection with the target, status code 403",exact,"formi.baidu.com<*> error : Could not connect through proxy proxy.cse.cuhk.edu.hk<*> - Proxy server cannot establish a connection with the target, status code 403",1.0,tcpconn<*> error : Could not connect through proxy proxy.cse.cuhk.edu.hk<*> - Proxy closed the connection unexpectedly.,0.8028,tcpconn<*> error : A connection request was canceled before the completion.,0.5333,11.95,8
113,"<*> close, 3808 bytes (<*> <*>) sent, 2035 bytes (<*> <*>) received, lifetime <*>",exact,"<*> close, <*> bytes sent<*> KB<*> <*> received<*> <*> received<*> <*> received<*> lifetime <*>",0.9916,"<*> close, <*> bytes sent<*> KB<*> <*> received<*> <*> received<*> lifetime <*>",0.9142,"proxy.cse.cuhk.edu.hk<*> close, 301 bytes sent, 278 bytes received, lifetime <*>",0.8906,12.35,8
114,"<*> close, 1634 bytes (<*> <*>) sent, 15284 bytes (<*> <*>) received, lifetime <*>",partial,"<*> close, <*> bytes sent<*> KB<*> <*> received<*> <*> received<*> <*> received<*> lifetime <*>",0.9852,"<*> close, <*> bytes sent<*> KB<*> <*> received<*> <*> received<*> lifetime <*>",0.9243,"proxy.cse.cuhk.edu.hk<*> close, 301 bytes sent, 278 bytes received, lifetime <*>",0.9054,12.29,8
115,"<*> close, 1640 bytes (<*> <*>) sent, 17802 bytes (<*> <*>) received, lifetime <*>",partial,"<*> close, <*> bytes sent<*> KB<*> <*> received<*> <*> received<*> <*> received<*> lifetime <*>",0.9814,"<*> close, <*> bytes sent<*> KB<*> <*> received<*> <*> received<*> lifetime <*>",0.8928,"proxy.cse.cuhk.edu.hk<*> close, 301 bytes sent, 278 bytes received, lifetime <*>",0.8677,12.28,8
116,"<*> close, 3281 bytes (<*> <*>) sent, 102173 bytes (<*> <*>) received, lifetime <*>",partial,"<*> close, <*> bytes sent<*> KB<*> <*> received<*> <*> received<*> <*> received<*> lifetime <*>",0.9854,"<*> close, <*> bytes sent<*> KB<*> <*> received<*> <*> received<*> lifetime <*>",0.9237,"proxy.cse.cuhk.edu.hk<*> close, 301 bytes sent, 278 bytes received, lifetime <*>",0.9128,12.58,8
117,"<*> close, 0 bytes sent, 0 bytes received, lifetime <*>",partial,"proxy.cse.cuhk.edu.hk<*> close, 301 bytes sent, 278 bytes received, lifetime <*>",0.988,"<*> close, <*> bytes sent<*> KB<*> <*> received<*> <*> received<*> lifetime <*>",0.8847,"<*> close, <*> bytes sent<*> KB<*> <*> received<*> <*> received<*> <*> received<*> lifetime <*>",0.8743,11.39,8
118,"<*> close, 0 bytes sent, 0 bytes received, lifetime <*>",exact,"proxy.cse.cuhk.edu.hk<*> close, 301 bytes sent, 278 bytes received, lifetime <*>",0.9901,"<*> close, <*> bytes sent<*> KB<*> <*> received<*> <*> received<*> lifetime <*>",0.8847,"<*> close, <*> bytes sent<*> KB<*> <*> received<*> <*> received<*> <*> received<*> lifetime <*>",0.8743,11.47,8
119,<*> error : A connection request was canceled before the completion.,exact,tcpconn<*> error : A connection request was canceled before the completion.,1.0,tcpconn<*> error : Could not connect through proxy proxy.cse.cuhk.edu.hk<*> - Proxy closed the connection unexpectedly.,0.5785,"formi.baidu.com<*> error : Could not connect through proxy proxy.cse.cuhk.edu.hk<*> - Proxy server cannot establish a connection with the target, status code 403",0.5333,11.53,8
120,<*> error : A connection request was canceled before the completion.,exact,tcpconn<*> error : A connection request was canceled before the completion.,1.0,tcpconn<*> error : Could not connect through proxy proxy.cse.cuhk.edu.hk<*> - Proxy closed the connection unexpectedly.,0.5785,"formi.baidu.com<*> error : Could not connect through proxy proxy.cse.cuhk.edu.hk<*> - Proxy server cannot establish a connection with the target, status code 403",0.5333,11.25,8
121,"<*> close, 0 bytes sent, 0 bytes received, lifetime <*>",exact,"proxy.cse.cuhk.edu.hk<*> close, 301 bytes sent, 278 bytes received, lifetime <*>",0.9917,"<*> close, <*> bytes sent<*> KB<*> <*> received<*> <*> received<*> lifetime <*>",0.8847,"<*> close, <*> bytes sent<*> KB<*> <*> received<*> <*> received<*> <*> received<*> lifetime <*>",0.8743,11.54,8
122,"<*> close, 314 bytes sent, 1035 bytes (<*> <*>) received, lifetime <*>",partial,"<*> close, <*> bytes sent<*> KB<*> <*> received<*> <*> received<*> <*> received<*> lifetime <*>",0.9829,"<*> close, <*> bytes sent<*> KB<*> <*> received<*> <*> received<*> lifetime <*>",0.8992,"proxy.cse.cuhk.edu.hk<*> close, 301 bytes sent, 278 bytes received, lifetime <*>",0.8837,11.95,8
123,<*> open through proxy <*> HTTPS,exact,proxy.cse.cuhk.edu.hk<*> open through proxy proxy.cse.cuhk.edu.hk<*> HTTPS,1.0,<*> open through proxy socks.cse.cuhk.edu.hk<*> SOCKS5,0.672,"formi.baidu.com<*> error : Could not connect through proxy proxy.cse.cuhk.edu.hk<*> - Proxy server cannot establish a connection with the target, status code 403",0.528,11.29,8
124,<*> open through proxy <*> HTTPS,exact,proxy.cse.cuhk.edu.hk<*> open through proxy proxy.cse.cuhk.edu.hk<*> HTTPS,1.0,<*> open through proxy socks.cse.cuhk.edu.hk<*> SOCKS5,0.672,"formi.baidu.com<*> error : Could not connect through proxy proxy.cse.cuhk.edu.hk<*> - Proxy server cannot establish a connection with the target, status code 403",0.528,11.07,8
125,<*> open through proxy <*> HTTPS,exact,proxy.cse.cuhk.edu.hk<*> open through proxy proxy.cse.cuhk.edu.hk<*> HTTPS,1.0,<*> open through proxy socks.cse.cuhk.edu.hk<*> SOCKS5,0.672,"formi.baidu.com<*> error : Could not connect through proxy proxy.cse.cuhk.edu.hk<*> - Proxy server cannot establish a connection with the target, status code 403",0.528,11.3,8
126,<*> open through proxy <*> HTTPS,exact,proxy.cse.cuhk.edu.hk<*> open through proxy proxy.cse.cuhk.edu.hk<*> HTTPS,1.0,<*> open through proxy socks.cse.cuhk.edu.hk<*> SOCKS5,0.672,"formi.baidu.com<*> error : Could not connect through proxy proxy.cse.cuhk.edu.hk<*> - Proxy server cannot establish a connection with the target, status code 403",0.528,11.15,8
127,"<*> close, 0 bytes sent, 0 bytes received, lifetime <*>",exact,"proxy.cse.cuhk.edu.hk<*> close, 301 bytes sent, 278 bytes received, lifetime <*>",0.9929,"<*> close, <*> bytes sent<*> KB<*> <*> received<*> <*> received<*> lifetime <*>",0.8847,"<*> close, <*> bytes sent<*> KB<*> <*> received<*> <*> received<*> <*> received<*> lifetime <*>",0.8743,11.4,8
128,"<*> close, 0 bytes sent, 0 bytes received, lifetime <*>",exact,"proxy.cse.cuhk.edu.hk<*> close, 301 bytes sent, 278 bytes received, lifetime <*>",0.9939,"<*> close, <*> bytes sent<*> KB<*> <*> received<*> <*> received<*> lifetime <*>",0.8847,"<*> close, <*> bytes sent<*> KB<*> <*> received<*> <*> received<*> <*> received<*> lifetime <*>",0.8743,11.4,8
129,"<*> close, 0 bytes sent, 0 bytes received, lifetime <*>",exact,"proxy.cse.cuhk.edu.hk<*> close, 301 bytes sent, 278 bytes received, lifetime <*>",0.9946,"<*> close, <*> bytes sent<*> KB<*> <*> received<*> <*> received<*> lifetime <*>",0.8847,"<*> close, <*> bytes sent<*> KB<*> <*> received<*> <*> received<*> <*> received<*> lifetime <*>",0.8743,11.51,8
130,<*> error : A connection request was canceled before the completion.,exact,tcpconn<*> error : A connection request was canceled before the completion.,1.0,tcpconn<*> error : Could not connect through proxy proxy.cse.cuhk.edu.hk<*> - Proxy closed the connection unexpectedly.,0.5785,"formi.baidu.com<*> error : Could not connect through proxy proxy.cse.cuhk.edu.hk<*> - Proxy server cannot establish a connection with the target, status code 403",0.5333,11.33,8
131,<*> open through proxy <*> HTTPS,exact,proxy.cse.cuhk.edu.hk<*> open through proxy proxy.cse.cuhk.edu.hk<*> HTTPS,1.0,<*> open through proxy socks.cse.cuhk.edu.hk<*> SOCKS5,0.672,"formi.baidu.com<*> error : Could not connect through proxy proxy.cse.cuhk.edu.hk<*> - Proxy server cannot establish a connection with the target, status code 403",0.528,11.2,8
132,<*> open through proxy <*> HTTPS,exact,proxy.cse.cuhk.edu.hk<*> open through proxy proxy.cse.cuhk.edu.hk<*> HTTPS,1.0,<*> open through proxy socks.cse.cuhk.edu.hk<*> SOCKS5,0.672,"formi.baidu.com<*> error : Could not connect through proxy proxy.cse.cuhk.edu.hk<*> - Proxy server cannot establish a connection with the target, status code 403",0.528,11.18,8
133,<*> open through proxy <*> HTTPS,exact,proxy.cse.cuhk.edu.hk<*> open through proxy proxy.cse.cuhk.edu.hk<*> HTTPS,1.0,<*> open through proxy socks.cse.cuhk.edu.hk<*> SOCKS5,0.672,"formi.baidu.com<*> error : Could not connect through proxy proxy.cse.cuhk.edu.hk<*> - Proxy server cannot establish a connection with the target, status code 403",0.528,11.22,8
134,"<*> close, 670 bytes sent, 421 bytes received, lifetime <*>",partial,"<*> close, <*> bytes sent<*> KB<*> <*> received<*> <*> received<*> <*> received<*> lifetime <*>",0.9577,"proxy.cse.cuhk.edu.hk<*> close, 301 bytes sent, 278 bytes received, lifetime <*>",0.9542,"<*> close, <*> bytes sent<*> KB<*> <*> received<*> <*> received<*> lifetime <*>",0.9262,11.5,8
135,"<*> close, 2188 bytes (<*> <*>) sent, 41402 bytes (<*> <*>) received, lifetime <*>",exact,"<*> close, <*> bytes sent<*> KB<*> <*> received<*> <*> received<*> <*> received<*> lifetime <*>",0.9912,"<*> close, <*> bytes sent<*> KB<*> <*> received<*> <*> received<*> lifetime <*>",0.9055,"proxy.cse.cuhk.edu.hk<*> close, 301 bytes sent, 278 bytes received, lifetime <*>",0.8725,12.38,8
136,"<*> close, 1822 bytes (<*> <*>) sent, 754 bytes received, lifetime <*>",partial,"<*> close, <*> bytes sent<*> KB<*> <*> received<*> <*> received<*> <*> received<*> lifetime <*>",0.9839,"<*> close, <*> bytes sent<*> KB<*> <*> received<*> <*> received<*> lifetime <*>",0.9135,"proxy.cse.cuhk.edu.hk<*> close, 301 bytes sent, 278 bytes received, lifetime <*>",0.8801,12.16,8
137,"<*> close, 338 bytes sent, 3597 bytes (<*> <*>) received, lifetime <*>",partial,"<*> close, <*> bytes sent<*> KB<*> <*> received<*> <*> received<*> <*> received<*> lifetime <*>",0.9876,"<*> close, <*> bytes sent<*> KB<*> <*> received<*> <*> received<*> lifetime <*>",0.8994,"proxy.cse.cuhk.edu.hk<*> close, 301 bytes sent, 278 bytes received, lifetime <*>",0.8722,12.01,8
138,"<*> close, 0 bytes sent, 0 bytes received, lifetime <*>",exact,"proxy.cse.cuhk.edu.hk<*> close, 301 bytes sent, 278 bytes received, lifetime <*>",0.9953,"<*> close, <*> bytes sent<*> KB<*> <*> received<*> <*> received<*> lifetime <*>",0.8847,"<*> close, <*> bytes sent<*> KB<*> <*> received<*> <*> received<*> <*> received<*> lifetime <*>",0.8743,11.55,8
139,"<*> close, 42307 bytes (<*> <*>) sent, 279 bytes received, lifetime <*>",partial,"<*> close, <*> bytes sent<*> KB<*> <*> received<*> <*> received<*> <*> received<*> lifetime <*>",0.9862,"<*> close, <*> bytes sent<*> KB<*> <*> received<*> <*> received<*> lifetime <*>",0.8967,"proxy.cse.cuhk.edu.hk<*> close, 301 bytes sent, 278 bytes received, lifetime <*>",0.8538,11.92,8
140,"<*> close, 1314 bytes (<*> <*>) sent, 27289 bytes (<*> <*>) received, lifetime <*>",partial,"<*> close, <*> bytes sent<*> KB<*> <*> received<*> <*> received<*> <*> received<*> lifetime <*>",0.983,"<*> close, <*> bytes sent<*> KB<*> <*> received<*> <*> received<*> lifetime <*>",0.8803,"proxy.cse.cuhk.edu.hk<*> close, 301 bytes sent, 278 bytes received, lifetime <*>",0.8277,12.5,8
141,"<*> close, 1278 bytes (<*> <*>) sent, 6854 bytes (<*> <*>) received, lifetime <*>",partial,"<*> close, <*> bytes sent<*> KB<*> <*> received<*> <*> received<*> <*> received<*> lifetime <*>",0.9887,"<*> close, <*> bytes sent<*> KB<*> <*> received<*> <*> received<*> lifetime <*>",0.9078,"proxy.cse.cuhk.edu.hk<*> close, 301 bytes sent, 278 bytes received, lifetime <*>",0.8849,12.3,8
142,<*> open through proxy <*> HTTPS,exact,proxy.cse.cuhk.edu.hk<*> open through proxy proxy.cse.cuhk.edu.hk<*> HTTPS,1.0,<*> open through proxy socks.cse.cuhk.edu.hk<*> SOCKS5,0.672,"formi.baidu.com<*> error : Could not connect through proxy proxy.cse.cuhk.edu.hk<*> - Proxy server cannot establish a connection with the target, status code 403",0.528,11.23,8
143,"<*> close, 20249 bytes (<*> <*>) sent, 20243 bytes (<*> <*>) received, lifetime <*>",partial,"<*> close, <*> bytes sent<*> KB<*> <*> received<*> <*> received<*> <*> received<*> lifetime <*>",0.9888,"<*> close, <*> bytes sent<*> KB<*> <*> received<*> <*> received<*> lifetime <*>",0.9031,"proxy.cse.cuhk.edu.hk<*> close, 301 bytes sent, 278 bytes received, lifetime <*>",0.8745,12.3,8
144,<*> open through proxy <*> HTTPS,exact,proxy.cse.cuhk.edu.hk<*> open through proxy proxy.cse.cuhk.edu.hk<*> HTTPS,1.0,<*> open through proxy socks.cse.cuhk.edu.hk<*> SOCKS5,0.672,"formi.baidu.com<*> error : Could not connect through proxy proxy.cse.cuhk.edu.hk<*> - Proxy server cannot establish a connection with the target, status code 403",0.528,11.1,8
145,<*> open through proxy <*> HTTPS,exact,proxy.cse.cuhk.edu.hk<*> open through proxy proxy.cse.cuhk.edu.hk<*> HTTPS,1.0,<*> open through proxy socks.cse.cuhk.edu.hk<*> SOCKS5,0.672,"formi.baidu.com<*> error : Could not connect through proxy proxy.cse.cuhk.edu.hk<*> - Proxy server cannot establish a connection with the target, status code 403",0.528,11.21,8
146,<*> open through proxy <*> HTTPS,exact,proxy.cse.cuhk.edu.hk<*> open through proxy proxy.cse.cuhk.edu.hk<*> HTTPS,1.0,<*> open through proxy socks.cse.cuhk.edu.hk<*> SOCKS5,0.672,"formi.baidu.com<*> error : Could not connect through proxy proxy.cse.cuhk.edu.hk<*> - Proxy server cannot establish a connection with the target, status code 403",0.528,11.18,8
147,"<*> close, 461 bytes sent, 4784 bytes (<*> <*>) received, lifetime <*>",partial,"<*> close, <*> bytes sent<*> KB<*> <*> received<*> <*> received<*> <*> received<*> lifetime <*>",0.9857,"<*> close, <*> bytes sent<*> KB<*> <*> received<*> <*> received<*> lifetime <*>",0.9039,"proxy.cse.cuhk.edu.hk<*> close, 301 bytes sent, 278 bytes received, lifetime <*>",0.8911,11.87,8
148,"<*> close, 461 bytes sent, 4784 bytes (<*> <*>) received, lifetime <*>",partial,"<*> close, <*> bytes sent<*> KB<*> <*> received<*> <*> received<*> <*> received<*> lifetime <*>",0.9857,"<*> close, <*> bytes sent<*> KB<*> <*> received<*> <*> received<*> lifetime <*>",0.9039,"proxy.cse.cuhk.edu.hk<*> close, 301 bytes sent, 278 bytes received, lifetime <*>",0.8911,11.95,8
149,"<*> close, 461 bytes sent, 4786 bytes (<*> <*>) received, lifetime <*>",partial,"<*> close, <*> bytes sent<*> KB<*> <*> received<*> <*> received<*> <*> received<*> lifetime <*>",0.9829,"<*> close, <*> bytes sent<*> KB<*> <*> received<*> <*> received<*> lifetime <*>",0.8934,"proxy.cse.cuhk.edu.hk<*> close, 301 bytes sent, 278 bytes received, lifetime <*>",0.8765,11.94,8
150,"<*> close, 0 bytes sent, 0 bytes received, lifetime <*>",exact,"proxy.cse.cuhk.edu.hk<*> close, 301 bytes sent, 278 bytes received, lifetime <*>",0.9958,"<*> close, <*> bytes sent<*> KB<*> <*> received<*> <*> received<*> lifetime <*>",0.8847,"<*> close, <*> bytes sent<*> KB<*> <*> received<*> <*> received<*> <*> received<*> lifetime <*>",0.8741,11.47,8
151,"<*> close, 2508 bytes (<*> <*>) sent, 7073 bytes (<*> <*>) received, lifetime <*>",exact,"<*> close, <*> bytes sent<*> KB<*> <*> received<*> <*> received<*> <*> received<*> lifetime <*>",0.9901,"<*> close, <*> bytes sent<*> KB<*> <*> received<*> <*> received<*> lifetime <*>",0.9023,"proxy.cse.cuhk.edu.hk<*> close, 301 bytes sent, 278 bytes received, lifetime <*>",0.8653,12.62,8
152,"<*> close, 6703 bytes (<*> <*>) sent, 5167 bytes (<*> <*>) received, lifetime <*>",partial,"<*> close, <*> bytes sent<*> KB<*> <*> received<*> <*> received<*> <*> received<*> lifetime <*>",0.9893,"<*> close, <*> bytes sent<*> KB<*> <*> received<*> <*> received<*> lifetime <*>",0.9062,"proxy.cse.cuhk.edu.hk<*> close, 301 bytes sent, 278 bytes received, lifetime <*>",0.8693,12.4,8
153,"<*> close, 494 bytes sent, 208 bytes received, lifetime <*>",partial,"<*> close, <*> bytes sent<*> KB<*> <*> received<*> <*> received<*> <*> received<*> lifetime <*>",0.9665,"proxy.cse.cuhk.edu.hk<*> close, 301 bytes sent, 278 bytes received, lifetime <*>",0.9478,"<*> close, <*> bytes sent<*> KB<*> <*> received<*> <*> received<*> lifetime <*>",0.9265,11.84,8
154,"<*> close, 7238 bytes (<*> <*>) sent, 12813 bytes (<*> <*>) received, lifetime <*>",partial,"<*> close, <*> bytes sent<*> KB<*> <*> received<*> <*> received<*> <*> received<*> lifetime <*>",0.9865,"<*> close, <*> bytes sent<*> KB<*> <*> received<*> <*> received<*> lifetime <*>",0.913,"proxy.cse.cuhk.edu.hk<*> close, 301 bytes sent, 278 bytes received, lifetime <*>",0.8908,12.86,8
155,<*> open through proxy <*> HTTPS,exact,proxy.cse.cuhk.edu.hk<*> open through proxy proxy.cse.cuhk.edu.hk<*> HTTPS,1.0,<*> open through proxy socks.cse.cuhk.edu.hk<*> SOCKS5,0.672,"formi.baidu.com<*> error : Could not connect through proxy proxy.cse.cuhk.edu.hk<*> - Proxy server cannot establish a connection with the target, status code 403",0.528,11.52,8
156,"<*> close, 749 bytes sent, 229 bytes received, lifetime <*>",partial,"proxy.cse.cuhk.edu.hk<*> close, 301 bytes sent, 278 bytes received, lifetime <*>",0.9683,"<*> close, <*> bytes sent<*> KB<*> <*> received<*> <*> received<*> <*> received<*> lifetime <*>",0.9536,"<*> close, <*> bytes sent<*> KB<*> <*> received<*> <*> received<*> lifetime <*>",0.9317,11.64,8
157,"<*> close, 476 bytes sent, 4417 bytes (<*> <*>) received, lifetime <*>",partial,"<*> close, <*> bytes sent<*> KB<*> <*> received<*> <*> received<*> <*> received<*> lifetime <*>",0.9866,"<*> close, <*> bytes sent<*> KB<*> <*> received<*> <*> received<*> lifetime <*>",0.8988,"proxy.cse.cuhk.edu.hk<*> close, 301 bytes sent, 278 bytes received, lifetime <*>",0.8804,11.97,8
158,<*> open through proxy <*> HTTPS,exact,proxy.cse.cuhk.edu.hk<*> open through proxy proxy.cse.cuhk.edu.hk<*> HTTPS,1.0,<*> open through proxy socks.cse.cuhk.edu.hk<*> SOCKS5,0.672,"formi.baidu.com<*> error : Could not connect through proxy proxy.cse.cuhk.edu.hk<*> - Proxy server cannot establish a connection with the target, status code 403",0.528,11.32,8
159,"<*> close, 2419 bytes (<*> <*>) sent, 4742 bytes (<*> <*>) received, lifetime <*>",partial,"<*> close, <*> bytes sent<*> KB<*> <*> received<*> <*> received<*> <*> received<*> lifetime <*>",0.9845,"<*> close, <*> bytes sent<*> KB<*> <*> received<*> <*> received<*> lifetime <*>",0.9041,"proxy.cse.cuhk.edu.hk<*> close, 301 bytes sent, 278 bytes received, lifetime <*>",0.877,12.39,8
160,"<*> close, 357 bytes sent, 484 bytes received, lifetime <*>",partial,"<*> close, <*> bytes sent<*> KB<*> <*> received<*> <*> received<*> <*> received<*> lifetime <*>",0.9748,"proxy.cse.cuhk.edu.hk<*> close, 301 bytes sent, 278 bytes received, lifetime <*>",0.9418,"<*> close, <*> bytes sent<*> KB<*> <*> received<*> <*> received<*> lifetime <*>",0.927,11.54,8
161,"<*> close, 2476 bytes (<*> <*>) sent, 2643 bytes (<*> <*>) received, lifetime <*>",partial,"<*> close, <*> bytes sent<*> KB<*> <*> received<*> <*> received<*> <*> received<*> lifetime <*>",0.9842,"<*> close, <*> bytes sent<*> KB<*> <*> received<*> <*> received<*> lifetime <*>",0.8921,"proxy.cse.cuhk.edu.hk<*> close, 301 bytes sent, 278 bytes received, lifetime <*>",0.8524,12.42,8
162,"<*> close, 3818 bytes (<*> <*>) sent, 6276 bytes (<*> <*>) received, lifetime <*>",exact,"<*> close, <*> bytes sent<*> KB<*> <*> received<*> <*> received<*> <*> received<*> lifetime <*>",0.9915,"<*> close, <*> bytes sent<*> KB<*> <*> received<*> <*> received<*> lifetime <*>",0.906,"proxy.cse.cuhk.edu.hk<*> close, 301 bytes sent, 278 bytes received, lifetime <*>",0.8714,12.42,8
163,"<*> close, 3460 bytes (<*> <*>) sent, 5211 bytes (<*> <*>) received, lifetime <*>",partial,"<*> close, <*> bytes sent<*> KB<*> <*> received<*> <*> received<*> <*> received<*> lifetime <*>",0.9764,"<*> close, <*> bytes sent<*> KB<*> <*> received<*> <*> received<*> lifetime <*>",0.8707,"proxy.cse.cuhk.edu.hk<*> close, 301 bytes sent, 278 bytes received, lifetime <*>",0.8197,12.38,8
164,<*> open through proxy <*> HTTPS,exact,proxy.cse.cuhk.edu.hk<*> open through proxy proxy.cse.cuhk.edu.hk<*> HTTPS,1.0,<*> open through proxy socks.cse.cuhk.edu.hk<*> SOCKS5,0.672,"formi.baidu.com<*> error : Could not connect through proxy proxy.cse.cuhk.edu.hk<*> - Proxy server cannot establish a connection with the target, status code 403",0.528,11.34,8
165,<*> open through proxy <*> HTTPS,exact,proxy.cse.cuhk.edu.hk<*> open through proxy proxy.cse.cuhk.edu.hk<*> HTTPS,1.0,<*> open through proxy socks.cse.cuhk.edu.hk<*> SOCKS5,0.672,"formi.baidu.com<*> error : Could not connect through proxy proxy.cse.cuhk.edu.hk<*> - Proxy server cannot establish a connection with the target, status code 403",0.528,11.7,8
166,"<*> close, 409 bytes sent, 161 bytes received, lifetime <*>",partial,"<*> close, <*> bytes sent<*> KB<*> <*> received<*> <*> received<*> <*> received<*> lifetime <*>",0.961,"proxy.cse.cuhk.edu.hk<*> close, 301 bytes sent, 278 bytes received, lifetime <*>",0.9504,"<*> close, <*> bytes sent<*> KB<*> <*> received<*> <*> received<*> lifetime <*>",0.9274,11.69,8
167,<*> open through proxy <*> HTTPS,exact,proxy.cse.cuhk.edu.hk<*> open through proxy proxy.cse.cuhk.edu.hk<*> HTTPS,1.0,<*> open through proxy socks.cse.cuhk.edu.hk<*> SOCKS5,0.672,"formi.baidu.com<*> error : Could not connect through proxy proxy.cse.cuhk.edu.hk<*> - Proxy server cannot establish a connection with the target, status code 403",0.528,11.16,8
168,<*> open through proxy <*> HTTPS,exact,proxy.cse.cuhk.edu.hk<*> open through proxy proxy.cse.cuhk.edu.hk<*> HTTPS,1.0,<*> open through proxy socks.cse.cuhk.edu.hk<*> SOCKS5,0.672,"formi.baidu.com<*> error : Could not connect through proxy proxy.cse.cuhk.edu.hk<*> - Proxy server cannot establish a connection with the target, status code 403",0.528,11.34,8
169,<*> open through proxy <*> HTTPS,exact,proxy.cse.cuhk.edu.hk<*> open through proxy proxy.cse.cuhk.edu.hk<*> HTTPS,1.0,<*> open through proxy socks.cse.cuhk.edu.hk<*> SOCKS5,0.672,"formi.baidu.com<*> error : Could not connect through proxy proxy.cse.cuhk.edu.hk<*> - Proxy server cannot establish a connection with the target, status code 403",0.528,11.37,8
170,"<*> close, 735 bytes sent, 184 bytes received, lifetime <*>",partial,"<*> close, <*> bytes sent<*> KB<*> <*> received<*> <*> received<*> <*> received<*> lifetime <*>",0.9736,"proxy.cse.cuhk.edu.hk<*> close, 301 bytes sent, 278 bytes received, lifetime <*>",0.9441,"<*> close, <*> bytes sent<*> KB<*> <*> received<*> <*> received<*> lifetime <*>",0.9336,11.58,8
171,"<*> close, 326 bytes sent, 5710 bytes (<*> <*>) received, lifetime <*>",partial,"<*> close, <*> bytes sent<*> KB<*> <*> received<*> <*> received<*> <*> received<*> lifetime <*>",0.9829,"<*> close, <*> bytes sent<*> KB<*> <*> received<*> <*> received<*> lifetime <*>",0.8894,"proxy.cse.cuhk.edu.hk<*> close, 301 bytes sent, 278 bytes received, lifetime <*>",0.861,11.83,8
172,"<*> close, 734 bytes sent, 229 bytes received, lifetime <*>",partial,"<*> close, <*> bytes sent<*> KB<*> <*> received<*> <*> received<*> <*> received<*> lifetime <*>",0.9622,"proxy.cse.cuhk.edu.hk<*> close, 301 bytes sent, 278 bytes received, lifetime <*>",0.9613,"<*> close, <*> bytes sent<*> KB<*> <*> received<*> <*> received<*> lifetime <*>",0.9329,11.6,8
173,<*> open through proxy <*> HTTPS,exact,proxy.cse.cuhk.edu.hk<*> open through proxy proxy.cse.cuhk.edu.hk<*> HTTPS,1.0,<*> open through proxy socks.cse.cuhk.edu.hk<*> SOCKS5,0.672,"formi.baidu.com<*> error : Could not connect through proxy proxy.cse.cuhk.edu.hk<*> - Proxy server cannot establish a connection with the target, status code 403",0.528,11.44,8
174,"<*> close, 2130 bytes (<*> <*>) sent, 1009 bytes received, lifetime <*>",partial,"<*> close, <*> bytes sent<*> KB<*> <*> received<*> <*> received<*> <*> received<*> lifetime <*>",0.9821,"<*> close, <*> bytes sent<*> KB<*> <*> received<*> <*> received<*> lifetime <*>",0.9342,"proxy.cse.cuhk.edu.hk<*> close, 301 bytes sent, 278 bytes received, lifetime <*>",0.9265,11.9,8
175,"<*> close, 1363 bytes (<*> <*>) sent, 3549 bytes (<*> <*>) received, lifetime <*>",partial,"<*> close, <*> bytes sent<*> KB<*> <*> received<*> <*> received<*> <*> received<*> lifetime <*>",0.989,"<*> close, <*> bytes sent<*> KB<*> <*> received<*> <*> received<*> lifetime <*>",0.9008,"proxy.cse.cuhk.edu.hk<*> close, 301 bytes sent, 278 bytes received, lifetime <*>",0.8631,12.38,8
176,"<*> close, 7063 bytes (<*> <*>) sent, 15399 bytes (<*> <*>) received, lifetime <*>",exact,"<*> close, <*> bytes sent<*> KB<*> <*> received<*> <*> received<*> <*> received<*> lifetime <*>",0.9911,"<*> close, <*> bytes sent<*> KB<*> <*> received<*> <*> received<*> lifetime <*>",0.9071,"proxy.cse.cuhk.edu.hk<*> close, 301 bytes sent, 278 bytes received, lifetime <*>",0.8714,12.52,8
177,"<*> close, 2168 bytes (<*> <*>) sent, 605 bytes received, lifetime <*>",partial,"<*> close, <*> bytes sent<*> KB<*> <*> received<*> <*> received<*> <*> received<*> lifetime <*>",0.9854,"<*> close, <*> bytes sent<*> KB<*> <*> received<*> <*> received<*> lifetime <*>",0.912,"proxy.cse.cuhk.edu.hk<*> close, 301 bytes sent, 278 bytes received, lifetime <*>",0.8819,11.94,8
178,"<*> close, 1603 bytes (<*> <*>) sent, 527 bytes received, lifetime <*>",partial,"<*> close, <*> bytes sent<*> KB<*> <*> received<*> <*> received<*> <*> received<*> lifetime <*>",0.9854,"<*> close, <*> bytes sent<*> KB<*> <*> received<*> <*> received<*> lifetime <*>",0.9234,"proxy.cse.cuhk.edu.hk<*> close, 301 bytes sent, 278 bytes received, lifetime <*>",0.8922,12.03,8
179,<*> error : Could not connect to proxy <*> - Could not resolve <*> error 11001,exact,tcpconn<*> error : Could not connect through proxy proxy.cse.cuhk.edu.hk<*> - Proxy closed the connection unexpectedly.,0.9948,"formi.baidu.com<*> error : Could not connect through proxy proxy.cse.cuhk.edu.hk<*> - Proxy server cannot establish a connection with the target, status code 403",0.777,tcpconn<*> error : A connection request was canceled before the completion.,0.5524,11.76,8
180,<*> error : Could not connect to proxy <*> - Could not resolve <*> error 11001,exact,tcpconn<*> error : Could not connect through proxy proxy.cse.cuhk.edu.hk<*> - Proxy closed the connection unexpectedly.,0.9954,"formi.baidu.com<*> error : Could not connect through proxy proxy.cse.cuhk.edu.hk<*> - Proxy server cannot establish a connection with the target, status code 403",0.777,tcpconn<*> error : A connection request was canceled before the completion.,0.5524,11.81,8
181,<*> error : Could not connect to proxy <*> - Could not resolve <*> error 11001,exact,tcpconn<*> error : Could not connect through proxy proxy.cse.cuhk.edu.hk<*> - Proxy closed the connection unexpectedly.,0.9959,"formi.baidu.com<*> error : Could not connect through proxy proxy.cse.cuhk.edu.hk<*> - Proxy server cannot establish a connection with the target, status code 403",0.777,tcpconn<*> error : A connection request was canceled before the completion.,0.5524,11.91,8
182,<*> error : Could not connect to proxy <*> - Could not resolve <*> error 11001,exact,tcpconn<*> error : Could not connect through proxy proxy.cse.cuhk.edu.hk<*> - Proxy closed the connection unexpectedly.,0.9963,"formi.baidu.com<*> error : Could not connect through proxy proxy.cse.cuhk.edu.hk<*> - Proxy server cannot establish a connection with the target, status code 403",0.777,tcpconn<*> error : A connection request was canceled before the completion.,0.5524,11.87,8
183,"<*> close, 484 bytes sent, 30152 bytes (<*> <*>) received, lifetime <*>",partial,"<*> close, <*> bytes sent<*> KB<*> <*> received<*> <*> received<*> <*> received<*> lifetime <*>",0.9866,"<*> close, <*> bytes sent<*> KB<*> <*> received<*> <*> received<*> lifetime <*>",0.9212,"proxy.cse.cuhk.edu.hk<*> close, 301 bytes sent, 278 bytes received, lifetime <*>",0.9049,11.97,8
184,<*> open through proxy <*> HTTPS,exact,proxy.cse.cuhk.edu.hk<*> open through proxy proxy.cse.cuhk.edu.hk<*> HTTPS,1.0,<*> open through proxy socks.cse.cuhk.edu.hk<*> SOCKS5,0.672,"formi.baidu.com<*> error : Could not connect through proxy proxy.cse.cuhk.edu.hk<*> - Proxy server cannot establish a connection with the target, status code 403",0.528,11.08,8
185,<*> open through proxy <*> HTTPS,exact,proxy.cse.cuhk.edu.hk<*> open through proxy proxy.cse.cuhk.edu.hk<*> HTTPS,1.0,<*> open through proxy socks.cse.cuhk.edu.hk<*> SOCKS5,0.672,"formi.baidu.com<*> error : Could not connect through proxy proxy.cse.cuhk.edu.hk<*> - Proxy server cannot establish a connection with the target, status code 403",0.528,11.2,8
186,<*> open through proxy <*> HTTPS,exact,proxy.cse.cuhk.edu.hk<*> open through proxy proxy.cse.cuhk.edu.hk<*> HTTPS,1.0,<*> open through proxy socks.cse.cuhk.edu.hk<*> SOCKS5,0.672,"formi.baidu.com<*> error : Could not connect through proxy proxy.cse.cuhk.edu.hk<*> - Proxy server cannot establish a connection with the target, status code 403",0.528,11.12,8
187,"<*> close, 471 bytes sent, 4693 bytes (<*> <*>) received, lifetime <*>",partial,"<*> close, <*> bytes sent<*> KB<*> <*> received<*> <*> received<*> <*> received<*> lifetime <*>",0.9837,"<*> close, <*> bytes sent<*> KB<*> <*> received<*> <*> received<*> lifetime <*>",0.8949,"proxy.cse.cuhk.edu.hk<*> close, 301 bytes sent, 278 bytes received, lifetime <*>",0.8782,11.96,8
188,"<*> close, 461 bytes sent, 4786 bytes (<*> <*>) received, lifetime <*>",partial,"<*> close, <*> bytes sent<*> KB<*> <*> received<*> <*> received<*> <*> received<*> lifetime <*>",0.9829,"<*> close, <*> bytes sent<*> KB<*> <*> received<*> <*> received<*> lifetime <*>",0.8934,"proxy.cse.cuhk.edu.hk<*> close, 301 bytes sent, 278 bytes received, lifetime <*>",0.8794,12.0,8
189,"<*> close, 461 bytes sent, 4785 bytes (<*> <*>) received, lifetime <*>",partial,"<*> close, <*> bytes sent<*> KB<*> <*> received<*> <*> received<*> <*> received<*> lifetime <*>",0.9844,"<*> close, <*> bytes sent<*> KB<*> <*> received<*> <*> received<*> lifetime <*>",0.8912,"proxy.cse.cuhk.edu.hk<*> close, 301 bytes sent, 278 bytes received, lifetime <*>",0.8658,11.94,8
190,"<*> close, 561 bytes sent, 166 bytes received, lifetime <*>",partial,"<*> close, <*> bytes sent<*> KB<*> <*> received<*> <*> received<*> <*> received<*> lifetime <*>",0.9787,"proxy.cse.cuhk.edu.hk<*> close, 301 bytes sent, 278 bytes received, lifetime <*>",0.9332,"<*> close, <*> bytes sent<*> KB<*> <*> received<*> <*> received<*> lifetime <*>",0.9274,11.62,8
191,"<*> close, 463 bytes sent, 4786 bytes (<*> <*>) received, lifetime <*>",partial,"<*> close, <*> bytes sent<*> KB<*> <*> received<*> <*> received<*> <*> received<*> lifetime <*>",0.9837,"<*> close, <*> bytes sent<*> KB<*> <*> received<*> <*> received<*> lifetime <*>",0.8901,"proxy.cse.cuhk.edu.hk<*> close, 301 bytes sent, 278 bytes received, lifetime <*>",0.8745,11.94,8
192,"<*> close, 476 bytes sent, 4417 bytes (<*> <*>) received, lifetime <*>",partial,"<*> close, <*> bytes sent<*> KB<*> <*> received<*> <*> received<*> <*> received<*> lifetime <*>",0.9868,"<*> close, <*> bytes sent<*> KB<*> <*> received<*> <*> received<*> lifetime <*>",0.8988,"proxy.cse.cuhk.edu.hk<*> close, 301 bytes sent, 278 bytes received, lifetime <*>",0.8804,11.87,8
193,<*> open through proxy <*> HTTPS,exact,proxy.cse.cuhk.edu.hk<*> open through proxy proxy.cse.cuhk.edu.hk<*> HTTPS,1.0,<*> open through proxy socks.cse.cuhk.edu.hk<*> SOCKS5,0.672,"formi.baidu.com<*> error : Could not connect through proxy proxy.cse.cuhk.edu.hk<*> - Proxy server cannot establish a connection with the target, status code 403",0.528,11.39,8
194,<*> open through proxy <*> HTTPS,exact,proxy.cse.cuhk.edu.hk<*> open through proxy proxy.cse.cuhk.edu.hk<*> HTTPS,1.0,<*> open through proxy socks.cse.cuhk.edu.hk<*> SOCKS5,0.672,"formi.baidu.com<*> error : Could not connect through proxy proxy.cse.cuhk.edu.hk<*> - Proxy server cannot establish a connection with the target, status code 403",0.528,11.2,8
195,<*> open through proxy <*> HTTPS,exact,proxy.cse.cuhk.edu.hk<*> open through proxy proxy.cse.cuhk.edu.hk<*> HTTPS,1.0,<*> open through proxy socks.cse.cuhk.edu.hk<*> SOCKS5,0.672,"formi.baidu.com<*> error : Could not connect through proxy proxy.cse.cuhk.edu.hk<*> - Proxy server cannot establish a connection with the target, status code 403",0.528,11.06,8
196,<*> open through proxy <*> HTTPS,exact,proxy.cse.cuhk.edu.hk<*> open through proxy proxy.cse.cuhk.edu.hk<*> HTTPS,1.0,<*> open through proxy socks.cse.cuhk.edu.hk<*> SOCKS5,0.672,"formi.baidu.com<*> error : Could not connect through proxy proxy.cse.cuhk.edu.hk<*> - Proxy server cannot establish a connection with the target, status code 403",0.528,11.25,8
197,"<*> close, 324 bytes sent, 2764 bytes (<*> <*>) received, lifetime <*>",partial,"<*> close, <*> bytes sent<*> KB<*> <*> received<*> <*> received<*> <*> received<*> lifetime <*>",0.9817,"<*> close, <*> bytes sent<*> KB<*> <*> received<*> <*> received<*> lifetime <*>",0.9026,"proxy.cse.cuhk.edu.hk<*> close, 301 bytes sent, 278 bytes received, lifetime <*>",0.8766,11.93,8
198,<*> open through proxy <*> HTTPS,exact,proxy.cse.cuhk.edu.hk<*> open through proxy proxy.cse.cuhk.edu.hk<*> HTTPS,1.0,<*> open through proxy socks.cse.cuhk.edu.hk<*> SOCKS5,0.672,"formi.baidu.com<*> error : Could not connect through proxy proxy.cse.cuhk.edu.hk<*> - Proxy server cannot establish a connection with the target, status code 403",0.528,11.34,8
199,<*> open through proxy <*> HTTPS,exact,proxy.cse.cuhk.edu.hk<*> open through proxy proxy.cse.cuhk.edu.hk<*> HTTPS,1.0,<*> open through proxy socks.cse.cuhk.edu.hk<*> SOCKS5,0.672,"formi.baidu.com<*> error : Could not connect through proxy proxy.cse.cuhk.edu.hk<*> - Proxy server cannot establish a connection with the target, status code 403",0.528,11.27,8
200,"<*> close, 739 bytes sent, 404 bytes received, lifetime <*>",partial,"proxy.cse.cuhk.edu.hk<*> close, 301 bytes sent, 278 bytes received, lifetime <*>",0.9341,"<*> close, <*> bytes sent<*> KB<*> <*> received<*> <*> received<*> lifetime <*>",0.8811,"<*> close, <*> bytes sent<*> KB<*> <*> received<*> <*> received<*> <*> received<*> lifetime <*>",0.8638,11.49,8
201,<*> open through proxy <*> HTTPS,exact,proxy.cse.cuhk.edu.hk<*> open through proxy proxy.cse.cuhk.edu.hk<*> HTTPS,1.0,<*> open through proxy socks.cse.cuhk.edu.hk<*> SOCKS5,0.672,"formi.baidu.com<*> error : Could not connect through proxy proxy.cse.cuhk.edu.hk<*> - Proxy server cannot establish a connection with the target, status code 403",0.528,11.31,8
202,<*> open through proxy <*> HTTPS,exact,proxy.cse.cuhk.edu.hk<*> open through proxy proxy.cse.cuhk.edu.hk<*> HTTPS,1.0,<*> open through proxy socks.cse.cuhk.edu.hk<*> SOCKS5,0.672,"formi.baidu.com<*> error : Could not connect through proxy proxy.cse.cuhk.edu.hk<*> - Proxy server cannot establish a connection with the target, status code 403",0.528,11.95,8
203,"<*> close, 13281 bytes (<*> <*>) sent, 19539 bytes (<*> <*>) received, lifetime <*>",partial,"<*> close, <*> bytes sent<*> KB<*> <*> received<*> <*> received<*> <*> received<*> lifetime <*>",0.9501,"<*> close, <*> bytes sent<*> KB<*> <*> received<*> <*> received<*> lifetime <*>",0.8822,"proxy.cse.cuhk.edu.hk<*> close, 301 bytes sent, 278 bytes received, lifetime <*>",0.8251,14.27,8
204,<*> open through proxy <*> HTTPS,exact,proxy.cse.cuhk.edu.hk<*> open through proxy proxy.cse.cuhk.edu.hk<*> HTTPS,1.0,<*> open through proxy socks.cse.cuhk.edu.hk<*> SOCKS5,0.672,"formi.baidu.com<*> error : Could not connect through proxy proxy.cse.cuhk.edu.hk<*> - Proxy server cannot establish a connection with the target, status code 403",0.528,12.19,8
205,<*> open through proxy <*> HTTPS,exact,proxy.cse.cuhk.edu.hk<*> open through proxy proxy.cse.cuhk.edu.hk<*> HTTPS,1.0,<*> open through proxy socks.cse.cuhk.edu.hk<*> SOCKS5,0.672,"formi.baidu.com<*> error : Could not connect through proxy proxy.cse.cuhk.edu.hk<*> - Proxy server cannot establish a connection with the target, status code 403",0.528,11.71,8
206,<*> open through proxy <*> HTTPS,exact,proxy.cse.cuhk.edu.hk<*> open through proxy proxy.cse.cuhk.edu.hk<*> HTTPS,1.0,<*> open through proxy socks.cse.cuhk.edu.hk<*> SOCKS5,0.672,"formi.baidu.com<*> error : Could not connect through proxy proxy.cse.cuhk.edu.hk<*> - Proxy server cannot establish a connection with the target, status code 403",0.528,11.58,8
207,<*> open through proxy <*> HTTPS,exact,proxy.cse.cuhk.edu.hk<*> open through proxy proxy.cse.cuhk.edu.hk<*> HTTPS,1.0,<*> open through proxy socks.cse.cuhk.edu.hk<*> SOCKS5,0.672,"formi.baidu.com<*> error : Could not connect through proxy proxy.cse.cuhk.edu.hk<*> - Proxy server cannot establish a connection with the target, status code 403",0.528,11.23,8
208,<*> open through proxy <*> HTTPS,exact,proxy.cse.cuhk.edu.hk<*> open through proxy proxy.cse.cuhk.edu.hk<*> HTTPS,1.0,<*> open through proxy socks.cse.cuhk.edu.hk<*> SOCKS5,0.672,"formi.baidu.com<*> error : Could not connect through proxy proxy.cse.cuhk.edu.hk<*> - Proxy server cannot establish a connection with the target, status code 403",0.528,11.21,8
209,<*> open through proxy <*> HTTPS,exact,proxy.cse.cuhk.edu.hk<*> open through proxy proxy.cse.cuhk.edu.hk<*> HTTPS,1.0,<*> open through proxy socks.cse.cuhk.edu.hk<*> SOCKS5,0.672,"formi.baidu.com<*> error : Could not connect through proxy proxy.cse.cuhk.edu.hk<*> - Proxy server cannot establish a connection with the target, status code 403",0.528,11.25,8
210,<*> open through proxy <*> HTTPS,exact,proxy.cse.cuhk.edu.hk<*> open through proxy proxy.cse.cuhk.edu.hk<*> HTTPS,1.0,<*> open through proxy socks.cse.cuhk.edu.hk<*> SOCKS5,0.672,"formi.baidu.com<*> error : Could not connect through proxy proxy.cse.cuhk.edu.hk<*> - Proxy server cannot establish a connection with the target, status code 403",0.528,11.23,8
211,<*> open through proxy <*> HTTPS,exact,proxy.cse.cuhk.edu.hk<*> open through proxy proxy.cse.cuhk.edu.hk<*> HTTPS,1.0,<*> open through proxy socks.cse.cuhk.edu.hk<*> SOCKS5,0.672,"formi.baidu.com<*> error : Could not connect through proxy proxy.cse.cuhk.edu.hk<*> - Proxy server cannot establish a connection with the target, status code 403",0.528,11.17,8
212,"<*> close, 184 bytes sent, 134 bytes received, lifetime <*>",partial,"<*> close, <*> bytes sent<*> KB<*> <*> received<*> <*> received<*> <*> received<*> lifetime <*>",0.9609,"proxy.cse.cuhk.edu.hk<*> close, 301 bytes sent, 278 bytes received, lifetime <*>",0.954,"<*> close, <*> bytes sent<*> KB<*> <*> received<*> <*> received<*> lifetime <*>",0.9299,11.68,8
213,"<*> close, 379 bytes sent, 7852 bytes (<*> <*>) received, lifetime <*>",partial,"<*> close, <*> bytes sent<*> KB<*> <*> received<*> <*> received<*> <*> received<*> lifetime <*>",0.9805,"<*> close, <*> bytes sent<*> KB<*> <*> received<*> <*> received<*> lifetime <*>",0.8865,"proxy.cse.cuhk.edu.hk<*> close, 301 bytes sent, 278 bytes received, lifetime <*>",0.8583,12.06,8
214,<*> open through proxy <*> HTTPS,exact,proxy.cse.cuhk.edu.hk<*> open through proxy proxy.cse.cuhk.edu.hk<*> HTTPS,1.0,<*> open through proxy socks.cse.cuhk.edu.hk<*> SOCKS5,0.672,"formi.baidu.com<*> error : Could not connect through proxy proxy.cse.cuhk.edu.hk<*> - Proxy server cannot establish a connection with the target, status code 403",0.528,11.25,8
215,<*> open through proxy <*> HTTPS,exact,proxy.cse.cuhk.edu.hk<*> open through proxy proxy.cse.cuhk.edu.hk<*> HTTPS,1.0,<*> open through proxy socks.cse.cuhk.edu.hk<*> SOCKS5,0.672,"formi.baidu.com<*> error : Could not connect through proxy proxy.cse.cuhk.edu.hk<*> - Proxy server cannot establish a connection with the target, status code 403",0.528,11.15,8
216,<*> open through proxy <*> HTTPS,exact,proxy.cse.cuhk.edu.hk<*> open through proxy proxy.cse.cuhk.edu.hk<*> HTTPS,1.0,<*> open through proxy socks.cse.cuhk.edu.hk<*> SOCKS5,0.672,"formi.baidu.com<*> error : Could not connect through proxy proxy.cse.cuhk.edu.hk<*> - Proxy server cannot establish a connection with the target, status code 403",0.528,11.18,8
217,<*> open through proxy <*> HTTPS,exact,proxy.cse.cuhk.edu.hk<*> open through proxy proxy.cse.cuhk.edu.hk<*> HTTPS,1.0,<*> open through proxy socks.cse.cuhk.edu.hk<*> SOCKS5,0.672,"formi.baidu.com<*> error : Could not connect through proxy proxy.cse.cuhk.edu.hk<*> - Proxy server cannot establish a connection with the target, status code 403",0.528,11.3,8
218,<*> open through proxy <*> HTTPS,exact,proxy.cse.cuhk.edu.hk<*> open through proxy proxy.cse.cuhk.edu.hk<*> HTTPS,1.0,<*> open through proxy socks.cse.cuhk.edu.hk<*> SOCKS5,0.672,"formi.baidu.com<*> error : Could not connect through proxy proxy.cse.cuhk.edu.hk<*> - Proxy server cannot establish a connection with the target, status code 403",0.528,11.23,8
219,"<*> close, 384 bytes sent, 8537 bytes (<*> <*>) received, lifetime <*>",partial,"<*> close, <*> bytes sent<*> KB<*> <*> received<*> <*> received<*> <*> received<*> lifetime <*>",0.9792,"<*> close, <*> bytes sent<*> KB<*> <*> received<*> <*> received<*> lifetime <*>",0.8836,"proxy.cse.cuhk.edu.hk<*> close, 301 bytes sent, 278 bytes received, lifetime <*>",0.8583,11.91,8
220,"<*> close, 379 bytes sent, 9409 bytes (<*> <*>) received, lifetime <*>",partial,"<*> close, <*> bytes sent<*> KB<*> <*> received<*> <*> received<*> <*> received<*> lifetime <*>",0.9853,"<*> close, <*> bytes sent<*> KB<*> <*> received<*> <*> received<*> lifetime <*>",0.8946,"proxy.cse.cuhk.edu.hk<*> close, 301 bytes sent, 278 bytes received, lifetime <*>",0.8704,11.96,8
221,<*> open through proxy <*> HTTPS,exact,proxy.cse.cuhk.edu.hk<*> open through proxy proxy.cse.cuhk.edu.hk<*> HTTPS,1.0,<*> open through proxy socks.cse.cuhk.edu.hk<*> SOCKS5,0.672,"formi.baidu.com<*> error : Could not connect through proxy proxy.cse.cuhk.edu.hk<*> - Proxy server cannot establish a connection with the target, status code 403",0.528,11.22,8
222,"<*> close, 379 bytes sent, 6983 bytes (<*> <*>) received, lifetime <*>",partial,"<*> close, <*> bytes sent<*> KB<*> <*> received<*> <*> received<*> <*> received<*> lifetime <*>",0.9882,"<*> close, <*> bytes sent<*> KB<*> <*> received<*> <*> received<*> lifetime <*>",0.8977,"proxy.cse.cuhk.edu.hk<*> close, 301 bytes sent, 278 bytes received, lifetime <*>",0.8779,11.94,8
223,"<*> close, 384 bytes sent, 8601 bytes (<*> <*>) received, lifetime <*>",partial,"<*> close, <*> bytes sent<*> KB<*> <*> received<*> <*> received<*> <*> received<*> lifetime <*>",0.9856,"<*> close, <*> bytes sent<*> KB<*> <*> received<*> <*> received<*> lifetime <*>",0.8964,"proxy.cse.cuhk.edu.hk<*> close, 301 bytes sent, 278 bytes received, lifetime <*>",0.8773,11.85,8
224,"<*> close, 184 bytes sent, 134 bytes received, lifetime <*>",partial,"<*> close, <*> bytes sent<*> KB<*> <*> received<*> <*> received<*> <*> received<*> lifetime <*>",0.9609,"proxy.cse.cuhk.edu.hk<*> close, 301 bytes sent, 278 bytes received, lifetime <*>",0.954,"<*> close, <*> bytes sent<*> KB<*> <*> received<*> <*> received<*> lifetime <*>",0.9299,11.54,8
225,<*> open through proxy <*> HTTPS,exact,proxy.cse.cuhk.edu.hk<*> open through proxy proxy.cse.cuhk.edu.hk<*> HTTPS,1.0,<*> open through proxy socks.cse.cuhk.edu.hk<*> SOCKS5,0.672,"formi.baidu.com<*> error : Could not connect through proxy proxy.cse.cuhk.edu.hk<*> - Proxy server cannot establish a connection with the target, status code 403",0.528,11.23,8
226,<*> open through proxy <*> HTTPS,exact,proxy.cse.cuhk.edu.hk<*> open through proxy proxy.cse.cuhk.edu.hk<*> HTTPS,1.0,<*> open through proxy socks.cse.cuhk.edu.hk<*> SOCKS5,0.672,"formi.baidu.com<*> error : Could not connect through proxy proxy.cse.cuhk.edu.hk<*> - Proxy server cannot establish a connection with the target, status code 403",0.528,11.33,8
227,"<*> close, 6044 bytes (<*> <*>) sent, 22964 bytes (<*> <*>) received, lifetime <*>",partial,"<*> close, <*> bytes sent<*> KB<*> <*> received<*> <*> received<*> <*> received<*> lifetime <*>",0.9889,"<*> close, <*> bytes sent<*> KB<*> <*> received<*> <*> received<*> lifetime <*>",0.9153,"proxy.cse.cuhk.edu.hk<*> close, 301 bytes sent, 278 bytes received, lifetime <*>",0.8887,12.52,8
228,"<*> close, 909 bytes sent, 12593 bytes (<*> <*>) received, lifetime <*>",partial,"<*> close, <*> bytes sent<*> KB<*> <*> received<*> <*> received<*> <*> received<*> lifetime <*>",0.989,"<*> close, <*> bytes sent<*> KB<*> <*> received<*> <*> received<*> lifetime <*>",0.9038,"proxy.cse.cuhk.edu.hk<*> close, 301 bytes sent, 278 bytes received, lifetime <*>",0.8865,12.11,8
229,"<*> error : Could not connect through proxy <*> - Proxy server cannot establish a connection with the target, status code 503",partial,"formi.baidu.com<*> error : Could not connect through proxy proxy.cse.cuhk.edu.hk<*> - Proxy server cannot establish a connection with the target, status code 403",0.8629,tcpconn<*> error : Could not connect through proxy proxy.cse.cuhk.edu.hk<*> - Proxy closed the connection unexpectedly.,0.7897,tcpconn<*> error : A connection request was canceled before the completion.,0.5392,12.22,8
230,"<*> error : Could not connect through proxy <*> - Proxy server cannot establish a connection with the target, status code 503",partial,"formi.baidu.com<*> error : Could not connect through proxy proxy.cse.cuhk.edu.hk<*> - Proxy server cannot establish a connection with the target, status code 403",0.9212,tcpconn<*> error : Could not connect through proxy proxy.cse.cuhk.edu.hk<*> - Proxy closed the connection unexpectedly.,0.7897,tcpconn<*> error : A connection request was canceled before the completion.,0.5392,12.07,8
231,<*> open through proxy <*> HTTPS,exact,proxy.cse.cuhk.edu.hk<*> open through proxy proxy.cse.cuhk.edu.hk<*> HTTPS,1.0,<*> open through proxy socks.cse.cuhk.edu.hk<*> SOCKS5,0.672,"formi.baidu.com<*> error : Could not connect through proxy proxy.cse.cuhk.edu.hk<*> - Proxy server cannot establish a connection with the target, status code 403",0.5266,11.21,8
232,<*> open through proxy <*> HTTPS,exact,proxy.cse.cuhk.edu.hk<*> open through proxy proxy.cse.cuhk.edu.hk<*> HTTPS,1.0,<*> open through proxy socks.cse.cuhk.edu.hk<*> SOCKS5,0.672,"formi.baidu.com<*> error : Could not connect through proxy proxy.cse.cuhk.edu.hk<*> - Proxy server cannot establish a connection with the target, status code 403",0.5266,11.16,8
233,"<*> close, 1383 bytes (<*> <*>) sent, 392 bytes received, lifetime <*>",partial,"<*> close, <*> bytes sent<*> KB<*> <*> received<*> <*> received<*> <*> received<*> lifetime <*>",0.9899,"<*> close, <*> bytes sent<*> KB<*> <*> received<*> <*> received<*> lifetime <*>",0.9175,"proxy.cse.cuhk.edu.hk<*> close, 301 bytes sent, 278 bytes received, lifetime <*>",0.8934,12.09,8
234,"<*> close, 735 bytes sent, 184 bytes received, lifetime <*>",partial,"<*> close, <*> bytes sent<*> KB<*> <*> received<*> <*> received<*> <*> received<*> lifetime <*>",0.9737,"proxy.cse.cuhk.edu.hk<*> close, 301 bytes sent, 278 bytes received, lifetime <*>",0.9455,"<*> close, <*> bytes sent<*> KB<*> <*> received<*> <*> received<*> lifetime <*>",0.9336,11.71,8
235,<*> open through proxy <*> HTTPS,exact,proxy.cse.cuhk.edu.hk<*> open through proxy proxy.cse.cuhk.edu.hk<*> HTTPS,1.0,<*> open through proxy socks.cse.cuhk.edu.hk<*> SOCKS5,0.672,"formi.baidu.com<*> error : Could not connect through proxy proxy.cse.cuhk.edu.hk<*> - Proxy server cannot establish a connection with the target, status code 403",0.5266,11.2,8
236,"<*> close, 1065 bytes (<*> <*>) sent, 311 bytes received, lifetime <*>",partial,"<*> close, <*> bytes sent<*> KB<*> <*> received<*> <*> received<*> <*> received<*> lifetime <*>",0.989,"<*> close, <*> bytes sent<*> KB<*> <*> received<*> <*> received<*> lifetime <*>",0.9185,"proxy.cse.cuhk.edu.hk<*> close, 301 bytes sent, 278 bytes received, lifetime <*>",0.8804,11.9,8
237,<*> open through proxy <*> HTTPS,exact,proxy.cse.cuhk.edu.hk<*> open through proxy proxy.cse.cuhk.edu.hk<*> HTTPS,1.0,<*> open through proxy socks.cse.cuhk.edu.hk<*> SOCKS5,0.672,"formi.baidu.com<*> error : Could not connect through proxy proxy.cse.cuhk.edu.hk<*> - Proxy server cannot establish a connection with the target, status code 403",0.5266,11.12,8
238,"<*> close, 1571 bytes (<*> <*>) sent, 7822 bytes (<*> <*>) received, lifetime <*>",partial,"<*> close, <*> bytes sent<*> KB<*> <*> received<*> <*> received<*> <*> received<*> lifetime <*>",0.9823,"<*> close, <*> bytes sent<*> KB<*> <*> received<*> <*> received<*> lifetime <*>",0.8804,"proxy.cse.cuhk.edu.hk<*> close, 301 bytes sent, 278 bytes received, lifetime <*>",0.8388,12.48,8
239,<*> open through proxy <*> HTTPS,exact,proxy.cse.cuhk.edu.hk<*> open through proxy proxy.cse.cuhk.edu.hk<*> HTTPS,1.0,<*> open through proxy socks.cse.cuhk.edu.hk<*> SOCKS5,0.672,"formi.baidu.com<*> error : Could not connect through proxy proxy.cse.cuhk.edu.hk<*> - Proxy server cannot establish a connection with the target, status code 403",0.5266,11.34,8
240,<*> open through proxy <*> HTTPS,exact,proxy.cse.cuhk.edu.hk<*> open through proxy proxy.cse.cuhk.edu.hk<*> HTTPS,1.0,<*> open through proxy socks.cse.cuhk.edu.hk<*> SOCKS5,0.672,"formi.baidu.com<*> error : Could not connect through proxy proxy.cse.cuhk.edu.hk<*> - Proxy server cannot establish a connection with the target, status code 403",0.5266,11.16,8
241,"<*> close, 425 bytes sent, 161 bytes received, lifetime <*>",partial,"<*> close, <*> bytes sent<*> KB<*> <*> received<*> <*> received<*> <*> received<*> lifetime <*>",0.9686,"proxy.cse.cuhk.edu.hk<*> close, 301 bytes sent, 278 bytes received, lifetime <*>",0.9263,"<*> close, <*> bytes sent<*> KB<*> <*> received<*> <*> received<*> lifetime <*>",0.9239,11.65,8
242,<*> open through proxy <*> HTTPS,exact,proxy.cse.cuhk.edu.hk<*> open through proxy proxy.cse.cuhk.edu.hk<*> HTTPS,1.0,<*> open through proxy socks.cse.cuhk.edu.hk<*> SOCKS5,0.672,"formi.baidu.com<*> error : Could not connect through proxy proxy.cse.cuhk.edu.hk<*> - Proxy server cannot establish a connection with the target, status code 403",0.5266,11.29,8
243,<*> open through proxy <*> HTTPS,exact,proxy.cse.cuhk.edu.hk<*> open through proxy proxy.cse.cuhk.edu.hk<*> HTTPS,1.0,<*> open through proxy socks.cse.cuhk.edu.hk<*> SOCKS5,0.672,"formi.baidu.com<*> error : Could not connect through proxy proxy.cse.cuhk.edu.hk<*> - Proxy server cannot establish a connection with the target, status code 403",0.5266,11.14,8
244,"<*> close, 733 bytes sent, 151 bytes received, lifetime <*>",partial,"<*> close, <*> bytes sent<*> KB<*> <*> received<*> <*> received<*> <*> received<*> lifetime <*>",0.9692,"proxy.cse.cuhk.edu.hk<*> close, 301 bytes sent, 278 bytes received, lifetime <*>",0.9485,"<*> close, <*> bytes sent<*> KB<*> <*> received<*> <*> received<*> lifetime <*>",0.9355,11.6,8
245,"<*> close, 0 bytes sent, 0 bytes received, lifetime <*>",exact,"proxy.cse.cuhk.edu.hk<*> close, 301 bytes sent, 278 bytes received, lifetime <*>",0.9944,"<*> close, <*> bytes sent<*> KB<*> <*> received<*> <*> received<*> lifetime <*>",0.8847,"<*> close, <*> bytes sent<*> KB<*> <*> received<*> <*> received<*> <*> received<*> lifetime <*>",0.8746,11.38,8
246,"<*> close, 6014 bytes (<*> <*>) sent, 904350 bytes (883 <*>) received, lifetime <*>",partial,"<*> close, <*> bytes sent<*> KB<*> <*> received<*> <*> received<*> <*> received<*> lifetime <*>",0.9844,"<*> close, <*> bytes sent<*> KB<*> <*> received<*> <*> received<*> lifetime <*>",0.8952,"proxy.cse.cuhk.edu.hk<*> close, 301 bytes sent, 278 bytes received, lifetime <*>",0.8483,12.61,8
247,"<*> close, 463 bytes sent, 4787 bytes (<*> <*>) received, lifetime <*>",partial,"<*> close, <*> bytes sent<*> KB<*> <*> received<*> <*> received<*> <*> received<*> lifetime <*>",0.9867,"<*> close, <*> bytes sent<*> KB<*> <*> received<*> <*> received<*> lifetime <*>",0.8948,"proxy.cse.cuhk.edu.hk<*> close, 301 bytes sent, 278 bytes received, lifetime <*>",0.8772,11.95,8
248,"<*> close, 494 bytes sent, 208 bytes received, lifetime <*>",partial,"<*> close, <*> bytes sent<*> KB<*> <*> received<*> <*> received<*> <*> received<*> lifetime <*>",0.9668,"proxy.cse.cuhk.edu.hk<*> close, 301 bytes sent, 278 bytes received, lifetime <*>",0.9515,"<*> close, <*> bytes sent<*> KB<*> <*> received<*> <*> received<*> lifetime <*>",0.9265,11.53,8
249,<*> open through proxy <*> HTTPS,exact,proxy.cse.cuhk.edu.hk<*> open through proxy proxy.cse.cuhk.edu.hk<*> HTTPS,1.0,<*> open through proxy socks.cse.cuhk.edu.hk<*> SOCKS5,0.672,"formi.baidu.com<*> error : Could not connect through proxy proxy.cse.cuhk.edu.hk<*> - Proxy server cannot establish a connection with the target, status code 403",0.5266,11.14,8
250,"<*> close, 0 bytes sent, 0 bytes received, lifetime <*>",exact,"proxy.cse.cuhk.edu.hk<*> close, 301 bytes sent, 278 bytes received, lifetime <*>",0.9949,"<*> close, <*> bytes sent<*> KB<*> <*> received<*> <*> received<*> lifetime <*>",0.8847,"<*> close, <*> bytes sent<*> KB<*> <*> received<*> <*> received<*> <*> received<*> lifetime <*>",0.8746,11.59,8
251,"<*> close, 2487 bytes (<*> <*>) sent, 2361 bytes (<*> <*>) received, lifetime <*>",partial,"<*> close, <*> bytes sent<*> KB<*> <*> received<*> <*> received<*> <*> received<*> lifetime <*>",0.9892,"<*> close, <*> bytes sent<*> KB<*> <*> received<*> <*> received<*> lifetime <*>",0.9025,"proxy.cse.cuhk.edu.hk<*> close, 301 bytes sent, 278 bytes received, lifetime <*>",0.8646,12.29,8
252,"<*> close, 1573 bytes (<*> <*>) sent, 16743 bytes (<*> <*>) received, lifetime <*>",partial,"<*> close, <*> bytes sent<*> KB<*> <*> received<*> <*> received<*> <*> received<*> lifetime <*>",0.9847,"<*> close, <*> bytes sent<*> KB<*> <*> received<*> <*> received<*> lifetime <*>",0.8886,"proxy.cse.cuhk.edu.hk<*> close, 301 bytes sent, 278 bytes received, lifetime <*>",0.845,12.29,8
253,"<*> close, 5129 bytes (<*> <*>) sent, 17057 bytes (<*> <*>) received, lifetime <*>",partial,"<*> close, <*> bytes sent<*> KB<*> <*> received<*> <*> received<*> <*> received<*> lifetime <*>",0.9887,"<*> close, <*> bytes sent<*> KB<*> <*> received<*> <*> received<*> lifetime <*>",0.9087,"proxy.cse.cuhk.edu.hk<*> close, 301 bytes sent, 278 bytes received, lifetime <*>",0.8758,12.24,8
254,"<*> close, 733 bytes sent, 292 bytes received, lifetime <*>",partial,"<*> close, <*> bytes sent<*> KB<*> <*> received<*> <*> received<*> <*> received<*> lifetime <*>",0.9712,"proxy.cse.cuhk.edu.hk<*> close, 301 bytes sent, 278 bytes received, lifetime <*>",0.9236,"<*> close, <*> bytes sent<*> KB<*> <*> received<*> <*> received<*> lifetime <*>",0.921,12.02,8
255,"<*> close, 0 bytes sent, 0 bytes received, lifetime <*>",exact,"proxy.cse.cuhk.edu.hk<*> close, 301 bytes sent, 278 bytes received, lifetime <*>",0.9954,"<*> close, <*> bytes sent<*> KB<*> <*> received<*> <*> received<*> lifetime <*>",0.8847,"<*> close, <*> bytes sent<*> KB<*> <*> received<*> <*> received<*> <*> received<*> lifetime <*>",0.8745,11.41,8
256,<*> open through proxy <*> HTTPS,exact,proxy.cse.cuhk.edu.hk<*> open through proxy proxy.cse.cuhk.edu.hk<*> HTTPS,1.0,<*> open through proxy socks.cse.cuhk.edu.hk<*> SOCKS5,0.672,"formi.baidu.com<*> error : Could not connect through proxy proxy.cse.cuhk.edu.hk<*> - Proxy server cannot establish a connection with the target, status code 403",0.5266,11.38,8
257,"<*> close, 1537 bytes (<*> <*>) sent, 7856 bytes (<*> <*>) received, lifetime <*>",partial,"<*> close, <*> bytes sent<*> KB<*> <*> received<*> <*> received<*> <*> received<*> lifetime <*>",0.985,"<*> close, <*> bytes sent<*> KB<*> <*> received<*> <*> received<*> lifetime <*>",0.89,"proxy.cse.cuhk.edu.hk<*> close, 301 bytes sent, 278 bytes received, lifetime <*>",0.8467,12.34,8
258,"<*> close, 799 bytes sent, 346 bytes received, lifetime <*>",partial,"<*> close, <*> bytes sent<*> KB<*> <*> received<*> <*> received<*> <*> received<*> lifetime <*>",0.9765,"proxy.cse.cuhk.edu.hk<*> close, 301 bytes sent, 278 bytes received, lifetime <*>",0.9459,"<*> close, <*> bytes sent<*> KB<*> <*> received<*> <*> received<*> lifetime <*>",0.9285,11.72,8
259,<*> open through proxy <*> HTTPS,exact,proxy.cse.cuhk.edu.hk<*> open through proxy proxy.cse.cuhk.edu.hk<*> HTTPS,1.0,<*> open through proxy socks.cse.cuhk.edu.hk<*> SOCKS5,0.672,"formi.baidu.com<*> error : Could not connect through proxy proxy.cse.cuhk.edu.hk<*> - Proxy server cannot establish a connection with the target, status code 403",0.5266,11.42,8
260,"<*> close, 441 bytes sent, 139 bytes received, lifetime <*>",partial,"<*> close, <*> bytes sent<*> KB<*> <*> received<*> <*> received<*> <*> received<*> lifetime <*>",0.9495,"proxy.cse.cuhk.edu.hk<*> close, 301 bytes sent, 278 bytes received, lifetime <*>",0.9206,"<*> close, <*> bytes sent<*> KB<*> <*> received<*> <*> received<*> lifetime <*>",0.9113,11.47,8
261,"<*> close, 0 bytes sent, 0 bytes received, lifetime <*>",exact,"proxy.cse.cuhk.edu.hk<*> close, 301 bytes sent, 278 bytes received, lifetime <*>",0.9957,"<*> close, <*> bytes sent<*> KB<*> <*> received<*> <*> received<*> lifetime <*>",0.8847,"<*> close, <*> bytes sent<*> KB<*> <*> received<*> <*> received<*> <*> received<*> lifetime <*>",0.8747,11.37,8
262,"<*> close, 696 bytes sent, 5004 bytes (<*> <*>) received, lifetime <*>",partial,"<*> close, <*> bytes sent<*> KB<*> <*> received<*> <*> received<*> <*> received<*> lifetime <*>",0.9872,"<*> close, <*> bytes sent<*> KB<*> <*> received<*> <*> received<*> lifetime <*>",0.9111,"proxy.cse.cuhk.edu.hk<*> close, 301 bytes sent, 278 bytes received, lifetime <*>",0.8945,12.01,8
263,<*> open through proxy <*> HTTPS,exact,proxy.cse.cuhk.edu.hk<*> open through proxy proxy.cse.cuhk.edu.hk<*> HTTPS,1.0,<*> open through proxy socks.cse.cuhk.edu.hk<*> SOCKS5,0.672,"formi.baidu.com<*> error : Could not connect through proxy proxy.cse.cuhk.edu.hk<*> - Proxy server cannot establish a connection with the target, status code 403",0.5266,11.25,8
264,"<*> close, 170 bytes sent, 370 bytes received, lifetime <*>",partial,"<*> close, <*> bytes sent<*> KB<*> <*> received<*> <*> received<*> <*> received<*> lifetime <*>",0.9643,"proxy.cse.cuhk.edu.hk<*> close, 301 bytes sent, 278 bytes received, lifetime <*>",0.9243,"<*> close, <*> bytes sent<*> KB<*> <*> received<*> <*> received<*> lifetime <*>",0.921,11.53,8
265,"<*> close, 4837 bytes (<*> <*>) sent, 7412 bytes (<*> <*>) received, lifetime <*>",partial,"<*> close, <*> bytes sent<*> KB<*> <*> received<*> <*> received<*> <*> received<*> lifetime <*>",0.9823,"<*> close, <*> bytes sent<*> KB<*> <*> received<*> <*> received<*> lifetime <*>",0.8844,"proxy.cse.cuhk.edu.hk<*> close, 301 bytes sent, 278 bytes received, lifetime <*>",0.8486,12.33,8
266,<*> open through proxy <*> HTTPS,exact,proxy.cse.cuhk.edu.hk<*> open through proxy proxy.cse.cuhk.edu.hk<*> HTTPS,1.0,<*> open through proxy socks.cse.cuhk.edu.hk<*> SOCKS5,0.672,"formi.baidu.com<*> error : Could not connect through proxy proxy.cse.cuhk.edu.hk<*> - Proxy server cannot establish a connection with the target, status code 403",0.5266,11.11,8
267,<*> open through proxy <*> HTTPS,exact,proxy.cse.cuhk.edu.hk<*> open through proxy proxy.cse.cuhk.edu.hk<*> HTTPS,1.0,<*> open through proxy socks.cse.cuhk.edu.hk<*> SOCKS5,0.672,"formi.baidu.com<*> error : Could not connect through proxy proxy.cse.cuhk.edu.hk<*> - Proxy server cannot establish a connection with the target, status code 403",0.5266,11.08,8
268,<*> open through proxy <*> HTTPS,exact,proxy.cse.cuhk.edu.hk<*> open through proxy proxy.cse.cuhk.edu.hk<*> HTTPS,1.0,<*> open through proxy socks.cse.cuhk.edu.hk<*> SOCKS5,0.672,"formi.baidu.com<*> error : Could not connect through proxy proxy.cse.cuhk.edu.hk<*> - Proxy server cannot establish a connection with the target, status code 403",0.5266,11.05,8
269,<*> open through proxy <*> HTTPS,exact,proxy.cse.cuhk.edu.hk<*> open through proxy proxy.cse.cuhk.edu.hk<*> HTTPS,1.0,<*> open through proxy socks.cse.cuhk.edu.hk<*> SOCKS5,0.672,"formi.baidu.com<*> error : Could not connect through proxy proxy.cse.cuhk.edu.hk<*> - Proxy server cannot establish a connection with the target, status code 403",0.5266,11.06,8
270,"<*> close, 465 bytes sent, 4790 bytes (<*> <*>) received, lifetime <*>",partial,"<*> close, <*> bytes sent<*> KB<*> <*> received<*> <*> received<*> <*> received<*> lifetime <*>",0.9835,"<*> close, <*> bytes sent<*> KB<*> <*> received<*> <*> received<*> lifetime <*>",0.8848,"proxy.cse.cuhk.edu.hk<*> close, 301 bytes sent, 278 bytes received, lifetime <*>",0.8597,11.99,8
271,"<*> close, 3218 bytes (<*> <*>) sent, 24541 bytes (<*> <*>) received, lifetime <*>",partial,"<*> close, <*> bytes sent<*> KB<*> <*> received<*> <*> received<*> <*> received<*> lifetime <*>",0.9883,"<*> close, <*> bytes sent<*> KB<*> <*> received<*> <*> received<*> lifetime <*>",0.9111,"proxy.cse.cuhk.edu.hk<*> close, 301 bytes sent, 278 bytes received, lifetime <*>",0.8782,12.52,8
272,"<*> close, 1736 bytes (<*> <*>) sent, 1052 bytes (<*> <*>) received, lifetime <*>",partial,"<*> close, <*> bytes sent<*> KB<*> <*> received<*> <*> received<*> <*> received<*> lifetime <*>",0.9741,"<*> close, <*> bytes sent<*> KB<*> <*> received<*> <*> received<*> lifetime <*>",0.9058,"proxy.cse.cuhk.edu.hk<*> close, 301 bytes sent, 278 bytes received, lifetime <*>",0.8629,12.31,8
273,"<*> close, 1106 bytes (<*> <*>) sent, 1167 bytes (<*> <*>) received, lifetime <*>",partial,"<*> close, <*> bytes sent<*> KB<*> <*> received<*> <*> received<*> <*> received<*> lifetime <*>",0.9784,"<*> close, <*> bytes sent<*> KB<*> <*> received<*> <*> received<*> lifetime <*>",0.8762,"proxy.cse.cuhk.edu.hk<*> close, 301 bytes sent, 278 bytes received, lifetime <*>",0.8271,12.49,8
274,"<*> close, 494 bytes sent, 208 bytes received, lifetime <*>",partial,"<*> close, <*> bytes sent<*> KB<*> <*> received<*> <*> received<*> <*> received<*> lifetime <*>",0.9669,"proxy.cse.cuhk.edu.hk<*> close, 301 bytes sent, 278 bytes received, lifetime <*>",0.9485,"<*> close, <*> bytes sent<*> KB<*> <*> received<*> <*> received<*> lifetime <*>",0.9265,11.61,8
275,"<*> close, 0 bytes sent, 0 bytes received, lifetime <*>",exact,"proxy.cse.cuhk.edu.hk<*> close, 301 bytes sent, 278 bytes received, lifetime <*>",0.9961,"<*> close, <*> bytes sent<*> KB<*> <*> received<*> <*> received<*> lifetime <*>",0.8847,"<*> close, <*> bytes sent<*> KB<*> <*> received<*> <*> received<*> <*> received<*> lifetime <*>",0.8747,11.47,8
276,<*> open through proxy <*> HTTPS,exact,proxy.cse.cuhk.edu.hk<*> open through proxy proxy.cse.cuhk.edu.hk<*> HTTPS,1.0,<*> open through proxy socks.cse.cuhk.edu.hk<*> SOCKS5,0.672,"formi.baidu.com<*> error : Could not connect through proxy proxy.cse.cuhk.edu.hk<*> - Proxy server cannot establish a connection with the target, status code 403",0.5266,11.17,8
277,<*> open through proxy <*> HTTPS,exact,proxy.cse.cuhk.edu.hk<*> open through proxy proxy.cse.cuhk.edu.hk<*> HTTPS,1.0,<*> open through proxy socks.cse.cuhk.edu.hk<*> SOCKS5,0.672,"formi.baidu.com<*> error : Could not connect through proxy proxy.cse.cuhk.edu.hk<*> - Proxy server cannot establish a connection with the target, status code 403",0.5266,11.02,8
278,"<*> error : Could not connect through proxy <*> - Proxy server cannot establish a connection with the target, status code 403",partial,"formi.baidu.com<*> error : Could not connect through proxy proxy.cse.cuhk.edu.hk<*> - Proxy server cannot establish a connection with the target, status code 403",0.9782,tcpconn<*> error : Could not connect through proxy proxy.cse.cuhk.edu.hk<*> - Proxy closed the connection unexpectedly.,0.7985,tcpconn<*> error : A connection request was canceled before the completion.,0.5333,11.99,8
279,<*> open through proxy <*> HTTPS,exact,proxy.cse.cuhk.edu.hk<*> open through proxy proxy.cse.cuhk.edu.hk<*> HTTPS,1.0,<*> open through proxy socks.cse.cuhk.edu.hk<*> SOCKS5,0.672,"formi.baidu.com<*> error : Could not connect through proxy proxy.cse.cuhk.edu.hk<*> - Proxy server cannot establish a connection with the target, status code 403",0.5285,11.06,8
280,"<*> close, 461 bytes sent, 4217 bytes (<*> <*>) received, lifetime <*>",partial,"<*> close, <*> bytes sent<*> KB<*> <*> received<*> <*> received<*> <*> received<*> lifetime <*>",0.9872,"<*> close, <*> bytes sent<*> KB<*> <*> received<*> <*> received<*> lifetime <*>",0.8957,"proxy.cse.cuhk.edu.hk<*> close, 301 bytes sent, 278 bytes received, lifetime <*>",0.8726,11.96,8
281,"<*> close, 471 bytes sent, 4694 bytes (<*> <*>) received, lifetime <*>",partial,"<*> close, <*> bytes sent<*> KB<*> <*> received<*> <*> received<*> <*> received<*> lifetime <*>",0.9852,"<*> close, <*> bytes sent<*> KB<*> <*> received<*> <*> received<*> lifetime <*>",0.903,"proxy.cse.cuhk.edu.hk<*> close, 301 bytes sent, 278 bytes received, lifetime <*>",0.887,12.15,8
282,<*> open through proxy <*> HTTPS,exact,proxy.cse.cuhk.edu.hk<*> open through proxy proxy.cse.cuhk.edu.hk<*> HTTPS,1.0,<*> open through proxy socks.cse.cuhk.edu.hk<*> SOCKS5,0.672,"formi.baidu.com<*> error : Could not connect through proxy proxy.cse.cuhk.edu.hk<*> - Proxy server cannot establish a connection with the target, status code 403",0.5285,11.3,8
283,"<*> close, 17742 bytes (<*> <*>) sent, 11581393 bytes (<*> <*>) received, lifetime <*>",partial,"<*> close, <*> bytes sent<*> KB<*> <*> received<*> <*> received<*> <*> received<*> lifetime <*>",0.962,"<*> close, <*> bytes sent<*> KB<*> <*> received<*> <*> received<*> lifetime <*>",0.852,"proxy.cse.cuhk.edu.hk<*> close, 301 bytes sent, 278 bytes received, lifetime <*>",0.7911,12.78,8
284,<*> open through proxy <*> HTTPS,exact,proxy.cse.cuhk.edu.hk<*> open through proxy proxy.cse.cuhk.edu.hk<*> HTTPS,1.0,<*> open through proxy socks.cse.cuhk.edu.hk<*> SOCKS5,0.672,"formi.baidu.com<*> error : Could not connect through proxy proxy.cse.cuhk.edu.hk<*> - Proxy server cannot establish a connection with the target, status code 403",0.5285,11.42,8
285,<*> open through proxy <*> HTTPS,exact,proxy.cse.cuhk.edu.hk<*> open through proxy proxy.cse.cuhk.edu.hk<*> HTTPS,1.0,<*> open through proxy socks.cse.cuhk.edu.hk<*> SOCKS5,0.672,"formi.baidu.com<*> error : Could not connect through proxy proxy.cse.cuhk.edu.hk<*> - Proxy server cannot establish a connection with the target, status code 403",0.5285,11.22,8
286,<*> open through proxy <*> HTTPS,exact,proxy.cse.cuhk.edu.hk<*> open through proxy proxy.cse.cuhk.edu.hk<*> HTTPS,1.0,<*> open through proxy socks.cse.cuhk.edu.hk<*> SOCKS5,0.672,"formi.baidu.com<*> error : Could not connect through proxy proxy.cse.cuhk.edu.hk<*> - Proxy server cannot establish a connection with the target, status code 403",0.5285,11.57,8
287,<*> open through proxy <*> HTTPS,exact,proxy.cse.cuhk.edu.hk<*> open through proxy proxy.cse.cuhk.edu.hk<*> HTTPS,1.0,<*> open through proxy socks.cse.cuhk.edu.hk<*> SOCKS5,0.672,"formi.baidu.com<*> error : Could not connect through proxy proxy.cse.cuhk.edu.hk<*> - Proxy server cannot establish a connection with the target, status code 403",0.5285,11.17,8
288,"<*> close, 1173 bytes (<*> <*>) sent, 11041 bytes (<*> <*>) received, lifetime <*>",partial,"<*> close, <*> bytes sent<*> KB<*> <*> received<*> <*> received<*> <*> received<*> lifetime <*>",0.976,"<*> close, <*> bytes sent<*> KB<*> <*> received<*> <*> received<*> lifetime <*>",0.8721,"proxy.cse.cuhk.edu.hk<*> close, 301 bytes sent, 278 bytes received, lifetime <*>",0.8181,12.55,8
289,"<*> close, 983 bytes sent, 4752 bytes (<*> <*>) received, lifetime <*>",partial,"<*> close, <*> bytes sent<*> KB<*> <*> received<*> <*> received<*> <*> received<*> lifetime <*>",0.9841,"<*> close, <*> bytes sent<*> KB<*> <*> received<*> <*> received<*> lifetime <*>",0.8899,"proxy.cse.cuhk.edu.hk<*> close, 301 bytes sent, 278 bytes received, lifetime <*>",0.8559,12.02,8
290,<*> open through proxy <*> HTTPS,exact,proxy.cse.cuhk.edu.hk<*> open through proxy proxy.cse.cuhk.edu.hk<*> HTTPS,1.0,<*> open through proxy socks.cse.cuhk.edu.hk<*> SOCKS5,0.672,"formi.baidu.com<*> error : Could not connect through proxy proxy.cse.cuhk.edu.hk<*> - Proxy server cannot establish a connection with the target, status code 403",0.5285,11.46,8
291,<*> open through proxy <*> HTTPS,exact,proxy.cse.cuhk.edu.hk<*> open through proxy proxy.cse.cuhk.edu.hk<*> HTTPS,1.0,<*> open through proxy socks.cse.cuhk.edu.hk<*> SOCKS5,0.672,"formi.baidu.com<*> error : Could not connect through proxy proxy.cse.cuhk.edu.hk<*> - Proxy server cannot establish a connection with the target, status code 403",0.5285,11.22,8
292,"<*> close, 1021 bytes sent, 4906 bytes (<*> <*>) received, lifetime <*>",partial,"<*> close, <*> bytes sent<*> KB<*> <*> received<*> <*> received<*> <*> received<*> lifetime <*>",0.9867,"<*> close, <*> bytes sent<*> KB<*> <*> received<*> <*> received<*> lifetime <*>",0.9141,"proxy.cse.cuhk.edu.hk<*> close, 301 bytes sent, 278 bytes received, lifetime <*>",0.9102,12.1,8
293,"<*> close, 494 bytes sent, 208 bytes received, lifetime <*>",partial,"<*> close, <*> bytes sent<*> KB<*> <*> received<*> <*> received<*> <*> received<*> lifetime <*>",0.9668,"proxy.cse.cuhk.edu.hk<*> close, 301 bytes sent, 278 bytes received, lifetime <*>",0.9476,"<*> close, <*> bytes sent<*> KB<*> <*> received<*> <*> received<*> lifetime <*>",0.9265,11.71,8
294,"<*> close, 2553 bytes (<*> <*>) sent, 641 bytes received, lifetime <*>",partial,"<*> close, <*> bytes sent<*> KB<*> <*> received<*> <*> received<*> <*> received<*> lifetime <*>",0.9629,"proxy.cse.cuhk.edu.hk<*> close, 301 bytes sent, 278 bytes received, lifetime <*>",0.945,"<*> close, <*> bytes sent<*> KB<*> <*> received<*> <*> received<*> lifetime <*>",0.9327,12.29,8
295,"<*> close, 7886 bytes (<*> <*>) sent, 69275 bytes (<*> <*>) received, lifetime <*>",partial,"<*> close, <*> bytes sent<*> KB<*> <*> received<*> <*> received<*> <*> received<*> lifetime <*>",0.9863,"<*> close, <*> bytes sent<*> KB<*> <*> received<*> <*> received<*> lifetime <*>",0.8902,"proxy.cse.cuhk.edu.hk<*> close, 301 bytes sent, 278 bytes received, lifetime <*>",0.8496,12.69,8
296,<*> open through proxy <*> HTTPS,exact,proxy.cse.cuhk.edu.hk<*> open through proxy proxy.cse.cuhk.edu.hk<*> HTTPS,1.0,<*> open through proxy socks.cse.cuhk.edu.hk<*> SOCKS5,0.672,"formi.baidu.com<*> error : Could not connect through proxy proxy.cse.cuhk.edu.hk<*> - Proxy server cannot establish a connection with the target, status code 403",0.5285,11.34,8
297,"<*> close, 8439 bytes (<*> <*>) sent, 41643 bytes (<*> <*>) received, lifetime <*>",exact,"<*> close, <*> bytes sent<*> KB<*> <*> received<*> <*> received<*> <*> received<*> lifetime <*>",0.9925,"<*> close, <*> bytes sent<*> KB<*> <*> received<*> <*> received<*> lifetime <*>",0.909,"proxy.cse.cuhk.edu.hk<*> close, 301 bytes sent, 278 bytes received, lifetime <*>",0.8762,12.33,8
298,<*> open through proxy <*> HTTPS,exact,proxy.cse.cuhk.edu.hk<*> open through proxy proxy.cse.cuhk.edu.hk<*> HTTPS,1.0,<*> open through proxy socks.cse.cuhk.edu.hk<*> SOCKS5,0.672,"formi.baidu.com<*> error : Could not connect through proxy proxy.cse.cuhk.edu.hk<*> - Proxy server cannot establish a connection with the target, status code 403",0.5285,11.19,8
299,<*> open through proxy <*> HTTPS,exact,proxy.cse.cuhk.edu.hk<*> open through proxy proxy.cse.cuhk.edu.hk<*> HTTPS,1.0,<*> open through proxy socks.cse.cuhk.edu.hk<*> SOCKS5,0.672,"formi.baidu.com<*> error : Could not connect through proxy proxy.cse.cuhk.edu.hk<*> - Proxy server cannot establish a connection with the target, status code 403",0.5285,11.13,8
300,<*> open through proxy <*> HTTPS,exact,proxy.cse.cuhk.edu.hk<*> open through proxy proxy.cse.cuhk.edu.hk<*> HTTPS,1.0,<*> open through proxy socks.cse.cuhk.edu.hk<*> SOCKS5,0.672,"formi.baidu.com<*> error : Could not connect through proxy proxy.cse.cuhk.edu.hk<*> - Proxy server cannot establish a connection with the target, status code 403",0.5285,11.1,8
301,"<*> close, 2130 bytes (<*> <*>) sent, 1035 bytes (<*> <*>) received, lifetime <*>",exact,"<*> close, <*> bytes sent<*> KB<*> <*> received<*> <*> received<*> <*> received<*> lifetime <*>",0.9903,"<*> close, <*> bytes sent<*> KB<*> <*> received<*> <*> received<*> lifetime <*>",0.9077,"proxy.cse.cuhk.edu.hk<*> close, 301 bytes sent, 278 bytes received, lifetime <*>",0.8701,12.52,8
302,<*> open through proxy <*> HTTPS,exact,proxy.cse.cuhk.edu.hk<*> open through proxy proxy.cse.cuhk.edu.hk<*> HTTPS,1.0,<*> open through proxy socks.cse.cuhk.edu.hk<*> SOCKS5,0.672,"formi.baidu.com<*> error : Could not connect through proxy proxy.cse.cuhk.edu.hk<*> - Proxy server cannot establish a connection with the target, status code 403",0.5285,11.74,8
303,<*> open through proxy <*> HTTPS,exact,proxy.cse.cuhk.edu.hk<*> open through proxy proxy.cse.cuhk.edu.hk<*> HTTPS,1.0,<*> open through proxy socks.cse.cuhk.edu.hk<*> SOCKS5,0.672,"formi.baidu.com<*> error : Could not connect through proxy proxy.cse.cuhk.edu.hk<*> - Proxy server cannot establish a connection with the target, status code 403",0.5285,13.11,8
304,<*> open through proxy <*> HTTPS,exact,proxy.cse.cuhk.edu.hk<*> open through proxy proxy.cse.cuhk.edu.hk<*> HTTPS,1.0,<*> open through proxy socks.cse.cuhk.edu.hk<*> SOCKS5,0.672,"formi.baidu.com<*> error : Could not connect through proxy proxy.cse.cuhk.edu.hk<*> - Proxy server cannot establish a connection with the target, status code 403",0.5285,12.26,8
305,<*> open through proxy <*> HTTPS,exact,proxy.cse.cuhk.edu.hk<*> open through proxy proxy.cse.cuhk.edu.hk<*> HTTPS,1.0,<*> open through proxy socks.cse.cuhk.edu.hk<*> SOCKS5,0.672,"formi.baidu.com<*> error : Could not connect through proxy proxy.cse.cuhk.edu.hk<*> - Proxy server cannot establish a connection with the target, status code 403",0.5285,11.91,8
306,<*> open through proxy <*> HTTPS,exact,proxy.cse.cuhk.edu.hk<*> open through proxy proxy.cse.cuhk.edu.hk<*> HTTPS,1.0,<*> open through proxy socks.cse.cuhk.edu.hk<*> SOCKS5,0.672,"formi.baidu.com<*> error : Could not connect through proxy proxy.cse.cuhk.edu.hk<*> - Proxy server cannot establish a connection with the target, status code 403",0.5285,11.79,8
307,"<*> close, 733 bytes sent, 229 bytes received, lifetime <*>",partial,"<*> close, <*> bytes sent<*> KB<*> <*> received<*> <*> received<*> <*> received<*> lifetime <*>",0.974,"proxy.cse.cuhk.edu.hk<*> close, 301 bytes sent, 278 bytes received, lifetime <*>",0.939,"<*> close, <*> bytes sent<*> KB<*> <*> received<*> <*> received<*> lifetime <*>",0.9306,11.68,8
308,"<*> close, 327 bytes sent, 3699 bytes (<*> <*>) received, lifetime <*>",partial,"<*> close, <*> bytes sent<*> KB<*> <*> received<*> <*> received<*> <*> received<*> lifetime <*>",0.9839,"<*> close, <*> bytes sent<*> KB<*> <*> received<*> <*> received<*> lifetime <*>",0.8908,"proxy.cse.cuhk.edu.hk<*> close, 301 bytes sent, 278 bytes received, lifetime <*>",0.8595,11.91,8
309,"<*> close, 343 bytes sent, 3122 bytes (<*> <*>) received, lifetime <*>",partial,"<*> close, <*> bytes sent<*> KB<*> <*> received<*> <*> received<*> <*> received<*> lifetime <*>",0.9835,"<*> close, <*> bytes sent<*> KB<*> <*> received<*> <*> received<*> lifetime <*>",0.8973,"proxy.cse.cuhk.edu.hk<*> close, 301 bytes sent, 278 bytes received, lifetime <*>",0.8707,11.87,8
310,<*> open through proxy <*> HTTPS,exact,proxy.cse.cuhk.edu.hk<*> open through proxy proxy.cse.cuhk.edu.hk<*> HTTPS,1.0,<*> open through proxy socks.cse.cuhk.edu.hk<*> SOCKS5,0.672,"formi.baidu.com<*> error : Could not connect through proxy proxy.cse.cuhk.edu.hk<*> - Proxy server cannot establish a connection with the target, status code 403",0.5285,11.18,8
311,"<*> close, 13303 bytes (<*> <*>) sent, 2325 bytes (<*> <*>) received, lifetime <*>",partial,"<*> close, <*> bytes sent<*> KB<*> <*> received<*> <*> received<*> <*> received<*> lifetime <*>",0.9882,"<*> close, <*> bytes sent<*> KB<*> <*> received<*> <*> received<*> lifetime <*>",0.9023,"proxy.cse.cuhk.edu.hk<*> close, 301 bytes sent, 278 bytes received, lifetime <*>",0.8679,12.38,8
312,"<*> close, 3732 bytes (<*> <*>) sent, 804155 bytes (785 <*>) received, lifetime <*>",partial,"<*> close, <*> bytes sent<*> KB<*> <*> received<*> <*> received<*> <*> received<*> lifetime <*>",0.9787,"<*> close, <*> bytes sent<*> KB<*> <*> received<*> <*> received<*> lifetime <*>",0.9324,"proxy.cse.cuhk.edu.hk<*> close, 301 bytes sent, 278 bytes received, lifetime <*>",0.9149,12.36,8
313,<*> open through proxy <*> HTTPS,exact,proxy.cse.cuhk.edu.hk<*> open through proxy proxy.cse.cuhk.edu.hk<*> HTTPS,1.0,<*> open through proxy socks.cse.cuhk.edu.hk<*> SOCKS5,0.672,"formi.baidu.com<*> error : Could not connect through proxy proxy.cse.cuhk.edu.hk<*> - Proxy server cannot establish a connection with the target, status code 403",0.5285,11.29,8
314,<*> open through proxy <*> HTTPS,exact,proxy.cse.cuhk.edu.hk<*> open through proxy proxy.cse.cuhk.edu.hk<*> HTTPS,1.0,<*> open through proxy socks.cse.cuhk.edu.hk<*> SOCKS5,0.672,"formi.baidu.com<*> error : Could not connect through proxy proxy.cse.cuhk.edu.hk<*> - Proxy server cannot establish a connection with the target, status code 403",0.5285,11.06,8
315,<*> open through proxy <*> HTTPS,exact,proxy.cse.cuhk.edu.hk<*> open through proxy proxy.cse.cuhk.edu.hk<*> HTTPS,1.0,<*> open through proxy socks.cse.cuhk.edu.hk<*> SOCKS5,0.672,"formi.baidu.com<*> error : Could not connect through proxy proxy.cse.cuhk.edu.hk<*> - Proxy server cannot establish a connection with the target, status code 403",0.5285,11.15,8
316,"<*> close, 16398 bytes (<*> <*>) sent, 93642 bytes (<*> <*>) received, lifetime <*>",exact,"<*> close, <*> bytes sent<*> KB<*> <*> received<*> <*> received<*> <*> received<*> lifetime <*>",0.9905,"<*> close, <*> bytes sent<*> KB<*> <*> received<*> <*> received<*> lifetime <*>",0.9041,"proxy.cse.cuhk.edu.hk<*> close, 301 bytes sent, 278 bytes received, lifetime <*>",0.8626,12.57,8
317,"<*> close, 58373 bytes (<*> <*>) sent, 8896991 bytes (<*> <*>) received, lifetime <*>",partial,"<*> close, <*> bytes sent<*> KB<*> <*> received<*> <*> received<*> <*> received<*> lifetime <*>",0.9861,"<*> close, <*> bytes sent<*> KB<*> <*> received<*> <*> received<*> lifetime <*>",0.8941,"proxy.cse.cuhk.edu.hk<*> close, 301 bytes sent, 278 bytes received, lifetime <*>",0.8547,12.68,8
318,"<*> close, 974 bytes sent, 4680 bytes (<*> <*>) received, lifetime <*>",partial,"<*> close, <*> bytes sent<*> KB<*> <*> received<*> <*> received<*> <*> received<*> lifetime <*>",0.9897,"<*> close, <*> bytes sent<*> KB<*> <*> received<*> <*> received<*> lifetime <*>",0.9171,"proxy.cse.cuhk.edu.hk<*> close, 301 bytes sent, 278 bytes received, lifetime <*>",0.909,11.98,8
319,"<*> close, 9985 bytes (<*> <*>) sent, 9719 bytes (<*> <*>) received, lifetime <*>",partial,"<*> close, <*> bytes sent<*> KB<*> <*> received<*> <*> received<*> <*> received<*> lifetime <*>",0.9878,"<*> close, <*> bytes sent<*> KB<*> <*> received<*> <*> received<*> lifetime <*>",0.9089,"proxy.cse.cuhk.edu.hk<*> close, 301 bytes sent, 278 bytes received, lifetime <*>",0.8712,12.35,8
320,"<*> close, 22083 bytes (<*> <*>) sent, 71944 bytes (<*> <*>) received, lifetime <*>",partial,"<*> close, <*> bytes sent<*> KB<*> <*> received<*> <*> received<*> <*> received<*> lifetime <*>",0.9878,"<*> close, <*> bytes sent<*> KB<*> <*> received<*> <*> received<*> lifetime <*>",0.8981,"proxy.cse.cuhk.edu.hk<*> close, 301 bytes sent, 278 bytes received, lifetime <*>",0.853,12.36,8
321,<*> open through proxy <*> HTTPS,exact,proxy.cse.cuhk.edu.hk<*> open through proxy proxy.cse.cuhk.edu.hk<*> HTTPS,1.0,<*> open through proxy socks.cse.cuhk.edu.hk<*> SOCKS5,0.672,"formi.baidu.com<*> error : Could not connect through proxy proxy.cse.cuhk.edu.hk<*> - Proxy server cannot establish a connection with the target, status code 403",0.5285,11.19,8
322,<*> open through proxy <*> HTTPS,exact,proxy.cse.cuhk.edu.hk<*> open through proxy proxy.cse.cuhk.edu.hk<*> HTTPS,1.0,<*> open through proxy socks.cse.cuhk.edu.hk<*> SOCKS5,0.672,"formi.baidu.com<*> error : Could not connect through proxy proxy.cse.cuhk.edu.hk<*> - Proxy server cannot establish a connection with the target, status code 403",0.5285,11.16,8
323,<*> open through proxy <*> HTTPS,exact,proxy.cse.cuhk.edu.hk<*> open through proxy proxy.cse.cuhk.edu.hk<*> HTTPS,1.0,<*> open through proxy socks.cse.cuhk.edu.hk<*> SOCKS5,0.672,"formi.baidu.com<*> error : Could not connect through proxy proxy.cse.cuhk.edu.hk<*> - Proxy server cannot establish a connection with the target, status code 403",0.5285,11.29,8
324,"<*> close, 328 bytes sent, 3642 bytes (<*> <*>) received, lifetime <*>",partial,"<*> close, <*> bytes sent<*> KB<*> <*> received<*> <*> received<*> <*> received<*> lifetime <*>",0.9845,"<*> close, <*> bytes sent<*> KB<*> <*> received<*> <*> received<*> lifetime <*>",0.8897,"proxy.cse.cuhk.edu.hk<*> close, 301 bytes sent, 278 bytes received, lifetime <*>",0.8572,11.98,8
325,"<*> close, 335 bytes sent, 4369 bytes (<*> <*>) received, lifetime <*>",partial,"<*> close, <*> bytes sent<*> KB<*> <*> received<*> <*> received<*> <*> received<*> lifetime <*>",0.9881,"<*> close, <*> bytes sent<*> KB<*> <*> received<*> <*> received<*> lifetime <*>",0.9014,"proxy.cse.cuhk.edu.hk<*> close, 301 bytes sent, 278 bytes received, lifetime <*>",0.8799,11.99,8
326,"<*> close, 568 bytes sent, 160 bytes received, lifetime <*>",partial,"proxy.cse.cuhk.edu.hk<*> close, 301 bytes sent, 278 bytes received, lifetime <*>",0.9609,"<*> close, <*> bytes sent<*> KB<*> <*> received<*> <*> received<*> <*> received<*> lifetime <*>",0.9478,"<*> close, <*> bytes sent<*> KB<*> <*> received<*> <*> received<*> lifetime <*>",0.9279,11.62,8
327,"<*> close, 357 bytes sent, 484 bytes received, lifetime <*>",partial,"<*> close, <*> bytes sent<*> KB<*> <*> received<*> <*> received<*> <*> received<*> lifetime <*>",0.9751,"proxy.cse.cuhk.edu.hk<*> close, 301 bytes sent, 278 bytes received, lifetime <*>",0.9408,"<*> close, <*> bytes sent<*> KB<*> <*> received<*> <*> received<*> lifetime <*>",0.927,11.58,8
328,<*> open through proxy <*> HTTPS,exact,proxy.cse.cuhk.edu.hk<*> open through proxy proxy.cse.cuhk.edu.hk<*> HTTPS,1.0,<*> open through proxy socks.cse.cuhk.edu.hk<*> SOCKS5,0.672,"formi.baidu.com<*> error : Could not connect through proxy proxy.cse.cuhk.edu.hk<*> - Proxy server cannot establish a connection with the target, status code 403",0.5285,11.21,8
329,<*> open through proxy <*> HTTPS,exact,proxy.cse.cuhk.edu.hk<*> open through proxy proxy.cse.cuhk.edu.hk<*> HTTPS,1.0,<*> open through proxy socks.cse.cuhk.edu.hk<*> SOCKS5,0.672,"formi.baidu.com<*> error : Could not connect through proxy proxy.cse.cuhk.edu.hk<*> - Proxy server cannot establish a connection with the target, status code 403",0.5285,11.2,8
330,<*> open through proxy <*> HTTPS,exact,proxy.cse.cuhk.edu.hk<*> open through proxy proxy.cse.cuhk.edu.hk<*> HTTPS,1.0,<*> open through proxy socks.cse.cuhk.edu.hk<*> SOCKS5,0.672,"formi.baidu.com<*> error : Could not connect through proxy proxy.cse.cuhk.edu.hk<*> - Proxy server cannot establish a connection with the target, status code 403",0.5285,11.15,8
331,"<*> close, 717 bytes sent, 357 bytes received, lifetime <*>",partial,"<*> close, <*> bytes sent<*> KB<*> <*> received<*> <*> received<*> <*> received<*> lifetime <*>",0.9785,"<*> close, <*> bytes sent<*> KB<*> <*> received<*> <*> received<*> lifetime <*>",0.9222,"proxy.cse.cuhk.edu.hk<*> close, 301 bytes sent, 278 bytes received, lifetime <*>",0.9184,11.56,8
332,"<*> close, 6579 bytes (<*> <*>) sent, 5944 bytes (<*> <*>) received, lifetime <*>",partial,"<*> close, <*> bytes sent<*> KB<*> <*> received<*> <*> received<*> <*> received<*> lifetime <*>",0.9823,"<*> close, <*> bytes sent<*> KB<*> <*> received<*> <*> received<*> lifetime <*>",0.8836,"proxy.cse.cuhk.edu.hk<*> close, 301 bytes sent, 278 bytes received, lifetime <*>",0.8364,12.44,8
333,<*> open through proxy <*> HTTPS,exact,proxy.cse.cuhk.edu.hk<*> open through proxy proxy.cse.cuhk.edu.hk<*> HTTPS,1.0,<*> open through proxy socks.cse.cuhk.edu.hk<*> SOCKS5,0.672,"formi.baidu.com<*> error : Could not connect through proxy proxy.cse.cuhk.edu.hk<*> - Proxy server cannot establish a connection with the target, status code 403",0.5285,11.19,8
334,<*> open through proxy <*> HTTPS,exact,proxy.cse.cuhk.edu.hk<*> open through proxy proxy.cse.cuhk.edu.hk<*> HTTPS,1.0,<*> open through proxy socks.cse.cuhk.edu.hk<*> SOCKS5,0.672,"formi.baidu.com<*> error : Could not connect through proxy proxy.cse.cuhk.edu.hk<*> - Proxy server cannot establish a connection with the target, status code 403",0.5285,11.19,8
335,<*> open through proxy <*> HTTPS,exact,proxy.cse.cuhk.edu.hk<*> open through proxy proxy.cse.cuhk.edu.hk<*> HTTPS,1.0,<*> open through proxy socks.cse.cuhk.edu.hk<*> SOCKS5,0.672,"formi.baidu.com<*> error : Could not connect through proxy proxy.cse.cuhk.edu.hk<*> - Proxy server cannot establish a connection with the target, status code 403",0.5285,11.06,8
336,<*> open through proxy <*> HTTPS,exact,proxy.cse.cuhk.edu.hk<*> open through proxy proxy.cse.cuhk.edu.hk<*> HTTPS,1.0,<*> open through proxy socks.cse.cuhk.edu.hk<*> SOCKS5,0.672,"formi.baidu.com<*> error : Could not connect through proxy proxy.cse.cuhk.edu.hk<*> - Proxy server cannot establish a connection with the target, status code 403",0.5285,11.21,8
337,"<*> close, 474 bytes sent, 4464 bytes (<*> <*>) received, lifetime <*>",partial,"<*> close, <*> bytes sent<*> KB<*> <*> received<*> <*> received<*> <*> received<*> lifetime <*>",0.9797,"proxy.cse.cuhk.edu.hk<*> close, 301 bytes sent, 278 bytes received, lifetime <*>",0.93,"<*> close, <*> bytes sent<*> KB<*> <*> received<*> <*> received<*> lifetime <*>",0.9269,11.93,8
338,"<*> error : Could not connect through proxy <*> - Proxy server cannot establish a connection with the target, status code 403",partial,"formi.baidu.com<*> error : Could not connect through proxy proxy.cse.cuhk.edu.hk<*> - Proxy server cannot establish a connection with the target, status code 403",0.9848,tcpconn<*> error : Could not connect through proxy proxy.cse.cuhk.edu.hk<*> - Proxy closed the connection unexpectedly.,0.7985,tcpconn<*> error : A connection request was canceled before the completion.,0.5333,12.23,8
339,<*> open through proxy <*> HTTPS,exact,proxy.cse.cuhk.edu.hk<*> open through proxy proxy.cse.cuhk.edu.hk<*> HTTPS,1.0,<*> open through proxy socks.cse.cuhk.edu.hk<*> SOCKS5,0.672,"formi.baidu.com<*> error : Could not connect through proxy proxy.cse.cuhk.edu.hk<*> - Proxy server cannot establish a connection with the target, status code 403",0.5294,11.27,8
340,"<*> close, 40925 bytes (<*> <*>) sent, 33398 bytes (<*> <*>) received, lifetime <*>",exact,"<*> close, <*> bytes sent<*> KB<*> <*> received<*> <*> received<*> <*> received<*> lifetime <*>",0.9908,"<*> close, <*> bytes sent<*> KB<*> <*> received<*> <*> received<*> lifetime <*>",0.912,"proxy.cse.cuhk.edu.hk<*> close, 301 bytes sent, 278 bytes received, lifetime <*>",0.8881,12.48,8
341,"<*> close, 1836 bytes (<*> <*>) sent, 4868 bytes (<*> <*>) received, lifetime <*>",partial,"<*> close, <*> bytes sent<*> KB<*> <*> received<*> <*> received<*> <*> received<*> lifetime <*>",0.9664,"<*> close, <*> bytes sent<*> KB<*> <*> received<*> <*> received<*> lifetime <*>",0.88,"proxy.cse.cuhk.edu.hk<*> close, 301 bytes sent, 278 bytes received, lifetime <*>",0.8351,12.42,8
342,"<*> close, 4710 bytes (<*> <*>) sent, 71939 bytes (<*> <*>) received, lifetime <*>",partial,"<*> close, <*> bytes sent<*> KB<*> <*> received<*> <*> received<*> <*> received<*> lifetime <*>",0.9868,"<*> close, <*> bytes sent<*> KB<*> <*> received<*> <*> received<*> lifetime <*>",0.893,"proxy.cse.cuhk.edu.hk<*> close, 301 bytes sent, 278 bytes received, lifetime <*>",0.8537,12.37,8
343,"<*> close, 1041 bytes (<*> <*>) sent, 607 bytes received, lifetime <*>",exact,"<*> close, <*> bytes sent<*> KB<*> <*> received<*> <*> received<*> <*> received<*> lifetime <*>",0.9942,"<*> close, <*> bytes sent<*> KB<*> <*> received<*> <*> received<*> lifetime <*>",0.9217,"proxy.cse.cuhk.edu.hk<*> close, 301 bytes sent, 278 bytes received, lifetime <*>",0.888,12.3,8
344,<*> error : Could not connect through proxy <*> - Proxy closed the connection unexpectedly.,partial,tcpconn<*> error : Could not connect through proxy proxy.cse.cuhk.edu.hk<*> - Proxy closed the connection unexpectedly.,0.8757,"formi.baidu.com<*> error : Could not connect through proxy proxy.cse.cuhk.edu.hk<*> - Proxy server cannot establish a connection with the target, status code 403",0.8426,tcpconn<*> error : A connection request was canceled before the completion.,0.6576,11.76,8
345,<*> error : Could not connect to proxy <*> - Could not resolve <*> error 11001,exact,tcpconn<*> error : Could not connect through proxy proxy.cse.cuhk.edu.hk<*> - Proxy closed the connection unexpectedly.,0.9951,"formi.baidu.com<*> error : Could not connect through proxy proxy.cse.cuhk.edu.hk<*> - Proxy server cannot establish a connection with the target, status code 403",0.7978,tcpconn<*> error : A connection request was canceled before the completion.,0.5524,11.83,8
346,<*> error : A connection request was canceled before the completion.,exact,tcpconn<*> error : A connection request was canceled before the completion.,1.0,tcpconn<*> error : Could not connect through proxy proxy.cse.cuhk.edu.hk<*> - Proxy closed the connection unexpectedly.,0.5798,"formi.baidu.com<*> error : Could not connect through proxy proxy.cse.cuhk.edu.hk<*> - Proxy server cannot establish a connection with the target, status code 403",0.5507,11.27,8
347,<*> open through proxy <*> HTTPS,exact,proxy.cse.cuhk.edu.hk<*> open through proxy proxy.cse.cuhk.edu.hk<*> HTTPS,1.0,<*> open through proxy socks.cse.cuhk.edu.hk<*> SOCKS5,0.672,"formi.baidu.com<*> error : Could not connect through proxy proxy.cse.cuhk.edu.hk<*> - Proxy server cannot establish a connection with the target, status code 403",0.5294,11.17,8
348,<*> open through proxy <*> HTTPS,exact,proxy.cse.cuhk.edu.hk<*> open through proxy proxy.cse.cuhk.edu.hk<*> HTTPS,1.0,<*> open through proxy socks.cse.cuhk.edu.hk<*> SOCKS5,0.672,"formi.baidu.com<*> error : Could not connect through proxy proxy.cse.cuhk.edu.hk<*> - Proxy server cannot establish a connection with the target, status code 403",0.5294,11.22,8
349,<*> open through proxy <*> HTTPS,exact,proxy.cse.cuhk.edu.hk<*> open through proxy proxy.cse.cuhk.edu.hk<*> HTTPS,1.0,<*> open through proxy socks.cse.cuhk.edu.hk<*> SOCKS5,0.672,"formi.baidu.com<*> error : Could not connect through proxy proxy.cse.cuhk.edu.hk<*> - Proxy server cannot establish a connection with the target, status code 403",0.5294,11.09,8
350,<*> open through proxy <*> HTTPS,exact,proxy.cse.cuhk.edu.hk<*> open through proxy proxy.cse.cuhk.edu.hk<*> HTTPS,1.0,<*> open through proxy socks.cse.cuhk.edu.hk<*> SOCKS5,0.672,"formi.baidu.com<*> error : Could not connect through proxy proxy.cse.cuhk.edu.hk<*> - Proxy server cannot establish a connection with the target, status code 403",0.5294,11.17,8
351,<*> open through proxy <*> HTTPS,exact,proxy.cse.cuhk.edu.hk<*> open through proxy proxy.cse.cuhk.edu.hk<*> HTTPS,1.0,<*> open through proxy socks.cse.cuhk.edu.hk<*> SOCKS5,0.672,"formi.baidu.com<*> error : Could not connect through proxy proxy.cse.cuhk.edu.hk<*> - Proxy server cannot establish a connection with the target, status code 403",0.5294,11.2,8
352,<*> open through proxy <*> HTTPS,exact,proxy.cse.cuhk.edu.hk<*> open through proxy proxy.cse.cuhk.edu.hk<*> HTTPS,1.0,<*> open through proxy socks.cse.cuhk.edu.hk<*> SOCKS5,0.672,"formi.baidu.com<*> error : Could not connect through proxy proxy.cse.cuhk.edu.hk<*> - Proxy server cannot establish a connection with the target, status code 403",0.5294,11.21,8
353,<*> open through proxy <*> HTTPS,exact,proxy.cse.cuhk.edu.hk<*> open through proxy proxy.cse.cuhk.edu.hk<*> HTTPS,1.0,<*> open through proxy socks.cse.cuhk.edu.hk<*> SOCKS5,0.672,"formi.baidu.com<*> error : Could not connect through proxy proxy.cse.cuhk.edu.hk<*> - Proxy server cannot establish a connection with the target, status code 403",0.5294,11.06,8
354,<*> open through proxy <*> HTTPS,exact,proxy.cse.cuhk.edu.hk<*> open through proxy proxy.cse.cuhk.edu.hk<*> HTTPS,1.0,<*> open through proxy socks.cse.cuhk.edu.hk<*> SOCKS5,0.672,"formi.baidu.com<*> error : Could not connect through proxy proxy.cse.cuhk.edu.hk<*> - Proxy server cannot establish a connection with the target, status code 403",0.5294,11.03,8
355,<*> open through proxy <*> HTTPS,exact,proxy.cse.cuhk.edu.hk<*> open through proxy proxy.cse.cuhk.edu.hk<*> HTTPS,1.0,<*> open through proxy socks.cse.cuhk.edu.hk<*> SOCKS5,0.672,"formi.baidu.com<*> error : Could not connect through proxy proxy.cse.cuhk.edu.hk<*> - Proxy server cannot establish a connection with the target, status code 403",0.5294,11.55,8
356,<*> open through proxy <*> HTTPS,exact,proxy.cse.cuhk.edu.hk<*> open through proxy proxy.cse.cuhk.edu.hk<*> HTTPS,1.0,<*> open through proxy socks.cse.cuhk.edu.hk<*> SOCKS5,0.672,"formi.baidu.com<*> error : Could not connect through proxy proxy.cse.cuhk.edu.hk<*> - Proxy server cannot establish a connection with the target, status code 403",0.5294,11.26,8
357,"<*> close, 0 bytes sent, 0 bytes received, lifetime <*>",exact,"proxy.cse.cuhk.edu.hk<*> close, 301 bytes sent, 278 bytes received, lifetime <*>",0.9956,"<*> close, <*> bytes sent<*> KB<*> <*> received<*> <*> received<*> lifetime <*>",0.8847,"<*> close, <*> bytes sent<*> KB<*> <*> received<*> <*> received<*> <*> received<*> lifetime <*>",0.8744,11.55,8
358,<*> open through proxy <*> HTTPS,exact,proxy.cse.cuhk.edu.hk<*> open through proxy proxy.cse.cuhk.edu.hk<*> HTTPS,1.0,<*> open through proxy socks.cse.cuhk.edu.hk<*> SOCKS5,0.672,"formi.baidu.com<*> error : Could not connect through proxy proxy.cse.cuhk.edu.hk<*> - Proxy server cannot establish a connection with the target, status code 403",0.5294,11.26,8
359,"<*> close, 651 bytes sent, 328 bytes received, lifetime <*>",partial,"proxy.cse.cuhk.edu.hk<*> close, 301 bytes sent, 278 bytes received, lifetime <*>",0.9611,"<*> close, <*> bytes sent<*> KB<*> <*> received<*> <*> received<*> <*> received<*> lifetime <*>",0.957,"<*> close, <*> bytes sent<*> KB<*> <*> received<*> <*> received<*> lifetime <*>",0.9368,11.53,8
360,<*> open through proxy <*> HTTPS,exact,proxy.cse.cuhk.edu.hk<*> open through proxy proxy.cse.cuhk.edu.hk<*> HTTPS,1.0,<*> open through proxy socks.cse.cuhk.edu.hk<*> SOCKS5,0.672,"formi.baidu.com<*> error : Could not connect through proxy proxy.cse.cuhk.edu.hk<*> - Proxy server cannot establish a connection with the target, status code 403",0.5294,11.1,8
361,<*> open through proxy <*> HTTPS,exact,proxy.cse.cuhk.edu.hk<*> open through proxy proxy.cse.cuhk.edu.hk<*> HTTPS,1.0,<*> open through proxy socks.cse.cuhk.edu.hk<*> SOCKS5,0.672,"formi.baidu.com<*> error : Could not connect through proxy proxy.cse.cuhk.edu.hk<*> - Proxy server cannot establish a connection with the target, status code 403",0.5294,11.21,8
362,"<*> close, 671 bytes sent, 328 bytes received, lifetime <*>",partial,"<*> close, <*> bytes sent<*> KB<*> <*> received<*> <*> received<*> <*> received<*> lifetime <*>",0.9655,"proxy.cse.cuhk.edu.hk<*> close, 301 bytes sent, 278 bytes received, lifetime <*>",0.9554,"<*> close, <*> bytes sent<*> KB<*> <*> received<*> <*> received<*> lifetime <*>",0.9316,11.48,8
363,"<*> close, 1531 bytes (<*> <*>) sent, 16765 bytes (<*> <*>) received, lifetime <*>",partial,"<*> close, <*> bytes sent<*> KB<*> <*> received<*> <*> received<*> <*> received<*> lifetime <*>",0.9842,"<*> close, <*> bytes sent<*> KB<*> <*> received<*> <*> received<*> lifetime <*>",0.8905,"proxy.cse.cuhk.edu.hk<*> close, 301 bytes sent, 278 bytes received, lifetime <*>",0.8456,12.46,8
364,"<*> close, 941 bytes sent, 163 bytes received, lifetime <*>",partial,"<*> close, <*> bytes sent<*> KB<*> <*> received<*> <*> received<*> <*> received<*> lifetime <*>",0.9766,"<*> close, <*> bytes sent<*> KB<*> <*> received<*> <*> received<*> lifetime <*>",0.9086,"proxy.cse.cuhk.edu.hk<*> close, 301 bytes sent, 278 bytes received, lifetime <*>",0.8923,11.58,8
365,"<*> close, 733 bytes sent, 292 bytes received, lifetime <*>",partial,"<*> close, <*> bytes sent<*> KB<*> <*> received<*> <*> received<*> <*> received<*> lifetime <*>",0.9713,"proxy.cse.cuhk.edu.hk<*> close, 301 bytes sent, 278 bytes received, lifetime <*>",0.9258,"<*> close, <*> bytes sent<*> KB<*> <*> received<*> <*> received<*> lifetime <*>",0.921,11.85,8
366,<*> open through proxy <*> HTTPS,exact,proxy.cse.cuhk.edu.hk<*> open through proxy proxy.cse.cuhk.edu.hk<*> HTTPS,1.0,<*> open through proxy socks.cse.cuhk.edu.hk<*> SOCKS5,0.672,"formi.baidu.com<*> error : Could not connect through proxy proxy.cse.cuhk.edu.hk<*> - Proxy server cannot establish a connection with the target, status code 403",0.5294,11.17,8
367,<*> open through proxy <*> HTTPS,exact,proxy.cse.cuhk.edu.hk<*> open through proxy proxy.cse.cuhk.edu.hk<*> HTTPS,1.0,<*> open through proxy socks.cse.cuhk.edu.hk<*> SOCKS5,0.672,"formi.baidu.com<*> error : Could not connect through proxy proxy.cse.cuhk.edu.hk<*> - Proxy server cannot establish a connection with the target, status code 403",0.5294,11.17,8
368,<*> open through proxy <*> HTTPS,exact,proxy.cse.cuhk.edu.hk<*> open through proxy proxy.cse.cuhk.edu.hk<*> HTTPS,1.0,<*> open through proxy socks.cse.cuhk.edu.hk<*> SOCKS5,0.672,"formi.baidu.com<*> error : Could not connect through proxy proxy.cse.cuhk.edu.hk<*> - Proxy server cannot establish a connection with the target, status code 403",0.5294,11.31,8
369,<*> open through proxy <*> HTTPS,exact,proxy.cse.cuhk.edu.hk<*> open through proxy proxy.cse.cuhk.edu.hk<*> HTTPS,1.0,<*> open through proxy socks.cse.cuhk.edu.hk<*> SOCKS5,0.672,"formi.baidu.com<*> error : Could not connect through proxy proxy.cse.cuhk.edu.hk<*> - Proxy server cannot establish a connection with the target, status code 403",0.5294,11.2,8
370,<*> open through proxy <*> HTTPS,exact,proxy.cse.cuhk.edu.hk<*> open through proxy proxy.cse.cuhk.edu.hk<*> HTTPS,1.0,<*> open through proxy socks.cse.cuhk.edu.hk<*> SOCKS5,0.672,"formi.baidu.com<*> error : Could not connect through proxy proxy.cse.cuhk.edu.hk<*> - Proxy server cannot establish a connection with the target, status code 403",0.5294,11.17,8
371,"<*> close, 5129 bytes (<*> <*>) sent, 17049 bytes (<*> <*>) received, lifetime <*>",partial,"<*> close, <*> bytes sent<*> KB<*> <*> received<*> <*> received<*> <*> received<*> lifetime <*>",0.9788,"<*> close, <*> bytes sent<*> KB<*> <*> received<*> <*> received<*> lifetime <*>",0.8838,"proxy.cse.cuhk.edu.hk<*> close, 301 bytes sent, 278 bytes received, lifetime <*>",0.8444,12.33,8
372,"<*> close, 735 bytes sent, 184 bytes received, lifetime <*>",partial,"<*> close, <*> bytes sent<*> KB<*> <*> received<*> <*> received<*> <*> received<*> lifetime <*>",0.9739,"proxy.cse.cuhk.edu.hk<*> close, 301 bytes sent, 278 bytes received, lifetime <*>",0.9452,"<*> close, <*> bytes sent<*> KB<*> <*> received<*> <*> received<*> lifetime <*>",0.9336,11.61,8
373,"<*> close, 0 bytes sent, 0 bytes received, lifetime <*>",exact,"proxy.cse.cuhk.edu.hk<*> close, 301 bytes sent, 278 bytes received, lifetime <*>",0.9952,"<*> close, <*> bytes sent<*> KB<*> <*> received<*> <*> received<*> lifetime <*>",0.8847,"<*> close, <*> bytes sent<*> KB<*> <*> received<*> <*> received<*> <*> received<*> lifetime <*>",0.8746,11.65,8
374,<*> open through proxy <*> HTTPS,exact,proxy.cse.cuhk.edu.hk<*> open through proxy proxy.cse.cuhk.edu.hk<*> HTTPS,1.0,<*> open through proxy socks.cse.cuhk.edu.hk<*> SOCKS5,0.672,"formi.baidu.com<*> error : Could not connect through proxy proxy.cse.cuhk.edu.hk<*> - Proxy server cannot establish a connection with the target, status code 403",0.5294,11.28,8
375,"<*> close, 545 bytes sent, 278 bytes received, lifetime <*>",partial,"<*> close, <*> bytes sent<*> KB<*> <*> received<*> <*> received<*> <*> received<*> lifetime <*>",0.9669,"<*> close, <*> bytes sent<*> KB<*> <*> received<*> <*> received<*> lifetime <*>",0.8896,"proxy.cse.cuhk.edu.hk<*> close, 301 bytes sent, 278 bytes received, lifetime <*>",0.8628,11.53,8
376,<*> open through proxy <*> HTTPS,exact,proxy.cse.cuhk.edu.hk<*> open through proxy proxy.cse.cuhk.edu.hk<*> HTTPS,1.0,<*> open through proxy socks.cse.cuhk.edu.hk<*> SOCKS5,0.672,"formi.baidu.com<*> error : Could not connect through proxy proxy.cse.cuhk.edu.hk<*> - Proxy server cannot establish a connection with the target, status code 403",0.5294,11.23,8
377,"<*> close, 8399 bytes (<*> <*>) sent, 9521 bytes (<*> <*>) received, lifetime <*>",partial,"<*> close, <*> bytes sent<*> KB<*> <*> received<*> <*> received<*> <*> received<*> lifetime <*>",0.989,"<*> close, <*> bytes sent<*> KB<*> <*> received<*> <*> received<*> lifetime <*>",0.9054,"proxy.cse.cuhk.edu.hk<*> close, 301 bytes sent, 278 bytes received, lifetime <*>",0.8671,12.47,8
378,<*> open through proxy <*> HTTPS,exact,proxy.cse.cuhk.edu.hk<*> open through proxy proxy.cse.cuhk.edu.hk<*> HTTPS,1.0,<*> open through proxy socks.cse.cuhk.edu.hk<*> SOCKS5,0.672,"formi.baidu.com<*> error : Could not connect through proxy proxy.cse.cuhk.edu.hk<*> - Proxy server cannot establish a connection with the target, status code 403",0.5294,11.04,8
379,"<*> error : Could not connect through proxy <*> - Proxy server cannot establish a connection with the target, status code 403",partial,"formi.baidu.com<*> error : Could not connect through proxy proxy.cse.cuhk.edu.hk<*> - Proxy server cannot establish a connection with the target, status code 403",0.9888,tcpconn<*> error : Could not connect through proxy proxy.cse.cuhk.edu.hk<*> - Proxy closed the connection unexpectedly.,0.8031,tcpconn<*> error : A connection request was canceled before the completion.,0.5333,11.96,8
380,"<*> close, 2214 bytes (<*> <*>) sent, 5451 bytes (<*> <*>) received, lifetime <*>",partial,"<*> close, <*> bytes sent<*> KB<*> <*> received<*> <*> received<*> <*> received<*> lifetime <*>",0.9863,"<*> close, <*> bytes sent<*> KB<*> <*> received<*> <*> received<*> lifetime <*>",0.8865,"proxy.cse.cuhk.edu.hk<*> close, 301 bytes sent, 278 bytes received, lifetime <*>",0.8445,12.43,8
381,"<*> close, 1821 bytes (<*> <*>) sent, 4970 bytes (<*> <*>) received, lifetime <*>",partial,"<*> close, <*> bytes sent<*> KB<*> <*> received<*> <*> received<*> <*> received<*> lifetime <*>",0.9825,"<*> close, <*> bytes sent<*> KB<*> <*> received<*> <*> received<*> lifetime <*>",0.905,"proxy.cse.cuhk.edu.hk<*> close, 301 bytes sent, 278 bytes received, lifetime <*>",0.8674,12.33,8
382,"<*> close, 6339 bytes (<*> <*>) sent, 3969 bytes (<*> <*>) received, lifetime <*>",partial,"<*> close, <*> bytes sent<*> KB<*> <*> received<*> <*> received<*> <*> received<*> lifetime <*>",0.9881,"<*> close, <*> bytes sent<*> KB<*> <*> received<*> <*> received<*> lifetime <*>",0.8931,"proxy.cse.cuhk.edu.hk<*> close, 301 bytes sent, 278 bytes received, lifetime <*>",0.8589,12.49,8
383,"<*> close, 1188 bytes (<*> <*>) sent, 5007 bytes (<*> <*>) received, lifetime <*>",partial,"<*> close, <*> bytes sent<*> KB<*> <*> received<*> <*> received<*> <*> received<*> lifetime <*>",0.9879,"<*> close, <*> bytes sent<*> KB<*> <*> received<*> <*> received<*> lifetime <*>",0.8986,"proxy.cse.cuhk.edu.hk<*> close, 301 bytes sent, 278 bytes received, lifetime <*>",0.863,12.47,8
384,"<*> error : Could not connect through proxy <*> - Proxy server cannot establish a connection with the target, status code 403",exact,"formi.baidu.com<*> error : Could not connect through proxy proxy.cse.cuhk.edu.hk<*> - Proxy server cannot establish a connection with the target, status code 403",0.9915,tcpconn<*> error : Could not connect through proxy proxy.cse.cuhk.edu.hk<*> - Proxy closed the connection unexpectedly.,0.8031,tcpconn<*> error : A connection request was canceled before the completion.,0.5333,11.94,8
385,"<*> close, 1738 bytes (<*> <*>) sent, 487 bytes received, lifetime <*>",partial,"<*> close, <*> bytes sent<*> KB<*> <*> received<*> <*> received<*> <*> received<*> lifetime <*>",0.9846,"<*> close, <*> bytes sent<*> KB<*> <*> received<*> <*> received<*> lifetime <*>",0.9103,"proxy.cse.cuhk.edu.hk<*> close, 301 bytes sent, 278 bytes received, lifetime <*>",0.8831,11.94,8
386,<*> open through proxy <*> HTTPS,exact,proxy.cse.cuhk.edu.hk<*> open through proxy proxy.cse.cuhk.edu.hk<*> HTTPS,1.0,<*> open through proxy socks.cse.cuhk.edu.hk<*> SOCKS5,0.672,"formi.baidu.com<*> error : Could not connect through proxy proxy.cse.cuhk.edu.hk<*> - Proxy server cannot establish a connection with the target, status code 403",0.5301,11.42,8
387,"<*> close, 2867 bytes (<*> <*>) sent, 1014 bytes received, lifetime <*>",partial,"<*> close, <*> bytes sent<*> KB<*> <*> received<*> <*> received<*> <*> received<*> lifetime <*>",0.9885,"<*> close, <*> bytes sent<*> KB<*> <*> received<*> <*> received<*> lifetime <*>",0.9351,"proxy.cse.cuhk.edu.hk<*> close, 301 bytes sent, 278 bytes received, lifetime <*>",0.9124,11.99,8
388,"<*> close, 691 bytes sent, 184 bytes received, lifetime <*>",partial,"<*> close, <*> bytes sent<*> KB<*> <*> received<*> <*> received<*> <*> received<*> lifetime <*>",0.973,"proxy.cse.cuhk.edu.hk<*> close, 301 bytes sent, 278 bytes received, lifetime <*>",0.9486,"<*> close, <*> bytes sent<*> KB<*> <*> received<*> <*> received<*> lifetime <*>",0.934,11.67,8
389,"<*> close, 0 bytes sent, 0 bytes received, lifetime <*>",exact,"proxy.cse.cuhk.edu.hk<*> close, 301 bytes sent, 278 bytes received, lifetime <*>",0.9955,"<*> close, <*> bytes sent<*> KB<*> <*> received<*> <*> received<*> lifetime <*>",0.8847,"<*> close, <*> bytes sent<*> KB<*> <*> received<*> <*> received<*> <*> received<*> lifetime <*>",0.8744,11.62,8
390,<*> open through proxy <*> HTTPS,exact,proxy.cse.cuhk.edu.hk<*> open through proxy proxy.cse.cuhk.edu.hk<*> HTTPS,1.0,<*> open through proxy socks.cse.cuhk.edu.hk<*> SOCKS5,0.672,"formi.baidu.com<*> error : Could not connect through proxy proxy.cse.cuhk.edu.hk<*> - Proxy server cannot establish a connection with the target, status code 403",0.5301,11.23,8
391,<*> open through proxy <*> HTTPS,exact,proxy.cse.cuhk.edu.hk<*> open through proxy proxy.cse.cuhk.edu.hk<*> HTTPS,1.0,<*> open through proxy socks.cse.cuhk.edu.hk<*> SOCKS5,0.672,"formi.baidu.com<*> error : Could not connect through proxy proxy.cse.cuhk.edu.hk<*> - Proxy server cannot establish a connection with the target, status code 403",0.5301,11.23,8
392,<*> open through proxy <*> HTTPS,exact,proxy.cse.cuhk.edu.hk<*> open through proxy proxy.cse.cuhk.edu.hk<*> HTTPS,1.0,<*> open through proxy socks.cse.cuhk.edu.hk<*> SOCKS5,0.672,"formi.baidu.com<*> error : Could not connect through proxy proxy.cse.cuhk.edu.hk<*> - Proxy server cannot establish a connection with the target, status code 403",0.5301,11.29,8
393,<*> open through proxy <*> HTTPS,exact,proxy.cse.cuhk.edu.hk<*> open through proxy proxy.cse.cuhk.edu.hk<*> HTTPS,1.0,<*> open through proxy socks.cse.cuhk.edu.hk<*> SOCKS5,0.672,"formi.baidu.com<*> error : Could not connect through proxy proxy.cse.cuhk.edu.hk<*> - Proxy server cannot establish a connection with the target, status code 403",0.5301,11.14,8
394,"<*> close, 158 bytes sent, 33899 bytes (<*> <*>) received, lifetime <*>",partial,"<*> close, <*> bytes sent<*> KB<*> <*> received<*> <*> received<*> <*> received<*> lifetime <*>",0.9841,"<*> close, <*> bytes sent<*> KB<*> <*> received<*> <*> received<*> lifetime <*>",0.8981,"proxy.cse.cuhk.edu.hk<*> close, 301 bytes sent, 278 bytes received, lifetime <*>",0.8764,11.97,8
395,"<*> close, 158 bytes sent, 46624 bytes (<*> <*>) received, lifetime <*>",partial,"<*> close, <*> bytes sent<*> KB<*> <*> received<*> <*> received<*> <*> received<*> lifetime <*>",0.9862,"<*> close, <*> bytes sent<*> KB<*> <*> received<*> <*> received<*> lifetime <*>",0.8913,"proxy.cse.cuhk.edu.hk<*> close, 301 bytes sent, 278 bytes received, lifetime <*>",0.8765,11.89,8
396,<*> open through proxy <*> HTTPS,exact,proxy.cse.cuhk.edu.hk<*> open through proxy proxy.cse.cuhk.edu.hk<*> HTTPS,1.0,<*> open through proxy socks.cse.cuhk.edu.hk<*> SOCKS5,0.672,"formi.baidu.com<*> error : Could not connect through proxy proxy.cse.cuhk.edu.hk<*> - Proxy server cannot establish a connection with the target, status code 403",0.5301,11.19,8
397,"<*> close, 4755 bytes (<*> <*>) sent, 4917 bytes (<*> <*>) received, lifetime <*>",partial,"<*> close, <*> bytes sent<*> KB<*> <*> received<*> <*> received<*> <*> received<*> lifetime <*>",0.9798,"<*> close, <*> bytes sent<*> KB<*> <*> received<*> <*> received<*> lifetime <*>",0.8762,"proxy.cse.cuhk.edu.hk<*> close, 301 bytes sent, 278 bytes received, lifetime <*>",0.8266,12.35,8
398,"<*> close, 2485 bytes (<*> <*>) sent, 2359 bytes (<*> <*>) received, lifetime <*>",exact,"<*> close, <*> bytes sent<*> KB<*> <*> received<*> <*> received<*> <*> received<*> lifetime <*>",0.9903,"<*> close, <*> bytes sent<*> KB<*> <*> received<*> <*> received<*> lifetime <*>",0.9079,"proxy.cse.cuhk.edu.hk<*> close, 301 bytes sent, 278 bytes received, lifetime <*>",0.8768,12.35,8
399,"<*> close, 14267 bytes (<*> <*>) sent, 36698 bytes (<*> <*>) received, lifetime <*>",exact,"<*> close, <*> bytes sent<*> KB<*> <*> received<*> <*> received<*> <*> received<*> lifetime <*>",0.9908,"<*> close, <*> bytes sent<*> KB<*> <*> received<*> <*> received<*> lifetime <*>",0.8985,"proxy.cse.cuhk.edu.hk<*> close, 301 bytes sent, 278 bytes received, lifetime <*>",0.8606,12.42,8
400,<*> error : Could not connect to proxy <*> - connection attempt failed with error 10061,partial,tcpconn<*> error : Could not connect through proxy proxy.cse.cuhk.edu.hk<*> - Proxy closed the connection unexpectedly.,0.8856,"formi.baidu.com<*> error : Could not connect through proxy proxy.cse.cuhk.edu.hk<*> - Proxy server cannot establish a connection with the target, status code 403",0.831,tcpconn<*> error : A connection request was canceled before the completion.,0.5801,11.97,8
401,<*> error : Could not connect to proxy <*> - connection attempt failed with error 10061,partial,tcpconn<*> error : Could not connect through proxy proxy.cse.cuhk.edu.hk<*> - Proxy closed the connection unexpectedly.,0.8945,"formi.baidu.com<*> error : Could not connect through proxy proxy.cse.cuhk.edu.hk<*> - Proxy server cannot establish a connection with the target, status code 403",0.831,tcpconn<*> error : A connection request was canceled before the completion.,0.5801,11.75,8
402,<*> error : Could not connect to proxy <*> - connection attempt failed with error 10061,partial,tcpconn<*> error : Could not connect through proxy proxy.cse.cuhk.edu.hk<*> - Proxy closed the connection unexpectedly.,0.9024,"formi.baidu.com<*> error : Could not connect through proxy proxy.cse.cuhk.edu.hk<*> - Proxy server cannot establish a connection with the target, status code 403",0.831,tcpconn<*> error : A connection request was canceled before the completion.,0.5801,12.71,8
403,<*> error : Could not connect to proxy <*> - connection attempt failed with error 10061,partial,tcpconn<*> error : Could not connect through proxy proxy.cse.cuhk.edu.hk<*> - Proxy closed the connection unexpectedly.,0.9094,"formi.baidu.com<*> error : Could not connect through proxy proxy.cse.cuhk.edu.hk<*> - Proxy server cannot establish a connection with the target, status code 403",0.831,tcpconn<*> error : A connection request was canceled before the completion.,0.5801,14.16,8
404,<*> error : Could not connect to proxy <*> - connection attempt failed with error 10061,partial,tcpconn<*> error : Could not connect through proxy proxy.cse.cuhk.edu.hk<*> - Proxy closed the connection unexpectedly.,0.9157,"formi.baidu.com<*> error : Could not connect through proxy proxy.cse.cuhk.edu.hk<*> - Proxy server cannot establish a connection with the target, status code 403",0.831,tcpconn<*> error : A connection request was canceled before the completion.,0.5801,12.74,8
405,<*> error : Could not connect to proxy <*> - connection attempt failed with error 10061,partial,tcpconn<*> error : Could not connect through proxy proxy.cse.cuhk.edu.hk<*> - Proxy closed the connection unexpectedly.,0.9214,"formi.baidu.com<*> error : Could not connect through proxy proxy.cse.cuhk.edu.hk<*> - Proxy server cannot establish a connection with the target, status code 403",0.831,tcpconn<*> error : A connection request was canceled before the completion.,0.5801,12.18,8
406,<*> error : Could not connect to proxy <*> - connection attempt failed with error 10061,partial,tcpconn<*> error : Could not connect through proxy proxy.cse.cuhk.edu.hk<*> - Proxy closed the connection unexpectedly.,0.9266,"formi.baidu.com<*> error : Could not connect through proxy proxy.cse.cuhk.edu.hk<*> - Proxy server cannot establish a connection with the target, status code 403",0.831,tcpconn<*> error : A connection request was canceled before the completion.,0.5801,11.97,8
407,<*> error : Could not connect to proxy <*> - connection attempt failed with error 10061,partial,tcpconn<*> error : Could not connect through proxy proxy.cse.cuhk.edu.hk<*> - Proxy closed the connection unexpectedly.,0.9312,"formi.baidu.com<*> error : Could not connect through proxy proxy.cse.cuhk.edu.hk<*> - Proxy server cannot establish a connection with the target, status code 403",0.831,tcpconn<*> error : A connection request was canceled before the completion.,0.5801,11.69,8
408,<*> error : Could not connect to proxy <*> - connection attempt failed with error 10061,partial,tcpconn<*> error : Could not connect through proxy proxy.cse.cuhk.edu.hk<*> - Proxy closed the connection unexpectedly.,0.9354,"formi.baidu.com<*> error : Could not connect through proxy proxy.cse.cuhk.edu.hk<*> - Proxy server cannot establish a connection with the target, status code 403",0.831,tcpconn<*> error : A connection request was canceled before the completion.,0.5801,11.74,8
409,<*> error : Could not connect to proxy <*> - connection attempt failed with error 10061,partial,tcpconn<*> error : Could not connect through proxy proxy.cse.cuhk.edu.hk<*> - Proxy closed the connection unexpectedly.,0.9393,"formi.baidu.com<*> error : Could not connect through proxy proxy.cse.cuhk.edu.hk<*> - Proxy server cannot establish a connection with the target, status code 403",0.831,tcpconn<*> error : A connection request was canceled before the completion.,0.5801,11.6,8
410,<*> error : Could not connect to proxy <*> - connection attempt failed with error 10061,partial,tcpconn<*> error : Could not connect through proxy proxy.cse.cuhk.edu.hk<*> - Proxy closed the connection unexpectedly.,0.9428,"formi.baidu.com<*> error : Could not connect through proxy proxy.cse.cuhk.edu.hk<*> - Proxy server cannot establish a connection with the target, status code 403",0.831,tcpconn<*> error : A connection request was canceled before the completion.,0.5801,11.71,8
411,<*> error : Could not connect to proxy <*> - connection attempt failed with error 10061,partial,tcpconn<*> error : Could not connect through proxy proxy.cse.cuhk.edu.hk<*> - Proxy closed the connection unexpectedly.,0.946,"formi.baidu.com<*> error : Could not connect through proxy proxy.cse.cuhk.edu.hk<*> - Proxy server cannot establish a connection with the target, status code 403",0.831,tcpconn<*> error : A connection request was canceled before the completion.,0.5801,11.74,8
412,<*> error : Could not connect to proxy <*> - connection attempt failed with error 10061,partial,tcpconn<*> error : Could not connect through proxy proxy.cse.cuhk.edu.hk<*> - Proxy closed the connection unexpectedly.,0.949,"formi.baidu.com<*> error : Could not connect through proxy proxy.cse.cuhk.edu.hk<*> - Proxy server cannot establish a connection with the target, status code 403",0.831,tcpconn<*> error : A connection request was canceled before the completion.,0.5801,11.78,8
413,<*> error : Could not connect to proxy <*> - connection attempt failed with error 10061,partial,tcpconn<*> error : Could not connect through proxy proxy.cse.cuhk.edu.hk<*> - Proxy closed the connection unexpectedly.,0.9517,"formi.baidu.com<*> error : Could not connect through proxy proxy.cse.cuhk.edu.hk<*> - Proxy server cannot establish a connection with the target, status code 403",0.831,tcpconn<*> error : A connection request was canceled before the completion.,0.5801,11.7,8
414,<*> error : Could not connect to proxy <*> - connection attempt failed with error 10061,partial,tcpconn<*> error : Could not connect through proxy proxy.cse.cuhk.edu.hk<*> - Proxy closed the connection unexpectedly.,0.9543,"formi.baidu.com<*> error : Could not connect through proxy proxy.cse.cuhk.edu.hk<*> - Proxy server cannot establish a connection with the target, status code 403",0.831,tcpconn<*> error : A connection request was canceled before the completion.,0.5801,11.8,8
415,<*> error : Could not connect to proxy <*> - connection attempt failed with error 10061,partial,tcpconn<*> error : Could not connect through proxy proxy.cse.cuhk.edu.hk<*> - Proxy closed the connection unexpectedly.,0.9566,"formi.baidu.com<*> error : Could not connect through proxy proxy.cse.cuhk.edu.hk<*> - Proxy server cannot establish a connection with the target, status code 403",0.831,tcpconn<*> error : A connection request was canceled before the completion.,0.5801,11.92,8
416,<*> error : Could not connect to proxy <*> - connection attempt failed with error 10061,partial,tcpconn<*> error : Could not connect through proxy proxy.cse.cuhk.edu.hk<*> - Proxy closed the connection unexpectedly.,0.9587,"formi.baidu.com<*> error : Could not connect through proxy proxy.cse.cuhk.edu.hk<*> - Proxy server cannot establish a connection with the target, status code 403",0.831,tcpconn<*> error : A connection request was canceled before the completion.,0.5801,11.8,8
417,<*> error : Could not connect to proxy <*> - connection attempt failed with error 10061,partial,tcpconn<*> error : Could not connect through proxy proxy.cse.cuhk.edu.hk<*> - Proxy closed the connection unexpectedly.,0.9607,"formi.baidu.com<*> error : Could not connect through proxy proxy.cse.cuhk.edu.hk<*> - Proxy server cannot establish a connection with the target, status code 403",0.831,tcpconn<*> error : A connection request was canceled before the completion.,0.5801,12.16,8
418,<*> error : Could not connect to proxy <*> - connection attempt failed with error 10061,partial,tcpconn<*> error : Could not connect through proxy proxy.cse.cuhk.edu.hk<*> - Proxy closed the connection unexpectedly.,0.9626,"formi.baidu.com<*> error : Could not connect through proxy proxy.cse.cuhk.edu.hk<*> - Proxy server cannot establish a connection with the target, status code 403",0.831,tcpconn<*> error : A connection request was canceled before the completion.,0.5801,11.91,8
419,<*> error : Could not connect to proxy <*> - connection attempt failed with error 10061,partial,tcpconn<*> error : Could not connect through proxy proxy.cse.cuhk.edu.hk<*> - Proxy closed the connection unexpectedly.,0.9643,"formi.baidu.com<*> error : Could not connect through proxy proxy.cse.cuhk.edu.hk<*> - Proxy server cannot establish a connection with the target, status code 403",0.831,tcpconn<*> error : A connection request was canceled before the completion.,0.5801,11.81,8
420,<*> error : Could not connect to proxy <*> - connection attempt failed with error 10061,partial,tcpconn<*> error : Could not connect through proxy proxy.cse.cuhk.edu.hk<*> - Proxy closed the connection unexpectedly.,0.9659,"formi.baidu.com<*> error : Could not connect through proxy proxy.cse.cuhk.edu.hk<*> - Proxy server cannot establish a connection with the target, status code 403",0.831,tcpconn<*> error : A connection request was canceled before the completion.,0.5801,11.74,8
421,<*> error : Could not connect to proxy <*> - connection attempt failed with error 10061,partial,tcpconn<*> error : Could not connect through proxy proxy.cse.cuhk.edu.hk<*> - Proxy closed the connection unexpectedly.,0.9674,"formi.baidu.com<*> error : Could not connect through proxy proxy.cse.cuhk.edu.hk<*> - Proxy server cannot establish a connection with the target, status code 403",0.831,tcpconn<*> error : A connection request was canceled before the completion.,0.5801,11.72,8
422,<*> error : Could not connect to proxy <*> - connection attempt failed with error 10061,partial,tcpconn<*> error : Could not connect through proxy proxy.cse.cuhk.edu.hk<*> - Proxy closed the connection unexpectedly.,0.9688,"formi.baidu.com<*> error : Could not connect through proxy proxy.cse.cuhk.edu.hk<*> - Proxy server cannot establish a connection with the target, status code 403",0.831,tcpconn<*> error : A connection request was canceled before the completion.,0.5801,11.81,8
423,<*> error : Could not connect to proxy <*> - connection attempt failed with error 10061,partial,tcpconn<*> error : Could not connect through proxy proxy.cse.cuhk.edu.hk<*> - Proxy closed the connection unexpectedly.,0.9702,"formi.baidu.com<*> error : Could not connect through proxy proxy.cse.cuhk.edu.hk<*> - Proxy server cannot establish a connection with the target, status code 403",0.831,tcpconn<*> error : A connection request was canceled before the completion.,0.5801,11.98,8
424,<*> error : Could not connect to proxy <*> - connection attempt failed with error 10061,partial,tcpconn<*> error : Could not connect through proxy proxy.cse.cuhk.edu.hk<*> - Proxy closed the connection unexpectedly.,0.9714,"formi.baidu.com<*> error : Could not connect through proxy proxy.cse.cuhk.edu.hk<*> - Proxy server cannot establish a connection with the target, status code 403",0.831,tcpconn<*> error : A connection request was canceled before the completion.,0.5801,33.86,8
425,<*> error : Could not connect to proxy <*> - connection attempt failed with error 10061,partial,tcpconn<*> error : Could not connect through proxy proxy.cse.cuhk.edu.hk<*> - Proxy closed the connection unexpectedly.,0.9726,"formi.baidu.com<*> error : Could not connect through proxy proxy.cse.cuhk.edu.hk<*> - Proxy server cannot establish a connection with the target, status code 403",0.831,tcpconn<*> error : A connection request was canceled before the completion.,0.5801,11.31,8
426,<*> open through proxy <*> HTTPS,exact,proxy.cse.cuhk.edu.hk<*> open through proxy proxy.cse.cuhk.edu.hk<*> HTTPS,1.0,<*> open through proxy socks.cse.cuhk.edu.hk<*> SOCKS5,0.672,"formi.baidu.com<*> error : Could not connect through proxy proxy.cse.cuhk.edu.hk<*> - Proxy server cannot establish a connection with the target, status code 403",0.5301,8.14,8
427,<*> open through proxy <*> HTTPS,exact,proxy.cse.cuhk.edu.hk<*> open through proxy proxy.cse.cuhk.edu.hk<*> HTTPS,1.0,<*> open through proxy socks.cse.cuhk.edu.hk<*> SOCKS5,0.672,"formi.baidu.com<*> error : Could not connect through proxy proxy.cse.cuhk.edu.hk<*> - Proxy server cannot establish a connection with the target, status code 403",0.5301,7.83,8
428,"<*> close, 3215 bytes (<*> <*>) sent, 1174 bytes (<*> <*>) received, lifetime <*>",partial,"<*> close, <*> bytes sent<*> KB<*> <*> received<*> <*> received<*> <*> received<*> lifetime <*>",0.987,"<*> close, <*> bytes sent<*> KB<*> <*> received<*> <*> received<*> lifetime <*>",0.8932,"proxy.cse.cuhk.edu.hk<*> close, 301 bytes sent, 278 bytes received, lifetime <*>",0.8498,8.68,8
429,<*> open through proxy <*> HTTPS,exact,proxy.cse.cuhk.edu.hk<*> open through proxy proxy.cse.cuhk.edu.hk<*> HTTPS,1.0,<*> open through proxy socks.cse.cuhk.edu.hk<*> SOCKS5,0.672,"formi.baidu.com<*> error : Could not connect through proxy proxy.cse.cuhk.edu.hk<*> - Proxy server cannot establish a connection with the target, status code 403",0.5301,7.55,8
430,<*> open through proxy <*> HTTPS,exact,proxy.cse.cuhk.edu.hk<*> open through proxy proxy.cse.cuhk.edu.hk<*> HTTPS,1.0,<*> open through proxy socks.cse.cuhk.edu.hk<*> SOCKS5,0.672,"formi.baidu.com<*> error : Could not connect through proxy proxy.cse.cuhk.edu.hk<*> - Proxy server cannot establish a connection with the target, status code 403",0.5301,7.45,8
431,"<*> close, 15427 bytes (<*> <*>) sent, 8268 bytes (<*> <*>) received, lifetime <*>",partial,"<*> close, <*> bytes sent<*> KB<*> <*> received<*> <*> received<*> <*> received<*> lifetime <*>",0.9896,"<*> close, <*> bytes sent<*> KB<*> <*> received<*> <*> received<*> lifetime <*>",0.9015,"proxy.cse.cuhk.edu.hk<*> close, 301 bytes sent, 278 bytes received, lifetime <*>",0.8587,8.63,8
432,<*> open through proxy <*> HTTPS,exact,proxy.cse.cuhk.edu.hk<*> open through proxy proxy.cse.cuhk.edu.hk<*> HTTPS,1.0,<*> open through proxy socks.cse.cuhk.edu.hk<*> SOCKS5,0.672,"formi.baidu.com<*> error : Could not connect through proxy proxy.cse.cuhk.edu.hk<*> - Proxy server cannot establish a connection with the target, status code 403",0.5301,7.61,8
433,"<*> close, 0 bytes sent, 0 bytes received, lifetime <*>",exact,"proxy.cse.cuhk.edu.hk<*> close, 301 bytes sent, 278 bytes received, lifetime <*>",0.9958,"<*> close, <*> bytes sent<*> KB<*> <*> received<*> <*> received<*> lifetime <*>",0.8847,"<*> close, <*> bytes sent<*> KB<*> <*> received<*> <*> received<*> <*> received<*> lifetime <*>",0.8741,7.9,8
434,"<*> close, 6895 bytes (<*> <*>) sent, 3475 bytes (<*> <*>) received, lifetime <*>",partial,"<*> close, <*> bytes sent<*> KB<*> <*> received<*> <*> received<*> <*> received<*> lifetime <*>",0.9856,"<*> close, <*> bytes sent<*> KB<*> <*> received<*> <*> received<*> lifetime <*>",0.8909,"proxy.cse.cuhk.edu.hk<*> close, 301 bytes sent, 278 bytes received, lifetime <*>",0.8508,8.91,8
435,"<*> close, 2302 bytes (<*> <*>) sent, 5187 bytes (<*> <*>) received, lifetime <*>",partial,"<*> close, <*> bytes sent<*> KB<*> <*> received<*> <*> received<*> <*> received<*> lifetime <*>",0.9884,"<*> close, <*> bytes sent<*> KB<*> <*> received<*> <*> received<*> lifetime <*>",0.9089,"proxy.cse.cuhk.edu.hk<*> close, 301 bytes sent, 278 bytes received, lifetime <*>",0.8677,8.75,8
436,<*> open through proxy <*> HTTPS,exact,proxy.cse.cuhk.edu.hk<*> open through proxy proxy.cse.cuhk.edu.hk<*> HTTPS,1.0,<*> open through proxy socks.cse.cuhk.edu.hk<*> SOCKS5,0.672,"formi.baidu.com<*> error : Could not connect through proxy proxy.cse.cuhk.edu.hk<*> - Proxy server cannot establish a connection with the target, status code 403",0.5301,7.6,8
437,<*> open through proxy <*> HTTPS,exact,proxy.cse.cuhk.edu.hk<*> open through proxy proxy.cse.cuhk.edu.hk<*> HTTPS,1.0,<*> open through proxy socks.cse.cuhk.edu.hk<*> SOCKS5,0.672,"formi.baidu.com<*> error : Could not connect through proxy proxy.cse.cuhk.edu.hk<*> - Proxy server cannot establish a connection with the target, status code 403",0.5301,7.46,8
438,<*> open through proxy <*> HTTPS,exact,proxy.cse.cuhk.edu.hk<*> open through proxy proxy.cse.cuhk.edu.hk<*> HTTPS,1.0,<*> open through proxy socks.cse.cuhk.edu.hk<*> SOCKS5,0.672,"formi.baidu.com<*> error : Could not connect through proxy proxy.cse.cuhk.edu.hk<*> - Proxy server cannot establish a connection with the target, status code 403",0.5301,7.5,8
439,"<*> close, 691 bytes sent, 184 bytes received, lifetime <*>",partial,"<*> close, <*> bytes sent<*> KB<*> <*> received<*> <*> received<*> <*> received<*> lifetime <*>",0.9728,"proxy.cse.cuhk.edu.hk<*> close, 301 bytes sent, 278 bytes received, lifetime <*>",0.9471,"<*> close, <*> bytes sent<*> KB<*> <*> received<*> <*> received<*> lifetime <*>",0.934,8.08,8
440,"<*> close, 0 bytes sent, 0 bytes received, lifetime <*>",exact,"proxy.cse.cuhk.edu.hk<*> close, 301 bytes sent, 278 bytes received, lifetime <*>",0.9961,"<*> close, <*> bytes sent<*> KB<*> <*> received<*> <*> received<*> lifetime <*>",0.8847,"<*> close, <*> bytes sent<*> KB<*> <*> received<*> <*> received<*> <*> received<*> lifetime <*>",0.8741,7.86,8
441,"<*> close, 1035 bytes (<*> <*>) sent, 40820 bytes (<*> <*>) received, lifetime <*>",partial,"<*> close, <*> bytes sent<*> KB<*> <*> received<*> <*> received<*> <*> received<*> lifetime <*>",0.9889,"<*> close, <*> bytes sent<*> KB<*> <*> received<*> <*> received<*> lifetime <*>",0.9102,"proxy.cse.cuhk.edu.hk<*> close, 301 bytes sent, 278 bytes received, lifetime <*>",0.8807,8.76,8
442,"<*> close, 913 bytes sent, 3881 bytes (<*> <*>) received, lifetime <*>",partial,"<*> close, <*> bytes sent<*> KB<*> <*> received<*> <*> received<*> <*> received<*> lifetime <*>",0.9857,"<*> close, <*> bytes sent<*> KB<*> <*> received<*> <*> received<*> lifetime <*>",0.9028,"proxy.cse.cuhk.edu.hk<*> close, 301 bytes sent, 278 bytes received, lifetime <*>",0.8856,8.49,8
443,"<*> close, 0 bytes sent, 0 bytes received, lifetime <*>",exact,"proxy.cse.cuhk.edu.hk<*> close, 301 bytes sent, 278 bytes received, lifetime <*>",0.9963,"<*> close, <*> bytes sent<*> KB<*> <*> received<*> <*> received<*> lifetime <*>",0.8847,"<*> close, <*> bytes sent<*> KB<*> <*> received<*> <*> received<*> <*> received<*> lifetime <*>",0.8741,8.25,8
444,"<*> error : Could not connect through proxy <*> - Proxy server cannot establish a connection with the target, status code 403",exact,"formi.baidu.com<*> error : Could not connect through proxy proxy.cse.cuhk.edu.hk<*> - Proxy server cannot establish a connection with the target, status code 403",0.9932,tcpconn<*> error : Could not connect through proxy proxy.cse.cuhk.edu.hk<*> - Proxy closed the connection unexpectedly.,0.8291,tcpconn<*> error : A connection request was canceled before the completion.,0.5333,8.24,8
445,"<*> error : Could not connect through proxy <*> - Proxy server cannot establish a connection with the target, status code 403",exact,"formi.baidu.com<*> error : Could not connect through proxy proxy.cse.cuhk.edu.hk<*> - Proxy server cannot establish a connection with the target, status code 403",0.9945,tcpconn<*> error : Could not connect through proxy proxy.cse.cuhk.edu.hk<*> - Proxy closed the connection unexpectedly.,0.8291,tcpconn<*> error : A connection request was canceled before the completion.,0.5333,8.41,8
446,<*> open through proxy <*> HTTPS,exact,proxy.cse.cuhk.edu.hk<*> open through proxy proxy.cse.cuhk.edu.hk<*> HTTPS,1.0,<*> open through proxy socks.cse.cuhk.edu.hk<*> SOCKS5,0.672,"formi.baidu.com<*> error : Could not connect through proxy proxy.cse.cuhk.edu.hk<*> - Proxy server cannot establish a connection with the target, status code 403",0.5302,7.59,8
447,"<*> close, 5304 bytes (<*> <*>) sent, 4396 bytes (<*> <*>) received, lifetime <*>",exact,"<*> close, <*> bytes sent<*> KB<*> <*> received<*> <*> received<*> <*> received<*> lifetime <*>",0.9914,"<*> close, <*> bytes sent<*> KB<*> <*> received<*> <*> received<*> lifetime <*>",0.918,"proxy.cse.cuhk.edu.hk<*> close, 301 bytes sent, 278 bytes received, lifetime <*>",0.8932,8.72,8
448,<*> open through proxy <*> HTTPS,exact,proxy.cse.cuhk.edu.hk<*> open through proxy proxy.cse.cuhk.edu.hk<*> HTTPS,1.0,<*> open through proxy socks.cse.cuhk.edu.hk<*> SOCKS5,0.672,"formi.baidu.com<*> error : Could not connect through proxy proxy.cse.cuhk.edu.hk<*> - Proxy server cannot establish a connection with the target, status code 403",0.5302,7.51,8
449,"<*> close, 651 bytes sent, 328 bytes received, lifetime <*>",partial,"proxy.cse.cuhk.edu.hk<*> close, 301 bytes sent, 278 bytes received, lifetime <*>",0.9603,"<*> close, <*> bytes sent<*> KB<*> <*> received<*> <*> received<*> <*> received<*> lifetime <*>",0.9569,"<*> close, <*> bytes sent<*> KB<*> <*> received<*> <*> received<*> lifetime <*>",0.9368,7.96,8
450,"<*> close, 651 bytes sent, 328 bytes received, lifetime <*>",partial,"proxy.cse.cuhk.edu.hk<*> close, 301 bytes sent, 278 bytes received, lifetime <*>",0.9626,"<*> close, <*> bytes sent<*> KB<*> <*> received<*> <*> received<*> <*> received<*> lifetime <*>",0.9569,"<*> close, <*> bytes sent<*> KB<*> <*> received<*> <*> received<*> lifetime <*>",0.9368,7.89,8
451,<*> open through proxy <*> HTTPS,exact,proxy.cse.cuhk.edu.hk<*> open through proxy proxy.cse.cuhk.edu.hk<*> HTTPS,1.0,<*> open through proxy socks.cse.cuhk.edu.hk<*> SOCKS5,0.672,"formi.baidu.com<*> error : Could not connect through proxy proxy.cse.cuhk.edu.hk<*> - Proxy server cannot establish a connection with the target, status code 403",0.5302,7.69,8
452,<*> open through proxy <*> HTTPS,exact,proxy.cse.cuhk.edu.hk<*> open through proxy proxy.cse.cuhk.edu.hk<*> HTTPS,1.0,<*> open through proxy socks.cse.cuhk.edu.hk<*> SOCKS5,0.672,"formi.baidu.com<*> error : Could not connect through proxy proxy.cse.cuhk.edu.hk<*> - Proxy server cannot establish a connection with the target, status code 403",0.5302,7.58,8
453,"<*> close, 651 bytes sent, 328 bytes received, lifetime <*>",partial,"proxy.cse.cuhk.edu.hk<*> close, 301 bytes sent, 278 bytes received, lifetime <*>",0.9647,"<*> close, <*> bytes sent<*> KB<*> <*> received<*> <*> received<*> <*> received<*> lifetime <*>",0.9569,"<*> close, <*> bytes sent<*> KB<*> <*> received<*> <*> received<*> lifetime <*>",0.9368,7.92,8
454,<*> open through proxy <*> HTTPS,exact,proxy.cse.cuhk.edu.hk<*> open through proxy proxy.cse.cuhk.edu.hk<*> HTTPS,1.0,<*> open through proxy socks.cse.cuhk.edu.hk<*> SOCKS5,0.672,"formi.baidu.com<*> error : Could not connect through proxy proxy.cse.cuhk.edu.hk<*> - Proxy server cannot establish a connection with the target, status code 403",0.5302,7.69,8
455,"<*> close, 230 bytes sent, 1125 bytes (<*> <*>) received, lifetime <*>",partial,"<*> close, <*> bytes sent<*> KB<*> <*> received<*> <*> received<*> <*> received<*> lifetime <*>",0.9656,"<*> close, <*> bytes sent<*> KB<*> <*> received<*> <*> received<*> lifetime <*>",0.8619,"proxy.cse.cuhk.edu.hk<*> close, 301 bytes sent, 278 bytes received, lifetime <*>",0.8256,8.27,8
456,<*> open through proxy <*> HTTPS,exact,proxy.cse.cuhk.edu.hk<*> open through proxy proxy.cse.cuhk.edu.hk<*> HTTPS,1.0,<*> open through proxy socks.cse.cuhk.edu.hk<*> SOCKS5,0.672,"formi.baidu.com<*> error : Could not connect through proxy proxy.cse.cuhk.edu.hk<*> - Proxy server cannot establish a connection with the target, status code 403",0.5302,7.51,8
457,"<*> close, 651 bytes sent, 328 bytes received, lifetime <*>",partial,"proxy.cse.cuhk.edu.hk<*> close, 301 bytes sent, 278 bytes received, lifetime <*>",0.9666,"<*> close, <*> bytes sent<*> KB<*> <*> received<*> <*> received<*> <*> received<*> lifetime <*>",0.9568,"<*> close, <*> bytes sent<*> KB<*> <*> received<*> <*> received<*> lifetime <*>",0.9368,7.89,8
458,"<*> close, 1848 bytes (<*> <*>) sent, 2305 bytes (<*> <*>) received, lifetime <*>",partial,"<*> close, <*> bytes sent<*> KB<*> <*> received<*> <*> received<*> <*> received<*> lifetime <*>",0.9719,"<*> close, <*> bytes sent<*> KB<*> <*> received<*> <*> received<*> lifetime <*>",0.894,"proxy.cse.cuhk.edu.hk<*> close, 301 bytes sent, 278 bytes received, lifetime <*>",0.8448,8.58,8
459,"<*> close, 2486 bytes (<*> <*>) sent, 2337 bytes (<*> <*>) received, lifetime <*>",exact,"<*> close, <*> bytes sent<*> KB<*> <*> received<*> <*> received<*> <*> received<*> lifetime <*>",0.9911,"<*> close, <*> bytes sent<*> KB<*> <*> received<*> <*> received<*> lifetime <*>",0.904,"proxy.cse.cuhk.edu.hk<*> close, 301 bytes sent, 278 bytes received, lifetime <*>",0.8793,8.81,8
460,<*> open through proxy <*> HTTPS,exact,proxy.cse.cuhk.edu.hk<*> open through proxy proxy.cse.cuhk.edu.hk<*> HTTPS,1.0,<*> open through proxy socks.cse.cuhk.edu.hk<*> SOCKS5,0.672,"formi.baidu.com<*> error : Could not connect through proxy proxy.cse.cuhk.edu.hk<*> - Proxy server cannot establish a connection with the target, status code 403",0.5302,7.63,8
461,<*> open through proxy <*> HTTPS,exact,proxy.cse.cuhk.edu.hk<*> open through proxy proxy.cse.cuhk.edu.hk<*> HTTPS,1.0,<*> open through proxy socks.cse.cuhk.edu.hk<*> SOCKS5,0.672,"formi.baidu.com<*> error : Could not connect through proxy proxy.cse.cuhk.edu.hk<*> - Proxy server cannot establish a connection with the target, status code 403",0.5302,7.62,8
462,<*> open through proxy <*> HTTPS,exact,proxy.cse.cuhk.edu.hk<*> open through proxy proxy.cse.cuhk.edu.hk<*> HTTPS,1.0,<*> open through proxy socks.cse.cuhk.edu.hk<*> SOCKS5,0.672,"formi.baidu.com<*> error : Could not connect through proxy proxy.cse.cuhk.edu.hk<*> - Proxy server cannot establish a connection with the target, status code 403",0.5302,7.75,8
463,"<*> close, 561 bytes sent, 166 bytes received, lifetime <*>",partial,"<*> close, <*> bytes sent<*> KB<*> <*> received<*> <*> received<*> <*> received<*> lifetime <*>",0.9788,"proxy.cse.cuhk.edu.hk<*> close, 301 bytes sent, 278 bytes received, lifetime <*>",0.9389,"<*> close, <*> bytes sent<*> KB<*> <*> received<*> <*> received<*> lifetime <*>",0.9274,8.1,8
464,"<*> close, 2560 bytes (<*> <*>) sent, 4976 bytes (<*> <*>) received, lifetime <*>",partial,"<*> close, <*> bytes sent<*> KB<*> <*> received<*> <*> received<*> <*> received<*> lifetime <*>",0.9778,"proxy.cse.cuhk.edu.hk<*> close, 301 bytes sent, 278 bytes received, lifetime <*>",0.9274,"<*> close, <*> bytes sent<*> KB<*> <*> received<*> <*> received<*> lifetime <*>",0.9208,8.79,8
465,<*> open through proxy <*> HTTPS,exact,proxy.cse.cuhk.edu.hk<*> open through proxy proxy.cse.cuhk.edu.hk<*> HTTPS,1.0,<*> open through proxy socks.cse.cuhk.edu.hk<*> SOCKS5,0.672,"formi.baidu.com<*> error : Could not connect through proxy proxy.cse.cuhk.edu.hk<*> - Proxy server cannot establish a connection with the target, status code 403",0.5302,7.58,8
466,"<*> close, 16473 bytes (<*> <*>) sent, 42641 bytes (<*> <*>) received, lifetime <*>",exact,"<*> close, <*> bytes sent<*> KB<*> <*> received<*> <*> received<*> <*> received<*> lifetime <*>",0.9916,"<*> close, <*> bytes sent<*> KB<*> <*> received<*> <*> received<*> lifetime <*>",0.9075,"proxy.cse.cuhk.edu.hk<*> close, 301 bytes sent, 278 bytes received, lifetime <*>",0.8876,8.73,8
467,<*> open through proxy <*> HTTPS,exact,proxy.cse.cuhk.edu.hk<*> open through proxy proxy.cse.cuhk.edu.hk<*> HTTPS,1.0,<*> open through proxy socks.cse.cuhk.edu.hk<*> SOCKS5,0.672,"formi.baidu.com<*> error : Could not connect through proxy proxy.cse.cuhk.edu.hk<*> - Proxy server cannot establish a connection with the target, status code 403",0.5302,8.14,8
468,<*> open through proxy <*> HTTPS,exact,proxy.cse.cuhk.edu.hk<*> open through proxy proxy.cse.cuhk.edu.hk<*> HTTPS,1.0,<*> open through proxy socks.cse.cuhk.edu.hk<*> SOCKS5,0.672,"formi.baidu.com<*> error : Could not connect through proxy proxy.cse.cuhk.edu.hk<*> - Proxy server cannot establish a connection with the target, status code 403",0.5302,7.56,8
469,<*> open through proxy <*> HTTPS,exact,proxy.cse.cuhk.edu.hk<*> open through proxy proxy.cse.cuhk.edu.hk<*> HTTPS,1.0,<*> open through proxy socks.cse.cuhk.edu.hk<*> SOCKS5,0.672,"formi.baidu.com<*> error : Could not connect through proxy proxy.cse.cuhk.edu.hk<*> - Proxy server cannot establish a connection with the target, status code 403",0.5302,7.42,8
470,"<*> close, 5015 bytes (<*> <*>) sent, 2599 bytes (<*> <*>) received, lifetime <*>",partial,"<*> close, <*> bytes sent<*> KB<*> <*> received<*> <*> received<*> <*> received<*> lifetime <*>",0.9821,"<*> close, <*> bytes sent<*> KB<*> <*> received<*> <*> received<*> lifetime <*>",0.882,"proxy.cse.cuhk.edu.hk<*> close, 301 bytes sent, 278 bytes received, lifetime <*>",0.8446,8.58,8
471,<*> open through proxy <*> HTTPS,exact,proxy.cse.cuhk.edu.hk<*> open through proxy proxy.cse.cuhk.edu.hk<*> HTTPS,1.0,<*> open through proxy socks.cse.cuhk.edu.hk<*> SOCKS5,0.672,"formi.baidu.com<*> error : Could not connect through proxy proxy.cse.cuhk.edu.hk<*> - Proxy server cannot establish a connection with the target, status code 403",0.5302,8.15,8
472,"<*> close, 1573 bytes (<*> <*>) sent, 16750 bytes (<*> <*>) received, lifetime <*>",partial,"<*> close, <*> bytes sent<*> KB<*> <*> received<*> <*> received<*> <*> received<*> lifetime <*>",0.9875,"<*> close, <*> bytes sent<*> KB<*> <*> received<*> <*> received<*> lifetime <*>",0.8991,"proxy.cse.cuhk.edu.hk<*> close, 301 bytes sent, 278 bytes received, lifetime <*>",0.8707,8.87,8
473,"<*> close, 0 bytes sent, 0 bytes received, lifetime <*>",exact,"proxy.cse.cuhk.edu.hk<*> close, 301 bytes sent, 278 bytes received, lifetime <*>",0.9939,"<*> close, <*> bytes sent<*> KB<*> <*> received<*> <*> received<*> lifetime <*>",0.8847,"<*> close, <*> bytes sent<*> KB<*> <*> received<*> <*> received<*> <*> received<*> lifetime <*>",0.8738,7.86,8
474,"<*> close, 2486 bytes (<*> <*>) sent, 2337 bytes (<*> <*>) received, lifetime <*>",exact,"<*> close, <*> bytes sent<*> KB<*> <*> received<*> <*> received<*> <*> received<*> lifetime <*>",0.9912,"<*> close, <*> bytes sent<*> KB<*> <*> received<*> <*> received<*> lifetime <*>",0.904,"proxy.cse.cuhk.edu.hk<*> close, 301 bytes sent, 278 bytes received, lifetime <*>",0.8784,8.49,8
475,"<*> close, 2570 bytes (<*> <*>) sent, 626 bytes received, lifetime <*>",partial,"<*> close, <*> bytes sent<*> KB<*> <*> received<*> <*> received<*> <*> received<*> lifetime <*>",0.9877,"<*> close, <*> bytes sent<*> KB<*> <*> received<*> <*> received<*> lifetime <*>",0.9219,"proxy.cse.cuhk.edu.hk<*> close, 301 bytes sent, 278 bytes received, lifetime <*>",0.9024,8.24,8
476,<*> open through proxy <*> HTTPS,exact,proxy.cse.cuhk.edu.hk<*> open through proxy proxy.cse.cuhk.edu.hk<*> HTTPS,1.0,<*> open through proxy socks.cse.cuhk.edu.hk<*> SOCKS5,0.672,"formi.baidu.com<*> error : Could not connect through proxy proxy.cse.cuhk.edu.hk<*> - Proxy server cannot establish a connection with the target, status code 403",0.5302,7.66,8
477,<*> open through proxy <*> HTTPS,exact,proxy.cse.cuhk.edu.hk<*> open through proxy proxy.cse.cuhk.edu.hk<*> HTTPS,1.0,<*> open through proxy socks.cse.cuhk.edu.hk<*> SOCKS5,0.672,"formi.baidu.com<*> error : Could not connect through proxy proxy.cse.cuhk.edu.hk<*> - Proxy server cannot establish a connection with the target, status code 403",0.5302,7.58,8
478,<*> open through proxy <*> HTTPS,exact,proxy.cse.cuhk.edu.hk<*> open through proxy proxy.cse.cuhk.edu.hk<*> HTTPS,1.0,<*> open through proxy socks.cse.cuhk.edu.hk<*> SOCKS5,0.672,"formi.baidu.com<*> error : Could not connect through proxy proxy.cse.cuhk.edu.hk<*> - Proxy server cannot establish a connection with the target, status code 403",0.5302,7.42,8
479,<*> open through proxy <*> HTTPS,exact,proxy.cse.cuhk.edu.hk<*> open through proxy proxy.cse.cuhk.edu.hk<*> HTTPS,1.0,<*> open through proxy socks.cse.cuhk.edu.hk<*> SOCKS5,0.672,"formi.baidu.com<*> error : Could not connect through proxy proxy.cse.cuhk.edu.hk<*> - Proxy server cannot establish a connection with the target, status code 403",0.5302,7.43,8
480,<*> open through proxy <*> HTTPS,exact,proxy.cse.cuhk.edu.hk<*> open through proxy proxy.cse.cuhk.edu.hk<*> HTTPS,1.0,<*> open through proxy socks.cse.cuhk.edu.hk<*> SOCKS5,0.672,"formi.baidu.com<*> error : Could not connect through proxy proxy.cse.cuhk.edu.hk<*> - Proxy server cannot establish a connection with the target, status code 403",0.5302,7.61,8
481,"<*> close, 0 bytes sent, 0 bytes received, lifetime <*>",exact,"proxy.cse.cuhk.edu.hk<*> close, 301 bytes sent, 278 bytes received, lifetime <*>",0.9942,"<*> close, <*> bytes sent<*> KB<*> <*> received<*> <*> received<*> lifetime <*>",0.8847,"<*> close, <*> bytes sent<*> KB<*> <*> received<*> <*> received<*> <*> received<*> lifetime <*>",0.8738,7.71,8
482,"<*> close, 3874 bytes (<*> <*>) sent, 2186 bytes (<*> <*>) received, lifetime <*>",exact,"<*> close, <*> bytes sent<*> KB<*> <*> received<*> <*> received<*> <*> received<*> lifetime <*>",0.992,"<*> close, <*> bytes sent<*> KB<*> <*> received<*> <*> received<*> lifetime <*>",0.9089,"proxy.cse.cuhk.edu.hk<*> close, 301 bytes sent, 278 bytes received, lifetime <*>",0.8814,8.81,8
483,"<*> close, 7738 bytes (<*> <*>) sent, 8620 bytes (<*> <*>) received, lifetime <*>",partial,"<*> close, <*> bytes sent<*> KB<*> <*> received<*> <*> received<*> <*> received<*> lifetime <*>",0.9894,"<*> close, <*> bytes sent<*> KB<*> <*> received<*> <*> received<*> lifetime <*>",0.9118,"proxy.cse.cuhk.edu.hk<*> close, 301 bytes sent, 278 bytes received, lifetime <*>",0.8912,8.72,8
484,<*> open through proxy <*> HTTPS,exact,proxy.cse.cuhk.edu.hk<*> open through proxy proxy.cse.cuhk.edu.hk<*> HTTPS,1.0,<*> open through proxy socks.cse.cuhk.edu.hk<*> SOCKS5,0.672,"formi.baidu.com<*> error : Could not connect through proxy proxy.cse.cuhk.edu.hk<*> - Proxy server cannot establish a connection with the target, status code 403",0.5302,7.54,8
485,<*> open through proxy <*> HTTPS,exact,proxy.cse.cuhk.edu.hk<*> open through proxy proxy.cse.cuhk.edu.hk<*> HTTPS,1.0,<*> open through proxy socks.cse.cuhk.edu.hk<*> SOCKS5,0.672,"formi.baidu.com<*> error : Could not connect through proxy proxy.cse.cuhk.edu.hk<*> - Proxy server cannot establish a connection with the target, status code 403",0.5302,7.38,8
486,"<*> close, 5129 bytes (<*> <*>) sent, 17049 bytes (<*> <*>) received, lifetime <*>",partial,"<*> close, <*> bytes sent<*> KB<*> <*> received<*> <*> received<*> <*> received<*> lifetime <*>",0.9792,"<*> close, <*> bytes sent<*> KB<*> <*> received<*> <*> received<*> lifetime <*>",0.8838,"proxy.cse.cuhk.edu.hk<*> close, 301 bytes sent, 278 bytes received, lifetime <*>",0.8481,8.52,8
487,"<*> close, 1573 bytes (<*> <*>) sent, 16743 bytes (<*> <*>) received, lifetime <*>",partial,"<*> close, <*> bytes sent<*> KB<*> <*> received<*> <*> received<*> <*> received<*> lifetime <*>",0.9851,"<*> close, <*> bytes sent<*> KB<*> <*> received<*> <*> received<*> lifetime <*>",0.8886,"proxy.cse.cuhk.edu.hk<*> close, 301 bytes sent, 278 bytes received, lifetime <*>",0.8518,8.45,8
488,"<*> close, 985 bytes sent, 463 bytes received, lifetime <*>",partial,"<*> close, <*> bytes sent<*> KB<*> <*> received<*> <*> received<*> <*> received<*> lifetime <*>",0.9727,"proxy.cse.cuhk.edu.hk<*> close, 301 bytes sent, 278 bytes received, lifetime <*>",0.9546,"<*> close, <*> bytes sent<*> KB<*> <*> received<*> <*> received<*> lifetime <*>",0.9259,8.02,8
489,<*> open through proxy <*> HTTPS,exact,proxy.cse.cuhk.edu.hk<*> open through proxy proxy.cse.cuhk.edu.hk<*> HTTPS,1.0,<*> open through proxy socks.cse.cuhk.edu.hk<*> SOCKS5,0.672,"formi.baidu.com<*> error : Could not connect through proxy proxy.cse.cuhk.edu.hk<*> - Proxy server cannot establish a connection with the target, status code 403",0.5302,7.57,8
490,<*> open through proxy <*> HTTPS,exact,proxy.cse.cuhk.edu.hk<*> open through proxy proxy.cse.cuhk.edu.hk<*> HTTPS,1.0,<*> open through proxy socks.cse.cuhk.edu.hk<*> SOCKS5,0.672,"formi.baidu.com<*> error : Could not connect through proxy proxy.cse.cuhk.edu.hk<*> - Proxy server cannot establish a connection with the target, status code 403",0.5302,7.59,8
491,<*> open through proxy <*> HTTPS,exact,proxy.cse.cuhk.edu.hk<*> open through proxy proxy.cse.cuhk.edu.hk<*> HTTPS,1.0,<*> open through proxy socks.cse.cuhk.edu.hk<*> SOCKS5,0.672,"formi.baidu.com<*> error : Could not connect through proxy proxy.cse.cuhk.edu.hk<*> - Proxy server cannot establish a connection with the target, status code 403",0.5302,7.5,8
492,"<*> close, 0 bytes sent, 0 bytes received, lifetime <*>",exact,"proxy.cse.cuhk.edu.hk<*> close, 301 bytes sent, 278 bytes received, lifetime <*>",0.9945,"<*> close, <*> bytes sent<*> KB<*> <*> received<*> <*> received<*> lifetime <*>",0.8847,"<*> close, <*> bytes sent<*> KB<*> <*> received<*> <*> received<*> <*> received<*> lifetime <*>",0.8737,7.81,8
493,<*> open through proxy <*> HTTPS,exact,proxy.cse.cuhk.edu.hk<*> open through proxy proxy.cse.cuhk.edu.hk<*> HTTPS,1.0,<*> open through proxy socks.cse.cuhk.edu.hk<*> SOCKS5,0.672,"formi.baidu.com<*> error : Could not connect through proxy proxy.cse.cuhk.edu.hk<*> - Proxy server cannot establish a connection with the target, status code 403",0.5302,7.53,8
494,"<*> close, 548 bytes sent, 166 bytes received, lifetime <*>",partial,"<*> close, <*> bytes sent<*> KB<*> <*> received<*> <*> received<*> <*> received<*> lifetime <*>",0.9803,"<*> close, <*> bytes sent<*> KB<*> <*> received<*> <*> received<*> lifetime <*>",0.9144,"proxy.cse.cuhk.edu.hk<*> close, 301 bytes sent, 278 bytes received, lifetime <*>",0.9077,7.9,8
495,<*> open through proxy <*> HTTPS,exact,proxy.cse.cuhk.edu.hk<*> open through proxy proxy.cse.cuhk.edu.hk<*> HTTPS,1.0,<*> open through proxy socks.cse.cuhk.edu.hk<*> SOCKS5,0.672,"formi.baidu.com<*> error : Could not connect through proxy proxy.cse.cuhk.edu.hk<*> - Proxy server cannot establish a connection with the target, status code 403",0.5302,7.51,8
496,<*> open through proxy <*> HTTPS,exact,proxy.cse.cuhk.edu.hk<*> open through proxy proxy.cse.cuhk.edu.hk<*> HTTPS,1.0,<*> open through proxy socks.cse.cuhk.edu.hk<*> SOCKS5,0.672,"formi.baidu.com<*> error : Could not connect through proxy proxy.cse.cuhk.edu.hk<*> - Proxy server cannot establish a connection with the target, status code 403",0.5302,7.44,8
497,"<*> close, 0 bytes sent, 0 bytes received, lifetime <*>",exact,"proxy.cse.cuhk.edu.hk<*> close, 301 bytes sent, 278 bytes received, lifetime <*>",0.9948,"<*> close, <*> bytes sent<*> KB<*> <*> received<*> <*> received<*> lifetime <*>",0.8847,"<*> close, <*> bytes sent<*> KB<*> <*> received<*> <*> received<*> <*> received<*> lifetime <*>",0.8737,7.69,8
498,"<*> close, 2867 bytes (<*> <*>) sent, 1014 bytes received, lifetime <*>",partial,"<*> close, <*> bytes sent<*> KB<*> <*> received<*> <*> received<*> <*> received<*> lifetime <*>",0.9885,"<*> close, <*> bytes sent<*> KB<*> <*> received<*> <*> received<*> lifetime <*>",0.9351,"proxy.cse.cuhk.edu.hk<*> close, 301 bytes sent, 278 bytes received, lifetime <*>",0.9155,8.37,8
499,<*> open through proxy <*> HTTPS,exact,proxy.cse.cuhk.edu.hk<*> open through proxy proxy.cse.cuhk.edu.hk<*> HTTPS,1.0,<*> open through proxy socks.cse.cuhk.edu.hk<*> SOCKS5,0.672,"formi.baidu.com<*> error : Could not connect through proxy proxy.cse.cuhk.edu.hk<*> - Proxy server cannot establish a connection with the target, status code 403",0.5302,7.52,8
500,<*> open through proxy <*> HTTPS,exact,proxy.cse.cuhk.edu.hk<*> open through proxy proxy.cse.cuhk.edu.hk<*> HTTPS,1.0,<*> open through proxy socks.cse.cuhk.edu.hk<*> SOCKS5,0.672,"formi.baidu.com<*> error : Could not connect through proxy proxy.cse.cuhk.edu.hk<*> - Proxy server cannot establish a connection with the target, status code 403",0.5302,7.42,8
501,"<*> close, 0 bytes sent, 0 bytes received, lifetime <*>",exact,"proxy.cse.cuhk.edu.hk<*> close, 301 bytes sent, 278 bytes received, lifetime <*>",0.995,"<*> close, <*> bytes sent<*> KB<*> <*> received<*> <*> received<*> lifetime <*>",0.8847,"<*> close, <*> bytes sent<*> KB<*> <*> received<*> <*> received<*> <*> received<*> lifetime <*>",0.8738,7.83,8
502,<*> open through proxy <*> HTTPS,exact,proxy.cse.cuhk.edu.hk<*> open through proxy proxy.cse.cuhk.edu.hk<*> HTTPS,1.0,<*> open through proxy socks.cse.cuhk.edu.hk<*> SOCKS5,0.672,"formi.baidu.com<*> error : Could not connect through proxy proxy.cse.cuhk.edu.hk<*> - Proxy server cannot establish a connection with the target, status code 403",0.5302,8.69,8
503,"<*> close, 2987 bytes (<*> <*>) sent, 5913 bytes (<*> <*>) received, lifetime <*>",partial,"<*> close, <*> bytes sent<*> KB<*> <*> received<*> <*> received<*> <*> received<*> lifetime <*>",0.9752,"<*> close, <*> bytes sent<*> KB<*> <*> received<*> <*> received<*> lifetime <*>",0.8684,"proxy.cse.cuhk.edu.hk<*> close, 301 bytes sent, 278 bytes received, lifetime <*>",0.8252,9.46,8
504,"<*> close, 0 bytes sent, 0 bytes received, lifetime <*>",exact,"proxy.cse.cuhk.edu.hk<*> close, 301 bytes sent, 278 bytes received, lifetime <*>",0.9953,"<*> close, <*> bytes sent<*> KB<*> <*> received<*> <*> received<*> lifetime <*>",0.8847,"<*> close, <*> bytes sent<*> KB<*> <*> received<*> <*> received<*> <*> received<*> lifetime <*>",0.8737,9.86,8
505,<*> open through proxy <*> HTTPS,exact,proxy.cse.cuhk.edu.hk<*> open through proxy proxy.cse.cuhk.edu.hk<*> HTTPS,1.0,<*> open through proxy socks.cse.cuhk.edu.hk<*> SOCKS5,0.672,"formi.baidu.com<*> error : Could not connect through proxy proxy.cse.cuhk.edu.hk<*> - Proxy server cannot establish a connection with the target, status code 403",0.5302,8.61,8
506,<*> open through proxy <*> HTTPS,exact,proxy.cse.cuhk.edu.hk<*> open through proxy proxy.cse.cuhk.edu.hk<*> HTTPS,1.0,<*> open through proxy socks.cse.cuhk.edu.hk<*> SOCKS5,0.672,"formi.baidu.com<*> error : Could not connect through proxy proxy.cse.cuhk.edu.hk<*> - Proxy server cannot establish a connection with the target, status code 403",0.5302,8.55,8
507,<*> open through proxy <*> HTTPS,exact,proxy.cse.cuhk.edu.hk<*> open through proxy proxy.cse.cuhk.edu.hk<*> HTTPS,1.0,<*> open through proxy socks.cse.cuhk.edu.hk<*> SOCKS5,0.672,"formi.baidu.com<*> error : Could not connect through proxy proxy.cse.cuhk.edu.hk<*> - Proxy server cannot establish a connection with the target, status code 403",0.5302,7.6,8
508,<*> open through proxy <*> HTTPS,exact,proxy.cse.cuhk.edu.hk<*> open through proxy proxy.cse.cuhk.edu.hk<*> HTTPS,1.0,<*> open through proxy socks.cse.cuhk.edu.hk<*> SOCKS5,0.672,"formi.baidu.com<*> error : Could not connect through proxy proxy.cse.cuhk.edu.hk<*> - Proxy server cannot establish a connection with the target, status code 403",0.5302,7.53,8
509,<*> open through proxy <*> HTTPS,exact,proxy.cse.cuhk.edu.hk<*> open through proxy proxy.cse.cuhk.edu.hk<*> HTTPS,1.0,<*> open through proxy socks.cse.cuhk.edu.hk<*> SOCKS5,0.672,"formi.baidu.com<*> error : Could not connect through proxy proxy.cse.cuhk.edu.hk<*> - Proxy server cannot establish a connection with the target, status code 403",0.5302,7.56,8
510,<*> open through proxy <*> HTTPS,exact,proxy.cse.cuhk.edu.hk<*> open through proxy proxy.cse.cuhk.edu.hk<*> HTTPS,1.0,<*> open through proxy socks.cse.cuhk.edu.hk<*> SOCKS5,0.672,"formi.baidu.com<*> error : Could not connect through proxy proxy.cse.cuhk.edu.hk<*> - Proxy server cannot establish a connection with the target, status code 403",0.5302,7.43,8
511,<*> open through proxy <*> HTTPS,exact,proxy.cse.cuhk.edu.hk<*> open through proxy proxy.cse.cuhk.edu.hk<*> HTTPS,1.0,<*> open through proxy socks.cse.cuhk.edu.hk<*> SOCKS5,0.672,"formi.baidu.com<*> error : Could not connect through proxy proxy.cse.cuhk.edu.hk<*> - Proxy server cannot establish a connection with the target, status code 403",0.5302,7.41,8
512,"<*> close, 606 bytes sent, 857 bytes received, lifetime <*>",partial,"<*> close, <*> bytes sent<*> KB<*> <*> received<*> <*> received<*> <*> received<*> lifetime <*>",0.971,"proxy.cse.cuhk.edu.hk<*> close, 301 bytes sent, 278 bytes received, lifetime <*>",0.9484,"<*> close, <*> bytes sent<*> KB<*> <*> received<*> <*> received<*> lifetime <*>",0.9266,7.86,8
513,"<*> close, 1941 bytes (<*> <*>) sent, 1363 bytes (<*> <*>) received, lifetime <*>",partial,"<*> close, <*> bytes sent<*> KB<*> <*> received<*> <*> received<*> <*> received<*> lifetime <*>",0.9285,"<*> close, <*> bytes sent<*> KB<*> <*> received<*> <*> received<*> lifetime <*>",0.8558,"proxy.cse.cuhk.edu.hk<*> close, 301 bytes sent, 278 bytes received, lifetime <*>",0.8328,8.64,8
514,"<*> close, 512 bytes sent, 15495 bytes (<*> <*>) received, lifetime <*>",partial,"<*> close, <*> bytes sent<*> KB<*> <*> received<*> <*> received<*> <*> received<*> lifetime <*>",0.9862,"<*> close, <*> bytes sent<*> KB<*> <*> received<*> <*> received<*> lifetime <*>",0.9173,"proxy.cse.cuhk.edu.hk<*> close, 301 bytes sent, 278 bytes received, lifetime <*>",0.9031,8.06,8
515,"<*> close, 816 bytes sent, 264 bytes received, lifetime <*>",partial,"proxy.cse.cuhk.edu.hk<*> close, 301 bytes sent, 278 bytes received, lifetime <*>",0.96,"<*> close, <*> bytes sent<*> KB<*> <*> received<*> <*> received<*> <*> received<*> lifetime <*>",0.9403,"<*> close, <*> bytes sent<*> KB<*> <*> received<*> <*> received<*> lifetime <*>",0.9173,7.79,8
516,"<*> close, 1510 bytes (<*> <*>) sent, 1293 bytes (<*> <*>) received, lifetime <*>",partial,"<*> close, <*> bytes sent<*> KB<*> <*> received<*> <*> received<*> <*> received<*> lifetime <*>",0.9866,"<*> close, <*> bytes sent<*> KB<*> <*> received<*> <*> received<*> lifetime <*>",0.9019,"proxy.cse.cuhk.edu.hk<*> close, 301 bytes sent, 278 bytes received, lifetime <*>",0.8604,8.54,8
517,"<*> close, 3549 bytes (<*> <*>) sent, 108371 bytes (105 <*>) received, lifetime <*>",partial,"<*> close, <*> bytes sent<*> KB<*> <*> received<*> <*> received<*> <*> received<*> lifetime <*>",0.984,"<*> close, <*> bytes sent<*> KB<*> <*> received<*> <*> received<*> lifetime <*>",0.9049,"proxy.cse.cuhk.edu.hk<*> close, 301 bytes sent, 278 bytes received, lifetime <*>",0.8634,8.56,8
518,"<*> close, 5061 bytes (<*> <*>) sent, 1248 bytes (<*> <*>) received, lifetime <*>",exact,"<*> close, <*> bytes sent<*> KB<*> <*> received<*> <*> received<*> <*> received<*> lifetime <*>",0.9919,"<*> close, <*> bytes sent<*> KB<*> <*> received<*> <*> received<*> lifetime <*>",0.9076,"proxy.cse.cuhk.edu.hk<*> close, 301 bytes sent, 278 bytes received, lifetime <*>",0.8777,8.69,8
519,"<*> close, 1330 bytes (<*> <*>) sent, 62141 bytes (<*> <*>) received, lifetime <*>",exact,"<*> close, <*> bytes sent<*> KB<*> <*> received<*> <*> received<*> <*> received<*> lifetime <*>",0.9907,"<*> close, <*> bytes sent<*> KB<*> <*> received<*> <*> received<*> lifetime <*>",0.9069,"proxy.cse.cuhk.edu.hk<*> close, 301 bytes sent, 278 bytes received, lifetime <*>",0.8762,8.47,8
520,<*> open through proxy <*> HTTPS,exact,proxy.cse.cuhk.edu.hk<*> open through proxy proxy.cse.cuhk.edu.hk<*> HTTPS,1.0,<*> open through proxy socks.cse.cuhk.edu.hk<*> SOCKS5,0.672,"formi.baidu.com<*> error : Could not connect through proxy proxy.cse.cuhk.edu.hk<*> - Proxy server cannot establish a connection with the target, status code 403",0.5302,7.41,8
521,"<*> close, 575 bytes sent, 243 bytes received, lifetime <*>",partial,"<*> close, <*> bytes sent<*> KB<*> <*> received<*> <*> received<*> <*> received<*> lifetime <*>",0.9622,"proxy.cse.cuhk.edu.hk<*> close, 301 bytes sent, 278 bytes received, lifetime <*>",0.9575,"<*> close, <*> bytes sent<*> KB<*> <*> received<*> <*> received<*> lifetime <*>",0.9299,7.86,8
522,<*> open through proxy <*> HTTPS,exact,proxy.cse.cuhk.edu.hk<*> open through proxy proxy.cse.cuhk.edu.hk<*> HTTPS,1.0,<*> open through proxy socks.cse.cuhk.edu.hk<*> SOCKS5,0.672,"formi.baidu.com<*> error : Could not connect through proxy proxy.cse.cuhk.edu.hk<*> - Proxy server cannot establish a connection with the target, status code 403",0.5302,7.69,8
523,<*> open through proxy <*> HTTPS,exact,proxy.cse.cuhk.edu.hk<*> open through proxy proxy.cse.cuhk.edu.hk<*> HTTPS,1.0,<*> open through proxy socks.cse.cuhk.edu.hk<*> SOCKS5,0.672,"formi.baidu.com<*> error : Could not connect through proxy proxy.cse.cuhk.edu.hk<*> - Proxy server cannot establish a connection with the target, status code 403",0.5302,7.62,8
524,"<*> error : Could not connect through proxy <*> - Proxy server cannot establish a connection with the target, status code 503",partial,"formi.baidu.com<*> error : Could not connect through proxy proxy.cse.cuhk.edu.hk<*> - Proxy server cannot establish a connection with the target, status code 403",0.907,tcpconn<*> error : Could not connect through proxy proxy.cse.cuhk.edu.hk<*> - Proxy closed the connection unexpectedly.,0.8343,tcpconn<*> error : A connection request was canceled before the completion.,0.5392,8.23,8
525,"<*> close, 4121 bytes (<*> <*>) sent, 4104 bytes (<*> <*>) received, lifetime <*>",partial,"<*> close, <*> bytes sent<*> KB<*> <*> received<*> <*> received<*> <*> received<*> lifetime <*>",0.9799,"<*> close, <*> bytes sent<*> KB<*> <*> received<*> <*> received<*> lifetime <*>",0.9265,"proxy.cse.cuhk.edu.hk<*> close, 301 bytes sent, 278 bytes received, lifetime <*>",0.8962,8.58,8
526,<*> open through proxy <*> HTTPS,exact,proxy.cse.cuhk.edu.hk<*> open through proxy proxy.cse.cuhk.edu.hk<*> HTTPS,1.0,<*> open through proxy socks.cse.cuhk.edu.hk<*> SOCKS5,0.672,"formi.baidu.com<*> error : Could not connect through proxy proxy.cse.cuhk.edu.hk<*> - Proxy server cannot establish a connection with the target, status code 403",0.5298,7.56,8
527,<*> open through proxy <*> HTTPS,exact,proxy.cse.cuhk.edu.hk<*> open through proxy proxy.cse.cuhk.edu.hk<*> HTTPS,1.0,<*> open through proxy socks.cse.cuhk.edu.hk<*> SOCKS5,0.672,"formi.baidu.com<*> error : Could not connect through proxy proxy.cse.cuhk.edu.hk<*> - Proxy server cannot establish a connection with the target, status code 403",0.5298,7.55,8
528,"<*> close, 634 bytes sent, 166 bytes received, lifetime <*>",partial,"<*> close, <*> bytes sent<*> KB<*> <*> received<*> <*> received<*> <*> received<*> lifetime <*>",0.9739,"proxy.cse.cuhk.edu.hk<*> close, 301 bytes sent, 278 bytes received, lifetime <*>",0.9446,"<*> close, <*> bytes sent<*> KB<*> <*> received<*> <*> received<*> lifetime <*>",0.9285,7.83,8
529,<*> open through proxy <*> HTTPS,exact,proxy.cse.cuhk.edu.hk<*> open through proxy proxy.cse.cuhk.edu.hk<*> HTTPS,1.0,<*> open through proxy socks.cse.cuhk.edu.hk<*> SOCKS5,0.672,"formi.baidu.com<*> error : Could not connect through proxy proxy.cse.cuhk.edu.hk<*> - Proxy server cannot establish a connection with the target, status code 403",0.5298,7.48,8
530,<*> open through proxy <*> HTTPS,exact,proxy.cse.cuhk.edu.hk<*> open through proxy proxy.cse.cuhk.edu.hk<*> HTTPS,1.0,<*> open through proxy socks.cse.cuhk.edu.hk<*> SOCKS5,0.672,"formi.baidu.com<*> error : Could not connect through proxy proxy.cse.cuhk.edu.hk<*> - Proxy server cannot establish a connection with the target, status code 403",0.5298,7.37,8
531,<*> open through proxy <*> HTTPS,exact,proxy.cse.cuhk.edu.hk<*> open through proxy proxy.cse.cuhk.edu.hk<*> HTTPS,1.0,<*> open through proxy socks.cse.cuhk.edu.hk<*> SOCKS5,0.672,"formi.baidu.com<*> error : Could not connect through proxy proxy.cse.cuhk.edu.hk<*> - Proxy server cannot establish a connection with the target, status code 403",0.5298,7.42,8
532,<*> open through proxy <*> HTTPS,exact,proxy.cse.cuhk.edu.hk<*> open through proxy proxy.cse.cuhk.edu.hk<*> HTTPS,1.0,<*> open through proxy socks.cse.cuhk.edu.hk<*> SOCKS5,0.672,"formi.baidu.com<*> error : Could not connect through proxy proxy.cse.cuhk.edu.hk<*> - Proxy server cannot establish a connection with the target, status code 403",0.5298,7.4,8
533,"<*> close, 470 bytes sent, 4691 bytes (<*> <*>) received, lifetime <*>",partial,"<*> close, <*> bytes sent<*> KB<*> <*> received<*> <*> received<*> <*> received<*> lifetime <*>",0.986,"<*> close, <*> bytes sent<*> KB<*> <*> received<*> <*> received<*> lifetime <*>",0.8915,"proxy.cse.cuhk.edu.hk<*> close, 301 bytes sent, 278 bytes received, lifetime <*>",0.873,8.14,8
534,<*> open through proxy <*> HTTPS,exact,proxy.cse.cuhk.edu.hk<*> open through proxy proxy.cse.cuhk.edu.hk<*> HTTPS,1.0,<*> open through proxy socks.cse.cuhk.edu.hk<*> SOCKS5,0.672,"formi.baidu.com<*> error : Could not connect through proxy proxy.cse.cuhk.edu.hk<*> - Proxy server cannot establish a connection with the target, status code 403",0.5298,7.46,8
535,<*> open through proxy <*> HTTPS,exact,proxy.cse.cuhk.edu.hk<*> open through proxy proxy.cse.cuhk.edu.hk<*> HTTPS,1.0,<*> open through proxy socks.cse.cuhk.edu.hk<*> SOCKS5,0.672,"formi.baidu.com<*> error : Could not connect through proxy proxy.cse.cuhk.edu.hk<*> - Proxy server cannot establish a connection with the target, status code 403",0.5298,7.45,8
536,<*> open through proxy <*> HTTPS,exact,proxy.cse.cuhk.edu.hk<*> open through proxy proxy.cse.cuhk.edu.hk<*> HTTPS,1.0,<*> open through proxy socks.cse.cuhk.edu.hk<*> SOCKS5,0.672,"formi.baidu.com<*> error : Could not connect through proxy proxy.cse.cuhk.edu.hk<*> - Proxy server cannot establish a connection with the target, status code 403",0.5298,7.48,8
537,"<*> close, 820 bytes sent, 5619 bytes (<*> <*>) received, lifetime <*>",partial,"<*> close, <*> bytes sent<*> KB<*> <*> received<*> <*> received<*> <*> received<*> lifetime <*>",0.9839,"<*> close, <*> bytes sent<*> KB<*> <*> received<*> <*> received<*> lifetime <*>",0.8973,"proxy.cse.cuhk.edu.hk<*> close, 301 bytes sent, 278 bytes received, lifetime <*>",0.8792,8.02,8
538,"<*> close, 10046 bytes (<*> <*>) sent, 5657896 bytes (<*> <*>) received, lifetime <*>",partial,"<*> close, <*> bytes sent<*> KB<*> <*> received<*> <*> received<*> <*> received<*> lifetime <*>",0.9898,"<*> close, <*> bytes sent<*> KB<*> <*> received<*> <*> received<*> lifetime <*>",0.9058,"proxy.cse.cuhk.edu.hk<*> close, 301 bytes sent, 278 bytes received, lifetime <*>",0.8815,8.84,8
539,<*> open through proxy <*> HTTPS,exact,proxy.cse.cuhk.edu.hk<*> open through proxy proxy.cse.cuhk.edu.hk<*> HTTPS,1.0,<*> open through proxy socks.cse.cuhk.edu.hk<*> SOCKS5,0.672,"formi.baidu.com<*> error : Could not connect through proxy proxy.cse.cuhk.edu.hk<*> - Proxy server cannot establish a connection with the target, status code 403",0.5298,7.46,8
540,<*> open through proxy <*> HTTPS,exact,proxy.cse.cuhk.edu.hk<*> open through proxy proxy.cse.cuhk.edu.hk<*> HTTPS,1.0,<*> open through proxy socks.cse.cuhk.edu.hk<*> SOCKS5,0.672,"formi.baidu.com<*> error : Could not connect through proxy proxy.cse.cuhk.edu.hk<*> - Proxy server cannot establish a connection with the target, status code 403",0.5298,7.52,8
541,"<*> close, 1175 bytes (<*> <*>) sent, 11041 bytes (<*> <*>) received, lifetime <*>",partial,"<*> close, <*> bytes sent<*> KB<*> <*> received<*> <*> received<*> <*> received<*> lifetime <*>",0.9735,"<*> close, <*> bytes sent<*> KB<*> <*> received<*> <*> received<*> lifetime <*>",0.868,"proxy.cse.cuhk.edu.hk<*> close, 301 bytes sent, 278 bytes received, lifetime <*>",0.8214,8.96,8
542,"<*> close, 2883 bytes (<*> <*>) sent, 90785 bytes (<*> <*>) received, lifetime <*>",exact,"<*> close, <*> bytes sent<*> KB<*> <*> received<*> <*> received<*> <*> received<*> lifetime <*>",0.9924,"<*> close, <*> bytes sent<*> KB<*> <*> received<*> <*> received<*> lifetime <*>",0.9082,"proxy.cse.cuhk.edu.hk<*> close, 301 bytes sent, 278 bytes received, lifetime <*>",0.8793,8.78,8
543,"<*> close, 985 bytes sent, 463 bytes received, lifetime <*>",partial,"<*> close, <*> bytes sent<*> KB<*> <*> received<*> <*> received<*> <*> received<*> lifetime <*>",0.9728,"proxy.cse.cuhk.edu.hk<*> close, 301 bytes sent, 278 bytes received, lifetime <*>",0.9537,"<*> close, <*> bytes sent<*> KB<*> <*> received<*> <*> received<*> lifetime <*>",0.9259,8.03,8
544,"<*> close, 0 bytes sent, 0 bytes received, lifetime <*>",exact,"proxy.cse.cuhk.edu.hk<*> close, 301 bytes sent, 278 bytes received, lifetime <*>",0.995,"<*> close, <*> bytes sent<*> KB<*> <*> received<*> <*> received<*> lifetime <*>",0.8847,"<*> close, <*> bytes sent<*> KB<*> <*> received<*> <*> received<*> <*> received<*> lifetime <*>",0.8738,7.92,8
545,<*> open through proxy <*> HTTPS,exact,proxy.cse.cuhk.edu.hk<*> open through proxy proxy.cse.cuhk.edu.hk<*> HTTPS,1.0,<*> open through proxy socks.cse.cuhk.edu.hk<*> SOCKS5,0.672,"formi.baidu.com<*> error : Could not connect through proxy proxy.cse.cuhk.edu.hk<*> - Proxy server cannot establish a connection with the target, status code 403",0.5298,7.59,8
546,"<*> close, 1046 bytes (<*> <*>) sent, 5463 bytes (<*> <*>) received, lifetime <*>",exact,"<*> close, <*> bytes sent<*> KB<*> <*> received<*> <*> received<*> <*> received<*> lifetime <*>",0.9911,"<*> close, <*> bytes sent<*> KB<*> <*> received<*> <*> received<*> lifetime <*>",0.9015,"proxy.cse.cuhk.edu.hk<*> close, 301 bytes sent, 278 bytes received, lifetime <*>",0.8702,8.85,8
547,"<*> close, 923 bytes sent, 456 bytes received, lifetime <*>",partial,"<*> close, <*> bytes sent<*> KB<*> <*> received<*> <*> received<*> <*> received<*> lifetime <*>",0.9667,"proxy.cse.cuhk.edu.hk<*> close, 301 bytes sent, 278 bytes received, lifetime <*>",0.9502,"<*> close, <*> bytes sent<*> KB<*> <*> received<*> <*> received<*> lifetime <*>",0.9242,7.82,8
548,<*> open through proxy <*> HTTPS,exact,proxy.cse.cuhk.edu.hk<*> open through proxy proxy.cse.cuhk.edu.hk<*> HTTPS,1.0,<*> open through proxy socks.cse.cuhk.edu.hk<*> SOCKS5,0.672,"formi.baidu.com<*> error : Could not connect through proxy proxy.cse.cuhk.edu.hk<*> - Proxy server cannot establish a connection with the target, status code 403",0.5298,7.48,8
549,<*> open through proxy <*> HTTPS,exact,proxy.cse.cuhk.edu.hk<*> open through proxy proxy.cse.cuhk.edu.hk<*> HTTPS,1.0,<*> open through proxy socks.cse.cuhk.edu.hk<*> SOCKS5,0.672,"formi.baidu.com<*> error : Could not connect through proxy proxy.cse.cuhk.edu.hk<*> - Proxy server cannot establish a connection with the target, status code 403",0.5298,7.52,8
550,"<*> close, 745 bytes sent, 229 bytes received, lifetime <*>",partial,"proxy.cse.cuhk.edu.hk<*> close, 301 bytes sent, 278 bytes received, lifetime <*>",0.9706,"<*> close, <*> bytes sent<*> KB<*> <*> received<*> <*> received<*> <*> received<*> lifetime <*>",0.9518,"<*> close, <*> bytes sent<*> KB<*> <*> received<*> <*> received<*> lifetime <*>",0.9276,8.1,8
551,"<*> close, 261 bytes sent, 70 bytes received, lifetime <*>",partial,"<*> close, <*> bytes sent<*> KB<*> <*> received<*> <*> received<*> <*> received<*> lifetime <*>",0.9695,"proxy.cse.cuhk.edu.hk<*> close, 301 bytes sent, 278 bytes received, lifetime <*>",0.9415,"<*> close, <*> bytes sent<*> KB<*> <*> received<*> <*> received<*> lifetime <*>",0.9264,7.87,8
552,"<*> error : Could not connect through proxy <*> - Proxy server cannot establish a connection with the target, status code 403",exact,"formi.baidu.com<*> error : Could not connect through proxy proxy.cse.cuhk.edu.hk<*> - Proxy server cannot establish a connection with the target, status code 403",0.9915,tcpconn<*> error : Could not connect through proxy proxy.cse.cuhk.edu.hk<*> - Proxy closed the connection unexpectedly.,0.8291,tcpconn<*> error : A connection request was canceled before the completion.,0.5333,8.21,8
553,"<*> error : Could not connect through proxy <*> - Proxy server cannot establish a connection with the target, status code 403",exact,"formi.baidu.com<*> error : Could not connect through proxy proxy.cse.cuhk.edu.hk<*> - Proxy server cannot establish a connection with the target, status code 403",0.9927,tcpconn<*> error : Could not connect through proxy proxy.cse.cuhk.edu.hk<*> - Proxy closed the connection unexpectedly.,0.8291,tcpconn<*> error : A connection request was canceled before the completion.,0.5333,8.34,8
554,"<*> close, 1239 bytes (<*> <*>) sent, 20185 bytes (<*> <*>) received, lifetime <*>",partial,"<*> close, <*> bytes sent<*> KB<*> <*> received<*> <*> received<*> <*> received<*> lifetime <*>",0.9788,"<*> close, <*> bytes sent<*> KB<*> <*> received<*> <*> received<*> lifetime <*>",0.8932,"proxy.cse.cuhk.edu.hk<*> close, 301 bytes sent, 278 bytes received, lifetime <*>",0.8593,8.69,8
555,"<*> close, 22150 bytes (<*> <*>) sent, 60543 bytes (<*> <*>) received, lifetime <*>",partial,"<*> close, <*> bytes sent<*> KB<*> <*> received<*> <*> received<*> <*> received<*> lifetime <*>",0.9857,"<*> close, <*> bytes sent<*> KB<*> <*> received<*> <*> received<*> lifetime <*>",0.8904,"proxy.cse.cuhk.edu.hk<*> close, 301 bytes sent, 278 bytes received, lifetime <*>",0.8493,8.72,8
556,<*> open through proxy <*> HTTPS,exact,proxy.cse.cuhk.edu.hk<*> open through proxy proxy.cse.cuhk.edu.hk<*> HTTPS,1.0,<*> open through proxy socks.cse.cuhk.edu.hk<*> SOCKS5,0.672,"formi.baidu.com<*> error : Could not connect through proxy proxy.cse.cuhk.edu.hk<*> - Proxy server cannot establish a connection with the target, status code 403",0.5301,7.57,8
557,"<*> close, 4552 bytes (<*> <*>) sent, 1616 bytes (<*> <*>) received, lifetime <*>",partial,"<*> close, <*> bytes sent<*> KB<*> <*> received<*> <*> received<*> <*> received<*> lifetime <*>",0.9888,"<*> close, <*> bytes sent<*> KB<*> <*> received<*> <*> received<*> lifetime <*>",0.9054,"proxy.cse.cuhk.edu.hk<*> close, 301 bytes sent, 278 bytes received, lifetime <*>",0.8683,8.55,8
558,<*> open through proxy <*> HTTPS,exact,proxy.cse.cuhk.edu.hk<*> open through proxy proxy.cse.cuhk.edu.hk<*> HTTPS,1.0,<*> open through proxy socks.cse.cuhk.edu.hk<*> SOCKS5,0.672,"formi.baidu.com<*> error : Could not connect through proxy proxy.cse.cuhk.edu.hk<*> - Proxy server cannot establish a connection with the target, status code 403",0.5301,8.06,8
559,"<*> close, 733 bytes sent, 229 bytes received, lifetime <*>",partial,"<*> close, <*> bytes sent<*> KB<*> <*> received<*> <*> received<*> <*> received<*> lifetime <*>",0.9738,"proxy.cse.cuhk.edu.hk<*> close, 301 bytes sent, 278 bytes received, lifetime <*>",0.9465,"<*> close, <*> bytes sent<*> KB<*> <*> received<*> <*> received<*> lifetime <*>",0.9306,7.88,8
560,<*> open through proxy <*> HTTPS,exact,proxy.cse.cuhk.edu.hk<*> open through proxy proxy.cse.cuhk.edu.hk<*> HTTPS,1.0,<*> open through proxy socks.cse.cuhk.edu.hk<*> SOCKS5,0.672,"formi.baidu.com<*> error : Could not connect through proxy proxy.cse.cuhk.edu.hk<*> - Proxy server cannot establish a connection with the target, status code 403",0.5301,7.76,8
561,"<*> close, 733 bytes sent, 151 bytes received, lifetime <*>",partial,"<*> close, <*> bytes sent<*> KB<*> <*> received<*> <*> received<*> <*> received<*> lifetime <*>",0.9691,"proxy.cse.cuhk.edu.hk<*> close, 301 bytes sent, 278 bytes received, lifetime <*>",0.9506,"<*> close, <*> bytes sent<*> KB<*> <*> received<*> <*> received<*> lifetime <*>",0.9355,7.9,8
562,<*> open through proxy <*> HTTPS,exact,proxy.cse.cuhk.edu.hk<*> open through proxy proxy.cse.cuhk.edu.hk<*> HTTPS,1.0,<*> open through proxy socks.cse.cuhk.edu.hk<*> SOCKS5,0.672,"formi.baidu.com<*> error : Could not connect through proxy proxy.cse.cuhk.edu.hk<*> - Proxy server cannot establish a connection with the target, status code 403",0.5301,8.44,8
563,<*> open through proxy <*> HTTPS,exact,proxy.cse.cuhk.edu.hk<*> open through proxy proxy.cse.cuhk.edu.hk<*> HTTPS,1.0,<*> open through proxy socks.cse.cuhk.edu.hk<*> SOCKS5,0.672,"formi.baidu.com<*> error : Could not connect through proxy proxy.cse.cuhk.edu.hk<*> - Proxy server cannot establish a connection with the target, status code 403",0.5301,7.85,8
564,<*> open through proxy <*> HTTPS,exact,proxy.cse.cuhk.edu.hk<*> open through proxy proxy.cse.cuhk.edu.hk<*> HTTPS,1.0,<*> open through proxy socks.cse.cuhk.edu.hk<*> SOCKS5,0.672,"formi.baidu.com<*> error : Could not connect through proxy proxy.cse.cuhk.edu.hk<*> - Proxy server cannot establish a connection with the target, status code 403",0.5301,7.54,8
565,<*> open through proxy <*> HTTPS,exact,proxy.cse.cuhk.edu.hk<*> open through proxy proxy.cse.cuhk.edu.hk<*> HTTPS,1.0,<*> open through proxy socks.cse.cuhk.edu.hk<*> SOCKS5,0.672,"formi.baidu.com<*> error : Could not connect through proxy proxy.cse.cuhk.edu.hk<*> - Proxy server cannot establish a connection with the target, status code 403",0.5301,7.57,8
566,<*> open through proxy <*> HTTPS,exact,proxy.cse.cuhk.edu.hk<*> open through proxy proxy.cse.cuhk.edu.hk<*> HTTPS,1.0,<*> open through proxy socks.cse.cuhk.edu.hk<*> SOCKS5,0.672,"formi.baidu.com<*> error : Could not connect through proxy proxy.cse.cuhk.edu.hk<*> - Proxy server cannot establish a connection with the target, status code 403",0.5301,7.62,8
567,<*> open through proxy <*> HTTPS,exact,proxy.cse.cuhk.edu.hk<*> open through proxy proxy.cse.cuhk.edu.hk<*> HTTPS,1.0,<*> open through proxy socks.cse.cuhk.edu.hk<*> SOCKS5,0.672,"formi.baidu.com<*> error : Could not connect through proxy proxy.cse.cuhk.edu.hk<*> - Proxy server cannot establish a connection with the target, status code 403",0.5301,7.62,8
568,<*> open through proxy <*> HTTPS,exact,proxy.cse.cuhk.edu.hk<*> open through proxy proxy.cse.cuhk.edu.hk<*> HTTPS,1.0,<*> open through proxy socks.cse.cuhk.edu.hk<*> SOCKS5,0.672,"formi.baidu.com<*> error : Could not connect through proxy proxy.cse.cuhk.edu.hk<*> - Proxy server cannot establish a connection with the target, status code 403",0.5301,7.43,8
569,<*> open through proxy <*> HTTPS,exact,proxy.cse.cuhk.edu.hk<*> open through proxy proxy.cse.cuhk.edu.hk<*> HTTPS,1.0,<*> open through proxy socks.cse.cuhk.edu.hk<*> SOCKS5,0.672,"formi.baidu.com<*> error : Could not connect through proxy proxy.cse.cuhk.edu.hk<*> - Proxy server cannot establish a connection with the target, status code 403",0.5301,7.53,8
570,<*> open through proxy <*> HTTPS,exact,proxy.cse.cuhk.edu.hk<*> open through proxy proxy.cse.cuhk.edu.hk<*> HTTPS,1.0,<*> open through proxy socks.cse.cuhk.edu.hk<*> SOCKS5,0.672,"formi.baidu.com<*> error : Could not connect through proxy proxy.cse.cuhk.edu.hk<*> - Proxy server cannot establish a connection with the target, status code 403",0.5301,7.51,8
571,"<*> close, 643 bytes sent, 3276 bytes (<*> <*>) received, lifetime <*>",partial,"<*> close, <*> bytes sent<*> KB<*> <*> received<*> <*> received<*> <*> received<*> lifetime <*>",0.9844,"proxy.cse.cuhk.edu.hk<*> close, 301 bytes sent, 278 bytes received, lifetime <*>",0.9306,"<*> close, <*> bytes sent<*> KB<*> <*> received<*> <*> received<*> lifetime <*>",0.9243,8.07,8
572,"<*> close, 733 bytes sent, 229 bytes received, lifetime <*>",partial,"<*> close, <*> bytes sent<*> KB<*> <*> received<*> <*> received<*> <*> received<*> lifetime <*>",0.9739,"proxy.cse.cuhk.edu.hk<*> close, 301 bytes sent, 278 bytes received, lifetime <*>",0.9465,"<*> close, <*> bytes sent<*> KB<*> <*> received<*> <*> received<*> lifetime <*>",0.9306,7.8,8
573,"<*> close, 568 bytes sent, 152 bytes received, lifetime <*>",partial,"proxy.cse.cuhk.edu.hk<*> close, 301 bytes sent, 278 bytes received, lifetime <*>",0.9791,"<*> close, <*> bytes sent<*> KB<*> <*> received<*> <*> received<*> <*> received<*> lifetime <*>",0.9192,"<*> close, <*> bytes sent<*> KB<*> <*> received<*> <*> received<*> lifetime <*>",0.918,7.74,8
574,"<*> close, 332 bytes sent, 3763 bytes (<*> <*>) received, lifetime <*>",partial,"<*> close, <*> bytes sent<*> KB<*> <*> received<*> <*> received<*> <*> received<*> lifetime <*>",0.9856,"<*> close, <*> bytes sent<*> KB<*> <*> received<*> <*> received<*> lifetime <*>",0.9083,"proxy.cse.cuhk.edu.hk<*> close, 301 bytes sent, 278 bytes received, lifetime <*>",0.9066,8.15,8
575,<*> open through proxy <*> HTTPS,exact,proxy.cse.cuhk.edu.hk<*> open through proxy proxy.cse.cuhk.edu.hk<*> HTTPS,1.0,<*> open through proxy socks.cse.cuhk.edu.hk<*> SOCKS5,0.672,"formi.baidu.com<*> error : Could not connect through proxy proxy.cse.cuhk.edu.hk<*> - Proxy server cannot establish a connection with the target, status code 403",0.5301,7.6,8
576,<*> open through proxy <*> HTTPS,exact,proxy.cse.cuhk.edu.hk<*> open through proxy proxy.cse.cuhk.edu.hk<*> HTTPS,1.0,<*> open through proxy socks.cse.cuhk.edu.hk<*> SOCKS5,0.672,"formi.baidu.com<*> error : Could not connect through proxy proxy.cse.cuhk.edu.hk<*> - Proxy server cannot establish a connection with the target, status code 403",0.5301,7.38,8
577,<*> open through proxy <*> HTTPS,exact,proxy.cse.cuhk.edu.hk<*> open through proxy proxy.cse.cuhk.edu.hk<*> HTTPS,1.0,<*> open through proxy socks.cse.cuhk.edu.hk<*> SOCKS5,0.672,"formi.baidu.com<*> error : Could not connect through proxy proxy.cse.cuhk.edu.hk<*> - Proxy server cannot establish a connection with the target, status code 403",0.5301,7.52,8
578,<*> open through proxy <*> HTTPS,exact,proxy.cse.cuhk.edu.hk<*> open through proxy proxy.cse.cuhk.edu.hk<*> HTTPS,1.0,<*> open through proxy socks.cse.cuhk.edu.hk<*> SOCKS5,0.672,"formi.baidu.com<*> error : Could not connect through proxy proxy.cse.cuhk.edu.hk<*> - Proxy server cannot establish a connection with the target, status code 403",0.5301,7.39,8
579,"<*> close, 0 bytes sent, 0 bytes received, lifetime <*>",exact,"proxy.cse.cuhk.edu.hk<*> close, 301 bytes sent, 278 bytes received, lifetime <*>",0.9944,"<*> close, <*> bytes sent<*> KB<*> <*> received<*> <*> received<*> lifetime <*>",0.8847,"<*> close, <*> bytes sent<*> KB<*> <*> received<*> <*> received<*> <*> received<*> lifetime <*>",0.8741,7.79,8
580,<*> open through proxy <*> HTTPS,exact,proxy.cse.cuhk.edu.hk<*> open through proxy proxy.cse.cuhk.edu.hk<*> HTTPS,1.0,<*> open through proxy socks.cse.cuhk.edu.hk<*> SOCKS5,0.672,"formi.baidu.com<*> error : Could not connect through proxy proxy.cse.cuhk.edu.hk<*> - Proxy server cannot establish a connection with the target, status code 403",0.5301,7.45,8
581,"<*> close, 0 bytes sent, 0 bytes received, lifetime <*>",exact,"proxy.cse.cuhk.edu.hk<*> close, 301 bytes sent, 278 bytes received, lifetime <*>",0.9946,"<*> close, <*> bytes sent<*> KB<*> <*> received<*> <*> received<*> lifetime <*>",0.8847,"<*> close, <*> bytes sent<*> KB<*> <*> received<*> <*> received<*> <*> received<*> lifetime <*>",0.8741,7.82,8
582,<*> open through proxy <*> HTTPS,exact,proxy.cse.cuhk.edu.hk<*> open through proxy proxy.cse.cuhk.edu.hk<*> HTTPS,1.0,<*> open through proxy socks.cse.cuhk.edu.hk<*> SOCKS5,0.672,"formi.baidu.com<*> error : Could not connect through proxy proxy.cse.cuhk.edu.hk<*> - Proxy server cannot establish a connection with the target, status code 403",0.5301,7.5,8
583,"<*> close, 867 bytes sent, 23546 bytes (<*> <*>) received, lifetime <*>",partial,"<*> close, <*> bytes sent<*> KB<*> <*> received<*> <*> received<*> <*> received<*> lifetime <*>",0.9859,"<*> close, <*> bytes sent<*> KB<*> <*> received<*> <*> received<*> lifetime <*>",0.8914,"proxy.cse.cuhk.edu.hk<*> close, 301 bytes sent, 278 bytes received, lifetime <*>",0.8681,8.39,8
584,<*> open through proxy <*> HTTPS,exact,proxy.cse.cuhk.edu.hk<*> open through proxy proxy.cse.cuhk.edu.hk<*> HTTPS,1.0,<*> open through proxy socks.cse.cuhk.edu.hk<*> SOCKS5,0.672,"formi.baidu.com<*> error : Could not connect through proxy proxy.cse.cuhk.edu.hk<*> - Proxy server cannot establish a connection with the target, status code 403",0.5301,7.49,8
585,<*> open through proxy <*> HTTPS,exact,proxy.cse.cuhk.edu.hk<*> open through proxy proxy.cse.cuhk.edu.hk<*> HTTPS,1.0,<*> open through proxy socks.cse.cuhk.edu.hk<*> SOCKS5,0.672,"formi.baidu.com<*> error : Could not connect through proxy proxy.cse.cuhk.edu.hk<*> - Proxy server cannot establish a connection with the target, status code 403",0.5301,7.61,8
586,<*> open through proxy <*> HTTPS,exact,proxy.cse.cuhk.edu.hk<*> open through proxy proxy.cse.cuhk.edu.hk<*> HTTPS,1.0,<*> open through proxy socks.cse.cuhk.edu.hk<*> SOCKS5,0.672,"formi.baidu.com<*> error : Could not connect through proxy proxy.cse.cuhk.edu.hk<*> - Proxy server cannot establish a connection with the target, status code 403",0.5301,7.46,8
587,<*> open through proxy <*> HTTPS,exact,proxy.cse.cuhk.edu.hk<*> open through proxy proxy.cse.cuhk.edu.hk<*> HTTPS,1.0,<*> open through proxy socks.cse.cuhk.edu.hk<*> SOCKS5,0.672,"formi.baidu.com<*> error : Could not connect through proxy proxy.cse.cuhk.edu.hk<*> - Proxy server cannot establish a connection with the target, status code 403",0.5301,7.53,8
588,<*> open through proxy <*> HTTPS,exact,proxy.cse.cuhk.edu.hk<*> open through proxy proxy.cse.cuhk.edu.hk<*> HTTPS,1.0,<*> open through proxy socks.cse.cuhk.edu.hk<*> SOCKS5,0.672,"formi.baidu.com<*> error : Could not connect through proxy proxy.cse.cuhk.edu.hk<*> - Proxy server cannot establish a connection with the target, status code 403",0.5301,7.49,8
589,<*> open through proxy <*> HTTPS,exact,proxy.cse.cuhk.edu.hk<*> open through proxy proxy.cse.cuhk.edu.hk<*> HTTPS,1.0,<*> open through proxy socks.cse.cuhk.edu.hk<*> SOCKS5,0.672,"formi.baidu.com<*> error : Could not connect through proxy proxy.cse.cuhk.edu.hk<*> - Proxy server cannot establish a connection with the target, status code 403",0.5301,7.45,8
590,"<*> close, 0 bytes sent, 0 bytes received, lifetime <*>",exact,"proxy.cse.cuhk.edu.hk<*> close, 301 bytes sent, 278 bytes received, lifetime <*>",0.9948,"<*> close, <*> bytes sent<*> KB<*> <*> received<*> <*> received<*> lifetime <*>",0.8847,"<*> close, <*> bytes sent<*> KB<*> <*> received<*> <*> received<*> <*> received<*> lifetime <*>",0.8741,7.86,8
591,<*> open through proxy <*> HTTPS,exact,proxy.cse.cuhk.edu.hk<*> open through proxy proxy.cse.cuhk.edu.hk<*> HTTPS,1.0,<*> open through proxy socks.cse.cuhk.edu.hk<*> SOCKS5,0.672,"formi.baidu.com<*> error : Could not connect through proxy proxy.cse.cuhk.edu.hk<*> - Proxy server cannot establish a connection with the target, status code 403",0.5301,7.76,8
592,<*> open through proxy <*> HTTPS,exact,proxy.cse.cuhk.edu.hk<*> open through proxy proxy.cse.cuhk.edu.hk<*> HTTPS,1.0,<*> open through proxy socks.cse.cuhk.edu.hk<*> SOCKS5,0.672,"formi.baidu.com<*> error : Could not connect through proxy proxy.cse.cuhk.edu.hk<*> - Proxy server cannot establish a connection with the target, status code 403",0.5301,7.57,8
593,<*> open through proxy <*> HTTPS,exact,proxy.cse.cuhk.edu.hk<*> open through proxy proxy.cse.cuhk.edu.hk<*> HTTPS,1.0,<*> open through proxy socks.cse.cuhk.edu.hk<*> SOCKS5,0.672,"formi.baidu.com<*> error : Could not connect through proxy proxy.cse.cuhk.edu.hk<*> - Proxy server cannot establish a connection with the target, status code 403",0.5301,8.09,8
594,<*> open through proxy <*> HTTPS,exact,proxy.cse.cuhk.edu.hk<*> open through proxy proxy.cse.cuhk.edu.hk<*> HTTPS,1.0,<*> open through proxy socks.cse.cuhk.edu.hk<*> SOCKS5,0.672,"formi.baidu.com<*> error : Could not connect through proxy proxy.cse.cuhk.edu.hk<*> - Proxy server cannot establish a connection with the target, status code 403",0.5301,7.76,8
595,"<*> close, 330 bytes sent, 4169 bytes (<*> <*>) received, lifetime <*>",partial,"<*> close, <*> bytes sent<*> KB<*> <*> received<*> <*> received<*> <*> received<*> lifetime <*>",0.9804,"proxy.cse.cuhk.edu.hk<*> close, 301 bytes sent, 278 bytes received, lifetime <*>",0.93,"<*> close, <*> bytes sent<*> KB<*> <*> received<*> <*> received<*> lifetime <*>",0.9234,8.33,8
596,"<*> close, 334 bytes sent, 3713 bytes (<*> <*>) received, lifetime <*>",partial,"<*> close, <*> bytes sent<*> KB<*> <*> received<*> <*> received<*> <*> received<*> lifetime <*>",0.9761,"<*> close, <*> bytes sent<*> KB<*> <*> received<*> <*> received<*> lifetime <*>",0.8806,"proxy.cse.cuhk.edu.hk<*> close, 301 bytes sent, 278 bytes received, lifetime <*>",0.853,8.15,8
597,<*> open through proxy <*> HTTPS,exact,proxy.cse.cuhk.edu.hk<*> open through proxy proxy.cse.cuhk.edu.hk<*> HTTPS,1.0,<*> open through proxy socks.cse.cuhk.edu.hk<*> SOCKS5,0.672,"formi.baidu.com<*> error : Could not connect through proxy proxy.cse.cuhk.edu.hk<*> - Proxy server cannot establish a connection with the target, status code 403",0.5301,7.48,8
598,"<*> close, 0 bytes sent, 0 bytes received, lifetime <*>",exact,"proxy.cse.cuhk.edu.hk<*> close, 301 bytes sent, 278 bytes received, lifetime <*>",0.995,"<*> close, <*> bytes sent<*> KB<*> <*> received<*> <*> received<*> lifetime <*>",0.8847,"<*> close, <*> bytes sent<*> KB<*> <*> received<*> <*> received<*> <*> received<*> lifetime <*>",0.8741,7.69,8
599,"<*> close, 0 bytes sent, 0 bytes received, lifetime <*>",exact,"proxy.cse.cuhk.edu.hk<*> close, 301 bytes sent, 278 bytes received, lifetime <*>",0.9952,"<*> close, <*> bytes sent<*> KB<*> <*> received<*> <*> received<*> lifetime <*>",0.8847,"<*> close, <*> bytes sent<*> KB<*> <*> received<*> <*> received<*> <*> received<*> lifetime <*>",0.8741,7.65,8
600,"<*> close, 0 bytes sent, 0 bytes received, lifetime <*>",exact,"proxy.cse.cuhk.edu.hk<*> close, 301 bytes sent, 278 bytes received, lifetime <*>",0.9954,"<*> close, <*> bytes sent<*> KB<*> <*> received<*> <*> received<*> lifetime <*>",0.8847,"<*> close, <*> bytes sent<*> KB<*> <*> received<*> <*> received<*> <*> received<*> lifetime <*>",0.8741,7.66,8
