log_id,normalised,match_type,top1_template,top1_score,top2_template,top2_score,top3_template,top3_score,latency_ms,store_size
1,Got assigned task 1239,partial,Got assigned task <*>,0.845,Got assigned task 590,0.7938,Got assigned task 360,0.7801,31.41,33
2,Running task 39.0 in stage 26.0 (TID 1239),partial,Running task <*> in stage <*> (TID <*>,0.9186,Finished task <*> in stage <*> (TID <*> bytes result sent to driver,0.6594,Got assigned task <*>,0.5333,17.56,33
3,"Times: total = 47, boot = 17, init = 23, finish = 7",partial,Times: total = <*> boot = <*> init = <*> finish = <*>,0.9657,Finished task <*> in stage <*> (TID <*> bytes result sent to driver,0.3854,Got assigned task 273,0.2706,15.79,33
4,"Partition rdd_42_38 not found, computing it",partial,"Partition rdd_<*> not found, computing it",0.9616,Found block rdd_<*> locally,0.5471,"Block rdd_<*> stored as bytes in memory (estimated size <*> <*>, free <*> <*>)",0.5171,15.71,33
5,Input split: hdfs://<*>:9000/pjhe/logs/2kSOSP.log:277096+7292,exact,Input split: hdfs<*>,0.998,Saved output of task <*> to hdfs<*>,0.6283,Created local directory at /opt/hdfs/nodemanager/usercache/curi/appcache/application_1485248649253_0147/blockmgr-70293f72-844a-4b39-9ad6-fb0ad7e364e4,0.3742,15.65,33
6,"Partition rdd_42_39 not found, computing it",partial,"Partition rdd_<*> not found, computing it",0.9693,Found block rdd_<*> locally,0.5551,"Block rdd_<*> stored as bytes in memory (estimated size <*> <*>, free <*> <*>)",0.5224,14.65,33
7,Input split: hdfs://<*>:9000/pjhe/logs/2kSOSP.log:284388+7303,exact,Input split: hdfs<*>,0.9964,Saved output of task <*> to hdfs<*>,0.6298,Created local directory at /opt/hdfs/nodemanager/usercache/curi/appcache/application_1485248649253_0147/blockmgr-70293f72-844a-4b39-9ad6-fb0ad7e364e4,0.3798,15.82,33
8,"Block rdd_42_35 stored as bytes in memory (estimated size 917.0 <*>, free 834.6 <*>)",partial,"Block rdd_<*> stored as bytes in memory (estimated size <*> <*>, free <*> <*>)",0.9752,Found block rdd_<*> locally,0.6092,"Partition rdd_<*> not found, computing it",0.5368,15.45,33
9,"Times: total = 53, boot = 8, init = 40, finish = 5",partial,Times: total = <*> boot = <*> init = <*> finish = <*>,0.97,Finished task <*> in stage <*> (TID <*> bytes result sent to driver,0.3625,Server created on <*>,0.2405,14.92,33
10,"Times: total = 53, boot = 12, init = 36, finish = 5",partial,Times: total = <*> boot = <*> init = <*> finish = <*>,0.9612,Finished task <*> in stage <*> (TID <*> bytes result sent to driver,0.3672,Reading broadcast variable <*> took <*> ms,0.2426,14.8,33
11,"Block rdd_42_37 stored as bytes in memory (estimated size 939.0 <*>, free 835.5 <*>)",partial,"Block rdd_<*> stored as bytes in memory (estimated size <*> <*>, free <*> <*>)",0.9801,Found block rdd_<*> locally,0.6173,"Partition rdd_<*> not found, computing it",0.5359,15.26,33
12,"Block rdd_42_36 stored as bytes in memory (estimated size 912.0 <*>, free 836.4 <*>)",partial,"Block rdd_<*> stored as bytes in memory (estimated size <*> <*>, free <*> <*>)",0.9825,Found block rdd_<*> locally,0.6211,"Partition rdd_<*> not found, computing it",0.543,15.02,33
13,"Times: total = 41, boot = 9, init = 31, finish = 1",partial,Times: total = <*> boot = <*> init = <*> finish = <*>,0.9733,Finished task <*> in stage <*> (TID <*> bytes result sent to driver,0.3751,Got assigned task 273,0.2515,14.79,33
14,Finished task 35.0 in stage 26.0 (TID 1235). 2705 bytes result sent to driver,partial,Finished task <*> in stage <*> (TID <*> bytes result sent to driver,0.9595,Running task <*> in stage <*> (TID <*>,0.6137,Got assigned task 273,0.4792,20.78,33
15,"Times: total = 48, boot = 17, init = 25, finish = 6",partial,Times: total = <*> boot = <*> init = <*> finish = <*>,0.9579,Finished task <*> in stage <*> (TID <*> bytes result sent to driver,0.3773,Got assigned task 273,0.2475,20.22,33
16,"Times: total = 51, boot = 8, init = 38, finish = 5",partial,Times: total = <*> boot = <*> init = <*> finish = <*>,0.9745,Finished task <*> in stage <*> (TID <*> bytes result sent to driver,0.3574,Got assigned task 273,0.2394,21.16,33
17,"Block rdd_42_38 stored as bytes in memory (estimated size 974.0 <*>, free 837.4 <*>)",partial,"Block rdd_<*> stored as bytes in memory (estimated size <*> <*>, free <*> <*>)",0.9808,Found block rdd_<*> locally,0.6115,"Partition rdd_<*> not found, computing it",0.5306,35.27,33
18,"Block rdd_42_39 stored as bytes in memory (estimated size 877.0 <*>, free 838.2 <*>)",partial,"Block rdd_<*> stored as bytes in memory (estimated size <*> <*>, free <*> <*>)",0.9837,Found block rdd_<*> locally,0.6273,"Partition rdd_<*> not found, computing it",0.5423,29.96,33
19,"Times: total = 40, boot = 24, init = 16, finish = 0",partial,Times: total = <*> boot = <*> init = <*> finish = <*>,0.9711,Finished task <*> in stage <*> (TID <*> bytes result sent to driver,0.3898,Reading broadcast variable <*> took <*> ms,0.2671,43.45,33
20,"Times: total = 42, boot = 22, init = 19, finish = 1",partial,Times: total = <*> boot = <*> init = <*> finish = <*>,0.9786,Finished task <*> in stage <*> (TID <*> bytes result sent to driver,0.3972,Got assigned task 273,0.269,24.79,33
21,Finished task 36.0 in stage 26.0 (TID 1236). 2705 bytes result sent to driver,partial,Finished task <*> in stage <*> (TID <*> bytes result sent to driver,0.9626,Running task <*> in stage <*> (TID <*>,0.6094,Got assigned task 273,0.4875,49.32,33
22,Finished task 37.0 in stage 26.0 (TID 1237). 2705 bytes result sent to driver,partial,Finished task <*> in stage <*> (TID <*> bytes result sent to driver,0.9663,Running task <*> in stage <*> (TID <*>,0.6085,Got assigned task 273,0.4993,25.61,33
23,"Times: total = 40, boot = 13, init = 27, finish = 0",partial,Times: total = <*> boot = <*> init = <*> finish = <*>,0.9807,Finished task <*> in stage <*> (TID <*> bytes result sent to driver,0.3987,Reading broadcast variable <*> took <*> ms,0.2592,35.74,33
24,"Times: total = 38, boot = 18, init = 20, finish = 0",partial,Times: total = <*> boot = <*> init = <*> finish = <*>,0.9723,Finished task <*> in stage <*> (TID <*> bytes result sent to driver,0.3946,Got assigned task 273,0.256,29.16,33
25,Finished task 38.0 in stage 26.0 (TID 1238). 2703 bytes result sent to driver,partial,Finished task <*> in stage <*> (TID <*> bytes result sent to driver,0.9742,Running task <*> in stage <*> (TID <*>,0.6152,Got assigned task 273,0.4997,31.26,33
26,Finished task 39.0 in stage 26.0 (TID 1239). 2703 bytes result sent to driver,partial,Finished task <*> in stage <*> (TID <*> bytes result sent to driver,0.9733,Running task <*> in stage <*> (TID <*>,0.6189,Got assigned task <*>,0.4968,30.33,33
27,Got assigned task 1240,partial,Got assigned task <*>,0.8737,Got assigned task 590,0.8144,Got assigned task 360,0.7788,15.52,33
28,Running task 0.0 in stage 27.0 (TID 1240),partial,Running task <*> in stage <*> (TID <*>,0.9537,Finished task <*> in stage <*> (TID <*> bytes result sent to driver,0.6519,Got assigned task <*>,0.463,15.75,33
29,Got assigned task 1241,partial,Got assigned task <*>,0.9127,Got assigned task 590,0.7982,Got assigned task 360,0.7774,14.54,33
30,Running task 1.0 in stage 27.0 (TID 1241),partial,Running task <*> in stage <*> (TID <*>,0.9439,Finished task <*> in stage <*> (TID <*> bytes result sent to driver,0.637,Got assigned task <*>,0.4992,14.6,33
31,Got assigned task 1242,partial,Got assigned task <*>,0.9271,Got assigned task 590,0.7785,Got assigned task 360,0.7704,14.32,33
32,Started reading broadcast variable 38,partial,Started reading broadcast variable <*>,0.9556,Reading broadcast variable <*> took <*> ms,0.7783,"Block broadcast_<*> stored as <*> in memory (estimated size <*> <*>, free <*> <*>)",0.4869,14.4,33
33,Running task 2.0 in stage 27.0 (TID 1242),partial,Running task <*> in stage <*> (TID <*>,0.9328,Finished task <*> in stage <*> (TID <*> bytes result sent to driver,0.6557,Got assigned task <*>,0.4925,14.91,33
34,Got assigned task 1243,partial,Got assigned task <*>,0.9459,Got assigned task 590,0.7856,Got assigned task 360,0.7801,14.33,33
35,Running task 3.0 in stage 27.0 (TID 1243),partial,Running task <*> in stage <*> (TID <*>,0.9126,Finished task <*> in stage <*> (TID <*> bytes result sent to driver,0.626,Got assigned task <*>,0.4851,14.58,33
36,Got assigned task 1244,partial,Got assigned task <*>,0.9444,Got assigned task 590,0.7903,Got assigned task 360,0.7844,14.29,33
37,Running task 4.0 in stage 27.0 (TID 1244),partial,Running task <*> in stage <*> (TID <*>,0.9147,Finished task <*> in stage <*> (TID <*> bytes result sent to driver,0.6096,Got assigned task <*>,0.4609,14.53,33
38,"Block broadcast_38_piece0 stored as bytes in memory (estimated size 5.8 <*>, free 844.0 <*>)",partial,"Block broadcast_<*> stored as <*> in memory (estimated size <*> <*>, free <*> <*>)",0.9588,Reading broadcast variable <*> took <*> ms,0.5048,"Block rdd_<*> stored as bytes in memory (estimated size <*> <*>, free <*> <*>)",0.4932,15.74,33
39,Reading broadcast variable 38 took 11 ms,partial,Reading broadcast variable <*> took <*> ms,0.9633,Started reading broadcast variable <*>,0.788,"Block broadcast_<*> stored as <*> in memory (estimated size <*> <*>, free <*> <*>)",0.5166,14.76,33
40,"Block broadcast_38 stored as values in memory (estimated size 9.6 <*>, free 853.7 <*>)",partial,"Block broadcast_<*> stored as <*> in memory (estimated size <*> <*>, free <*> <*>)",0.9439,Reading broadcast variable <*> took <*> ms,0.5502,Started reading broadcast variable <*>,0.5028,15.35,33
41,Found block rdd_42_0 locally,partial,Found block rdd_<*> locally,0.9502,"Block rdd_<*> stored as bytes in memory (estimated size <*> <*>, free <*> <*>)",0.6528,"Partition rdd_<*> not found, computing it",0.6055,14.46,33
42,Found block rdd_42_4 locally,partial,Found block rdd_<*> locally,0.9493,"Block rdd_<*> stored as bytes in memory (estimated size <*> <*>, free <*> <*>)",0.6323,"Partition rdd_<*> not found, computing it",0.6073,14.68,33
43,Found block rdd_42_2 locally,partial,Found block rdd_<*> locally,0.9562,"Block rdd_<*> stored as bytes in memory (estimated size <*> <*>, free <*> <*>)",0.6383,"Partition rdd_<*> not found, computing it",0.6058,14.43,33
44,Found block rdd_42_3 locally,partial,Found block rdd_<*> locally,0.9537,"Block rdd_<*> stored as bytes in memory (estimated size <*> <*>, free <*> <*>)",0.6197,"Partition rdd_<*> not found, computing it",0.6069,14.32,33
45,Found block rdd_42_1 locally,partial,Found block rdd_<*> locally,0.9586,"Block rdd_<*> stored as bytes in memory (estimated size <*> <*>, free <*> <*>)",0.6436,"Partition rdd_<*> not found, computing it",0.608,14.13,33
46,"Times: total = 39, boot = -108, init = 146, finish = 1",partial,Times: total = <*> boot = <*> init = <*> finish = <*>,0.9804,Finished task <*> in stage <*> (TID <*> bytes result sent to driver,0.4192,Got assigned task <*>,0.2926,14.49,33
47,"Times: total = 42, boot = -77, init = 118, finish = 1",partial,Times: total = <*> boot = <*> init = <*> finish = <*>,0.9813,Finished task <*> in stage <*> (TID <*> bytes result sent to driver,0.4099,Got assigned task 273,0.3061,14.77,33
48,Finished task 0.0 in stage 27.0 (TID 1240). 2474 bytes result sent to driver,partial,Finished task <*> in stage <*> (TID <*> bytes result sent to driver,0.9828,Running task <*> in stage <*> (TID <*>,0.6661,Got assigned task 273,0.4848,15.76,33
49,"Times: total = 41, boot = -71, init = 111, finish = 1",partial,Times: total = <*> boot = <*> init = <*> finish = <*>,0.9788,Finished task <*> in stage <*> (TID <*> bytes result sent to driver,0.3943,Got assigned task 273,0.2643,14.86,33
50,"Times: total = 39, boot = -64, init = 102, finish = 1",partial,Times: total = <*> boot = <*> init = <*> finish = <*>,0.9625,Finished task <*> in stage <*> (TID <*> bytes result sent to driver,0.423,Reading broadcast variable <*> took <*> ms,0.3058,14.74,33
51,Finished task 4.0 in stage 27.0 (TID 1244). 2685 bytes result sent to driver,partial,Finished task <*> in stage <*> (TID <*> bytes result sent to driver,0.969,Running task <*> in stage <*> (TID <*>,0.6385,Got assigned task <*>,0.492,15.18,33
52,"Times: total = 42, boot = -66, init = 107, finish = 1",partial,Times: total = <*> boot = <*> init = <*> finish = <*>,0.9777,Finished task <*> in stage <*> (TID <*> bytes result sent to driver,0.4073,Got assigned task 273,0.3069,14.82,33
53,Finished task 2.0 in stage 27.0 (TID 1242). 2523 bytes result sent to driver,partial,Finished task <*> in stage <*> (TID <*> bytes result sent to driver,0.976,Running task <*> in stage <*> (TID <*>,0.6384,Got assigned task <*>,0.4883,14.94,33
54,Got assigned task 1245,partial,Got assigned task <*>,0.9442,Got assigned task 590,0.7934,Got assigned task 360,0.7777,14.65,33
55,Running task 5.0 in stage 27.0 (TID 1245),partial,Running task <*> in stage <*> (TID <*>,0.9273,Finished task <*> in stage <*> (TID <*> bytes result sent to driver,0.6242,Got assigned task <*>,0.4832,14.64,33
56,Finished task 3.0 in stage 27.0 (TID 1243). 2651 bytes result sent to driver,partial,Finished task <*> in stage <*> (TID <*> bytes result sent to driver,0.9676,Running task <*> in stage <*> (TID <*>,0.6171,Got assigned task <*>,0.479,15.09,33
57,Got assigned task 1246,partial,Got assigned task <*>,0.9658,Got assigned task 590,0.8091,Got assigned task 360,0.7992,14.3,33
58,Finished task 1.0 in stage 27.0 (TID 1241). 2428 bytes result sent to driver,partial,Finished task <*> in stage <*> (TID <*> bytes result sent to driver,0.9813,Running task <*> in stage <*> (TID <*>,0.6554,Got assigned task 273,0.4804,15.11,33
59,Running task 6.0 in stage 27.0 (TID 1246),partial,Running task <*> in stage <*> (TID <*>,0.9175,Finished task <*> in stage <*> (TID <*> bytes result sent to driver,0.6264,Got assigned task <*>,0.4663,14.7,33
60,Got assigned task 1247,partial,Got assigned task <*>,0.9666,Got assigned task 590,0.798,Got assigned task 360,0.7877,14.39,33
61,Running task 7.0 in stage 27.0 (TID 1247),partial,Running task <*> in stage <*> (TID <*>,0.9039,Finished task <*> in stage <*> (TID <*> bytes result sent to driver,0.6152,Got assigned task <*>,0.4615,14.99,33
62,Found block rdd_42_5 locally,partial,Found block rdd_<*> locally,0.9509,"Block rdd_<*> stored as bytes in memory (estimated size <*> <*>, free <*> <*>)",0.6331,"Partition rdd_<*> not found, computing it",0.5913,14.53,33
63,Got assigned task 1248,partial,Got assigned task <*>,0.9653,Got assigned task 590,0.8074,Got assigned task 360,0.8027,14.52,33
64,Running task 8.0 in stage 27.0 (TID 1248),partial,Running task <*> in stage <*> (TID <*>,0.8929,Finished task <*> in stage <*> (TID <*> bytes result sent to driver,0.6081,Got assigned task <*>,0.4464,14.4,33
65,Got assigned task 1249,partial,Got assigned task <*>,0.976,Got assigned task 590,0.8053,Got assigned task 360,0.7797,14.08,33
66,Running task 9.0 in stage 27.0 (TID 1249),partial,Running task <*> in stage <*> (TID <*>,0.9058,Finished task <*> in stage <*> (TID <*> bytes result sent to driver,0.6146,Got assigned task <*>,0.4964,14.68,33
67,Found block rdd_42_7 locally,partial,Found block rdd_<*> locally,0.9514,"Block rdd_<*> stored as bytes in memory (estimated size <*> <*>, free <*> <*>)",0.6324,"Partition rdd_<*> not found, computing it",0.5946,14.35,33
68,Found block rdd_42_6 locally,partial,Found block rdd_<*> locally,0.9662,"Block rdd_<*> stored as bytes in memory (estimated size <*> <*>, free <*> <*>)",0.6315,"Partition rdd_<*> not found, computing it",0.5974,14.73,33
69,Found block rdd_42_8 locally,partial,Found block rdd_<*> locally,0.9519,"Block rdd_<*> stored as bytes in memory (estimated size <*> <*>, free <*> <*>)",0.6363,"Partition rdd_<*> not found, computing it",0.5918,14.91,33
70,Found block rdd_42_9 locally,partial,Found block rdd_<*> locally,0.9585,"Block rdd_<*> stored as bytes in memory (estimated size <*> <*>, free <*> <*>)",0.6243,"Partition rdd_<*> not found, computing it",0.5813,14.8,33
71,"Times: total = 40, boot = 26, init = 13, finish = 1",partial,Times: total = <*> boot = <*> init = <*> finish = <*>,0.9656,Finished task <*> in stage <*> (TID <*> bytes result sent to driver,0.3876,Reading broadcast variable <*> took <*> ms,0.2524,14.89,33
72,Finished task 5.0 in stage 27.0 (TID 1245). 2721 bytes result sent to driver,partial,Finished task <*> in stage <*> (TID <*> bytes result sent to driver,0.969,Running task <*> in stage <*> (TID <*>,0.6105,Got assigned task <*>,0.4963,15.43,33
73,"Times: total = 42, boot = 13, init = 28, finish = 1",partial,Times: total = <*> boot = <*> init = <*> finish = <*>,0.9698,Finished task <*> in stage <*> (TID <*> bytes result sent to driver,0.394,Got assigned task 273,0.2682,15.15,33
74,"Times: total = 40, boot = 15, init = 25, finish = 0",partial,Times: total = <*> boot = <*> init = <*> finish = <*>,0.9753,Finished task <*> in stage <*> (TID <*> bytes result sent to driver,0.3801,Reading broadcast variable <*> took <*> ms,0.2498,14.66,33
75,"Times: total = 42, boot = 24, init = 17, finish = 1",partial,Times: total = <*> boot = <*> init = <*> finish = <*>,0.966,Finished task <*> in stage <*> (TID <*> bytes result sent to driver,0.3922,Got assigned task 273,0.2666,14.6,33
76,Got assigned task 1250,partial,Got assigned task <*>,0.908,Got assigned task 590,0.7654,Got assigned task 360,0.755,14.25,33
77,Running task 10.0 in stage 27.0 (TID 1250),partial,Running task <*> in stage <*> (TID <*>,0.9274,Finished task <*> in stage <*> (TID <*> bytes result sent to driver,0.6304,Got assigned task <*>,0.473,14.89,33
78,"Times: total = 43, boot = 13, init = 29, finish = 1",partial,Times: total = <*> boot = <*> init = <*> finish = <*>,0.973,Finished task <*> in stage <*> (TID <*> bytes result sent to driver,0.3967,Reading broadcast variable <*> took <*> ms,0.2733,14.93,33
79,Finished task 8.0 in stage 27.0 (TID 1248). 2263 bytes result sent to driver,partial,Finished task <*> in stage <*> (TID <*> bytes result sent to driver,0.9585,Running task <*> in stage <*> (TID <*>,0.6084,Got assigned task 273,0.4858,15.25,33
80,Finished task 6.0 in stage 27.0 (TID 1246). 2220 bytes result sent to driver,partial,Finished task <*> in stage <*> (TID <*> bytes result sent to driver,0.965,Running task <*> in stage <*> (TID <*>,0.6423,Got assigned task 273,0.4766,15.19,33
81,Finished task 7.0 in stage 27.0 (TID 1247). 2171 bytes result sent to driver,partial,Finished task <*> in stage <*> (TID <*> bytes result sent to driver,0.9541,Running task <*> in stage <*> (TID <*>,0.5796,Got assigned task 273,0.5043,15.07,33
82,Found block rdd_42_10 locally,partial,Found block rdd_<*> locally,0.9665,"Block rdd_<*> stored as bytes in memory (estimated size <*> <*>, free <*> <*>)",0.6386,"Partition rdd_<*> not found, computing it",0.5938,14.44,33
83,Finished task 9.0 in stage 27.0 (TID 1249). 2427 bytes result sent to driver,partial,Finished task <*> in stage <*> (TID <*> bytes result sent to driver,0.9618,Running task <*> in stage <*> (TID <*>,0.6288,Got assigned task <*>,0.4802,14.88,33
84,Got assigned task 1251,partial,Got assigned task <*>,0.9326,Got assigned task 590,0.7623,Got assigned task 360,0.7601,14.24,33
85,Running task 11.0 in stage 27.0 (TID 1251),partial,Running task <*> in stage <*> (TID <*>,0.9141,Finished task <*> in stage <*> (TID <*> bytes result sent to driver,0.6257,Got assigned task <*>,0.5262,14.58,33
86,Got assigned task 1252,partial,Got assigned task <*>,0.9345,Got assigned task 360,0.7565,Got assigned task 590,0.7463,14.06,33
87,Running task 12.0 in stage 27.0 (TID 1252),partial,Running task <*> in stage <*> (TID <*>,0.9135,Finished task <*> in stage <*> (TID <*> bytes result sent to driver,0.6346,Got assigned task <*>,0.5143,14.32,33
88,Got assigned task 1253,partial,Got assigned task <*>,0.9429,Got assigned task 360,0.7615,Got assigned task 590,0.7504,14.33,33
89,Running task 13.0 in stage 27.0 (TID 1253),partial,Running task <*> in stage <*> (TID <*>,0.8949,Finished task <*> in stage <*> (TID <*> bytes result sent to driver,0.6244,Got assigned task <*>,0.5053,14.71,33
90,Got assigned task 1254,partial,Got assigned task <*>,0.944,Got assigned task 360,0.7615,Got assigned task 590,0.7508,14.25,33
91,Running task 14.0 in stage 27.0 (TID 1254),partial,Running task <*> in stage <*> (TID <*>,0.9112,Finished task <*> in stage <*> (TID <*> bytes result sent to driver,0.6425,Got assigned task <*>,0.5003,14.73,33
92,Found block rdd_42_11 locally,partial,Found block rdd_<*> locally,0.9663,"Block rdd_<*> stored as bytes in memory (estimated size <*> <*>, free <*> <*>)",0.6323,"Partition rdd_<*> not found, computing it",0.5948,14.56,33
93,Found block rdd_42_12 locally,partial,Found block rdd_<*> locally,0.9693,"Block rdd_<*> stored as bytes in memory (estimated size <*> <*>, free <*> <*>)",0.6358,"Partition rdd_<*> not found, computing it",0.5936,14.71,33
94,Found block rdd_42_13 locally,partial,Found block rdd_<*> locally,0.9759,"Block rdd_<*> stored as bytes in memory (estimated size <*> <*>, free <*> <*>)",0.6274,"Partition rdd_<*> not found, computing it",0.5898,14.68,33
95,Found block rdd_42_14 locally,partial,Found block rdd_<*> locally,0.9695,"Block rdd_<*> stored as bytes in memory (estimated size <*> <*>, free <*> <*>)",0.6285,"Partition rdd_<*> not found, computing it",0.5912,14.36,33
96,"Times: total = 40, boot = 14, init = 25, finish = 1",partial,Times: total = <*> boot = <*> init = <*> finish = <*>,0.9764,Finished task <*> in stage <*> (TID <*> bytes result sent to driver,0.3703,Reading broadcast variable <*> took <*> ms,0.246,14.73,33
97,Finished task 10.0 in stage 27.0 (TID 1250). 2667 bytes result sent to driver,partial,Finished task <*> in stage <*> (TID <*> bytes result sent to driver,0.9705,Running task <*> in stage <*> (TID <*>,0.6322,Got assigned task <*>,0.4948,14.75,33
98,Got assigned task 1255,partial,Got assigned task <*>,0.9295,Got assigned task 360,0.7459,Got assigned task 590,0.7406,14.41,33
99,Running task 15.0 in stage 27.0 (TID 1255),partial,Running task <*> in stage <*> (TID <*>,0.868,Finished task <*> in stage <*> (TID <*> bytes result sent to driver,0.6049,Got assigned task <*>,0.4897,14.5,33
100,"Times: total = 39, boot = 12, init = 26, finish = 1",partial,Times: total = <*> boot = <*> init = <*> finish = <*>,0.9666,Finished task <*> in stage <*> (TID <*> bytes result sent to driver,0.3941,Reading broadcast variable <*> took <*> ms,0.2586,14.87,33
101,"Times: total = 42, boot = 13, init = 28, finish = 1",partial,Times: total = <*> boot = <*> init = <*> finish = <*>,0.9707,Finished task <*> in stage <*> (TID <*> bytes result sent to driver,0.3942,Got assigned task 273,0.2682,15.03,33
102,"Times: total = 40, boot = 10, init = 29, finish = 1",partial,Times: total = <*> boot = <*> init = <*> finish = <*>,0.9693,Finished task <*> in stage <*> (TID <*> bytes result sent to driver,0.3792,Reading broadcast variable <*> took <*> ms,0.2531,15.13,33
103,Finished task 11.0 in stage 27.0 (TID 1251). 2402 bytes result sent to driver,partial,Finished task <*> in stage <*> (TID <*> bytes result sent to driver,0.9577,Running task <*> in stage <*> (TID <*>,0.6505,Got assigned task <*>,0.4814,16.77,33
104,Finished task 12.0 in stage 27.0 (TID 1252). 2486 bytes result sent to driver,partial,Finished task <*> in stage <*> (TID <*> bytes result sent to driver,0.9586,Running task <*> in stage <*> (TID <*>,0.6328,Got assigned task <*>,0.4705,16.04,33
105,"Times: total = 41, boot = 11, init = 29, finish = 1",partial,Times: total = <*> boot = <*> init = <*> finish = <*>,0.9721,Finished task <*> in stage <*> (TID <*> bytes result sent to driver,0.3977,Reading broadcast variable <*> took <*> ms,0.263,15.31,33
106,Found block rdd_42_15 locally,partial,Found block rdd_<*> locally,0.9662,"Block rdd_<*> stored as bytes in memory (estimated size <*> <*>, free <*> <*>)",0.6265,"Partition rdd_<*> not found, computing it",0.5826,14.53,33
107,Finished task 14.0 in stage 27.0 (TID 1254). 2404 bytes result sent to driver,partial,Finished task <*> in stage <*> (TID <*> bytes result sent to driver,0.9535,Running task <*> in stage <*> (TID <*>,0.6487,Got assigned task 273,0.463,15.06,33
108,Got assigned task 1256,partial,Got assigned task <*>,0.9573,Got assigned task 360,0.7785,Got assigned task 590,0.7744,14.59,33
109,Running task 16.0 in stage 27.0 (TID 1256),partial,Running task <*> in stage <*> (TID <*>,0.9259,Finished task <*> in stage <*> (TID <*> bytes result sent to driver,0.6415,Got assigned task <*>,0.4553,15.27,33
110,Got assigned task 1257,partial,Got assigned task <*>,0.956,Got assigned task 360,0.7685,Got assigned task 590,0.7605,14.45,33
111,Finished task 13.0 in stage 27.0 (TID 1253). 2522 bytes result sent to driver,partial,Finished task <*> in stage <*> (TID <*> bytes result sent to driver,0.9612,Running task <*> in stage <*> (TID <*>,0.6144,Got assigned task <*>,0.489,15.02,33
112,Running task 17.0 in stage 27.0 (TID 1257),partial,Running task <*> in stage <*> (TID <*>,0.8947,Finished task <*> in stage <*> (TID <*> bytes result sent to driver,0.6324,Got assigned task <*>,0.4938,14.38,33
113,Got assigned task 1258,partial,Got assigned task <*>,0.9488,Got assigned task 360,0.7726,Got assigned task 590,0.7629,14.02,33
114,Running task 18.0 in stage 27.0 (TID 1258),partial,Running task <*> in stage <*> (TID <*>,0.9143,Finished task <*> in stage <*> (TID <*> bytes result sent to driver,0.6286,Got assigned task <*>,0.4793,14.31,33
115,Got assigned task 1259,partial,Got assigned task <*>,0.9649,Got assigned task 590,0.7681,Got assigned task 360,0.7617,14.05,33
116,Running task 19.0 in stage 27.0 (TID 1259),partial,Running task <*> in stage <*> (TID <*>,0.9043,Finished task <*> in stage <*> (TID <*> bytes result sent to driver,0.6305,Got assigned task <*>,0.4685,14.75,33
117,Found block rdd_42_16 locally,partial,Found block rdd_<*> locally,0.967,"Block rdd_<*> stored as bytes in memory (estimated size <*> <*>, free <*> <*>)",0.649,"Partition rdd_<*> not found, computing it",0.5912,14.53,33
118,Found block rdd_42_17 locally,partial,Found block rdd_<*> locally,0.9717,"Block rdd_<*> stored as bytes in memory (estimated size <*> <*>, free <*> <*>)",0.6308,"Partition rdd_<*> not found, computing it",0.5844,14.64,33
119,Found block rdd_42_19 locally,partial,Found block rdd_<*> locally,0.978,"Block rdd_<*> stored as bytes in memory (estimated size <*> <*>, free <*> <*>)",0.631,"Partition rdd_<*> not found, computing it",0.5945,14.6,33
120,Found block rdd_42_18 locally,partial,Found block rdd_<*> locally,0.9779,"Block rdd_<*> stored as bytes in memory (estimated size <*> <*>, free <*> <*>)",0.6292,"Partition rdd_<*> not found, computing it",0.5947,14.59,33
121,"Times: total = 42, boot = 19, init = 22, finish = 1",partial,Times: total = <*> boot = <*> init = <*> finish = <*>,0.9798,Finished task <*> in stage <*> (TID <*> bytes result sent to driver,0.3921,Got assigned task 273,0.2609,14.83,33
122,Finished task 15.0 in stage 27.0 (TID 1255). 2523 bytes result sent to driver,partial,Finished task <*> in stage <*> (TID <*> bytes result sent to driver,0.9528,Running task <*> in stage <*> (TID <*>,0.6071,Got assigned task <*>,0.4869,15.19,33
123,"Times: total = 39, boot = 15, init = 24, finish = 0",partial,Times: total = <*> boot = <*> init = <*> finish = <*>,0.9783,Finished task <*> in stage <*> (TID <*> bytes result sent to driver,0.3924,Reading broadcast variable <*> took <*> ms,0.273,14.81,33
124,Got assigned task 1260,partial,Got assigned task <*>,0.9469,Got assigned task 590,0.7994,Got assigned task 273,0.7616,14.36,33
125,Running task 20.0 in stage 27.0 (TID 1260),partial,Running task <*> in stage <*> (TID <*>,0.93,Finished task <*> in stage <*> (TID <*> bytes result sent to driver,0.6457,Got assigned task <*>,0.4398,14.81,33
126,Finished task 16.0 in stage 27.0 (TID 1256). 2171 bytes result sent to driver,partial,Finished task <*> in stage <*> (TID <*> bytes result sent to driver,0.9611,Running task <*> in stage <*> (TID <*>,0.6037,Got assigned task 273,0.4925,15.07,33
127,"Times: total = 40, boot = 14, init = 26, finish = 0",partial,Times: total = <*> boot = <*> init = <*> finish = <*>,0.9762,Finished task <*> in stage <*> (TID <*> bytes result sent to driver,0.4091,Reading broadcast variable <*> took <*> ms,0.2663,14.83,33
128,"Times: total = 39, boot = 13, init = 25, finish = 1",partial,Times: total = <*> boot = <*> init = <*> finish = <*>,0.9768,Finished task <*> in stage <*> (TID <*> bytes result sent to driver,0.3852,Reading broadcast variable <*> took <*> ms,0.2518,14.67,33
129,Found block rdd_42_20 locally,partial,Found block rdd_<*> locally,0.9707,"Block rdd_<*> stored as bytes in memory (estimated size <*> <*>, free <*> <*>)",0.6447,"Partition rdd_<*> not found, computing it",0.5913,14.1,33
130,Got assigned task 1261,partial,Got assigned task <*>,0.9519,Got assigned task 590,0.7823,Got assigned task 273,0.7685,14.33,33
131,Running task 21.0 in stage 27.0 (TID 1261),partial,Running task <*> in stage <*> (TID <*>,0.9248,Finished task <*> in stage <*> (TID <*> bytes result sent to driver,0.6667,Got assigned task 273,0.496,14.61,33
132,Finished task 19.0 in stage 27.0 (TID 1259). 2517 bytes result sent to driver,partial,Finished task <*> in stage <*> (TID <*> bytes result sent to driver,0.9592,Running task <*> in stage <*> (TID <*>,0.6104,Got assigned task 273,0.4784,14.65,33
133,Finished task 17.0 in stage 27.0 (TID 1257). 2128 bytes result sent to driver,partial,Finished task <*> in stage <*> (TID <*> bytes result sent to driver,0.9607,Running task <*> in stage <*> (TID <*>,0.6122,Got assigned task 273,0.4879,14.64,33
134,"Times: total = 42, boot = 16, init = 25, finish = 1",partial,Times: total = <*> boot = <*> init = <*> finish = <*>,0.9816,Finished task <*> in stage <*> (TID <*> bytes result sent to driver,0.3897,Got assigned task 273,0.259,14.66,33
135,Finished task 18.0 in stage 27.0 (TID 1258). 2349 bytes result sent to driver,partial,Finished task <*> in stage <*> (TID <*> bytes result sent to driver,0.9645,Running task <*> in stage <*> (TID <*>,0.6479,Got assigned task 273,0.4847,15.07,33
136,Got assigned task 1262,partial,Got assigned task <*>,0.9406,Got assigned task 273,0.7813,Got assigned task 590,0.7564,14.19,33
137,Running task 22.0 in stage 27.0 (TID 1262),partial,Running task <*> in stage <*> (TID <*>,0.9119,Finished task <*> in stage <*> (TID <*> bytes result sent to driver,0.6604,Got assigned task 273,0.475,14.74,33
138,Got assigned task 1263,partial,Got assigned task <*>,0.9529,Got assigned task 273,0.78,Got assigned task 590,0.7649,14.35,33
139,Found block rdd_42_21 locally,partial,Found block rdd_<*> locally,0.9757,"Block rdd_<*> stored as bytes in memory (estimated size <*> <*>, free <*> <*>)",0.6392,"Partition rdd_<*> not found, computing it",0.5977,14.49,33
140,Running task 23.0 in stage 27.0 (TID 1263),partial,Running task <*> in stage <*> (TID <*>,0.9198,Finished task <*> in stage <*> (TID <*> bytes result sent to driver,0.6691,Got assigned task <*>,0.5043,14.59,33
141,Got assigned task 1264,partial,Got assigned task <*>,0.9509,Got assigned task 273,0.775,Got assigned task 590,0.7668,14.25,33
142,Running task 24.0 in stage 27.0 (TID 1264),partial,Running task <*> in stage <*> (TID <*>,0.9262,Finished task <*> in stage <*> (TID <*> bytes result sent to driver,0.6562,Got assigned task <*>,0.4882,14.6,33
143,Found block rdd_42_22 locally,partial,Found block rdd_<*> locally,0.968,"Block rdd_<*> stored as bytes in memory (estimated size <*> <*>, free <*> <*>)",0.6309,"Partition rdd_<*> not found, computing it",0.5814,14.47,33
144,Found block rdd_42_24 locally,partial,Found block rdd_<*> locally,0.977,"Block rdd_<*> stored as bytes in memory (estimated size <*> <*>, free <*> <*>)",0.6254,"Partition rdd_<*> not found, computing it",0.5948,14.5,33
145,Found block rdd_42_23 locally,partial,Found block rdd_<*> locally,0.9757,"Block rdd_<*> stored as bytes in memory (estimated size <*> <*>, free <*> <*>)",0.6248,"Partition rdd_<*> not found, computing it",0.5869,14.32,33
146,"Times: total = 40, boot = 17, init = 22, finish = 1",partial,Times: total = <*> boot = <*> init = <*> finish = <*>,0.9816,Finished task <*> in stage <*> (TID <*> bytes result sent to driver,0.3775,Reading broadcast variable <*> took <*> ms,0.2575,14.83,33
147,Finished task 20.0 in stage 27.0 (TID 1260). 2355 bytes result sent to driver,partial,Finished task <*> in stage <*> (TID <*> bytes result sent to driver,0.9695,Running task <*> in stage <*> (TID <*>,0.6505,Got assigned task 273,0.4603,15.13,33
148,"Times: total = 41, boot = 19, init = 21, finish = 1",partial,Times: total = <*> boot = <*> init = <*> finish = <*>,0.9728,Finished task <*> in stage <*> (TID <*> bytes result sent to driver,0.391,Reading broadcast variable <*> took <*> ms,0.2607,14.78,33
149,Got assigned task 1265,partial,Got assigned task <*>,0.9566,Got assigned task 590,0.7731,Got assigned task 273,0.7534,14.62,33
150,Running task 25.0 in stage 27.0 (TID 1265),partial,Running task <*> in stage <*> (TID <*>,0.9056,Finished task <*> in stage <*> (TID <*> bytes result sent to driver,0.6487,Got assigned task <*>,0.5084,15.35,33
151,Finished task 21.0 in stage 27.0 (TID 1261). 2486 bytes result sent to driver,partial,Finished task <*> in stage <*> (TID <*> bytes result sent to driver,0.9696,Running task <*> in stage <*> (TID <*>,0.6274,Got assigned task 273,0.4769,15.18,33
152,"Times: total = 41, boot = 14, init = 25, finish = 2",partial,Times: total = <*> boot = <*> init = <*> finish = <*>,0.9775,Finished task <*> in stage <*> (TID <*> bytes result sent to driver,0.3811,Reading broadcast variable <*> took <*> ms,0.2489,15.25,33
153,"Times: total = 41, boot = 11, init = 29, finish = 1",partial,Times: total = <*> boot = <*> init = <*> finish = <*>,0.973,Finished task <*> in stage <*> (TID <*> bytes result sent to driver,0.3974,Reading broadcast variable <*> took <*> ms,0.263,14.88,33
154,Got assigned task 1266,partial,Got assigned task <*>,0.9516,Got assigned task 273,0.7855,Got assigned task 590,0.7802,14.2,33
155,Running task 26.0 in stage 27.0 (TID 1266),partial,Running task <*> in stage <*> (TID <*>,0.8968,Finished task <*> in stage <*> (TID <*> bytes result sent to driver,0.6527,Got assigned task <*>,0.4947,14.36,33
156,"Times: total = 41, boot = 19, init = 21, finish = 1",partial,Times: total = <*> boot = <*> init = <*> finish = <*>,0.9733,Finished task <*> in stage <*> (TID <*> bytes result sent to driver,0.391,Reading broadcast variable <*> took <*> ms,0.2607,14.79,33
157,Found block rdd_42_25 locally,partial,Found block rdd_<*> locally,0.9746,"Block rdd_<*> stored as bytes in memory (estimated size <*> <*>, free <*> <*>)",0.6319,"Partition rdd_<*> not found, computing it",0.5834,14.41,33
158,Finished task 22.0 in stage 27.0 (TID 1262). 2171 bytes result sent to driver,partial,Finished task <*> in stage <*> (TID <*> bytes result sent to driver,0.9427,Running task <*> in stage <*> (TID <*>,0.5642,Got assigned task 273,0.4914,15.01,33
159,Finished task 24.0 in stage 27.0 (TID 1264). 2592 bytes result sent to driver,partial,Finished task <*> in stage <*> (TID <*> bytes result sent to driver,0.9699,Running task <*> in stage <*> (TID <*>,0.6117,Got assigned task 273,0.4979,15.02,33
160,Finished task 23.0 in stage 27.0 (TID 1263). 2385 bytes result sent to driver,partial,Finished task <*> in stage <*> (TID <*> bytes result sent to driver,0.9662,Running task <*> in stage <*> (TID <*>,0.6063,Got assigned task 273,0.4927,15.32,33
161,Found block rdd_42_26 locally,partial,Found block rdd_<*> locally,0.9797,"Block rdd_<*> stored as bytes in memory (estimated size <*> <*>, free <*> <*>)",0.6249,"Partition rdd_<*> not found, computing it",0.5818,14.59,33
162,Got assigned task 1267,partial,Got assigned task <*>,0.9557,Got assigned task 273,0.7837,Got assigned task 590,0.7732,14.34,33
163,Running task 27.0 in stage 27.0 (TID 1267),partial,Running task <*> in stage <*> (TID <*>,0.905,Finished task <*> in stage <*> (TID <*> bytes result sent to driver,0.6545,Got assigned task 273,0.4833,14.66,33
164,Got assigned task 1268,partial,Got assigned task <*>,0.967,Got assigned task 273,0.7998,Got assigned task 590,0.7893,13.99,33
165,Running task 28.0 in stage 27.0 (TID 1268),partial,Running task <*> in stage <*> (TID <*>,0.8959,Finished task <*> in stage <*> (TID <*> bytes result sent to driver,0.6609,Got assigned task 273,0.499,14.38,33
166,Got assigned task 1269,partial,Got assigned task <*>,0.9668,Got assigned task 590,0.7863,Got assigned task 273,0.7648,14.31,33
167,Running task 29.0 in stage 27.0 (TID 1269),partial,Running task <*> in stage <*> (TID <*>,0.8841,Finished task <*> in stage <*> (TID <*> bytes result sent to driver,0.6455,Got assigned task <*>,0.4759,14.57,33
168,Found block rdd_42_27 locally,partial,Found block rdd_<*> locally,0.9765,"Block rdd_<*> stored as bytes in memory (estimated size <*> <*>, free <*> <*>)",0.6264,"Partition rdd_<*> not found, computing it",0.5955,14.84,33
169,Found block rdd_42_28 locally,partial,Found block rdd_<*> locally,0.9697,"Block rdd_<*> stored as bytes in memory (estimated size <*> <*>, free <*> <*>)",0.6254,"Partition rdd_<*> not found, computing it",0.5851,14.38,33
170,Found block rdd_42_29 locally,partial,Found block rdd_<*> locally,0.9681,"Block rdd_<*> stored as bytes in memory (estimated size <*> <*>, free <*> <*>)",0.6251,"Partition rdd_<*> not found, computing it",0.5839,14.63,33
171,"Times: total = 42, boot = 14, init = 27, finish = 1",partial,Times: total = <*> boot = <*> init = <*> finish = <*>,0.9763,Finished task <*> in stage <*> (TID <*> bytes result sent to driver,0.3965,Got assigned task 273,0.2757,14.83,33
172,"Times: total = 41, boot = 35, init = 5, finish = 1",partial,Times: total = <*> boot = <*> init = <*> finish = <*>,0.9746,Finished task <*> in stage <*> (TID <*> bytes result sent to driver,0.3618,Got assigned task 273,0.2389,14.77,33
173,"Times: total = 41, boot = 34, init = 6, finish = 1",partial,Times: total = <*> boot = <*> init = <*> finish = <*>,0.9787,Finished task <*> in stage <*> (TID <*> bytes result sent to driver,0.3691,Got assigned task 273,0.247,14.67,33
174,"Times: total = 42, boot = 34, init = 7, finish = 1",partial,Times: total = <*> boot = <*> init = <*> finish = <*>,0.97,Finished task <*> in stage <*> (TID <*> bytes result sent to driver,0.3812,Got assigned task 273,0.2678,15.01,33
175,Finished task 27.0 in stage 27.0 (TID 1267). 2182 bytes result sent to driver,partial,Finished task <*> in stage <*> (TID <*> bytes result sent to driver,0.9637,Running task <*> in stage <*> (TID <*>,0.5934,Got assigned task 273,0.4877,15.17,33
176,Finished task 28.0 in stage 27.0 (TID 1268). 2349 bytes result sent to driver,partial,Finished task <*> in stage <*> (TID <*> bytes result sent to driver,0.9658,Running task <*> in stage <*> (TID <*>,0.5998,Got assigned task 273,0.4793,15.13,33
177,Finished task 26.0 in stage 27.0 (TID 1266). 2267 bytes result sent to driver,partial,Finished task <*> in stage <*> (TID <*> bytes result sent to driver,0.9654,Running task <*> in stage <*> (TID <*>,0.588,Got assigned task 273,0.4866,14.89,33
178,Finished task 25.0 in stage 27.0 (TID 1265). 2355 bytes result sent to driver,partial,Finished task <*> in stage <*> (TID <*> bytes result sent to driver,0.9683,Running task <*> in stage <*> (TID <*>,0.6056,Got assigned task 273,0.4747,14.55,33
179,Got assigned task 1270,fuzzy,Got assigned task <*>,0.7985,Got assigned task 590,0.7032,Got assigned task 273,0.683,14.23,33
180,Running task 30.0 in stage 27.0 (TID 1270),partial,Running task <*> in stage <*> (TID <*>,0.8478,Finished task <*> in stage <*> (TID <*> bytes result sent to driver,0.5899,Got assigned task 273,0.4062,14.75,33
181,Got assigned task 1271,partial,Got assigned task <*>,0.8269,Got assigned task 590,0.704,Got assigned task 273,0.7012,14.42,33
182,Running task 31.0 in stage 27.0 (TID 1271),partial,Running task <*> in stage <*> (TID <*>,0.8673,Finished task <*> in stage <*> (TID <*> bytes result sent to driver,0.6102,Got assigned task 273,0.4642,14.79,33
183,Got assigned task 1272,partial,Got assigned task <*>,0.8317,Got assigned task 273,0.7222,Got assigned task 590,0.6921,14.51,33
184,Running task 32.0 in stage 27.0 (TID 1272),partial,Running task <*> in stage <*> (TID <*>,0.8612,Finished task <*> in stage <*> (TID <*> bytes result sent to driver,0.6066,Got assigned task 273,0.4568,14.73,33
185,Got assigned task 1273,partial,Got assigned task <*>,0.8419,Got assigned task 273,0.7226,Got assigned task 590,0.6903,14.39,33
186,Running task 33.0 in stage 27.0 (TID 1273),partial,Running task <*> in stage <*> (TID <*>,0.8672,Finished task <*> in stage <*> (TID <*> bytes result sent to driver,0.615,Got assigned task 273,0.4726,15.01,33
187,Found block rdd_42_31 locally,partial,Found block rdd_<*> locally,0.9732,"Block rdd_<*> stored as bytes in memory (estimated size <*> <*>, free <*> <*>)",0.6301,"Partition rdd_<*> not found, computing it",0.5898,14.52,33
188,Found block rdd_42_32 locally,partial,Found block rdd_<*> locally,0.9696,"Block rdd_<*> stored as bytes in memory (estimated size <*> <*>, free <*> <*>)",0.6473,"Partition rdd_<*> not found, computing it",0.5987,14.54,33
189,Found block rdd_42_33 locally,partial,Found block rdd_<*> locally,0.9728,"Block rdd_<*> stored as bytes in memory (estimated size <*> <*>, free <*> <*>)",0.6205,"Partition rdd_<*> not found, computing it",0.5893,14.62,33
190,Found block rdd_42_30 locally,partial,Found block rdd_<*> locally,0.9777,"Block rdd_<*> stored as bytes in memory (estimated size <*> <*>, free <*> <*>)",0.6343,"Partition rdd_<*> not found, computing it",0.5813,15.14,33
191,"Times: total = 108, boot = 28, init = 79, finish = 1",partial,Times: total = <*> boot = <*> init = <*> finish = <*>,0.9752,Finished task <*> in stage <*> (TID <*> bytes result sent to driver,0.3812,Reading broadcast variable <*> took <*> ms,0.2634,15.22,33
192,Finished task 29.0 in stage 27.0 (TID 1269). 2349 bytes result sent to driver,partial,Finished task <*> in stage <*> (TID <*> bytes result sent to driver,0.9639,Running task <*> in stage <*> (TID <*>,0.6038,Got assigned task 273,0.4719,14.94,33
193,Got assigned task 1274,partial,Got assigned task <*>,0.8606,Got assigned task 273,0.726,Got assigned task 590,0.7053,14.63,33
194,Running task 34.0 in stage 27.0 (TID 1274),partial,Running task <*> in stage <*> (TID <*>,0.8793,Finished task <*> in stage <*> (TID <*> bytes result sent to driver,0.6214,Got assigned task 273,0.4664,14.96,33
195,Found block rdd_42_34 locally,partial,Found block rdd_<*> locally,0.9744,"Block rdd_<*> stored as bytes in memory (estimated size <*> <*>, free <*> <*>)",0.631,"Partition rdd_<*> not found, computing it",0.5851,14.81,33
196,"Times: total = 40, boot = -27, init = 66, finish = 1",partial,Times: total = <*> boot = <*> init = <*> finish = <*>,0.9878,Finished task <*> in stage <*> (TID <*> bytes result sent to driver,0.3998,Got assigned task 273,0.2789,15.08,33
197,Finished task 31.0 in stage 27.0 (TID 1271). 2128 bytes result sent to driver,partial,Finished task <*> in stage <*> (TID <*> bytes result sent to driver,0.939,Running task <*> in stage <*> (TID <*>,0.6612,Got assigned task 273,0.4808,15.2,33
198,"Times: total = 42, boot = -28, init = 69, finish = 1",partial,Times: total = <*> boot = <*> init = <*> finish = <*>,0.9786,Finished task <*> in stage <*> (TID <*> bytes result sent to driver,0.407,Got assigned task 273,0.2953,14.84,33
199,"Times: total = 41, boot = -24, init = 64, finish = 1",partial,Times: total = <*> boot = <*> init = <*> finish = <*>,0.9692,Finished task <*> in stage <*> (TID <*> bytes result sent to driver,0.4222,Got assigned task 273,0.2899,14.66,33
200,"Times: total = 41, boot = -15, init = 55, finish = 1",partial,Times: total = <*> boot = <*> init = <*> finish = <*>,0.981,Finished task <*> in stage <*> (TID <*> bytes result sent to driver,0.3876,Got assigned task 273,0.2552,14.77,33
201,Finished task 32.0 in stage 27.0 (TID 1272). 2801 bytes result sent to driver,partial,Finished task <*> in stage <*> (TID <*> bytes result sent to driver,0.9228,Running task <*> in stage <*> (TID <*>,0.6747,Got assigned task 273,0.472,15.02,33
202,Finished task 33.0 in stage 27.0 (TID 1273). 2592 bytes result sent to driver,partial,Finished task <*> in stage <*> (TID <*> bytes result sent to driver,0.9572,Running task <*> in stage <*> (TID <*>,0.6498,Got assigned task 273,0.5003,15.41,33
203,Got assigned task 1275,partial,Got assigned task <*>,0.8855,Got assigned task 590,0.7156,Got assigned task 273,0.7153,15.69,33
204,Running task 35.0 in stage 27.0 (TID 1275),partial,Running task <*> in stage <*> (TID <*>,0.8618,Finished task <*> in stage <*> (TID <*> bytes result sent to driver,0.6097,Got assigned task <*>,0.4535,16.14,33
205,Finished task 30.0 in stage 27.0 (TID 1270). 2859 bytes result sent to driver,partial,Finished task <*> in stage <*> (TID <*> bytes result sent to driver,0.9384,Running task <*> in stage <*> (TID <*>,0.6606,Got assigned task 273,0.4537,15.45,33
206,Got assigned task 1276,partial,Got assigned task <*>,0.876,Got assigned task 273,0.7478,Got assigned task 590,0.7196,14.4,33
207,Running task 36.0 in stage 27.0 (TID 1276),partial,Running task <*> in stage <*> (TID <*>,0.8695,Finished task <*> in stage <*> (TID <*> bytes result sent to driver,0.6155,Got assigned task 273,0.4864,14.64,33
208,Got assigned task 1277,partial,Got assigned task <*>,0.8867,Got assigned task 273,0.7603,Got assigned task 590,0.7233,14.54,33
209,Running task 37.0 in stage 27.0 (TID 1277),partial,Running task <*> in stage <*> (TID <*>,0.8681,Finished task <*> in stage <*> (TID <*> bytes result sent to driver,0.6214,Got assigned task 273,0.5058,14.89,33
210,Got assigned task 1278,partial,Got assigned task <*>,0.8634,Got assigned task 273,0.7322,Got assigned task 590,0.7147,14.53,33
211,Running task 38.0 in stage 27.0 (TID 1278),partial,Running task <*> in stage <*> (TID <*>,0.8683,Finished task <*> in stage <*> (TID <*> bytes result sent to driver,0.6387,Got assigned task 273,0.5117,14.68,33
212,Found block rdd_42_35 locally,partial,Found block rdd_<*> locally,0.9692,"Block rdd_<*> stored as bytes in memory (estimated size <*> <*>, free <*> <*>)",0.6283,"Partition rdd_<*> not found, computing it",0.583,14.41,33
213,Found block rdd_42_37 locally,partial,Found block rdd_<*> locally,0.9759,"Block rdd_<*> stored as bytes in memory (estimated size <*> <*>, free <*> <*>)",0.6236,"Partition rdd_<*> not found, computing it",0.5783,14.35,33
214,Found block rdd_42_38 locally,partial,Found block rdd_<*> locally,0.9754,"Block rdd_<*> stored as bytes in memory (estimated size <*> <*>, free <*> <*>)",0.6275,"Partition rdd_<*> not found, computing it",0.5774,14.5,33
215,Found block rdd_42_36 locally,partial,Found block rdd_<*> locally,0.9779,"Block rdd_<*> stored as bytes in memory (estimated size <*> <*>, free <*> <*>)",0.6358,"Partition rdd_<*> not found, computing it",0.5894,14.56,33
216,"Times: total = 41, boot = 11, init = 29, finish = 1",partial,Times: total = <*> boot = <*> init = <*> finish = <*>,0.9738,Finished task <*> in stage <*> (TID <*> bytes result sent to driver,0.398,Reading broadcast variable <*> took <*> ms,0.263,15.02,33
217,Finished task 34.0 in stage 27.0 (TID 1274). 2128 bytes result sent to driver,partial,Finished task <*> in stage <*> (TID <*> bytes result sent to driver,0.9486,Running task <*> in stage <*> (TID <*>,0.6562,Got assigned task 273,0.4826,15.01,33
218,Got assigned task 1279,partial,Got assigned task <*>,0.8954,Got assigned task 590,0.7269,Got assigned task 273,0.7247,13.97,33
219,Running task 39.0 in stage 27.0 (TID 1279),partial,Running task <*> in stage <*> (TID <*>,0.8728,Finished task <*> in stage <*> (TID <*> bytes result sent to driver,0.6205,Got assigned task 273,0.4846,14.52,33
220,Found block rdd_42_39 locally,partial,Found block rdd_<*> locally,0.9816,"Block rdd_<*> stored as bytes in memory (estimated size <*> <*>, free <*> <*>)",0.6272,"Partition rdd_<*> not found, computing it",0.5807,14.33,33
221,"Times: total = 41, boot = 31, init = 9, finish = 1",partial,Times: total = <*> boot = <*> init = <*> finish = <*>,0.9756,Finished task <*> in stage <*> (TID <*> bytes result sent to driver,0.3708,Got assigned task 273,0.2496,14.73,33
222,"Times: total = 39, boot = 27, init = 11, finish = 1",partial,Times: total = <*> boot = <*> init = <*> finish = <*>,0.976,Finished task <*> in stage <*> (TID <*> bytes result sent to driver,0.3918,Got assigned task 273,0.2638,14.87,33
223,Finished task 35.0 in stage 27.0 (TID 1275). 2430 bytes result sent to driver,partial,Finished task <*> in stage <*> (TID <*> bytes result sent to driver,0.9415,Running task <*> in stage <*> (TID <*>,0.6568,Got assigned task 273,0.4709,14.99,33
224,"Times: total = 40, boot = 20, init = 19, finish = 1",partial,Times: total = <*> boot = <*> init = <*> finish = <*>,0.9711,Finished task <*> in stage <*> (TID <*> bytes result sent to driver,0.3732,Reading broadcast variable <*> took <*> ms,0.248,14.95,33
225,Finished task 38.0 in stage 27.0 (TID 1278). 2882 bytes result sent to driver,partial,Finished task <*> in stage <*> (TID <*> bytes result sent to driver,0.9566,Running task <*> in stage <*> (TID <*>,0.6339,Got assigned task 273,0.5042,15.18,33
226,"Times: total = 42, boot = 27, init = 14, finish = 1",partial,Times: total = <*> boot = <*> init = <*> finish = <*>,0.9773,Finished task <*> in stage <*> (TID <*> bytes result sent to driver,0.3978,Got assigned task 273,0.2775,14.94,33
227,Finished task 37.0 in stage 27.0 (TID 1277). 2349 bytes result sent to driver,partial,Finished task <*> in stage <*> (TID <*> bytes result sent to driver,0.9524,Running task <*> in stage <*> (TID <*>,0.6527,Got assigned task 273,0.4986,15.11,33
228,Finished task 36.0 in stage 27.0 (TID 1276). 2673 bytes result sent to driver,partial,Finished task <*> in stage <*> (TID <*> bytes result sent to driver,0.9605,Running task <*> in stage <*> (TID <*>,0.6241,Got assigned task 273,0.5101,14.48,33
229,"Times: total = 39, boot = 17, init = 21, finish = 1",partial,Times: total = <*> boot = <*> init = <*> finish = <*>,0.9794,Finished task <*> in stage <*> (TID <*> bytes result sent to driver,0.3966,Got assigned task 273,0.2747,14.46,33
230,Finished task 39.0 in stage 27.0 (TID 1279). 2267 bytes result sent to driver,partial,Finished task <*> in stage <*> (TID <*> bytes result sent to driver,0.964,Running task <*> in stage <*> (TID <*>,0.6272,Got assigned task 273,0.4971,15.72,33
231,Got assigned task 1280,partial,Got assigned task <*>,0.9037,Got assigned task 590,0.7831,Got assigned task 360,0.7441,14.63,33
232,Running task 0.0 in stage 28.0 (TID 1280),partial,Running task <*> in stage <*> (TID <*>,0.9404,Finished task <*> in stage <*> (TID <*> bytes result sent to driver,0.6548,Got assigned task 273,0.4349,14.67,33
233,Got assigned task 1281,partial,Got assigned task <*>,0.915,Got assigned task 590,0.7726,Got assigned task 360,0.7474,14.12,33
234,Running task 1.0 in stage 28.0 (TID 1281),partial,Running task <*> in stage <*> (TID <*>,0.9347,Finished task <*> in stage <*> (TID <*> bytes result sent to driver,0.6388,Got assigned task <*>,0.4634,14.68,33
235,Got assigned task 1282,partial,Got assigned task <*>,0.9086,Got assigned task 590,0.7596,Got assigned task 273,0.7589,14.33,33
236,Running task 2.0 in stage 28.0 (TID 1282),partial,Running task <*> in stage <*> (TID <*>,0.9126,Finished task <*> in stage <*> (TID <*> bytes result sent to driver,0.6511,Got assigned task <*>,0.4475,14.68,33
237,Got assigned task 1283,partial,Got assigned task <*>,0.9355,Got assigned task 273,0.7757,Got assigned task 590,0.7756,14.33,33
238,Running task 3.0 in stage 28.0 (TID 1283),partial,Running task <*> in stage <*> (TID <*>,0.9088,Finished task <*> in stage <*> (TID <*> bytes result sent to driver,0.63,Got assigned task <*>,0.4455,14.55,33
239,Got assigned task 1284,partial,Got assigned task <*>,0.9275,Got assigned task 590,0.7709,Got assigned task 273,0.7649,14.42,33
240,Running task 4.0 in stage 28.0 (TID 1284),partial,Running task <*> in stage <*> (TID <*>,0.9017,Finished task <*> in stage <*> (TID <*> bytes result sent to driver,0.6104,Got assigned task <*>,0.4364,14.78,33
241,Started reading broadcast variable 39,partial,Started reading broadcast variable <*>,0.9653,Reading broadcast variable <*> took <*> ms,0.777,"Block broadcast_<*> stored as <*> in memory (estimated size <*> <*>, free <*> <*>)",0.5025,13.88,33
242,"Block broadcast_39_piece0 stored as bytes in memory (estimated size 5.4 <*>, free 859.1 <*>)",partial,"Block broadcast_<*> stored as <*> in memory (estimated size <*> <*>, free <*> <*>)",0.9694,Reading broadcast variable <*> took <*> ms,0.5146,"Block rdd_<*> stored as bytes in memory (estimated size <*> <*>, free <*> <*>)",0.4886,14.78,33
243,Reading broadcast variable 39 took 716 ms,partial,Reading broadcast variable <*> took <*> ms,0.9472,Started reading broadcast variable <*>,0.7714,"Block broadcast_<*> stored as <*> in memory (estimated size <*> <*>, free <*> <*>)",0.5392,14.57,33
244,"Block broadcast_39 stored as values in memory (estimated size 9.2 <*>, free 868.3 <*>)",partial,"Block broadcast_<*> stored as <*> in memory (estimated size <*> <*>, free <*> <*>)",0.9543,Reading broadcast variable <*> took <*> ms,0.5566,Started reading broadcast variable <*>,0.5191,15.24,33
245,Found block rdd_42_1 locally,partial,Found block rdd_<*> locally,0.9784,"Block rdd_<*> stored as bytes in memory (estimated size <*> <*>, free <*> <*>)",0.6436,"Partition rdd_<*> not found, computing it",0.608,14.46,33
246,Found block rdd_42_4 locally,partial,Found block rdd_<*> locally,0.9726,"Block rdd_<*> stored as bytes in memory (estimated size <*> <*>, free <*> <*>)",0.6323,"Partition rdd_<*> not found, computing it",0.6073,14.35,33
247,Found block rdd_42_3 locally,partial,Found block rdd_<*> locally,0.9738,"Block rdd_<*> stored as bytes in memory (estimated size <*> <*>, free <*> <*>)",0.6197,"Partition rdd_<*> not found, computing it",0.6069,14.35,33
248,Found block rdd_42_2 locally,partial,Found block rdd_<*> locally,0.9775,"Block rdd_<*> stored as bytes in memory (estimated size <*> <*>, free <*> <*>)",0.6383,"Partition rdd_<*> not found, computing it",0.6058,14.35,33
249,Found block rdd_42_0 locally,partial,Found block rdd_<*> locally,0.9793,"Block rdd_<*> stored as bytes in memory (estimated size <*> <*>, free <*> <*>)",0.6528,"Partition rdd_<*> not found, computing it",0.6055,14.55,33
250,"Times: total = 39, boot = -790, init = 829, finish = 0",partial,Times: total = <*> boot = <*> init = <*> finish = <*>,0.9677,Finished task <*> in stage <*> (TID <*> bytes result sent to driver,0.4132,Server created on <*>,0.3125,15.49,33
251,"Times: total = 38, boot = -784, init = 822, finish = 0",partial,Times: total = <*> boot = <*> init = <*> finish = <*>,0.9812,Finished task <*> in stage <*> (TID <*> bytes result sent to driver,0.4112,Got assigned task 273,0.2854,15.21,33
252,"Times: total = 39, boot = -784, init = 823, finish = 0",partial,Times: total = <*> boot = <*> init = <*> finish = <*>,0.9797,Finished task <*> in stage <*> (TID <*> bytes result sent to driver,0.4116,Server created on <*>,0.294,14.35,33
253,Finished task 4.0 in stage 28.0 (TID 1284). 2087 bytes result sent to driver,partial,Finished task <*> in stage <*> (TID <*> bytes result sent to driver,0.9552,Running task <*> in stage <*> (TID <*>,0.6539,Got assigned task 273,0.4695,14.5,33
254,"Times: total = 41, boot = -768, init = 809, finish = 0",partial,Times: total = <*> boot = <*> init = <*> finish = <*>,0.9732,Finished task <*> in stage <*> (TID <*> bytes result sent to driver,0.4066,Server created on <*>,0.3099,14.86,33
255,Finished task 2.0 in stage 28.0 (TID 1282). 2087 bytes result sent to driver,partial,Finished task <*> in stage <*> (TID <*> bytes result sent to driver,0.9611,Running task <*> in stage <*> (TID <*>,0.6539,Got assigned task 273,0.4705,15.29,33
256,Finished task 3.0 in stage 28.0 (TID 1283). 2087 bytes result sent to driver,partial,Finished task <*> in stage <*> (TID <*> bytes result sent to driver,0.9588,Running task <*> in stage <*> (TID <*>,0.6514,Got assigned task 273,0.4683,15.16,33
257,"Times: total = 49, boot = -793, init = 841, finish = 1",partial,Times: total = <*> boot = <*> init = <*> finish = <*>,0.9749,Finished task <*> in stage <*> (TID <*> bytes result sent to driver,0.4141,Got assigned task 273,0.2882,14.77,33
258,Got assigned task 1285,partial,Got assigned task <*>,0.9387,Got assigned task 590,0.7773,Got assigned task 360,0.7616,14.35,33
259,Running task 5.0 in stage 28.0 (TID 1285),partial,Running task <*> in stage <*> (TID <*>,0.9104,Finished task <*> in stage <*> (TID <*> bytes result sent to driver,0.6222,Got assigned task <*>,0.4732,14.93,33
260,Finished task 0.0 in stage 28.0 (TID 1280). 2087 bytes result sent to driver,partial,Finished task <*> in stage <*> (TID <*> bytes result sent to driver,0.9708,Running task <*> in stage <*> (TID <*>,0.6746,Got assigned task 273,0.4821,15.17,33
261,Got assigned task 1286,partial,Got assigned task <*>,0.9388,Got assigned task 590,0.7888,Got assigned task 273,0.7827,14.3,33
262,Running task 6.0 in stage 28.0 (TID 1286),partial,Running task <*> in stage <*> (TID <*>,0.9069,Finished task <*> in stage <*> (TID <*> bytes result sent to driver,0.627,Got assigned task <*>,0.4534,14.75,33
263,Got assigned task 1287,partial,Got assigned task <*>,0.9304,Got assigned task 590,0.776,Got assigned task 273,0.7742,14.38,33
264,Finished task 1.0 in stage 28.0 (TID 1281). 2087 bytes result sent to driver,partial,Finished task <*> in stage <*> (TID <*> bytes result sent to driver,0.9726,Running task <*> in stage <*> (TID <*>,0.6642,Got assigned task 273,0.4776,14.59,33
265,Running task 7.0 in stage 28.0 (TID 1287),partial,Running task <*> in stage <*> (TID <*>,0.8923,Finished task <*> in stage <*> (TID <*> bytes result sent to driver,0.6156,Got assigned task <*>,0.449,14.2,33
266,Got assigned task 1288,partial,Got assigned task <*>,0.917,Got assigned task 590,0.7742,Got assigned task 273,0.7629,14.26,33
267,Running task 8.0 in stage 28.0 (TID 1288),partial,Running task <*> in stage <*> (TID <*>,0.8686,Finished task <*> in stage <*> (TID <*> bytes result sent to driver,0.5987,Got assigned task <*>,0.4239,14.6,33
268,Found block rdd_42_5 locally,partial,Found block rdd_<*> locally,0.9737,"Block rdd_<*> stored as bytes in memory (estimated size <*> <*>, free <*> <*>)",0.6331,"Partition rdd_<*> not found, computing it",0.5913,14.42,33
269,Found block rdd_42_6 locally,partial,Found block rdd_<*> locally,0.9786,"Block rdd_<*> stored as bytes in memory (estimated size <*> <*>, free <*> <*>)",0.6315,"Partition rdd_<*> not found, computing it",0.5974,14.5,33
270,Got assigned task 1289,partial,Got assigned task <*>,0.9414,Got assigned task 590,0.7857,Got assigned task 360,0.7608,14.64,33
271,Running task 9.0 in stage 28.0 (TID 1289),partial,Running task <*> in stage <*> (TID <*>,0.9011,Finished task <*> in stage <*> (TID <*> bytes result sent to driver,0.6117,Got assigned task <*>,0.4606,15.31,33
272,Found block rdd_42_7 locally,partial,Found block rdd_<*> locally,0.9733,"Block rdd_<*> stored as bytes in memory (estimated size <*> <*>, free <*> <*>)",0.6324,"Partition rdd_<*> not found, computing it",0.5946,14.55,33
273,Found block rdd_42_8 locally,partial,Found block rdd_<*> locally,0.971,"Block rdd_<*> stored as bytes in memory (estimated size <*> <*>, free <*> <*>)",0.6363,"Partition rdd_<*> not found, computing it",0.5918,14.57,33
274,Found block rdd_42_9 locally,partial,Found block rdd_<*> locally,0.9735,"Block rdd_<*> stored as bytes in memory (estimated size <*> <*>, free <*> <*>)",0.6243,"Partition rdd_<*> not found, computing it",0.5813,14.71,33
275,"Times: total = 38, boot = 23, init = 15, finish = 0",partial,Times: total = <*> boot = <*> init = <*> finish = <*>,0.9804,Finished task <*> in stage <*> (TID <*> bytes result sent to driver,0.3911,Reading broadcast variable <*> took <*> ms,0.2591,15.02,33
276,"Times: total = 40, boot = 16, init = 24, finish = 0",partial,Times: total = <*> boot = <*> init = <*> finish = <*>,0.9745,Finished task <*> in stage <*> (TID <*> bytes result sent to driver,0.3877,Reading broadcast variable <*> took <*> ms,0.2707,14.91,33
277,Finished task 6.0 in stage 28.0 (TID 1286). 2087 bytes result sent to driver,partial,Finished task <*> in stage <*> (TID <*> bytes result sent to driver,0.9546,Running task <*> in stage <*> (TID <*>,0.635,Got assigned task 273,0.4745,15.19,33
278,"Times: total = 42, boot = 13, init = 28, finish = 1",partial,Times: total = <*> boot = <*> init = <*> finish = <*>,0.973,Finished task <*> in stage <*> (TID <*> bytes result sent to driver,0.3942,Got assigned task 273,0.2682,14.27,33
279,Finished task 5.0 in stage 28.0 (TID 1285). 2087 bytes result sent to driver,partial,Finished task <*> in stage <*> (TID <*> bytes result sent to driver,0.9577,Running task <*> in stage <*> (TID <*>,0.6472,Got assigned task <*>,0.4668,14.42,33
280,"Times: total = 39, boot = 23, init = 16, finish = 0",partial,Times: total = <*> boot = <*> init = <*> finish = <*>,0.9841,Finished task <*> in stage <*> (TID <*> bytes result sent to driver,0.4036,Reading broadcast variable <*> took <*> ms,0.2825,14.65,33
281,"Times: total = 42, boot = 13, init = 29, finish = 0",partial,Times: total = <*> boot = <*> init = <*> finish = <*>,0.9751,Finished task <*> in stage <*> (TID <*> bytes result sent to driver,0.4214,Got assigned task 273,0.2801,14.63,33
282,Finished task 7.0 in stage 28.0 (TID 1287). 2087 bytes result sent to driver,partial,Finished task <*> in stage <*> (TID <*> bytes result sent to driver,0.9546,Running task <*> in stage <*> (TID <*>,0.6365,Got assigned task 273,0.4772,14.98,33
283,Got assigned task 1290,partial,Got assigned task <*>,0.9515,Got assigned task 590,0.805,Got assigned task 360,0.7759,14.25,33
284,Running task 10.0 in stage 28.0 (TID 1290),partial,Running task <*> in stage <*> (TID <*>,0.9402,Finished task <*> in stage <*> (TID <*> bytes result sent to driver,0.6329,Got assigned task <*>,0.4728,14.64,33
285,Got assigned task 1291,partial,Got assigned task <*>,0.9425,Got assigned task 590,0.7789,Got assigned task 360,0.7635,14.52,33
286,Running task 11.0 in stage 28.0 (TID 1291),partial,Running task <*> in stage <*> (TID <*>,0.9429,Finished task <*> in stage <*> (TID <*> bytes result sent to driver,0.641,Got assigned task <*>,0.5271,14.67,33
287,Got assigned task 1292,partial,Got assigned task <*>,0.936,Got assigned task 273,0.7699,Got assigned task 360,0.7619,14.49,33
288,Finished task 9.0 in stage 28.0 (TID 1289). 2087 bytes result sent to driver,partial,Finished task <*> in stage <*> (TID <*> bytes result sent to driver,0.9532,Running task <*> in stage <*> (TID <*>,0.6421,Got assigned task 273,0.4585,15.37,33
289,Finished task 8.0 in stage 28.0 (TID 1288). 2087 bytes result sent to driver,partial,Finished task <*> in stage <*> (TID <*> bytes result sent to driver,0.9363,Running task <*> in stage <*> (TID <*>,0.6298,Got assigned task 273,0.4618,15.12,33
290,Running task 12.0 in stage 28.0 (TID 1292),partial,Running task <*> in stage <*> (TID <*>,0.927,Finished task <*> in stage <*> (TID <*> bytes result sent to driver,0.6396,Got assigned task <*>,0.5172,14.22,33
291,Found block rdd_42_10 locally,partial,Found block rdd_<*> locally,0.9796,"Block rdd_<*> stored as bytes in memory (estimated size <*> <*>, free <*> <*>)",0.6386,"Partition rdd_<*> not found, computing it",0.5938,14.07,33
292,Got assigned task 1293,partial,Got assigned task <*>,0.9382,Got assigned task 273,0.7705,Got assigned task 360,0.7685,13.96,33
293,Running task 13.0 in stage 28.0 (TID 1293),partial,Running task <*> in stage <*> (TID <*>,0.9252,Finished task <*> in stage <*> (TID <*> bytes result sent to driver,0.6396,Got assigned task <*>,0.5139,14.54,33
294,Found block rdd_42_11 locally,partial,Found block rdd_<*> locally,0.9783,"Block rdd_<*> stored as bytes in memory (estimated size <*> <*>, free <*> <*>)",0.6323,"Partition rdd_<*> not found, computing it",0.5948,14.37,33
295,Got assigned task 1294,partial,Got assigned task <*>,0.9481,Got assigned task 590,0.777,Got assigned task 360,0.776,14.17,33
296,Running task 14.0 in stage 28.0 (TID 1294),partial,Running task <*> in stage <*> (TID <*>,0.9157,Finished task <*> in stage <*> (TID <*> bytes result sent to driver,0.6396,Got assigned task <*>,0.499,14.68,33
297,Found block rdd_42_12 locally,partial,Found block rdd_<*> locally,0.9796,"Block rdd_<*> stored as bytes in memory (estimated size <*> <*>, free <*> <*>)",0.6358,"Partition rdd_<*> not found, computing it",0.5936,14.6,33
298,Found block rdd_42_13 locally,partial,Found block rdd_<*> locally,0.9835,"Block rdd_<*> stored as bytes in memory (estimated size <*> <*>, free <*> <*>)",0.6274,"Partition rdd_<*> not found, computing it",0.5898,14.67,33
299,Found block rdd_42_14 locally,partial,Found block rdd_<*> locally,0.9812,"Block rdd_<*> stored as bytes in memory (estimated size <*> <*>, free <*> <*>)",0.6285,"Partition rdd_<*> not found, computing it",0.5912,14.45,33
300,"Times: total = 40, boot = 21, init = 19, finish = 0",partial,Times: total = <*> boot = <*> init = <*> finish = <*>,0.9788,Finished task <*> in stage <*> (TID <*> bytes result sent to driver,0.4027,Reading broadcast variable <*> took <*> ms,0.2652,14.85,33
301,"Times: total = 39, boot = 19, init = 20, finish = 0",partial,Times: total = <*> boot = <*> init = <*> finish = <*>,0.9794,Finished task <*> in stage <*> (TID <*> bytes result sent to driver,0.4024,Reading broadcast variable <*> took <*> ms,0.2712,15.68,33
302,"Times: total = 41, boot = 17, init = 24, finish = 0",partial,Times: total = <*> boot = <*> init = <*> finish = <*>,0.9815,Finished task <*> in stage <*> (TID <*> bytes result sent to driver,0.4031,Reading broadcast variable <*> took <*> ms,0.2764,15.76,33
303,Finished task 10.0 in stage 28.0 (TID 1290). 2087 bytes result sent to driver,partial,Finished task <*> in stage <*> (TID <*> bytes result sent to driver,0.9734,Running task <*> in stage <*> (TID <*>,0.6544,Got assigned task <*>,0.4589,16.64,33
304,Finished task 12.0 in stage 28.0 (TID 1292). 2087 bytes result sent to driver,partial,Finished task <*> in stage <*> (TID <*> bytes result sent to driver,0.9636,Running task <*> in stage <*> (TID <*>,0.617,Got assigned task <*>,0.4735,16.58,33
305,Got assigned task 1295,partial,Got assigned task <*>,0.9534,Got assigned task 590,0.7783,Got assigned task 360,0.7714,14.94,33
306,Running task 15.0 in stage 28.0 (TID 1295),partial,Running task <*> in stage <*> (TID <*>,0.8904,Finished task <*> in stage <*> (TID <*> bytes result sent to driver,0.6161,Got assigned task <*>,0.4823,14.49,33
307,Finished task 11.0 in stage 28.0 (TID 1291). 2087 bytes result sent to driver,partial,Finished task <*> in stage <*> (TID <*> bytes result sent to driver,0.9715,Running task <*> in stage <*> (TID <*>,0.6373,Got assigned task <*>,0.4776,15.23,33
308,Got assigned task 1296,partial,Got assigned task <*>,0.9458,Got assigned task 590,0.7856,Got assigned task 273,0.7809,14.45,33
309,Running task 16.0 in stage 28.0 (TID 1296),partial,Running task <*> in stage <*> (TID <*>,0.9241,Finished task <*> in stage <*> (TID <*> bytes result sent to driver,0.6352,Got assigned task <*>,0.465,14.67,33
310,"Times: total = 41, boot = 12, init = 28, finish = 1",partial,Times: total = <*> boot = <*> init = <*> finish = <*>,0.9793,Finished task <*> in stage <*> (TID <*> bytes result sent to driver,0.3828,Reading broadcast variable <*> took <*> ms,0.2542,14.82,33
311,"Times: total = 42, boot = 17, init = 24, finish = 1",partial,Times: total = <*> boot = <*> init = <*> finish = <*>,0.9721,Finished task <*> in stage <*> (TID <*> bytes result sent to driver,0.389,Got assigned task 273,0.2646,15.33,33
312,Got assigned task 1297,partial,Got assigned task <*>,0.9384,Got assigned task 273,0.7728,Got assigned task 590,0.7719,14.8,33
313,Running task 17.0 in stage 28.0 (TID 1297),partial,Running task <*> in stage <*> (TID <*>,0.9028,Finished task <*> in stage <*> (TID <*> bytes result sent to driver,0.6333,Got assigned task <*>,0.5015,14.99,33
314,Found block rdd_42_15 locally,partial,Found block rdd_<*> locally,0.9775,"Block rdd_<*> stored as bytes in memory (estimated size <*> <*>, free <*> <*>)",0.6265,"Partition rdd_<*> not found, computing it",0.5826,14.45,33
315,Finished task 14.0 in stage 28.0 (TID 1294). 2087 bytes result sent to driver,partial,Finished task <*> in stage <*> (TID <*> bytes result sent to driver,0.9683,Running task <*> in stage <*> (TID <*>,0.6241,Got assigned task 273,0.4792,14.56,33
316,Finished task 13.0 in stage 28.0 (TID 1293). 2087 bytes result sent to driver,partial,Finished task <*> in stage <*> (TID <*> bytes result sent to driver,0.9735,Running task <*> in stage <*> (TID <*>,0.6345,Got assigned task 273,0.4808,15.09,33
317,Found block rdd_42_17 locally,partial,Found block rdd_<*> locally,0.9799,"Block rdd_<*> stored as bytes in memory (estimated size <*> <*>, free <*> <*>)",0.6308,"Partition rdd_<*> not found, computing it",0.5844,14.74,33
318,Got assigned task 1298,partial,Got assigned task <*>,0.9485,Got assigned task 590,0.7902,Got assigned task 360,0.7886,14.59,33
319,Found block rdd_42_16 locally,partial,Found block rdd_<*> locally,0.9781,"Block rdd_<*> stored as bytes in memory (estimated size <*> <*>, free <*> <*>)",0.649,"Partition rdd_<*> not found, computing it",0.5912,14.52,33
320,Running task 18.0 in stage 28.0 (TID 1298),partial,Running task <*> in stage <*> (TID <*>,0.9227,Finished task <*> in stage <*> (TID <*> bytes result sent to driver,0.6307,Got assigned task <*>,0.4845,14.77,33
321,Got assigned task 1299,partial,Got assigned task <*>,0.9346,Got assigned task 590,0.7743,Got assigned task 360,0.7544,14.32,33
322,Running task 19.0 in stage 28.0 (TID 1299),partial,Running task <*> in stage <*> (TID <*>,0.91,Finished task <*> in stage <*> (TID <*> bytes result sent to driver,0.6292,Got assigned task <*>,0.4798,15.17,33
323,Found block rdd_42_18 locally,partial,Found block rdd_<*> locally,0.9846,"Block rdd_<*> stored as bytes in memory (estimated size <*> <*>, free <*> <*>)",0.6292,"Partition rdd_<*> not found, computing it",0.5947,14.49,33
324,Found block rdd_42_19 locally,partial,Found block rdd_<*> locally,0.9848,"Block rdd_<*> stored as bytes in memory (estimated size <*> <*>, free <*> <*>)",0.631,"Partition rdd_<*> not found, computing it",0.5945,14.54,33
325,"Times: total = 40, boot = 19, init = 21, finish = 0",partial,Times: total = <*> boot = <*> init = <*> finish = <*>,0.9796,Finished task <*> in stage <*> (TID <*> bytes result sent to driver,0.3995,Reading broadcast variable <*> took <*> ms,0.2645,15.19,33
326,"Times: total = 40, boot = 20, init = 20, finish = 0",partial,Times: total = <*> boot = <*> init = <*> finish = <*>,0.9657,Finished task <*> in stage <*> (TID <*> bytes result sent to driver,0.3719,Reading broadcast variable <*> took <*> ms,0.2431,14.39,33
327,"Times: total = 39, boot = 15, init = 24, finish = 0",partial,Times: total = <*> boot = <*> init = <*> finish = <*>,0.98,Finished task <*> in stage <*> (TID <*> bytes result sent to driver,0.392,Reading broadcast variable <*> took <*> ms,0.2725,14.38,33
328,Finished task 15.0 in stage 28.0 (TID 1295). 2087 bytes result sent to driver,partial,Finished task <*> in stage <*> (TID <*> bytes result sent to driver,0.9596,Running task <*> in stage <*> (TID <*>,0.6206,Got assigned task 273,0.4667,14.48,33
329,Finished task 16.0 in stage 28.0 (TID 1296). 2087 bytes result sent to driver,partial,Finished task <*> in stage <*> (TID <*> bytes result sent to driver,0.9642,Running task <*> in stage <*> (TID <*>,0.6343,Got assigned task 273,0.4746,15.14,33
330,Finished task 17.0 in stage 28.0 (TID 1297). 2087 bytes result sent to driver,partial,Finished task <*> in stage <*> (TID <*> bytes result sent to driver,0.961,Running task <*> in stage <*> (TID <*>,0.6083,Got assigned task 273,0.492,15.56,33
331,Got assigned task 1300,partial,Got assigned task <*>,0.8883,Got assigned task 590,0.7512,Got assigned task 360,0.7343,14.78,33
332,Running task 20.0 in stage 28.0 (TID 1300),partial,Running task <*> in stage <*> (TID <*>,0.9022,Finished task <*> in stage <*> (TID <*> bytes result sent to driver,0.595,Got assigned task <*>,0.4505,14.78,33
333,"Times: total = 40, boot = 15, init = 25, finish = 0",partial,Times: total = <*> boot = <*> init = <*> finish = <*>,0.9774,Finished task <*> in stage <*> (TID <*> bytes result sent to driver,0.378,Reading broadcast variable <*> took <*> ms,0.2492,14.86,33
334,Got assigned task 1301,partial,Got assigned task <*>,0.9202,Got assigned task 590,0.7517,Got assigned task 360,0.7434,14.27,33
335,"Times: total = 42, boot = 16, init = 25, finish = 1",partial,Times: total = <*> boot = <*> init = <*> finish = <*>,0.9832,Finished task <*> in stage <*> (TID <*> bytes result sent to driver,0.3879,Got assigned task 273,0.259,14.88,33
336,Running task 21.0 in stage 28.0 (TID 1301),partial,Running task <*> in stage <*> (TID <*>,0.9249,Finished task <*> in stage <*> (TID <*> bytes result sent to driver,0.6458,Got assigned task <*>,0.4951,14.82,33
337,Got assigned task 1302,partial,Got assigned task <*>,0.9199,Got assigned task 360,0.7458,Got assigned task 590,0.7425,15.01,33
338,Running task 22.0 in stage 28.0 (TID 1302),partial,Running task <*> in stage <*> (TID <*>,0.9067,Finished task <*> in stage <*> (TID <*> bytes result sent to driver,0.6394,Got assigned task <*>,0.4585,14.69,33
339,Found block rdd_42_20 locally,partial,Found block rdd_<*> locally,0.9806,"Block rdd_<*> stored as bytes in memory (estimated size <*> <*>, free <*> <*>)",0.6447,"Partition rdd_<*> not found, computing it",0.5913,14.85,33
340,Finished task 18.0 in stage 28.0 (TID 1298). 2087 bytes result sent to driver,partial,Finished task <*> in stage <*> (TID <*> bytes result sent to driver,0.9688,Running task <*> in stage <*> (TID <*>,0.6408,Got assigned task 273,0.4988,15.77,33
341,Finished task 19.0 in stage 28.0 (TID 1299). 2087 bytes result sent to driver,partial,Finished task <*> in stage <*> (TID <*> bytes result sent to driver,0.9664,Running task <*> in stage <*> (TID <*>,0.629,Got assigned task 273,0.4783,15.35,33
342,Got assigned task 1303,partial,Got assigned task <*>,0.9226,Got assigned task 360,0.7484,Got assigned task 590,0.7427,14.95,33
343,Found block rdd_42_21 locally,partial,Found block rdd_<*> locally,0.9854,"Block rdd_<*> stored as bytes in memory (estimated size <*> <*>, free <*> <*>)",0.6392,"Partition rdd_<*> not found, computing it",0.5977,14.69,33
344,Running task 23.0 in stage 28.0 (TID 1303),partial,Running task <*> in stage <*> (TID <*>,0.9295,Finished task <*> in stage <*> (TID <*> bytes result sent to driver,0.6593,Got assigned task <*>,0.5159,14.91,33
345,Found block rdd_42_22 locally,partial,Found block rdd_<*> locally,0.9784,"Block rdd_<*> stored as bytes in memory (estimated size <*> <*>, free <*> <*>)",0.6309,"Partition rdd_<*> not found, computing it",0.5814,14.51,33
346,Got assigned task 1304,partial,Got assigned task <*>,0.9245,Got assigned task 360,0.7501,Got assigned task 590,0.7449,14.46,33
347,Running task 24.0 in stage 28.0 (TID 1304),partial,Running task <*> in stage <*> (TID <*>,0.9241,Finished task <*> in stage <*> (TID <*> bytes result sent to driver,0.637,Got assigned task <*>,0.4984,14.79,33
348,Found block rdd_42_24 locally,partial,Found block rdd_<*> locally,0.9853,"Block rdd_<*> stored as bytes in memory (estimated size <*> <*>, free <*> <*>)",0.6254,"Partition rdd_<*> not found, computing it",0.5948,14.31,33
349,Found block rdd_42_23 locally,partial,Found block rdd_<*> locally,0.9836,"Block rdd_<*> stored as bytes in memory (estimated size <*> <*>, free <*> <*>)",0.6248,"Partition rdd_<*> not found, computing it",0.5869,14.45,33
350,"Times: total = 42, boot = 22, init = 19, finish = 1",partial,Times: total = <*> boot = <*> init = <*> finish = <*>,0.9823,Finished task <*> in stage <*> (TID <*> bytes result sent to driver,0.3947,Got assigned task 273,0.269,14.92,33
351,"Times: total = 38, boot = 18, init = 20, finish = 0",partial,Times: total = <*> boot = <*> init = <*> finish = <*>,0.9741,Finished task <*> in stage <*> (TID <*> bytes result sent to driver,0.3913,Got assigned task 273,0.256,15.07,33
352,Finished task 20.0 in stage 28.0 (TID 1300). 2087 bytes result sent to driver,partial,Finished task <*> in stage <*> (TID <*> bytes result sent to driver,0.965,Running task <*> in stage <*> (TID <*>,0.6435,Got assigned task 273,0.464,15.51,33
353,Finished task 21.0 in stage 28.0 (TID 1301). 2087 bytes result sent to driver,partial,Finished task <*> in stage <*> (TID <*> bytes result sent to driver,0.9734,Running task <*> in stage <*> (TID <*>,0.6061,Got assigned task 273,0.4872,15.54,33
354,"Times: total = 42, boot = 14, init = 28, finish = 0",partial,Times: total = <*> boot = <*> init = <*> finish = <*>,0.9729,Finished task <*> in stage <*> (TID <*> bytes result sent to driver,0.4094,Got assigned task 273,0.2766,14.93,33
355,Got assigned task 1305,partial,Got assigned task <*>,0.9412,Got assigned task 360,0.7587,Got assigned task 590,0.7585,14.54,33
356,Running task 25.0 in stage 28.0 (TID 1305),partial,Running task <*> in stage <*> (TID <*>,0.9136,Finished task <*> in stage <*> (TID <*> bytes result sent to driver,0.6395,Got assigned task <*>,0.5026,14.84,33
357,Got assigned task 1306,partial,Got assigned task <*>,0.9459,Got assigned task 590,0.7708,Got assigned task 360,0.7691,14.62,33
358,Finished task 22.0 in stage 28.0 (TID 1302). 2087 bytes result sent to driver,partial,Finished task <*> in stage <*> (TID <*> bytes result sent to driver,0.9626,Running task <*> in stage <*> (TID <*>,0.598,Got assigned task 273,0.4784,18.91,33
359,Running task 26.0 in stage 28.0 (TID 1306),partial,Running task <*> in stage <*> (TID <*>,0.9133,Finished task <*> in stage <*> (TID <*> bytes result sent to driver,0.6474,Got assigned task <*>,0.5081,19.23,33
360,"Times: total = 39, boot = 15, init = 23, finish = 1",partial,Times: total = <*> boot = <*> init = <*> finish = <*>,0.9802,Finished task <*> in stage <*> (TID <*> bytes result sent to driver,0.378,Reading broadcast variable <*> took <*> ms,0.2539,17.84,33
361,Found block rdd_42_25 locally,partial,Found block rdd_<*> locally,0.9832,"Block rdd_<*> stored as bytes in memory (estimated size <*> <*>, free <*> <*>)",0.6319,"Partition rdd_<*> not found, computing it",0.5834,17.74,33
362,Got assigned task 1307,partial,Got assigned task <*>,0.9284,Got assigned task 360,0.7518,Got assigned task 590,0.7497,14.23,33
363,Running task 27.0 in stage 28.0 (TID 1307),partial,Running task <*> in stage <*> (TID <*>,0.9076,Finished task <*> in stage <*> (TID <*> bytes result sent to driver,0.645,Got assigned task <*>,0.4939,14.3,33
364,Finished task 24.0 in stage 28.0 (TID 1304). 2087 bytes result sent to driver,partial,Finished task <*> in stage <*> (TID <*> bytes result sent to driver,0.9729,Running task <*> in stage <*> (TID <*>,0.6146,Got assigned task 273,0.4907,14.8,33
365,"Times: total = 43, boot = 15, init = 27, finish = 1",partial,Times: total = <*> boot = <*> init = <*> finish = <*>,0.9835,Finished task <*> in stage <*> (TID <*> bytes result sent to driver,0.3826,Reading broadcast variable <*> took <*> ms,0.2646,14.49,33
366,Found block rdd_42_26 locally,partial,Found block rdd_<*> locally,0.9853,"Block rdd_<*> stored as bytes in memory (estimated size <*> <*>, free <*> <*>)",0.6249,"Partition rdd_<*> not found, computing it",0.5818,14.05,33
367,Finished task 23.0 in stage 28.0 (TID 1303). 2087 bytes result sent to driver,partial,Finished task <*> in stage <*> (TID <*> bytes result sent to driver,0.974,Running task <*> in stage <*> (TID <*>,0.6095,Got assigned task 273,0.4873,14.57,33
368,Got assigned task 1308,partial,Got assigned task <*>,0.9412,Got assigned task 360,0.7746,Got assigned task 590,0.7677,13.73,33
369,Running task 28.0 in stage 28.0 (TID 1308),partial,Running task <*> in stage <*> (TID <*>,0.9042,Finished task <*> in stage <*> (TID <*> bytes result sent to driver,0.6407,Got assigned task <*>,0.4803,14.28,33
370,Found block rdd_42_27 locally,partial,Found block rdd_<*> locally,0.9844,"Block rdd_<*> stored as bytes in memory (estimated size <*> <*>, free <*> <*>)",0.6264,"Partition rdd_<*> not found, computing it",0.5955,13.94,33
371,Got assigned task 1309,partial,Got assigned task <*>,0.9417,Got assigned task 590,0.7643,Got assigned task 360,0.7518,14.05,33
372,Running task 29.0 in stage 28.0 (TID 1309),partial,Running task <*> in stage <*> (TID <*>,0.8897,Finished task <*> in stage <*> (TID <*> bytes result sent to driver,0.6269,Got assigned task <*>,0.4821,14.47,33
373,Found block rdd_42_28 locally,partial,Found block rdd_<*> locally,0.979,"Block rdd_<*> stored as bytes in memory (estimated size <*> <*>, free <*> <*>)",0.6254,"Partition rdd_<*> not found, computing it",0.5851,13.81,33
374,Found block rdd_42_29 locally,partial,Found block rdd_<*> locally,0.9749,"Block rdd_<*> stored as bytes in memory (estimated size <*> <*>, free <*> <*>)",0.6251,"Partition rdd_<*> not found, computing it",0.5839,14.05,33
375,"Times: total = 41, boot = 17, init = 23, finish = 1",partial,Times: total = <*> boot = <*> init = <*> finish = <*>,0.976,Finished task <*> in stage <*> (TID <*> bytes result sent to driver,0.384,Got assigned task 273,0.2593,14.41,33
376,"Times: total = 41, boot = 17, init = 24, finish = 0",partial,Times: total = <*> boot = <*> init = <*> finish = <*>,0.9824,Finished task <*> in stage <*> (TID <*> bytes result sent to driver,0.4031,Reading broadcast variable <*> took <*> ms,0.2764,14.2,33
377,Finished task 25.0 in stage 28.0 (TID 1305). 2087 bytes result sent to driver,partial,Finished task <*> in stage <*> (TID <*> bytes result sent to driver,0.9686,Running task <*> in stage <*> (TID <*>,0.5941,Got assigned task 273,0.4787,14.57,33
378,Finished task 26.0 in stage 28.0 (TID 1306). 2087 bytes result sent to driver,partial,Finished task <*> in stage <*> (TID <*> bytes result sent to driver,0.973,Running task <*> in stage <*> (TID <*>,0.6011,Got assigned task 273,0.4864,14.71,33
379,"Times: total = 40, boot = 27, init = 13, finish = 0",partial,Times: total = <*> boot = <*> init = <*> finish = <*>,0.9827,Finished task <*> in stage <*> (TID <*> bytes result sent to driver,0.3997,Reading broadcast variable <*> took <*> ms,0.2658,14.56,33
380,Got assigned task 1310,partial,Got assigned task <*>,0.9366,Got assigned task 590,0.7695,Got assigned task 360,0.7644,13.9,33
381,Running task 30.0 in stage 28.0 (TID 1310),partial,Running task <*> in stage <*> (TID <*>,0.9261,Finished task <*> in stage <*> (TID <*> bytes result sent to driver,0.6375,Got assigned task <*>,0.4593,14.16,33
382,Got assigned task 1311,partial,Got assigned task <*>,0.9309,Got assigned task 273,0.7646,Got assigned task 360,0.7552,13.93,33
383,Running task 31.0 in stage 28.0 (TID 1311),partial,Running task <*> in stage <*> (TID <*>,0.9192,Finished task <*> in stage <*> (TID <*> bytes result sent to driver,0.6501,Got assigned task <*>,0.5109,14.34,33
384,"Times: total = 40, boot = 26, init = 14, finish = 0",partial,Times: total = <*> boot = <*> init = <*> finish = <*>,0.9783,Finished task <*> in stage <*> (TID <*> bytes result sent to driver,0.41,Running task <*> in stage <*> (TID <*>,0.2734,14.51,33
385,Finished task 27.0 in stage 28.0 (TID 1307). 2087 bytes result sent to driver,partial,Finished task <*> in stage <*> (TID <*> bytes result sent to driver,0.9662,Running task <*> in stage <*> (TID <*>,0.586,Got assigned task 273,0.4827,18.04,33
386,Found block rdd_42_30 locally,partial,Found block rdd_<*> locally,0.9824,"Block rdd_<*> stored as bytes in memory (estimated size <*> <*>, free <*> <*>)",0.6343,"Partition rdd_<*> not found, computing it",0.5813,17.78,33
387,Finished task 28.0 in stage 28.0 (TID 1308). 2087 bytes result sent to driver,partial,Finished task <*> in stage <*> (TID <*> bytes result sent to driver,0.9625,Running task <*> in stage <*> (TID <*>,0.582,Got assigned task 273,0.4819,14.86,33
388,Got assigned task 1312,partial,Got assigned task <*>,0.9251,Got assigned task 273,0.784,Got assigned task 360,0.75,13.94,33
389,"Times: total = 42, boot = 16, init = 25, finish = 1",partial,Times: total = <*> boot = <*> init = <*> finish = <*>,0.9837,Finished task <*> in stage <*> (TID <*> bytes result sent to driver,0.3883,Got assigned task 273,0.259,15.53,33
390,Running task 32.0 in stage 28.0 (TID 1312),partial,Running task <*> in stage <*> (TID <*>,0.9222,Finished task <*> in stage <*> (TID <*> bytes result sent to driver,0.6446,Got assigned task <*>,0.4847,14.75,33
391,Found block rdd_42_31 locally,partial,Found block rdd_<*> locally,0.9818,"Block rdd_<*> stored as bytes in memory (estimated size <*> <*>, free <*> <*>)",0.6301,"Partition rdd_<*> not found, computing it",0.5898,14.7,33
392,Got assigned task 1313,partial,Got assigned task <*>,0.9278,Got assigned task 273,0.7824,Got assigned task 360,0.7545,14.16,33
393,Running task 33.0 in stage 28.0 (TID 1313),partial,Running task <*> in stage <*> (TID <*>,0.9216,Finished task <*> in stage <*> (TID <*> bytes result sent to driver,0.6586,Got assigned task <*>,0.5159,14.16,33
394,Finished task 29.0 in stage 28.0 (TID 1309). 2087 bytes result sent to driver,partial,Finished task <*> in stage <*> (TID <*> bytes result sent to driver,0.9646,Running task <*> in stage <*> (TID <*>,0.5823,Got assigned task 273,0.479,18.41,33
395,Found block rdd_42_32 locally,partial,Found block rdd_<*> locally,0.9785,"Block rdd_<*> stored as bytes in memory (estimated size <*> <*>, free <*> <*>)",0.6473,"Partition rdd_<*> not found, computing it",0.5987,14.3,33
396,Got assigned task 1314,partial,Got assigned task <*>,0.9413,Got assigned task 273,0.7854,Got assigned task 360,0.765,13.89,33
397,Running task 34.0 in stage 28.0 (TID 1314),partial,Running task <*> in stage <*> (TID <*>,0.9207,Finished task <*> in stage <*> (TID <*> bytes result sent to driver,0.6517,Got assigned task <*>,0.5203,14.22,33
398,Found block rdd_42_33 locally,partial,Found block rdd_<*> locally,0.9803,"Block rdd_<*> stored as bytes in memory (estimated size <*> <*>, free <*> <*>)",0.6205,"Partition rdd_<*> not found, computing it",0.5893,13.99,33
399,Found block rdd_42_34 locally,partial,Found block rdd_<*> locally,0.9808,"Block rdd_<*> stored as bytes in memory (estimated size <*> <*>, free <*> <*>)",0.631,"Partition rdd_<*> not found, computing it",0.5851,13.82,33
400,"Times: total = 40, boot = 18, init = 22, finish = 0",partial,Times: total = <*> boot = <*> init = <*> finish = <*>,0.9825,Finished task <*> in stage <*> (TID <*> bytes result sent to driver,0.3887,Reading broadcast variable <*> took <*> ms,0.2619,14.54,33
401,"Times: total = 41, boot = 19, init = 22, finish = 0",partial,Times: total = <*> boot = <*> init = <*> finish = <*>,0.9837,Finished task <*> in stage <*> (TID <*> bytes result sent to driver,0.4021,Reading broadcast variable <*> took <*> ms,0.2754,17.79,33
402,Finished task 30.0 in stage 28.0 (TID 1310). 2087 bytes result sent to driver,partial,Finished task <*> in stage <*> (TID <*> bytes result sent to driver,0.9723,Running task <*> in stage <*> (TID <*>,0.6346,Got assigned task 273,0.4799,19.02,33
403,Finished task 31.0 in stage 28.0 (TID 1311). 2087 bytes result sent to driver,partial,Finished task <*> in stage <*> (TID <*> bytes result sent to driver,0.9644,Running task <*> in stage <*> (TID <*>,0.5935,Got assigned task 273,0.4866,23.59,33
404,"Times: total = 40, boot = 15, init = 25, finish = 0",partial,Times: total = <*> boot = <*> init = <*> finish = <*>,0.9782,Finished task <*> in stage <*> (TID <*> bytes result sent to driver,0.3786,Reading broadcast variable <*> took <*> ms,0.2492,22.38,33
405,Got assigned task 1315,partial,Got assigned task <*>,0.9545,Got assigned task 273,0.7769,Got assigned task 360,0.7734,21.7,33
406,Running task 35.0 in stage 28.0 (TID 1315),partial,Running task <*> in stage <*> (TID <*>,0.9104,Finished task <*> in stage <*> (TID <*> bytes result sent to driver,0.6354,Got assigned task <*>,0.4966,21.83,33
407,Got assigned task 1316,partial,Got assigned task <*>,0.9499,Got assigned task 273,0.8005,Got assigned task 360,0.7787,21.72,33
408,Running task 36.0 in stage 28.0 (TID 1316),partial,Running task <*> in stage <*> (TID <*>,0.9261,Finished task <*> in stage <*> (TID <*> bytes result sent to driver,0.6493,Got assigned task 273,0.5122,22.17,33
409,Finished task 32.0 in stage 28.0 (TID 1312). 2087 bytes result sent to driver,partial,Finished task <*> in stage <*> (TID <*> bytes result sent to driver,0.9729,Running task <*> in stage <*> (TID <*>,0.627,Got assigned task 273,0.4942,22.51,33
410,"Times: total = 42, boot = 16, init = 25, finish = 1",partial,Times: total = <*> boot = <*> init = <*> finish = <*>,0.9839,Finished task <*> in stage <*> (TID <*> bytes result sent to driver,0.3885,Got assigned task 273,0.259,22.09,33
411,Found block rdd_42_35 locally,partial,Found block rdd_<*> locally,0.9775,"Block rdd_<*> stored as bytes in memory (estimated size <*> <*>, free <*> <*>)",0.6283,"Partition rdd_<*> not found, computing it",0.583,21.94,33
412,Finished task 33.0 in stage 28.0 (TID 1313). 2087 bytes result sent to driver,partial,Finished task <*> in stage <*> (TID <*> bytes result sent to driver,0.9694,Running task <*> in stage <*> (TID <*>,0.5981,Got assigned task 273,0.5004,22.54,33
413,Got assigned task 1317,partial,Got assigned task <*>,0.9379,Got assigned task 273,0.7842,Got assigned task 360,0.759,21.52,33
414,Running task 37.0 in stage 28.0 (TID 1317),partial,Running task <*> in stage <*> (TID <*>,0.913,Finished task <*> in stage <*> (TID <*> bytes result sent to driver,0.6553,Got assigned task 273,0.5299,22.11,33
415,"Times: total = 40, boot = 14, init = 25, finish = 1",partial,Times: total = <*> boot = <*> init = <*> finish = <*>,0.9801,Finished task <*> in stage <*> (TID <*> bytes result sent to driver,0.3692,Reading broadcast variable <*> took <*> ms,0.2458,22.22,33
416,Found block rdd_42_36 locally,partial,Found block rdd_<*> locally,0.9826,"Block rdd_<*> stored as bytes in memory (estimated size <*> <*>, free <*> <*>)",0.6358,"Partition rdd_<*> not found, computing it",0.5894,21.76,33
417,Got assigned task 1318,partial,Got assigned task <*>,0.9372,Got assigned task 273,0.7864,Got assigned task 360,0.7722,21.47,33
418,Finished task 34.0 in stage 28.0 (TID 1314). 2087 bytes result sent to driver,partial,Finished task <*> in stage <*> (TID <*> bytes result sent to driver,0.9656,Running task <*> in stage <*> (TID <*>,0.5812,Got assigned task 273,0.4882,22.59,33
419,Running task 38.0 in stage 28.0 (TID 1318),partial,Running task <*> in stage <*> (TID <*>,0.9153,Finished task <*> in stage <*> (TID <*> bytes result sent to driver,0.668,Got assigned task 273,0.532,22.17,33
420,Found block rdd_42_37 locally,partial,Found block rdd_<*> locally,0.9833,"Block rdd_<*> stored as bytes in memory (estimated size <*> <*>, free <*> <*>)",0.6236,"Partition rdd_<*> not found, computing it",0.5783,21.52,33
421,Got assigned task 1319,partial,Got assigned task <*>,0.9505,Got assigned task 273,0.7734,Got assigned task 360,0.7651,21.88,33
422,Running task 39.0 in stage 28.0 (TID 1319),partial,Running task <*> in stage <*> (TID <*>,0.9154,Finished task <*> in stage <*> (TID <*> bytes result sent to driver,0.6552,Got assigned task 273,0.5175,22.74,33
423,Found block rdd_42_38 locally,partial,Found block rdd_<*> locally,0.983,"Block rdd_<*> stored as bytes in memory (estimated size <*> <*>, free <*> <*>)",0.6275,"Partition rdd_<*> not found, computing it",0.5774,21.95,33
424,Found block rdd_42_39 locally,partial,Found block rdd_<*> locally,0.9876,"Block rdd_<*> stored as bytes in memory (estimated size <*> <*>, free <*> <*>)",0.6272,"Partition rdd_<*> not found, computing it",0.5807,21.83,33
425,"Times: total = 41, boot = 23, init = 18, finish = 0",partial,Times: total = <*> boot = <*> init = <*> finish = <*>,0.9794,Finished task <*> in stage <*> (TID <*> bytes result sent to driver,0.398,Got assigned task 273,0.2677,22.07,33
426,"Times: total = 41, boot = 19, init = 22, finish = 0",partial,Times: total = <*> boot = <*> init = <*> finish = <*>,0.984,Finished task <*> in stage <*> (TID <*> bytes result sent to driver,0.4022,Reading broadcast variable <*> took <*> ms,0.2754,22.14,33
427,Finished task 35.0 in stage 28.0 (TID 1315). 2087 bytes result sent to driver,partial,Finished task <*> in stage <*> (TID <*> bytes result sent to driver,0.9648,Running task <*> in stage <*> (TID <*>,0.5878,Got assigned task 273,0.4911,17.67,33
428,Finished task 36.0 in stage 28.0 (TID 1316). 2087 bytes result sent to driver,partial,Finished task <*> in stage <*> (TID <*> bytes result sent to driver,0.9674,Running task <*> in stage <*> (TID <*>,0.5809,Got assigned task 273,0.4985,14.87,33
429,"Times: total = 38, boot = 14, init = 24, finish = 0",partial,Times: total = <*> boot = <*> init = <*> finish = <*>,0.9744,Finished task <*> in stage <*> (TID <*> bytes result sent to driver,0.3941,Reading broadcast variable <*> took <*> ms,0.2653,14.21,33
430,Finished task 37.0 in stage 28.0 (TID 1317). 2087 bytes result sent to driver,partial,Finished task <*> in stage <*> (TID <*> bytes result sent to driver,0.9649,Running task <*> in stage <*> (TID <*>,0.5786,Got assigned task 273,0.5059,14.6,33
431,"Times: total = 42, boot = 19, init = 22, finish = 1",partial,Times: total = <*> boot = <*> init = <*> finish = <*>,0.9832,Finished task <*> in stage <*> (TID <*> bytes result sent to driver,0.3911,Got assigned task 273,0.2609,14.48,33
432,"Times: total = 40, boot = 14, init = 26, finish = 0",partial,Times: total = <*> boot = <*> init = <*> finish = <*>,0.9792,Finished task <*> in stage <*> (TID <*> bytes result sent to driver,0.4104,Running task <*> in stage <*> (TID <*>,0.2742,14.17,33
433,Finished task 38.0 in stage 28.0 (TID 1318). 2087 bytes result sent to driver,partial,Finished task <*> in stage <*> (TID <*> bytes result sent to driver,0.9671,Running task <*> in stage <*> (TID <*>,0.5712,Got assigned task 273,0.5051,14.59,33
434,Finished task 39.0 in stage 28.0 (TID 1319). 2087 bytes result sent to driver,partial,Finished task <*> in stage <*> (TID <*> bytes result sent to driver,0.9725,Running task <*> in stage <*> (TID <*>,0.5795,Got assigned task 273,0.4955,14.64,33
435,Got assigned task 1320,partial,Got assigned task <*>,0.9479,Got assigned task 590,0.7829,Got assigned task 360,0.7515,13.81,33
436,Got assigned task 1321,partial,Got assigned task <*>,0.9403,Got assigned task 590,0.7573,Got assigned task 273,0.7468,13.79,33
437,Running task 0.0 in stage 29.0 (TID 1320),partial,Running task <*> in stage <*> (TID <*>,0.963,Finished task <*> in stage <*> (TID <*> bytes result sent to driver,0.648,Got assigned task <*>,0.4963,14.16,33
438,Running task 1.0 in stage 29.0 (TID 1321),partial,Running task <*> in stage <*> (TID <*>,0.951,Finished task <*> in stage <*> (TID <*> bytes result sent to driver,0.6359,Got assigned task <*>,0.5294,14.07,33
439,Got assigned task 1322,partial,Got assigned task <*>,0.9258,Got assigned task 273,0.7592,Got assigned task 590,0.7337,13.51,33
440,Running task 2.0 in stage 29.0 (TID 1322),partial,Running task <*> in stage <*> (TID <*>,0.9387,Finished task <*> in stage <*> (TID <*> bytes result sent to driver,0.6516,Got assigned task <*>,0.5115,14.21,33
441,Got assigned task 1323,partial,Got assigned task <*>,0.9289,Got assigned task 273,0.7589,Got assigned task 590,0.7361,13.82,33
442,Running task 3.0 in stage 29.0 (TID 1323),partial,Running task <*> in stage <*> (TID <*>,0.9176,Finished task <*> in stage <*> (TID <*> bytes result sent to driver,0.6209,Got assigned task <*>,0.5012,14.17,33
443,Got assigned task 1324,partial,Got assigned task <*>,0.9303,Got assigned task 273,0.7548,Got assigned task 590,0.7427,13.68,33
444,Running task 4.0 in stage 29.0 (TID 1324),partial,Running task <*> in stage <*> (TID <*>,0.9182,Finished task <*> in stage <*> (TID <*> bytes result sent to driver,0.605,Got assigned task <*>,0.4874,14.29,33
445,Started reading broadcast variable 40,partial,Started reading broadcast variable <*>,0.9266,Reading broadcast variable <*> took <*> ms,0.7712,"Block broadcast_<*> stored as <*> in memory (estimated size <*> <*>, free <*> <*>)",0.5252,14.04,33
446,"Block broadcast_40_piece0 stored as bytes in memory (estimated size 6.0 <*>, free 874.3 <*>)",partial,"Block broadcast_<*> stored as <*> in memory (estimated size <*> <*>, free <*> <*>)",0.9554,"Block rdd_<*> stored as bytes in memory (estimated size <*> <*>, free <*> <*>)",0.4971,Reading broadcast variable <*> took <*> ms,0.4825,15.07,33
447,Reading broadcast variable 40 took 10 ms,partial,Reading broadcast variable <*> took <*> ms,0.9441,Started reading broadcast variable <*>,0.7535,"Block broadcast_<*> stored as <*> in memory (estimated size <*> <*>, free <*> <*>)",0.5425,13.93,33
448,"Block broadcast_40 stored as values in memory (estimated size 9.9 <*>, free 884.2 <*>)",partial,"Block broadcast_<*> stored as <*> in memory (estimated size <*> <*>, free <*> <*>)",0.9423,Reading broadcast variable <*> took <*> ms,0.5051,"Block rdd_<*> stored as bytes in memory (estimated size <*> <*>, free <*> <*>)",0.4846,14.65,33
449,Found block rdd_42_0 locally,partial,Found block rdd_<*> locally,0.9831,"Block rdd_<*> stored as bytes in memory (estimated size <*> <*>, free <*> <*>)",0.6528,"Partition rdd_<*> not found, computing it",0.6055,14.16,33
450,Found block rdd_42_4 locally,partial,Found block rdd_<*> locally,0.9766,"Block rdd_<*> stored as bytes in memory (estimated size <*> <*>, free <*> <*>)",0.6323,"Partition rdd_<*> not found, computing it",0.6073,13.73,33
451,Found block rdd_42_3 locally,partial,Found block rdd_<*> locally,0.9775,"Block rdd_<*> stored as bytes in memory (estimated size <*> <*>, free <*> <*>)",0.6197,"Partition rdd_<*> not found, computing it",0.6069,13.81,33
452,Found block rdd_42_2 locally,partial,Found block rdd_<*> locally,0.9808,"Block rdd_<*> stored as bytes in memory (estimated size <*> <*>, free <*> <*>)",0.6383,"Partition rdd_<*> not found, computing it",0.6058,13.78,33
453,Found block rdd_42_1 locally,partial,Found block rdd_<*> locally,0.9838,"Block rdd_<*> stored as bytes in memory (estimated size <*> <*>, free <*> <*>)",0.6436,"Partition rdd_<*> not found, computing it",0.608,13.92,33
454,"Times: total = 40, boot = -79, init = 118, finish = 1",partial,Times: total = <*> boot = <*> init = <*> finish = <*>,0.9826,Finished task <*> in stage <*> (TID <*> bytes result sent to driver,0.3914,Server created on <*>,0.2739,14.41,33
455,"Times: total = 39, boot = -75, init = 113, finish = 1",partial,Times: total = <*> boot = <*> init = <*> finish = <*>,0.9861,Finished task <*> in stage <*> (TID <*> bytes result sent to driver,0.3918,Got assigned task 273,0.26,14.48,33
456,"Times: total = 40, boot = -80, init = 119, finish = 1",partial,Times: total = <*> boot = <*> init = <*> finish = <*>,0.9716,Finished task <*> in stage <*> (TID <*> bytes result sent to driver,0.3812,Server created on <*>,0.2932,14.47,33
457,"Times: total = 41, boot = -85, init = 125, finish = 1",partial,Times: total = <*> boot = <*> init = <*> finish = <*>,0.9804,Finished task <*> in stage <*> (TID <*> bytes result sent to driver,0.3839,Reading broadcast variable <*> took <*> ms,0.2637,14.51,33
458,Finished task 3.0 in stage 29.0 (TID 1323). 2128 bytes result sent to driver,partial,Finished task <*> in stage <*> (TID <*> bytes result sent to driver,0.9703,Running task <*> in stage <*> (TID <*>,0.6555,Got assigned task 273,0.4778,14.68,33
459,"Times: total = 42, boot = -74, init = 115, finish = 1",partial,Times: total = <*> boot = <*> init = <*> finish = <*>,0.9749,Finished task <*> in stage <*> (TID <*> bytes result sent to driver,0.4086,Got assigned task 273,0.287,14.3,33
460,Finished task 4.0 in stage 29.0 (TID 1324). 2128 bytes result sent to driver,partial,Finished task <*> in stage <*> (TID <*> bytes result sent to driver,0.9701,Running task <*> in stage <*> (TID <*>,0.6585,Got assigned task 273,0.4798,14.64,33
461,Finished task 0.0 in stage 29.0 (TID 1320). 2128 bytes result sent to driver,partial,Finished task <*> in stage <*> (TID <*> bytes result sent to driver,0.9833,Running task <*> in stage <*> (TID <*>,0.6861,Got assigned task 273,0.4921,15.12,33
462,Finished task 2.0 in stage 29.0 (TID 1322). 2128 bytes result sent to driver,partial,Finished task <*> in stage <*> (TID <*> bytes result sent to driver,0.9789,Running task <*> in stage <*> (TID <*>,0.6621,Got assigned task 273,0.481,14.69,33
463,Finished task 1.0 in stage 29.0 (TID 1321). 2171 bytes result sent to driver,partial,Finished task <*> in stage <*> (TID <*> bytes result sent to driver,0.9618,Running task <*> in stage <*> (TID <*>,0.6023,Got assigned task 273,0.4965,14.51,33
464,Got assigned task 1325,partial,Got assigned task <*>,0.9529,Got assigned task 590,0.7611,Got assigned task 273,0.751,13.58,33
465,Running task 5.0 in stage 29.0 (TID 1325),partial,Running task <*> in stage <*> (TID <*>,0.9507,Finished task <*> in stage <*> (TID <*> bytes result sent to driver,0.6267,Got assigned task <*>,0.5262,13.9,33
466,Got assigned task 1326,partial,Got assigned task <*>,0.9464,Got assigned task 273,0.7767,Got assigned task 590,0.762,13.75,33
467,Running task 6.0 in stage 29.0 (TID 1326),partial,Running task <*> in stage <*> (TID <*>,0.9323,Finished task <*> in stage <*> (TID <*> bytes result sent to driver,0.6264,Got assigned task <*>,0.506,14.34,33
468,Got assigned task 1327,partial,Got assigned task <*>,0.9475,Got assigned task 273,0.7721,Got assigned task 590,0.7533,13.79,33
469,Running task 7.0 in stage 29.0 (TID 1327),partial,Running task <*> in stage <*> (TID <*>,0.9172,Finished task <*> in stage <*> (TID <*> bytes result sent to driver,0.6131,Got assigned task <*>,0.505,14.07,33
470,Got assigned task 1328,partial,Got assigned task <*>,0.9471,Got assigned task 273,0.7781,Got assigned task 590,0.7649,13.88,33
471,Running task 8.0 in stage 29.0 (TID 1328),partial,Running task <*> in stage <*> (TID <*>,0.9144,Finished task <*> in stage <*> (TID <*> bytes result sent to driver,0.6144,Got assigned task <*>,0.4903,14.35,33
472,Got assigned task 1329,partial,Got assigned task <*>,0.9606,Got assigned task 590,0.7733,Got assigned task 273,0.7609,13.85,33
473,Running task 9.0 in stage 29.0 (TID 1329),partial,Running task <*> in stage <*> (TID <*>,0.9224,Finished task <*> in stage <*> (TID <*> bytes result sent to driver,0.6163,Got assigned task <*>,0.513,14.25,33
474,Found block rdd_42_5 locally,partial,Found block rdd_<*> locally,0.9787,"Block rdd_<*> stored as bytes in memory (estimated size <*> <*>, free <*> <*>)",0.6331,"Partition rdd_<*> not found, computing it",0.5913,13.95,33
475,Found block rdd_42_7 locally,partial,Found block rdd_<*> locally,0.9779,"Block rdd_<*> stored as bytes in memory (estimated size <*> <*>, free <*> <*>)",0.6324,"Partition rdd_<*> not found, computing it",0.5946,14.02,33
476,Found block rdd_42_8 locally,partial,Found block rdd_<*> locally,0.9753,"Block rdd_<*> stored as bytes in memory (estimated size <*> <*>, free <*> <*>)",0.6363,"Partition rdd_<*> not found, computing it",0.5918,14.03,33
477,Found block rdd_42_6 locally,partial,Found block rdd_<*> locally,0.9809,"Block rdd_<*> stored as bytes in memory (estimated size <*> <*>, free <*> <*>)",0.6315,"Partition rdd_<*> not found, computing it",0.5974,14.0,33
478,Found block rdd_42_9 locally,partial,Found block rdd_<*> locally,0.9767,"Block rdd_<*> stored as bytes in memory (estimated size <*> <*>, free <*> <*>)",0.6243,"Partition rdd_<*> not found, computing it",0.5813,14.0,33
479,"Times: total = 39, boot = 18, init = 20, finish = 1",partial,Times: total = <*> boot = <*> init = <*> finish = <*>,0.9789,Finished task <*> in stage <*> (TID <*> bytes result sent to driver,0.3808,Reading broadcast variable <*> took <*> ms,0.2552,14.35,33
480,"Times: total = 41, boot = 16, init = 24, finish = 1",partial,Times: total = <*> boot = <*> init = <*> finish = <*>,0.979,Finished task <*> in stage <*> (TID <*> bytes result sent to driver,0.3835,Reading broadcast variable <*> took <*> ms,0.2704,14.37,33
481,"Times: total = 43, boot = 25, init = 17, finish = 1",partial,Times: total = <*> boot = <*> init = <*> finish = <*>,0.9765,Finished task <*> in stage <*> (TID <*> bytes result sent to driver,0.3826,Reading broadcast variable <*> took <*> ms,0.2675,14.37,33
482,"Times: total = 41, boot = 19, init = 21, finish = 1",partial,Times: total = <*> boot = <*> init = <*> finish = <*>,0.9762,Finished task <*> in stage <*> (TID <*> bytes result sent to driver,0.3896,Reading broadcast variable <*> took <*> ms,0.2611,14.38,33
483,"Times: total = 42, boot = 24, init = 17, finish = 1",partial,Times: total = <*> boot = <*> init = <*> finish = <*>,0.9712,Finished task <*> in stage <*> (TID <*> bytes result sent to driver,0.3913,Got assigned task 273,0.2666,14.28,33
484,Finished task 7.0 in stage 29.0 (TID 1327). 2171 bytes result sent to driver,partial,Finished task <*> in stage <*> (TID <*> bytes result sent to driver,0.9602,Running task <*> in stage <*> (TID <*>,0.5978,Got assigned task 273,0.5033,14.55,33
485,Finished task 5.0 in stage 29.0 (TID 1325). 2171 bytes result sent to driver,partial,Finished task <*> in stage <*> (TID <*> bytes result sent to driver,0.9674,Running task <*> in stage <*> (TID <*>,0.6127,Got assigned task <*>,0.4992,14.57,33
486,Finished task 8.0 in stage 29.0 (TID 1328). 2128 bytes result sent to driver,partial,Finished task <*> in stage <*> (TID <*> bytes result sent to driver,0.9601,Running task <*> in stage <*> (TID <*>,0.6449,Got assigned task 273,0.4775,14.75,33
487,Finished task 9.0 in stage 29.0 (TID 1329). 2128 bytes result sent to driver,partial,Finished task <*> in stage <*> (TID <*> bytes result sent to driver,0.9661,Running task <*> in stage <*> (TID <*>,0.6424,Got assigned task 273,0.4699,14.56,33
488,Finished task 6.0 in stage 29.0 (TID 1326). 2171 bytes result sent to driver,partial,Finished task <*> in stage <*> (TID <*> bytes result sent to driver,0.9601,Running task <*> in stage <*> (TID <*>,0.6007,Got assigned task 273,0.5019,14.68,33
489,Got assigned task 1330,partial,Got assigned task <*>,0.9104,Got assigned task 590,0.7578,Got assigned task 273,0.7174,13.71,33
490,Running task 10.0 in stage 29.0 (TID 1330),partial,Running task <*> in stage <*> (TID <*>,0.9251,Finished task <*> in stage <*> (TID <*> bytes result sent to driver,0.6142,Got assigned task <*>,0.4394,13.88,33
491,Got assigned task 1331,partial,Got assigned task <*>,0.9373,Got assigned task 590,0.7609,Got assigned task 273,0.7489,13.92,33
492,Running task 11.0 in stage 29.0 (TID 1331),partial,Running task <*> in stage <*> (TID <*>,0.94,Finished task <*> in stage <*> (TID <*> bytes result sent to driver,0.626,Got assigned task <*>,0.5182,14.58,33
493,Got assigned task 1332,partial,Got assigned task <*>,0.9277,Got assigned task 273,0.7629,Got assigned task 590,0.7434,13.88,33
494,Running task 12.0 in stage 29.0 (TID 1332),partial,Running task <*> in stage <*> (TID <*>,0.9282,Finished task <*> in stage <*> (TID <*> bytes result sent to driver,0.629,Got assigned task <*>,0.5057,13.87,33
495,Got assigned task 1333,partial,Got assigned task <*>,0.9361,Got assigned task 273,0.7685,Got assigned task 590,0.7483,13.61,33
496,Running task 13.0 in stage 29.0 (TID 1333),partial,Running task <*> in stage <*> (TID <*>,0.9133,Finished task <*> in stage <*> (TID <*> bytes result sent to driver,0.6207,Got assigned task <*>,0.501,14.25,33
497,Found block rdd_42_10 locally,partial,Found block rdd_<*> locally,0.9823,"Block rdd_<*> stored as bytes in memory (estimated size <*> <*>, free <*> <*>)",0.6386,"Partition rdd_<*> not found, computing it",0.5938,13.9,33
498,Got assigned task 1334,partial,Got assigned task <*>,0.941,Got assigned task 273,0.7662,Got assigned task 590,0.7591,13.69,33
499,Running task 14.0 in stage 29.0 (TID 1334),partial,Running task <*> in stage <*> (TID <*>,0.9182,Finished task <*> in stage <*> (TID <*> bytes result sent to driver,0.6319,Got assigned task <*>,0.4882,14.14,33
500,Found block rdd_42_11 locally,partial,Found block rdd_<*> locally,0.9807,"Block rdd_<*> stored as bytes in memory (estimated size <*> <*>, free <*> <*>)",0.6323,"Partition rdd_<*> not found, computing it",0.5948,13.75,33
501,Found block rdd_42_12 locally,partial,Found block rdd_<*> locally,0.9815,"Block rdd_<*> stored as bytes in memory (estimated size <*> <*>, free <*> <*>)",0.6358,"Partition rdd_<*> not found, computing it",0.5936,14.01,33
502,Found block rdd_42_14 locally,partial,Found block rdd_<*> locally,0.9837,"Block rdd_<*> stored as bytes in memory (estimated size <*> <*>, free <*> <*>)",0.6285,"Partition rdd_<*> not found, computing it",0.5912,14.13,33
503,Found block rdd_42_13 locally,partial,Found block rdd_<*> locally,0.9845,"Block rdd_<*> stored as bytes in memory (estimated size <*> <*>, free <*> <*>)",0.6274,"Partition rdd_<*> not found, computing it",0.5898,15.75,33
504,"Times: total = 39, boot = 19, init = 19, finish = 1",partial,Times: total = <*> boot = <*> init = <*> finish = <*>,0.9732,Finished task <*> in stage <*> (TID <*> bytes result sent to driver,0.3948,Reading broadcast variable <*> took <*> ms,0.2672,15.13,33
505,"Times: total = 41, boot = 21, init = 19, finish = 1",partial,Times: total = <*> boot = <*> init = <*> finish = <*>,0.9756,Finished task <*> in stage <*> (TID <*> bytes result sent to driver,0.3923,Reading broadcast variable <*> took <*> ms,0.2619,14.53,33
506,Finished task 11.0 in stage 29.0 (TID 1331). 2128 bytes result sent to driver,partial,Finished task <*> in stage <*> (TID <*> bytes result sent to driver,0.9699,Running task <*> in stage <*> (TID <*>,0.6713,Got assigned task <*>,0.4615,14.59,33
507,"Times: total = 39, boot = 15, init = 23, finish = 1",partial,Times: total = <*> boot = <*> init = <*> finish = <*>,0.9813,Finished task <*> in stage <*> (TID <*> bytes result sent to driver,0.379,Reading broadcast variable <*> took <*> ms,0.2544,14.3,33
508,"Times: total = 42, boot = 18, init = 23, finish = 1",partial,Times: total = <*> boot = <*> init = <*> finish = <*>,0.9778,Finished task <*> in stage <*> (TID <*> bytes result sent to driver,0.3881,Got assigned task 273,0.2701,14.68,33
509,Finished task 10.0 in stage 29.0 (TID 1330). 2128 bytes result sent to driver,partial,Finished task <*> in stage <*> (TID <*> bytes result sent to driver,0.9581,Running task <*> in stage <*> (TID <*>,0.6787,Connecting to driver: spark://CoarseGrainedScheduler@<*>:48069,0.4271,14.79,33
510,"Times: total = 43, boot = 15, init = 27, finish = 1",partial,Times: total = <*> boot = <*> init = <*> finish = <*>,0.9844,Finished task <*> in stage <*> (TID <*> bytes result sent to driver,0.3836,Reading broadcast variable <*> took <*> ms,0.265,14.26,33
511,Got assigned task 1335,partial,Got assigned task <*>,0.9485,Got assigned task 590,0.7629,Got assigned task 273,0.7552,13.79,33
512,Running task 15.0 in stage 29.0 (TID 1335),partial,Running task <*> in stage <*> (TID <*>,0.8947,Finished task <*> in stage <*> (TID <*> bytes result sent to driver,0.6113,Got assigned task <*>,0.4719,14.07,33
513,Got assigned task 1336,partial,Got assigned task <*>,0.9498,Got assigned task 273,0.7863,Got assigned task 590,0.774,13.68,33
514,Finished task 14.0 in stage 29.0 (TID 1334). 2128 bytes result sent to driver,partial,Finished task <*> in stage <*> (TID <*> bytes result sent to driver,0.9596,Running task <*> in stage <*> (TID <*>,0.6595,Got assigned task 273,0.4551,14.26,33
515,Finished task 12.0 in stage 29.0 (TID 1332). 2128 bytes result sent to driver,partial,Finished task <*> in stage <*> (TID <*> bytes result sent to driver,0.9625,Running task <*> in stage <*> (TID <*>,0.6539,Got assigned task <*>,0.4546,14.14,33
516,Running task 16.0 in stage 29.0 (TID 1336),partial,Running task <*> in stage <*> (TID <*>,0.9147,Finished task <*> in stage <*> (TID <*> bytes result sent to driver,0.6221,Got assigned task <*>,0.4488,14.25,33
517,Finished task 13.0 in stage 29.0 (TID 1333). 2171 bytes result sent to driver,partial,Finished task <*> in stage <*> (TID <*> bytes result sent to driver,0.9619,Running task <*> in stage <*> (TID <*>,0.6165,Got assigned task <*>,0.4936,14.47,33
518,Got assigned task 1337,partial,Got assigned task <*>,0.9467,Got assigned task 273,0.7787,Got assigned task 590,0.7643,13.63,33
519,Running task 17.0 in stage 29.0 (TID 1337),partial,Running task <*> in stage <*> (TID <*>,0.9006,Finished task <*> in stage <*> (TID <*> bytes result sent to driver,0.6225,Got assigned task <*>,0.4866,14.38,33
520,Got assigned task 1338,partial,Got assigned task <*>,0.9398,Got assigned task 273,0.7763,Got assigned task 590,0.7679,13.79,33
521,Running task 18.0 in stage 29.0 (TID 1338),partial,Running task <*> in stage <*> (TID <*>,0.9235,Finished task <*> in stage <*> (TID <*> bytes result sent to driver,0.6255,Got assigned task <*>,0.4669,14.24,33
522,Found block rdd_42_16 locally,partial,Found block rdd_<*> locally,0.9803,"Block rdd_<*> stored as bytes in memory (estimated size <*> <*>, free <*> <*>)",0.649,"Partition rdd_<*> not found, computing it",0.5912,14.09,33
523,Got assigned task 1339,partial,Got assigned task <*>,0.9422,Got assigned task 590,0.7675,Got assigned task 273,0.7545,13.96,33
524,Running task 19.0 in stage 29.0 (TID 1339),partial,Running task <*> in stage <*> (TID <*>,0.8988,Finished task <*> in stage <*> (TID <*> bytes result sent to driver,0.613,Got assigned task <*>,0.4548,14.27,33
525,Found block rdd_42_15 locally,partial,Found block rdd_<*> locally,0.9802,"Block rdd_<*> stored as bytes in memory (estimated size <*> <*>, free <*> <*>)",0.6265,"Partition rdd_<*> not found, computing it",0.5826,13.85,33
526,Found block rdd_42_17 locally,partial,Found block rdd_<*> locally,0.982,"Block rdd_<*> stored as bytes in memory (estimated size <*> <*>, free <*> <*>)",0.6308,"Partition rdd_<*> not found, computing it",0.5844,13.86,33
527,Found block rdd_42_18 locally,partial,Found block rdd_<*> locally,0.986,"Block rdd_<*> stored as bytes in memory (estimated size <*> <*>, free <*> <*>)",0.6292,"Partition rdd_<*> not found, computing it",0.5947,13.94,33
528,Found block rdd_42_19 locally,partial,Found block rdd_<*> locally,0.9858,"Block rdd_<*> stored as bytes in memory (estimated size <*> <*>, free <*> <*>)",0.631,"Partition rdd_<*> not found, computing it",0.5945,13.73,33
529,"Times: total = 40, boot = 20, init = 19, finish = 1",partial,Times: total = <*> boot = <*> init = <*> finish = <*>,0.974,Finished task <*> in stage <*> (TID <*> bytes result sent to driver,0.3717,Reading broadcast variable <*> took <*> ms,0.249,14.19,33
530,"Times: total = 40, boot = 20, init = 19, finish = 1",partial,Times: total = <*> boot = <*> init = <*> finish = <*>,0.9742,Finished task <*> in stage <*> (TID <*> bytes result sent to driver,0.3717,Reading broadcast variable <*> took <*> ms,0.249,14.25,33
531,"Times: total = 39, boot = 18, init = 20, finish = 1",partial,Times: total = <*> boot = <*> init = <*> finish = <*>,0.9799,Finished task <*> in stage <*> (TID <*> bytes result sent to driver,0.3803,Reading broadcast variable <*> took <*> ms,0.2552,14.21,33
532,"Times: total = 41, boot = 27, init = 14, finish = 0",partial,Times: total = <*> boot = <*> init = <*> finish = <*>,0.9844,Finished task <*> in stage <*> (TID <*> bytes result sent to driver,0.4109,Reading broadcast variable <*> took <*> ms,0.278,14.21,33
533,Finished task 15.0 in stage 29.0 (TID 1335). 2171 bytes result sent to driver,partial,Finished task <*> in stage <*> (TID <*> bytes result sent to driver,0.9538,Running task <*> in stage <*> (TID <*>,0.609,Got assigned task <*>,0.4761,14.46,33
534,Finished task 16.0 in stage 29.0 (TID 1336). 2171 bytes result sent to driver,partial,Finished task <*> in stage <*> (TID <*> bytes result sent to driver,0.9588,Running task <*> in stage <*> (TID <*>,0.6188,Got assigned task 273,0.4756,14.4,33
535,Finished task 18.0 in stage 29.0 (TID 1338). 2128 bytes result sent to driver,partial,Finished task <*> in stage <*> (TID <*> bytes result sent to driver,0.9586,Running task <*> in stage <*> (TID <*>,0.6676,Got assigned task 273,0.4711,14.11,33
536,"Times: total = 41, boot = 15, init = 25, finish = 1",partial,Times: total = <*> boot = <*> init = <*> finish = <*>,0.9778,Finished task <*> in stage <*> (TID <*> bytes result sent to driver,0.3714,Reading broadcast variable <*> took <*> ms,0.251,13.88,33
537,Finished task 17.0 in stage 29.0 (TID 1337). 2128 bytes result sent to driver,partial,Finished task <*> in stage <*> (TID <*> bytes result sent to driver,0.9582,Running task <*> in stage <*> (TID <*>,0.6357,Got assigned task 273,0.4695,14.4,33
538,Got assigned task 1340,partial,Got assigned task <*>,0.9191,Got assigned task 273,0.7587,Got assigned task 590,0.7566,13.67,33
539,Running task 20.0 in stage 29.0 (TID 1340),partial,Running task <*> in stage <*> (TID <*>,0.9264,Finished task <*> in stage <*> (TID <*> bytes result sent to driver,0.6195,Got assigned task <*>,0.4498,14.27,33
540,Got assigned task 1341,partial,Got assigned task <*>,0.9286,Got assigned task 273,0.7696,Got assigned task 590,0.7462,13.69,33
541,Running task 21.0 in stage 29.0 (TID 1341),partial,Running task <*> in stage <*> (TID <*>,0.925,Finished task <*> in stage <*> (TID <*> bytes result sent to driver,0.6383,Got assigned task <*>,0.4983,14.16,33
542,Finished task 19.0 in stage 29.0 (TID 1339). 2128 bytes result sent to driver,partial,Finished task <*> in stage <*> (TID <*> bytes result sent to driver,0.9559,Running task <*> in stage <*> (TID <*>,0.6527,Got assigned task 273,0.4515,14.77,33
543,Got assigned task 1342,partial,Got assigned task <*>,0.9146,Got assigned task 273,0.7821,Got assigned task 590,0.7287,13.75,33
544,Running task 22.0 in stage 29.0 (TID 1342),partial,Running task <*> in stage <*> (TID <*>,0.9022,Finished task <*> in stage <*> (TID <*> bytes result sent to driver,0.623,Got assigned task 273,0.4634,14.33,33
545,Got assigned task 1343,partial,Got assigned task <*>,0.9291,Got assigned task 273,0.792,Got assigned task 360,0.7378,14.18,33
546,Running task 23.0 in stage 29.0 (TID 1343),partial,Running task <*> in stage <*> (TID <*>,0.9204,Finished task <*> in stage <*> (TID <*> bytes result sent to driver,0.6437,Got assigned task <*>,0.512,14.28,33
547,Got assigned task 1344,partial,Got assigned task <*>,0.9307,Got assigned task 273,0.785,Got assigned task 360,0.7473,13.87,33
548,Found block rdd_42_21 locally,partial,Found block rdd_<*> locally,0.9879,"Block rdd_<*> stored as bytes in memory (estimated size <*> <*>, free <*> <*>)",0.6392,"Partition rdd_<*> not found, computing it",0.5977,14.02,33
549,Running task 24.0 in stage 29.0 (TID 1344),partial,Running task <*> in stage <*> (TID <*>,0.9213,Finished task <*> in stage <*> (TID <*> bytes result sent to driver,0.6258,Got assigned task <*>,0.4952,14.19,33
550,Found block rdd_42_20 locally,partial,Found block rdd_<*> locally,0.9834,"Block rdd_<*> stored as bytes in memory (estimated size <*> <*>, free <*> <*>)",0.6447,"Partition rdd_<*> not found, computing it",0.5913,13.91,33
551,Found block rdd_42_22 locally,partial,Found block rdd_<*> locally,0.9814,"Block rdd_<*> stored as bytes in memory (estimated size <*> <*>, free <*> <*>)",0.6309,"Partition rdd_<*> not found, computing it",0.5814,13.88,33
552,Found block rdd_42_23 locally,partial,Found block rdd_<*> locally,0.9856,"Block rdd_<*> stored as bytes in memory (estimated size <*> <*>, free <*> <*>)",0.6248,"Partition rdd_<*> not found, computing it",0.5869,13.99,33
553,Found block rdd_42_24 locally,partial,Found block rdd_<*> locally,0.9877,"Block rdd_<*> stored as bytes in memory (estimated size <*> <*>, free <*> <*>)",0.6254,"Partition rdd_<*> not found, computing it",0.5948,14.11,33
554,"Times: total = 39, boot = 16, init = 22, finish = 1",partial,Times: total = <*> boot = <*> init = <*> finish = <*>,0.9858,Finished task <*> in stage <*> (TID <*> bytes result sent to driver,0.3866,Reading broadcast variable <*> took <*> ms,0.2728,14.17,33
555,"Times: total = 41, boot = 18, init = 22, finish = 1",partial,Times: total = <*> boot = <*> init = <*> finish = <*>,0.9813,Finished task <*> in stage <*> (TID <*> bytes result sent to driver,0.3787,Got assigned task 273,0.2596,13.91,33
556,"Times: total = 42, boot = 20, init = 21, finish = 1",partial,Times: total = <*> boot = <*> init = <*> finish = <*>,0.9729,Finished task <*> in stage <*> (TID <*> bytes result sent to driver,0.3841,Got assigned task 273,0.2528,13.99,33
557,Finished task 21.0 in stage 29.0 (TID 1341). 2128 bytes result sent to driver,partial,Finished task <*> in stage <*> (TID <*> bytes result sent to driver,0.9761,Running task <*> in stage <*> (TID <*>,0.6299,Got assigned task 273,0.4873,14.47,33
558,"Times: total = 43, boot = 15, init = 27, finish = 1",partial,Times: total = <*> boot = <*> init = <*> finish = <*>,0.9847,Finished task <*> in stage <*> (TID <*> bytes result sent to driver,0.3834,Reading broadcast variable <*> took <*> ms,0.265,14.45,33
559,Finished task 22.0 in stage 29.0 (TID 1342). 2171 bytes result sent to driver,partial,Finished task <*> in stage <*> (TID <*> bytes result sent to driver,0.9499,Running task <*> in stage <*> (TID <*>,0.5797,Got assigned task 273,0.494,14.66,33
560,Finished task 23.0 in stage 29.0 (TID 1343). 2171 bytes result sent to driver,partial,Finished task <*> in stage <*> (TID <*> bytes result sent to driver,0.9583,Running task <*> in stage <*> (TID <*>,0.5819,Got assigned task 273,0.4995,14.61,33
561,"Times: total = 41, boot = 15, init = 25, finish = 1",partial,Times: total = <*> boot = <*> init = <*> finish = <*>,0.9782,Finished task <*> in stage <*> (TID <*> bytes result sent to driver,0.3714,Reading broadcast variable <*> took <*> ms,0.251,14.48,33
562,Got assigned task 1345,partial,Got assigned task <*>,0.9392,Got assigned task 273,0.7758,Got assigned task 590,0.7549,13.78,33
563,Running task 25.0 in stage 29.0 (TID 1345),partial,Running task <*> in stage <*> (TID <*>,0.9107,Finished task <*> in stage <*> (TID <*> bytes result sent to driver,0.6276,Got assigned task <*>,0.498,13.91,33
564,Finished task 20.0 in stage 29.0 (TID 1340). 2128 bytes result sent to driver,partial,Finished task <*> in stage <*> (TID <*> bytes result sent to driver,0.9636,Running task <*> in stage <*> (TID <*>,0.6647,Got assigned task 273,0.4615,14.13,33
565,Finished task 24.0 in stage 29.0 (TID 1344). 2128 bytes result sent to driver,partial,Finished task <*> in stage <*> (TID <*> bytes result sent to driver,0.9725,Running task <*> in stage <*> (TID <*>,0.6411,Got assigned task 273,0.4868,14.57,33
566,Got assigned task 1346,partial,Got assigned task <*>,0.9367,Got assigned task 273,0.8025,Got assigned task 590,0.7596,13.7,33
567,Running task 26.0 in stage 29.0 (TID 1346),partial,Running task <*> in stage <*> (TID <*>,0.9042,Finished task <*> in stage <*> (TID <*> bytes result sent to driver,0.6315,Got assigned task <*>,0.5028,14.29,33
568,Got assigned task 1347,partial,Got assigned task <*>,0.9254,Got assigned task 273,0.7893,Got assigned task 360,0.7402,13.67,33
569,Running task 27.0 in stage 29.0 (TID 1347),partial,Running task <*> in stage <*> (TID <*>,0.8986,Finished task <*> in stage <*> (TID <*> bytes result sent to driver,0.6258,Got assigned task <*>,0.4902,14.1,33
570,Got assigned task 1348,partial,Got assigned task <*>,0.9312,Got assigned task 273,0.7948,Got assigned task 360,0.7553,13.72,33
571,Found block rdd_42_25 locally,partial,Found block rdd_<*> locally,0.9858,"Block rdd_<*> stored as bytes in memory (estimated size <*> <*>, free <*> <*>)",0.6319,"Partition rdd_<*> not found, computing it",0.5834,14.09,33
572,Running task 28.0 in stage 29.0 (TID 1348),partial,Running task <*> in stage <*> (TID <*>,0.8938,Finished task <*> in stage <*> (TID <*> bytes result sent to driver,0.6287,Got assigned task 273,0.4836,14.26,33
573,Got assigned task 1349,partial,Got assigned task <*>,0.9296,Got assigned task 273,0.7683,Got assigned task 590,0.754,13.69,33
574,Running task 29.0 in stage 29.0 (TID 1349),partial,Running task <*> in stage <*> (TID <*>,0.8856,Finished task <*> in stage <*> (TID <*> bytes result sent to driver,0.6064,Got assigned task <*>,0.4645,14.23,33
575,Found block rdd_42_26 locally,partial,Found block rdd_<*> locally,0.9865,"Block rdd_<*> stored as bytes in memory (estimated size <*> <*>, free <*> <*>)",0.6249,"Partition rdd_<*> not found, computing it",0.5818,13.85,33
576,Found block rdd_42_28 locally,partial,Found block rdd_<*> locally,0.982,"Block rdd_<*> stored as bytes in memory (estimated size <*> <*>, free <*> <*>)",0.6254,"Partition rdd_<*> not found, computing it",0.5851,13.85,33
577,Found block rdd_42_27 locally,partial,Found block rdd_<*> locally,0.9868,"Block rdd_<*> stored as bytes in memory (estimated size <*> <*>, free <*> <*>)",0.6264,"Partition rdd_<*> not found, computing it",0.5955,13.88,33
578,Found block rdd_42_29 locally,partial,Found block rdd_<*> locally,0.977,"Block rdd_<*> stored as bytes in memory (estimated size <*> <*>, free <*> <*>)",0.6251,"Partition rdd_<*> not found, computing it",0.5839,14.12,33
579,"Times: total = 41, boot = 23, init = 17, finish = 1",partial,Times: total = <*> boot = <*> init = <*> finish = <*>,0.9784,Finished task <*> in stage <*> (TID <*> bytes result sent to driver,0.385,Reading broadcast variable <*> took <*> ms,0.2618,14.23,33
580,"Times: total = 38, boot = 18, init = 20, finish = 0",partial,Times: total = <*> boot = <*> init = <*> finish = <*>,0.9758,Finished task <*> in stage <*> (TID <*> bytes result sent to driver,0.3911,Got assigned task 273,0.256,14.33,33
581,"Times: total = 42, boot = 18, init = 23, finish = 1",partial,Times: total = <*> boot = <*> init = <*> finish = <*>,0.9787,Finished task <*> in stage <*> (TID <*> bytes result sent to driver,0.3879,Got assigned task 273,0.2701,14.25,33
582,"Times: total = 39, boot = 18, init = 20, finish = 1",partial,Times: total = <*> boot = <*> init = <*> finish = <*>,0.9806,Finished task <*> in stage <*> (TID <*> bytes result sent to driver,0.3808,Reading broadcast variable <*> took <*> ms,0.2552,14.28,33
583,Finished task 25.0 in stage 29.0 (TID 1345). 2128 bytes result sent to driver,partial,Finished task <*> in stage <*> (TID <*> bytes result sent to driver,0.9772,Running task <*> in stage <*> (TID <*>,0.6261,Got assigned task 273,0.4825,14.54,33
584,Finished task 28.0 in stage 29.0 (TID 1348). 2128 bytes result sent to driver,partial,Finished task <*> in stage <*> (TID <*> bytes result sent to driver,0.9638,Running task <*> in stage <*> (TID <*>,0.6098,Got assigned task 273,0.4794,14.76,33
585,Finished task 27.0 in stage 29.0 (TID 1347). 2128 bytes result sent to driver,partial,Finished task <*> in stage <*> (TID <*> bytes result sent to driver,0.9661,Running task <*> in stage <*> (TID <*>,0.6143,Got assigned task 273,0.4805,14.47,33
586,Finished task 26.0 in stage 29.0 (TID 1346). 2128 bytes result sent to driver,partial,Finished task <*> in stage <*> (TID <*> bytes result sent to driver,0.972,Running task <*> in stage <*> (TID <*>,0.6306,Got assigned task 273,0.4842,15.03,33
587,Got assigned task 1350,partial,Got assigned task <*>,0.9176,Got assigned task 360,0.78,Got assigned task 590,0.7544,14.44,33
588,Running task 30.0 in stage 29.0 (TID 1350),partial,Running task <*> in stage <*> (TID <*>,0.8976,Finished task <*> in stage <*> (TID <*> bytes result sent to driver,0.6048,Got assigned task <*>,0.4255,14.34,33
589,"Times: total = 43, boot = 14, init = 28, finish = 1",partial,Times: total = <*> boot = <*> init = <*> finish = <*>,0.9831,Finished task <*> in stage <*> (TID <*> bytes result sent to driver,0.3902,Reading broadcast variable <*> took <*> ms,0.2646,14.23,33
590,Got assigned task 1351,partial,Got assigned task <*>,0.924,Got assigned task 360,0.7698,Got assigned task 273,0.7357,13.52,33
591,Running task 31.0 in stage 29.0 (TID 1351),partial,Running task <*> in stage <*> (TID <*>,0.9095,Finished task <*> in stage <*> (TID <*> bytes result sent to driver,0.6297,Got assigned task <*>,0.4968,13.89,33
592,Got assigned task 1352,partial,Got assigned task <*>,0.9168,Got assigned task 360,0.7666,Got assigned task 273,0.7565,13.68,33
593,Running task 32.0 in stage 29.0 (TID 1352),partial,Running task <*> in stage <*> (TID <*>,0.9232,Finished task <*> in stage <*> (TID <*> bytes result sent to driver,0.6301,Got assigned task <*>,0.4743,14.2,33
594,Got assigned task 1353,partial,Got assigned task <*>,0.9283,Got assigned task 360,0.7765,Got assigned task 273,0.7619,13.7,33
595,Running task 33.0 in stage 29.0 (TID 1353),partial,Running task <*> in stage <*> (TID <*>,0.9206,Finished task <*> in stage <*> (TID <*> bytes result sent to driver,0.6428,Got assigned task <*>,0.5026,14.21,33
596,Found block rdd_42_30 locally,partial,Found block rdd_<*> locally,0.9842,"Block rdd_<*> stored as bytes in memory (estimated size <*> <*>, free <*> <*>)",0.6343,"Partition rdd_<*> not found, computing it",0.5813,13.94,33
597,Finished task 29.0 in stage 29.0 (TID 1349). 2128 bytes result sent to driver,partial,Finished task <*> in stage <*> (TID <*> bytes result sent to driver,0.9606,Running task <*> in stage <*> (TID <*>,0.6173,Got assigned task 273,0.4706,14.7,33
598,Got assigned task 1354,partial,Got assigned task <*>,0.9285,Got assigned task 360,0.7817,Got assigned task 273,0.7562,13.77,33
599,Running task 34.0 in stage 29.0 (TID 1354),partial,Running task <*> in stage <*> (TID <*>,0.9077,Finished task <*> in stage <*> (TID <*> bytes result sent to driver,0.628,Got assigned task <*>,0.4934,14.12,33
600,Found block rdd_42_32 locally,partial,Found block rdd_<*> locally,0.9813,"Block rdd_<*> stored as bytes in memory (estimated size <*> <*>, free <*> <*>)",0.6473,"Partition rdd_<*> not found, computing it",0.5987,14.03,33
