log_id,normalised,match_type,top1_template,top1_score,top2_template,top2_score,top3_template,top3_score,latency_ms,store_size
1,Warning: we failed to resolve data source name bn654 bn655 bn656 bn657 bn658 bn659 bn660 bn661 bn662 bn663 bn664 bn665 bn666 bn667 bn668 bn669 bn670 bn671 bn672 bn673 bn674 bn675 bn676 bn677 bn678 bn679 bn680 bn681 bn682 bn683 bn684 bn685 bn686 bn687 bn688 bn689 bn690 bn691 bn692 bn693 bn694 bn695 bn696 bn697 bn698 bn699 bn700 bn701 bn702 bn703 bn704 bn705 bn706 bn707 bn708 bn709 bn710 bn711 bn712 bn713 bn714 bn715 bn716 bn717 bn718 bn719 bn720 bn721 bn722 bn723 bn724 bn725 bn726 bn727 bn728 bn729 bn730 bn731 bn732 bn733 bn734 bn735 bn736 bn737 bn738 bn739 bn740 bn741 bn742 bn743 bn744 bn745 bn746 bn747 bn748 bn749 bn750 bn751 bn752 bn753 bn754 bn755 bn756 bn757 bn758 bn759 bn760 bn761 bn762 bn763 bn764 bn765 bn766 bn767 bn768,partial,Warning: we failed to resolve data source name bn<*> bn<*> bn<*> bn<*> bn<*> bn<*> bn<*> bn<*> bn<*> bn<*> bn<*> bn<*> bn<*> bn<*> bn<*> bn<*> bn<*> bn<*> bn<*> bn<*> bn<*> bn<*> bn<*> bn<*> bn<*> bn<*> bn<*> bn<*> bn<*> bn<*> bn<*> bn<*> bn<*> bn<*> bn<*> bn<*> bn<*> bn<*> bn<*> bn<*> bn<*> bn<*> bn<*> bn<*> bn<*> bn<*> bn<*> bn<*> bn<*> bn<*> bn<*> bn<*> bn<*> bn<*> bn<*> bn<*> bn<*> bn<*> bn<*> bn<*> bn<*> bn<*> bn<*> bn<*> bn<*> bn<*> bn<*> bn<*> bn<*> bn<*> bn<*> bn<*> bn<*> bn<*> bn<*> bn<*> bn<*> bn<*> bn<*> bn<*> bn<*> bn<*> bn<*> bn<*> bn<*> bn<*> bn<*> bn<*> bn<*> bn<*> bn<*> bn<*> bn<*> bn<*> bn<*> bn<*> bn<*> bn<*> bn<*> bn<*> bn<*> bn<*> bn<*> bn<*> bn<*> bn<*> bn<*> bn<*> bn<*> bn<*> bn<*> bn<*> bn<*> bn<*> bn<*>,0.9762,Warning: we failed to resolve data source name an<*> an<*> an<*> an<*> an<*> an<*> an<*> an<*> an<*> an<*> an<*> an<*> an<*> an<*> an<*> an<*> an<*> an<*> an<*> an<*> an<*> an<*> an<*> an<*> an<*> an<*> an<*> an<*> an<*> an<*> an<*> an<*> an<*> an<*> an<*> an<*> an<*> an<*> an<*> an<*> an<*> an<*> an<*> an<*> an<*> an<*> an<*> an<*> an<*> an<*> an<*> an<*> an<*> an<*> an<*> an<*> an<*> an<*> an<*> an<*> an<*> an<*> an<*> an<*> an<*> an<*> an<*> an<*> an<*> an<*> an<*> an<*> an<*> an<*> an<*> an<*> an<*> an<*> an<*> an<*> an<*> an<*> an<*> an<*> an<*> an<*> an<*> an<*> an<*> an<*> an<*> an<*> an<*> an<*> an<*> an<*> an<*> an<*> an<*> an<*> an<*> an<*> an<*> an<*> an<*> an<*> an<*> an<*> an<*> an<*> an<*> an<*> an<*> an<*> an<*>,0.7943,Wait for ready failed before probe !,0.3542,86.59,148
2,Warning: we failed to resolve data source name dadmin2 dadmin3 dadmin4,new,Warning: we failed to resolve data source name dadmin2 dadmin3 dadmin4,1.0,,0.0,,0.0,51.06,149
3,"connection from ""#28#""",exact,"connection from ""#28#""",1.0,#39# (Release Date: Mon Sep 27 <*> EDT 2004),0.5143,Received SNMP packet(s) from #34#,0.4894,47.47,149
4,data_thread() got not answer from any [Thunderbird_C6] datasource,exact,data_thread() got not answer from any <*> datasource,0.9902,asking for cache data failed,0.297,"jA<*> to=root, ctladdr=root (0/0), delay<*> xdelay=00:00:00, mailer=relay, pri<*> relay=[<*>] [<*>], dsn=4.0.0, stat=Deferred: Connection refused by [<*>]",0.2773,47.07,149
5,RRD_update (/var/lib/ganglia/rrds/C Nodes/cn776/pkts_out.rrd): illegal attempt to update using time 1131559854 when last update time is 1131559854 (minimum one second step),exact,RRD_update (/var/lib/ganglia/rrds/D Nodes/dn731/pkts_out.rrd): illegal attempt to update using time <*> when last update time is <*> (minimum one second step),0.9914,kernel time sync disabled <*>,0.353,rpc.statd startup succeeded,0.3462,48.28,149
6,RRD_update (/var/lib/ganglia/rrds/D Nodes/dn731/pkts_out.rrd): illegal attempt to update using time 1131559854 when last update time is 1131559854 (minimum one second step),exact,RRD_update (/var/lib/ganglia/rrds/D Nodes/dn731/pkts_out.rrd): illegal attempt to update using time <*> when last update time is <*> (minimum one second step),0.9974,kernel time sync disabled <*>,0.3611,rpc.statd startup succeeded,0.3292,48.3,149
7,RRD_update (/var/lib/ganglia/rrds/unspecified/badmin3/disk_total.rrd): illegal attempt to update using time 1131559854 when last update time is 1131559854 (minimum one second step),partial,RRD_update (/var/lib/ganglia/rrds/D Nodes/dn731/pkts_out.rrd): illegal attempt to update using time <*> when last update time is <*> (minimum one second step),0.8994,Disk quotas dquot_6.5.1,0.3723,Unknown cmd fd(5) cmd(80081272){00} arg(ffffda44) on /dev/sda,0.3534,48.28,149
8,data_thread() got not answer from any [Thunderbird_A1] datasource,partial,data_thread() got not answer from any <*> datasource,0.9733,asking for cache data failed,0.2757,"jA<*> to=root, ctladdr=root (0/0), delay<*> xdelay=00:00:00, mailer=relay, pri<*> relay=[<*>] [<*>], dsn=4.0.0, stat=Deferred: Connection refused by [<*>]",0.2735,45.89,149
9,data_thread() got not answer from any [Thunderbird_A2] datasource,partial,data_thread() got not answer from any <*> datasource,0.9815,asking for cache data failed,0.2878,"jA<*> to=root, ctladdr=root (0/0), delay<*> xdelay=00:00:00, mailer=relay, pri<*> relay=[<*>] [<*>], dsn=4.0.0, stat=Deferred: Connection refused by [<*>]",0.2781,45.42,149
10,data_thread() got not answer from any [Thunderbird_A3] datasource,partial,data_thread() got not answer from any <*> datasource,0.9865,asking for cache data failed,0.2981,"jA<*> to=root, ctladdr=root (0/0), delay<*> xdelay=00:00:00, mailer=relay, pri<*> relay=[<*>] [<*>], dsn=4.0.0, stat=Deferred: Connection refused by [<*>]",0.2767,45.4,149
11,data_thread() got not answer from any [Thunderbird_A4] datasource,exact,data_thread() got not answer from any <*> datasource,0.9916,asking for cache data failed,0.2979,"jA<*> to=root, ctladdr=root (0/0), delay<*> xdelay=00:00:00, mailer=relay, pri<*> relay=[<*>] [<*>], dsn=4.0.0, stat=Deferred: Connection refused by [<*>]",0.2897,45.27,149
12,data_thread() got not answer from any [Thunderbird_A5] datasource,exact,data_thread() got not answer from any <*> datasource,0.9901,asking for cache data failed,0.299,"jA<*> to=root, ctladdr=root (0/0), delay<*> xdelay=00:00:00, mailer=relay, pri<*> relay=[<*>] [<*>], dsn=4.0.0, stat=Deferred: Connection refused by [<*>]",0.2727,45.27,149
13,data_thread() got not answer from any [Thunderbird_A6] datasource,exact,data_thread() got not answer from any <*> datasource,0.9925,asking for cache data failed,0.2937,"jA<*> to=root, ctladdr=root (0/0), delay<*> xdelay=00:00:00, mailer=relay, pri<*> relay=[<*>] [<*>], dsn=4.0.0, stat=Deferred: Connection refused by [<*>]",0.2794,45.4,149
14,data_thread() got not answer from any [Thunderbird_A7] datasource,partial,data_thread() got not answer from any <*> datasource,0.9886,asking for cache data failed,0.2967,"jA<*> to=root, ctladdr=root (0/0), delay<*> xdelay=00:00:00, mailer=relay, pri<*> relay=[<*>] [<*>], dsn=4.0.0, stat=Deferred: Connection refused by [<*>]",0.2791,45.58,149
15,data_thread() got not answer from any [Thunderbird_A8] datasource,partial,data_thread() got not answer from any <*> datasource,0.988,asking for cache data failed,0.2966,"jA<*> to=root, ctladdr=root (0/0), delay<*> xdelay=00:00:00, mailer=relay, pri<*> relay=[<*>] [<*>], dsn=4.0.0, stat=Deferred: Connection refused by [<*>]",0.2938,45.63,149
16,data_thread() got not answer from any [Thunderbird_B1] datasource,partial,data_thread() got not answer from any <*> datasource,0.9843,asking for cache data failed,0.2968,"jA<*> to=root, ctladdr=root (0/0), delay<*> xdelay=00:00:00, mailer=relay, pri<*> relay=[<*>] [<*>], dsn=4.0.0, stat=Deferred: Connection refused by [<*>]",0.289,45.5,149
17,data_thread() got not answer from any [Thunderbird_B2] datasource,partial,data_thread() got not answer from any <*> datasource,0.9893,asking for cache data failed,0.3018,"jA<*> to=root, ctladdr=root (0/0), delay<*> xdelay=00:00:00, mailer=relay, pri<*> relay=[<*>] [<*>], dsn=4.0.0, stat=Deferred: Connection refused by [<*>]",0.2895,45.26,149
18,data_thread() got not answer from any [Thunderbird_B3] datasource,partial,data_thread() got not answer from any <*> datasource,0.9891,asking for cache data failed,0.3078,"jA<*> to=root, ctladdr=root (0/0), delay<*> xdelay=00:00:00, mailer=relay, pri<*> relay=[<*>] [<*>], dsn=4.0.0, stat=Deferred: Connection refused by [<*>]",0.2829,45.45,149
19,data_thread() got not answer from any [Thunderbird_B4] datasource,exact,data_thread() got not answer from any <*> datasource,0.9919,asking for cache data failed,0.309,"jA<*> to=root, ctladdr=root (0/0), delay<*> xdelay=00:00:00, mailer=relay, pri<*> relay=[<*>] [<*>], dsn=4.0.0, stat=Deferred: Connection refused by [<*>]",0.2907,45.49,149
20,data_thread() got not answer from any [Thunderbird_B5] datasource,partial,data_thread() got not answer from any <*> datasource,0.9888,asking for cache data failed,0.3083,"jA<*> to=root, ctladdr=root (0/0), delay<*> xdelay=00:00:00, mailer=relay, pri<*> relay=[<*>] [<*>], dsn=4.0.0, stat=Deferred: Connection refused by [<*>]",0.2752,45.35,149
21,data_thread() got not answer from any [Thunderbird_B6] datasource,exact,data_thread() got not answer from any <*> datasource,0.9923,asking for cache data failed,0.3049,"jA<*> to=root, ctladdr=root (0/0), delay<*> xdelay=00:00:00, mailer=relay, pri<*> relay=[<*>] [<*>], dsn=4.0.0, stat=Deferred: Connection refused by [<*>]",0.2824,45.52,149
22,data_thread() got not answer from any [Thunderbird_B7] datasource,partial,data_thread() got not answer from any <*> datasource,0.9896,asking for cache data failed,0.3055,"jA<*> to=root, ctladdr=root (0/0), delay<*> xdelay=00:00:00, mailer=relay, pri<*> relay=[<*>] [<*>], dsn=4.0.0, stat=Deferred: Connection refused by [<*>]",0.2813,45.51,149
23,data_thread() got not answer from any [Thunderbird_B8] datasource,partial,data_thread() got not answer from any <*> datasource,0.9888,asking for cache data failed,0.3075,"jA<*> to=root, ctladdr=root (0/0), delay<*> xdelay=00:00:00, mailer=relay, pri<*> relay=[<*>] [<*>], dsn=4.0.0, stat=Deferred: Connection refused by [<*>]",0.295,45.37,149
24,data_thread() got not answer from any [Thunderbird_C1] datasource,partial,data_thread() got not answer from any <*> datasource,0.9879,asking for cache data failed,0.2902,"jA<*> to=root, ctladdr=root (0/0), delay<*> xdelay=00:00:00, mailer=relay, pri<*> relay=[<*>] [<*>], dsn=4.0.0, stat=Deferred: Connection refused by [<*>]",0.2827,45.5,149
25,data_thread() got not answer from any [Thunderbird_C2] datasource,partial,data_thread() got not answer from any <*> datasource,0.9792,asking for cache data failed,0.2943,connection lost: 'Connection closed.',0.2809,45.32,149
26,data_thread() got not answer from any [Thunderbird_C4] datasource,exact,data_thread() got not answer from any <*> datasource,0.9904,asking for cache data failed,0.3033,"jA<*> to=root, ctladdr=root (0/0), delay<*> xdelay=00:00:00, mailer=relay, pri<*> relay=[<*>] [<*>], dsn=4.0.0, stat=Deferred: Connection refused by [<*>]",0.2896,45.48,149
27,data_thread() got not answer from any [Thunderbird_C5] datasource,partial,data_thread() got not answer from any <*> datasource,0.9885,asking for cache data failed,0.3035,"jA<*> to=root, ctladdr=root (0/0), delay<*> xdelay=00:00:00, mailer=relay, pri<*> relay=[<*>] [<*>], dsn=4.0.0, stat=Deferred: Connection refused by [<*>]",0.2701,45.38,149
28,data_thread() got not answer from any [Thunderbird_C6] datasource,partial,data_thread() got not answer from any <*> datasource,0.9898,asking for cache data failed,0.297,"jA<*> to=root, ctladdr=root (0/0), delay<*> xdelay=00:00:00, mailer=relay, pri<*> relay=[<*>] [<*>], dsn=4.0.0, stat=Deferred: Connection refused by [<*>]",0.2773,45.48,149
29,data_thread() got not answer from any [Thunderbird_C8] datasource,partial,data_thread() got not answer from any <*> datasource,0.9871,asking for cache data failed,0.3005,"jA<*> to=root, ctladdr=root (0/0), delay<*> xdelay=00:00:00, mailer=relay, pri<*> relay=[<*>] [<*>], dsn=4.0.0, stat=Deferred: Connection refused by [<*>]",0.2902,46.41,149
30,data_thread() got not answer from any [Thunderbird_D2] datasource,partial,data_thread() got not answer from any <*> datasource,0.9755,asking for cache data failed,0.2893,"jA<*> to=root, ctladdr=root (0/0), delay<*> xdelay=00:00:00, mailer=relay, pri<*> relay=[<*>] [<*>], dsn=4.0.0, stat=Deferred: Connection refused by [<*>]",0.2873,45.52,149
31,data_thread() got not answer from any [Thunderbird_D4] datasource,partial,data_thread() got not answer from any <*> datasource,0.9826,asking for cache data failed,0.3035,"jA<*> to=root, ctladdr=root (0/0), delay<*> xdelay=00:00:00, mailer=relay, pri<*> relay=[<*>] [<*>], dsn=4.0.0, stat=Deferred: Connection refused by [<*>]",0.2934,45.41,149
32,data_thread() got not answer from any [Thunderbird_D5] datasource,partial,data_thread() got not answer from any <*> datasource,0.9867,asking for cache data failed,0.3065,"jA<*> to=root, ctladdr=root (0/0), delay<*> xdelay=00:00:00, mailer=relay, pri<*> relay=[<*>] [<*>], dsn=4.0.0, stat=Deferred: Connection refused by [<*>]",0.272,45.25,149
33,data_thread() got not answer from any [Thunderbird_D6] datasource,partial,data_thread() got not answer from any <*> datasource,0.9877,asking for cache data failed,0.298,"jA<*> to=root, ctladdr=root (0/0), delay<*> xdelay=00:00:00, mailer=relay, pri<*> relay=[<*>] [<*>], dsn=4.0.0, stat=Deferred: Connection refused by [<*>]",0.2769,45.29,149
34,data_thread() got not answer from any [Thunderbird_D7] datasource,exact,data_thread() got not answer from any <*> datasource,0.9906,asking for cache data failed,0.3009,"jA<*> to=root, ctladdr=root (0/0), delay<*> xdelay=00:00:00, mailer=relay, pri<*> relay=[<*>] [<*>], dsn=4.0.0, stat=Deferred: Connection refused by [<*>]",0.2815,45.43,149
35,data_thread() got not answer from any [Thunderbird_D8] datasource,partial,data_thread() got not answer from any <*> datasource,0.9871,asking for cache data failed,0.3057,"jA<*> to=root, ctladdr=root (0/0), delay<*> xdelay=00:00:00, mailer=relay, pri<*> relay=[<*>] [<*>], dsn=4.0.0, stat=Deferred: Connection refused by [<*>]",0.2923,45.48,149
36,Warning: we failed to resolve data source name bn782 bn783 bn784 bn785 bn786 bn787 bn788 bn789 bn790 bn791 bn792 bn793 bn794 bn795 bn796 bn797 bn798 bn799 bn800 bn801 bn802 bn803 bn804 bn805 bn806 bn807 bn808 bn809 bn810 bn811 bn812 bn813 bn814 bn815 bn816 bn817 bn818 bn819 bn820 bn821 bn822 bn823 bn824 bn825 bn826 bn827 bn828 bn829 bn830 bn831 bn832 bn833 bn834 bn835 bn836 bn837 bn838 bn839 bn840 bn841 bn842 bn843 bn844 bn845 bn846 bn847 bn848 bn849 bn850 bn851 bn852 bn853 bn854 bn855 bn856 bn857 bn858 bn859 bn860 bn861 bn862 bn863 bn864 bn865 bn866 bn867 bn868 bn869 bn870 bn871 bn872 bn873 bn874 bn875 bn876 bn877 bn878 bn879 bn880 bn881 bn882 bn883 bn884 bn885 bn886 bn887 bn888 bn889 bn890 bn891 bn892 bn893 bn894 bn895 bn896,partial,Warning: we failed to resolve data source name bn<*> bn<*> bn<*> bn<*> bn<*> bn<*> bn<*> bn<*> bn<*> bn<*> bn<*> bn<*> bn<*> bn<*> bn<*> bn<*> bn<*> bn<*> bn<*> bn<*> bn<*> bn<*> bn<*> bn<*> bn<*> bn<*> bn<*> bn<*> bn<*> bn<*> bn<*> bn<*> bn<*> bn<*> bn<*> bn<*> bn<*> bn<*> bn<*> bn<*> bn<*> bn<*> bn<*> bn<*> bn<*> bn<*> bn<*> bn<*> bn<*> bn<*> bn<*> bn<*> bn<*> bn<*> bn<*> bn<*> bn<*> bn<*> bn<*> bn<*> bn<*> bn<*> bn<*> bn<*> bn<*> bn<*> bn<*> bn<*> bn<*> bn<*> bn<*> bn<*> bn<*> bn<*> bn<*> bn<*> bn<*> bn<*> bn<*> bn<*> bn<*> bn<*> bn<*> bn<*> bn<*> bn<*> bn<*> bn<*> bn<*> bn<*> bn<*> bn<*> bn<*> bn<*> bn<*> bn<*> bn<*> bn<*> bn<*> bn<*> bn<*> bn<*> bn<*> bn<*> bn<*> bn<*> bn<*> bn<*> bn<*> bn<*> bn<*> bn<*> bn<*> bn<*> bn<*>,0.9706,Warning: we failed to resolve data source name an<*> an<*> an<*> an<*> an<*> an<*> an<*> an<*> an<*> an<*> an<*> an<*> an<*> an<*> an<*> an<*> an<*> an<*> an<*> an<*> an<*> an<*> an<*> an<*> an<*> an<*> an<*> an<*> an<*> an<*> an<*> an<*> an<*> an<*> an<*> an<*> an<*> an<*> an<*> an<*> an<*> an<*> an<*> an<*> an<*> an<*> an<*> an<*> an<*> an<*> an<*> an<*> an<*> an<*> an<*> an<*> an<*> an<*> an<*> an<*> an<*> an<*> an<*> an<*> an<*> an<*> an<*> an<*> an<*> an<*> an<*> an<*> an<*> an<*> an<*> an<*> an<*> an<*> an<*> an<*> an<*> an<*> an<*> an<*> an<*> an<*> an<*> an<*> an<*> an<*> an<*> an<*> an<*> an<*> an<*> an<*> an<*> an<*> an<*> an<*> an<*> an<*> an<*> an<*> an<*> an<*> an<*> an<*> an<*> an<*> an<*> an<*> an<*> an<*> an<*>,0.7954,Warning: we failed to resolve data source name dadmin2 dadmin3 dadmin4,0.5712,63.89,149
37,Warning: we failed to resolve data source name bn910 bn911 bn912 bn913 bn914 bn915 bn916 bn917 bn918 bn919 bn920 bn921 bn922 bn923 bn924 bn925 bn926 bn927 bn928 bn929 bn930 bn931 bn932 bn933 bn934 bn935 bn936 bn937 bn938 bn939 bn940 bn941 bn942 bn943 bn944 bn945 bn946 bn947 bn948 bn949 bn950 bn951 bn952 bn953 bn954 bn955 bn956 bn957 bn958 bn959 bn960 bn961 bn962 bn963 bn964 bn965 bn966 bn967 bn968 bn969 bn970 bn971 bn972 bn973 bn974 bn975 bn976 bn977 bn978 bn979 bn980 bn981 bn982 bn983 bn984 bn985 bn986 bn987 bn988 bn989 bn990 bn991 bn992 bn993 bn994 bn995 bn996 bn997 bn998 bn999 bn1000 bn1001 bn1002 bn1003 bn1004 bn1005 bn1006 bn1007 bn1008 bn1009 bn1010 bn1011 bn1012 bn1013 bn1014 bn1015 bn1016 bn1017 bn1018 bn1019 bn1020 bn1021 bn1022 bn1023 bn1024,partial,Warning: we failed to resolve data source name bn<*> bn<*> bn<*> bn<*> bn<*> bn<*> bn<*> bn<*> bn<*> bn<*> bn<*> bn<*> bn<*> bn<*> bn<*> bn<*> bn<*> bn<*> bn<*> bn<*> bn<*> bn<*> bn<*> bn<*> bn<*> bn<*> bn<*> bn<*> bn<*> bn<*> bn<*> bn<*> bn<*> bn<*> bn<*> bn<*> bn<*> bn<*> bn<*> bn<*> bn<*> bn<*> bn<*> bn<*> bn<*> bn<*> bn<*> bn<*> bn<*> bn<*> bn<*> bn<*> bn<*> bn<*> bn<*> bn<*> bn<*> bn<*> bn<*> bn<*> bn<*> bn<*> bn<*> bn<*> bn<*> bn<*> bn<*> bn<*> bn<*> bn<*> bn<*> bn<*> bn<*> bn<*> bn<*> bn<*> bn<*> bn<*> bn<*> bn<*> bn<*> bn<*> bn<*> bn<*> bn<*> bn<*> bn<*> bn<*> bn<*> bn<*> bn<*> bn<*> bn<*> bn<*> bn<*> bn<*> bn<*> bn<*> bn<*> bn<*> bn<*> bn<*> bn<*> bn<*> bn<*> bn<*> bn<*> bn<*> bn<*> bn<*> bn<*> bn<*> bn<*> bn<*> bn<*>,0.9671,Warning: we failed to resolve data source name an<*> an<*> an<*> an<*> an<*> an<*> an<*> an<*> an<*> an<*> an<*> an<*> an<*> an<*> an<*> an<*> an<*> an<*> an<*> an<*> an<*> an<*> an<*> an<*> an<*> an<*> an<*> an<*> an<*> an<*> an<*> an<*> an<*> an<*> an<*> an<*> an<*> an<*> an<*> an<*> an<*> an<*> an<*> an<*> an<*> an<*> an<*> an<*> an<*> an<*> an<*> an<*> an<*> an<*> an<*> an<*> an<*> an<*> an<*> an<*> an<*> an<*> an<*> an<*> an<*> an<*> an<*> an<*> an<*> an<*> an<*> an<*> an<*> an<*> an<*> an<*> an<*> an<*> an<*> an<*> an<*> an<*> an<*> an<*> an<*> an<*> an<*> an<*> an<*> an<*> an<*> an<*> an<*> an<*> an<*> an<*> an<*> an<*> an<*> an<*> an<*> an<*> an<*> an<*> an<*> an<*> an<*> an<*> an<*> an<*> an<*> an<*> an<*> an<*> an<*>,0.7836,Warning: we failed to resolve data source name dadmin2 dadmin3 dadmin4,0.5642,63.98,149
38,Warning: we failed to resolve data source name cn14 cn15 cn16 cn17 cn18 cn19 cn20 cn21 cn22 cn23 cn24 cn25 cn26 cn27 cn28 cn29 cn30 cn31 cn32 cn33 cn34 cn35 cn36 cn37 cn38 cn39 cn40 cn41 cn42 cn43 cn44 cn45 cn46 cn47 cn48 cn49 cn50 cn51 cn52 cn53 cn54 cn55 cn56 cn57 cn58 cn59 cn60 cn61 cn62 cn63 cn64 cn65 cn66 cn67 cn68 cn69 cn70 cn71 cn72 cn73 cn74 cn75 cn76 cn77 cn78 cn79 cn80 cn81 cn82 cn83 cn84 cn85 cn86 cn87 cn88 cn89 cn90 cn91 cn92 cn93 cn94 cn95 cn96 cn97 cn98 cn99 cn100 cn101 cn102 cn103 cn104 cn105 cn106 cn107 cn108 cn109 cn110 cn111 cn112 cn113 cn114 cn115 cn116 cn117 cn118 cn119 cn120 cn121 cn122 cn123 cn124 cn125 cn126 cn127 cn128,partial,Warning: we failed to resolve data source name bn<*> bn<*> bn<*> bn<*> bn<*> bn<*> bn<*> bn<*> bn<*> bn<*> bn<*> bn<*> bn<*> bn<*> bn<*> bn<*> bn<*> bn<*> bn<*> bn<*> bn<*> bn<*> bn<*> bn<*> bn<*> bn<*> bn<*> bn<*> bn<*> bn<*> bn<*> bn<*> bn<*> bn<*> bn<*> bn<*> bn<*> bn<*> bn<*> bn<*> bn<*> bn<*> bn<*> bn<*> bn<*> bn<*> bn<*> bn<*> bn<*> bn<*> bn<*> bn<*> bn<*> bn<*> bn<*> bn<*> bn<*> bn<*> bn<*> bn<*> bn<*> bn<*> bn<*> bn<*> bn<*> bn<*> bn<*> bn<*> bn<*> bn<*> bn<*> bn<*> bn<*> bn<*> bn<*> bn<*> bn<*> bn<*> bn<*> bn<*> bn<*> bn<*> bn<*> bn<*> bn<*> bn<*> bn<*> bn<*> bn<*> bn<*> bn<*> bn<*> bn<*> bn<*> bn<*> bn<*> bn<*> bn<*> bn<*> bn<*> bn<*> bn<*> bn<*> bn<*> bn<*> bn<*> bn<*> bn<*> bn<*> bn<*> bn<*> bn<*> bn<*> bn<*> bn<*>,0.8533,Warning: we failed to resolve data source name an<*> an<*> an<*> an<*> an<*> an<*> an<*> an<*> an<*> an<*> an<*> an<*> an<*> an<*> an<*> an<*> an<*> an<*> an<*> an<*> an<*> an<*> an<*> an<*> an<*> an<*> an<*> an<*> an<*> an<*> an<*> an<*> an<*> an<*> an<*> an<*> an<*> an<*> an<*> an<*> an<*> an<*> an<*> an<*> an<*> an<*> an<*> an<*> an<*> an<*> an<*> an<*> an<*> an<*> an<*> an<*> an<*> an<*> an<*> an<*> an<*> an<*> an<*> an<*> an<*> an<*> an<*> an<*> an<*> an<*> an<*> an<*> an<*> an<*> an<*> an<*> an<*> an<*> an<*> an<*> an<*> an<*> an<*> an<*> an<*> an<*> an<*> an<*> an<*> an<*> an<*> an<*> an<*> an<*> an<*> an<*> an<*> an<*> an<*> an<*> an<*> an<*> an<*> an<*> an<*> an<*> an<*> an<*> an<*> an<*> an<*> an<*> an<*> an<*> an<*>,0.7754,Warning: we failed to resolve data source name dadmin2 dadmin3 dadmin4,0.5991,64.11,149
39,Warning: we failed to resolve data source name cn142 cn143 cn144 cn145 cn146 cn147 cn148 cn149 cn150 cn151 cn152 cn153 cn154 cn155 cn156 cn157 cn158 cn159 cn160 cn161 cn162 cn163 cn164 cn165 cn166 cn167 cn168 cn169 cn170 cn171 cn172 cn173 cn174 cn175 cn176 cn177 cn178 cn179 cn180 cn181 cn182 cn183 cn184 cn185 cn186 cn187 cn188 cn189 cn190 cn191 cn192 cn193 cn194 cn195 cn196 cn197 cn198 cn199 cn200 cn201 cn202 cn203 cn204 cn205 cn206 cn207 cn208 cn209 cn210 cn211 cn212 cn213 cn214 cn215 cn216 cn217 cn218 cn219 cn220 cn221 cn222 cn223 cn224 cn225 cn226 cn227 cn228 cn229 cn230 cn231 cn232 cn233 cn234 cn235 cn236 cn237 cn238 cn239 cn240 cn241 cn242 cn243 cn244 cn245 cn246 cn247 cn248 cn249 cn250 cn251 cn252 cn253 cn254 cn255 cn256,partial,Warning: we failed to resolve data source name bn<*> bn<*> bn<*> bn<*> bn<*> bn<*> bn<*> bn<*> bn<*> bn<*> bn<*> bn<*> bn<*> bn<*> bn<*> bn<*> bn<*> bn<*> bn<*> bn<*> bn<*> bn<*> bn<*> bn<*> bn<*> bn<*> bn<*> bn<*> bn<*> bn<*> bn<*> bn<*> bn<*> bn<*> bn<*> bn<*> bn<*> bn<*> bn<*> bn<*> bn<*> bn<*> bn<*> bn<*> bn<*> bn<*> bn<*> bn<*> bn<*> bn<*> bn<*> bn<*> bn<*> bn<*> bn<*> bn<*> bn<*> bn<*> bn<*> bn<*> bn<*> bn<*> bn<*> bn<*> bn<*> bn<*> bn<*> bn<*> bn<*> bn<*> bn<*> bn<*> bn<*> bn<*> bn<*> bn<*> bn<*> bn<*> bn<*> bn<*> bn<*> bn<*> bn<*> bn<*> bn<*> bn<*> bn<*> bn<*> bn<*> bn<*> bn<*> bn<*> bn<*> bn<*> bn<*> bn<*> bn<*> bn<*> bn<*> bn<*> bn<*> bn<*> bn<*> bn<*> bn<*> bn<*> bn<*> bn<*> bn<*> bn<*> bn<*> bn<*> bn<*> bn<*> bn<*>,0.8741,Warning: we failed to resolve data source name an<*> an<*> an<*> an<*> an<*> an<*> an<*> an<*> an<*> an<*> an<*> an<*> an<*> an<*> an<*> an<*> an<*> an<*> an<*> an<*> an<*> an<*> an<*> an<*> an<*> an<*> an<*> an<*> an<*> an<*> an<*> an<*> an<*> an<*> an<*> an<*> an<*> an<*> an<*> an<*> an<*> an<*> an<*> an<*> an<*> an<*> an<*> an<*> an<*> an<*> an<*> an<*> an<*> an<*> an<*> an<*> an<*> an<*> an<*> an<*> an<*> an<*> an<*> an<*> an<*> an<*> an<*> an<*> an<*> an<*> an<*> an<*> an<*> an<*> an<*> an<*> an<*> an<*> an<*> an<*> an<*> an<*> an<*> an<*> an<*> an<*> an<*> an<*> an<*> an<*> an<*> an<*> an<*> an<*> an<*> an<*> an<*> an<*> an<*> an<*> an<*> an<*> an<*> an<*> an<*> an<*> an<*> an<*> an<*> an<*> an<*> an<*> an<*> an<*> an<*>,0.7691,Warning: we failed to resolve data source name dadmin2 dadmin3 dadmin4,0.5962,64.18,149
40,Warning: we failed to resolve data source name cn270 cn271 cn272 cn273 cn274 cn275 cn276 cn277 cn278 cn279 cn280 cn281 cn282 cn283 cn284 cn285 cn286 cn287 cn288 cn289 cn290 cn291 cn292 cn293 cn294 cn295 cn296 cn297 cn298 cn299 cn300 cn301 cn302 cn303 cn304 cn305 cn306 cn307 cn308 cn309 cn310 cn311 cn312 cn313 cn314 cn315 cn316 cn317 cn318 cn319 cn320 cn321 cn322 cn323 cn324 cn325 cn326 cn327 cn328 cn329 cn330 cn331 cn332 cn333 cn334 cn335 cn336 cn337 cn338 cn339 cn340 cn341 cn342 cn343 cn344 cn345 cn346 cn347 cn348 cn349 cn350 cn351 cn352 cn353 cn354 cn355 cn356 cn357 cn358 cn359 cn360 cn361 cn362 cn363 cn364 cn365 cn366 cn367 cn368 cn369 cn370 cn371 cn372 cn373 cn374 cn375 cn376 cn377 cn378 cn379 cn380 cn381 cn382 cn383 cn384,partial,Warning: we failed to resolve data source name bn<*> bn<*> bn<*> bn<*> bn<*> bn<*> bn<*> bn<*> bn<*> bn<*> bn<*> bn<*> bn<*> bn<*> bn<*> bn<*> bn<*> bn<*> bn<*> bn<*> bn<*> bn<*> bn<*> bn<*> bn<*> bn<*> bn<*> bn<*> bn<*> bn<*> bn<*> bn<*> bn<*> bn<*> bn<*> bn<*> bn<*> bn<*> bn<*> bn<*> bn<*> bn<*> bn<*> bn<*> bn<*> bn<*> bn<*> bn<*> bn<*> bn<*> bn<*> bn<*> bn<*> bn<*> bn<*> bn<*> bn<*> bn<*> bn<*> bn<*> bn<*> bn<*> bn<*> bn<*> bn<*> bn<*> bn<*> bn<*> bn<*> bn<*> bn<*> bn<*> bn<*> bn<*> bn<*> bn<*> bn<*> bn<*> bn<*> bn<*> bn<*> bn<*> bn<*> bn<*> bn<*> bn<*> bn<*> bn<*> bn<*> bn<*> bn<*> bn<*> bn<*> bn<*> bn<*> bn<*> bn<*> bn<*> bn<*> bn<*> bn<*> bn<*> bn<*> bn<*> bn<*> bn<*> bn<*> bn<*> bn<*> bn<*> bn<*> bn<*> bn<*> bn<*> bn<*>,0.924,Warning: we failed to resolve data source name an<*> an<*> an<*> an<*> an<*> an<*> an<*> an<*> an<*> an<*> an<*> an<*> an<*> an<*> an<*> an<*> an<*> an<*> an<*> an<*> an<*> an<*> an<*> an<*> an<*> an<*> an<*> an<*> an<*> an<*> an<*> an<*> an<*> an<*> an<*> an<*> an<*> an<*> an<*> an<*> an<*> an<*> an<*> an<*> an<*> an<*> an<*> an<*> an<*> an<*> an<*> an<*> an<*> an<*> an<*> an<*> an<*> an<*> an<*> an<*> an<*> an<*> an<*> an<*> an<*> an<*> an<*> an<*> an<*> an<*> an<*> an<*> an<*> an<*> an<*> an<*> an<*> an<*> an<*> an<*> an<*> an<*> an<*> an<*> an<*> an<*> an<*> an<*> an<*> an<*> an<*> an<*> an<*> an<*> an<*> an<*> an<*> an<*> an<*> an<*> an<*> an<*> an<*> an<*> an<*> an<*> an<*> an<*> an<*> an<*> an<*> an<*> an<*> an<*> an<*>,0.8228,Warning: we failed to resolve data source name dadmin2 dadmin3 dadmin4,0.5994,64.15,149
41,Warning: we failed to resolve data source name cn398 cn399 cn400 cn401 cn402 cn403 cn404 cn405 cn406 cn407 cn408 cn409 cn410 cn411 cn412 cn413 cn414 cn415 cn416 cn417 cn418 cn419 cn420 cn421 cn422 cn423 cn424 cn425 cn426 cn427 cn428 cn429 cn430 cn431 cn432 cn433 cn434 cn435 cn436 cn437 cn438 cn439 cn440 cn441 cn442 cn443 cn444 cn445 cn446 cn447 cn448 cn449 cn450 cn451 cn452 cn453 cn454 cn455 cn456 cn457 cn458 cn459 cn460 cn461 cn462 cn463 cn464 cn465 cn466 cn467 cn468 cn469 cn470 cn471 cn472 cn473 cn474 cn475 cn476 cn477 cn478 cn479 cn480 cn481 cn482 cn483 cn484 cn485 cn486 cn487 cn488 cn489 cn490 cn491 cn492 cn493 cn494 cn495 cn496 cn497 cn498 cn499 cn500 cn501 cn502 cn503 cn504 cn505 cn506 cn507 cn508 cn509 cn510 cn511 cn512,partial,Warning: we failed to resolve data source name bn<*> bn<*> bn<*> bn<*> bn<*> bn<*> bn<*> bn<*> bn<*> bn<*> bn<*> bn<*> bn<*> bn<*> bn<*> bn<*> bn<*> bn<*> bn<*> bn<*> bn<*> bn<*> bn<*> bn<*> bn<*> bn<*> bn<*> bn<*> bn<*> bn<*> bn<*> bn<*> bn<*> bn<*> bn<*> bn<*> bn<*> bn<*> bn<*> bn<*> bn<*> bn<*> bn<*> bn<*> bn<*> bn<*> bn<*> bn<*> bn<*> bn<*> bn<*> bn<*> bn<*> bn<*> bn<*> bn<*> bn<*> bn<*> bn<*> bn<*> bn<*> bn<*> bn<*> bn<*> bn<*> bn<*> bn<*> bn<*> bn<*> bn<*> bn<*> bn<*> bn<*> bn<*> bn<*> bn<*> bn<*> bn<*> bn<*> bn<*> bn<*> bn<*> bn<*> bn<*> bn<*> bn<*> bn<*> bn<*> bn<*> bn<*> bn<*> bn<*> bn<*> bn<*> bn<*> bn<*> bn<*> bn<*> bn<*> bn<*> bn<*> bn<*> bn<*> bn<*> bn<*> bn<*> bn<*> bn<*> bn<*> bn<*> bn<*> bn<*> bn<*> bn<*> bn<*>,0.9142,Warning: we failed to resolve data source name an<*> an<*> an<*> an<*> an<*> an<*> an<*> an<*> an<*> an<*> an<*> an<*> an<*> an<*> an<*> an<*> an<*> an<*> an<*> an<*> an<*> an<*> an<*> an<*> an<*> an<*> an<*> an<*> an<*> an<*> an<*> an<*> an<*> an<*> an<*> an<*> an<*> an<*> an<*> an<*> an<*> an<*> an<*> an<*> an<*> an<*> an<*> an<*> an<*> an<*> an<*> an<*> an<*> an<*> an<*> an<*> an<*> an<*> an<*> an<*> an<*> an<*> an<*> an<*> an<*> an<*> an<*> an<*> an<*> an<*> an<*> an<*> an<*> an<*> an<*> an<*> an<*> an<*> an<*> an<*> an<*> an<*> an<*> an<*> an<*> an<*> an<*> an<*> an<*> an<*> an<*> an<*> an<*> an<*> an<*> an<*> an<*> an<*> an<*> an<*> an<*> an<*> an<*> an<*> an<*> an<*> an<*> an<*> an<*> an<*> an<*> an<*> an<*> an<*> an<*>,0.7987,Warning: we failed to resolve data source name dadmin2 dadmin3 dadmin4,0.5933,64.53,149
42,Warning: we failed to resolve data source name cn526 cn527 cn528 cn529 cn530 cn531 cn532 cn533 cn534 cn535 cn536 cn537 cn538 cn539 cn540 cn541 cn542 cn543 cn544 cn545 cn546 cn547 cn548 cn549 cn550 cn551 cn552 cn553 cn554 cn555 cn556 cn557 cn558 cn559 cn560 cn561 cn562 cn563 cn564 cn565 cn566 cn567 cn568 cn569 cn570 cn571 cn572 cn573 cn574 cn575 cn576 cn577 cn578 cn579 cn580 cn581 cn582 cn583 cn584 cn585 cn586 cn587 cn588 cn589 cn590 cn591 cn592 cn593 cn594 cn595 cn596 cn597 cn598 cn599 cn600 cn601 cn602 cn603 cn604 cn605 cn606 cn607 cn608 cn609 cn610 cn611 cn612 cn613 cn614 cn615 cn616 cn617 cn618 cn619 cn620 cn621 cn622 cn623 cn624 cn625 cn626 cn627 cn628 cn629 cn630 cn631 cn632 cn633 cn634 cn635 cn636 cn637 cn638 cn639 cn640,partial,Warning: we failed to resolve data source name bn<*> bn<*> bn<*> bn<*> bn<*> bn<*> bn<*> bn<*> bn<*> bn<*> bn<*> bn<*> bn<*> bn<*> bn<*> bn<*> bn<*> bn<*> bn<*> bn<*> bn<*> bn<*> bn<*> bn<*> bn<*> bn<*> bn<*> bn<*> bn<*> bn<*> bn<*> bn<*> bn<*> bn<*> bn<*> bn<*> bn<*> bn<*> bn<*> bn<*> bn<*> bn<*> bn<*> bn<*> bn<*> bn<*> bn<*> bn<*> bn<*> bn<*> bn<*> bn<*> bn<*> bn<*> bn<*> bn<*> bn<*> bn<*> bn<*> bn<*> bn<*> bn<*> bn<*> bn<*> bn<*> bn<*> bn<*> bn<*> bn<*> bn<*> bn<*> bn<*> bn<*> bn<*> bn<*> bn<*> bn<*> bn<*> bn<*> bn<*> bn<*> bn<*> bn<*> bn<*> bn<*> bn<*> bn<*> bn<*> bn<*> bn<*> bn<*> bn<*> bn<*> bn<*> bn<*> bn<*> bn<*> bn<*> bn<*> bn<*> bn<*> bn<*> bn<*> bn<*> bn<*> bn<*> bn<*> bn<*> bn<*> bn<*> bn<*> bn<*> bn<*> bn<*> bn<*>,0.9293,Warning: we failed to resolve data source name an<*> an<*> an<*> an<*> an<*> an<*> an<*> an<*> an<*> an<*> an<*> an<*> an<*> an<*> an<*> an<*> an<*> an<*> an<*> an<*> an<*> an<*> an<*> an<*> an<*> an<*> an<*> an<*> an<*> an<*> an<*> an<*> an<*> an<*> an<*> an<*> an<*> an<*> an<*> an<*> an<*> an<*> an<*> an<*> an<*> an<*> an<*> an<*> an<*> an<*> an<*> an<*> an<*> an<*> an<*> an<*> an<*> an<*> an<*> an<*> an<*> an<*> an<*> an<*> an<*> an<*> an<*> an<*> an<*> an<*> an<*> an<*> an<*> an<*> an<*> an<*> an<*> an<*> an<*> an<*> an<*> an<*> an<*> an<*> an<*> an<*> an<*> an<*> an<*> an<*> an<*> an<*> an<*> an<*> an<*> an<*> an<*> an<*> an<*> an<*> an<*> an<*> an<*> an<*> an<*> an<*> an<*> an<*> an<*> an<*> an<*> an<*> an<*> an<*> an<*>,0.8037,Warning: we failed to resolve data source name dadmin2 dadmin3 dadmin4,0.6096,63.4,149
43,Warning: we failed to resolve data source name cn654 cn655 cn656 cn657 cn658 cn659 cn660 cn661 cn662 cn663 cn664 cn665 cn666 cn667 cn668 cn669 cn670 cn671 cn672 cn673 cn674 cn675 cn676 cn677 cn678 cn679 cn680 cn681 cn682 cn683 cn684 cn685 cn686 cn687 cn688 cn689 cn690 cn691 cn692 cn693 cn694 cn695 cn696 cn697 cn698 cn699 cn700 cn701 cn702 cn703 cn704 cn705 cn706 cn707 cn708 cn709 cn710 cn711 cn712 cn713 cn714 cn715 cn716 cn717 cn718 cn719 cn720 cn721 cn722 cn723 cn724 cn725 cn726 cn727 cn728 cn729 cn730 cn731 cn732 cn733 cn734 cn735 cn736 cn737 cn738 cn739 cn740 cn741 cn742 cn743 cn744 cn745 cn746 cn747 cn748 cn749 cn750 cn751 cn752 cn753 cn754 cn755 cn756 cn757 cn758 cn759 cn760 cn761 cn762 cn763 cn764 cn765 cn766 cn767 cn768,partial,Warning: we failed to resolve data source name bn<*> bn<*> bn<*> bn<*> bn<*> bn<*> bn<*> bn<*> bn<*> bn<*> bn<*> bn<*> bn<*> bn<*> bn<*> bn<*> bn<*> bn<*> bn<*> bn<*> bn<*> bn<*> bn<*> bn<*> bn<*> bn<*> bn<*> bn<*> bn<*> bn<*> bn<*> bn<*> bn<*> bn<*> bn<*> bn<*> bn<*> bn<*> bn<*> bn<*> bn<*> bn<*> bn<*> bn<*> bn<*> bn<*> bn<*> bn<*> bn<*> bn<*> bn<*> bn<*> bn<*> bn<*> bn<*> bn<*> bn<*> bn<*> bn<*> bn<*> bn<*> bn<*> bn<*> bn<*> bn<*> bn<*> bn<*> bn<*> bn<*> bn<*> bn<*> bn<*> bn<*> bn<*> bn<*> bn<*> bn<*> bn<*> bn<*> bn<*> bn<*> bn<*> bn<*> bn<*> bn<*> bn<*> bn<*> bn<*> bn<*> bn<*> bn<*> bn<*> bn<*> bn<*> bn<*> bn<*> bn<*> bn<*> bn<*> bn<*> bn<*> bn<*> bn<*> bn<*> bn<*> bn<*> bn<*> bn<*> bn<*> bn<*> bn<*> bn<*> bn<*> bn<*> bn<*>,0.9466,Warning: we failed to resolve data source name an<*> an<*> an<*> an<*> an<*> an<*> an<*> an<*> an<*> an<*> an<*> an<*> an<*> an<*> an<*> an<*> an<*> an<*> an<*> an<*> an<*> an<*> an<*> an<*> an<*> an<*> an<*> an<*> an<*> an<*> an<*> an<*> an<*> an<*> an<*> an<*> an<*> an<*> an<*> an<*> an<*> an<*> an<*> an<*> an<*> an<*> an<*> an<*> an<*> an<*> an<*> an<*> an<*> an<*> an<*> an<*> an<*> an<*> an<*> an<*> an<*> an<*> an<*> an<*> an<*> an<*> an<*> an<*> an<*> an<*> an<*> an<*> an<*> an<*> an<*> an<*> an<*> an<*> an<*> an<*> an<*> an<*> an<*> an<*> an<*> an<*> an<*> an<*> an<*> an<*> an<*> an<*> an<*> an<*> an<*> an<*> an<*> an<*> an<*> an<*> an<*> an<*> an<*> an<*> an<*> an<*> an<*> an<*> an<*> an<*> an<*> an<*> an<*> an<*> an<*>,0.7854,Warning: we failed to resolve data source name dadmin2 dadmin3 dadmin4,0.6274,63.8,149
44,Warning: we failed to resolve data source name cn782 cn783 cn784 cn785 cn786 cn787 cn788 cn789 cn790 cn791 cn792 cn793 cn794 cn795 cn796 cn797 cn798 cn799 cn800 cn801 cn802 cn803 cn804 cn805 cn806 cn807 cn808 cn809 cn810 cn811 cn812 cn813 cn814 cn815 cn816 cn817 cn818 cn819 cn820 cn821 cn822 cn823 cn824 cn825 cn826 cn827 cn828 cn829 cn830 cn831 cn832 cn833 cn834 cn835 cn836 cn837 cn838 cn839 cn840 cn841 cn842 cn843 cn844 cn845 cn846 cn847 cn848 cn849 cn850 cn851 cn852 cn853 cn854 cn855 cn856 cn857 cn858 cn859 cn860 cn861 cn862 cn863 cn864 cn865 cn866 cn867 cn868 cn869 cn870 cn871 cn872 cn873 cn874 cn875 cn876 cn877 cn878 cn879 cn880 cn881 cn882 cn883 cn884 cn885 cn886 cn887 cn888 cn889 cn890 cn891 cn892 cn893 cn894 cn895 cn896,partial,Warning: we failed to resolve data source name bn<*> bn<*> bn<*> bn<*> bn<*> bn<*> bn<*> bn<*> bn<*> bn<*> bn<*> bn<*> bn<*> bn<*> bn<*> bn<*> bn<*> bn<*> bn<*> bn<*> bn<*> bn<*> bn<*> bn<*> bn<*> bn<*> bn<*> bn<*> bn<*> bn<*> bn<*> bn<*> bn<*> bn<*> bn<*> bn<*> bn<*> bn<*> bn<*> bn<*> bn<*> bn<*> bn<*> bn<*> bn<*> bn<*> bn<*> bn<*> bn<*> bn<*> bn<*> bn<*> bn<*> bn<*> bn<*> bn<*> bn<*> bn<*> bn<*> bn<*> bn<*> bn<*> bn<*> bn<*> bn<*> bn<*> bn<*> bn<*> bn<*> bn<*> bn<*> bn<*> bn<*> bn<*> bn<*> bn<*> bn<*> bn<*> bn<*> bn<*> bn<*> bn<*> bn<*> bn<*> bn<*> bn<*> bn<*> bn<*> bn<*> bn<*> bn<*> bn<*> bn<*> bn<*> bn<*> bn<*> bn<*> bn<*> bn<*> bn<*> bn<*> bn<*> bn<*> bn<*> bn<*> bn<*> bn<*> bn<*> bn<*> bn<*> bn<*> bn<*> bn<*> bn<*> bn<*>,0.9302,Warning: we failed to resolve data source name an<*> an<*> an<*> an<*> an<*> an<*> an<*> an<*> an<*> an<*> an<*> an<*> an<*> an<*> an<*> an<*> an<*> an<*> an<*> an<*> an<*> an<*> an<*> an<*> an<*> an<*> an<*> an<*> an<*> an<*> an<*> an<*> an<*> an<*> an<*> an<*> an<*> an<*> an<*> an<*> an<*> an<*> an<*> an<*> an<*> an<*> an<*> an<*> an<*> an<*> an<*> an<*> an<*> an<*> an<*> an<*> an<*> an<*> an<*> an<*> an<*> an<*> an<*> an<*> an<*> an<*> an<*> an<*> an<*> an<*> an<*> an<*> an<*> an<*> an<*> an<*> an<*> an<*> an<*> an<*> an<*> an<*> an<*> an<*> an<*> an<*> an<*> an<*> an<*> an<*> an<*> an<*> an<*> an<*> an<*> an<*> an<*> an<*> an<*> an<*> an<*> an<*> an<*> an<*> an<*> an<*> an<*> an<*> an<*> an<*> an<*> an<*> an<*> an<*> an<*>,0.7558,Warning: we failed to resolve data source name dadmin2 dadmin3 dadmin4,0.621,63.98,149
45,Warning: we failed to resolve data source name cn910 cn911 cn912 cn913 cn914 cn915 cn916 cn917 cn918 cn919 cn920 cn921 cn922 cn923 cn924 cn925 cn926 cn927 cn928 cn929 cn930 cn931 cn932 cn933 cn934 cn935 cn936 cn937 cn938 cn939 cn940 cn941 cn942 cn943 cn944 cn945 cn946 cn947 cn948 cn949 cn950 cn951 cn952 cn953 cn954 cn955 cn956 cn957 cn958 cn959 cn960 cn961 cn962 cn963 cn964 cn965 cn966 cn967 cn968 cn969 cn970 cn971 cn972 cn973 cn974 cn975 cn976 cn977 cn978 cn979 cn980 cn981 cn982 cn983 cn984 cn985 cn986 cn987 cn988 cn989 cn990 cn991 cn992 cn993 cn994 cn995 cn996 cn997 cn998 cn999 cn1000 cn1001 cn1002 cn1003 cn1004 cn1005 cn1006 cn1007 cn1008 cn1009 cn1010 cn1011 cn1012 cn1013 cn1014 cn1015 cn1016 cn1017 cn1018 cn1019 cn1020 cn1021 cn1022 cn1023 cn1024,partial,Warning: we failed to resolve data source name bn<*> bn<*> bn<*> bn<*> bn<*> bn<*> bn<*> bn<*> bn<*> bn<*> bn<*> bn<*> bn<*> bn<*> bn<*> bn<*> bn<*> bn<*> bn<*> bn<*> bn<*> bn<*> bn<*> bn<*> bn<*> bn<*> bn<*> bn<*> bn<*> bn<*> bn<*> bn<*> bn<*> bn<*> bn<*> bn<*> bn<*> bn<*> bn<*> bn<*> bn<*> bn<*> bn<*> bn<*> bn<*> bn<*> bn<*> bn<*> bn<*> bn<*> bn<*> bn<*> bn<*> bn<*> bn<*> bn<*> bn<*> bn<*> bn<*> bn<*> bn<*> bn<*> bn<*> bn<*> bn<*> bn<*> bn<*> bn<*> bn<*> bn<*> bn<*> bn<*> bn<*> bn<*> bn<*> bn<*> bn<*> bn<*> bn<*> bn<*> bn<*> bn<*> bn<*> bn<*> bn<*> bn<*> bn<*> bn<*> bn<*> bn<*> bn<*> bn<*> bn<*> bn<*> bn<*> bn<*> bn<*> bn<*> bn<*> bn<*> bn<*> bn<*> bn<*> bn<*> bn<*> bn<*> bn<*> bn<*> bn<*> bn<*> bn<*> bn<*> bn<*> bn<*> bn<*>,0.9541,Warning: we failed to resolve data source name an<*> an<*> an<*> an<*> an<*> an<*> an<*> an<*> an<*> an<*> an<*> an<*> an<*> an<*> an<*> an<*> an<*> an<*> an<*> an<*> an<*> an<*> an<*> an<*> an<*> an<*> an<*> an<*> an<*> an<*> an<*> an<*> an<*> an<*> an<*> an<*> an<*> an<*> an<*> an<*> an<*> an<*> an<*> an<*> an<*> an<*> an<*> an<*> an<*> an<*> an<*> an<*> an<*> an<*> an<*> an<*> an<*> an<*> an<*> an<*> an<*> an<*> an<*> an<*> an<*> an<*> an<*> an<*> an<*> an<*> an<*> an<*> an<*> an<*> an<*> an<*> an<*> an<*> an<*> an<*> an<*> an<*> an<*> an<*> an<*> an<*> an<*> an<*> an<*> an<*> an<*> an<*> an<*> an<*> an<*> an<*> an<*> an<*> an<*> an<*> an<*> an<*> an<*> an<*> an<*> an<*> an<*> an<*> an<*> an<*> an<*> an<*> an<*> an<*> an<*>,0.7861,Warning: we failed to resolve data source name dadmin2 dadmin3 dadmin4,0.629,63.87,149
46,Warning: we failed to resolve data source name dn14 dn15 dn16 dn17 dn18 dn19 dn20 dn21 dn22 dn23 dn24 dn25 dn26 dn27 dn28 dn29 dn30 dn31 dn32 dn33 dn34 dn35 dn36 dn37 dn38 dn39 dn40 dn41 dn42 dn43 dn44 dn45 dn46 dn47 dn48 dn49 dn50 dn51 dn52 dn53 dn54 dn55 dn56 dn57 dn58 dn59 dn60 dn61 dn62 dn63 dn64 dn65 dn66 dn67 dn68 dn69 dn70 dn71 dn72 dn73 dn74 dn75 dn76 dn77 dn78 dn79 dn80 dn81 dn82 dn83 dn84 dn85 dn86 dn87 dn88 dn89 dn90 dn91 dn92 dn93 dn94 dn95 dn96 dn97 dn98 dn99 dn100 dn101 dn102 dn103 dn104 dn105 dn106 dn107 dn108 dn109 dn110 dn111 dn112 dn113 dn114 dn115 dn116 dn117 dn118 dn119 dn120 dn121 dn122 dn123 dn124 dn125 dn126 dn127 dn128,fuzzy,Warning: we failed to resolve data source name bn<*> bn<*> bn<*> bn<*> bn<*> bn<*> bn<*> bn<*> bn<*> bn<*> bn<*> bn<*> bn<*> bn<*> bn<*> bn<*> bn<*> bn<*> bn<*> bn<*> bn<*> bn<*> bn<*> bn<*> bn<*> bn<*> bn<*> bn<*> bn<*> bn<*> bn<*> bn<*> bn<*> bn<*> bn<*> bn<*> bn<*> bn<*> bn<*> bn<*> bn<*> bn<*> bn<*> bn<*> bn<*> bn<*> bn<*> bn<*> bn<*> bn<*> bn<*> bn<*> bn<*> bn<*> bn<*> bn<*> bn<*> bn<*> bn<*> bn<*> bn<*> bn<*> bn<*> bn<*> bn<*> bn<*> bn<*> bn<*> bn<*> bn<*> bn<*> bn<*> bn<*> bn<*> bn<*> bn<*> bn<*> bn<*> bn<*> bn<*> bn<*> bn<*> bn<*> bn<*> bn<*> bn<*> bn<*> bn<*> bn<*> bn<*> bn<*> bn<*> bn<*> bn<*> bn<*> bn<*> bn<*> bn<*> bn<*> bn<*> bn<*> bn<*> bn<*> bn<*> bn<*> bn<*> bn<*> bn<*> bn<*> bn<*> bn<*> bn<*> bn<*> bn<*> bn<*>,0.781,Warning: we failed to resolve data source name an<*> an<*> an<*> an<*> an<*> an<*> an<*> an<*> an<*> an<*> an<*> an<*> an<*> an<*> an<*> an<*> an<*> an<*> an<*> an<*> an<*> an<*> an<*> an<*> an<*> an<*> an<*> an<*> an<*> an<*> an<*> an<*> an<*> an<*> an<*> an<*> an<*> an<*> an<*> an<*> an<*> an<*> an<*> an<*> an<*> an<*> an<*> an<*> an<*> an<*> an<*> an<*> an<*> an<*> an<*> an<*> an<*> an<*> an<*> an<*> an<*> an<*> an<*> an<*> an<*> an<*> an<*> an<*> an<*> an<*> an<*> an<*> an<*> an<*> an<*> an<*> an<*> an<*> an<*> an<*> an<*> an<*> an<*> an<*> an<*> an<*> an<*> an<*> an<*> an<*> an<*> an<*> an<*> an<*> an<*> an<*> an<*> an<*> an<*> an<*> an<*> an<*> an<*> an<*> an<*> an<*> an<*> an<*> an<*> an<*> an<*> an<*> an<*> an<*> an<*>,0.7169,Warning: we failed to resolve data source name dadmin2 dadmin3 dadmin4,0.5236,64.4,149
47,Warning: we failed to resolve data source name dn142 dn143 dn144 dn145 dn146 dn147 dn148 dn149 dn150 dn151 dn152 dn153 dn154 dn155 dn156 dn157 dn158 dn159 dn160 dn161 dn162 dn163 dn164 dn165 dn166 dn167 dn168 dn169 dn170 dn171 dn172 dn173 dn174 dn175 dn176 dn177 dn178 dn179 dn180 dn181 dn182 dn183 dn184 dn185 dn186 dn187 dn188 dn189 dn190 dn191 dn192 dn193 dn194 dn195 dn196 dn197 dn198 dn199 dn200 dn201 dn202 dn203 dn204 dn205 dn206 dn207 dn208 dn209 dn210 dn211 dn212 dn213 dn214 dn215 dn216 dn217 dn218 dn219 dn220 dn221 dn222 dn223 dn224 dn225 dn226 dn227 dn228 dn229 dn230 dn231 dn232 dn233 dn234 dn235 dn236 dn237 dn238 dn239 dn240 dn241 dn242 dn243 dn244 dn245 dn246 dn247 dn248 dn249 dn250 dn251 dn252 dn253 dn254 dn255 dn256,partial,Warning: we failed to resolve data source name bn<*> bn<*> bn<*> bn<*> bn<*> bn<*> bn<*> bn<*> bn<*> bn<*> bn<*> bn<*> bn<*> bn<*> bn<*> bn<*> bn<*> bn<*> bn<*> bn<*> bn<*> bn<*> bn<*> bn<*> bn<*> bn<*> bn<*> bn<*> bn<*> bn<*> bn<*> bn<*> bn<*> bn<*> bn<*> bn<*> bn<*> bn<*> bn<*> bn<*> bn<*> bn<*> bn<*> bn<*> bn<*> bn<*> bn<*> bn<*> bn<*> bn<*> bn<*> bn<*> bn<*> bn<*> bn<*> bn<*> bn<*> bn<*> bn<*> bn<*> bn<*> bn<*> bn<*> bn<*> bn<*> bn<*> bn<*> bn<*> bn<*> bn<*> bn<*> bn<*> bn<*> bn<*> bn<*> bn<*> bn<*> bn<*> bn<*> bn<*> bn<*> bn<*> bn<*> bn<*> bn<*> bn<*> bn<*> bn<*> bn<*> bn<*> bn<*> bn<*> bn<*> bn<*> bn<*> bn<*> bn<*> bn<*> bn<*> bn<*> bn<*> bn<*> bn<*> bn<*> bn<*> bn<*> bn<*> bn<*> bn<*> bn<*> bn<*> bn<*> bn<*> bn<*> bn<*>,0.8073,Warning: we failed to resolve data source name an<*> an<*> an<*> an<*> an<*> an<*> an<*> an<*> an<*> an<*> an<*> an<*> an<*> an<*> an<*> an<*> an<*> an<*> an<*> an<*> an<*> an<*> an<*> an<*> an<*> an<*> an<*> an<*> an<*> an<*> an<*> an<*> an<*> an<*> an<*> an<*> an<*> an<*> an<*> an<*> an<*> an<*> an<*> an<*> an<*> an<*> an<*> an<*> an<*> an<*> an<*> an<*> an<*> an<*> an<*> an<*> an<*> an<*> an<*> an<*> an<*> an<*> an<*> an<*> an<*> an<*> an<*> an<*> an<*> an<*> an<*> an<*> an<*> an<*> an<*> an<*> an<*> an<*> an<*> an<*> an<*> an<*> an<*> an<*> an<*> an<*> an<*> an<*> an<*> an<*> an<*> an<*> an<*> an<*> an<*> an<*> an<*> an<*> an<*> an<*> an<*> an<*> an<*> an<*> an<*> an<*> an<*> an<*> an<*> an<*> an<*> an<*> an<*> an<*> an<*>,0.7077,Warning: we failed to resolve data source name dadmin2 dadmin3 dadmin4,0.5229,64.46,149
48,Warning: we failed to resolve data source name dn270 dn271 dn272 dn273 dn274 dn275 dn276 dn277 dn278 dn279 dn280 dn281 dn282 dn283 dn284 dn285 dn286 dn287 dn288 dn289 dn290 dn291 dn292 dn293 dn294 dn295 dn296 dn297 dn298 dn299 dn300 dn301 dn302 dn303 dn304 dn305 dn306 dn307 dn308 dn309 dn310 dn311 dn312 dn313 dn314 dn315 dn316 dn317 dn318 dn319 dn320 dn321 dn322 dn323 dn324 dn325 dn326 dn327 dn328 dn329 dn330 dn331 dn332 dn333 dn334 dn335 dn336 dn337 dn338 dn339 dn340 dn341 dn342 dn343 dn344 dn345 dn346 dn347 dn348 dn349 dn350 dn351 dn352 dn353 dn354 dn355 dn356 dn357 dn358 dn359 dn360 dn361 dn362 dn363 dn364 dn365 dn366 dn367 dn368 dn369 dn370 dn371 dn372 dn373 dn374 dn375 dn376 dn377 dn378 dn379 dn380 dn381 dn382 dn383 dn384,fuzzy,Warning: we failed to resolve data source name bn<*> bn<*> bn<*> bn<*> bn<*> bn<*> bn<*> bn<*> bn<*> bn<*> bn<*> bn<*> bn<*> bn<*> bn<*> bn<*> bn<*> bn<*> bn<*> bn<*> bn<*> bn<*> bn<*> bn<*> bn<*> bn<*> bn<*> bn<*> bn<*> bn<*> bn<*> bn<*> bn<*> bn<*> bn<*> bn<*> bn<*> bn<*> bn<*> bn<*> bn<*> bn<*> bn<*> bn<*> bn<*> bn<*> bn<*> bn<*> bn<*> bn<*> bn<*> bn<*> bn<*> bn<*> bn<*> bn<*> bn<*> bn<*> bn<*> bn<*> bn<*> bn<*> bn<*> bn<*> bn<*> bn<*> bn<*> bn<*> bn<*> bn<*> bn<*> bn<*> bn<*> bn<*> bn<*> bn<*> bn<*> bn<*> bn<*> bn<*> bn<*> bn<*> bn<*> bn<*> bn<*> bn<*> bn<*> bn<*> bn<*> bn<*> bn<*> bn<*> bn<*> bn<*> bn<*> bn<*> bn<*> bn<*> bn<*> bn<*> bn<*> bn<*> bn<*> bn<*> bn<*> bn<*> bn<*> bn<*> bn<*> bn<*> bn<*> bn<*> bn<*> bn<*> bn<*>,0.7661,Warning: we failed to resolve data source name an<*> an<*> an<*> an<*> an<*> an<*> an<*> an<*> an<*> an<*> an<*> an<*> an<*> an<*> an<*> an<*> an<*> an<*> an<*> an<*> an<*> an<*> an<*> an<*> an<*> an<*> an<*> an<*> an<*> an<*> an<*> an<*> an<*> an<*> an<*> an<*> an<*> an<*> an<*> an<*> an<*> an<*> an<*> an<*> an<*> an<*> an<*> an<*> an<*> an<*> an<*> an<*> an<*> an<*> an<*> an<*> an<*> an<*> an<*> an<*> an<*> an<*> an<*> an<*> an<*> an<*> an<*> an<*> an<*> an<*> an<*> an<*> an<*> an<*> an<*> an<*> an<*> an<*> an<*> an<*> an<*> an<*> an<*> an<*> an<*> an<*> an<*> an<*> an<*> an<*> an<*> an<*> an<*> an<*> an<*> an<*> an<*> an<*> an<*> an<*> an<*> an<*> an<*> an<*> an<*> an<*> an<*> an<*> an<*> an<*> an<*> an<*> an<*> an<*> an<*>,0.7141,Warning: we failed to resolve data source name dadmin2 dadmin3 dadmin4,0.4755,64.19,149
49,Warning: we failed to resolve data source name dn398 dn399 dn400 dn401 dn402 dn403 dn404 dn405 dn406 dn407 dn408 dn409 dn410 dn411 dn412 dn413 dn414 dn415 dn416 dn417 dn418 dn419 dn420 dn421 dn422 dn423 dn424 dn425 dn426 dn427 dn428 dn429 dn430 dn431 dn432 dn433 dn434 dn435 dn436 dn437 dn438 dn439 dn440 dn441 dn442 dn443 dn444 dn445 dn446 dn447 dn448 dn449 dn450 dn451 dn452 dn453 dn454 dn455 dn456 dn457 dn458 dn459 dn460 dn461 dn462 dn463 dn464 dn465 dn466 dn467 dn468 dn469 dn470 dn471 dn472 dn473 dn474 dn475 dn476 dn477 dn478 dn479 dn480 dn481 dn482 dn483 dn484 dn485 dn486 dn487 dn488 dn489 dn490 dn491 dn492 dn493 dn494 dn495 dn496 dn497 dn498 dn499 dn500 dn501 dn502 dn503 dn504 dn505 dn506 dn507 dn508 dn509 dn510 dn511 dn512,partial,Warning: we failed to resolve data source name bn<*> bn<*> bn<*> bn<*> bn<*> bn<*> bn<*> bn<*> bn<*> bn<*> bn<*> bn<*> bn<*> bn<*> bn<*> bn<*> bn<*> bn<*> bn<*> bn<*> bn<*> bn<*> bn<*> bn<*> bn<*> bn<*> bn<*> bn<*> bn<*> bn<*> bn<*> bn<*> bn<*> bn<*> bn<*> bn<*> bn<*> bn<*> bn<*> bn<*> bn<*> bn<*> bn<*> bn<*> bn<*> bn<*> bn<*> bn<*> bn<*> bn<*> bn<*> bn<*> bn<*> bn<*> bn<*> bn<*> bn<*> bn<*> bn<*> bn<*> bn<*> bn<*> bn<*> bn<*> bn<*> bn<*> bn<*> bn<*> bn<*> bn<*> bn<*> bn<*> bn<*> bn<*> bn<*> bn<*> bn<*> bn<*> bn<*> bn<*> bn<*> bn<*> bn<*> bn<*> bn<*> bn<*> bn<*> bn<*> bn<*> bn<*> bn<*> bn<*> bn<*> bn<*> bn<*> bn<*> bn<*> bn<*> bn<*> bn<*> bn<*> bn<*> bn<*> bn<*> bn<*> bn<*> bn<*> bn<*> bn<*> bn<*> bn<*> bn<*> bn<*> bn<*> bn<*>,0.8035,Warning: we failed to resolve data source name an<*> an<*> an<*> an<*> an<*> an<*> an<*> an<*> an<*> an<*> an<*> an<*> an<*> an<*> an<*> an<*> an<*> an<*> an<*> an<*> an<*> an<*> an<*> an<*> an<*> an<*> an<*> an<*> an<*> an<*> an<*> an<*> an<*> an<*> an<*> an<*> an<*> an<*> an<*> an<*> an<*> an<*> an<*> an<*> an<*> an<*> an<*> an<*> an<*> an<*> an<*> an<*> an<*> an<*> an<*> an<*> an<*> an<*> an<*> an<*> an<*> an<*> an<*> an<*> an<*> an<*> an<*> an<*> an<*> an<*> an<*> an<*> an<*> an<*> an<*> an<*> an<*> an<*> an<*> an<*> an<*> an<*> an<*> an<*> an<*> an<*> an<*> an<*> an<*> an<*> an<*> an<*> an<*> an<*> an<*> an<*> an<*> an<*> an<*> an<*> an<*> an<*> an<*> an<*> an<*> an<*> an<*> an<*> an<*> an<*> an<*> an<*> an<*> an<*> an<*>,0.7166,Warning: we failed to resolve data source name dadmin2 dadmin3 dadmin4,0.4546,63.1,149
50,Warning: we failed to resolve data source name dn526 dn527 dn528 dn529 dn530 dn531 dn532 dn533 dn534 dn535 dn536 dn537 dn538 dn539 dn540 dn541 dn542 dn543 dn544 dn545 dn546 dn547 dn548 dn549 dn550 dn551 dn552 dn553 dn554 dn555 dn556 dn557 dn558 dn559 dn560 dn561 dn562 dn563 dn564 dn565 dn566 dn567 dn568 dn569 dn570 dn571 dn572 dn573 dn574 dn575 dn576 dn577 dn578 dn579 dn580 dn581 dn582 dn583 dn584 dn585 dn586 dn587 dn588 dn589 dn590 dn591 dn592 dn593 dn594 dn595 dn596 dn597 dn598 dn599 dn600 dn601 dn602 dn603 dn604 dn605 dn606 dn607 dn608 dn609 dn610 dn611 dn612 dn613 dn614 dn615 dn616 dn617 dn618 dn619 dn620 dn621 dn622 dn623 dn624 dn625 dn626 dn627 dn628 dn629 dn630 dn631 dn632 dn633 dn634 dn635 dn636 dn637 dn638 dn639 dn640,partial,Warning: we failed to resolve data source name bn<*> bn<*> bn<*> bn<*> bn<*> bn<*> bn<*> bn<*> bn<*> bn<*> bn<*> bn<*> bn<*> bn<*> bn<*> bn<*> bn<*> bn<*> bn<*> bn<*> bn<*> bn<*> bn<*> bn<*> bn<*> bn<*> bn<*> bn<*> bn<*> bn<*> bn<*> bn<*> bn<*> bn<*> bn<*> bn<*> bn<*> bn<*> bn<*> bn<*> bn<*> bn<*> bn<*> bn<*> bn<*> bn<*> bn<*> bn<*> bn<*> bn<*> bn<*> bn<*> bn<*> bn<*> bn<*> bn<*> bn<*> bn<*> bn<*> bn<*> bn<*> bn<*> bn<*> bn<*> bn<*> bn<*> bn<*> bn<*> bn<*> bn<*> bn<*> bn<*> bn<*> bn<*> bn<*> bn<*> bn<*> bn<*> bn<*> bn<*> bn<*> bn<*> bn<*> bn<*> bn<*> bn<*> bn<*> bn<*> bn<*> bn<*> bn<*> bn<*> bn<*> bn<*> bn<*> bn<*> bn<*> bn<*> bn<*> bn<*> bn<*> bn<*> bn<*> bn<*> bn<*> bn<*> bn<*> bn<*> bn<*> bn<*> bn<*> bn<*> bn<*> bn<*> bn<*>,0.83,Warning: we failed to resolve data source name an<*> an<*> an<*> an<*> an<*> an<*> an<*> an<*> an<*> an<*> an<*> an<*> an<*> an<*> an<*> an<*> an<*> an<*> an<*> an<*> an<*> an<*> an<*> an<*> an<*> an<*> an<*> an<*> an<*> an<*> an<*> an<*> an<*> an<*> an<*> an<*> an<*> an<*> an<*> an<*> an<*> an<*> an<*> an<*> an<*> an<*> an<*> an<*> an<*> an<*> an<*> an<*> an<*> an<*> an<*> an<*> an<*> an<*> an<*> an<*> an<*> an<*> an<*> an<*> an<*> an<*> an<*> an<*> an<*> an<*> an<*> an<*> an<*> an<*> an<*> an<*> an<*> an<*> an<*> an<*> an<*> an<*> an<*> an<*> an<*> an<*> an<*> an<*> an<*> an<*> an<*> an<*> an<*> an<*> an<*> an<*> an<*> an<*> an<*> an<*> an<*> an<*> an<*> an<*> an<*> an<*> an<*> an<*> an<*> an<*> an<*> an<*> an<*> an<*> an<*>,0.7261,Warning: we failed to resolve data source name dadmin2 dadmin3 dadmin4,0.5386,62.57,149
51,Warning: we failed to resolve data source name dn654 dn655 dn656 dn657 dn658 dn659 dn660 dn661 dn662 dn663 dn664 dn665 dn666 dn667 dn668 dn669 dn670 dn671 dn672 dn673 dn674 dn675 dn676 dn677 dn678 dn679 dn680 dn681 dn682 dn683 dn684 dn685 dn686 dn687 dn688 dn689 dn690 dn691 dn692 dn693 dn694 dn695 dn696 dn697 dn698 dn699 dn700 dn701 dn702 dn703 dn704 dn705 dn706 dn707 dn708 dn709 dn710 dn711 dn712 dn713 dn714 dn715 dn716 dn717 dn718 dn719 dn720 dn721 dn722 dn723 dn724 dn725 dn726 dn727 dn728 dn729 dn730 dn731 dn732 dn733 dn734 dn735 dn736 dn737 dn738 dn739 dn740 dn741 dn742 dn743 dn744 dn745 dn746 dn747 dn748 dn749 dn750 dn751 dn752 dn753 dn754 dn755 dn756 dn757 dn758 dn759 dn760 dn761 dn762 dn763 dn764 dn765 dn766 dn767 dn768,partial,Warning: we failed to resolve data source name bn<*> bn<*> bn<*> bn<*> bn<*> bn<*> bn<*> bn<*> bn<*> bn<*> bn<*> bn<*> bn<*> bn<*> bn<*> bn<*> bn<*> bn<*> bn<*> bn<*> bn<*> bn<*> bn<*> bn<*> bn<*> bn<*> bn<*> bn<*> bn<*> bn<*> bn<*> bn<*> bn<*> bn<*> bn<*> bn<*> bn<*> bn<*> bn<*> bn<*> bn<*> bn<*> bn<*> bn<*> bn<*> bn<*> bn<*> bn<*> bn<*> bn<*> bn<*> bn<*> bn<*> bn<*> bn<*> bn<*> bn<*> bn<*> bn<*> bn<*> bn<*> bn<*> bn<*> bn<*> bn<*> bn<*> bn<*> bn<*> bn<*> bn<*> bn<*> bn<*> bn<*> bn<*> bn<*> bn<*> bn<*> bn<*> bn<*> bn<*> bn<*> bn<*> bn<*> bn<*> bn<*> bn<*> bn<*> bn<*> bn<*> bn<*> bn<*> bn<*> bn<*> bn<*> bn<*> bn<*> bn<*> bn<*> bn<*> bn<*> bn<*> bn<*> bn<*> bn<*> bn<*> bn<*> bn<*> bn<*> bn<*> bn<*> bn<*> bn<*> bn<*> bn<*> bn<*>,0.8809,Warning: we failed to resolve data source name an<*> an<*> an<*> an<*> an<*> an<*> an<*> an<*> an<*> an<*> an<*> an<*> an<*> an<*> an<*> an<*> an<*> an<*> an<*> an<*> an<*> an<*> an<*> an<*> an<*> an<*> an<*> an<*> an<*> an<*> an<*> an<*> an<*> an<*> an<*> an<*> an<*> an<*> an<*> an<*> an<*> an<*> an<*> an<*> an<*> an<*> an<*> an<*> an<*> an<*> an<*> an<*> an<*> an<*> an<*> an<*> an<*> an<*> an<*> an<*> an<*> an<*> an<*> an<*> an<*> an<*> an<*> an<*> an<*> an<*> an<*> an<*> an<*> an<*> an<*> an<*> an<*> an<*> an<*> an<*> an<*> an<*> an<*> an<*> an<*> an<*> an<*> an<*> an<*> an<*> an<*> an<*> an<*> an<*> an<*> an<*> an<*> an<*> an<*> an<*> an<*> an<*> an<*> an<*> an<*> an<*> an<*> an<*> an<*> an<*> an<*> an<*> an<*> an<*> an<*>,0.7276,Warning: we failed to resolve data source name dadmin2 dadmin3 dadmin4,0.5858,62.87,149
52,Warning: we failed to resolve data source name dn782 dn783 dn784 dn785 dn786 dn787 dn788 dn789 dn790 dn791 dn792 dn793 dn794 dn795 dn796 dn797 dn798 dn799 dn800 dn801 dn802 dn803 dn804 dn805 dn806 dn807 dn808 dn809 dn810 dn811 dn812 dn813 dn814 dn815 dn816 dn817 dn818 dn819 dn820 dn821 dn822 dn823 dn824 dn825 dn826 dn827 dn828 dn829 dn830 dn831 dn832 dn833 dn834 dn835 dn836 dn837 dn838 dn839 dn840 dn841 dn842 dn843 dn844 dn845 dn846 dn847 dn848 dn849 dn850 dn851 dn852 dn853 dn854 dn855 dn856 dn857 dn858 dn859 dn860 dn861 dn862 dn863 dn864 dn865 dn866 dn867 dn868 dn869 dn870 dn871 dn872 dn873 dn874 dn875 dn876 dn877 dn878 dn879 dn880 dn881 dn882 dn883 dn884 dn885 dn886 dn887 dn888 dn889 dn890 dn891 dn892 dn893 dn894 dn895 dn896,partial,Warning: we failed to resolve data source name bn<*> bn<*> bn<*> bn<*> bn<*> bn<*> bn<*> bn<*> bn<*> bn<*> bn<*> bn<*> bn<*> bn<*> bn<*> bn<*> bn<*> bn<*> bn<*> bn<*> bn<*> bn<*> bn<*> bn<*> bn<*> bn<*> bn<*> bn<*> bn<*> bn<*> bn<*> bn<*> bn<*> bn<*> bn<*> bn<*> bn<*> bn<*> bn<*> bn<*> bn<*> bn<*> bn<*> bn<*> bn<*> bn<*> bn<*> bn<*> bn<*> bn<*> bn<*> bn<*> bn<*> bn<*> bn<*> bn<*> bn<*> bn<*> bn<*> bn<*> bn<*> bn<*> bn<*> bn<*> bn<*> bn<*> bn<*> bn<*> bn<*> bn<*> bn<*> bn<*> bn<*> bn<*> bn<*> bn<*> bn<*> bn<*> bn<*> bn<*> bn<*> bn<*> bn<*> bn<*> bn<*> bn<*> bn<*> bn<*> bn<*> bn<*> bn<*> bn<*> bn<*> bn<*> bn<*> bn<*> bn<*> bn<*> bn<*> bn<*> bn<*> bn<*> bn<*> bn<*> bn<*> bn<*> bn<*> bn<*> bn<*> bn<*> bn<*> bn<*> bn<*> bn<*> bn<*>,0.8485,Warning: we failed to resolve data source name an<*> an<*> an<*> an<*> an<*> an<*> an<*> an<*> an<*> an<*> an<*> an<*> an<*> an<*> an<*> an<*> an<*> an<*> an<*> an<*> an<*> an<*> an<*> an<*> an<*> an<*> an<*> an<*> an<*> an<*> an<*> an<*> an<*> an<*> an<*> an<*> an<*> an<*> an<*> an<*> an<*> an<*> an<*> an<*> an<*> an<*> an<*> an<*> an<*> an<*> an<*> an<*> an<*> an<*> an<*> an<*> an<*> an<*> an<*> an<*> an<*> an<*> an<*> an<*> an<*> an<*> an<*> an<*> an<*> an<*> an<*> an<*> an<*> an<*> an<*> an<*> an<*> an<*> an<*> an<*> an<*> an<*> an<*> an<*> an<*> an<*> an<*> an<*> an<*> an<*> an<*> an<*> an<*> an<*> an<*> an<*> an<*> an<*> an<*> an<*> an<*> an<*> an<*> an<*> an<*> an<*> an<*> an<*> an<*> an<*> an<*> an<*> an<*> an<*> an<*>,0.7126,Warning: we failed to resolve data source name dadmin2 dadmin3 dadmin4,0.5213,62.81,149
53,Warning: we failed to resolve data source name dn910 dn911 dn912 dn913 dn914 dn915 dn916 dn917 dn918 dn919 dn920 dn921 dn922 dn923 dn924 dn925 dn926 dn927 dn928 dn929 dn930 dn931 dn932 dn933 dn934 dn935 dn936 dn937 dn938 dn939 dn940 dn941 dn942 dn943 dn944 dn945 dn946 dn947 dn948 dn949 dn950 dn951 dn952 dn953 dn954 dn955 dn956 dn957 dn958 dn959 dn960 dn961 dn962 dn963 dn964 dn965 dn966 dn967 dn968 dn969 dn970 dn971 dn972 dn973 dn974 dn975 dn976 dn977 dn978 dn979 dn980 dn981 dn982 dn983 dn984 dn985 dn986 dn987 dn988 dn989 dn990 dn991 dn992 dn993 dn994 dn995 dn996 dn997 dn998 dn999 dn1000 dn1001 dn1002 dn1003 dn1004 dn1005 dn1006 dn1007 dn1008 dn1009 dn1010 dn1011 dn1012 dn1013 dn1014 dn1015 dn1016 dn1017 dn1018 dn1019 dn1020 dn1021 dn1022 dn1023 dn1024,partial,Warning: we failed to resolve data source name bn<*> bn<*> bn<*> bn<*> bn<*> bn<*> bn<*> bn<*> bn<*> bn<*> bn<*> bn<*> bn<*> bn<*> bn<*> bn<*> bn<*> bn<*> bn<*> bn<*> bn<*> bn<*> bn<*> bn<*> bn<*> bn<*> bn<*> bn<*> bn<*> bn<*> bn<*> bn<*> bn<*> bn<*> bn<*> bn<*> bn<*> bn<*> bn<*> bn<*> bn<*> bn<*> bn<*> bn<*> bn<*> bn<*> bn<*> bn<*> bn<*> bn<*> bn<*> bn<*> bn<*> bn<*> bn<*> bn<*> bn<*> bn<*> bn<*> bn<*> bn<*> bn<*> bn<*> bn<*> bn<*> bn<*> bn<*> bn<*> bn<*> bn<*> bn<*> bn<*> bn<*> bn<*> bn<*> bn<*> bn<*> bn<*> bn<*> bn<*> bn<*> bn<*> bn<*> bn<*> bn<*> bn<*> bn<*> bn<*> bn<*> bn<*> bn<*> bn<*> bn<*> bn<*> bn<*> bn<*> bn<*> bn<*> bn<*> bn<*> bn<*> bn<*> bn<*> bn<*> bn<*> bn<*> bn<*> bn<*> bn<*> bn<*> bn<*> bn<*> bn<*> bn<*> bn<*>,0.8974,Warning: we failed to resolve data source name an<*> an<*> an<*> an<*> an<*> an<*> an<*> an<*> an<*> an<*> an<*> an<*> an<*> an<*> an<*> an<*> an<*> an<*> an<*> an<*> an<*> an<*> an<*> an<*> an<*> an<*> an<*> an<*> an<*> an<*> an<*> an<*> an<*> an<*> an<*> an<*> an<*> an<*> an<*> an<*> an<*> an<*> an<*> an<*> an<*> an<*> an<*> an<*> an<*> an<*> an<*> an<*> an<*> an<*> an<*> an<*> an<*> an<*> an<*> an<*> an<*> an<*> an<*> an<*> an<*> an<*> an<*> an<*> an<*> an<*> an<*> an<*> an<*> an<*> an<*> an<*> an<*> an<*> an<*> an<*> an<*> an<*> an<*> an<*> an<*> an<*> an<*> an<*> an<*> an<*> an<*> an<*> an<*> an<*> an<*> an<*> an<*> an<*> an<*> an<*> an<*> an<*> an<*> an<*> an<*> an<*> an<*> an<*> an<*> an<*> an<*> an<*> an<*> an<*> an<*>,0.7597,Warning: we failed to resolve data source name dadmin2 dadmin3 dadmin4,0.5451,62.88,149
54,Warning: we failed to resolve trusted host name dadmin3 dadmin4,fuzzy,Warning: we failed to resolve data source name dadmin2 dadmin3 dadmin4,0.7881,My unqualified host name (dadmin1) unknown; sleeping for retry,0.719,unable to qualify my own domain name (dadmin1) -- using short name,0.6207,45.21,149
55,gmetad startup succeeded,new,gmetad startup succeeded,1.0,,0.0,,0.0,44.4,150
56,Now running on #29#'s privileges.,exact,Now running on #29#'s privileges.,1.0,"User #29#, coming from #30#, authenticated.",0.5336,"connection from ""#28#""",0.4841,44.96,150
57,"User #29#, coming from #30#, authenticated.",exact,"User #29#, coming from #30#, authenticated.",1.0,Now running on #29#'s privileges.,0.5336,"connection from ""#28#""",0.4779,45.73,150
58,"synchronized to <*>, stratum 3",exact,"synchronized to <*>, stratum 3",1.0,"synchronized to #3#, stratum 1",0.8614,"synchronized to LOCAL(0), stratum 10",0.7396,44.56,150
59,"synchronized to <*>, stratum 3",exact,"synchronized to <*>, stratum 3",1.0,"synchronized to #3#, stratum 1",0.8614,"synchronized to LOCAL(0), stratum 10",0.7396,46.04,150
60,data_thread() got not answer from any [Thunderbird_C2] datasource,partial,data_thread() got not answer from any <*> datasource,0.9801,asking for cache data failed,0.2943,connection lost: 'Connection closed.',0.2809,45.65,150
61,data_thread() got not answer from any [Thunderbird_D8] datasource,partial,data_thread() got not answer from any <*> datasource,0.9875,asking for cache data failed,0.3057,"jA<*> to=root, ctladdr=root (0/0), delay<*> xdelay=00:00:00, mailer=relay, pri<*> relay=[<*>] [<*>], dsn=4.0.0, stat=Deferred: Connection refused by [<*>]",0.2923,45.18,150
62,Registered protocol family 10,partial,Registered protocol family <*>,0.9011,4.1.0-ioctl <*> initialised: #36#@#37#,0.4081,"apic_id <*> version 32, address <*> GSI <*>",0.3809,44.35,150
63,not allocating divert_blk for non-ethernet device sit0,partial,not allocating divert_blk for non-ethernet device lo,0.9361,allocating divert_blk for eth<*>,0.8186,probe new device <*> bus 2:slot 14:func 0,0.4037,44.43,150
64,succeeded,new,succeeded,1.0,,0.0,,0.0,44.47,151
65,Server listening on :: port 22.,new,Server listening on :: port 22.,1.0,,0.0,,0.0,45.08,152
66,error: Bind to port 22 on <*> failed: Address already in use.,new,error: Bind to port 22 on <*> failed: Address already in use.,1.0,,0.0,,0.0,46.89,153
67,data_thread() got not answer from any [Thunderbird_C5] datasource,partial,data_thread() got not answer from any <*> datasource,0.9892,asking for cache data failed,0.3035,"jA<*> to=root, ctladdr=root (0/0), delay<*> xdelay=00:00:00, mailer=relay, pri<*> relay=[<*>] [<*>], dsn=4.0.0, stat=Deferred: Connection refused by [<*>]",0.2701,46.63,153
68,"synchronized to <*>, stratum 3",exact,"synchronized to <*>, stratum 3",1.0,"synchronized to #3#, stratum 1",0.8614,"synchronized to LOCAL(0), stratum 10",0.7396,46.26,153
69,data_thread() got not answer from any [Thunderbird_B8] datasource,partial,data_thread() got not answer from any <*> datasource,0.9886,asking for cache data failed,0.3075,"jA<*> to=root, ctladdr=root (0/0), delay<*> xdelay=00:00:00, mailer=relay, pri<*> relay=[<*>] [<*>], dsn=4.0.0, stat=Deferred: Connection refused by [<*>]",0.295,45.57,153
70,Cannot open file /dev/logsurfer for writing (No such file or directory),new,Cannot open file /dev/logsurfer for writing (No such file or directory),1.0,,0.0,,0.0,45.74,154
71,Changing permissions on special file /dev/logsurfer,fuzzy,Cannot open file /dev/logsurfer for writing (No such file or directory),0.6689,syslog-ng version 1.6.7 starting,0.2996,syslog-ng startup succeeded,0.2851,45.59,154
72,"synchronized to <*>, stratum 3",exact,"synchronized to <*>, stratum 3",1.0,"synchronized to #3#, stratum 1",0.8614,"synchronized to LOCAL(0), stratum 10",0.7396,46.7,154
73,"synchronized to <*>, stratum 3",exact,"synchronized to <*>, stratum 3",1.0,"synchronized to #3#, stratum 1",0.8614,"synchronized to LOCAL(0), stratum 10",0.7396,45.82,154
74,data_thread() got not answer from any [Thunderbird_B1] datasource,partial,data_thread() got not answer from any <*> datasource,0.9852,asking for cache data failed,0.2968,"jA<*> to=root, ctladdr=root (0/0), delay<*> xdelay=00:00:00, mailer=relay, pri<*> relay=[<*>] [<*>], dsn=4.0.0, stat=Deferred: Connection refused by [<*>]",0.289,45.69,154
75,data_thread() got not answer from any [Thunderbird_D5] datasource,partial,data_thread() got not answer from any <*> datasource,0.9875,asking for cache data failed,0.3065,"jA<*> to=root, ctladdr=root (0/0), delay<*> xdelay=00:00:00, mailer=relay, pri<*> relay=[<*>] [<*>], dsn=4.0.0, stat=Deferred: Connection refused by [<*>]",0.272,45.87,154
76,data_thread() got not answer from any [Thunderbird_D7] datasource,exact,data_thread() got not answer from any <*> datasource,0.9908,asking for cache data failed,0.3009,"jA<*> to=root, ctladdr=root (0/0), delay<*> xdelay=00:00:00, mailer=relay, pri<*> relay=[<*>] [<*>], dsn=4.0.0, stat=Deferred: Connection refused by [<*>]",0.2815,45.85,154
77,[ib_sm_sweep.c:1831]: ********************** NEW SWEEP ********************,exact,[ib_sm_sweep.c:1831]: ********************** NEW SWEEP ********************,1.0,[ib_sm_sweep.c:1482]: No configuration change required,0.6595,[ib_sm_sweep.c:1455]: No topology change,0.5394,47.74,154
78,"synchronized to <*>, stratum 3",exact,"synchronized to <*>, stratum 3",1.0,"synchronized to #3#, stratum 1",0.8614,"synchronized to LOCAL(0), stratum 10",0.7396,45.66,154
79,data_thread() got not answer from any [Thunderbird_A4] datasource,exact,data_thread() got not answer from any <*> datasource,0.9909,asking for cache data failed,0.2979,"jA<*> to=root, ctladdr=root (0/0), delay<*> xdelay=00:00:00, mailer=relay, pri<*> relay=[<*>] [<*>], dsn=4.0.0, stat=Deferred: Connection refused by [<*>]",0.2897,45.8,154
80,data_thread() got not answer from any [Thunderbird_A5] datasource,partial,data_thread() got not answer from any <*> datasource,0.99,asking for cache data failed,0.299,"jA<*> to=root, ctladdr=root (0/0), delay<*> xdelay=00:00:00, mailer=relay, pri<*> relay=[<*>] [<*>], dsn=4.0.0, stat=Deferred: Connection refused by [<*>]",0.2727,45.7,154
81,data_thread() got not answer from any [Thunderbird_B3] datasource,partial,data_thread() got not answer from any <*> datasource,0.989,asking for cache data failed,0.3078,"jA<*> to=root, ctladdr=root (0/0), delay<*> xdelay=00:00:00, mailer=relay, pri<*> relay=[<*>] [<*>], dsn=4.0.0, stat=Deferred: Connection refused by [<*>]",0.2829,46.05,154
82,"synchronized to <*>, stratum 3",exact,"synchronized to <*>, stratum 3",1.0,"synchronized to #3#, stratum 1",0.8614,"synchronized to LOCAL(0), stratum 10",0.7396,45.32,154
83,data_thread() got not answer from any [Thunderbird_A1] datasource,partial,data_thread() got not answer from any <*> datasource,0.9729,asking for cache data failed,0.2757,"jA<*> to=root, ctladdr=root (0/0), delay<*> xdelay=00:00:00, mailer=relay, pri<*> relay=[<*>] [<*>], dsn=4.0.0, stat=Deferred: Connection refused by [<*>]",0.2735,45.62,154
84,succeeded,exact,succeeded,1.0,passed.,0.4766,... autorun DONE.,0.3778,45.08,154
85,xinetd startup succeeded,new,xinetd startup succeeded,1.0,,0.0,,0.0,46.0,155
86,Reading included configuration file: /etc/xinetd.d/chargen [file=/etc/xinetd.conf] [line=15],new,Reading included configuration file: /etc/xinetd.d/chargen [file=/etc/xinetd.conf] [line=15],1.0,,0.0,,0.0,47.22,156
87,Reading included configuration file: /etc/xinetd.d/chargen-udp [file=/etc/xinetd.d/chargen-udp] [line=18],partial,Reading included configuration file: /etc/xinetd.d/chargen [file=/etc/xinetd.conf] [line=15],0.8461,xinetd startup succeeded,0.4712,initializing netlink socket (disabled),0.2978,49.0,156
88,Reading included configuration file: /etc/xinetd.d/cups-lpd [file=/etc/xinetd.d/cups-lpd] [line=17],new,Reading included configuration file: /etc/xinetd.d/cups-lpd [file=/etc/xinetd.d/cups-lpd] [line=17],1.0,,0.0,,0.0,49.15,157
89,Reading included configuration file: /etc/xinetd.d/daytime [file=/etc/xinetd.d/daytime] [line=11],new,Reading included configuration file: /etc/xinetd.d/daytime [file=/etc/xinetd.d/daytime] [line=11],1.0,,0.0,,0.0,48.08,158
90,Reading included configuration file: /etc/xinetd.d/daytime-udp [file=/etc/xinetd.d/daytime-udp] [line=15],partial,Reading included configuration file: /etc/xinetd.d/daytime [file=/etc/xinetd.d/daytime] [line=11],0.8486,Reading included configuration file: /etc/xinetd.d/chargen [file=/etc/xinetd.conf] [line=15],0.62,Reading included configuration file: /etc/xinetd.d/cups-lpd [file=/etc/xinetd.d/cups-lpd] [line=17],0.4846,49.51,158
91,Reading included configuration file: /etc/xinetd.d/echo [file=/etc/xinetd.d/echo] [line=15],fuzzy,Reading included configuration file: /etc/xinetd.d/daytime [file=/etc/xinetd.d/daytime] [line=11],0.7334,Reading included configuration file: /etc/xinetd.d/chargen [file=/etc/xinetd.conf] [line=15],0.7036,xinetd startup succeeded,0.6657,48.69,158
92,Reading included configuration file: /etc/xinetd.d/echo-udp [file=/etc/xinetd.d/echo-udp] [line=14],fuzzy,Reading included configuration file: /etc/xinetd.d/daytime [file=/etc/xinetd.d/daytime] [line=11],0.7522,Reading included configuration file: /etc/xinetd.d/chargen [file=/etc/xinetd.conf] [line=15],0.7175,Reading included configuration file: /etc/xinetd.d/cups-lpd [file=/etc/xinetd.d/cups-lpd] [line=17],0.5745,48.25,158
93,Reading included configuration file: /etc/xinetd.d/eklogin [file=/etc/xinetd.d/eklogin] [line=15],fuzzy,Reading included configuration file: /etc/xinetd.d/daytime [file=/etc/xinetd.d/daytime] [line=11],0.6819,Reading included configuration file: /etc/xinetd.d/chargen [file=/etc/xinetd.conf] [line=15],0.6192,xinetd startup succeeded,0.5963,48.15,158
94,Reading included configuration file: /etc/xinetd.d/gssftp [file=/etc/xinetd.d/gssftp] [line=13],new,Reading included configuration file: /etc/xinetd.d/gssftp [file=/etc/xinetd.d/gssftp] [line=13],1.0,,0.0,,0.0,47.88,159
95,Reading included configuration file: /etc/xinetd.d/klogin [file=/etc/xinetd.d/klogin] [line=14],fuzzy,Reading included configuration file: /etc/xinetd.d/daytime [file=/etc/xinetd.d/daytime] [line=11],0.753,xinetd startup succeeded,0.6461,Reading included configuration file: /etc/xinetd.d/chargen [file=/etc/xinetd.conf] [line=15],0.6299,47.85,159
96,Reading included configuration file: /etc/xinetd.d/krb5-telnet [file=/etc/xinetd.d/krb5-telnet] [line=13],fuzzy,Reading included configuration file: /etc/xinetd.d/daytime [file=/etc/xinetd.d/daytime] [line=11],0.7261,Reading included configuration file: /etc/xinetd.d/chargen [file=/etc/xinetd.conf] [line=15],0.5743,Reading included configuration file: /etc/xinetd.d/gssftp [file=/etc/xinetd.d/gssftp] [line=13],0.5262,49.6,159
97,Reading included configuration file: /etc/xinetd.d/kshell [file=/etc/xinetd.d/kshell] [line=13],fuzzy,Reading included configuration file: /etc/xinetd.d/daytime [file=/etc/xinetd.d/daytime] [line=11],0.7065,xinetd startup succeeded,0.5844,Reading included configuration file: /etc/xinetd.d/cups-lpd [file=/etc/xinetd.d/cups-lpd] [line=17],0.5264,48.47,159
98,Reading included configuration file: /etc/xinetd.d/ktalk [file=/etc/xinetd.d/ktalk] [line=13],fuzzy,Reading included configuration file: /etc/xinetd.d/daytime [file=/etc/xinetd.d/daytime] [line=11],0.7861,Reading included configuration file: /etc/xinetd.d/chargen [file=/etc/xinetd.conf] [line=15],0.5823,xinetd startup succeeded,0.5666,48.0,159
99,Reading included configuration file: /etc/xinetd.d/rsync [file=/etc/xinetd.d/rsync] [line=12],fuzzy,Reading included configuration file: /etc/xinetd.d/daytime [file=/etc/xinetd.d/daytime] [line=11],0.6346,xinetd startup succeeded,0.5528,Reading included configuration file: /etc/xinetd.d/chargen [file=/etc/xinetd.conf] [line=15],0.5127,47.89,159
100,Reading included configuration file: /etc/xinetd.d/tftp [file=/etc/xinetd.d/tftp] [line=13],fuzzy,Reading included configuration file: /etc/xinetd.d/daytime [file=/etc/xinetd.d/daytime] [line=11],0.66,START: tftp pid=16563 from=<*>,0.6243,Reading included configuration file: /etc/xinetd.d/chargen [file=/etc/xinetd.conf] [line=15],0.5487,47.72,159
101,Reading included configuration file: /etc/xinetd.d/time [file=/etc/xinetd.d/time] [line=18],fuzzy,Reading included configuration file: /etc/xinetd.d/daytime [file=/etc/xinetd.d/daytime] [line=11],0.794,Reading included configuration file: /etc/xinetd.d/chargen [file=/etc/xinetd.conf] [line=15],0.6251,xinetd startup succeeded,0.5479,47.62,159
102,Reading included configuration file: /etc/xinetd.d/time-udp [file=/etc/xinetd.d/time-udp] [line=17],fuzzy,Reading included configuration file: /etc/xinetd.d/daytime [file=/etc/xinetd.d/daytime] [line=11],0.7663,Reading included configuration file: /etc/xinetd.d/chargen [file=/etc/xinetd.conf] [line=15],0.6325,Reading included configuration file: /etc/xinetd.d/cups-lpd [file=/etc/xinetd.d/cups-lpd] [line=17],0.4981,49.46,159
103,Started working: 1 available service,new,Started working: 1 available service,1.0,,0.0,,0.0,47.16,160
104,removing chargen,new,removing chargen,1.0,,0.0,,0.0,47.17,161
105,removing chargen,exact,removing chargen,1.0,Reading included configuration file: /etc/xinetd.d/chargen [file=/etc/xinetd.conf] [line=15],0.4672,registered new driver usbhid,0.2258,48.55,161
106,removing daytime,new,removing daytime,1.0,,0.0,,0.0,48.17,162
107,removing daytime,exact,removing daytime,1.0,kernel time sync disabled <*>,0.2672,Using HPET based timekeeping.,0.2525,47.6,162
108,removing echo,new,removing echo,1.0,,0.0,,0.0,48.64,163
109,removing echo,exact,removing echo,1.0,removing daytime,0.3402,removing chargen,0.3004,47.51,163
110,removing eklogin,new,removing eklogin,1.0,,0.0,,0.0,48.82,164
111,removing ftp,new,removing ftp,1.0,,0.0,,0.0,48.53,165
112,removing klogin,fuzzy,removing eklogin,0.7959,removing chargen,0.3387,session closed for user root,0.321,49.2,165
113,removing kshell,new,removing kshell,1.0,,0.0,,0.0,49.29,166
114,removing ntalk,new,removing ntalk,1.0,,0.0,,0.0,48.84,167
115,removing printer,new,removing printer,1.0,,0.0,,0.0,50.13,168
116,removing rsync,new,removing rsync,1.0,,0.0,,0.0,50.01,169
117,removing telnet,new,removing telnet,1.0,,0.0,,0.0,50.63,170
118,removing time,new,removing time,1.0,,0.0,,0.0,50.44,171
119,removing time,exact,removing time,1.0,removing daytime,0.5691,time reset <*> s,0.5267,50.67,171
120,xinetd Version 2.3.13 started with libwrap loadavg options compiled in.,fuzzy,xinetd startup succeeded,0.6374,Reading included configuration file: /etc/xinetd.d/daytime [file=/etc/xinetd.d/daytime] [line=11],0.5948,Reading included configuration file: /etc/xinetd.d/chargen [file=/etc/xinetd.conf] [line=15],0.5206,51.7,171
121,"synchronized to <*>, stratum 3",exact,"synchronized to <*>, stratum 3",1.0,"synchronized to #3#, stratum 1",0.8614,"synchronized to LOCAL(0), stratum 10",0.7396,50.77,171
122,[ib_sm_sweep.c:1455]: No topology change,exact,[ib_sm_sweep.c:1455]: No topology change,1.0,[ib_sm_sweep.c:1482]: No configuration change required,0.7019,[ib_sm_sweep.c:1831]: ********************** NEW SWEEP ********************,0.5394,51.53,171
123,[ib_sm_sweep.c:1482]: No configuration change required,exact,[ib_sm_sweep.c:1482]: No configuration change required,1.0,[ib_sm_sweep.c:1455]: No topology change,0.7019,[ib_sm_sweep.c:1831]: ********************** NEW SWEEP ********************,0.6595,51.02,171
124,data_thread() got not answer from any [Thunderbird_B6] datasource,exact,data_thread() got not answer from any <*> datasource,0.992,asking for cache data failed,0.3049,"jA<*> to=root, ctladdr=root (0/0), delay<*> xdelay=00:00:00, mailer=relay, pri<*> relay=[<*>] [<*>], dsn=4.0.0, stat=Deferred: Connection refused by [<*>]",0.2824,50.84,171
125,data_thread() got not answer from any [Thunderbird_A8] datasource,partial,data_thread() got not answer from any <*> datasource,0.9877,asking for cache data failed,0.2966,"jA<*> to=root, ctladdr=root (0/0), delay<*> xdelay=00:00:00, mailer=relay, pri<*> relay=[<*>] [<*>], dsn=4.0.0, stat=Deferred: Connection refused by [<*>]",0.2938,50.57,171
126,data_thread() got not answer from any [Thunderbird_A3] datasource,partial,data_thread() got not answer from any <*> datasource,0.9863,asking for cache data failed,0.2981,"jA<*> to=root, ctladdr=root (0/0), delay<*> xdelay=00:00:00, mailer=relay, pri<*> relay=[<*>] [<*>], dsn=4.0.0, stat=Deferred: Connection refused by [<*>]",0.2767,50.7,171
127,data_thread() got not answer from any [Thunderbird_C8] datasource,partial,data_thread() got not answer from any <*> datasource,0.9879,asking for cache data failed,0.3005,"jA<*> to=root, ctladdr=root (0/0), delay<*> xdelay=00:00:00, mailer=relay, pri<*> relay=[<*>] [<*>], dsn=4.0.0, stat=Deferred: Connection refused by [<*>]",0.2902,50.83,171
128,"synchronized to <*>, stratum 3",exact,"synchronized to <*>, stratum 3",1.0,"synchronized to #3#, stratum 1",0.8614,"synchronized to LOCAL(0), stratum 10",0.7396,50.77,171
129,"synchronized to <*>, stratum 3",exact,"synchronized to <*>, stratum 3",1.0,"synchronized to #3#, stratum 1",0.8614,"synchronized to LOCAL(0), stratum 10",0.7396,51.2,171
130,[ib_sm_sweep.c:1831]: ********************** NEW SWEEP ********************,exact,[ib_sm_sweep.c:1831]: ********************** NEW SWEEP ********************,1.0,[ib_sm_sweep.c:1482]: No configuration change required,0.6595,[ib_sm_sweep.c:1455]: No topology change,0.5394,53.01,171
131,"synchronized to <*>, stratum 3",exact,"synchronized to <*>, stratum 3",1.0,"synchronized to #3#, stratum 1",0.8614,"synchronized to LOCAL(0), stratum 10",0.7396,50.64,171
132,"synchronized to <*>, stratum 3",exact,"synchronized to <*>, stratum 3",1.0,"synchronized to #3#, stratum 1",0.8614,"synchronized to LOCAL(0), stratum 10",0.7396,50.41,171
133,RRD_update (/var/lib/ganglia/rrds/D Nodes/dn731/pkts_out.rrd): illegal attempt to update using time 1131563473 when last update time is 1131563473 (minimum one second step),exact,RRD_update (/var/lib/ganglia/rrds/D Nodes/dn731/pkts_out.rrd): illegal attempt to update using time <*> when last update time is <*> (minimum one second step),0.9972,kernel time sync disabled <*>,0.3437,rpc.statd startup succeeded,0.3312,53.56,171
134,data_thread() got not answer from any [Thunderbird_C1] datasource,partial,data_thread() got not answer from any <*> datasource,0.9886,asking for cache data failed,0.2902,"jA<*> to=root, ctladdr=root (0/0), delay<*> xdelay=00:00:00, mailer=relay, pri<*> relay=[<*>] [<*>], dsn=4.0.0, stat=Deferred: Connection refused by [<*>]",0.2827,51.68,171
135,data_thread() got not answer from any [Thunderbird_A6] datasource,exact,data_thread() got not answer from any <*> datasource,0.992,asking for cache data failed,0.2937,"jA<*> to=root, ctladdr=root (0/0), delay<*> xdelay=00:00:00, mailer=relay, pri<*> relay=[<*>] [<*>], dsn=4.0.0, stat=Deferred: Connection refused by [<*>]",0.2794,50.97,171
136,data_thread() got not answer from any [Thunderbird_C4] datasource,exact,data_thread() got not answer from any <*> datasource,0.9909,asking for cache data failed,0.3033,"jA<*> to=root, ctladdr=root (0/0), delay<*> xdelay=00:00:00, mailer=relay, pri<*> relay=[<*>] [<*>], dsn=4.0.0, stat=Deferred: Connection refused by [<*>]",0.2896,50.45,171
137,data_thread() got not answer from any [Thunderbird_B4] datasource,exact,data_thread() got not answer from any <*> datasource,0.9916,asking for cache data failed,0.309,"jA<*> to=root, ctladdr=root (0/0), delay<*> xdelay=00:00:00, mailer=relay, pri<*> relay=[<*>] [<*>], dsn=4.0.0, stat=Deferred: Connection refused by [<*>]",0.2907,50.8,171
138,[ib_sm_sweep.c:1455]: No topology change,exact,[ib_sm_sweep.c:1455]: No topology change,1.0,[ib_sm_sweep.c:1482]: No configuration change required,0.7019,[ib_sm_sweep.c:1831]: ********************** NEW SWEEP ********************,0.5394,50.37,171
139,[ib_sm_sweep.c:1482]: No configuration change required,exact,[ib_sm_sweep.c:1482]: No configuration change required,1.0,[ib_sm_sweep.c:1455]: No topology change,0.7019,[ib_sm_sweep.c:1831]: ********************** NEW SWEEP ********************,0.6595,50.55,171
140,"synchronized to <*>, stratum 3",exact,"synchronized to <*>, stratum 3",1.0,"synchronized to #3#, stratum 1",0.8614,"synchronized to LOCAL(0), stratum 10",0.7396,50.4,171
141,"synchronized to <*>, stratum 3",exact,"synchronized to <*>, stratum 3",1.0,"synchronized to #3#, stratum 1",0.8614,"synchronized to LOCAL(0), stratum 10",0.7396,50.84,171
142,data_thread() got not answer from any [Thunderbird_A7] datasource,partial,data_thread() got not answer from any <*> datasource,0.9882,asking for cache data failed,0.2967,"jA<*> to=root, ctladdr=root (0/0), delay<*> xdelay=00:00:00, mailer=relay, pri<*> relay=[<*>] [<*>], dsn=4.0.0, stat=Deferred: Connection refused by [<*>]",0.2791,51.47,171
143,data_thread() got not answer from any [Thunderbird_B7] datasource,partial,data_thread() got not answer from any <*> datasource,0.9892,asking for cache data failed,0.3055,"jA<*> to=root, ctladdr=root (0/0), delay<*> xdelay=00:00:00, mailer=relay, pri<*> relay=[<*>] [<*>], dsn=4.0.0, stat=Deferred: Connection refused by [<*>]",0.2813,50.98,171
144,"synchronized to <*>, stratum 3",exact,"synchronized to <*>, stratum 3",1.0,"synchronized to #3#, stratum 1",0.8614,"synchronized to LOCAL(0), stratum 10",0.7396,50.57,171
145,data_thread() got not answer from any [Thunderbird_D6] datasource,partial,data_thread() got not answer from any <*> datasource,0.988,asking for cache data failed,0.298,"jA<*> to=root, ctladdr=root (0/0), delay<*> xdelay=00:00:00, mailer=relay, pri<*> relay=[<*>] [<*>], dsn=4.0.0, stat=Deferred: Connection refused by [<*>]",0.2769,50.8,171
146,data_thread() got not answer from any [Thunderbird_B2] datasource,partial,data_thread() got not answer from any <*> datasource,0.9897,asking for cache data failed,0.3018,"jA<*> to=root, ctladdr=root (0/0), delay<*> xdelay=00:00:00, mailer=relay, pri<*> relay=[<*>] [<*>], dsn=4.0.0, stat=Deferred: Connection refused by [<*>]",0.2895,51.35,171
147,data_thread() got not answer from any [Thunderbird_B5] datasource,partial,data_thread() got not answer from any <*> datasource,0.9889,asking for cache data failed,0.3083,"jA<*> to=root, ctladdr=root (0/0), delay<*> xdelay=00:00:00, mailer=relay, pri<*> relay=[<*>] [<*>], dsn=4.0.0, stat=Deferred: Connection refused by [<*>]",0.2752,50.71,171
148,data_thread() got not answer from any [Thunderbird_D4] datasource,partial,data_thread() got not answer from any <*> datasource,0.9833,asking for cache data failed,0.3035,"jA<*> to=root, ctladdr=root (0/0), delay<*> xdelay=00:00:00, mailer=relay, pri<*> relay=[<*>] [<*>], dsn=4.0.0, stat=Deferred: Connection refused by [<*>]",0.2934,50.82,171
149,"synchronized to <*>, stratum 3",exact,"synchronized to <*>, stratum 3",1.0,"synchronized to #3#, stratum 1",0.8614,"synchronized to LOCAL(0), stratum 10",0.7396,50.42,171
150,data_thread() got not answer from any [Thunderbird_B8] datasource,partial,data_thread() got not answer from any <*> datasource,0.9888,asking for cache data failed,0.3075,"jA<*> to=root, ctladdr=root (0/0), delay<*> xdelay=00:00:00, mailer=relay, pri<*> relay=[<*>] [<*>], dsn=4.0.0, stat=Deferred: Connection refused by [<*>]",0.295,50.72,171
151,data_thread() got not answer from any [Thunderbird_D7] datasource,exact,data_thread() got not answer from any <*> datasource,0.9909,asking for cache data failed,0.3009,"jA<*> to=root, ctladdr=root (0/0), delay<*> xdelay=00:00:00, mailer=relay, pri<*> relay=[<*>] [<*>], dsn=4.0.0, stat=Deferred: Connection refused by [<*>]",0.2815,51.19,171
152,data_thread() got not answer from any [Thunderbird_D8] datasource,partial,data_thread() got not answer from any <*> datasource,0.9879,asking for cache data failed,0.3057,"jA<*> to=root, ctladdr=root (0/0), delay<*> xdelay=00:00:00, mailer=relay, pri<*> relay=[<*>] [<*>], dsn=4.0.0, stat=Deferred: Connection refused by [<*>]",0.2923,51.13,171
153,"synchronized to <*>, stratum 3",exact,"synchronized to <*>, stratum 3",1.0,"synchronized to #3#, stratum 1",0.8614,"synchronized to LOCAL(0), stratum 10",0.7396,50.63,171
154,"synchronized to <*>, stratum 3",exact,"synchronized to <*>, stratum 3",1.0,"synchronized to #3#, stratum 1",0.8614,"synchronized to LOCAL(0), stratum 10",0.7396,50.29,171
155,"synchronized to <*>, stratum 3",exact,"synchronized to <*>, stratum 3",1.0,"synchronized to #3#, stratum 1",0.8614,"synchronized to LOCAL(0), stratum 10",0.7396,50.4,171
156,data_thread() got not answer from any [Thunderbird_C6] datasource,exact,data_thread() got not answer from any <*> datasource,0.9902,asking for cache data failed,0.297,"jA<*> to=root, ctladdr=root (0/0), delay<*> xdelay=00:00:00, mailer=relay, pri<*> relay=[<*>] [<*>], dsn=4.0.0, stat=Deferred: Connection refused by [<*>]",0.2773,50.81,171
157,"synchronized to <*>, stratum 3",exact,"synchronized to <*>, stratum 3",1.0,"synchronized to #3#, stratum 1",0.8614,"synchronized to LOCAL(0), stratum 10",0.7396,51.02,171
158,data_thread() got not answer from any [Thunderbird_A2] datasource,partial,data_thread() got not answer from any <*> datasource,0.9803,asking for cache data failed,0.2878,"jA<*> to=root, ctladdr=root (0/0), delay<*> xdelay=00:00:00, mailer=relay, pri<*> relay=[<*>] [<*>], dsn=4.0.0, stat=Deferred: Connection refused by [<*>]",0.2781,51.04,171
159,data_thread() got not answer from any [Thunderbird_A4] datasource,exact,data_thread() got not answer from any <*> datasource,0.9913,asking for cache data failed,0.2979,"jA<*> to=root, ctladdr=root (0/0), delay<*> xdelay=00:00:00, mailer=relay, pri<*> relay=[<*>] [<*>], dsn=4.0.0, stat=Deferred: Connection refused by [<*>]",0.2897,50.78,171
160,data_thread() got not answer from any [Thunderbird_C5] datasource,partial,data_thread() got not answer from any <*> datasource,0.989,asking for cache data failed,0.3035,"jA<*> to=root, ctladdr=root (0/0), delay<*> xdelay=00:00:00, mailer=relay, pri<*> relay=[<*>] [<*>], dsn=4.0.0, stat=Deferred: Connection refused by [<*>]",0.2701,50.91,171
161,"synchronized to <*>, stratum 3",exact,"synchronized to <*>, stratum 3",1.0,"synchronized to #3#, stratum 1",0.8614,"synchronized to LOCAL(0), stratum 10",0.7396,50.6,171
162,data_thread() got not answer from any [Thunderbird_A5] datasource,partial,data_thread() got not answer from any <*> datasource,0.99,asking for cache data failed,0.299,"jA<*> to=root, ctladdr=root (0/0), delay<*> xdelay=00:00:00, mailer=relay, pri<*> relay=[<*>] [<*>], dsn=4.0.0, stat=Deferred: Connection refused by [<*>]",0.2727,51.49,171
163,[ib_sm_sweep.c:1831]: ********************** NEW SWEEP ********************,exact,[ib_sm_sweep.c:1831]: ********************** NEW SWEEP ********************,1.0,[ib_sm_sweep.c:1482]: No configuration change required,0.6595,[ib_sm_sweep.c:1455]: No topology change,0.5394,53.25,171
164,data_thread() got not answer from any [Thunderbird_C2] datasource,partial,data_thread() got not answer from any <*> datasource,0.9798,asking for cache data failed,0.2943,connection lost: 'Connection closed.',0.2809,51.17,171
165,data_thread() got not answer from any [Thunderbird_B1] datasource,partial,data_thread() got not answer from any <*> datasource,0.985,asking for cache data failed,0.2968,"jA<*> to=root, ctladdr=root (0/0), delay<*> xdelay=00:00:00, mailer=relay, pri<*> relay=[<*>] [<*>], dsn=4.0.0, stat=Deferred: Connection refused by [<*>]",0.289,50.77,171
166,data_thread() got not answer from any [Thunderbird_B3] datasource,partial,data_thread() got not answer from any <*> datasource,0.9892,asking for cache data failed,0.3078,"jA<*> to=root, ctladdr=root (0/0), delay<*> xdelay=00:00:00, mailer=relay, pri<*> relay=[<*>] [<*>], dsn=4.0.0, stat=Deferred: Connection refused by [<*>]",0.2829,50.86,171
167,[ib_sm_sweep.c:1455]: No topology change,exact,[ib_sm_sweep.c:1455]: No topology change,1.0,[ib_sm_sweep.c:1482]: No configuration change required,0.7019,[ib_sm_sweep.c:1831]: ********************** NEW SWEEP ********************,0.5394,51.49,171
168,[ib_sm_sweep.c:1482]: No configuration change required,exact,[ib_sm_sweep.c:1482]: No configuration change required,1.0,[ib_sm_sweep.c:1455]: No topology change,0.7019,[ib_sm_sweep.c:1831]: ********************** NEW SWEEP ********************,0.6595,50.75,171
169,session closed for user root,exact,session closed for user root,1.0,session opened for user root by (uid=0),0.7564,Local disconnected: Connection closed.,0.359,50.77,171
170,"jA9JBVPb007417: from=root, size=629060, class=0, nrcpts=1, msgid=<200511091911.jA9JBVPb007417@eadmin1>, relay=#7#@localhost",partial,"jA<*> from=root, size<*> class=0, nrcpts=1, msgid<*> relay=#7#@localhost",0.9731,"jA<*> to=root, ctladdr=root (0/0), delay<*> xdelay=00:00:00, mailer=relay, pri<*> relay=[<*>] [<*>], dsn=4.0.0, stat=Deferred: Connection refused by [<*>]",0.7112,Registered protocol family <*>,0.3839,53.97,171
171,"jA9JBVPb007417: to=root, ctladdr=root (0/0), delay=00:00:00, xdelay=00:00:00, mailer=relay, pri=659060, relay=[<*>] [<*>], dsn=4.0.0, stat=Deferred: Connection refused by [<*>]",partial,"jA<*> to=root, ctladdr=root (0/0), delay<*> xdelay=00:00:00, mailer=relay, pri<*> relay=[<*>] [<*>], dsn=4.0.0, stat=Deferred: Connection refused by [<*>]",0.9871,"jA<*> from=root, size<*> class=0, nrcpts=1, msgid<*> relay=#7#@localhost",0.6968,connection lost: 'Connection closed.',0.377,55.61,171
172,unable to qualify my own domain name (eadmin1) -- using short name,partial,unable to qualify my own domain name <*> -- using short name,0.9797,unable to qualify my own domain name (cadmin1) -- using short name,0.7676,unable to qualify my own domain name (badmin1) -- using short name,0.7636,51.2,171
173,data_thread() got not answer from any [Thunderbird_D5] datasource,partial,data_thread() got not answer from any <*> datasource,0.9876,asking for cache data failed,0.3065,"jA<*> to=root, ctladdr=root (0/0), delay<*> xdelay=00:00:00, mailer=relay, pri<*> relay=[<*>] [<*>], dsn=4.0.0, stat=Deferred: Connection refused by [<*>]",0.2747,50.89,171
174,unable to qualify my own domain name (aadmin1) -- using short name,partial,unable to qualify my own domain name <*> -- using short name,0.9684,unable to qualify my own domain name (badmin1) -- using short name,0.7888,unable to qualify my own domain name (dadmin1) -- using short name,0.7599,50.73,171
175,unable to qualify my own domain name (badmin1) -- using short name,exact,unable to qualify my own domain name (badmin1) -- using short name,1.0,unable to qualify my own domain name (dadmin1) -- using short name,0.8545,unable to qualify my own domain name (cadmin1) -- using short name,0.8303,50.55,171
176,"synchronized to <*>, stratum 3",exact,"synchronized to <*>, stratum 3",1.0,"synchronized to #3#, stratum 1",0.8614,"synchronized to LOCAL(0), stratum 10",0.7396,50.32,171
177,unable to qualify my own domain name (cadmin1) -- using short name,exact,unable to qualify my own domain name (cadmin1) -- using short name,1.0,unable to qualify my own domain name (badmin1) -- using short name,0.8303,unable to qualify my own domain name (dadmin1) -- using short name,0.7964,50.76,171
178,unable to qualify my own domain name (dadmin1) -- using short name,exact,unable to qualify my own domain name (dadmin1) -- using short name,1.0,unable to qualify my own domain name (badmin1) -- using short name,0.8545,unable to qualify my own domain name (cadmin1) -- using short name,0.7964,50.49,171
179,session closed for user root,exact,session closed for user root,1.0,session opened for user root by (uid=0),0.7564,Local disconnected: Connection closed.,0.359,50.16,171
180,"jA9JBWxH019649: from=root, size=1596872, class=0, nrcpts=1, msgid=<200511091911.jA9JBWxH019649@aadmin1>, relay=#7#@localhost",partial,"jA<*> from=root, size<*> class=0, nrcpts=1, msgid<*> relay=#7#@localhost",0.9773,"jA<*> to=root, ctladdr=root (0/0), delay<*> xdelay=00:00:00, mailer=relay, pri<*> relay=[<*>] [<*>], dsn=4.0.0, stat=Deferred: Connection refused by [<*>]",0.6989,Registered protocol family <*>,0.3799,54.26,171
181,"jA9JBWxH019649: to=root, ctladdr=root (0/0), delay=00:00:02, xdelay=00:00:00, mailer=relay, pri=1626872, relay=[<*>] [<*>], dsn=4.0.0, stat=Deferred: Connection refused by [<*>]",exact,"jA<*> to=root, ctladdr=root (0/0), delay<*> xdelay=00:00:00, mailer=relay, pri<*> relay=[<*>] [<*>], dsn=4.0.0, stat=Deferred: Connection refused by [<*>]",0.9924,"jA<*> from=root, size<*> class=0, nrcpts=1, msgid<*> relay=#7#@localhost",0.7097,connection lost: 'Connection closed.',0.3797,55.68,171
182,session closed for user root,exact,session closed for user root,1.0,session opened for user root by (uid=0),0.7564,Local disconnected: Connection closed.,0.359,50.9,171
183,"jA9JBWEr014256: from=root, size=1593894, class=0, nrcpts=1, msgid=<200511091911.jA9JBWEr014256@badmin1>, relay=#7#@localhost",partial,"jA<*> from=root, size<*> class=0, nrcpts=1, msgid<*> relay=#7#@localhost",0.9615,"jA<*> to=root, ctladdr=root (0/0), delay<*> xdelay=00:00:00, mailer=relay, pri<*> relay=[<*>] [<*>], dsn=4.0.0, stat=Deferred: Connection refused by [<*>]",0.6864,My unqualified host name (badmin1) unknown; sleeping for retry,0.3698,53.8,171
184,"jA9JBWEr014256: to=root, ctladdr=root (0/0), delay=00:00:02, xdelay=00:00:00, mailer=relay, pri=1623894, relay=[<*>] [<*>], dsn=4.0.0, stat=Deferred: Connection refused by [<*>]",partial,"jA<*> to=root, ctladdr=root (0/0), delay<*> xdelay=00:00:00, mailer=relay, pri<*> relay=[<*>] [<*>], dsn=4.0.0, stat=Deferred: Connection refused by [<*>]",0.9868,"jA<*> from=root, size<*> class=0, nrcpts=1, msgid<*> relay=#7#@localhost",0.6807,connection lost: 'Connection closed.',0.383,55.37,171
185,data_thread() got not answer from any [Thunderbird_A1] datasource,partial,data_thread() got not answer from any <*> datasource,0.973,"jA<*> to=root, ctladdr=root (0/0), delay<*> xdelay=00:00:00, mailer=relay, pri<*> relay=[<*>] [<*>], dsn=4.0.0, stat=Deferred: Connection refused by [<*>]",0.2822,asking for cache data failed,0.2757,51.2,171
186,data_thread() got not answer from any [Thunderbird_A8] datasource,partial,data_thread() got not answer from any <*> datasource,0.9878,"jA<*> to=root, ctladdr=root (0/0), delay<*> xdelay=00:00:00, mailer=relay, pri<*> relay=[<*>] [<*>], dsn=4.0.0, stat=Deferred: Connection refused by [<*>]",0.3026,asking for cache data failed,0.2966,51.05,171
187,session closed for user root,exact,session closed for user root,1.0,session opened for user root by (uid=0),0.7564,Local disconnected: Connection closed.,0.359,50.62,171
188,"jA9JBXgf022479: from=root, size=1594553, class=0, nrcpts=1, msgid=<200511091911.jA9JBXgf022479@cadmin1>, relay=#7#@localhost",partial,"jA<*> from=root, size<*> class=0, nrcpts=1, msgid<*> relay=#7#@localhost",0.9713,"jA<*> to=root, ctladdr=root (0/0), delay<*> xdelay=00:00:00, mailer=relay, pri<*> relay=[<*>] [<*>], dsn=4.0.0, stat=Deferred: Connection refused by [<*>]",0.7026,[ib_sm_sweep.c:1482]: No configuration change required,0.3789,53.69,171
189,"jA9JBXgf022479: to=root, ctladdr=root (0/0), delay=00:00:02, xdelay=00:00:00, mailer=relay, pri=1624553, relay=[<*>] [<*>], dsn=4.0.0, stat=Deferred: Connection refused by [<*>]",exact,"jA<*> to=root, ctladdr=root (0/0), delay<*> xdelay=00:00:00, mailer=relay, pri<*> relay=[<*>] [<*>], dsn=4.0.0, stat=Deferred: Connection refused by [<*>]",0.9928,"jA<*> from=root, size<*> class=0, nrcpts=1, msgid<*> relay=#7#@localhost",0.6943,connection lost: 'Connection closed.',0.3763,55.61,171
190,"synchronized to <*>, stratum 3",exact,"synchronized to <*>, stratum 3",1.0,"synchronized to #3#, stratum 1",0.8614,"synchronized to LOCAL(0), stratum 10",0.7396,50.59,171
191,"synchronized to <*>, stratum 3",exact,"synchronized to <*>, stratum 3",1.0,"synchronized to #3#, stratum 1",0.8614,"synchronized to LOCAL(0), stratum 10",0.7396,50.55,171
192,session closed for user root,exact,session closed for user root,1.0,session opened for user root by (uid=0),0.7564,Local disconnected: Connection closed.,0.359,50.69,171
193,"jA9JBXVI027337: from=root, size=1597080, class=0, nrcpts=1, msgid=<200511091911.jA9JBXVI027337@dadmin1>, relay=#7#@localhost",partial,"jA<*> from=root, size<*> class=0, nrcpts=1, msgid<*> relay=#7#@localhost",0.9665,"jA<*> to=root, ctladdr=root (0/0), delay<*> xdelay=00:00:00, mailer=relay, pri<*> relay=[<*>] [<*>], dsn=4.0.0, stat=Deferred: Connection refused by [<*>]",0.6961,My unqualified host name (dadmin1) unknown; sleeping for retry,0.3952,53.86,171
194,"jA9JBXVI027337: to=root, ctladdr=root (0/0), delay=00:00:02, xdelay=00:00:00, mailer=relay, pri=1627080, relay=[<*>] [<*>], dsn=4.0.0, stat=Deferred: Connection refused by [<*>]",exact,"jA<*> to=root, ctladdr=root (0/0), delay<*> xdelay=00:00:00, mailer=relay, pri<*> relay=[<*>] [<*>], dsn=4.0.0, stat=Deferred: Connection refused by [<*>]",0.9925,"jA<*> from=root, size<*> class=0, nrcpts=1, msgid<*> relay=#7#@localhost",0.715,connection lost: 'Connection closed.',0.3788,55.45,171
195,data_thread() got not answer from any [Thunderbird_B6] datasource,exact,data_thread() got not answer from any <*> datasource,0.992,asking for cache data failed,0.3049,"jA<*> to=root, ctladdr=root (0/0), delay<*> xdelay=00:00:00, mailer=relay, pri<*> relay=[<*>] [<*>], dsn=4.0.0, stat=Deferred: Connection refused by [<*>]",0.2933,51.47,171
196,data_thread() got not answer from any [Thunderbird_A3] datasource,partial,data_thread() got not answer from any <*> datasource,0.9863,asking for cache data failed,0.2981,"jA<*> to=root, ctladdr=root (0/0), delay<*> xdelay=00:00:00, mailer=relay, pri<*> relay=[<*>] [<*>], dsn=4.0.0, stat=Deferred: Connection refused by [<*>]",0.2863,51.01,171
197,data_thread() got not answer from any [Thunderbird_C8] datasource,partial,data_thread() got not answer from any <*> datasource,0.9878,asking for cache data failed,0.3005,"jA<*> to=root, ctladdr=root (0/0), delay<*> xdelay=00:00:00, mailer=relay, pri<*> relay=[<*>] [<*>], dsn=4.0.0, stat=Deferred: Connection refused by [<*>]",0.3,50.79,171
198,"synchronized to <*>, stratum 3",exact,"synchronized to <*>, stratum 3",1.0,"synchronized to #3#, stratum 1",0.8614,"synchronized to LOCAL(0), stratum 10",0.7396,50.73,171
199,"synchronized to <*>, stratum 3",exact,"synchronized to <*>, stratum 3",1.0,"synchronized to #3#, stratum 1",0.8614,"synchronized to LOCAL(0), stratum 10",0.7396,50.57,171
200,"synchronized to <*>, stratum 3",exact,"synchronized to <*>, stratum 3",1.0,"synchronized to #3#, stratum 1",0.8614,"synchronized to LOCAL(0), stratum 10",0.7396,50.34,171
201,"synchronized to <*>, stratum 3",exact,"synchronized to <*>, stratum 3",1.0,"synchronized to #3#, stratum 1",0.8614,"synchronized to LOCAL(0), stratum 10",0.7396,51.72,171
202,data_thread() got not answer from any [Thunderbird_C1] datasource,partial,data_thread() got not answer from any <*> datasource,0.9886,"jA<*> to=root, ctladdr=root (0/0), delay<*> xdelay=00:00:00, mailer=relay, pri<*> relay=[<*>] [<*>], dsn=4.0.0, stat=Deferred: Connection refused by [<*>]",0.2924,asking for cache data failed,0.2902,52.8,171
203,data_thread() got not answer from any [Thunderbird_A6] datasource,exact,data_thread() got not answer from any <*> datasource,0.9921,asking for cache data failed,0.2937,"jA<*> to=root, ctladdr=root (0/0), delay<*> xdelay=00:00:00, mailer=relay, pri<*> relay=[<*>] [<*>], dsn=4.0.0, stat=Deferred: Connection refused by [<*>]",0.2887,54.22,171
204,[ib_sm_sweep.c:1831]: ********************** NEW SWEEP ********************,exact,[ib_sm_sweep.c:1831]: ********************** NEW SWEEP ********************,1.0,[ib_sm_sweep.c:1482]: No configuration change required,0.6595,[ib_sm_sweep.c:1455]: No topology change,0.5394,53.5,171
205,"synchronized to <*>, stratum 3",exact,"synchronized to <*>, stratum 3",1.0,"synchronized to #3#, stratum 1",0.8614,"synchronized to LOCAL(0), stratum 10",0.7396,50.9,171
206,data_thread() got not answer from any [Thunderbird_C4] datasource,exact,data_thread() got not answer from any <*> datasource,0.991,asking for cache data failed,0.3033,"jA<*> to=root, ctladdr=root (0/0), delay<*> xdelay=00:00:00, mailer=relay, pri<*> relay=[<*>] [<*>], dsn=4.0.0, stat=Deferred: Connection refused by [<*>]",0.2989,51.11,171
207,"synchronized to <*>, stratum 3",exact,"synchronized to <*>, stratum 3",1.0,"synchronized to #3#, stratum 1",0.8614,"synchronized to LOCAL(0), stratum 10",0.7396,50.4,171
208,"synchronized to <*>, stratum 3",exact,"synchronized to <*>, stratum 3",1.0,"synchronized to #3#, stratum 1",0.8614,"synchronized to LOCAL(0), stratum 10",0.7396,50.27,171
209,"synchronized to <*>, stratum 3",exact,"synchronized to <*>, stratum 3",1.0,"synchronized to #3#, stratum 1",0.8614,"synchronized to LOCAL(0), stratum 10",0.7396,50.36,171
210,"synchronized to <*>, stratum 3",exact,"synchronized to <*>, stratum 3",1.0,"synchronized to #3#, stratum 1",0.8614,"synchronized to LOCAL(0), stratum 10",0.7396,50.19,171
211,[ib_sm_sweep.c:1455]: No topology change,exact,[ib_sm_sweep.c:1455]: No topology change,1.0,[ib_sm_sweep.c:1482]: No configuration change required,0.7019,[ib_sm_sweep.c:1831]: ********************** NEW SWEEP ********************,0.5394,50.76,171
212,[ib_sm_sweep.c:1482]: No configuration change required,exact,[ib_sm_sweep.c:1482]: No configuration change required,1.0,[ib_sm_sweep.c:1455]: No topology change,0.7019,[ib_sm_sweep.c:1831]: ********************** NEW SWEEP ********************,0.6595,50.55,171
213,data_thread() got not answer from any [Thunderbird_B5] datasource,partial,data_thread() got not answer from any <*> datasource,0.9888,asking for cache data failed,0.3083,"jA<*> to=root, ctladdr=root (0/0), delay<*> xdelay=00:00:00, mailer=relay, pri<*> relay=[<*>] [<*>], dsn=4.0.0, stat=Deferred: Connection refused by [<*>]",0.2863,50.73,171
214,data_thread() got not answer from any [Thunderbird_D6] datasource,partial,data_thread() got not answer from any <*> datasource,0.988,asking for cache data failed,0.298,"jA<*> to=root, ctladdr=root (0/0), delay<*> xdelay=00:00:00, mailer=relay, pri<*> relay=[<*>] [<*>], dsn=4.0.0, stat=Deferred: Connection refused by [<*>]",0.2862,50.72,171
215,"synchronized to <*>, stratum 3",exact,"synchronized to <*>, stratum 3",1.0,"synchronized to #3#, stratum 1",0.8614,"synchronized to LOCAL(0), stratum 10",0.7396,50.74,171
216,"synchronized to <*>, stratum 3",exact,"synchronized to <*>, stratum 3",1.0,"synchronized to #3#, stratum 1",0.8614,"synchronized to LOCAL(0), stratum 10",0.7396,50.66,171
217,data_thread() got not answer from any [Thunderbird_D8] datasource,partial,data_thread() got not answer from any <*> datasource,0.9878,asking for cache data failed,0.3057,"jA<*> to=root, ctladdr=root (0/0), delay<*> xdelay=00:00:00, mailer=relay, pri<*> relay=[<*>] [<*>], dsn=4.0.0, stat=Deferred: Connection refused by [<*>]",0.3019,50.64,171
218,"synchronized to <*>, stratum 3",exact,"synchronized to <*>, stratum 3",1.0,"synchronized to #3#, stratum 1",0.8614,"synchronized to LOCAL(0), stratum 10",0.7396,50.39,171
219,data_thread() got not answer from any [Thunderbird_B2] datasource,partial,data_thread() got not answer from any <*> datasource,0.9896,asking for cache data failed,0.3018,"jA<*> to=root, ctladdr=root (0/0), delay<*> xdelay=00:00:00, mailer=relay, pri<*> relay=[<*>] [<*>], dsn=4.0.0, stat=Deferred: Connection refused by [<*>]",0.3004,50.77,171
220,data_thread() got not answer from any [Thunderbird_B4] datasource,exact,data_thread() got not answer from any <*> datasource,0.9918,asking for cache data failed,0.309,"jA<*> to=root, ctladdr=root (0/0), delay<*> xdelay=00:00:00, mailer=relay, pri<*> relay=[<*>] [<*>], dsn=4.0.0, stat=Deferred: Connection refused by [<*>]",0.3017,50.8,171
221,data_thread() got not answer from any [Thunderbird_A4] datasource,exact,data_thread() got not answer from any <*> datasource,0.9913,"jA<*> to=root, ctladdr=root (0/0), delay<*> xdelay=00:00:00, mailer=relay, pri<*> relay=[<*>] [<*>], dsn=4.0.0, stat=Deferred: Connection refused by [<*>]",0.2988,asking for cache data failed,0.2979,51.61,171
222,data_thread() got not answer from any [Thunderbird_A7] datasource,partial,data_thread() got not answer from any <*> datasource,0.9881,asking for cache data failed,0.2967,"jA<*> to=root, ctladdr=root (0/0), delay<*> xdelay=00:00:00, mailer=relay, pri<*> relay=[<*>] [<*>], dsn=4.0.0, stat=Deferred: Connection refused by [<*>]",0.2878,51.71,171
223,data_thread() got not answer from any [Thunderbird_B7] datasource,partial,data_thread() got not answer from any <*> datasource,0.9893,asking for cache data failed,0.3055,"jA<*> to=root, ctladdr=root (0/0), delay<*> xdelay=00:00:00, mailer=relay, pri<*> relay=[<*>] [<*>], dsn=4.0.0, stat=Deferred: Connection refused by [<*>]",0.2916,51.34,171
224,data_thread() got not answer from any [Thunderbird_A5] datasource,exact,data_thread() got not answer from any <*> datasource,0.99,asking for cache data failed,0.299,"jA<*> to=root, ctladdr=root (0/0), delay<*> xdelay=00:00:00, mailer=relay, pri<*> relay=[<*>] [<*>], dsn=4.0.0, stat=Deferred: Connection refused by [<*>]",0.282,51.36,171
225,data_thread() got not answer from any [Thunderbird_C6] datasource,exact,data_thread() got not answer from any <*> datasource,0.9902,asking for cache data failed,0.297,"jA<*> to=root, ctladdr=root (0/0), delay<*> xdelay=00:00:00, mailer=relay, pri<*> relay=[<*>] [<*>], dsn=4.0.0, stat=Deferred: Connection refused by [<*>]",0.2868,51.09,171
226,data_thread() got not answer from any [Thunderbird_B8] datasource,partial,data_thread() got not answer from any <*> datasource,0.9889,asking for cache data failed,0.3075,"jA<*> to=root, ctladdr=root (0/0), delay<*> xdelay=00:00:00, mailer=relay, pri<*> relay=[<*>] [<*>], dsn=4.0.0, stat=Deferred: Connection refused by [<*>]",0.3061,50.65,171
227,data_thread() got not answer from any [Thunderbird_C2] datasource,partial,data_thread() got not answer from any <*> datasource,0.9798,asking for cache data failed,0.2943,connection lost: 'Connection closed.',0.2809,51.32,171
228,"synchronized to <*>, stratum 3",exact,"synchronized to <*>, stratum 3",1.0,"synchronized to #3#, stratum 1",0.8614,"synchronized to LOCAL(0), stratum 10",0.7396,50.93,171
229,"synchronized to <*>, stratum 3",exact,"synchronized to <*>, stratum 3",1.0,"synchronized to #3#, stratum 1",0.8614,"synchronized to LOCAL(0), stratum 10",0.7396,63.9,171
230,data_thread() got not answer from any [Thunderbird_D4] datasource,partial,data_thread() got not answer from any <*> datasource,0.9833,asking for cache data failed,0.3035,"jA<*> to=root, ctladdr=root (0/0), delay<*> xdelay=00:00:00, mailer=relay, pri<*> relay=[<*>] [<*>], dsn=4.0.0, stat=Deferred: Connection refused by [<*>]",0.3024,77.02,171
231,[ib_sm_sweep.c:1831]: ********************** NEW SWEEP ********************,exact,[ib_sm_sweep.c:1831]: ********************** NEW SWEEP ********************,1.0,[ib_sm_sweep.c:1482]: No configuration change required,0.6595,[ib_sm_sweep.c:1455]: No topology change,0.5394,72.45,171
232,"synchronized to <*>, stratum 3",exact,"synchronized to <*>, stratum 3",1.0,"synchronized to #3#, stratum 1",0.8614,"synchronized to LOCAL(0), stratum 10",0.7396,79.75,171
233,"synchronized to <*>, stratum 3",exact,"synchronized to <*>, stratum 3",1.0,"synchronized to #3#, stratum 1",0.8614,"synchronized to LOCAL(0), stratum 10",0.7396,65.75,171
234,"synchronized to <*>, stratum 3",exact,"synchronized to <*>, stratum 3",1.0,"synchronized to #3#, stratum 1",0.8614,"synchronized to LOCAL(0), stratum 10",0.7396,50.82,171
235,data_thread() got not answer from any [Thunderbird_B3] datasource,partial,data_thread() got not answer from any <*> datasource,0.9892,asking for cache data failed,0.3078,"jA<*> to=root, ctladdr=root (0/0), delay<*> xdelay=00:00:00, mailer=relay, pri<*> relay=[<*>] [<*>], dsn=4.0.0, stat=Deferred: Connection refused by [<*>]",0.2943,50.93,171
236,data_thread() got not answer from any [Thunderbird_D7] datasource,exact,data_thread() got not answer from any <*> datasource,0.9908,asking for cache data failed,0.3009,"jA<*> to=root, ctladdr=root (0/0), delay<*> xdelay=00:00:00, mailer=relay, pri<*> relay=[<*>] [<*>], dsn=4.0.0, stat=Deferred: Connection refused by [<*>]",0.2901,51.4,171
237,data_thread() got not answer from any [Thunderbird_A2] datasource,partial,data_thread() got not answer from any <*> datasource,0.9805,"jA<*> to=root, ctladdr=root (0/0), delay<*> xdelay=00:00:00, mailer=relay, pri<*> relay=[<*>] [<*>], dsn=4.0.0, stat=Deferred: Connection refused by [<*>]",0.2889,asking for cache data failed,0.2878,51.47,171
238,data_thread() got not answer from any [Thunderbird_C5] datasource,partial,data_thread() got not answer from any <*> datasource,0.9892,asking for cache data failed,0.3035,"jA<*> to=root, ctladdr=root (0/0), delay<*> xdelay=00:00:00, mailer=relay, pri<*> relay=[<*>] [<*>], dsn=4.0.0, stat=Deferred: Connection refused by [<*>]",0.2796,51.44,171
239,data_thread() got not answer from any [Thunderbird_D5] datasource,partial,data_thread() got not answer from any <*> datasource,0.9876,asking for cache data failed,0.3065,"jA<*> to=root, ctladdr=root (0/0), delay<*> xdelay=00:00:00, mailer=relay, pri<*> relay=[<*>] [<*>], dsn=4.0.0, stat=Deferred: Connection refused by [<*>]",0.2811,51.08,171
240,[ib_sm_sweep.c:1455]: No topology change,exact,[ib_sm_sweep.c:1455]: No topology change,1.0,[ib_sm_sweep.c:1482]: No configuration change required,0.7019,[ib_sm_sweep.c:1831]: ********************** NEW SWEEP ********************,0.5394,50.39,171
241,[ib_sm_sweep.c:1482]: No configuration change required,exact,[ib_sm_sweep.c:1482]: No configuration change required,1.0,[ib_sm_sweep.c:1455]: No topology change,0.7019,[ib_sm_sweep.c:1831]: ********************** NEW SWEEP ********************,0.6595,50.56,171
242,"synchronized to <*>, stratum 3",exact,"synchronized to <*>, stratum 3",1.0,"synchronized to #3#, stratum 1",0.8614,"synchronized to LOCAL(0), stratum 10",0.7396,50.16,171
243,data_thread() got not answer from any [Thunderbird_A8] datasource,partial,data_thread() got not answer from any <*> datasource,0.9879,"jA<*> to=root, ctladdr=root (0/0), delay<*> xdelay=00:00:00, mailer=relay, pri<*> relay=[<*>] [<*>], dsn=4.0.0, stat=Deferred: Connection refused by [<*>]",0.3033,asking for cache data failed,0.2966,51.05,171
244,data_thread() got not answer from any [Thunderbird_A1] datasource,partial,data_thread() got not answer from any <*> datasource,0.9731,"jA<*> to=root, ctladdr=root (0/0), delay<*> xdelay=00:00:00, mailer=relay, pri<*> relay=[<*>] [<*>], dsn=4.0.0, stat=Deferred: Connection refused by [<*>]",0.283,asking for cache data failed,0.2757,50.94,171
245,data_thread() got not answer from any [Thunderbird_B1] datasource,partial,data_thread() got not answer from any <*> datasource,0.9851,"jA<*> to=root, ctladdr=root (0/0), delay<*> xdelay=00:00:00, mailer=relay, pri<*> relay=[<*>] [<*>], dsn=4.0.0, stat=Deferred: Connection refused by [<*>]",0.2987,asking for cache data failed,0.2968,50.57,171
246,"synchronized to <*>, stratum 3",exact,"synchronized to <*>, stratum 3",1.0,"synchronized to #3#, stratum 1",0.8614,"synchronized to LOCAL(0), stratum 10",0.7396,50.61,171
247,"synchronized to <*>, stratum 3",exact,"synchronized to <*>, stratum 3",1.0,"synchronized to #3#, stratum 1",0.8614,"synchronized to LOCAL(0), stratum 10",0.7396,50.35,171
248,"synchronized to <*>, stratum 3",exact,"synchronized to <*>, stratum 3",1.0,"synchronized to #3#, stratum 1",0.8614,"synchronized to LOCAL(0), stratum 10",0.7396,50.19,171
249,data_thread() got not answer from any [Thunderbird_A3] datasource,partial,data_thread() got not answer from any <*> datasource,0.9864,asking for cache data failed,0.2981,"jA<*> to=root, ctladdr=root (0/0), delay<*> xdelay=00:00:00, mailer=relay, pri<*> relay=[<*>] [<*>], dsn=4.0.0, stat=Deferred: Connection refused by [<*>]",0.2863,51.21,171
250,data_thread() got not answer from any [Thunderbird_B6] datasource,exact,data_thread() got not answer from any <*> datasource,0.992,asking for cache data failed,0.3049,"jA<*> to=root, ctladdr=root (0/0), delay<*> xdelay=00:00:00, mailer=relay, pri<*> relay=[<*>] [<*>], dsn=4.0.0, stat=Deferred: Connection refused by [<*>]",0.2933,50.9,171
251,"synchronized to <*>, stratum 3",exact,"synchronized to <*>, stratum 3",1.0,"synchronized to #3#, stratum 1",0.8614,"synchronized to LOCAL(0), stratum 10",0.7396,50.38,171
252,"synchronized to <*>, stratum 3",exact,"synchronized to <*>, stratum 3",1.0,"synchronized to #3#, stratum 1",0.8614,"synchronized to LOCAL(0), stratum 10",0.7396,50.16,171
253,data_thread() got not answer from any [Thunderbird_C8] datasource,partial,data_thread() got not answer from any <*> datasource,0.9878,asking for cache data failed,0.3005,"jA<*> to=root, ctladdr=root (0/0), delay<*> xdelay=00:00:00, mailer=relay, pri<*> relay=[<*>] [<*>], dsn=4.0.0, stat=Deferred: Connection refused by [<*>]",0.3,50.75,171
254,[ib_sm_sweep.c:1831]: ********************** NEW SWEEP ********************,exact,[ib_sm_sweep.c:1831]: ********************** NEW SWEEP ********************,1.0,[ib_sm_sweep.c:1482]: No configuration change required,0.6595,[ib_sm_sweep.c:1455]: No topology change,0.5394,52.82,171
255,data_thread() got not answer from any [Thunderbird_A6] datasource,exact,data_thread() got not answer from any <*> datasource,0.9921,asking for cache data failed,0.2937,"jA<*> to=root, ctladdr=root (0/0), delay<*> xdelay=00:00:00, mailer=relay, pri<*> relay=[<*>] [<*>], dsn=4.0.0, stat=Deferred: Connection refused by [<*>]",0.2887,51.21,171
256,"synchronized to <*>, stratum 3",exact,"synchronized to <*>, stratum 3",1.0,"synchronized to #3#, stratum 1",0.8614,"synchronized to LOCAL(0), stratum 10",0.7396,50.55,171
257,"synchronized to <*>, stratum 3",exact,"synchronized to <*>, stratum 3",1.0,"synchronized to #3#, stratum 1",0.8614,"synchronized to LOCAL(0), stratum 10",0.7396,50.7,171
258,data_thread() got not answer from any [Thunderbird_C1] datasource,partial,data_thread() got not answer from any <*> datasource,0.9887,"jA<*> to=root, ctladdr=root (0/0), delay<*> xdelay=00:00:00, mailer=relay, pri<*> relay=[<*>] [<*>], dsn=4.0.0, stat=Deferred: Connection refused by [<*>]",0.2924,asking for cache data failed,0.2902,51.21,171
259,[ib_sm_sweep.c:1455]: No topology change,exact,[ib_sm_sweep.c:1455]: No topology change,1.0,[ib_sm_sweep.c:1482]: No configuration change required,0.7019,[ib_sm_sweep.c:1831]: ********************** NEW SWEEP ********************,0.5394,50.79,171
260,[ib_sm_sweep.c:1482]: No configuration change required,exact,[ib_sm_sweep.c:1482]: No configuration change required,1.0,[ib_sm_sweep.c:1455]: No topology change,0.7019,[ib_sm_sweep.c:1831]: ********************** NEW SWEEP ********************,0.6595,50.45,171
261,data_thread() got not answer from any [Thunderbird_C4] datasource,exact,data_thread() got not answer from any <*> datasource,0.991,asking for cache data failed,0.3033,"jA<*> to=root, ctladdr=root (0/0), delay<*> xdelay=00:00:00, mailer=relay, pri<*> relay=[<*>] [<*>], dsn=4.0.0, stat=Deferred: Connection refused by [<*>]",0.2989,52.24,171
262,"synchronized to <*>, stratum 3",exact,"synchronized to <*>, stratum 3",1.0,"synchronized to #3#, stratum 1",0.8614,"synchronized to LOCAL(0), stratum 10",0.7396,50.64,171
263,"synchronized to <*>, stratum 3",exact,"synchronized to <*>, stratum 3",1.0,"synchronized to #3#, stratum 1",0.8614,"synchronized to LOCAL(0), stratum 10",0.7396,50.72,171
264,data_thread() got not answer from any [Thunderbird_A4] datasource,exact,data_thread() got not answer from any <*> datasource,0.9914,"jA<*> to=root, ctladdr=root (0/0), delay<*> xdelay=00:00:00, mailer=relay, pri<*> relay=[<*>] [<*>], dsn=4.0.0, stat=Deferred: Connection refused by [<*>]",0.2988,asking for cache data failed,0.2979,50.65,171
265,data_thread() got not answer from any [Thunderbird_D8] datasource,partial,data_thread() got not answer from any <*> datasource,0.9878,asking for cache data failed,0.3057,"jA<*> to=root, ctladdr=root (0/0), delay<*> xdelay=00:00:00, mailer=relay, pri<*> relay=[<*>] [<*>], dsn=4.0.0, stat=Deferred: Connection refused by [<*>]",0.3019,50.61,171
266,data_thread() got not answer from any [Thunderbird_B4] datasource,exact,data_thread() got not answer from any <*> datasource,0.9918,asking for cache data failed,0.309,"jA<*> to=root, ctladdr=root (0/0), delay<*> xdelay=00:00:00, mailer=relay, pri<*> relay=[<*>] [<*>], dsn=4.0.0, stat=Deferred: Connection refused by [<*>]",0.3017,50.67,171
267,"synchronized to <*>, stratum 3",exact,"synchronized to <*>, stratum 3",1.0,"synchronized to #3#, stratum 1",0.8614,"synchronized to LOCAL(0), stratum 10",0.7396,50.35,171
268,data_thread() got not answer from any [Thunderbird_C2] datasource,partial,data_thread() got not answer from any <*> datasource,0.98,asking for cache data failed,0.2943,connection lost: 'Connection closed.',0.2809,50.76,171
269,"synchronized to <*>, stratum 3",exact,"synchronized to <*>, stratum 3",1.0,"synchronized to #3#, stratum 1",0.8614,"synchronized to LOCAL(0), stratum 10",0.7396,50.38,171
270,data_thread() got not answer from any [Thunderbird_B5] datasource,partial,data_thread() got not answer from any <*> datasource,0.9888,asking for cache data failed,0.3083,"jA<*> to=root, ctladdr=root (0/0), delay<*> xdelay=00:00:00, mailer=relay, pri<*> relay=[<*>] [<*>], dsn=4.0.0, stat=Deferred: Connection refused by [<*>]",0.2863,50.71,171
271,data_thread() got not answer from any [Thunderbird_D6] datasource,partial,data_thread() got not answer from any <*> datasource,0.9879,asking for cache data failed,0.298,"jA<*> to=root, ctladdr=root (0/0), delay<*> xdelay=00:00:00, mailer=relay, pri<*> relay=[<*>] [<*>], dsn=4.0.0, stat=Deferred: Connection refused by [<*>]",0.2862,50.67,171
272,data_thread() got not answer from any [Thunderbird_A7] datasource,partial,data_thread() got not answer from any <*> datasource,0.9882,asking for cache data failed,0.2967,"jA<*> to=root, ctladdr=root (0/0), delay<*> xdelay=00:00:00, mailer=relay, pri<*> relay=[<*>] [<*>], dsn=4.0.0, stat=Deferred: Connection refused by [<*>]",0.2878,51.03,171
273,data_thread() got not answer from any [Thunderbird_B8] datasource,partial,data_thread() got not answer from any <*> datasource,0.9888,asking for cache data failed,0.3075,"jA<*> to=root, ctladdr=root (0/0), delay<*> xdelay=00:00:00, mailer=relay, pri<*> relay=[<*>] [<*>], dsn=4.0.0, stat=Deferred: Connection refused by [<*>]",0.3061,51.06,171
274,data_thread() got not answer from any [Thunderbird_C6] datasource,exact,data_thread() got not answer from any <*> datasource,0.9903,asking for cache data failed,0.297,"jA<*> to=root, ctladdr=root (0/0), delay<*> xdelay=00:00:00, mailer=relay, pri<*> relay=[<*>] [<*>], dsn=4.0.0, stat=Deferred: Connection refused by [<*>]",0.2868,50.73,171
275,data_thread() got not answer from any [Thunderbird_D4] datasource,partial,data_thread() got not answer from any <*> datasource,0.9835,asking for cache data failed,0.3035,"jA<*> to=root, ctladdr=root (0/0), delay<*> xdelay=00:00:00, mailer=relay, pri<*> relay=[<*>] [<*>], dsn=4.0.0, stat=Deferred: Connection refused by [<*>]",0.3024,50.39,171
276,[ib_sm_sweep.c:1831]: ********************** NEW SWEEP ********************,exact,[ib_sm_sweep.c:1831]: ********************** NEW SWEEP ********************,1.0,[ib_sm_sweep.c:1482]: No configuration change required,0.6595,[ib_sm_sweep.c:1455]: No topology change,0.5394,52.47,171
277,data_thread() got not answer from any [Thunderbird_B2] datasource,partial,data_thread() got not answer from any <*> datasource,0.9896,asking for cache data failed,0.3018,"jA<*> to=root, ctladdr=root (0/0), delay<*> xdelay=00:00:00, mailer=relay, pri<*> relay=[<*>] [<*>], dsn=4.0.0, stat=Deferred: Connection refused by [<*>]",0.3004,51.05,171
278,"synchronized to <*>, stratum 3",exact,"synchronized to <*>, stratum 3",1.0,"synchronized to #3#, stratum 1",0.8614,"synchronized to LOCAL(0), stratum 10",0.7396,51.03,171
279,data_thread() got not answer from any [Thunderbird_B7] datasource,partial,data_thread() got not answer from any <*> datasource,0.9893,asking for cache data failed,0.3055,"jA<*> to=root, ctladdr=root (0/0), delay<*> xdelay=00:00:00, mailer=relay, pri<*> relay=[<*>] [<*>], dsn=4.0.0, stat=Deferred: Connection refused by [<*>]",0.2916,50.88,171
280,data_thread() got not answer from any [Thunderbird_D5] datasource,partial,data_thread() got not answer from any <*> datasource,0.9875,asking for cache data failed,0.3065,"jA<*> to=root, ctladdr=root (0/0), delay<*> xdelay=00:00:00, mailer=relay, pri<*> relay=[<*>] [<*>], dsn=4.0.0, stat=Deferred: Connection refused by [<*>]",0.2811,50.64,171
281,data_thread() got not answer from any [Thunderbird_A5] datasource,partial,data_thread() got not answer from any <*> datasource,0.99,asking for cache data failed,0.299,"jA<*> to=root, ctladdr=root (0/0), delay<*> xdelay=00:00:00, mailer=relay, pri<*> relay=[<*>] [<*>], dsn=4.0.0, stat=Deferred: Connection refused by [<*>]",0.282,50.8,171
282,"synchronized to <*>, stratum 3",exact,"synchronized to <*>, stratum 3",1.0,"synchronized to #3#, stratum 1",0.8614,"synchronized to LOCAL(0), stratum 10",0.7396,50.53,171
283,data_thread() got not answer from any [Thunderbird_A2] datasource,partial,data_thread() got not answer from any <*> datasource,0.9806,"jA<*> to=root, ctladdr=root (0/0), delay<*> xdelay=00:00:00, mailer=relay, pri<*> relay=[<*>] [<*>], dsn=4.0.0, stat=Deferred: Connection refused by [<*>]",0.2889,asking for cache data failed,0.2878,50.92,171
284,[ib_sm_sweep.c:1455]: No topology change,exact,[ib_sm_sweep.c:1455]: No topology change,1.0,[ib_sm_sweep.c:1482]: No configuration change required,0.7019,[ib_sm_sweep.c:1831]: ********************** NEW SWEEP ********************,0.5394,51.17,171
285,[ib_sm_sweep.c:1482]: No configuration change required,exact,[ib_sm_sweep.c:1482]: No configuration change required,1.0,[ib_sm_sweep.c:1455]: No topology change,0.7019,[ib_sm_sweep.c:1831]: ********************** NEW SWEEP ********************,0.6595,50.61,171
286,"synchronized to <*>, stratum 3",exact,"synchronized to <*>, stratum 3",1.0,"synchronized to #3#, stratum 1",0.8614,"synchronized to LOCAL(0), stratum 10",0.7396,50.51,171
287,data_thread() got not answer from any [Thunderbird_B3] datasource,partial,data_thread() got not answer from any <*> datasource,0.9892,asking for cache data failed,0.3078,"jA<*> to=root, ctladdr=root (0/0), delay<*> xdelay=00:00:00, mailer=relay, pri<*> relay=[<*>] [<*>], dsn=4.0.0, stat=Deferred: Connection refused by [<*>]",0.2943,51.04,171
288,data_thread() got not answer from any [Thunderbird_C5] datasource,partial,data_thread() got not answer from any <*> datasource,0.9893,asking for cache data failed,0.3035,"jA<*> to=root, ctladdr=root (0/0), delay<*> xdelay=00:00:00, mailer=relay, pri<*> relay=[<*>] [<*>], dsn=4.0.0, stat=Deferred: Connection refused by [<*>]",0.2796,50.87,171
289,data_thread() got not answer from any [Thunderbird_A3] datasource,partial,data_thread() got not answer from any <*> datasource,0.9863,asking for cache data failed,0.2981,"jA<*> to=root, ctladdr=root (0/0), delay<*> xdelay=00:00:00, mailer=relay, pri<*> relay=[<*>] [<*>], dsn=4.0.0, stat=Deferred: Connection refused by [<*>]",0.2863,50.64,171
290,data_thread() got not answer from any [Thunderbird_D7] datasource,exact,data_thread() got not answer from any <*> datasource,0.9908,asking for cache data failed,0.3009,"jA<*> to=root, ctladdr=root (0/0), delay<*> xdelay=00:00:00, mailer=relay, pri<*> relay=[<*>] [<*>], dsn=4.0.0, stat=Deferred: Connection refused by [<*>]",0.2901,50.61,171
291,"synchronized to <*>, stratum 3",exact,"synchronized to <*>, stratum 3",1.0,"synchronized to #3#, stratum 1",0.8614,"synchronized to LOCAL(0), stratum 10",0.7396,50.34,171
292,data_thread() got not answer from any [Thunderbird_A1] datasource,partial,data_thread() got not answer from any <*> datasource,0.9732,"jA<*> to=root, ctladdr=root (0/0), delay<*> xdelay=00:00:00, mailer=relay, pri<*> relay=[<*>] [<*>], dsn=4.0.0, stat=Deferred: Connection refused by [<*>]",0.283,asking for cache data failed,0.2757,50.73,171
293,"synchronized to <*>, stratum 3",exact,"synchronized to <*>, stratum 3",1.0,"synchronized to #3#, stratum 1",0.8614,"synchronized to LOCAL(0), stratum 10",0.7396,50.67,171
294,data_thread() got not answer from any [Thunderbird_A8] datasource,partial,data_thread() got not answer from any <*> datasource,0.9879,"jA<*> to=root, ctladdr=root (0/0), delay<*> xdelay=00:00:00, mailer=relay, pri<*> relay=[<*>] [<*>], dsn=4.0.0, stat=Deferred: Connection refused by [<*>]",0.3033,asking for cache data failed,0.2966,50.85,171
295,data_thread() got not answer from any [Thunderbird_B1] datasource,partial,data_thread() got not answer from any <*> datasource,0.9851,"jA<*> to=root, ctladdr=root (0/0), delay<*> xdelay=00:00:00, mailer=relay, pri<*> relay=[<*>] [<*>], dsn=4.0.0, stat=Deferred: Connection refused by [<*>]",0.2987,asking for cache data failed,0.2968,50.85,171
296,"synchronized to <*>, stratum 3",exact,"synchronized to <*>, stratum 3",1.0,"synchronized to #3#, stratum 1",0.8614,"synchronized to LOCAL(0), stratum 10",0.7396,50.72,171
297,[ib_sm_sweep.c:1831]: ********************** NEW SWEEP ********************,exact,[ib_sm_sweep.c:1831]: ********************** NEW SWEEP ********************,1.0,[ib_sm_sweep.c:1482]: No configuration change required,0.6595,[ib_sm_sweep.c:1455]: No topology change,0.5394,53.31,171
298,"synchronized to <*>, stratum 3",exact,"synchronized to <*>, stratum 3",1.0,"synchronized to #3#, stratum 1",0.8614,"synchronized to LOCAL(0), stratum 10",0.7396,51.48,171
299,"synchronized to <*>, stratum 3",exact,"synchronized to <*>, stratum 3",1.0,"synchronized to #3#, stratum 1",0.8614,"synchronized to LOCAL(0), stratum 10",0.7396,50.96,171
300,"synchronized to <*>, stratum 3",exact,"synchronized to <*>, stratum 3",1.0,"synchronized to #3#, stratum 1",0.8614,"synchronized to LOCAL(0), stratum 10",0.7396,51.02,171
301,data_thread() got not answer from any [Thunderbird_B6] datasource,exact,data_thread() got not answer from any <*> datasource,0.9921,asking for cache data failed,0.3049,"jA<*> to=root, ctladdr=root (0/0), delay<*> xdelay=00:00:00, mailer=relay, pri<*> relay=[<*>] [<*>], dsn=4.0.0, stat=Deferred: Connection refused by [<*>]",0.2933,51.27,171
302,"synchronized to <*>, stratum 3",exact,"synchronized to <*>, stratum 3",1.0,"synchronized to #3#, stratum 1",0.8614,"synchronized to LOCAL(0), stratum 10",0.7396,52.25,171
303,data_thread() got not answer from any [Thunderbird_C8] datasource,partial,data_thread() got not answer from any <*> datasource,0.9878,asking for cache data failed,0.3005,"jA<*> to=root, ctladdr=root (0/0), delay<*> xdelay=00:00:00, mailer=relay, pri<*> relay=[<*>] [<*>], dsn=4.0.0, stat=Deferred: Connection refused by [<*>]",0.3,51.21,171
304,"synchronized to <*>, stratum 3",exact,"synchronized to <*>, stratum 3",1.0,"synchronized to #3#, stratum 1",0.8614,"synchronized to LOCAL(0), stratum 10",0.7396,69.02,171
305,[ib_sm_sweep.c:1455]: No topology change,exact,[ib_sm_sweep.c:1455]: No topology change,1.0,[ib_sm_sweep.c:1482]: No configuration change required,0.7019,[ib_sm_sweep.c:1831]: ********************** NEW SWEEP ********************,0.5394,69.54,171
306,[ib_sm_sweep.c:1482]: No configuration change required,exact,[ib_sm_sweep.c:1482]: No configuration change required,1.0,[ib_sm_sweep.c:1455]: No topology change,0.7019,[ib_sm_sweep.c:1831]: ********************** NEW SWEEP ********************,0.6595,72.46,171
307,"synchronized to <*>, stratum 3",exact,"synchronized to <*>, stratum 3",1.0,"synchronized to #3#, stratum 1",0.8614,"synchronized to LOCAL(0), stratum 10",0.7396,53.32,171
308,data_thread() got not answer from any [Thunderbird_A6] datasource,exact,data_thread() got not answer from any <*> datasource,0.9921,asking for cache data failed,0.2937,"jA<*> to=root, ctladdr=root (0/0), delay<*> xdelay=00:00:00, mailer=relay, pri<*> relay=[<*>] [<*>], dsn=4.0.0, stat=Deferred: Connection refused by [<*>]",0.2887,78.9,171
309,"synchronized to <*>, stratum 3",exact,"synchronized to <*>, stratum 3",1.0,"synchronized to #3#, stratum 1",0.8614,"synchronized to LOCAL(0), stratum 10",0.7396,62.64,171
310,"synchronized to <*>, stratum 3",exact,"synchronized to <*>, stratum 3",1.0,"synchronized to #3#, stratum 1",0.8614,"synchronized to LOCAL(0), stratum 10",0.7396,59.41,171
311,"synchronized to <*>, stratum 3",exact,"synchronized to <*>, stratum 3",1.0,"synchronized to #3#, stratum 1",0.8614,"synchronized to LOCAL(0), stratum 10",0.7396,79.46,171
312,data_thread() got not answer from any [Thunderbird_B4] datasource,exact,data_thread() got not answer from any <*> datasource,0.9919,asking for cache data failed,0.309,"jA<*> to=root, ctladdr=root (0/0), delay<*> xdelay=00:00:00, mailer=relay, pri<*> relay=[<*>] [<*>], dsn=4.0.0, stat=Deferred: Connection refused by [<*>]",0.3017,60.5,171
313,data_thread() got not answer from any [Thunderbird_C1] datasource,partial,data_thread() got not answer from any <*> datasource,0.9886,"jA<*> to=root, ctladdr=root (0/0), delay<*> xdelay=00:00:00, mailer=relay, pri<*> relay=[<*>] [<*>], dsn=4.0.0, stat=Deferred: Connection refused by [<*>]",0.2924,asking for cache data failed,0.2902,50.63,171
314,data_thread() got not answer from any [Thunderbird_B8] datasource,partial,data_thread() got not answer from any <*> datasource,0.9889,asking for cache data failed,0.3075,"jA<*> to=root, ctladdr=root (0/0), delay<*> xdelay=00:00:00, mailer=relay, pri<*> relay=[<*>] [<*>], dsn=4.0.0, stat=Deferred: Connection refused by [<*>]",0.3061,50.35,171
315,data_thread() got not answer from any [Thunderbird_C2] datasource,partial,data_thread() got not answer from any <*> datasource,0.98,asking for cache data failed,0.2943,connection lost: 'Connection closed.',0.2809,51.13,171
316,data_thread() got not answer from any [Thunderbird_C4] datasource,exact,data_thread() got not answer from any <*> datasource,0.9911,asking for cache data failed,0.3033,"jA<*> to=root, ctladdr=root (0/0), delay<*> xdelay=00:00:00, mailer=relay, pri<*> relay=[<*>] [<*>], dsn=4.0.0, stat=Deferred: Connection refused by [<*>]",0.2989,51.11,171
317,"synchronized to <*>, stratum 3",exact,"synchronized to <*>, stratum 3",1.0,"synchronized to #3#, stratum 1",0.8614,"synchronized to LOCAL(0), stratum 10",0.7396,50.79,171
318,data_thread() got not answer from any [Thunderbird_A4] datasource,exact,data_thread() got not answer from any <*> datasource,0.9913,"jA<*> to=root, ctladdr=root (0/0), delay<*> xdelay=00:00:00, mailer=relay, pri<*> relay=[<*>] [<*>], dsn=4.0.0, stat=Deferred: Connection refused by [<*>]",0.2988,asking for cache data failed,0.2979,50.85,171
319,"synchronized to <*>, stratum 3",exact,"synchronized to <*>, stratum 3",1.0,"synchronized to #3#, stratum 1",0.8614,"synchronized to LOCAL(0), stratum 10",0.7396,50.5,171
320,data_thread() got not answer from any [Thunderbird_D8] datasource,partial,data_thread() got not answer from any <*> datasource,0.9877,asking for cache data failed,0.3057,"jA<*> to=root, ctladdr=root (0/0), delay<*> xdelay=00:00:00, mailer=relay, pri<*> relay=[<*>] [<*>], dsn=4.0.0, stat=Deferred: Connection refused by [<*>]",0.3019,55.3,171
321,"synchronized to <*>, stratum 3",exact,"synchronized to <*>, stratum 3",1.0,"synchronized to #3#, stratum 1",0.8614,"synchronized to LOCAL(0), stratum 10",0.7396,50.9,171
322,data_thread() got not answer from any [Thunderbird_B7] datasource,partial,data_thread() got not answer from any <*> datasource,0.9893,asking for cache data failed,0.3055,"jA<*> to=root, ctladdr=root (0/0), delay<*> xdelay=00:00:00, mailer=relay, pri<*> relay=[<*>] [<*>], dsn=4.0.0, stat=Deferred: Connection refused by [<*>]",0.2916,50.85,171
323,data_thread() got not answer from any [Thunderbird_D4] datasource,partial,data_thread() got not answer from any <*> datasource,0.9835,asking for cache data failed,0.3035,"jA<*> to=root, ctladdr=root (0/0), delay<*> xdelay=00:00:00, mailer=relay, pri<*> relay=[<*>] [<*>], dsn=4.0.0, stat=Deferred: Connection refused by [<*>]",0.3024,50.66,171
324,[ib_sm_sweep.c:1831]: ********************** NEW SWEEP ********************,exact,[ib_sm_sweep.c:1831]: ********************** NEW SWEEP ********************,1.0,[ib_sm_sweep.c:1482]: No configuration change required,0.6595,[ib_sm_sweep.c:1455]: No topology change,0.5394,53.09,171
325,data_thread() got not answer from any [Thunderbird_B5] datasource,partial,data_thread() got not answer from any <*> datasource,0.9889,asking for cache data failed,0.3083,"jA<*> to=root, ctladdr=root (0/0), delay<*> xdelay=00:00:00, mailer=relay, pri<*> relay=[<*>] [<*>], dsn=4.0.0, stat=Deferred: Connection refused by [<*>]",0.2863,51.37,171
326,data_thread() got not answer from any [Thunderbird_A7] datasource,partial,data_thread() got not answer from any <*> datasource,0.9883,asking for cache data failed,0.2967,"jA<*> to=root, ctladdr=root (0/0), delay<*> xdelay=00:00:00, mailer=relay, pri<*> relay=[<*>] [<*>], dsn=4.0.0, stat=Deferred: Connection refused by [<*>]",0.2878,50.98,171
327,data_thread() got not answer from any [Thunderbird_C5] datasource,partial,data_thread() got not answer from any <*> datasource,0.9892,asking for cache data failed,0.3035,"jA<*> to=root, ctladdr=root (0/0), delay<*> xdelay=00:00:00, mailer=relay, pri<*> relay=[<*>] [<*>], dsn=4.0.0, stat=Deferred: Connection refused by [<*>]",0.2796,50.97,171
328,data_thread() got not answer from any [Thunderbird_D6] datasource,partial,data_thread() got not answer from any <*> datasource,0.9879,asking for cache data failed,0.298,"jA<*> to=root, ctladdr=root (0/0), delay<*> xdelay=00:00:00, mailer=relay, pri<*> relay=[<*>] [<*>], dsn=4.0.0, stat=Deferred: Connection refused by [<*>]",0.2862,51.22,171
329,[ib_sm_sweep.c:1455]: No topology change,exact,[ib_sm_sweep.c:1455]: No topology change,1.0,[ib_sm_sweep.c:1482]: No configuration change required,0.7019,[ib_sm_sweep.c:1831]: ********************** NEW SWEEP ********************,0.5394,50.52,171
330,[ib_sm_sweep.c:1482]: No configuration change required,exact,[ib_sm_sweep.c:1482]: No configuration change required,1.0,[ib_sm_sweep.c:1455]: No topology change,0.7019,[ib_sm_sweep.c:1831]: ********************** NEW SWEEP ********************,0.6595,50.61,171
331,data_thread() got not answer from any [Thunderbird_C6] datasource,exact,data_thread() got not answer from any <*> datasource,0.9902,asking for cache data failed,0.297,"jA<*> to=root, ctladdr=root (0/0), delay<*> xdelay=00:00:00, mailer=relay, pri<*> relay=[<*>] [<*>], dsn=4.0.0, stat=Deferred: Connection refused by [<*>]",0.2868,50.78,171
332,data_thread() got not answer from any [Thunderbird_D5] datasource,partial,data_thread() got not answer from any <*> datasource,0.9876,asking for cache data failed,0.3065,"jA<*> to=root, ctladdr=root (0/0), delay<*> xdelay=00:00:00, mailer=relay, pri<*> relay=[<*>] [<*>], dsn=4.0.0, stat=Deferred: Connection refused by [<*>]",0.2811,50.76,171
333,"synchronized to <*>, stratum 3",exact,"synchronized to <*>, stratum 3",1.0,"synchronized to #3#, stratum 1",0.8614,"synchronized to LOCAL(0), stratum 10",0.7396,50.58,171
334,"synchronized to <*>, stratum 3",exact,"synchronized to <*>, stratum 3",1.0,"synchronized to #3#, stratum 1",0.8614,"synchronized to LOCAL(0), stratum 10",0.7396,50.55,171
335,data_thread() got not answer from any [Thunderbird_A3] datasource,partial,data_thread() got not answer from any <*> datasource,0.9863,asking for cache data failed,0.2981,"jA<*> to=root, ctladdr=root (0/0), delay<*> xdelay=00:00:00, mailer=relay, pri<*> relay=[<*>] [<*>], dsn=4.0.0, stat=Deferred: Connection refused by [<*>]",0.2863,51.02,171
336,data_thread() got not answer from any [Thunderbird_A5] datasource,exact,data_thread() got not answer from any <*> datasource,0.9901,asking for cache data failed,0.299,"jA<*> to=root, ctladdr=root (0/0), delay<*> xdelay=00:00:00, mailer=relay, pri<*> relay=[<*>] [<*>], dsn=4.0.0, stat=Deferred: Connection refused by [<*>]",0.282,50.69,171
337,data_thread() got not answer from any [Thunderbird_B2] datasource,partial,data_thread() got not answer from any <*> datasource,0.9896,asking for cache data failed,0.3018,"jA<*> to=root, ctladdr=root (0/0), delay<*> xdelay=00:00:00, mailer=relay, pri<*> relay=[<*>] [<*>], dsn=4.0.0, stat=Deferred: Connection refused by [<*>]",0.3004,50.66,171
338,"synchronized to <*>, stratum 3",exact,"synchronized to <*>, stratum 3",1.0,"synchronized to #3#, stratum 1",0.8614,"synchronized to LOCAL(0), stratum 10",0.7396,50.5,171
339,"synchronized to <*>, stratum 3",exact,"synchronized to <*>, stratum 3",1.0,"synchronized to #3#, stratum 1",0.8614,"synchronized to LOCAL(0), stratum 10",0.7396,50.5,171
340,data_thread() got not answer from any [Thunderbird_A1] datasource,partial,data_thread() got not answer from any <*> datasource,0.9732,"jA<*> to=root, ctladdr=root (0/0), delay<*> xdelay=00:00:00, mailer=relay, pri<*> relay=[<*>] [<*>], dsn=4.0.0, stat=Deferred: Connection refused by [<*>]",0.283,asking for cache data failed,0.2757,51.21,171
341,data_thread() got not answer from any [Thunderbird_B3] datasource,partial,data_thread() got not answer from any <*> datasource,0.9893,asking for cache data failed,0.3078,"jA<*> to=root, ctladdr=root (0/0), delay<*> xdelay=00:00:00, mailer=relay, pri<*> relay=[<*>] [<*>], dsn=4.0.0, stat=Deferred: Connection refused by [<*>]",0.2943,50.93,171
342,data_thread() got not answer from any [Thunderbird_A2] datasource,partial,data_thread() got not answer from any <*> datasource,0.9808,"jA<*> to=root, ctladdr=root (0/0), delay<*> xdelay=00:00:00, mailer=relay, pri<*> relay=[<*>] [<*>], dsn=4.0.0, stat=Deferred: Connection refused by [<*>]",0.2889,asking for cache data failed,0.2878,50.74,171
343,"synchronized to <*>, stratum 3",exact,"synchronized to <*>, stratum 3",1.0,"synchronized to #3#, stratum 1",0.8614,"synchronized to LOCAL(0), stratum 10",0.7396,50.43,171
344,data_thread() got not answer from any [Thunderbird_B1] datasource,partial,data_thread() got not answer from any <*> datasource,0.9852,"jA<*> to=root, ctladdr=root (0/0), delay<*> xdelay=00:00:00, mailer=relay, pri<*> relay=[<*>] [<*>], dsn=4.0.0, stat=Deferred: Connection refused by [<*>]",0.2987,asking for cache data failed,0.2968,50.85,171
345,"synchronized to <*>, stratum 3",exact,"synchronized to <*>, stratum 3",1.0,"synchronized to #3#, stratum 1",0.8614,"synchronized to LOCAL(0), stratum 10",0.7396,50.34,171
346,data_thread() got not answer from any [Thunderbird_C8] datasource,partial,data_thread() got not answer from any <*> datasource,0.9877,asking for cache data failed,0.3005,"jA<*> to=root, ctladdr=root (0/0), delay<*> xdelay=00:00:00, mailer=relay, pri<*> relay=[<*>] [<*>], dsn=4.0.0, stat=Deferred: Connection refused by [<*>]",0.3,50.88,171
347,[ib_sm_sweep.c:1831]: ********************** NEW SWEEP ********************,exact,[ib_sm_sweep.c:1831]: ********************** NEW SWEEP ********************,1.0,[ib_sm_sweep.c:1482]: No configuration change required,0.6595,[ib_sm_sweep.c:1455]: No topology change,0.5394,52.86,171
348,"synchronized to <*>, stratum 3",exact,"synchronized to <*>, stratum 3",1.0,"synchronized to #3#, stratum 1",0.8614,"synchronized to LOCAL(0), stratum 10",0.7396,50.84,171
349,data_thread() got not answer from any [Thunderbird_D7] datasource,exact,data_thread() got not answer from any <*> datasource,0.9907,asking for cache data failed,0.3009,"jA<*> to=root, ctladdr=root (0/0), delay<*> xdelay=00:00:00, mailer=relay, pri<*> relay=[<*>] [<*>], dsn=4.0.0, stat=Deferred: Connection refused by [<*>]",0.2901,51.08,171
350,"synchronized to <*>, stratum 3",exact,"synchronized to <*>, stratum 3",1.0,"synchronized to #3#, stratum 1",0.8614,"synchronized to LOCAL(0), stratum 10",0.7396,50.82,171
351,"synchronized to <*>, stratum 3",exact,"synchronized to <*>, stratum 3",1.0,"synchronized to #3#, stratum 1",0.8614,"synchronized to LOCAL(0), stratum 10",0.7396,50.39,171
352,"synchronized to <*>, stratum 3",exact,"synchronized to <*>, stratum 3",1.0,"synchronized to #3#, stratum 1",0.8614,"synchronized to LOCAL(0), stratum 10",0.7396,50.66,171
353,data_thread() got not answer from any [Thunderbird_A8] datasource,partial,data_thread() got not answer from any <*> datasource,0.988,"jA<*> to=root, ctladdr=root (0/0), delay<*> xdelay=00:00:00, mailer=relay, pri<*> relay=[<*>] [<*>], dsn=4.0.0, stat=Deferred: Connection refused by [<*>]",0.3033,asking for cache data failed,0.2966,50.63,171
354,"synchronized to <*>, stratum 3",exact,"synchronized to <*>, stratum 3",1.0,"synchronized to #3#, stratum 1",0.8614,"synchronized to LOCAL(0), stratum 10",0.7396,50.37,171
355,"synchronized to <*>, stratum 3",exact,"synchronized to <*>, stratum 3",1.0,"synchronized to #3#, stratum 1",0.8614,"synchronized to LOCAL(0), stratum 10",0.7396,50.96,171
356,[ib_sm_sweep.c:1455]: No topology change,exact,[ib_sm_sweep.c:1455]: No topology change,1.0,[ib_sm_sweep.c:1482]: No configuration change required,0.7019,[ib_sm_sweep.c:1831]: ********************** NEW SWEEP ********************,0.5394,51.09,171
357,[ib_sm_sweep.c:1482]: No configuration change required,exact,[ib_sm_sweep.c:1482]: No configuration change required,1.0,[ib_sm_sweep.c:1455]: No topology change,0.7019,[ib_sm_sweep.c:1831]: ********************** NEW SWEEP ********************,0.6595,50.97,171
358,"synchronized to <*>, stratum 3",exact,"synchronized to <*>, stratum 3",1.0,"synchronized to #3#, stratum 1",0.8614,"synchronized to LOCAL(0), stratum 10",0.7396,50.88,171
359,data_thread() got not answer from any [Thunderbird_B6] datasource,exact,data_thread() got not answer from any <*> datasource,0.9921,asking for cache data failed,0.3049,"jA<*> to=root, ctladdr=root (0/0), delay<*> xdelay=00:00:00, mailer=relay, pri<*> relay=[<*>] [<*>], dsn=4.0.0, stat=Deferred: Connection refused by [<*>]",0.2933,50.98,171
360,data_thread() got not answer from any [Thunderbird_A6] datasource,exact,data_thread() got not answer from any <*> datasource,0.9921,asking for cache data failed,0.2937,"jA<*> to=root, ctladdr=root (0/0), delay<*> xdelay=00:00:00, mailer=relay, pri<*> relay=[<*>] [<*>], dsn=4.0.0, stat=Deferred: Connection refused by [<*>]",0.2887,51.55,171
361,data_thread() got not answer from any [Thunderbird_C1] datasource,partial,data_thread() got not answer from any <*> datasource,0.9887,"jA<*> to=root, ctladdr=root (0/0), delay<*> xdelay=00:00:00, mailer=relay, pri<*> relay=[<*>] [<*>], dsn=4.0.0, stat=Deferred: Connection refused by [<*>]",0.2924,asking for cache data failed,0.2902,51.06,171
362,data_thread() got not answer from any [Thunderbird_C4] datasource,exact,data_thread() got not answer from any <*> datasource,0.9911,asking for cache data failed,0.3033,"jA<*> to=root, ctladdr=root (0/0), delay<*> xdelay=00:00:00, mailer=relay, pri<*> relay=[<*>] [<*>], dsn=4.0.0, stat=Deferred: Connection refused by [<*>]",0.2989,50.95,171
363,"synchronized to <*>, stratum 3",exact,"synchronized to <*>, stratum 3",1.0,"synchronized to #3#, stratum 1",0.8614,"synchronized to LOCAL(0), stratum 10",0.7396,50.56,171
364,data_thread() got not answer from any [Thunderbird_B8] datasource,partial,data_thread() got not answer from any <*> datasource,0.9888,asking for cache data failed,0.3075,"jA<*> to=root, ctladdr=root (0/0), delay<*> xdelay=00:00:00, mailer=relay, pri<*> relay=[<*>] [<*>], dsn=4.0.0, stat=Deferred: Connection refused by [<*>]",0.3061,51.13,171
365,data_thread() got not answer from any [Thunderbird_D4] datasource,partial,data_thread() got not answer from any <*> datasource,0.9834,asking for cache data failed,0.3035,"jA<*> to=root, ctladdr=root (0/0), delay<*> xdelay=00:00:00, mailer=relay, pri<*> relay=[<*>] [<*>], dsn=4.0.0, stat=Deferred: Connection refused by [<*>]",0.3024,50.92,171
366,data_thread() got not answer from any [Thunderbird_B7] datasource,partial,data_thread() got not answer from any <*> datasource,0.9893,asking for cache data failed,0.3055,"jA<*> to=root, ctladdr=root (0/0), delay<*> xdelay=00:00:00, mailer=relay, pri<*> relay=[<*>] [<*>], dsn=4.0.0, stat=Deferred: Connection refused by [<*>]",0.2916,50.64,171
367,"synchronized to <*>, stratum 3",exact,"synchronized to <*>, stratum 3",1.0,"synchronized to #3#, stratum 1",0.8614,"synchronized to LOCAL(0), stratum 10",0.7396,50.43,171
368,data_thread() got not answer from any [Thunderbird_B4] datasource,exact,data_thread() got not answer from any <*> datasource,0.992,asking for cache data failed,0.309,"jA<*> to=root, ctladdr=root (0/0), delay<*> xdelay=00:00:00, mailer=relay, pri<*> relay=[<*>] [<*>], dsn=4.0.0, stat=Deferred: Connection refused by [<*>]",0.3017,50.78,171
369,[ib_sm_sweep.c:1831]: ********************** NEW SWEEP ********************,exact,[ib_sm_sweep.c:1831]: ********************** NEW SWEEP ********************,1.0,[ib_sm_sweep.c:1482]: No configuration change required,0.6595,[ib_sm_sweep.c:1455]: No topology change,0.5394,53.15,171
370,"synchronized to <*>, stratum 3",exact,"synchronized to <*>, stratum 3",1.0,"synchronized to #3#, stratum 1",0.8614,"synchronized to LOCAL(0), stratum 10",0.7396,50.94,171
371,data_thread() got not answer from any [Thunderbird_D6] datasource,partial,data_thread() got not answer from any <*> datasource,0.988,asking for cache data failed,0.298,"jA<*> to=root, ctladdr=root (0/0), delay<*> xdelay=00:00:00, mailer=relay, pri<*> relay=[<*>] [<*>], dsn=4.0.0, stat=Deferred: Connection refused by [<*>]",0.2862,50.88,171
372,data_thread() got not answer from any [Thunderbird_C2] datasource,partial,data_thread() got not answer from any <*> datasource,0.98,asking for cache data failed,0.2943,connection lost: 'Connection closed.',0.2809,50.56,171
373,data_thread() got not answer from any [Thunderbird_C5] datasource,partial,data_thread() got not answer from any <*> datasource,0.9892,asking for cache data failed,0.3035,"jA<*> to=root, ctladdr=root (0/0), delay<*> xdelay=00:00:00, mailer=relay, pri<*> relay=[<*>] [<*>], dsn=4.0.0, stat=Deferred: Connection refused by [<*>]",0.2796,50.78,171
374,"synchronized to <*>, stratum 3",exact,"synchronized to <*>, stratum 3",1.0,"synchronized to #3#, stratum 1",0.8614,"synchronized to LOCAL(0), stratum 10",0.7396,50.71,171
375,"synchronized to <*>, stratum 3",exact,"synchronized to <*>, stratum 3",1.0,"synchronized to #3#, stratum 1",0.8614,"synchronized to LOCAL(0), stratum 10",0.7396,50.69,171
376,data_thread() got not answer from any [Thunderbird_D8] datasource,partial,data_thread() got not answer from any <*> datasource,0.9877,asking for cache data failed,0.3057,"jA<*> to=root, ctladdr=root (0/0), delay<*> xdelay=00:00:00, mailer=relay, pri<*> relay=[<*>] [<*>], dsn=4.0.0, stat=Deferred: Connection refused by [<*>]",0.3019,50.87,171
377,"synchronized to <*>, stratum 3",exact,"synchronized to <*>, stratum 3",1.0,"synchronized to #3#, stratum 1",0.8614,"synchronized to LOCAL(0), stratum 10",0.7396,50.69,171
378,data_thread() got not answer from any [Thunderbird_A4] datasource,exact,data_thread() got not answer from any <*> datasource,0.9914,"jA<*> to=root, ctladdr=root (0/0), delay<*> xdelay=00:00:00, mailer=relay, pri<*> relay=[<*>] [<*>], dsn=4.0.0, stat=Deferred: Connection refused by [<*>]",0.2988,asking for cache data failed,0.2979,50.97,171
379,data_thread() got not answer from any [Thunderbird_C6] datasource,exact,data_thread() got not answer from any <*> datasource,0.9903,asking for cache data failed,0.297,"jA<*> to=root, ctladdr=root (0/0), delay<*> xdelay=00:00:00, mailer=relay, pri<*> relay=[<*>] [<*>], dsn=4.0.0, stat=Deferred: Connection refused by [<*>]",0.2868,50.83,171
380,[ib_sm_sweep.c:1455]: No topology change,exact,[ib_sm_sweep.c:1455]: No topology change,1.0,[ib_sm_sweep.c:1482]: No configuration change required,0.7019,[ib_sm_sweep.c:1831]: ********************** NEW SWEEP ********************,0.5394,50.74,171
381,[ib_sm_sweep.c:1482]: No configuration change required,exact,[ib_sm_sweep.c:1482]: No configuration change required,1.0,[ib_sm_sweep.c:1455]: No topology change,0.7019,[ib_sm_sweep.c:1831]: ********************** NEW SWEEP ********************,0.6595,50.68,171
382,"synchronized to <*>, stratum 3",exact,"synchronized to <*>, stratum 3",1.0,"synchronized to #3#, stratum 1",0.8614,"synchronized to LOCAL(0), stratum 10",0.7396,50.56,171
383,"synchronized to <*>, stratum 3",exact,"synchronized to <*>, stratum 3",1.0,"synchronized to #3#, stratum 1",0.8614,"synchronized to LOCAL(0), stratum 10",0.7396,50.32,171
384,"synchronized to <*>, stratum 3",exact,"synchronized to <*>, stratum 3",1.0,"synchronized to #3#, stratum 1",0.8614,"synchronized to LOCAL(0), stratum 10",0.7396,50.25,171
385,data_thread() got not answer from any [Thunderbird_B5] datasource,partial,data_thread() got not answer from any <*> datasource,0.9889,asking for cache data failed,0.3083,"jA<*> to=root, ctladdr=root (0/0), delay<*> xdelay=00:00:00, mailer=relay, pri<*> relay=[<*>] [<*>], dsn=4.0.0, stat=Deferred: Connection refused by [<*>]",0.2863,50.86,171
386,"synchronized to <*>, stratum 3",exact,"synchronized to <*>, stratum 3",1.0,"synchronized to #3#, stratum 1",0.8614,"synchronized to LOCAL(0), stratum 10",0.7396,50.58,171
387,"synchronized to <*>, stratum 3",exact,"synchronized to <*>, stratum 3",1.0,"synchronized to #3#, stratum 1",0.8614,"synchronized to LOCAL(0), stratum 10",0.7396,50.73,171
388,"synchronized to <*>, stratum 3",exact,"synchronized to <*>, stratum 3",1.0,"synchronized to #3#, stratum 1",0.8614,"synchronized to LOCAL(0), stratum 10",0.7396,50.69,171
389,"synchronized to <*>, stratum 3",exact,"synchronized to <*>, stratum 3",1.0,"synchronized to #3#, stratum 1",0.8614,"synchronized to LOCAL(0), stratum 10",0.7396,51.07,171
390,"synchronized to <*>, stratum 3",exact,"synchronized to <*>, stratum 3",1.0,"synchronized to #3#, stratum 1",0.8614,"synchronized to LOCAL(0), stratum 10",0.7396,50.46,171
391,data_thread() got not answer from any [Thunderbird_A7] datasource,partial,data_thread() got not answer from any <*> datasource,0.9883,asking for cache data failed,0.2967,"jA<*> to=root, ctladdr=root (0/0), delay<*> xdelay=00:00:00, mailer=relay, pri<*> relay=[<*>] [<*>], dsn=4.0.0, stat=Deferred: Connection refused by [<*>]",0.2878,50.95,171
392,"synchronized to <*>, stratum 3",exact,"synchronized to <*>, stratum 3",1.0,"synchronized to #3#, stratum 1",0.8614,"synchronized to LOCAL(0), stratum 10",0.7396,50.74,171
393,data_thread() got not answer from any [Thunderbird_A5] datasource,exact,data_thread() got not answer from any <*> datasource,0.99,asking for cache data failed,0.299,"jA<*> to=root, ctladdr=root (0/0), delay<*> xdelay=00:00:00, mailer=relay, pri<*> relay=[<*>] [<*>], dsn=4.0.0, stat=Deferred: Connection refused by [<*>]",0.282,51.03,171
394,data_thread() got not answer from any [Thunderbird_B1] datasource,partial,data_thread() got not answer from any <*> datasource,0.9852,"jA<*> to=root, ctladdr=root (0/0), delay<*> xdelay=00:00:00, mailer=relay, pri<*> relay=[<*>] [<*>], dsn=4.0.0, stat=Deferred: Connection refused by [<*>]",0.2987,asking for cache data failed,0.2968,51.64,171
395,"synchronized to <*>, stratum 3",exact,"synchronized to <*>, stratum 3",1.0,"synchronized to #3#, stratum 1",0.8614,"synchronized to LOCAL(0), stratum 10",0.7396,50.61,171
396,"synchronized to <*>, stratum 3",exact,"synchronized to <*>, stratum 3",1.0,"synchronized to #3#, stratum 1",0.8614,"synchronized to LOCAL(0), stratum 10",0.7396,50.44,171
397,data_thread() got not answer from any [Thunderbird_D5] datasource,partial,data_thread() got not answer from any <*> datasource,0.9876,asking for cache data failed,0.3065,"jA<*> to=root, ctladdr=root (0/0), delay<*> xdelay=00:00:00, mailer=relay, pri<*> relay=[<*>] [<*>], dsn=4.0.0, stat=Deferred: Connection refused by [<*>]",0.2811,50.95,171
398,data_thread() got not answer from any [Thunderbird_D7] datasource,exact,data_thread() got not answer from any <*> datasource,0.9909,asking for cache data failed,0.3009,"jA<*> to=root, ctladdr=root (0/0), delay<*> xdelay=00:00:00, mailer=relay, pri<*> relay=[<*>] [<*>], dsn=4.0.0, stat=Deferred: Connection refused by [<*>]",0.2901,50.9,171
399,"synchronized to <*>, stratum 3",exact,"synchronized to <*>, stratum 3",1.0,"synchronized to #3#, stratum 1",0.8614,"synchronized to LOCAL(0), stratum 10",0.7396,50.85,171
400,data_thread() got not answer from any [Thunderbird_A3] datasource,partial,data_thread() got not answer from any <*> datasource,0.9863,asking for cache data failed,0.2981,"jA<*> to=root, ctladdr=root (0/0), delay<*> xdelay=00:00:00, mailer=relay, pri<*> relay=[<*>] [<*>], dsn=4.0.0, stat=Deferred: Connection refused by [<*>]",0.2863,50.82,171
401,data_thread() got not answer from any [Thunderbird_B2] datasource,partial,data_thread() got not answer from any <*> datasource,0.9897,asking for cache data failed,0.3018,"jA<*> to=root, ctladdr=root (0/0), delay<*> xdelay=00:00:00, mailer=relay, pri<*> relay=[<*>] [<*>], dsn=4.0.0, stat=Deferred: Connection refused by [<*>]",0.3004,51.04,171
402,"synchronized to <*>, stratum 3",exact,"synchronized to <*>, stratum 3",1.0,"synchronized to #3#, stratum 1",0.8614,"synchronized to LOCAL(0), stratum 10",0.7396,52.27,171
403,"synchronized to <*>, stratum 3",exact,"synchronized to <*>, stratum 3",1.0,"synchronized to #3#, stratum 1",0.8614,"synchronized to LOCAL(0), stratum 10",0.7396,50.69,171
404,data_thread() got not answer from any [Thunderbird_A1] datasource,partial,data_thread() got not answer from any <*> datasource,0.9732,"jA<*> to=root, ctladdr=root (0/0), delay<*> xdelay=00:00:00, mailer=relay, pri<*> relay=[<*>] [<*>], dsn=4.0.0, stat=Deferred: Connection refused by [<*>]",0.283,asking for cache data failed,0.2757,50.76,171
405,data_thread() got not answer from any [Thunderbird_A8] datasource,partial,data_thread() got not answer from any <*> datasource,0.9879,"jA<*> to=root, ctladdr=root (0/0), delay<*> xdelay=00:00:00, mailer=relay, pri<*> relay=[<*>] [<*>], dsn=4.0.0, stat=Deferred: Connection refused by [<*>]",0.3033,asking for cache data failed,0.2966,50.71,171
406,data_thread() got not answer from any [Thunderbird_B3] datasource,partial,data_thread() got not answer from any <*> datasource,0.9893,asking for cache data failed,0.3078,"jA<*> to=root, ctladdr=root (0/0), delay<*> xdelay=00:00:00, mailer=relay, pri<*> relay=[<*>] [<*>], dsn=4.0.0, stat=Deferred: Connection refused by [<*>]",0.2943,50.72,171
407,data_thread() got not answer from any [Thunderbird_C8] datasource,partial,data_thread() got not answer from any <*> datasource,0.9878,asking for cache data failed,0.3005,"jA<*> to=root, ctladdr=root (0/0), delay<*> xdelay=00:00:00, mailer=relay, pri<*> relay=[<*>] [<*>], dsn=4.0.0, stat=Deferred: Connection refused by [<*>]",0.3,50.37,171
408,[ib_sm_sweep.c:1831]: ********************** NEW SWEEP ********************,exact,[ib_sm_sweep.c:1831]: ********************** NEW SWEEP ********************,1.0,[ib_sm_sweep.c:1482]: No configuration change required,0.6595,[ib_sm_sweep.c:1455]: No topology change,0.5394,52.51,171
409,"synchronized to <*>, stratum 3",exact,"synchronized to <*>, stratum 3",1.0,"synchronized to #3#, stratum 1",0.8614,"synchronized to LOCAL(0), stratum 10",0.7396,50.81,171
410,"synchronized to <*>, stratum 3",exact,"synchronized to <*>, stratum 3",1.0,"synchronized to #3#, stratum 1",0.8614,"synchronized to LOCAL(0), stratum 10",0.7396,50.55,171
411,"synchronized to <*>, stratum 3",exact,"synchronized to <*>, stratum 3",1.0,"synchronized to #3#, stratum 1",0.8614,"synchronized to LOCAL(0), stratum 10",0.7396,51.08,171
412,"synchronized to <*>, stratum 3",exact,"synchronized to <*>, stratum 3",1.0,"synchronized to #3#, stratum 1",0.8614,"synchronized to LOCAL(0), stratum 10",0.7396,50.55,171
413,data_thread() got not answer from any [Thunderbird_A2] datasource,partial,data_thread() got not answer from any <*> datasource,0.9807,"jA<*> to=root, ctladdr=root (0/0), delay<*> xdelay=00:00:00, mailer=relay, pri<*> relay=[<*>] [<*>], dsn=4.0.0, stat=Deferred: Connection refused by [<*>]",0.2889,asking for cache data failed,0.2878,50.87,171
414,data_thread() got not answer from any [Thunderbird_B6] datasource,exact,data_thread() got not answer from any <*> datasource,0.9921,asking for cache data failed,0.3049,"jA<*> to=root, ctladdr=root (0/0), delay<*> xdelay=00:00:00, mailer=relay, pri<*> relay=[<*>] [<*>], dsn=4.0.0, stat=Deferred: Connection refused by [<*>]",0.2933,51.52,171
415,[ib_sm_sweep.c:1455]: No topology change,exact,[ib_sm_sweep.c:1455]: No topology change,1.0,[ib_sm_sweep.c:1482]: No configuration change required,0.7019,[ib_sm_sweep.c:1831]: ********************** NEW SWEEP ********************,0.5394,50.75,171
416,[ib_sm_sweep.c:1482]: No configuration change required,exact,[ib_sm_sweep.c:1482]: No configuration change required,1.0,[ib_sm_sweep.c:1455]: No topology change,0.7019,[ib_sm_sweep.c:1831]: ********************** NEW SWEEP ********************,0.6595,51.02,171
417,data_thread() got not answer from any [Thunderbird_B8] datasource,partial,data_thread() got not answer from any <*> datasource,0.9889,asking for cache data failed,0.3075,"jA<*> to=root, ctladdr=root (0/0), delay<*> xdelay=00:00:00, mailer=relay, pri<*> relay=[<*>] [<*>], dsn=4.0.0, stat=Deferred: Connection refused by [<*>]",0.3061,50.88,171
418,data_thread() got not answer from any [Thunderbird_C1] datasource,partial,data_thread() got not answer from any <*> datasource,0.9887,"jA<*> to=root, ctladdr=root (0/0), delay<*> xdelay=00:00:00, mailer=relay, pri<*> relay=[<*>] [<*>], dsn=4.0.0, stat=Deferred: Connection refused by [<*>]",0.2924,asking for cache data failed,0.2902,50.91,171
419,data_thread() got not answer from any [Thunderbird_B7] datasource,partial,data_thread() got not answer from any <*> datasource,0.9894,asking for cache data failed,0.3055,"jA<*> to=root, ctladdr=root (0/0), delay<*> xdelay=00:00:00, mailer=relay, pri<*> relay=[<*>] [<*>], dsn=4.0.0, stat=Deferred: Connection refused by [<*>]",0.2916,51.18,171
420,"synchronized to <*>, stratum 3",exact,"synchronized to <*>, stratum 3",1.0,"synchronized to #3#, stratum 1",0.8614,"synchronized to LOCAL(0), stratum 10",0.7396,50.46,171
421,data_thread() got not answer from any [Thunderbird_A6] datasource,exact,data_thread() got not answer from any <*> datasource,0.9921,asking for cache data failed,0.2937,"jA<*> to=root, ctladdr=root (0/0), delay<*> xdelay=00:00:00, mailer=relay, pri<*> relay=[<*>] [<*>], dsn=4.0.0, stat=Deferred: Connection refused by [<*>]",0.2887,50.73,171
422,data_thread() got not answer from any [Thunderbird_C4] datasource,exact,data_thread() got not answer from any <*> datasource,0.991,asking for cache data failed,0.3033,"jA<*> to=root, ctladdr=root (0/0), delay<*> xdelay=00:00:00, mailer=relay, pri<*> relay=[<*>] [<*>], dsn=4.0.0, stat=Deferred: Connection refused by [<*>]",0.2989,51.54,171
423,"synchronized to <*>, stratum 3",exact,"synchronized to <*>, stratum 3",1.0,"synchronized to #3#, stratum 1",0.8614,"synchronized to LOCAL(0), stratum 10",0.7396,50.68,171
424,data_thread() got not answer from any [Thunderbird_D6] datasource,partial,data_thread() got not answer from any <*> datasource,0.988,asking for cache data failed,0.298,"jA<*> to=root, ctladdr=root (0/0), delay<*> xdelay=00:00:00, mailer=relay, pri<*> relay=[<*>] [<*>], dsn=4.0.0, stat=Deferred: Connection refused by [<*>]",0.2862,50.81,171
425,[ib_sm_sweep.c:1831]: ********************** NEW SWEEP ********************,exact,[ib_sm_sweep.c:1831]: ********************** NEW SWEEP ********************,1.0,[ib_sm_sweep.c:1482]: No configuration change required,0.6595,[ib_sm_sweep.c:1455]: No topology change,0.5394,53.03,171
426,data_thread() got not answer from any [Thunderbird_D8] datasource,partial,data_thread() got not answer from any <*> datasource,0.9877,asking for cache data failed,0.3057,"jA<*> to=root, ctladdr=root (0/0), delay<*> xdelay=00:00:00, mailer=relay, pri<*> relay=[<*>] [<*>], dsn=4.0.0, stat=Deferred: Connection refused by [<*>]",0.3019,51.19,171
427,data_thread() got not answer from any [Thunderbird_C6] datasource,exact,data_thread() got not answer from any <*> datasource,0.9903,asking for cache data failed,0.297,"jA<*> to=root, ctladdr=root (0/0), delay<*> xdelay=00:00:00, mailer=relay, pri<*> relay=[<*>] [<*>], dsn=4.0.0, stat=Deferred: Connection refused by [<*>]",0.2868,50.9,171
428,"synchronized to <*>, stratum 3",exact,"synchronized to <*>, stratum 3",1.0,"synchronized to #3#, stratum 1",0.8614,"synchronized to LOCAL(0), stratum 10",0.7396,50.6,171
429,data_thread() got not answer from any [Thunderbird_D4] datasource,partial,data_thread() got not answer from any <*> datasource,0.9834,asking for cache data failed,0.3035,"jA<*> to=root, ctladdr=root (0/0), delay<*> xdelay=00:00:00, mailer=relay, pri<*> relay=[<*>] [<*>], dsn=4.0.0, stat=Deferred: Connection refused by [<*>]",0.3024,51.16,171
430,"synchronized to <*>, stratum 3",exact,"synchronized to <*>, stratum 3",1.0,"synchronized to #3#, stratum 1",0.8614,"synchronized to LOCAL(0), stratum 10",0.7396,50.47,171
431,data_thread() got not answer from any [Thunderbird_C5] datasource,partial,data_thread() got not answer from any <*> datasource,0.9892,asking for cache data failed,0.3035,"jA<*> to=root, ctladdr=root (0/0), delay<*> xdelay=00:00:00, mailer=relay, pri<*> relay=[<*>] [<*>], dsn=4.0.0, stat=Deferred: Connection refused by [<*>]",0.2796,50.93,171
432,[ib_sm_sweep.c:1455]: No topology change,exact,[ib_sm_sweep.c:1455]: No topology change,1.0,[ib_sm_sweep.c:1482]: No configuration change required,0.7019,[ib_sm_sweep.c:1831]: ********************** NEW SWEEP ********************,0.5394,50.94,171
433,[ib_sm_sweep.c:1482]: No configuration change required,exact,[ib_sm_sweep.c:1482]: No configuration change required,1.0,[ib_sm_sweep.c:1455]: No topology change,0.7019,[ib_sm_sweep.c:1831]: ********************** NEW SWEEP ********************,0.6595,50.94,171
434,data_thread() got not answer from any [Thunderbird_B4] datasource,exact,data_thread() got not answer from any <*> datasource,0.9919,asking for cache data failed,0.309,"jA<*> to=root, ctladdr=root (0/0), delay<*> xdelay=00:00:00, mailer=relay, pri<*> relay=[<*>] [<*>], dsn=4.0.0, stat=Deferred: Connection refused by [<*>]",0.3017,51.72,171
435,"synchronized to <*>, stratum 3",exact,"synchronized to <*>, stratum 3",1.0,"synchronized to #3#, stratum 1",0.8614,"synchronized to LOCAL(0), stratum 10",0.7396,50.5,171
436,data_thread() got not answer from any [Thunderbird_C2] datasource,partial,data_thread() got not answer from any <*> datasource,0.98,asking for cache data failed,0.2943,connection lost: 'Connection closed.',0.2809,50.99,171
437,data_thread() got not answer from any [Thunderbird_A4] datasource,exact,data_thread() got not answer from any <*> datasource,0.9913,"jA<*> to=root, ctladdr=root (0/0), delay<*> xdelay=00:00:00, mailer=relay, pri<*> relay=[<*>] [<*>], dsn=4.0.0, stat=Deferred: Connection refused by [<*>]",0.2988,asking for cache data failed,0.2979,50.8,171
438,data_thread() got not answer from any [Thunderbird_B5] datasource,partial,data_thread() got not answer from any <*> datasource,0.989,asking for cache data failed,0.3083,"jA<*> to=root, ctladdr=root (0/0), delay<*> xdelay=00:00:00, mailer=relay, pri<*> relay=[<*>] [<*>], dsn=4.0.0, stat=Deferred: Connection refused by [<*>]",0.2863,50.67,171
439,"synchronized to <*>, stratum 3",exact,"synchronized to <*>, stratum 3",1.0,"synchronized to #3#, stratum 1",0.8614,"synchronized to LOCAL(0), stratum 10",0.7396,50.53,171
440,data_thread() got not answer from any [Thunderbird_A3] datasource,partial,data_thread() got not answer from any <*> datasource,0.9863,asking for cache data failed,0.2981,"jA<*> to=root, ctladdr=root (0/0), delay<*> xdelay=00:00:00, mailer=relay, pri<*> relay=[<*>] [<*>], dsn=4.0.0, stat=Deferred: Connection refused by [<*>]",0.2863,50.85,171
441,data_thread() got not answer from any [Thunderbird_A5] datasource,exact,data_thread() got not answer from any <*> datasource,0.9901,asking for cache data failed,0.299,"jA<*> to=root, ctladdr=root (0/0), delay<*> xdelay=00:00:00, mailer=relay, pri<*> relay=[<*>] [<*>], dsn=4.0.0, stat=Deferred: Connection refused by [<*>]",0.282,50.63,171
442,data_thread() got not answer from any [Thunderbird_B1] datasource,partial,data_thread() got not answer from any <*> datasource,0.9852,"jA<*> to=root, ctladdr=root (0/0), delay<*> xdelay=00:00:00, mailer=relay, pri<*> relay=[<*>] [<*>], dsn=4.0.0, stat=Deferred: Connection refused by [<*>]",0.2987,asking for cache data failed,0.2968,50.66,171
443,Local disconnected: Connection closed.,exact,Local disconnected: Connection closed.,1.0,connection lost: 'Connection closed.',0.7179,"connection from ""#28#""",0.3803,50.18,171
444,connection lost: 'Connection closed.',exact,connection lost: 'Connection closed.',1.0,Local disconnected: Connection closed.,0.7179,"connection from ""#28#""",0.4383,50.3,171
445,"synchronized to <*>, stratum 3",exact,"synchronized to <*>, stratum 3",1.0,"synchronized to #3#, stratum 1",0.8614,"synchronized to LOCAL(0), stratum 10",0.7396,50.81,171
446,data_thread() got not answer from any [Thunderbird_A2] datasource,partial,data_thread() got not answer from any <*> datasource,0.9807,"jA<*> to=root, ctladdr=root (0/0), delay<*> xdelay=00:00:00, mailer=relay, pri<*> relay=[<*>] [<*>], dsn=4.0.0, stat=Deferred: Connection refused by [<*>]",0.2889,asking for cache data failed,0.2878,51.56,171
447,data_thread() got not answer from any [Thunderbird_A7] datasource,partial,data_thread() got not answer from any <*> datasource,0.9883,asking for cache data failed,0.2967,"jA<*> to=root, ctladdr=root (0/0), delay<*> xdelay=00:00:00, mailer=relay, pri<*> relay=[<*>] [<*>], dsn=4.0.0, stat=Deferred: Connection refused by [<*>]",0.2878,50.86,171
448,[ib_sm_sweep.c:1831]: ********************** NEW SWEEP ********************,exact,[ib_sm_sweep.c:1831]: ********************** NEW SWEEP ********************,1.0,[ib_sm_sweep.c:1482]: No configuration change required,0.6595,[ib_sm_sweep.c:1455]: No topology change,0.5394,53.13,171
449,data_thread() got not answer from any [Thunderbird_A1] datasource,partial,data_thread() got not answer from any <*> datasource,0.9734,"jA<*> to=root, ctladdr=root (0/0), delay<*> xdelay=00:00:00, mailer=relay, pri<*> relay=[<*>] [<*>], dsn=4.0.0, stat=Deferred: Connection refused by [<*>]",0.283,asking for cache data failed,0.2757,51.38,171
450,data_thread() got not answer from any [Thunderbird_B6] datasource,exact,data_thread() got not answer from any <*> datasource,0.9921,asking for cache data failed,0.3049,"jA<*> to=root, ctladdr=root (0/0), delay<*> xdelay=00:00:00, mailer=relay, pri<*> relay=[<*>] [<*>], dsn=4.0.0, stat=Deferred: Connection refused by [<*>]",0.2933,50.63,171
451,"synchronized to <*>, stratum 3",exact,"synchronized to <*>, stratum 3",1.0,"synchronized to #3#, stratum 1",0.8614,"synchronized to LOCAL(0), stratum 10",0.7396,50.55,171
452,"synchronized to <*>, stratum 3",exact,"synchronized to <*>, stratum 3",1.0,"synchronized to #3#, stratum 1",0.8614,"synchronized to LOCAL(0), stratum 10",0.7396,50.45,171
453,"synchronized to <*>, stratum 3",exact,"synchronized to <*>, stratum 3",1.0,"synchronized to #3#, stratum 1",0.8614,"synchronized to LOCAL(0), stratum 10",0.7396,50.27,171
454,data_thread() got not answer from any [Thunderbird_D7] datasource,exact,data_thread() got not answer from any <*> datasource,0.9907,asking for cache data failed,0.3009,"jA<*> to=root, ctladdr=root (0/0), delay<*> xdelay=00:00:00, mailer=relay, pri<*> relay=[<*>] [<*>], dsn=4.0.0, stat=Deferred: Connection refused by [<*>]",0.2901,51.23,171
455,data_thread() got not answer from any [Thunderbird_D5] datasource,partial,data_thread() got not answer from any <*> datasource,0.9875,asking for cache data failed,0.3065,"jA<*> to=root, ctladdr=root (0/0), delay<*> xdelay=00:00:00, mailer=relay, pri<*> relay=[<*>] [<*>], dsn=4.0.0, stat=Deferred: Connection refused by [<*>]",0.2811,50.81,171
456,"synchronized to <*>, stratum 3",exact,"synchronized to <*>, stratum 3",1.0,"synchronized to #3#, stratum 1",0.8614,"synchronized to LOCAL(0), stratum 10",0.7396,50.48,171
457,data_thread() got not answer from any [Thunderbird_A8] datasource,partial,data_thread() got not answer from any <*> datasource,0.9879,"jA<*> to=root, ctladdr=root (0/0), delay<*> xdelay=00:00:00, mailer=relay, pri<*> relay=[<*>] [<*>], dsn=4.0.0, stat=Deferred: Connection refused by [<*>]",0.3033,asking for cache data failed,0.2966,50.77,171
458,data_thread() got not answer from any [Thunderbird_C8] datasource,partial,data_thread() got not answer from any <*> datasource,0.9878,asking for cache data failed,0.3005,"jA<*> to=root, ctladdr=root (0/0), delay<*> xdelay=00:00:00, mailer=relay, pri<*> relay=[<*>] [<*>], dsn=4.0.0, stat=Deferred: Connection refused by [<*>]",0.3,51.14,171
459,[ib_sm_sweep.c:1455]: No topology change,exact,[ib_sm_sweep.c:1455]: No topology change,1.0,[ib_sm_sweep.c:1482]: No configuration change required,0.7019,[ib_sm_sweep.c:1831]: ********************** NEW SWEEP ********************,0.5394,50.77,171
460,[ib_sm_sweep.c:1482]: No configuration change required,exact,[ib_sm_sweep.c:1482]: No configuration change required,1.0,[ib_sm_sweep.c:1455]: No topology change,0.7019,[ib_sm_sweep.c:1831]: ********************** NEW SWEEP ********************,0.6595,50.69,171
461,"synchronized to <*>, stratum 3",exact,"synchronized to <*>, stratum 3",1.0,"synchronized to #3#, stratum 1",0.8614,"synchronized to LOCAL(0), stratum 10",0.7396,50.39,171
462,data_thread() got not answer from any [Thunderbird_B2] datasource,partial,data_thread() got not answer from any <*> datasource,0.9897,asking for cache data failed,0.3018,"jA<*> to=root, ctladdr=root (0/0), delay<*> xdelay=00:00:00, mailer=relay, pri<*> relay=[<*>] [<*>], dsn=4.0.0, stat=Deferred: Connection refused by [<*>]",0.3004,50.61,171
463,data_thread() got not answer from any [Thunderbird_B3] datasource,partial,data_thread() got not answer from any <*> datasource,0.9893,asking for cache data failed,0.3078,"jA<*> to=root, ctladdr=root (0/0), delay<*> xdelay=00:00:00, mailer=relay, pri<*> relay=[<*>] [<*>], dsn=4.0.0, stat=Deferred: Connection refused by [<*>]",0.2943,50.66,171
464,data_thread() got not answer from any [Thunderbird_B8] datasource,partial,data_thread() got not answer from any <*> datasource,0.9889,asking for cache data failed,0.3075,"jA<*> to=root, ctladdr=root (0/0), delay<*> xdelay=00:00:00, mailer=relay, pri<*> relay=[<*>] [<*>], dsn=4.0.0, stat=Deferred: Connection refused by [<*>]",0.3061,51.14,171
465,data_thread() got not answer from any [Thunderbird_C1] datasource,partial,data_thread() got not answer from any <*> datasource,0.9887,"jA<*> to=root, ctladdr=root (0/0), delay<*> xdelay=00:00:00, mailer=relay, pri<*> relay=[<*>] [<*>], dsn=4.0.0, stat=Deferred: Connection refused by [<*>]",0.2924,asking for cache data failed,0.2902,50.79,171
466,"synchronized to <*>, stratum 3",exact,"synchronized to <*>, stratum 3",1.0,"synchronized to #3#, stratum 1",0.8614,"synchronized to LOCAL(0), stratum 10",0.7396,50.33,171
467,data_thread() got not answer from any [Thunderbird_B7] datasource,partial,data_thread() got not answer from any <*> datasource,0.9894,asking for cache data failed,0.3055,"jA<*> to=root, ctladdr=root (0/0), delay<*> xdelay=00:00:00, mailer=relay, pri<*> relay=[<*>] [<*>], dsn=4.0.0, stat=Deferred: Connection refused by [<*>]",0.2916,50.76,171
468,data_thread() got not answer from any [Thunderbird_D8] datasource,partial,data_thread() got not answer from any <*> datasource,0.9877,asking for cache data failed,0.3057,"jA<*> to=root, ctladdr=root (0/0), delay<*> xdelay=00:00:00, mailer=relay, pri<*> relay=[<*>] [<*>], dsn=4.0.0, stat=Deferred: Connection refused by [<*>]",0.3019,50.9,171
469,data_thread() got not answer from any [Thunderbird_C6] datasource,exact,data_thread() got not answer from any <*> datasource,0.9901,asking for cache data failed,0.297,"jA<*> to=root, ctladdr=root (0/0), delay<*> xdelay=00:00:00, mailer=relay, pri<*> relay=[<*>] [<*>], dsn=4.0.0, stat=Deferred: Connection refused by [<*>]",0.2868,51.18,171
470,[ib_sm_sweep.c:1831]: ********************** NEW SWEEP ********************,exact,[ib_sm_sweep.c:1831]: ********************** NEW SWEEP ********************,1.0,[ib_sm_sweep.c:1482]: No configuration change required,0.6595,[ib_sm_sweep.c:1455]: No topology change,0.5394,53.24,171
471,"synchronized to <*>, stratum 3",exact,"synchronized to <*>, stratum 3",1.0,"synchronized to #3#, stratum 1",0.8614,"synchronized to LOCAL(0), stratum 10",0.7396,50.95,171
472,data_thread() got not answer from any [Thunderbird_A6] datasource,exact,data_thread() got not answer from any <*> datasource,0.9921,asking for cache data failed,0.2937,"jA<*> to=root, ctladdr=root (0/0), delay<*> xdelay=00:00:00, mailer=relay, pri<*> relay=[<*>] [<*>], dsn=4.0.0, stat=Deferred: Connection refused by [<*>]",0.2887,51.05,171
473,data_thread() got not answer from any [Thunderbird_D4] datasource,partial,data_thread() got not answer from any <*> datasource,0.9834,asking for cache data failed,0.3035,"jA<*> to=root, ctladdr=root (0/0), delay<*> xdelay=00:00:00, mailer=relay, pri<*> relay=[<*>] [<*>], dsn=4.0.0, stat=Deferred: Connection refused by [<*>]",0.3024,50.71,171
474,"synchronized to <*>, stratum 3",exact,"synchronized to <*>, stratum 3",1.0,"synchronized to #3#, stratum 1",0.8614,"synchronized to LOCAL(0), stratum 10",0.7396,50.74,171
475,data_thread() got not answer from any [Thunderbird_B4] datasource,exact,data_thread() got not answer from any <*> datasource,0.992,asking for cache data failed,0.309,"jA<*> to=root, ctladdr=root (0/0), delay<*> xdelay=00:00:00, mailer=relay, pri<*> relay=[<*>] [<*>], dsn=4.0.0, stat=Deferred: Connection refused by [<*>]",0.3017,51.23,171
476,data_thread() got not answer from any [Thunderbird_C4] datasource,exact,data_thread() got not answer from any <*> datasource,0.9911,asking for cache data failed,0.3033,"jA<*> to=root, ctladdr=root (0/0), delay<*> xdelay=00:00:00, mailer=relay, pri<*> relay=[<*>] [<*>], dsn=4.0.0, stat=Deferred: Connection refused by [<*>]",0.2989,50.71,171
477,[ib_sm_sweep.c:1455]: No topology change,exact,[ib_sm_sweep.c:1455]: No topology change,1.0,[ib_sm_sweep.c:1482]: No configuration change required,0.7019,[ib_sm_sweep.c:1831]: ********************** NEW SWEEP ********************,0.5394,50.53,171
478,[ib_sm_sweep.c:1482]: No configuration change required,exact,[ib_sm_sweep.c:1482]: No configuration change required,1.0,[ib_sm_sweep.c:1455]: No topology change,0.7019,[ib_sm_sweep.c:1831]: ********************** NEW SWEEP ********************,0.6595,50.64,171
479,data_thread() got not answer from any [Thunderbird_D6] datasource,partial,data_thread() got not answer from any <*> datasource,0.9881,asking for cache data failed,0.298,"jA<*> to=root, ctladdr=root (0/0), delay<*> xdelay=00:00:00, mailer=relay, pri<*> relay=[<*>] [<*>], dsn=4.0.0, stat=Deferred: Connection refused by [<*>]",0.2862,50.66,171
480,data_thread() got not answer from any [Thunderbird_B5] datasource,partial,data_thread() got not answer from any <*> datasource,0.989,asking for cache data failed,0.3083,"jA<*> to=root, ctladdr=root (0/0), delay<*> xdelay=00:00:00, mailer=relay, pri<*> relay=[<*>] [<*>], dsn=4.0.0, stat=Deferred: Connection refused by [<*>]",0.2863,50.71,171
481,"synchronized to <*>, stratum 3",exact,"synchronized to <*>, stratum 3",1.0,"synchronized to #3#, stratum 1",0.8614,"synchronized to LOCAL(0), stratum 10",0.7396,50.53,171
482,"synchronized to <*>, stratum 3",exact,"synchronized to <*>, stratum 3",1.0,"synchronized to #3#, stratum 1",0.8614,"synchronized to LOCAL(0), stratum 10",0.7396,50.85,171
483,"synchronized to <*>, stratum 3",exact,"synchronized to <*>, stratum 3",1.0,"synchronized to #3#, stratum 1",0.8614,"synchronized to LOCAL(0), stratum 10",0.7396,50.62,171
484,"synchronized to <*>, stratum 3",exact,"synchronized to <*>, stratum 3",1.0,"synchronized to #3#, stratum 1",0.8614,"synchronized to LOCAL(0), stratum 10",0.7396,50.46,171
485,"synchronized to <*>, stratum 3",exact,"synchronized to <*>, stratum 3",1.0,"synchronized to #3#, stratum 1",0.8614,"synchronized to LOCAL(0), stratum 10",0.7396,50.46,171
486,data_thread() got not answer from any [Thunderbird_A4] datasource,exact,data_thread() got not answer from any <*> datasource,0.9914,"jA<*> to=root, ctladdr=root (0/0), delay<*> xdelay=00:00:00, mailer=relay, pri<*> relay=[<*>] [<*>], dsn=4.0.0, stat=Deferred: Connection refused by [<*>]",0.2988,asking for cache data failed,0.2979,50.83,171
487,data_thread() got not answer from any [Thunderbird_A5] datasource,exact,data_thread() got not answer from any <*> datasource,0.99,asking for cache data failed,0.299,"jA<*> to=root, ctladdr=root (0/0), delay<*> xdelay=00:00:00, mailer=relay, pri<*> relay=[<*>] [<*>], dsn=4.0.0, stat=Deferred: Connection refused by [<*>]",0.282,50.79,171
488,data_thread() got not answer from any [Thunderbird_C5] datasource,partial,data_thread() got not answer from any <*> datasource,0.9893,asking for cache data failed,0.3035,"jA<*> to=root, ctladdr=root (0/0), delay<*> xdelay=00:00:00, mailer=relay, pri<*> relay=[<*>] [<*>], dsn=4.0.0, stat=Deferred: Connection refused by [<*>]",0.2796,50.68,171
489,"synchronized to <*>, stratum 3",exact,"synchronized to <*>, stratum 3",1.0,"synchronized to #3#, stratum 1",0.8614,"synchronized to LOCAL(0), stratum 10",0.7396,50.59,171
490,data_thread() got not answer from any [Thunderbird_C2] datasource,partial,data_thread() got not answer from any <*> datasource,0.9799,asking for cache data failed,0.2943,connection lost: 'Connection closed.',0.2809,50.75,171
491,data_thread() got not answer from any [Thunderbird_B1] datasource,partial,data_thread() got not answer from any <*> datasource,0.9852,"jA<*> to=root, ctladdr=root (0/0), delay<*> xdelay=00:00:00, mailer=relay, pri<*> relay=[<*>] [<*>], dsn=4.0.0, stat=Deferred: Connection refused by [<*>]",0.2987,asking for cache data failed,0.2968,50.76,171
492,data_thread() got not answer from any [Thunderbird_A2] datasource,partial,data_thread() got not answer from any <*> datasource,0.9807,"jA<*> to=root, ctladdr=root (0/0), delay<*> xdelay=00:00:00, mailer=relay, pri<*> relay=[<*>] [<*>], dsn=4.0.0, stat=Deferred: Connection refused by [<*>]",0.2889,asking for cache data failed,0.2878,50.61,171
493,data_thread() got not answer from any [Thunderbird_A3] datasource,partial,data_thread() got not answer from any <*> datasource,0.9863,asking for cache data failed,0.2981,"jA<*> to=root, ctladdr=root (0/0), delay<*> xdelay=00:00:00, mailer=relay, pri<*> relay=[<*>] [<*>], dsn=4.0.0, stat=Deferred: Connection refused by [<*>]",0.2863,51.2,171
494,[ib_sm_sweep.c:1831]: ********************** NEW SWEEP ********************,exact,[ib_sm_sweep.c:1831]: ********************** NEW SWEEP ********************,1.0,[ib_sm_sweep.c:1482]: No configuration change required,0.6595,[ib_sm_sweep.c:1455]: No topology change,0.5394,53.11,171
495,"synchronized to <*>, stratum 3",exact,"synchronized to <*>, stratum 3",1.0,"synchronized to #3#, stratum 1",0.8614,"synchronized to LOCAL(0), stratum 10",0.7396,50.89,171
496,data_thread() got not answer from any [Thunderbird_B6] datasource,exact,data_thread() got not answer from any <*> datasource,0.9922,asking for cache data failed,0.3049,"jA<*> to=root, ctladdr=root (0/0), delay<*> xdelay=00:00:00, mailer=relay, pri<*> relay=[<*>] [<*>], dsn=4.0.0, stat=Deferred: Connection refused by [<*>]",0.2933,50.96,171
497,data_thread() got not answer from any [Thunderbird_D7] datasource,exact,data_thread() got not answer from any <*> datasource,0.9907,asking for cache data failed,0.3009,"jA<*> to=root, ctladdr=root (0/0), delay<*> xdelay=00:00:00, mailer=relay, pri<*> relay=[<*>] [<*>], dsn=4.0.0, stat=Deferred: Connection refused by [<*>]",0.2901,50.96,171
498,"synchronized to <*>, stratum 3",exact,"synchronized to <*>, stratum 3",1.0,"synchronized to #3#, stratum 1",0.8614,"synchronized to LOCAL(0), stratum 10",0.7396,50.55,171
499,[ib_sm_sweep.c:1455]: No topology change,exact,[ib_sm_sweep.c:1455]: No topology change,1.0,[ib_sm_sweep.c:1482]: No configuration change required,0.7019,[ib_sm_sweep.c:1831]: ********************** NEW SWEEP ********************,0.5394,50.49,171
500,[ib_sm_sweep.c:1482]: No configuration change required,exact,[ib_sm_sweep.c:1482]: No configuration change required,1.0,[ib_sm_sweep.c:1455]: No topology change,0.7019,[ib_sm_sweep.c:1831]: ********************** NEW SWEEP ********************,0.6595,50.89,171
501,data_thread() got not answer from any [Thunderbird_A1] datasource,partial,data_thread() got not answer from any <*> datasource,0.9734,"jA<*> to=root, ctladdr=root (0/0), delay<*> xdelay=00:00:00, mailer=relay, pri<*> relay=[<*>] [<*>], dsn=4.0.0, stat=Deferred: Connection refused by [<*>]",0.283,asking for cache data failed,0.2757,50.97,171
502,data_thread() got not answer from any [Thunderbird_B2] datasource,partial,data_thread() got not answer from any <*> datasource,0.9898,asking for cache data failed,0.3018,"jA<*> to=root, ctladdr=root (0/0), delay<*> xdelay=00:00:00, mailer=relay, pri<*> relay=[<*>] [<*>], dsn=4.0.0, stat=Deferred: Connection refused by [<*>]",0.3004,52.75,171
503,data_thread() got not answer from any [Thunderbird_A7] datasource,partial,data_thread() got not answer from any <*> datasource,0.9883,asking for cache data failed,0.2967,"jA<*> to=root, ctladdr=root (0/0), delay<*> xdelay=00:00:00, mailer=relay, pri<*> relay=[<*>] [<*>], dsn=4.0.0, stat=Deferred: Connection refused by [<*>]",0.2878,51.02,171
504,data_thread() got not answer from any [Thunderbird_C1] datasource,partial,data_thread() got not answer from any <*> datasource,0.9887,"jA<*> to=root, ctladdr=root (0/0), delay<*> xdelay=00:00:00, mailer=relay, pri<*> relay=[<*>] [<*>], dsn=4.0.0, stat=Deferred: Connection refused by [<*>]",0.2924,asking for cache data failed,0.2902,50.9,171
505,data_thread() got not answer from any [Thunderbird_A8] datasource,partial,data_thread() got not answer from any <*> datasource,0.9878,"jA<*> to=root, ctladdr=root (0/0), delay<*> xdelay=00:00:00, mailer=relay, pri<*> relay=[<*>] [<*>], dsn=4.0.0, stat=Deferred: Connection refused by [<*>]",0.3033,asking for cache data failed,0.2966,51.5,171
506,data_thread() got not answer from any [Thunderbird_B8] datasource,partial,data_thread() got not answer from any <*> datasource,0.9888,asking for cache data failed,0.3075,"jA<*> to=root, ctladdr=root (0/0), delay<*> xdelay=00:00:00, mailer=relay, pri<*> relay=[<*>] [<*>], dsn=4.0.0, stat=Deferred: Connection refused by [<*>]",0.3061,51.07,171
507,data_thread() got not answer from any [Thunderbird_D5] datasource,partial,data_thread() got not answer from any <*> datasource,0.9874,asking for cache data failed,0.3065,"jA<*> to=root, ctladdr=root (0/0), delay<*> xdelay=00:00:00, mailer=relay, pri<*> relay=[<*>] [<*>], dsn=4.0.0, stat=Deferred: Connection refused by [<*>]",0.2811,50.93,171
508,data_thread() got not answer from any [Thunderbird_B3] datasource,partial,data_thread() got not answer from any <*> datasource,0.9893,asking for cache data failed,0.3078,"jA<*> to=root, ctladdr=root (0/0), delay<*> xdelay=00:00:00, mailer=relay, pri<*> relay=[<*>] [<*>], dsn=4.0.0, stat=Deferred: Connection refused by [<*>]",0.2943,76.7,171
509,"synchronized to <*>, stratum 3",exact,"synchronized to <*>, stratum 3",1.0,"synchronized to #3#, stratum 1",0.8614,"synchronized to LOCAL(0), stratum 10",0.7396,50.08,171
510,data_thread() got not answer from any [Thunderbird_C8] datasource,partial,data_thread() got not answer from any <*> datasource,0.9878,asking for cache data failed,0.3005,"jA<*> to=root, ctladdr=root (0/0), delay<*> xdelay=00:00:00, mailer=relay, pri<*> relay=[<*>] [<*>], dsn=4.0.0, stat=Deferred: Connection refused by [<*>]",0.3,50.28,171
511,"synchronized to <*>, stratum 3",exact,"synchronized to <*>, stratum 3",1.0,"synchronized to #3#, stratum 1",0.8614,"synchronized to LOCAL(0), stratum 10",0.7396,49.81,171
512,data_thread() got not answer from any [Thunderbird_B7] datasource,partial,data_thread() got not answer from any <*> datasource,0.9894,asking for cache data failed,0.3055,"jA<*> to=root, ctladdr=root (0/0), delay<*> xdelay=00:00:00, mailer=relay, pri<*> relay=[<*>] [<*>], dsn=4.0.0, stat=Deferred: Connection refused by [<*>]",0.2916,50.03,171
513,[ib_sm_sweep.c:1831]: ********************** NEW SWEEP ********************,exact,[ib_sm_sweep.c:1831]: ********************** NEW SWEEP ********************,1.0,[ib_sm_sweep.c:1482]: No configuration change required,0.6595,[ib_sm_sweep.c:1455]: No topology change,0.5394,52.48,171
514,data_thread() got not answer from any [Thunderbird_C6] datasource,exact,data_thread() got not answer from any <*> datasource,0.9902,asking for cache data failed,0.297,"jA<*> to=root, ctladdr=root (0/0), delay<*> xdelay=00:00:00, mailer=relay, pri<*> relay=[<*>] [<*>], dsn=4.0.0, stat=Deferred: Connection refused by [<*>]",0.2868,50.62,171
515,data_thread() got not answer from any [Thunderbird_A6] datasource,exact,data_thread() got not answer from any <*> datasource,0.9921,asking for cache data failed,0.2937,"jA<*> to=root, ctladdr=root (0/0), delay<*> xdelay=00:00:00, mailer=relay, pri<*> relay=[<*>] [<*>], dsn=4.0.0, stat=Deferred: Connection refused by [<*>]",0.2887,50.16,171
516,data_thread() got not answer from any [Thunderbird_B4] datasource,exact,data_thread() got not answer from any <*> datasource,0.992,asking for cache data failed,0.309,"jA<*> to=root, ctladdr=root (0/0), delay<*> xdelay=00:00:00, mailer=relay, pri<*> relay=[<*>] [<*>], dsn=4.0.0, stat=Deferred: Connection refused by [<*>]",0.3017,50.64,171
517,data_thread() got not answer from any [Thunderbird_D8] datasource,partial,data_thread() got not answer from any <*> datasource,0.9877,asking for cache data failed,0.3057,"jA<*> to=root, ctladdr=root (0/0), delay<*> xdelay=00:00:00, mailer=relay, pri<*> relay=[<*>] [<*>], dsn=4.0.0, stat=Deferred: Connection refused by [<*>]",0.3019,50.17,171
518,data_thread() got not answer from any [Thunderbird_D4] datasource,partial,data_thread() got not answer from any <*> datasource,0.9834,asking for cache data failed,0.3035,"jA<*> to=root, ctladdr=root (0/0), delay<*> xdelay=00:00:00, mailer=relay, pri<*> relay=[<*>] [<*>], dsn=4.0.0, stat=Deferred: Connection refused by [<*>]",0.3024,50.28,171
519,[ib_sm_sweep.c:1455]: No topology change,exact,[ib_sm_sweep.c:1455]: No topology change,1.0,[ib_sm_sweep.c:1482]: No configuration change required,0.7019,[ib_sm_sweep.c:1831]: ********************** NEW SWEEP ********************,0.5394,49.83,171
520,[ib_sm_sweep.c:1482]: No configuration change required,exact,[ib_sm_sweep.c:1482]: No configuration change required,1.0,[ib_sm_sweep.c:1455]: No topology change,0.7019,[ib_sm_sweep.c:1831]: ********************** NEW SWEEP ********************,0.6595,49.96,171
521,"synchronized to <*>, stratum 3",exact,"synchronized to <*>, stratum 3",1.0,"synchronized to #3#, stratum 1",0.8614,"synchronized to LOCAL(0), stratum 10",0.7396,50.1,171
522,"synchronized to <*>, stratum 3",exact,"synchronized to <*>, stratum 3",1.0,"synchronized to #3#, stratum 1",0.8614,"synchronized to LOCAL(0), stratum 10",0.7396,49.98,171
523,"synchronized to <*>, stratum 3",exact,"synchronized to <*>, stratum 3",1.0,"synchronized to #3#, stratum 1",0.8614,"synchronized to LOCAL(0), stratum 10",0.7396,49.83,171
524,"synchronized to <*>, stratum 3",exact,"synchronized to <*>, stratum 3",1.0,"synchronized to #3#, stratum 1",0.8614,"synchronized to LOCAL(0), stratum 10",0.7396,49.73,171
525,"synchronized to <*>, stratum 3",exact,"synchronized to <*>, stratum 3",1.0,"synchronized to #3#, stratum 1",0.8614,"synchronized to LOCAL(0), stratum 10",0.7396,49.85,171
526,"synchronized to <*>, stratum 3",exact,"synchronized to <*>, stratum 3",1.0,"synchronized to #3#, stratum 1",0.8614,"synchronized to LOCAL(0), stratum 10",0.7396,49.87,171
527,data_thread() got not answer from any [Thunderbird_D6] datasource,partial,data_thread() got not answer from any <*> datasource,0.9881,asking for cache data failed,0.298,"jA<*> to=root, ctladdr=root (0/0), delay<*> xdelay=00:00:00, mailer=relay, pri<*> relay=[<*>] [<*>], dsn=4.0.0, stat=Deferred: Connection refused by [<*>]",0.2862,50.36,171
528,data_thread() got not answer from any [Thunderbird_C2] datasource,partial,data_thread() got not answer from any <*> datasource,0.98,asking for cache data failed,0.2943,connection lost: 'Connection closed.',0.2809,50.76,171
529,data_thread() got not answer from any [Thunderbird_B5] datasource,partial,data_thread() got not answer from any <*> datasource,0.989,asking for cache data failed,0.3083,"jA<*> to=root, ctladdr=root (0/0), delay<*> xdelay=00:00:00, mailer=relay, pri<*> relay=[<*>] [<*>], dsn=4.0.0, stat=Deferred: Connection refused by [<*>]",0.2863,50.13,171
530,data_thread() got not answer from any [Thunderbird_C4] datasource,exact,data_thread() got not answer from any <*> datasource,0.9911,asking for cache data failed,0.3033,"jA<*> to=root, ctladdr=root (0/0), delay<*> xdelay=00:00:00, mailer=relay, pri<*> relay=[<*>] [<*>], dsn=4.0.0, stat=Deferred: Connection refused by [<*>]",0.2989,50.2,171
531,"synchronized to <*>, stratum 3",exact,"synchronized to <*>, stratum 3",1.0,"synchronized to #3#, stratum 1",0.8614,"synchronized to LOCAL(0), stratum 10",0.7396,62.96,171
532,"synchronized to <*>, stratum 3",exact,"synchronized to <*>, stratum 3",1.0,"synchronized to #3#, stratum 1",0.8614,"synchronized to LOCAL(0), stratum 10",0.7396,56.36,171
533,data_thread() got not answer from any [Thunderbird_A3] datasource,partial,data_thread() got not answer from any <*> datasource,0.9863,asking for cache data failed,0.2981,"jA<*> to=root, ctladdr=root (0/0), delay<*> xdelay=00:00:00, mailer=relay, pri<*> relay=[<*>] [<*>], dsn=4.0.0, stat=Deferred: Connection refused by [<*>]",0.2863,64.42,171
534,"synchronized to <*>, stratum 3",exact,"synchronized to <*>, stratum 3",1.0,"synchronized to #3#, stratum 1",0.8614,"synchronized to LOCAL(0), stratum 10",0.7396,55.07,171
535,data_thread() got not answer from any [Thunderbird_A5] datasource,partial,data_thread() got not answer from any <*> datasource,0.99,asking for cache data failed,0.299,"jA<*> to=root, ctladdr=root (0/0), delay<*> xdelay=00:00:00, mailer=relay, pri<*> relay=[<*>] [<*>], dsn=4.0.0, stat=Deferred: Connection refused by [<*>]",0.282,54.92,171
536,data_thread() got not answer from any [Thunderbird_B1] datasource,partial,data_thread() got not answer from any <*> datasource,0.9853,"jA<*> to=root, ctladdr=root (0/0), delay<*> xdelay=00:00:00, mailer=relay, pri<*> relay=[<*>] [<*>], dsn=4.0.0, stat=Deferred: Connection refused by [<*>]",0.2987,asking for cache data failed,0.2968,59.19,171
537,data_thread() got not answer from any [Thunderbird_B6] datasource,exact,data_thread() got not answer from any <*> datasource,0.9922,asking for cache data failed,0.3049,"jA<*> to=root, ctladdr=root (0/0), delay<*> xdelay=00:00:00, mailer=relay, pri<*> relay=[<*>] [<*>], dsn=4.0.0, stat=Deferred: Connection refused by [<*>]",0.2933,50.79,171
538,[ib_sm_sweep.c:1831]: ********************** NEW SWEEP ********************,exact,[ib_sm_sweep.c:1831]: ********************** NEW SWEEP ********************,1.0,[ib_sm_sweep.c:1482]: No configuration change required,0.6595,[ib_sm_sweep.c:1455]: No topology change,0.5394,53.95,171
539,data_thread() got not answer from any [Thunderbird_A4] datasource,exact,data_thread() got not answer from any <*> datasource,0.9914,"jA<*> to=root, ctladdr=root (0/0), delay<*> xdelay=00:00:00, mailer=relay, pri<*> relay=[<*>] [<*>], dsn=4.0.0, stat=Deferred: Connection refused by [<*>]",0.2988,asking for cache data failed,0.2979,51.38,171
540,"synchronized to <*>, stratum 3",exact,"synchronized to <*>, stratum 3",1.0,"synchronized to #3#, stratum 1",0.8614,"synchronized to LOCAL(0), stratum 10",0.7396,50.67,171
541,data_thread() got not answer from any [Thunderbird_A2] datasource,partial,data_thread() got not answer from any <*> datasource,0.9808,"jA<*> to=root, ctladdr=root (0/0), delay<*> xdelay=00:00:00, mailer=relay, pri<*> relay=[<*>] [<*>], dsn=4.0.0, stat=Deferred: Connection refused by [<*>]",0.2889,asking for cache data failed,0.2878,51.1,171
542,data_thread() got not answer from any [Thunderbird_C5] datasource,partial,data_thread() got not answer from any <*> datasource,0.9892,asking for cache data failed,0.3035,"jA<*> to=root, ctladdr=root (0/0), delay<*> xdelay=00:00:00, mailer=relay, pri<*> relay=[<*>] [<*>], dsn=4.0.0, stat=Deferred: Connection refused by [<*>]",0.2796,50.96,171
543,data_thread() got not answer from any [Thunderbird_D7] datasource,exact,data_thread() got not answer from any <*> datasource,0.9907,asking for cache data failed,0.3009,"jA<*> to=root, ctladdr=root (0/0), delay<*> xdelay=00:00:00, mailer=relay, pri<*> relay=[<*>] [<*>], dsn=4.0.0, stat=Deferred: Connection refused by [<*>]",0.2901,50.77,171
544,[ib_sm_sweep.c:1455]: No topology change,exact,[ib_sm_sweep.c:1455]: No topology change,1.0,[ib_sm_sweep.c:1482]: No configuration change required,0.7019,[ib_sm_sweep.c:1831]: ********************** NEW SWEEP ********************,0.5394,50.68,171
545,[ib_sm_sweep.c:1482]: No configuration change required,exact,[ib_sm_sweep.c:1482]: No configuration change required,1.0,[ib_sm_sweep.c:1455]: No topology change,0.7019,[ib_sm_sweep.c:1831]: ********************** NEW SWEEP ********************,0.6595,50.92,171
546,data_thread() got not answer from any [Thunderbird_B8] datasource,partial,data_thread() got not answer from any <*> datasource,0.9888,asking for cache data failed,0.3075,"jA<*> to=root, ctladdr=root (0/0), delay<*> xdelay=00:00:00, mailer=relay, pri<*> relay=[<*>] [<*>], dsn=4.0.0, stat=Deferred: Connection refused by [<*>]",0.3061,51.16,171
547,data_thread() got not answer from any [Thunderbird_A8] datasource,partial,data_thread() got not answer from any <*> datasource,0.9879,"jA<*> to=root, ctladdr=root (0/0), delay<*> xdelay=00:00:00, mailer=relay, pri<*> relay=[<*>] [<*>], dsn=4.0.0, stat=Deferred: Connection refused by [<*>]",0.3033,asking for cache data failed,0.2966,51.16,171
548,data_thread() got not answer from any [Thunderbird_B2] datasource,partial,data_thread() got not answer from any <*> datasource,0.9898,asking for cache data failed,0.3018,"jA<*> to=root, ctladdr=root (0/0), delay<*> xdelay=00:00:00, mailer=relay, pri<*> relay=[<*>] [<*>], dsn=4.0.0, stat=Deferred: Connection refused by [<*>]",0.3004,50.66,171
549,"synchronized to <*>, stratum 3",exact,"synchronized to <*>, stratum 3",1.0,"synchronized to #3#, stratum 1",0.8614,"synchronized to LOCAL(0), stratum 10",0.7396,50.47,171
550,"synchronized to <*>, stratum 3",exact,"synchronized to <*>, stratum 3",1.0,"synchronized to #3#, stratum 1",0.8614,"synchronized to LOCAL(0), stratum 10",0.7396,50.33,171
551,data_thread() got not answer from any [Thunderbird_A7] datasource,partial,data_thread() got not answer from any <*> datasource,0.9883,asking for cache data failed,0.2967,"jA<*> to=root, ctladdr=root (0/0), delay<*> xdelay=00:00:00, mailer=relay, pri<*> relay=[<*>] [<*>], dsn=4.0.0, stat=Deferred: Connection refused by [<*>]",0.2878,51.24,171
552,data_thread() got not answer from any [Thunderbird_C1] datasource,partial,data_thread() got not answer from any <*> datasource,0.9887,"jA<*> to=root, ctladdr=root (0/0), delay<*> xdelay=00:00:00, mailer=relay, pri<*> relay=[<*>] [<*>], dsn=4.0.0, stat=Deferred: Connection refused by [<*>]",0.2924,asking for cache data failed,0.2902,51.67,171
553,"Device: /dev/sda, Temperature changed -2 Celsius to 26 Celsius since last report",new,"Device: /dev/sda, Temperature changed -2 Celsius to 26 Celsius since last report",1.0,,0.0,,0.0,52.22,172
554,data_thread() got not answer from any [Thunderbird_A1] datasource,partial,data_thread() got not answer from any <*> datasource,0.9734,"jA<*> to=root, ctladdr=root (0/0), delay<*> xdelay=00:00:00, mailer=relay, pri<*> relay=[<*>] [<*>], dsn=4.0.0, stat=Deferred: Connection refused by [<*>]",0.283,asking for cache data failed,0.2757,51.53,172
555,data_thread() got not answer from any [Thunderbird_C8] datasource,partial,data_thread() got not answer from any <*> datasource,0.9878,asking for cache data failed,0.3005,"jA<*> to=root, ctladdr=root (0/0), delay<*> xdelay=00:00:00, mailer=relay, pri<*> relay=[<*>] [<*>], dsn=4.0.0, stat=Deferred: Connection refused by [<*>]",0.3,53.0,172
556,"synchronized to <*>, stratum 3",exact,"synchronized to <*>, stratum 3",1.0,"synchronized to #3#, stratum 1",0.8614,"synchronized to LOCAL(0), stratum 10",0.7396,50.76,172
557,data_thread() got not answer from any [Thunderbird_B7] datasource,partial,data_thread() got not answer from any <*> datasource,0.9895,asking for cache data failed,0.3055,"jA<*> to=root, ctladdr=root (0/0), delay<*> xdelay=00:00:00, mailer=relay, pri<*> relay=[<*>] [<*>], dsn=4.0.0, stat=Deferred: Connection refused by [<*>]",0.2916,51.14,172
558,data_thread() got not answer from any [Thunderbird_C6] datasource,exact,data_thread() got not answer from any <*> datasource,0.9902,asking for cache data failed,0.297,"jA<*> to=root, ctladdr=root (0/0), delay<*> xdelay=00:00:00, mailer=relay, pri<*> relay=[<*>] [<*>], dsn=4.0.0, stat=Deferred: Connection refused by [<*>]",0.2868,51.07,172
559,"synchronized to <*>, stratum 3",exact,"synchronized to <*>, stratum 3",1.0,"synchronized to #3#, stratum 1",0.8614,"synchronized to LOCAL(0), stratum 10",0.7396,50.77,172
560,data_thread() got not answer from any [Thunderbird_B3] datasource,partial,data_thread() got not answer from any <*> datasource,0.9893,asking for cache data failed,0.3078,"jA<*> to=root, ctladdr=root (0/0), delay<*> xdelay=00:00:00, mailer=relay, pri<*> relay=[<*>] [<*>], dsn=4.0.0, stat=Deferred: Connection refused by [<*>]",0.2943,50.98,172
561,data_thread() got not answer from any [Thunderbird_D5] datasource,partial,data_thread() got not answer from any <*> datasource,0.9873,asking for cache data failed,0.3065,"jA<*> to=root, ctladdr=root (0/0), delay<*> xdelay=00:00:00, mailer=relay, pri<*> relay=[<*>] [<*>], dsn=4.0.0, stat=Deferred: Connection refused by [<*>]",0.2811,51.06,172
562,[ib_sm_sweep.c:1831]: ********************** NEW SWEEP ********************,exact,[ib_sm_sweep.c:1831]: ********************** NEW SWEEP ********************,1.0,[ib_sm_sweep.c:1482]: No configuration change required,0.6595,[ib_sm_sweep.c:1455]: No topology change,0.5394,53.59,172
563,data_thread() got not answer from any [Thunderbird_D8] datasource,partial,data_thread() got not answer from any <*> datasource,0.9877,asking for cache data failed,0.3057,"jA<*> to=root, ctladdr=root (0/0), delay<*> xdelay=00:00:00, mailer=relay, pri<*> relay=[<*>] [<*>], dsn=4.0.0, stat=Deferred: Connection refused by [<*>]",0.3019,51.75,172
564,data_thread() got not answer from any [Thunderbird_B4] datasource,exact,data_thread() got not answer from any <*> datasource,0.992,asking for cache data failed,0.309,"jA<*> to=root, ctladdr=root (0/0), delay<*> xdelay=00:00:00, mailer=relay, pri<*> relay=[<*>] [<*>], dsn=4.0.0, stat=Deferred: Connection refused by [<*>]",0.3017,51.17,172
565,[ib_sm_sweep.c:1455]: No topology change,exact,[ib_sm_sweep.c:1455]: No topology change,1.0,[ib_sm_sweep.c:1482]: No configuration change required,0.7019,[ib_sm_sweep.c:1831]: ********************** NEW SWEEP ********************,0.5394,50.88,172
566,[ib_sm_sweep.c:1482]: No configuration change required,exact,[ib_sm_sweep.c:1482]: No configuration change required,1.0,[ib_sm_sweep.c:1455]: No topology change,0.7019,[ib_sm_sweep.c:1831]: ********************** NEW SWEEP ********************,0.6595,50.83,172
567,data_thread() got not answer from any [Thunderbird_D4] datasource,partial,data_thread() got not answer from any <*> datasource,0.9834,asking for cache data failed,0.3035,"jA<*> to=root, ctladdr=root (0/0), delay<*> xdelay=00:00:00, mailer=relay, pri<*> relay=[<*>] [<*>], dsn=4.0.0, stat=Deferred: Connection refused by [<*>]",0.3024,51.19,172
568,"synchronized to <*>, stratum 3",exact,"synchronized to <*>, stratum 3",1.0,"synchronized to #3#, stratum 1",0.8614,"synchronized to LOCAL(0), stratum 10",0.7396,50.71,172
569,data_thread() got not answer from any [Thunderbird_A6] datasource,exact,data_thread() got not answer from any <*> datasource,0.9921,asking for cache data failed,0.2937,"jA<*> to=root, ctladdr=root (0/0), delay<*> xdelay=00:00:00, mailer=relay, pri<*> relay=[<*>] [<*>], dsn=4.0.0, stat=Deferred: Connection refused by [<*>]",0.2887,51.03,172
570,"synchronized to <*>, stratum 3",exact,"synchronized to <*>, stratum 3",1.0,"synchronized to #3#, stratum 1",0.8614,"synchronized to LOCAL(0), stratum 10",0.7396,50.66,172
571,data_thread() got not answer from any [Thunderbird_C2] datasource,partial,data_thread() got not answer from any <*> datasource,0.98,asking for cache data failed,0.2943,connection lost: 'Connection closed.',0.2809,51.37,172
572,"synchronized to <*>, stratum 3",exact,"synchronized to <*>, stratum 3",1.0,"synchronized to #3#, stratum 1",0.8614,"synchronized to LOCAL(0), stratum 10",0.7396,51.1,172
573,data_thread() got not answer from any [Thunderbird_D6] datasource,partial,data_thread() got not answer from any <*> datasource,0.988,asking for cache data failed,0.298,"jA<*> to=root, ctladdr=root (0/0), delay<*> xdelay=00:00:00, mailer=relay, pri<*> relay=[<*>] [<*>], dsn=4.0.0, stat=Deferred: Connection refused by [<*>]",0.2862,51.56,172
574,"synchronized to <*>, stratum 3",exact,"synchronized to <*>, stratum 3",1.0,"synchronized to #3#, stratum 1",0.8614,"synchronized to LOCAL(0), stratum 10",0.7396,51.27,172
575,"synchronized to <*>, stratum 3",exact,"synchronized to <*>, stratum 3",1.0,"synchronized to #3#, stratum 1",0.8614,"synchronized to LOCAL(0), stratum 10",0.7396,50.82,172
576,"synchronized to <*>, stratum 3",exact,"synchronized to <*>, stratum 3",1.0,"synchronized to #3#, stratum 1",0.8614,"synchronized to LOCAL(0), stratum 10",0.7396,50.67,172
577,data_thread() got not answer from any [Thunderbird_A5] datasource,partial,data_thread() got not answer from any <*> datasource,0.9899,asking for cache data failed,0.299,"jA<*> to=root, ctladdr=root (0/0), delay<*> xdelay=00:00:00, mailer=relay, pri<*> relay=[<*>] [<*>], dsn=4.0.0, stat=Deferred: Connection refused by [<*>]",0.282,51.1,172
578,"synchronized to <*>, stratum 3",exact,"synchronized to <*>, stratum 3",1.0,"synchronized to #3#, stratum 1",0.8614,"synchronized to LOCAL(0), stratum 10",0.7396,50.81,172
579,data_thread() got not answer from any [Thunderbird_A4] datasource,exact,data_thread() got not answer from any <*> datasource,0.9914,"jA<*> to=root, ctladdr=root (0/0), delay<*> xdelay=00:00:00, mailer=relay, pri<*> relay=[<*>] [<*>], dsn=4.0.0, stat=Deferred: Connection refused by [<*>]",0.2988,asking for cache data failed,0.2979,51.14,172
580,data_thread() got not answer from any [Thunderbird_C4] datasource,exact,data_thread() got not answer from any <*> datasource,0.9912,asking for cache data failed,0.3033,"jA<*> to=root, ctladdr=root (0/0), delay<*> xdelay=00:00:00, mailer=relay, pri<*> relay=[<*>] [<*>], dsn=4.0.0, stat=Deferred: Connection refused by [<*>]",0.2989,51.02,172
581,"synchronized to <*>, stratum 3",exact,"synchronized to <*>, stratum 3",1.0,"synchronized to #3#, stratum 1",0.8614,"synchronized to LOCAL(0), stratum 10",0.7396,50.61,172
582,data_thread() got not answer from any [Thunderbird_B1] datasource,partial,data_thread() got not answer from any <*> datasource,0.9853,"jA<*> to=root, ctladdr=root (0/0), delay<*> xdelay=00:00:00, mailer=relay, pri<*> relay=[<*>] [<*>], dsn=4.0.0, stat=Deferred: Connection refused by [<*>]",0.2987,asking for cache data failed,0.2968,51.24,172
583,[ib_sm_sweep.c:1831]: ********************** NEW SWEEP ********************,exact,[ib_sm_sweep.c:1831]: ********************** NEW SWEEP ********************,1.0,[ib_sm_sweep.c:1482]: No configuration change required,0.6595,[ib_sm_sweep.c:1455]: No topology change,0.5394,53.56,172
584,data_thread() got not answer from any [Thunderbird_A3] datasource,partial,data_thread() got not answer from any <*> datasource,0.9863,asking for cache data failed,0.2981,"jA<*> to=root, ctladdr=root (0/0), delay<*> xdelay=00:00:00, mailer=relay, pri<*> relay=[<*>] [<*>], dsn=4.0.0, stat=Deferred: Connection refused by [<*>]",0.2863,51.69,172
585,data_thread() got not answer from any [Thunderbird_B5] datasource,partial,data_thread() got not answer from any <*> datasource,0.989,asking for cache data failed,0.3083,"jA<*> to=root, ctladdr=root (0/0), delay<*> xdelay=00:00:00, mailer=relay, pri<*> relay=[<*>] [<*>], dsn=4.0.0, stat=Deferred: Connection refused by [<*>]",0.2863,51.29,172
586,"synchronized to <*>, stratum 3",exact,"synchronized to <*>, stratum 3",1.0,"synchronized to #3#, stratum 1",0.8614,"synchronized to LOCAL(0), stratum 10",0.7396,51.79,172
587,"synchronized to <*>, stratum 3",exact,"synchronized to <*>, stratum 3",1.0,"synchronized to #3#, stratum 1",0.8614,"synchronized to LOCAL(0), stratum 10",0.7396,50.59,172
588,data_thread() got not answer from any [Thunderbird_B2] datasource,partial,data_thread() got not answer from any <*> datasource,0.9898,asking for cache data failed,0.3018,"jA<*> to=root, ctladdr=root (0/0), delay<*> xdelay=00:00:00, mailer=relay, pri<*> relay=[<*>] [<*>], dsn=4.0.0, stat=Deferred: Connection refused by [<*>]",0.3004,51.07,172
589,data_thread() got not answer from any [Thunderbird_B6] datasource,exact,data_thread() got not answer from any <*> datasource,0.9922,asking for cache data failed,0.3049,"jA<*> to=root, ctladdr=root (0/0), delay<*> xdelay=00:00:00, mailer=relay, pri<*> relay=[<*>] [<*>], dsn=4.0.0, stat=Deferred: Connection refused by [<*>]",0.2933,50.97,172
590,data_thread() got not answer from any [Thunderbird_A8] datasource,partial,data_thread() got not answer from any <*> datasource,0.9879,"jA<*> to=root, ctladdr=root (0/0), delay<*> xdelay=00:00:00, mailer=relay, pri<*> relay=[<*>] [<*>], dsn=4.0.0, stat=Deferred: Connection refused by [<*>]",0.3033,asking for cache data failed,0.2966,51.11,172
591,[ib_sm_sweep.c:1455]: No topology change,exact,[ib_sm_sweep.c:1455]: No topology change,1.0,[ib_sm_sweep.c:1482]: No configuration change required,0.7019,[ib_sm_sweep.c:1831]: ********************** NEW SWEEP ********************,0.5394,51.28,172
592,[ib_sm_sweep.c:1482]: No configuration change required,exact,[ib_sm_sweep.c:1482]: No configuration change required,1.0,[ib_sm_sweep.c:1455]: No topology change,0.7019,[ib_sm_sweep.c:1831]: ********************** NEW SWEEP ********************,0.6595,51.31,172
593,"synchronized to <*>, stratum 3",exact,"synchronized to <*>, stratum 3",1.0,"synchronized to #3#, stratum 1",0.8614,"synchronized to LOCAL(0), stratum 10",0.7396,50.92,172
594,"synchronized to <*>, stratum 3",exact,"synchronized to <*>, stratum 3",1.0,"synchronized to #3#, stratum 1",0.8614,"synchronized to LOCAL(0), stratum 10",0.7396,50.63,172
595,"synchronized to <*>, stratum 3",exact,"synchronized to <*>, stratum 3",1.0,"synchronized to #3#, stratum 1",0.8614,"synchronized to LOCAL(0), stratum 10",0.7396,50.93,172
596,"synchronized to <*>, stratum 3",exact,"synchronized to <*>, stratum 3",1.0,"synchronized to #3#, stratum 1",0.8614,"synchronized to LOCAL(0), stratum 10",0.7396,50.65,172
597,data_thread() got not answer from any [Thunderbird_D7] datasource,exact,data_thread() got not answer from any <*> datasource,0.9907,asking for cache data failed,0.3009,"jA<*> to=root, ctladdr=root (0/0), delay<*> xdelay=00:00:00, mailer=relay, pri<*> relay=[<*>] [<*>], dsn=4.0.0, stat=Deferred: Connection refused by [<*>]",0.2901,51.14,172
598,"synchronized to <*>, stratum 3",exact,"synchronized to <*>, stratum 3",1.0,"synchronized to #3#, stratum 1",0.8614,"synchronized to LOCAL(0), stratum 10",0.7396,51.13,172
599,"synchronized to <*>, stratum 3",exact,"synchronized to <*>, stratum 3",1.0,"synchronized to #3#, stratum 1",0.8614,"synchronized to LOCAL(0), stratum 10",0.7396,50.63,172
600,"synchronized to <*>, stratum 3",exact,"synchronized to <*>, stratum 3",1.0,"synchronized to #3#, stratum 1",0.8614,"synchronized to LOCAL(0), stratum 10",0.7396,50.65,172
