log_id,normalised,match_type,top1_template,top1_score,top2_template,top2_score,top3_template,top3_score,latency_ms,store_size
1,caught end of stream exception,exact,caught end of stream exception,1.0,<*> - ERROR [LearnerHandler-<*>:LearnerHandler@562] - Unexpected exception causing shutdown while sock still open,0.3761,Interrupted while waiting for message on queue,0.3684,29.28,45
2,Client attempting to establish new session at <*>,exact,Client attempting to establish new session at <*>,1.0,Client attempting to renew session <*> at <*>,0.681,Closed socket connection for client <*> (no session established for client),0.6054,20.5,45
3,Established session 0x24f0557806a001e with negotiated timeout 10000 for client <*>,exact,Established session <*> with negotiated timeout <*> for client <*>,0.9905,Expiring session <*> timeout of <*> exceeded,0.6882,Client attempting to renew session <*> at <*>,0.677,19.02,45
4,Connection request from old client <*>; will be dropped if server is in r-o mode,exact,Connection request from old client <*>; will be dropped if server is in r-o mode,1.0,Closed socket connection for client <*> (no session established for client),0.5625,"Have smaller server identifier, so dropping the connection: (2, 1)",0.5493,18.17,45
5,Connection request from old client <*>; will be dropped if server is in r-o mode,exact,Connection request from old client <*>; will be dropped if server is in r-o mode,1.0,Closed socket connection for client <*> (no session established for client),0.5625,"Have smaller server identifier, so dropping the connection: (2, 1)",0.5493,17.94,45
6,Revalidating client: 0x24f0557806a001c,partial,Revalidating client: <*>,0.9247,Client attempting to renew session <*> at <*>,0.6011,Established session <*> with negotiated timeout <*> for client <*>,0.472,18.03,45
7,autopurge.purgeInterval set to 0,exact,autopurge.purgeInterval set to 0,1.0,autopurge.snapRetainCount set to 3,0.3731,Expiring session <*> timeout of <*> exceeded,0.3046,17.74,45
8,maxSessionTimeout set to -1,new,maxSessionTimeout set to -1,1.0,,0.0,,0.0,17.97,46
9,Received connection request <*>,exact,Received connection request <*>,1.0,Accepted socket connection from <*>,0.6767,Connection request from old client <*>; will be dropped if server is in r-o mode,0.4974,17.71,46
10,FOLLOWING,exact,FOLLOWING,1.0,LOOKING,0.437,"Notification: <*> (n.leader), <*> (n.zxid), <*> (n.round), <*> (n.state), <*> (n.sid), <*> (n.peerEPoch), <*> (my state)",0.3104,19.7,46
11,Connection request from old client <*>; will be dropped if server is in r-o mode,exact,Connection request from old client <*>; will be dropped if server is in r-o mode,1.0,Closed socket connection for client <*> (no session established for client),0.5625,"Have smaller server identifier, so dropping the connection: (2, 1)",0.5493,20.01,46
12,Accepted socket connection from <*>,exact,Accepted socket connection from <*>,1.0,Received connection request <*>,0.6767,Closed socket connection for client <*> (no session established for client),0.6361,18.28,46
13,Client attempting to renew session 0x24f0557806a0020 at <*>,partial,Client attempting to renew session <*> at <*>,0.9543,Established session <*> with negotiated timeout <*> for client <*>,0.6944,Client attempting to establish new session at <*>,0.6774,18.44,46
14,caught end of stream exception,exact,caught end of stream exception,1.0,<*> - ERROR [LearnerHandler-<*>:LearnerHandler@562] - Unexpected exception causing shutdown while sock still open,0.3761,Interrupted while waiting for message on queue,0.3684,18.47,46
15,Closed socket connection for client <*> which had sessionid 0x24f0557806a001b,exact,Closed socket connection for client <*> which had sessionid <*>,0.9915,Closed socket connection for client <*> (no session established for client),0.867,Established session <*> with negotiated timeout <*> for client <*>,0.6294,18.87,46
16,Established session 0x24f1724b8af0009 with negotiated timeout 10000 for client <*>,partial,Established session <*> with negotiated timeout <*> for client <*>,0.9865,Client attempting to renew session <*> at <*>,0.6896,Processed session termination for sessionid: <*>,0.6711,18.52,46
17,Accepted socket connection from <*>,exact,Accepted socket connection from <*>,1.0,Received connection request <*>,0.6767,Closed socket connection for client <*> (no session established for client),0.6361,18.03,46
18,Server environment:java.class.path=/etc/zookeeper/conf:/usr/share/java/jline.jar:/usr/share/java/log4j-1.2.jar:/usr/share/java/xercesImpl.jar:/usr/share/java/xmlParserAPIs.jar:/usr/share/java/netty.jar:/usr/share/java/slf4j-api.jar:/usr/share/java/slf4j-log4j12.jar:/usr/share/java/zookeeper.jar,fuzzy,"Server environment:zookeeper.version=3.4.5--1, built on <*> 17:26 GMT",0.7389,Snapshotting: <*> to <*>,0.6286,Server environment:user.name=zookeeper,0.6113,26.89,46
19,Have quorum of supporters; starting up and setting last processed zxid: 0xb00000000,new,Have quorum of supporters; starting up and setting last processed zxid: 0xb00000000,1.0,,0.0,,0.0,19.17,47
20,"Notification: 2 (n.leader), 0xa0000009a (n.zxid), 0x1 (n.round), FOLLOWING (n.state), 1 (n.sid), 0xa (n.peerEPoch), LEADING (my state)",partial,"Notification: <*> (n.leader), <*> (n.zxid), <*> (n.round), <*> (n.state), <*> (n.sid), <*> (n.peerEPoch), <*> (my state)",0.9709,"New election. My id = 1, proposed <*>",0.4675,Have quorum of supporters; starting up and setting last processed zxid: 0xb00000000,0.4592,20.82,47
21,"Expiring session 0x14f1724a6e80011, timeout of 10000ms exceeded",partial,Expiring session <*> timeout of <*> exceeded,0.9403,Established session <*> with negotiated timeout <*> for client <*>,0.725,Processed session termination for sessionid: <*>,0.6448,22.4,47
22,Processed session termination for sessionid: 0x34f1724a35e000c,partial,Processed session termination for sessionid: <*>,0.9878,Established session <*> with negotiated timeout <*> for client <*>,0.6699,Client attempting to renew session <*> at <*>,0.6391,20.26,47
23,Processed session termination for sessionid: 0x14f1724a6e8000d,partial,Processed session termination for sessionid: <*>,0.9782,Client attempting to renew session <*> at <*>,0.6744,Established session <*> with negotiated timeout <*> for client <*>,0.6576,18.76,47
24,Client attempting to establish new session at <*>,exact,Client attempting to establish new session at <*>,1.0,Client attempting to renew session <*> at <*>,0.6869,Closed socket connection for client <*> (no session established for client),0.6054,18.73,47
25,"Expiring session 0x14f3fdae8ba0002, timeout of 10000ms exceeded",partial,Expiring session <*> timeout of <*> exceeded,0.967,Established session <*> with negotiated timeout <*> for client <*>,0.7089,Processed session termination for sessionid: <*>,0.639,19.1,47
26,Processed session termination for sessionid: 0x14f3fdae8ba0001,partial,Processed session termination for sessionid: <*>,0.9756,Expiring session <*> timeout of <*> exceeded,0.6577,Established session <*> with negotiated timeout <*> for client <*>,0.6512,18.48,47
27,"Expiring session 0x24f3fdaf738000a, timeout of 10000ms exceeded",partial,Expiring session <*> timeout of <*> exceeded,0.9381,Established session <*> with negotiated timeout <*> for client <*>,0.697,Processed session termination for sessionid: <*>,0.6239,19.53,47
28,shutdown of request processor complete,new,shutdown of request processor complete,1.0,,0.0,,0.0,18.53,48
29,Accepted socket connection from <*>,exact,Accepted socket connection from <*>,1.0,Received connection request <*>,0.6767,Closed socket connection for client <*> (no session established for client),0.6361,18.34,48
30,Exception causing close of session 0x0 due to java.io.IOException: ZooKeeperServer not running,exact,Exception causing close of session <*> due to java.io.IOException: ZooKeeperServer not running,1.0,"Server environment:zookeeper.version=3.4.5--1, built on <*> 17:26 GMT",0.6697,Got user-level KeeperException when processing sessionid:0x34ed93485090001 type:create cxid:0x55b8bb0f <*> txntype:-1 reqpath:n/a Error Path:/home/curi/.zookeeper Error:KeeperErrorCode = NodeExists for /home/curi/.zookeeper,0.6047,19.9,48
31,Closed socket connection for client <*> (no session established for client),exact,Closed socket connection for client <*> (no session established for client),1.0,Closed socket connection for client <*> which had sessionid <*>,0.8708,Accepted socket connection from <*>,0.6361,20.24,48
32,Exception causing close of session 0x0 due to java.io.IOException: ZooKeeperServer not running,exact,Exception causing close of session <*> due to java.io.IOException: ZooKeeperServer not running,1.0,"Server environment:zookeeper.version=3.4.5--1, built on <*> 17:26 GMT",0.6697,Got user-level KeeperException when processing sessionid:0x34ed93485090001 type:create cxid:0x55b8bb0f <*> txntype:-1 reqpath:n/a Error Path:/home/curi/.zookeeper Error:KeeperErrorCode = NodeExists for /home/curi/.zookeeper,0.6047,19.94,48
33,First is 0x0,new,First is 0x0,1.0,,0.0,,0.0,18.75,49
34,"Notification: 1 (n.leader), 0xb0000007b (n.zxid), 0x2 (n.round), LOOKING (n.state), 1 (n.sid), 0xb (n.peerEPoch), LEADING (my state)",exact,"Notification: <*> (n.leader), <*> (n.zxid), <*> (n.round), <*> (n.state), <*> (n.sid), <*> (n.peerEPoch), <*> (my state)",0.9903,Have quorum of supporters; starting up and setting last processed zxid: 0xb00000000,0.4476,"New election. My id = 1, proposed <*>",0.4301,22.01,49
35,"Notification: 1 (n.leader), 0xb0000007b (n.zxid), 0x2 (n.round), LOOKING (n.state), 1 (n.sid), 0xb (n.peerEPoch), LEADING (my state)",exact,"Notification: <*> (n.leader), <*> (n.zxid), <*> (n.round), <*> (n.state), <*> (n.sid), <*> (n.peerEPoch), <*> (my state)",0.9928,Have quorum of supporters; starting up and setting last processed zxid: 0xb00000000,0.4476,"New election. My id = 1, proposed <*>",0.4301,23.81,49
36,"Expiring session 0x14f3fdae8ba0017, timeout of 10000ms exceeded",partial,Expiring session <*> timeout of <*> exceeded,0.9767,Established session <*> with negotiated timeout <*> for client <*>,0.7065,Processed session termination for sessionid: <*>,0.652,21.21,49
37,"Expiring session 0x14f3fdae8ba000c, timeout of 10000ms exceeded",partial,Expiring session <*> timeout of <*> exceeded,0.9832,Established session <*> with negotiated timeout <*> for client <*>,0.7037,Processed session termination for sessionid: <*>,0.6389,19.64,49
38,"Expiring session 0x24f3fdaf7380008, timeout of 10000ms exceeded",partial,Expiring session <*> timeout of <*> exceeded,0.9547,Established session <*> with negotiated timeout <*> for client <*>,0.6995,Processed session termination for sessionid: <*>,0.6256,19.28,49
39,Closed socket connection for client <*> which had sessionid 0x24f4a631df90002,exact,Closed socket connection for client <*> which had sessionid <*>,0.9935,Closed socket connection for client <*> (no session established for client),0.8686,Established session <*> with negotiated timeout <*> for client <*>,0.6333,19.2,49
40,"Expiring session 0x24f4a631df90002, timeout of 10000ms exceeded",partial,Expiring session <*> timeout of <*> exceeded,0.9667,Established session <*> with negotiated timeout <*> for client <*>,0.7433,Processed session termination for sessionid: <*>,0.632,19.26,49
41,Established session 0x24f4a631df9000e with negotiated timeout 10000 for client <*>,partial,Established session <*> with negotiated timeout <*> for client <*>,0.9868,Expiring session <*> timeout of <*> exceeded,0.7348,Client attempting to renew session <*> at <*>,0.6928,20.69,49
42,Processed session termination for sessionid: 0x34f4a63146b000f,partial,Processed session termination for sessionid: <*>,0.987,Established session <*> with negotiated timeout <*> for client <*>,0.671,Client attempting to renew session <*> at <*>,0.6434,19.08,49
43,Processed session termination for sessionid: 0x14f4a6318b80004,partial,Processed session termination for sessionid: <*>,0.986,Client attempting to renew session <*> at <*>,0.6766,Established session <*> with negotiated timeout <*> for client <*>,0.67,18.84,49
44,Accepted socket connection from <*>,exact,Accepted socket connection from <*>,1.0,Received connection request <*>,0.6767,Closed socket connection for client <*> (no session established for client),0.6361,18.49,49
45,Established session 0x24f4a631df90016 with negotiated timeout 10000 for client <*>,exact,Established session <*> with negotiated timeout <*> for client <*>,0.9901,Expiring session <*> timeout of <*> exceeded,0.7213,Client attempting to renew session <*> at <*>,0.6888,19.33,49
46,caught end of stream exception,exact,caught end of stream exception,1.0,<*> - ERROR [LearnerHandler-<*>:LearnerHandler@562] - Unexpected exception causing shutdown while sock still open,0.3761,Interrupted while waiting for message on queue,0.3684,18.68,49
47,Closed socket connection for client <*> which had sessionid 0x24f4a631df9000a,exact,Closed socket connection for client <*> which had sessionid <*>,0.9941,Closed socket connection for client <*> (no session established for client),0.8677,Established session <*> with negotiated timeout <*> for client <*>,0.6325,19.31,49
48,Closed socket connection for client <*> which had sessionid 0x24f4a631df9000b,exact,Closed socket connection for client <*> which had sessionid <*>,0.9941,Closed socket connection for client <*> (no session established for client),0.8692,Established session <*> with negotiated timeout <*> for client <*>,0.6348,19.27,49
49,Closed socket connection for client <*> which had sessionid 0x24f4a631df9001d,exact,Closed socket connection for client <*> which had sessionid <*>,0.9949,Closed socket connection for client <*> (no session established for client),0.8698,Established session <*> with negotiated timeout <*> for client <*>,0.6296,19.22,49
50,Processed session termination for sessionid: 0x14f4a6318b80019,exact,Processed session termination for sessionid: <*>,0.991,Established session <*> with negotiated timeout <*> for client <*>,0.671,Client attempting to renew session <*> at <*>,0.6674,19.03,49
51,Client attempting to establish new session at <*>,exact,Client attempting to establish new session at <*>,1.0,Client attempting to renew session <*> at <*>,0.6869,Closed socket connection for client <*> (no session established for client),0.6054,18.86,49
52,Connection request from old client <*>; will be dropped if server is in r-o mode,exact,Connection request from old client <*>; will be dropped if server is in r-o mode,1.0,Closed socket connection for client <*> (no session established for client),0.5625,"Have smaller server identifier, so dropping the connection: (2, 1)",0.5493,18.99,49
53,"Expiring session 0x34f4a63146b0048, timeout of 10000ms exceeded",partial,Expiring session <*> timeout of <*> exceeded,0.9633,Established session <*> with negotiated timeout <*> for client <*>,0.7374,Processed session termination for sessionid: <*>,0.6497,19.35,49
54,autopurge.purgeInterval set to 0,exact,autopurge.purgeInterval set to 0,1.0,autopurge.snapRetainCount set to 3,0.3731,maxSessionTimeout set to -1,0.3539,18.95,49
55,Reading snapshot /var/lib/zookeeper/version-2/snapshot.b00000084,partial,Snapshotting: <*> to <*>,0.9026,"Server environment:zookeeper.version=3.4.5--1, built on <*> 17:26 GMT",0.7879,Server environment:user.name=zookeeper,0.641,19.77,49
56,Sending DIFF,new,Sending DIFF,1.0,,0.0,,0.0,19.11,50
57,"Expiring session 0x24f4a631df90029, timeout of 10000ms exceeded",partial,Expiring session <*> timeout of <*> exceeded,0.9755,Established session <*> with negotiated timeout <*> for client <*>,0.7468,Processed session termination for sessionid: <*>,0.6314,19.57,50
58,Processed session termination for sessionid: 0x34f4a63146b003c,partial,Processed session termination for sessionid: <*>,0.9889,Established session <*> with negotiated timeout <*> for client <*>,0.6676,Client attempting to renew session <*> at <*>,0.6383,19.64,50
59,Processed session termination for sessionid: 0x14f4a6318b8002f,partial,Processed session termination for sessionid: <*>,0.9853,Client attempting to renew session <*> at <*>,0.6753,Established session <*> with negotiated timeout <*> for client <*>,0.6729,21.48,50
60,LOOKING,exact,LOOKING,1.0,FOLLOWING,0.437,"Notification: <*> (n.leader), <*> (n.zxid), <*> (n.round), <*> (n.state), <*> (n.sid), <*> (n.peerEPoch), <*> (my state)",0.2221,19.56,50
61,Getting a snapshot from leader,new,Getting a snapshot from leader,1.0,,0.0,,0.0,19.39,51
62,Cannot open channel to 2 at election address <*>,exact,Cannot open channel to 2 at election address <*>,1.0,Cannot open channel to 3 at election address <*>,0.8994,My election bind port: <*>,0.5587,19.38,51
63,"Notification: 3 (n.leader), 0x0 (n.zxid), 0x1 (n.round), LOOKING (n.state), 3 (n.sid), 0x0 (n.peerEPoch), LOOKING (my state)",partial,"Notification: <*> (n.leader), <*> (n.zxid), <*> (n.round), <*> (n.state), <*> (n.sid), <*> (n.peerEPoch), <*> (my state)",0.9771,Have quorum of supporters; starting up and setting last processed zxid: 0xb00000000,0.4184,"New election. My id = 1, proposed <*>",0.3982,23.31,51
64,"Notification: 3 (n.leader), 0x0 (n.zxid), 0x1 (n.round), LOOKING (n.state), 3 (n.sid), 0x0 (n.peerEPoch), LOOKING (my state)",partial,"Notification: <*> (n.leader), <*> (n.zxid), <*> (n.round), <*> (n.state), <*> (n.sid), <*> (n.peerEPoch), <*> (my state)",0.9819,Have quorum of supporters; starting up and setting last processed zxid: 0xb00000000,0.4184,"New election. My id = 1, proposed <*>",0.3982,23.41,51
65,Interrupted while waiting for message on queue,exact,Interrupted while waiting for message on queue,1.0,Interrupting SendWorker,0.4235,Notification time out: <*>,0.4219,19.93,51
66,"Connection broken for id 188978561024, my id = 3, error =",partial,Connection broken for id <*> my id = <*> error =,0.9726,"Connection broken for id 3, my id = 1, error =",0.8904,"Have smaller server identifier, so dropping the connection: (2, 1)",0.4924,19.85,51
67,"Connection broken for id 188978561024, my id = 3, error =",partial,Connection broken for id <*> my id = <*> error =,0.9845,"Connection broken for id 3, my id = 1, error =",0.8904,"Have smaller server identifier, so dropping the connection: (2, 1)",0.4924,19.7,51
68,Send worker leaving thread,exact,Send worker leaving thread,1.0,Interrupting SendWorker,0.6386,shutdown of request processor complete,0.3542,19.28,51
69,Send worker leaving thread,exact,Send worker leaving thread,1.0,Interrupting SendWorker,0.6386,shutdown of request processor complete,0.3542,19.19,51
70,Send worker leaving thread,exact,Send worker leaving thread,1.0,Interrupting SendWorker,0.6386,shutdown of request processor complete,0.3542,18.98,51
71,Interrupted while waiting for message on queue,exact,Interrupted while waiting for message on queue,1.0,Interrupting SendWorker,0.4235,Notification time out: <*>,0.4219,19.09,51
72,Interrupting SendWorker,exact,Interrupting SendWorker,1.0,Send worker leaving thread,0.6386,Interrupted while waiting for message on queue,0.4235,19.1,51
73,Send worker leaving thread,exact,Send worker leaving thread,1.0,Interrupting SendWorker,0.6386,shutdown of request processor complete,0.3542,19.02,51
74,Send worker leaving thread,exact,Send worker leaving thread,1.0,Interrupting SendWorker,0.6386,shutdown of request processor complete,0.3542,19.02,51
75,Received connection request <*>,exact,Received connection request <*>,1.0,Accepted socket connection from <*>,0.6767,Connection request from old client <*>; will be dropped if server is in r-o mode,0.4974,19.29,51
76,"Connection broken for id 188978561024, my id = 3, error =",exact,Connection broken for id <*> my id = <*> error =,0.9901,"Connection broken for id 3, my id = 1, error =",0.8904,"Have smaller server identifier, so dropping the connection: (2, 1)",0.4924,19.69,51
77,Interrupting SendWorker,exact,Interrupting SendWorker,1.0,Send worker leaving thread,0.6386,Interrupted while waiting for message on queue,0.4235,19.14,51
78,Received connection request <*>,exact,Received connection request <*>,1.0,Accepted socket connection from <*>,0.6767,Connection request from old client <*>; will be dropped if server is in r-o mode,0.4974,19.33,51
79,Interrupted while waiting for message on queue,exact,Interrupted while waiting for message on queue,1.0,Interrupting SendWorker,0.4235,Notification time out: <*>,0.4219,19.26,51
80,"Connection broken for id 188978561024, my id = 3, error =",exact,Connection broken for id <*> my id = <*> error =,0.9931,"Connection broken for id 3, my id = 1, error =",0.8904,"Have smaller server identifier, so dropping the connection: (2, 1)",0.4924,19.51,51
81,Received connection request <*>,exact,Received connection request <*>,1.0,Accepted socket connection from <*>,0.6767,Connection request from old client <*>; will be dropped if server is in r-o mode,0.4974,19.34,51
82,Send worker leaving thread,exact,Send worker leaving thread,1.0,Interrupting SendWorker,0.6386,shutdown of request processor complete,0.3542,18.98,51
83,Received connection request <*>,exact,Received connection request <*>,1.0,Accepted socket connection from <*>,0.6767,Connection request from old client <*>; will be dropped if server is in r-o mode,0.4974,19.07,51
84,Send worker leaving thread,exact,Send worker leaving thread,1.0,Interrupting SendWorker,0.6386,shutdown of request processor complete,0.3542,19.07,51
85,Interrupting SendWorker,exact,Interrupting SendWorker,1.0,Send worker leaving thread,0.6386,Interrupted while waiting for message on queue,0.4235,19.18,51
86,"Connection broken for id 188978561024, my id = 3, error =",exact,Connection broken for id <*> my id = <*> error =,0.9949,"Connection broken for id 3, my id = 1, error =",0.8904,"Have smaller server identifier, so dropping the connection: (2, 1)",0.4924,19.87,51
87,Send worker leaving thread,exact,Send worker leaving thread,1.0,Interrupting SendWorker,0.6386,shutdown of request processor complete,0.3542,18.89,51
88,"Connection broken for id 188978561024, my id = 3, error =",exact,Connection broken for id <*> my id = <*> error =,0.9961,"Connection broken for id 3, my id = 1, error =",0.8904,"Have smaller server identifier, so dropping the connection: (2, 1)",0.4924,19.5,51
89,Send worker leaving thread,exact,Send worker leaving thread,1.0,Interrupting SendWorker,0.6386,shutdown of request processor complete,0.3542,18.96,51
90,"Connection broken for id 188978561024, my id = 3, error =",exact,Connection broken for id <*> my id = <*> error =,0.9969,"Connection broken for id 3, my id = 1, error =",0.8904,"Have smaller server identifier, so dropping the connection: (2, 1)",0.4924,19.33,51
91,Interrupting SendWorker,exact,Interrupting SendWorker,1.0,Send worker leaving thread,0.6386,Interrupted while waiting for message on queue,0.4235,19.05,51
92,Send worker leaving thread,exact,Send worker leaving thread,1.0,Interrupting SendWorker,0.6386,shutdown of request processor complete,0.3542,19.1,51
93,Received connection request <*>,exact,Received connection request <*>,1.0,Accepted socket connection from <*>,0.6767,Connection request from old client <*>; will be dropped if server is in r-o mode,0.4974,19.21,51
94,Received connection request <*>,exact,Received connection request <*>,1.0,Accepted socket connection from <*>,0.6767,Connection request from old client <*>; will be dropped if server is in r-o mode,0.4974,19.24,51
95,Interrupting SendWorker,exact,Interrupting SendWorker,1.0,Send worker leaving thread,0.6386,Interrupted while waiting for message on queue,0.4235,19.03,51
96,Interrupting SendWorker,exact,Interrupting SendWorker,1.0,Send worker leaving thread,0.6386,Interrupted while waiting for message on queue,0.4235,19.04,51
97,Received connection request <*>,exact,Received connection request <*>,1.0,Accepted socket connection from <*>,0.6767,Connection request from old client <*>; will be dropped if server is in r-o mode,0.4974,19.24,51
98,"Connection broken for id 188978561024, my id = 3, error =",exact,Connection broken for id <*> my id = <*> error =,0.9975,"Connection broken for id 3, my id = 1, error =",0.8904,"Have smaller server identifier, so dropping the connection: (2, 1)",0.4924,19.71,51
99,Send worker leaving thread,exact,Send worker leaving thread,1.0,Interrupting SendWorker,0.6386,shutdown of request processor complete,0.3542,19.24,51
100,Received connection request <*>,exact,Received connection request <*>,1.0,Accepted socket connection from <*>,0.6767,Connection request from old client <*>; will be dropped if server is in r-o mode,0.4974,19.2,51
101,Received connection request <*>,exact,Received connection request <*>,1.0,Accepted socket connection from <*>,0.6767,Connection request from old client <*>; will be dropped if server is in r-o mode,0.4974,19.71,51
102,"Connection broken for id 188978561024, my id = 3, error =",exact,Connection broken for id <*> my id = <*> error =,0.9979,"Connection broken for id 3, my id = 1, error =",0.8904,"Have smaller server identifier, so dropping the connection: (2, 1)",0.4924,19.69,51
103,Send worker leaving thread,exact,Send worker leaving thread,1.0,Interrupting SendWorker,0.6386,shutdown of request processor complete,0.3542,20.66,51
104,Interrupted while waiting for message on queue,exact,Interrupted while waiting for message on queue,1.0,Interrupting SendWorker,0.4235,Notification time out: <*>,0.4219,20.22,51
105,"Connection broken for id 188978561024, my id = 3, error =",exact,Connection broken for id <*> my id = <*> error =,0.9983,"Connection broken for id 3, my id = 1, error =",0.8904,"Have smaller server identifier, so dropping the connection: (2, 1)",0.4924,19.83,51
106,"Connection broken for id 188978561024, my id = 3, error =",exact,Connection broken for id <*> my id = <*> error =,0.9985,"Connection broken for id 3, my id = 1, error =",0.8904,"Have smaller server identifier, so dropping the connection: (2, 1)",0.4924,19.53,51
107,Interrupted while waiting for message on queue,exact,Interrupted while waiting for message on queue,1.0,Interrupting SendWorker,0.4235,Notification time out: <*>,0.4219,19.21,51
108,Interrupted while waiting for message on queue,exact,Interrupted while waiting for message on queue,1.0,Interrupting SendWorker,0.4235,Notification time out: <*>,0.4219,18.97,51
109,Send worker leaving thread,exact,Send worker leaving thread,1.0,Interrupting SendWorker,0.6386,shutdown of request processor complete,0.3542,18.98,51
110,"Connection broken for id 188978561024, my id = 3, error =",exact,Connection broken for id <*> my id = <*> error =,0.9987,"Connection broken for id 3, my id = 1, error =",0.8904,"Have smaller server identifier, so dropping the connection: (2, 1)",0.4924,19.5,51
111,Interrupting SendWorker,exact,Interrupting SendWorker,1.0,Send worker leaving thread,0.6386,Interrupted while waiting for message on queue,0.4235,19.39,51
112,Received connection request <*>,exact,Received connection request <*>,1.0,Accepted socket connection from <*>,0.6767,Connection request from old client <*>; will be dropped if server is in r-o mode,0.4974,19.22,51
113,Received connection request <*>,exact,Received connection request <*>,1.0,Accepted socket connection from <*>,0.6767,Connection request from old client <*>; will be dropped if server is in r-o mode,0.4974,19.15,51
114,Interrupted while waiting for message on queue,exact,Interrupted while waiting for message on queue,1.0,Interrupting SendWorker,0.4235,Notification time out: <*>,0.4219,18.97,51
115,"Connection broken for id 188978561024, my id = 3, error =",exact,Connection broken for id <*> my id = <*> error =,0.9989,"Connection broken for id 3, my id = 1, error =",0.8904,"Have smaller server identifier, so dropping the connection: (2, 1)",0.4924,19.63,51
116,Send worker leaving thread,exact,Send worker leaving thread,1.0,Interrupting SendWorker,0.6386,shutdown of request processor complete,0.3542,19.8,51
117,Received connection request <*>,exact,Received connection request <*>,1.0,Accepted socket connection from <*>,0.6767,Connection request from old client <*>; will be dropped if server is in r-o mode,0.4974,19.21,51
118,Send worker leaving thread,exact,Send worker leaving thread,1.0,Interrupting SendWorker,0.6386,shutdown of request processor complete,0.3542,19.17,51
119,Send worker leaving thread,exact,Send worker leaving thread,1.0,Interrupting SendWorker,0.6386,shutdown of request processor complete,0.3542,18.91,51
120,Received connection request <*>,exact,Received connection request <*>,1.0,Accepted socket connection from <*>,0.6767,Connection request from old client <*>; will be dropped if server is in r-o mode,0.4974,19.29,51
121,Received connection request <*>,exact,Received connection request <*>,1.0,Accepted socket connection from <*>,0.6767,Connection request from old client <*>; will be dropped if server is in r-o mode,0.4974,19.05,51
122,Send worker leaving thread,exact,Send worker leaving thread,1.0,Interrupting SendWorker,0.6386,shutdown of request processor complete,0.3542,19.02,51
123,Send worker leaving thread,exact,Send worker leaving thread,1.0,Interrupting SendWorker,0.6386,shutdown of request processor complete,0.3542,19.19,51
124,Send worker leaving thread,exact,Send worker leaving thread,1.0,Interrupting SendWorker,0.6386,shutdown of request processor complete,0.3542,19.05,51
125,Interrupted while waiting for message on queue,exact,Interrupted while waiting for message on queue,1.0,Interrupting SendWorker,0.4235,Notification time out: <*>,0.4219,19.14,51
126,Interrupted while waiting for message on queue,exact,Interrupted while waiting for message on queue,1.0,Interrupting SendWorker,0.4235,Notification time out: <*>,0.4219,18.99,51
127,Send worker leaving thread,exact,Send worker leaving thread,1.0,Interrupting SendWorker,0.6386,shutdown of request processor complete,0.3542,18.8,51
128,Received connection request <*>,exact,Received connection request <*>,1.0,Accepted socket connection from <*>,0.6767,Connection request from old client <*>; will be dropped if server is in r-o mode,0.4974,18.95,51
129,Send worker leaving thread,exact,Send worker leaving thread,1.0,Interrupting SendWorker,0.6386,shutdown of request processor complete,0.3542,19.24,51
130,Send worker leaving thread,exact,Send worker leaving thread,1.0,Interrupting SendWorker,0.6386,shutdown of request processor complete,0.3542,19.63,51
131,Interrupted while waiting for message on queue,exact,Interrupted while waiting for message on queue,1.0,Interrupting SendWorker,0.4235,Notification time out: <*>,0.4219,19.13,51
132,"Connection broken for id 188978561024, my id = 3, error =",exact,Connection broken for id <*> my id = <*> error =,0.999,"Connection broken for id 3, my id = 1, error =",0.8904,"Have smaller server identifier, so dropping the connection: (2, 1)",0.4924,19.61,51
133,"Connection broken for id 188978561024, my id = 3, error =",exact,Connection broken for id <*> my id = <*> error =,0.9991,"Connection broken for id 3, my id = 1, error =",0.8904,"Have smaller server identifier, so dropping the connection: (2, 1)",0.4924,19.47,51
134,"Connection broken for id 188978561024, my id = 3, error =",exact,Connection broken for id <*> my id = <*> error =,0.9992,"Connection broken for id 3, my id = 1, error =",0.8904,"Have smaller server identifier, so dropping the connection: (2, 1)",0.4924,19.54,51
135,Interrupted while waiting for message on queue,exact,Interrupted while waiting for message on queue,1.0,Interrupting SendWorker,0.4235,Notification time out: <*>,0.4219,19.2,51
136,Send worker leaving thread,exact,Send worker leaving thread,1.0,Interrupting SendWorker,0.6386,shutdown of request processor complete,0.3542,19.02,51
137,Send worker leaving thread,exact,Send worker leaving thread,1.0,Interrupting SendWorker,0.6386,shutdown of request processor complete,0.3542,18.99,51
138,Interrupting SendWorker,exact,Interrupting SendWorker,1.0,Send worker leaving thread,0.6386,Interrupted while waiting for message on queue,0.4235,18.87,51
139,Send worker leaving thread,exact,Send worker leaving thread,1.0,Interrupting SendWorker,0.6386,shutdown of request processor complete,0.3542,19.08,51
140,Received connection request <*>,exact,Received connection request <*>,1.0,Accepted socket connection from <*>,0.6767,Connection request from old client <*>; will be dropped if server is in r-o mode,0.4974,19.16,51
141,"Connection broken for id 188978561024, my id = 3, error =",exact,Connection broken for id <*> my id = <*> error =,0.9993,"Connection broken for id 3, my id = 1, error =",0.8904,"Have smaller server identifier, so dropping the connection: (2, 1)",0.4924,19.46,51
142,"Connection broken for id 188978561024, my id = 3, error =",exact,Connection broken for id <*> my id = <*> error =,0.9994,"Connection broken for id 3, my id = 1, error =",0.8904,"Have smaller server identifier, so dropping the connection: (2, 1)",0.4924,19.73,51
143,Interrupted while waiting for message on queue,exact,Interrupted while waiting for message on queue,1.0,Interrupting SendWorker,0.4235,Notification time out: <*>,0.4219,19.26,51
144,Interrupting SendWorker,exact,Interrupting SendWorker,1.0,Send worker leaving thread,0.6386,Interrupted while waiting for message on queue,0.4235,19.07,51
145,Interrupted while waiting for message on queue,exact,Interrupted while waiting for message on queue,1.0,Interrupting SendWorker,0.4235,Notification time out: <*>,0.4219,19.2,51
146,Send worker leaving thread,exact,Send worker leaving thread,1.0,Interrupting SendWorker,0.6386,shutdown of request processor complete,0.3542,19.09,51
147,Interrupting SendWorker,exact,Interrupting SendWorker,1.0,Send worker leaving thread,0.6386,Interrupted while waiting for message on queue,0.4235,19.74,51
148,Send worker leaving thread,exact,Send worker leaving thread,1.0,Interrupting SendWorker,0.6386,shutdown of request processor complete,0.3542,25.51,51
149,Send worker leaving thread,exact,Send worker leaving thread,1.0,Interrupting SendWorker,0.6386,shutdown of request processor complete,0.3542,20.22,51
150,Interrupting SendWorker,exact,Interrupting SendWorker,1.0,Send worker leaving thread,0.6386,Interrupted while waiting for message on queue,0.4235,19.75,51
151,Interrupting SendWorker,exact,Interrupting SendWorker,1.0,Send worker leaving thread,0.6386,Interrupted while waiting for message on queue,0.4235,19.13,51
152,Send worker leaving thread,exact,Send worker leaving thread,1.0,Interrupting SendWorker,0.6386,shutdown of request processor complete,0.3542,19.27,51
153,Received connection request <*>,exact,Received connection request <*>,1.0,Accepted socket connection from <*>,0.6767,Connection request from old client <*>; will be dropped if server is in r-o mode,0.4974,19.07,51
154,Interrupted while waiting for message on queue,exact,Interrupted while waiting for message on queue,1.0,Interrupting SendWorker,0.4235,Notification time out: <*>,0.4219,18.99,51
155,Received connection request <*>,exact,Received connection request <*>,1.0,Accepted socket connection from <*>,0.6767,Connection request from old client <*>; will be dropped if server is in r-o mode,0.4974,19.11,51
156,Send worker leaving thread,exact,Send worker leaving thread,1.0,Interrupting SendWorker,0.6386,shutdown of request processor complete,0.3542,18.89,51
157,"Connection broken for id 188978561024, my id = 3, error =",exact,Connection broken for id <*> my id = <*> error =,0.9994,"Connection broken for id 3, my id = 1, error =",0.8904,"Have smaller server identifier, so dropping the connection: (2, 1)",0.4924,19.22,51
158,Interrupting SendWorker,exact,Interrupting SendWorker,1.0,Send worker leaving thread,0.6386,Interrupted while waiting for message on queue,0.4235,18.99,51
159,Interrupted while waiting for message on queue,exact,Interrupted while waiting for message on queue,1.0,Interrupting SendWorker,0.4235,Notification time out: <*>,0.4219,19.22,51
160,Send worker leaving thread,exact,Send worker leaving thread,1.0,Interrupting SendWorker,0.6386,shutdown of request processor complete,0.3542,19.17,51
161,Interrupting SendWorker,exact,Interrupting SendWorker,1.0,Send worker leaving thread,0.6386,Interrupted while waiting for message on queue,0.4235,18.97,51
162,Interrupting SendWorker,exact,Interrupting SendWorker,1.0,Send worker leaving thread,0.6386,Interrupted while waiting for message on queue,0.4235,19.0,51
163,Interrupted while waiting for message on queue,exact,Interrupted while waiting for message on queue,1.0,Interrupting SendWorker,0.4235,Notification time out: <*>,0.4219,19.14,51
164,Received connection request <*>,exact,Received connection request <*>,1.0,Accepted socket connection from <*>,0.6767,Connection request from old client <*>; will be dropped if server is in r-o mode,0.4974,18.95,51
165,"Connection broken for id 188978561024, my id = 3, error =",exact,Connection broken for id <*> my id = <*> error =,0.9995,"Connection broken for id 3, my id = 1, error =",0.8904,"Have smaller server identifier, so dropping the connection: (2, 1)",0.4924,19.57,51
166,Send worker leaving thread,exact,Send worker leaving thread,1.0,Interrupting SendWorker,0.6386,shutdown of request processor complete,0.3542,18.88,51
167,Interrupting SendWorker,exact,Interrupting SendWorker,1.0,Send worker leaving thread,0.6386,Interrupted while waiting for message on queue,0.4235,18.69,51
168,Received connection request <*>,exact,Received connection request <*>,1.0,Accepted socket connection from <*>,0.6767,Connection request from old client <*>; will be dropped if server is in r-o mode,0.4974,19.21,51
169,Send worker leaving thread,exact,Send worker leaving thread,1.0,Interrupting SendWorker,0.6386,shutdown of request processor complete,0.3542,18.98,51
170,"Connection broken for id 188978561024, my id = 3, error =",exact,Connection broken for id <*> my id = <*> error =,0.9995,"Connection broken for id 3, my id = 1, error =",0.8904,"Have smaller server identifier, so dropping the connection: (2, 1)",0.4924,19.45,51
171,"Connection broken for id 188978561024, my id = 3, error =",exact,Connection broken for id <*> my id = <*> error =,0.9996,"Connection broken for id 3, my id = 1, error =",0.8904,"Have smaller server identifier, so dropping the connection: (2, 1)",0.4924,19.32,51
172,Received connection request <*>,exact,Received connection request <*>,1.0,Accepted socket connection from <*>,0.6767,Connection request from old client <*>; will be dropped if server is in r-o mode,0.4974,19.07,51
173,Send worker leaving thread,exact,Send worker leaving thread,1.0,Interrupting SendWorker,0.6386,shutdown of request processor complete,0.3542,18.92,51
174,Interrupted while waiting for message on queue,exact,Interrupted while waiting for message on queue,1.0,Interrupting SendWorker,0.4235,Notification time out: <*>,0.4219,19.12,51
175,Received connection request <*>,exact,Received connection request <*>,1.0,Accepted socket connection from <*>,0.6767,Connection request from old client <*>; will be dropped if server is in r-o mode,0.4974,19.15,51
176,"Connection broken for id 188978561024, my id = 3, error =",exact,Connection broken for id <*> my id = <*> error =,0.9996,"Connection broken for id 3, my id = 1, error =",0.8904,"Have smaller server identifier, so dropping the connection: (2, 1)",0.4924,19.52,51
177,Received connection request <*>,exact,Received connection request <*>,1.0,Accepted socket connection from <*>,0.6767,Connection request from old client <*>; will be dropped if server is in r-o mode,0.4974,19.06,51
178,Interrupting SendWorker,exact,Interrupting SendWorker,1.0,Send worker leaving thread,0.6386,Interrupted while waiting for message on queue,0.4235,19.75,51
179,Received connection request <*>,exact,Received connection request <*>,1.0,Accepted socket connection from <*>,0.6767,Connection request from old client <*>; will be dropped if server is in r-o mode,0.4974,19.2,51
180,Interrupted while waiting for message on queue,exact,Interrupted while waiting for message on queue,1.0,Interrupting SendWorker,0.4235,Notification time out: <*>,0.4219,19.08,51
181,Interrupted while waiting for message on queue,exact,Interrupted while waiting for message on queue,1.0,Interrupting SendWorker,0.4235,Notification time out: <*>,0.4219,19.05,51
182,"Connection broken for id 188978561024, my id = 3, error =",exact,Connection broken for id <*> my id = <*> error =,0.9996,"Connection broken for id 3, my id = 1, error =",0.8904,"Have smaller server identifier, so dropping the connection: (2, 1)",0.4924,19.84,51
183,Received connection request <*>,exact,Received connection request <*>,1.0,Accepted socket connection from <*>,0.6767,Connection request from old client <*>; will be dropped if server is in r-o mode,0.4974,19.42,51
184,Interrupted while waiting for message on queue,exact,Interrupted while waiting for message on queue,1.0,Interrupting SendWorker,0.4235,Notification time out: <*>,0.4219,19.32,51
185,"Connection broken for id 188978561024, my id = 3, error =",exact,Connection broken for id <*> my id = <*> error =,0.9997,"Connection broken for id 3, my id = 1, error =",0.8904,"Have smaller server identifier, so dropping the connection: (2, 1)",0.4924,19.57,51
186,Received connection request <*>,exact,Received connection request <*>,1.0,Accepted socket connection from <*>,0.6767,Connection request from old client <*>; will be dropped if server is in r-o mode,0.4974,18.97,51
187,Interrupting SendWorker,exact,Interrupting SendWorker,1.0,Send worker leaving thread,0.6386,Interrupted while waiting for message on queue,0.4235,18.92,51
188,Send worker leaving thread,exact,Send worker leaving thread,1.0,Interrupting SendWorker,0.6386,shutdown of request processor complete,0.3542,18.92,51
189,"Connection broken for id 188978561024, my id = 3, error =",exact,Connection broken for id <*> my id = <*> error =,0.9997,"Connection broken for id 3, my id = 1, error =",0.8904,"Have smaller server identifier, so dropping the connection: (2, 1)",0.4924,19.13,51
190,Interrupting SendWorker,exact,Interrupting SendWorker,1.0,Send worker leaving thread,0.6386,Interrupted while waiting for message on queue,0.4235,19.41,51
191,Interrupted while waiting for message on queue,exact,Interrupted while waiting for message on queue,1.0,Interrupting SendWorker,0.4235,Notification time out: <*>,0.4219,19.09,51
192,Interrupted while waiting for message on queue,exact,Interrupted while waiting for message on queue,1.0,Interrupting SendWorker,0.4235,Notification time out: <*>,0.4219,18.82,51
193,Send worker leaving thread,exact,Send worker leaving thread,1.0,Interrupting SendWorker,0.6386,shutdown of request processor complete,0.3542,19.01,51
194,Interrupting SendWorker,exact,Interrupting SendWorker,1.0,Send worker leaving thread,0.6386,Interrupted while waiting for message on queue,0.4235,19.05,51
195,Interrupting SendWorker,exact,Interrupting SendWorker,1.0,Send worker leaving thread,0.6386,Interrupted while waiting for message on queue,0.4235,18.99,51
196,Send worker leaving thread,exact,Send worker leaving thread,1.0,Interrupting SendWorker,0.6386,shutdown of request processor complete,0.3542,19.13,51
197,Interrupted while waiting for message on queue,exact,Interrupted while waiting for message on queue,1.0,Interrupting SendWorker,0.4235,Notification time out: <*>,0.4219,19.1,51
198,Send worker leaving thread,exact,Send worker leaving thread,1.0,Interrupting SendWorker,0.6386,shutdown of request processor complete,0.3542,18.78,51
199,Received connection request <*>,exact,Received connection request <*>,1.0,Accepted socket connection from <*>,0.6767,Connection request from old client <*>; will be dropped if server is in r-o mode,0.4974,18.95,51
200,Received connection request <*>,exact,Received connection request <*>,1.0,Accepted socket connection from <*>,0.6767,Connection request from old client <*>; will be dropped if server is in r-o mode,0.4974,19.07,51
201,Received connection request <*>,exact,Received connection request <*>,1.0,Accepted socket connection from <*>,0.6767,Connection request from old client <*>; will be dropped if server is in r-o mode,0.4974,19.26,51
202,Interrupted while waiting for message on queue,exact,Interrupted while waiting for message on queue,1.0,Interrupting SendWorker,0.4235,Notification time out: <*>,0.4219,19.48,51
203,Interrupting SendWorker,exact,Interrupting SendWorker,1.0,Send worker leaving thread,0.6386,Interrupted while waiting for message on queue,0.4235,21.55,51
204,Interrupted while waiting for message on queue,exact,Interrupted while waiting for message on queue,1.0,Interrupting SendWorker,0.4235,Notification time out: <*>,0.4219,19.69,51
205,Received connection request <*>,exact,Received connection request <*>,1.0,Accepted socket connection from <*>,0.6767,Connection request from old client <*>; will be dropped if server is in r-o mode,0.4974,19.36,51
206,"Connection broken for id 188978561024, my id = 3, error =",exact,Connection broken for id <*> my id = <*> error =,0.9997,"Connection broken for id 3, my id = 1, error =",0.8904,"Have smaller server identifier, so dropping the connection: (2, 1)",0.4924,19.61,51
207,Send worker leaving thread,exact,Send worker leaving thread,1.0,Interrupting SendWorker,0.6386,shutdown of request processor complete,0.3542,18.99,51
208,Interrupted while waiting for message on queue,exact,Interrupted while waiting for message on queue,1.0,Interrupting SendWorker,0.4235,Notification time out: <*>,0.4219,19.05,51
209,Interrupted while waiting for message on queue,exact,Interrupted while waiting for message on queue,1.0,Interrupting SendWorker,0.4235,Notification time out: <*>,0.4219,19.73,51
210,Interrupting SendWorker,exact,Interrupting SendWorker,1.0,Send worker leaving thread,0.6386,Interrupted while waiting for message on queue,0.4235,19.09,51
211,Received connection request <*>,exact,Received connection request <*>,1.0,Accepted socket connection from <*>,0.6767,Connection request from old client <*>; will be dropped if server is in r-o mode,0.4974,19.03,51
212,"Connection broken for id 188978561024, my id = 3, error =",exact,Connection broken for id <*> my id = <*> error =,0.9997,"Connection broken for id 3, my id = 1, error =",0.8904,"Have smaller server identifier, so dropping the connection: (2, 1)",0.4924,19.65,51
213,Send worker leaving thread,exact,Send worker leaving thread,1.0,Interrupting SendWorker,0.6386,shutdown of request processor complete,0.3542,19.12,51
214,Interrupted while waiting for message on queue,exact,Interrupted while waiting for message on queue,1.0,Interrupting SendWorker,0.4235,Notification time out: <*>,0.4219,19.0,51
215,Interrupting SendWorker,exact,Interrupting SendWorker,1.0,Send worker leaving thread,0.6386,Interrupted while waiting for message on queue,0.4235,19.07,51
216,"Connection broken for id 188978561024, my id = 3, error =",exact,Connection broken for id <*> my id = <*> error =,0.9997,"Connection broken for id 3, my id = 1, error =",0.8904,"Have smaller server identifier, so dropping the connection: (2, 1)",0.4924,19.61,51
217,Received connection request <*>,exact,Received connection request <*>,1.0,Accepted socket connection from <*>,0.6767,Connection request from old client <*>; will be dropped if server is in r-o mode,0.4974,19.13,51
218,Interrupted while waiting for message on queue,exact,Interrupted while waiting for message on queue,1.0,Interrupting SendWorker,0.4235,Notification time out: <*>,0.4219,19.24,51
219,Interrupting SendWorker,exact,Interrupting SendWorker,1.0,Send worker leaving thread,0.6386,Interrupted while waiting for message on queue,0.4235,18.88,51
220,Received connection request <*>,exact,Received connection request <*>,1.0,Accepted socket connection from <*>,0.6767,Connection request from old client <*>; will be dropped if server is in r-o mode,0.4974,18.94,51
221,Received connection request <*>,exact,Received connection request <*>,1.0,Accepted socket connection from <*>,0.6767,Connection request from old client <*>; will be dropped if server is in r-o mode,0.4974,19.12,51
222,"Connection broken for id 188978561024, my id = 3, error =",exact,Connection broken for id <*> my id = <*> error =,0.9998,"Connection broken for id 3, my id = 1, error =",0.8904,"Have smaller server identifier, so dropping the connection: (2, 1)",0.4924,19.59,51
223,Interrupting SendWorker,exact,Interrupting SendWorker,1.0,Send worker leaving thread,0.6386,Interrupted while waiting for message on queue,0.4235,19.14,51
224,Received connection request <*>,exact,Received connection request <*>,1.0,Accepted socket connection from <*>,0.6767,Connection request from old client <*>; will be dropped if server is in r-o mode,0.4974,19.17,51
225,Interrupting SendWorker,exact,Interrupting SendWorker,1.0,Send worker leaving thread,0.6386,Interrupted while waiting for message on queue,0.4235,19.23,51
226,Send worker leaving thread,exact,Send worker leaving thread,1.0,Interrupting SendWorker,0.6386,shutdown of request processor complete,0.3542,18.95,51
227,"Connection broken for id 188978561024, my id = 3, error =",exact,Connection broken for id <*> my id = <*> error =,0.9998,"Connection broken for id 3, my id = 1, error =",0.8904,"Have smaller server identifier, so dropping the connection: (2, 1)",0.4924,19.79,51
228,Interrupted while waiting for message on queue,exact,Interrupted while waiting for message on queue,1.0,Interrupting SendWorker,0.4235,Notification time out: <*>,0.4219,19.29,51
229,Interrupted while waiting for message on queue,exact,Interrupted while waiting for message on queue,1.0,Interrupting SendWorker,0.4235,Notification time out: <*>,0.4219,19.15,51
230,Interrupted while waiting for message on queue,exact,Interrupted while waiting for message on queue,1.0,Interrupting SendWorker,0.4235,Notification time out: <*>,0.4219,19.13,51
231,Received connection request <*>,exact,Received connection request <*>,1.0,Accepted socket connection from <*>,0.6767,Connection request from old client <*>; will be dropped if server is in r-o mode,0.4974,19.19,51
232,Interrupted while waiting for message on queue,exact,Interrupted while waiting for message on queue,1.0,Interrupting SendWorker,0.4235,Notification time out: <*>,0.4219,19.28,51
233,Interrupting SendWorker,exact,Interrupting SendWorker,1.0,Send worker leaving thread,0.6386,Interrupted while waiting for message on queue,0.4235,19.04,51
234,"Connection broken for id 188978561024, my id = 3, error =",exact,Connection broken for id <*> my id = <*> error =,0.9998,"Connection broken for id 3, my id = 1, error =",0.8904,"Have smaller server identifier, so dropping the connection: (2, 1)",0.4924,19.74,51
235,Interrupting SendWorker,exact,Interrupting SendWorker,1.0,Send worker leaving thread,0.6386,Interrupted while waiting for message on queue,0.4235,19.13,51
236,"Connection broken for id 188978561024, my id = 3, error =",exact,Connection broken for id <*> my id = <*> error =,0.9998,"Connection broken for id 3, my id = 1, error =",0.8904,"Have smaller server identifier, so dropping the connection: (2, 1)",0.4924,19.75,51
237,Received connection request <*>,exact,Received connection request <*>,1.0,Accepted socket connection from <*>,0.6767,Connection request from old client <*>; will be dropped if server is in r-o mode,0.4974,19.28,51
238,Interrupting SendWorker,exact,Interrupting SendWorker,1.0,Send worker leaving thread,0.6386,Interrupted while waiting for message on queue,0.4235,18.96,51
239,Interrupted while waiting for message on queue,exact,Interrupted while waiting for message on queue,1.0,Interrupting SendWorker,0.4235,Notification time out: <*>,0.4219,19.22,51
240,Send worker leaving thread,exact,Send worker leaving thread,1.0,Interrupting SendWorker,0.6386,shutdown of request processor complete,0.3542,19.51,51
241,Interrupted while waiting for message on queue,exact,Interrupted while waiting for message on queue,1.0,Interrupting SendWorker,0.4235,Notification time out: <*>,0.4219,19.19,51
242,Interrupted while waiting for message on queue,exact,Interrupted while waiting for message on queue,1.0,Interrupting SendWorker,0.4235,Notification time out: <*>,0.4219,19.03,51
243,Send worker leaving thread,exact,Send worker leaving thread,1.0,Interrupting SendWorker,0.6386,shutdown of request processor complete,0.3542,18.95,51
244,Interrupted while waiting for message on queue,exact,Interrupted while waiting for message on queue,1.0,Interrupting SendWorker,0.4235,Notification time out: <*>,0.4219,19.19,51
245,Received connection request <*>,exact,Received connection request <*>,1.0,Accepted socket connection from <*>,0.6767,Connection request from old client <*>; will be dropped if server is in r-o mode,0.4974,19.11,51
246,"Connection broken for id 188978561024, my id = 3, error =",exact,Connection broken for id <*> my id = <*> error =,0.9998,"Connection broken for id 3, my id = 1, error =",0.8904,"Have smaller server identifier, so dropping the connection: (2, 1)",0.4924,19.59,51
247,Interrupting SendWorker,exact,Interrupting SendWorker,1.0,Send worker leaving thread,0.6386,Interrupted while waiting for message on queue,0.4235,19.13,51
248,Interrupted while waiting for message on queue,exact,Interrupted while waiting for message on queue,1.0,Interrupting SendWorker,0.4235,Notification time out: <*>,0.4219,19.16,51
249,Received connection request <*>,exact,Received connection request <*>,1.0,Accepted socket connection from <*>,0.6767,Connection request from old client <*>; will be dropped if server is in r-o mode,0.4974,19.18,51
250,Received connection request <*>,exact,Received connection request <*>,1.0,Accepted socket connection from <*>,0.6767,Connection request from old client <*>; will be dropped if server is in r-o mode,0.4974,19.15,51
251,Interrupting SendWorker,exact,Interrupting SendWorker,1.0,Send worker leaving thread,0.6386,Interrupted while waiting for message on queue,0.4235,19.06,51
252,Interrupting SendWorker,exact,Interrupting SendWorker,1.0,Send worker leaving thread,0.6386,Interrupted while waiting for message on queue,0.4235,19.09,51
253,"Connection broken for id 188978561024, my id = 3, error =",exact,Connection broken for id <*> my id = <*> error =,0.9998,"Connection broken for id 3, my id = 1, error =",0.8904,"Have smaller server identifier, so dropping the connection: (2, 1)",0.4924,19.78,51
254,Received connection request <*>,exact,Received connection request <*>,1.0,Accepted socket connection from <*>,0.6767,Connection request from old client <*>; will be dropped if server is in r-o mode,0.4974,19.04,51
255,Interrupting SendWorker,exact,Interrupting SendWorker,1.0,Send worker leaving thread,0.6386,Interrupted while waiting for message on queue,0.4235,18.92,51
256,Received connection request <*>,exact,Received connection request <*>,1.0,Accepted socket connection from <*>,0.6767,Connection request from old client <*>; will be dropped if server is in r-o mode,0.4974,19.19,51
257,Interrupted while waiting for message on queue,exact,Interrupted while waiting for message on queue,1.0,Interrupting SendWorker,0.4235,Notification time out: <*>,0.4219,19.06,51
258,Interrupted while waiting for message on queue,exact,Interrupted while waiting for message on queue,1.0,Interrupting SendWorker,0.4235,Notification time out: <*>,0.4219,18.98,51
259,Received connection request <*>,exact,Received connection request <*>,1.0,Accepted socket connection from <*>,0.6767,Connection request from old client <*>; will be dropped if server is in r-o mode,0.4974,18.84,51
260,"Connection broken for id 188978561024, my id = 3, error =",exact,Connection broken for id <*> my id = <*> error =,0.9998,"Connection broken for id 3, my id = 1, error =",0.8904,"Have smaller server identifier, so dropping the connection: (2, 1)",0.4924,19.57,51
261,Interrupting SendWorker,exact,Interrupting SendWorker,1.0,Send worker leaving thread,0.6386,Interrupted while waiting for message on queue,0.4235,19.0,51
262,Interrupting SendWorker,exact,Interrupting SendWorker,1.0,Send worker leaving thread,0.6386,Interrupted while waiting for message on queue,0.4235,19.01,51
263,Interrupting SendWorker,exact,Interrupting SendWorker,1.0,Send worker leaving thread,0.6386,Interrupted while waiting for message on queue,0.4235,19.04,51
264,Received connection request <*>,exact,Received connection request <*>,1.0,Accepted socket connection from <*>,0.6767,Connection request from old client <*>; will be dropped if server is in r-o mode,0.4974,19.1,51
265,Send worker leaving thread,exact,Send worker leaving thread,1.0,Interrupting SendWorker,0.6386,shutdown of request processor complete,0.3542,19.04,51
266,Received connection request <*>,exact,Received connection request <*>,1.0,Accepted socket connection from <*>,0.6767,Connection request from old client <*>; will be dropped if server is in r-o mode,0.4974,19.12,51
267,Interrupted while waiting for message on queue,exact,Interrupted while waiting for message on queue,1.0,Interrupting SendWorker,0.4235,Notification time out: <*>,0.4219,19.16,51
268,Interrupted while waiting for message on queue,exact,Interrupted while waiting for message on queue,1.0,Interrupting SendWorker,0.4235,Notification time out: <*>,0.4219,19.07,51
269,"Connection broken for id 188978561024, my id = 3, error =",exact,Connection broken for id <*> my id = <*> error =,0.9998,"Connection broken for id 3, my id = 1, error =",0.8904,"Have smaller server identifier, so dropping the connection: (2, 1)",0.4924,19.65,51
270,Interrupted while waiting for message on queue,exact,Interrupted while waiting for message on queue,1.0,Interrupting SendWorker,0.4235,Notification time out: <*>,0.4219,19.11,51
271,Received connection request <*>,exact,Received connection request <*>,1.0,Accepted socket connection from <*>,0.6767,Connection request from old client <*>; will be dropped if server is in r-o mode,0.4974,19.62,51
272,Interrupted while waiting for message on queue,exact,Interrupted while waiting for message on queue,1.0,Interrupting SendWorker,0.4235,Notification time out: <*>,0.4219,19.15,51
273,Received connection request <*>,exact,Received connection request <*>,1.0,Accepted socket connection from <*>,0.6767,Connection request from old client <*>; will be dropped if server is in r-o mode,0.4974,18.95,51
274,Send worker leaving thread,exact,Send worker leaving thread,1.0,Interrupting SendWorker,0.6386,shutdown of request processor complete,0.3542,18.95,51
275,Interrupted while waiting for message on queue,exact,Interrupted while waiting for message on queue,1.0,Interrupting SendWorker,0.4235,Notification time out: <*>,0.4219,19.12,51
276,Send worker leaving thread,exact,Send worker leaving thread,1.0,Interrupting SendWorker,0.6386,shutdown of request processor complete,0.3542,19.03,51
277,Received connection request <*>,exact,Received connection request <*>,1.0,Accepted socket connection from <*>,0.6767,Connection request from old client <*>; will be dropped if server is in r-o mode,0.4974,19.06,51
278,Send worker leaving thread,exact,Send worker leaving thread,1.0,Interrupting SendWorker,0.6386,shutdown of request processor complete,0.3542,19.07,51
279,Received connection request <*>,exact,Received connection request <*>,1.0,Accepted socket connection from <*>,0.6767,Connection request from old client <*>; will be dropped if server is in r-o mode,0.4974,19.14,51
280,Received connection request <*>,exact,Received connection request <*>,1.0,Accepted socket connection from <*>,0.6767,Connection request from old client <*>; will be dropped if server is in r-o mode,0.4974,19.2,51
281,Send worker leaving thread,exact,Send worker leaving thread,1.0,Interrupting SendWorker,0.6386,shutdown of request processor complete,0.3542,19.04,51
282,Interrupting SendWorker,exact,Interrupting SendWorker,1.0,Send worker leaving thread,0.6386,Interrupted while waiting for message on queue,0.4235,19.1,51
283,"Connection broken for id 188978561024, my id = 3, error =",exact,Connection broken for id <*> my id = <*> error =,0.9998,"Connection broken for id 3, my id = 1, error =",0.8904,"Have smaller server identifier, so dropping the connection: (2, 1)",0.4924,21.02,51
284,Interrupted while waiting for message on queue,exact,Interrupted while waiting for message on queue,1.0,Interrupting SendWorker,0.4235,Notification time out: <*>,0.4219,19.66,51
285,Send worker leaving thread,exact,Send worker leaving thread,1.0,Interrupting SendWorker,0.6386,shutdown of request processor complete,0.3542,19.1,51
286,Send worker leaving thread,exact,Send worker leaving thread,1.0,Interrupting SendWorker,0.6386,shutdown of request processor complete,0.3542,19.12,51
287,Interrupted while waiting for message on queue,exact,Interrupted while waiting for message on queue,1.0,Interrupting SendWorker,0.4235,Notification time out: <*>,0.4219,19.25,51
288,Received connection request <*>,exact,Received connection request <*>,1.0,Accepted socket connection from <*>,0.6767,Connection request from old client <*>; will be dropped if server is in r-o mode,0.4974,20.01,51
289,Interrupted while waiting for message on queue,exact,Interrupted while waiting for message on queue,1.0,Interrupting SendWorker,0.4235,Notification time out: <*>,0.4219,19.67,51
290,Interrupted while waiting for message on queue,exact,Interrupted while waiting for message on queue,1.0,Interrupting SendWorker,0.4235,Notification time out: <*>,0.4219,19.58,51
291,"Connection broken for id 188978561024, my id = 3, error =",exact,Connection broken for id <*> my id = <*> error =,0.9999,"Connection broken for id 3, my id = 1, error =",0.8904,"Have smaller server identifier, so dropping the connection: (2, 1)",0.4924,20.31,51
292,Interrupted while waiting for message on queue,exact,Interrupted while waiting for message on queue,1.0,Interrupting SendWorker,0.4235,Notification time out: <*>,0.4219,19.42,51
293,Interrupted while waiting for message on queue,exact,Interrupted while waiting for message on queue,1.0,Interrupting SendWorker,0.4235,Notification time out: <*>,0.4219,19.09,51
294,Interrupting SendWorker,exact,Interrupting SendWorker,1.0,Send worker leaving thread,0.6386,Interrupted while waiting for message on queue,0.4235,18.97,51
295,Interrupting SendWorker,exact,Interrupting SendWorker,1.0,Send worker leaving thread,0.6386,Interrupted while waiting for message on queue,0.4235,19.03,51
296,"Connection broken for id 188978561024, my id = 3, error =",exact,Connection broken for id <*> my id = <*> error =,0.9999,"Connection broken for id 3, my id = 1, error =",0.8904,"Have smaller server identifier, so dropping the connection: (2, 1)",0.4924,19.79,51
297,Interrupted while waiting for message on queue,exact,Interrupted while waiting for message on queue,1.0,Interrupting SendWorker,0.4235,Notification time out: <*>,0.4219,21.17,51
298,"Connection broken for id 188978561024, my id = 3, error =",exact,Connection broken for id <*> my id = <*> error =,0.9999,"Connection broken for id 3, my id = 1, error =",0.8904,"Have smaller server identifier, so dropping the connection: (2, 1)",0.4924,30.05,51
299,Interrupting SendWorker,exact,Interrupting SendWorker,1.0,Send worker leaving thread,0.6386,Interrupted while waiting for message on queue,0.4235,22.32,51
300,Interrupting SendWorker,exact,Interrupting SendWorker,1.0,Send worker leaving thread,0.6386,Interrupted while waiting for message on queue,0.4235,19.08,51
301,Interrupting SendWorker,exact,Interrupting SendWorker,1.0,Send worker leaving thread,0.6386,Interrupted while waiting for message on queue,0.4235,19.49,51
302,Interrupted while waiting for message on queue,exact,Interrupted while waiting for message on queue,1.0,Interrupting SendWorker,0.4235,Notification time out: <*>,0.4219,19.92,51
303,Received connection request <*>,exact,Received connection request <*>,1.0,Accepted socket connection from <*>,0.6767,Connection request from old client <*>; will be dropped if server is in r-o mode,0.4974,21.23,51
304,Interrupted while waiting for message on queue,exact,Interrupted while waiting for message on queue,1.0,Interrupting SendWorker,0.4235,Notification time out: <*>,0.4219,19.48,51
305,Send worker leaving thread,exact,Send worker leaving thread,1.0,Interrupting SendWorker,0.6386,shutdown of request processor complete,0.3542,19.15,51
306,Received connection request <*>,exact,Received connection request <*>,1.0,Accepted socket connection from <*>,0.6767,Connection request from old client <*>; will be dropped if server is in r-o mode,0.4974,19.27,51
307,Received connection request <*>,exact,Received connection request <*>,1.0,Accepted socket connection from <*>,0.6767,Connection request from old client <*>; will be dropped if server is in r-o mode,0.4974,19.11,51
308,Interrupting SendWorker,exact,Interrupting SendWorker,1.0,Send worker leaving thread,0.6386,Interrupted while waiting for message on queue,0.4235,19.14,51
309,Interrupting SendWorker,exact,Interrupting SendWorker,1.0,Send worker leaving thread,0.6386,Interrupted while waiting for message on queue,0.4235,19.1,51
310,Received connection request <*>,exact,Received connection request <*>,1.0,Accepted socket connection from <*>,0.6767,Connection request from old client <*>; will be dropped if server is in r-o mode,0.4974,19.05,51
311,"Connection broken for id 188978561024, my id = 3, error =",exact,Connection broken for id <*> my id = <*> error =,0.9999,"Connection broken for id 3, my id = 1, error =",0.8904,"Have smaller server identifier, so dropping the connection: (2, 1)",0.4924,19.58,51
312,"Connection broken for id 188978561024, my id = 3, error =",exact,Connection broken for id <*> my id = <*> error =,0.9999,"Connection broken for id 3, my id = 1, error =",0.8904,"Have smaller server identifier, so dropping the connection: (2, 1)",0.4924,19.43,51
313,Interrupting SendWorker,exact,Interrupting SendWorker,1.0,Send worker leaving thread,0.6386,Interrupted while waiting for message on queue,0.4235,18.92,51
314,"Connection broken for id 188978561024, my id = 3, error =",exact,Connection broken for id <*> my id = <*> error =,0.9999,"Connection broken for id 3, my id = 1, error =",0.8904,"Have smaller server identifier, so dropping the connection: (2, 1)",0.4924,20.03,51
315,Interrupting SendWorker,exact,Interrupting SendWorker,1.0,Send worker leaving thread,0.6386,Interrupted while waiting for message on queue,0.4235,19.23,51
316,Received connection request <*>,exact,Received connection request <*>,1.0,Accepted socket connection from <*>,0.6767,Connection request from old client <*>; will be dropped if server is in r-o mode,0.4974,19.11,51
317,Interrupted while waiting for message on queue,exact,Interrupted while waiting for message on queue,1.0,Interrupting SendWorker,0.4235,Notification time out: <*>,0.4219,18.98,51
318,Received connection request <*>,exact,Received connection request <*>,1.0,Accepted socket connection from <*>,0.6767,Connection request from old client <*>; will be dropped if server is in r-o mode,0.4974,18.96,51
319,Received connection request <*>,exact,Received connection request <*>,1.0,Accepted socket connection from <*>,0.6767,Connection request from old client <*>; will be dropped if server is in r-o mode,0.4974,19.05,51
320,"Connection broken for id 188978561024, my id = 3, error =",exact,Connection broken for id <*> my id = <*> error =,0.9999,"Connection broken for id 3, my id = 1, error =",0.8904,"Have smaller server identifier, so dropping the connection: (2, 1)",0.4924,19.71,51
321,Send worker leaving thread,exact,Send worker leaving thread,1.0,Interrupting SendWorker,0.6386,shutdown of request processor complete,0.3542,19.19,51
322,"Connection broken for id 188978561024, my id = 3, error =",exact,Connection broken for id <*> my id = <*> error =,0.9999,"Connection broken for id 3, my id = 1, error =",0.8904,"Have smaller server identifier, so dropping the connection: (2, 1)",0.4924,19.66,51
323,Interrupted while waiting for message on queue,exact,Interrupted while waiting for message on queue,1.0,Interrupting SendWorker,0.4235,Notification time out: <*>,0.4219,19.05,51
324,Received connection request <*>,exact,Received connection request <*>,1.0,Accepted socket connection from <*>,0.6767,Connection request from old client <*>; will be dropped if server is in r-o mode,0.4974,19.0,51
325,Received connection request <*>,exact,Received connection request <*>,1.0,Accepted socket connection from <*>,0.6767,Connection request from old client <*>; will be dropped if server is in r-o mode,0.4974,18.76,51
326,Send worker leaving thread,exact,Send worker leaving thread,1.0,Interrupting SendWorker,0.6386,shutdown of request processor complete,0.3542,19.01,51
327,Interrupting SendWorker,exact,Interrupting SendWorker,1.0,Send worker leaving thread,0.6386,Interrupted while waiting for message on queue,0.4235,19.03,51
328,Interrupted while waiting for message on queue,exact,Interrupted while waiting for message on queue,1.0,Interrupting SendWorker,0.4235,Notification time out: <*>,0.4219,18.96,51
329,Send worker leaving thread,exact,Send worker leaving thread,1.0,Interrupting SendWorker,0.6386,shutdown of request processor complete,0.3542,18.94,51
330,Interrupted while waiting for message on queue,exact,Interrupted while waiting for message on queue,1.0,Interrupting SendWorker,0.4235,Notification time out: <*>,0.4219,19.23,51
331,Received connection request <*>,exact,Received connection request <*>,1.0,Accepted socket connection from <*>,0.6767,Connection request from old client <*>; will be dropped if server is in r-o mode,0.4974,19.09,51
332,Received connection request <*>,exact,Received connection request <*>,1.0,Accepted socket connection from <*>,0.6767,Connection request from old client <*>; will be dropped if server is in r-o mode,0.4974,20.02,51
333,Interrupted while waiting for message on queue,exact,Interrupted while waiting for message on queue,1.0,Interrupting SendWorker,0.4235,Notification time out: <*>,0.4219,19.24,51
334,Send worker leaving thread,exact,Send worker leaving thread,1.0,Interrupting SendWorker,0.6386,shutdown of request processor complete,0.3542,19.0,51
335,Received connection request <*>,exact,Received connection request <*>,1.0,Accepted socket connection from <*>,0.6767,Connection request from old client <*>; will be dropped if server is in r-o mode,0.4974,19.36,51
336,Send worker leaving thread,exact,Send worker leaving thread,1.0,Interrupting SendWorker,0.6386,shutdown of request processor complete,0.3542,19.06,51
337,"Connection broken for id 188978561024, my id = 3, error =",exact,Connection broken for id <*> my id = <*> error =,0.9999,"Connection broken for id 3, my id = 1, error =",0.8904,"Have smaller server identifier, so dropping the connection: (2, 1)",0.4924,19.64,51
338,"Connection broken for id 188978561024, my id = 3, error =",exact,Connection broken for id <*> my id = <*> error =,0.9999,"Connection broken for id 3, my id = 1, error =",0.8904,"Have smaller server identifier, so dropping the connection: (2, 1)",0.4924,19.78,51
339,Interrupted while waiting for message on queue,exact,Interrupted while waiting for message on queue,1.0,Interrupting SendWorker,0.4235,Notification time out: <*>,0.4219,19.25,51
340,Received connection request <*>,exact,Received connection request <*>,1.0,Accepted socket connection from <*>,0.6767,Connection request from old client <*>; will be dropped if server is in r-o mode,0.4974,19.13,51
341,"Connection broken for id 188978561024, my id = 3, error =",exact,Connection broken for id <*> my id = <*> error =,0.9999,"Connection broken for id 3, my id = 1, error =",0.8904,"Have smaller server identifier, so dropping the connection: (2, 1)",0.4924,19.61,51
342,Received connection request <*>,exact,Received connection request <*>,1.0,Accepted socket connection from <*>,0.6767,Connection request from old client <*>; will be dropped if server is in r-o mode,0.4974,19.23,51
343,Send worker leaving thread,exact,Send worker leaving thread,1.0,Interrupting SendWorker,0.6386,shutdown of request processor complete,0.3542,19.49,51
344,Interrupted while waiting for message on queue,exact,Interrupted while waiting for message on queue,1.0,Interrupting SendWorker,0.4235,Notification time out: <*>,0.4219,19.07,51
345,"Connection broken for id 188978561024, my id = 3, error =",exact,Connection broken for id <*> my id = <*> error =,0.9999,"Connection broken for id 3, my id = 1, error =",0.8904,"Have smaller server identifier, so dropping the connection: (2, 1)",0.4924,19.6,51
346,Interrupting SendWorker,exact,Interrupting SendWorker,1.0,Send worker leaving thread,0.6386,Interrupted while waiting for message on queue,0.4235,19.1,51
347,"Connection broken for id 188978561024, my id = 3, error =",exact,Connection broken for id <*> my id = <*> error =,0.9999,"Connection broken for id 3, my id = 1, error =",0.8904,"Have smaller server identifier, so dropping the connection: (2, 1)",0.4924,19.46,51
348,"Connection broken for id 188978561024, my id = 3, error =",exact,Connection broken for id <*> my id = <*> error =,0.9999,"Connection broken for id 3, my id = 1, error =",0.8904,"Have smaller server identifier, so dropping the connection: (2, 1)",0.4924,19.14,51
349,"Connection broken for id 188978561024, my id = 3, error =",exact,Connection broken for id <*> my id = <*> error =,0.9999,"Connection broken for id 3, my id = 1, error =",0.8904,"Have smaller server identifier, so dropping the connection: (2, 1)",0.4924,19.52,51
350,Send worker leaving thread,exact,Send worker leaving thread,1.0,Interrupting SendWorker,0.6386,shutdown of request processor complete,0.3542,19.02,51
351,Interrupted while waiting for message on queue,exact,Interrupted while waiting for message on queue,1.0,Interrupting SendWorker,0.4235,Notification time out: <*>,0.4219,19.1,51
352,Interrupted while waiting for message on queue,exact,Interrupted while waiting for message on queue,1.0,Interrupting SendWorker,0.4235,Notification time out: <*>,0.4219,19.03,51
353,Interrupted while waiting for message on queue,exact,Interrupted while waiting for message on queue,1.0,Interrupting SendWorker,0.4235,Notification time out: <*>,0.4219,19.11,51
354,Interrupting SendWorker,exact,Interrupting SendWorker,1.0,Send worker leaving thread,0.6386,Interrupted while waiting for message on queue,0.4235,18.87,51
355,"Connection broken for id 188978561024, my id = 3, error =",exact,Connection broken for id <*> my id = <*> error =,0.9999,"Connection broken for id 3, my id = 1, error =",0.8904,"Have smaller server identifier, so dropping the connection: (2, 1)",0.4924,19.42,51
356,Interrupting SendWorker,exact,Interrupting SendWorker,1.0,Send worker leaving thread,0.6386,Interrupted while waiting for message on queue,0.4235,18.88,51
357,"Connection broken for id 188978561024, my id = 3, error =",exact,Connection broken for id <*> my id = <*> error =,0.9999,"Connection broken for id 3, my id = 1, error =",0.8904,"Have smaller server identifier, so dropping the connection: (2, 1)",0.4924,19.52,51
358,Interrupted while waiting for message on queue,exact,Interrupted while waiting for message on queue,1.0,Interrupting SendWorker,0.4235,Notification time out: <*>,0.4219,19.29,51
359,Send worker leaving thread,exact,Send worker leaving thread,1.0,Interrupting SendWorker,0.6386,shutdown of request processor complete,0.3542,18.99,51
360,Received connection request <*>,exact,Received connection request <*>,1.0,Accepted socket connection from <*>,0.6767,Connection request from old client <*>; will be dropped if server is in r-o mode,0.4974,19.06,51
361,"Connection broken for id 188978561024, my id = 3, error =",exact,Connection broken for id <*> my id = <*> error =,0.9999,"Connection broken for id 3, my id = 1, error =",0.8904,"Have smaller server identifier, so dropping the connection: (2, 1)",0.4924,19.65,51
362,"Connection broken for id 188978561024, my id = 3, error =",exact,Connection broken for id <*> my id = <*> error =,0.9999,"Connection broken for id 3, my id = 1, error =",0.8904,"Have smaller server identifier, so dropping the connection: (2, 1)",0.4924,19.66,51
363,Interrupting SendWorker,exact,Interrupting SendWorker,1.0,Send worker leaving thread,0.6386,Interrupted while waiting for message on queue,0.4235,19.62,51
364,"Connection broken for id 188978561024, my id = 3, error =",exact,Connection broken for id <*> my id = <*> error =,0.9999,"Connection broken for id 3, my id = 1, error =",0.8904,"Have smaller server identifier, so dropping the connection: (2, 1)",0.4924,19.56,51
365,Interrupting SendWorker,exact,Interrupting SendWorker,1.0,Send worker leaving thread,0.6386,Interrupted while waiting for message on queue,0.4235,19.14,51
366,Send worker leaving thread,exact,Send worker leaving thread,1.0,Interrupting SendWorker,0.6386,shutdown of request processor complete,0.3542,18.92,51
367,Received connection request <*>,exact,Received connection request <*>,1.0,Accepted socket connection from <*>,0.6767,Connection request from old client <*>; will be dropped if server is in r-o mode,0.4974,19.1,51
368,Send worker leaving thread,exact,Send worker leaving thread,1.0,Interrupting SendWorker,0.6386,shutdown of request processor complete,0.3542,18.95,51
369,Interrupted while waiting for message on queue,exact,Interrupted while waiting for message on queue,1.0,Interrupting SendWorker,0.4235,Notification time out: <*>,0.4219,19.12,51
370,Interrupted while waiting for message on queue,exact,Interrupted while waiting for message on queue,1.0,Interrupting SendWorker,0.4235,Notification time out: <*>,0.4219,19.35,51
371,Received connection request <*>,exact,Received connection request <*>,1.0,Accepted socket connection from <*>,0.6767,Connection request from old client <*>; will be dropped if server is in r-o mode,0.4974,19.31,51
372,Interrupted while waiting for message on queue,exact,Interrupted while waiting for message on queue,1.0,Interrupting SendWorker,0.4235,Notification time out: <*>,0.4219,19.11,51
373,Received connection request <*>,exact,Received connection request <*>,1.0,Accepted socket connection from <*>,0.6767,Connection request from old client <*>; will be dropped if server is in r-o mode,0.4974,19.12,51
374,"Connection broken for id 188978561024, my id = 3, error =",exact,Connection broken for id <*> my id = <*> error =,0.9999,"Connection broken for id 3, my id = 1, error =",0.8904,"Have smaller server identifier, so dropping the connection: (2, 1)",0.4924,19.46,51
375,Received connection request <*>,exact,Received connection request <*>,1.0,Accepted socket connection from <*>,0.6767,Connection request from old client <*>; will be dropped if server is in r-o mode,0.4974,19.22,51
376,Interrupted while waiting for message on queue,exact,Interrupted while waiting for message on queue,1.0,Interrupting SendWorker,0.4235,Notification time out: <*>,0.4219,19.27,51
377,Interrupted while waiting for message on queue,exact,Interrupted while waiting for message on queue,1.0,Interrupting SendWorker,0.4235,Notification time out: <*>,0.4219,19.25,51
378,Interrupting SendWorker,exact,Interrupting SendWorker,1.0,Send worker leaving thread,0.6386,Interrupted while waiting for message on queue,0.4235,19.23,51
379,Send worker leaving thread,exact,Send worker leaving thread,1.0,Interrupting SendWorker,0.6386,shutdown of request processor complete,0.3542,19.03,51
380,"Connection broken for id 188978561024, my id = 3, error =",exact,Connection broken for id <*> my id = <*> error =,0.9999,"Connection broken for id 3, my id = 1, error =",0.8904,"Have smaller server identifier, so dropping the connection: (2, 1)",0.4924,19.73,51
381,Send worker leaving thread,exact,Send worker leaving thread,1.0,Interrupting SendWorker,0.6386,shutdown of request processor complete,0.3542,19.09,51
382,Interrupting SendWorker,exact,Interrupting SendWorker,1.0,Send worker leaving thread,0.6386,Interrupted while waiting for message on queue,0.4235,18.8,51
383,Interrupted while waiting for message on queue,exact,Interrupted while waiting for message on queue,1.0,Interrupting SendWorker,0.4235,Notification time out: <*>,0.4219,19.26,51
384,Interrupted while waiting for message on queue,exact,Interrupted while waiting for message on queue,1.0,Interrupting SendWorker,0.4235,Notification time out: <*>,0.4219,19.17,51
385,Received connection request <*>,exact,Received connection request <*>,1.0,Accepted socket connection from <*>,0.6767,Connection request from old client <*>; will be dropped if server is in r-o mode,0.4974,19.22,51
386,Interrupting SendWorker,exact,Interrupting SendWorker,1.0,Send worker leaving thread,0.6386,Interrupted while waiting for message on queue,0.4235,19.02,51
387,Received connection request <*>,exact,Received connection request <*>,1.0,Accepted socket connection from <*>,0.6767,Connection request from old client <*>; will be dropped if server is in r-o mode,0.4974,19.11,51
388,Received connection request <*>,exact,Received connection request <*>,1.0,Accepted socket connection from <*>,0.6767,Connection request from old client <*>; will be dropped if server is in r-o mode,0.4974,19.12,51
389,Interrupted while waiting for message on queue,exact,Interrupted while waiting for message on queue,1.0,Interrupting SendWorker,0.4235,Notification time out: <*>,0.4219,19.07,51
390,Received connection request <*>,exact,Received connection request <*>,1.0,Accepted socket connection from <*>,0.6767,Connection request from old client <*>; will be dropped if server is in r-o mode,0.4974,18.85,51
391,Send worker leaving thread,exact,Send worker leaving thread,1.0,Interrupting SendWorker,0.6386,shutdown of request processor complete,0.3542,19.09,51
392,Interrupted while waiting for message on queue,exact,Interrupted while waiting for message on queue,1.0,Interrupting SendWorker,0.4235,Notification time out: <*>,0.4219,19.08,51
393,"Connection broken for id 188978561024, my id = 3, error =",exact,Connection broken for id <*> my id = <*> error =,0.9999,"Connection broken for id 3, my id = 1, error =",0.8904,"Have smaller server identifier, so dropping the connection: (2, 1)",0.4924,19.45,51
394,"Connection broken for id 188978561024, my id = 3, error =",exact,Connection broken for id <*> my id = <*> error =,0.9999,"Connection broken for id 3, my id = 1, error =",0.8904,"Have smaller server identifier, so dropping the connection: (2, 1)",0.4924,20.47,51
395,Interrupting SendWorker,exact,Interrupting SendWorker,1.0,Send worker leaving thread,0.6386,Interrupted while waiting for message on queue,0.4235,19.6,51
396,Interrupting SendWorker,exact,Interrupting SendWorker,1.0,Send worker leaving thread,0.6386,Interrupted while waiting for message on queue,0.4235,19.02,51
397,Send worker leaving thread,exact,Send worker leaving thread,1.0,Interrupting SendWorker,0.6386,shutdown of request processor complete,0.3542,18.91,51
398,"Connection broken for id 188978561024, my id = 3, error =",exact,Connection broken for id <*> my id = <*> error =,0.9999,"Connection broken for id 3, my id = 1, error =",0.8904,"Have smaller server identifier, so dropping the connection: (2, 1)",0.4924,19.48,51
399,"Connection broken for id 188978561024, my id = 3, error =",exact,Connection broken for id <*> my id = <*> error =,0.9999,"Connection broken for id 3, my id = 1, error =",0.8904,"Have smaller server identifier, so dropping the connection: (2, 1)",0.4924,19.5,51
400,Interrupting SendWorker,exact,Interrupting SendWorker,1.0,Send worker leaving thread,0.6386,Interrupted while waiting for message on queue,0.4235,19.15,51
401,Received connection request <*>,exact,Received connection request <*>,1.0,Accepted socket connection from <*>,0.6767,Connection request from old client <*>; will be dropped if server is in r-o mode,0.4974,19.15,51
402,Interrupted while waiting for message on queue,exact,Interrupted while waiting for message on queue,1.0,Interrupting SendWorker,0.4235,Notification time out: <*>,0.4219,19.64,51
403,Interrupted while waiting for message on queue,exact,Interrupted while waiting for message on queue,1.0,Interrupting SendWorker,0.4235,Notification time out: <*>,0.4219,21.1,51
404,Interrupting SendWorker,exact,Interrupting SendWorker,1.0,Send worker leaving thread,0.6386,Interrupted while waiting for message on queue,0.4235,19.38,51
405,Received connection request <*>,exact,Received connection request <*>,1.0,Accepted socket connection from <*>,0.6767,Connection request from old client <*>; will be dropped if server is in r-o mode,0.4974,19.06,51
406,Send worker leaving thread,exact,Send worker leaving thread,1.0,Interrupting SendWorker,0.6386,shutdown of request processor complete,0.3542,19.28,51
407,"Connection broken for id 188978561024, my id = 3, error =",exact,Connection broken for id <*> my id = <*> error =,0.9999,"Connection broken for id 3, my id = 1, error =",0.8904,"Have smaller server identifier, so dropping the connection: (2, 1)",0.4924,19.57,51
408,"Connection broken for id 188978561024, my id = 3, error =",exact,Connection broken for id <*> my id = <*> error =,0.9999,"Connection broken for id 3, my id = 1, error =",0.8904,"Have smaller server identifier, so dropping the connection: (2, 1)",0.4924,19.37,51
409,Interrupted while waiting for message on queue,exact,Interrupted while waiting for message on queue,1.0,Interrupting SendWorker,0.4235,Notification time out: <*>,0.4219,19.24,51
410,Received connection request <*>,exact,Received connection request <*>,1.0,Accepted socket connection from <*>,0.6767,Connection request from old client <*>; will be dropped if server is in r-o mode,0.4974,19.21,51
411,Send worker leaving thread,exact,Send worker leaving thread,1.0,Interrupting SendWorker,0.6386,shutdown of request processor complete,0.3542,18.87,51
412,Interrupting SendWorker,exact,Interrupting SendWorker,1.0,Send worker leaving thread,0.6386,Interrupted while waiting for message on queue,0.4235,18.82,51
413,"Connection broken for id 188978561024, my id = 3, error =",exact,Connection broken for id <*> my id = <*> error =,0.9999,"Connection broken for id 3, my id = 1, error =",0.8904,"Have smaller server identifier, so dropping the connection: (2, 1)",0.4924,19.18,51
414,"Connection broken for id 188978561024, my id = 3, error =",exact,Connection broken for id <*> my id = <*> error =,0.9999,"Connection broken for id 3, my id = 1, error =",0.8904,"Have smaller server identifier, so dropping the connection: (2, 1)",0.4924,19.51,51
415,Interrupting SendWorker,exact,Interrupting SendWorker,1.0,Send worker leaving thread,0.6386,Interrupted while waiting for message on queue,0.4235,19.17,51
416,Received connection request <*>,exact,Received connection request <*>,1.0,Accepted socket connection from <*>,0.6767,Connection request from old client <*>; will be dropped if server is in r-o mode,0.4974,19.05,51
417,Send worker leaving thread,exact,Send worker leaving thread,1.0,Interrupting SendWorker,0.6386,shutdown of request processor complete,0.3542,19.16,51
418,Received connection request <*>,exact,Received connection request <*>,1.0,Accepted socket connection from <*>,0.6767,Connection request from old client <*>; will be dropped if server is in r-o mode,0.4974,19.03,51
419,Send worker leaving thread,exact,Send worker leaving thread,1.0,Interrupting SendWorker,0.6386,shutdown of request processor complete,0.3542,19.08,51
420,"Connection broken for id 188978561024, my id = 3, error =",exact,Connection broken for id <*> my id = <*> error =,1.0,"Connection broken for id 3, my id = 1, error =",0.8904,"Have smaller server identifier, so dropping the connection: (2, 1)",0.4924,19.61,51
421,Interrupting SendWorker,exact,Interrupting SendWorker,1.0,Send worker leaving thread,0.6386,Interrupted while waiting for message on queue,0.4235,18.83,51
422,Interrupted while waiting for message on queue,exact,Interrupted while waiting for message on queue,1.0,Interrupting SendWorker,0.4235,Notification time out: <*>,0.4219,19.19,51
423,Interrupted while waiting for message on queue,exact,Interrupted while waiting for message on queue,1.0,Interrupting SendWorker,0.4235,Notification time out: <*>,0.4219,19.02,51
424,Send worker leaving thread,exact,Send worker leaving thread,1.0,Interrupting SendWorker,0.6386,shutdown of request processor complete,0.3542,19.06,51
425,Interrupted while waiting for message on queue,exact,Interrupted while waiting for message on queue,1.0,Interrupting SendWorker,0.4235,Notification time out: <*>,0.4219,19.5,51
426,Received connection request <*>,exact,Received connection request <*>,1.0,Accepted socket connection from <*>,0.6767,Connection request from old client <*>; will be dropped if server is in r-o mode,0.4974,19.25,51
427,"Connection broken for id 188978561024, my id = 3, error =",exact,Connection broken for id <*> my id = <*> error =,1.0,"Connection broken for id 3, my id = 1, error =",0.8904,"Have smaller server identifier, so dropping the connection: (2, 1)",0.4924,19.48,51
428,"Connection broken for id 188978561024, my id = 3, error =",exact,Connection broken for id <*> my id = <*> error =,1.0,"Connection broken for id 3, my id = 1, error =",0.8904,"Have smaller server identifier, so dropping the connection: (2, 1)",0.4924,19.49,51
429,Interrupting SendWorker,exact,Interrupting SendWorker,1.0,Send worker leaving thread,0.6386,Interrupted while waiting for message on queue,0.4235,19.01,51
430,Received connection request <*>,exact,Received connection request <*>,1.0,Accepted socket connection from <*>,0.6767,Connection request from old client <*>; will be dropped if server is in r-o mode,0.4974,19.14,51
431,Interrupted while waiting for message on queue,exact,Interrupted while waiting for message on queue,1.0,Interrupting SendWorker,0.4235,Notification time out: <*>,0.4219,19.22,51
432,"Connection broken for id 188978561024, my id = 3, error =",exact,Connection broken for id <*> my id = <*> error =,1.0,"Connection broken for id 3, my id = 1, error =",0.8904,"Have smaller server identifier, so dropping the connection: (2, 1)",0.4924,19.59,51
433,Received connection request <*>,exact,Received connection request <*>,1.0,Accepted socket connection from <*>,0.6767,Connection request from old client <*>; will be dropped if server is in r-o mode,0.4974,19.21,51
434,Interrupted while waiting for message on queue,exact,Interrupted while waiting for message on queue,1.0,Interrupting SendWorker,0.4235,Notification time out: <*>,0.4219,19.06,51
435,"Connection broken for id 188978561024, my id = 3, error =",exact,Connection broken for id <*> my id = <*> error =,1.0,"Connection broken for id 3, my id = 1, error =",0.8904,"Have smaller server identifier, so dropping the connection: (2, 1)",0.4924,19.73,51
436,"Connection broken for id 188978561024, my id = 3, error =",exact,Connection broken for id <*> my id = <*> error =,1.0,"Connection broken for id 3, my id = 1, error =",0.8904,"Have smaller server identifier, so dropping the connection: (2, 1)",0.4924,19.66,51
437,"Connection broken for id 188978561024, my id = 3, error =",exact,Connection broken for id <*> my id = <*> error =,1.0,"Connection broken for id 3, my id = 1, error =",0.8904,"Have smaller server identifier, so dropping the connection: (2, 1)",0.4924,19.64,51
438,Send worker leaving thread,exact,Send worker leaving thread,1.0,Interrupting SendWorker,0.6386,shutdown of request processor complete,0.3542,18.93,51
439,Interrupting SendWorker,exact,Interrupting SendWorker,1.0,Send worker leaving thread,0.6386,Interrupted while waiting for message on queue,0.4235,19.01,51
440,Received connection request <*>,exact,Received connection request <*>,1.0,Accepted socket connection from <*>,0.6767,Connection request from old client <*>; will be dropped if server is in r-o mode,0.4974,19.24,51
441,"Connection broken for id 188978561024, my id = 3, error =",exact,Connection broken for id <*> my id = <*> error =,1.0,"Connection broken for id 3, my id = 1, error =",0.8904,"Have smaller server identifier, so dropping the connection: (2, 1)",0.4924,19.76,51
442,Send worker leaving thread,exact,Send worker leaving thread,1.0,Interrupting SendWorker,0.6386,shutdown of request processor complete,0.3542,18.99,51
443,Received connection request <*>,exact,Received connection request <*>,1.0,Accepted socket connection from <*>,0.6767,Connection request from old client <*>; will be dropped if server is in r-o mode,0.4974,18.99,51
444,Interrupted while waiting for message on queue,exact,Interrupted while waiting for message on queue,1.0,Interrupting SendWorker,0.4235,Notification time out: <*>,0.4219,19.28,51
445,"Connection broken for id 188978561024, my id = 3, error =",exact,Connection broken for id <*> my id = <*> error =,1.0,"Connection broken for id 3, my id = 1, error =",0.8904,"Have smaller server identifier, so dropping the connection: (2, 1)",0.4924,19.69,51
446,Received connection request <*>,exact,Received connection request <*>,1.0,Accepted socket connection from <*>,0.6767,Connection request from old client <*>; will be dropped if server is in r-o mode,0.4974,19.19,51
447,"Connection broken for id 188978561024, my id = 3, error =",exact,Connection broken for id <*> my id = <*> error =,1.0,"Connection broken for id 3, my id = 1, error =",0.8904,"Have smaller server identifier, so dropping the connection: (2, 1)",0.4924,19.87,51
448,"Connection broken for id 188978561024, my id = 3, error =",exact,Connection broken for id <*> my id = <*> error =,1.0,"Connection broken for id 3, my id = 1, error =",0.8904,"Have smaller server identifier, so dropping the connection: (2, 1)",0.4924,19.58,51
449,Interrupting SendWorker,exact,Interrupting SendWorker,1.0,Send worker leaving thread,0.6386,Interrupted while waiting for message on queue,0.4235,19.17,51
450,Interrupting SendWorker,exact,Interrupting SendWorker,1.0,Send worker leaving thread,0.6386,Interrupted while waiting for message on queue,0.4235,19.28,51
451,"Connection broken for id 188978561024, my id = 3, error =",exact,Connection broken for id <*> my id = <*> error =,1.0,"Connection broken for id 3, my id = 1, error =",0.8904,"Have smaller server identifier, so dropping the connection: (2, 1)",0.4924,19.54,51
452,Interrupting SendWorker,exact,Interrupting SendWorker,1.0,Send worker leaving thread,0.6386,Interrupted while waiting for message on queue,0.4235,18.96,51
453,Interrupted while waiting for message on queue,exact,Interrupted while waiting for message on queue,1.0,Interrupting SendWorker,0.4235,Notification time out: <*>,0.4219,19.19,51
454,Interrupted while waiting for message on queue,exact,Interrupted while waiting for message on queue,1.0,Interrupting SendWorker,0.4235,Notification time out: <*>,0.4219,19.13,51
455,"Connection broken for id 188978561024, my id = 3, error =",exact,Connection broken for id <*> my id = <*> error =,1.0,"Connection broken for id 3, my id = 1, error =",0.8904,"Have smaller server identifier, so dropping the connection: (2, 1)",0.4924,19.83,51
456,"Connection broken for id 188978561024, my id = 3, error =",exact,Connection broken for id <*> my id = <*> error =,1.0,"Connection broken for id 3, my id = 1, error =",0.8904,"Have smaller server identifier, so dropping the connection: (2, 1)",0.4924,19.93,51
457,"Connection broken for id 188978561024, my id = 3, error =",exact,Connection broken for id <*> my id = <*> error =,1.0,"Connection broken for id 3, my id = 1, error =",0.8904,"Have smaller server identifier, so dropping the connection: (2, 1)",0.4924,19.68,51
458,Received connection request <*>,exact,Received connection request <*>,1.0,Accepted socket connection from <*>,0.6767,Connection request from old client <*>; will be dropped if server is in r-o mode,0.4974,19.12,51
459,Send worker leaving thread,exact,Send worker leaving thread,1.0,Interrupting SendWorker,0.6386,shutdown of request processor complete,0.3542,19.02,51
460,Interrupting SendWorker,exact,Interrupting SendWorker,1.0,Send worker leaving thread,0.6386,Interrupted while waiting for message on queue,0.4235,19.0,51
461,Interrupting SendWorker,exact,Interrupting SendWorker,1.0,Send worker leaving thread,0.6386,Interrupted while waiting for message on queue,0.4235,19.12,51
462,"Connection broken for id 188978561024, my id = 3, error =",exact,Connection broken for id <*> my id = <*> error =,1.0,"Connection broken for id 3, my id = 1, error =",0.8904,"Have smaller server identifier, so dropping the connection: (2, 1)",0.4924,19.79,51
463,Received connection request <*>,exact,Received connection request <*>,1.0,Accepted socket connection from <*>,0.6767,Connection request from old client <*>; will be dropped if server is in r-o mode,0.4974,19.08,51
464,Interrupted while waiting for message on queue,exact,Interrupted while waiting for message on queue,1.0,Interrupting SendWorker,0.4235,Notification time out: <*>,0.4219,19.18,51
465,"Connection broken for id 188978561024, my id = 3, error =",exact,Connection broken for id <*> my id = <*> error =,1.0,"Connection broken for id 3, my id = 1, error =",0.8904,"Have smaller server identifier, so dropping the connection: (2, 1)",0.4924,19.57,51
466,"Connection broken for id 188978561024, my id = 3, error =",exact,Connection broken for id <*> my id = <*> error =,1.0,"Connection broken for id 3, my id = 1, error =",0.8904,"Have smaller server identifier, so dropping the connection: (2, 1)",0.4924,19.51,51
467,Received connection request <*>,exact,Received connection request <*>,1.0,Accepted socket connection from <*>,0.6767,Connection request from old client <*>; will be dropped if server is in r-o mode,0.4974,19.67,51
468,Interrupted while waiting for message on queue,exact,Interrupted while waiting for message on queue,1.0,Interrupting SendWorker,0.4235,Notification time out: <*>,0.4219,19.92,51
469,Received connection request <*>,exact,Received connection request <*>,1.0,Accepted socket connection from <*>,0.6767,Connection request from old client <*>; will be dropped if server is in r-o mode,0.4974,19.21,51
470,Interrupted while waiting for message on queue,exact,Interrupted while waiting for message on queue,1.0,Interrupting SendWorker,0.4235,Notification time out: <*>,0.4219,19.09,51
471,"Connection broken for id 188978561024, my id = 3, error =",exact,Connection broken for id <*> my id = <*> error =,1.0,"Connection broken for id 3, my id = 1, error =",0.8904,"Have smaller server identifier, so dropping the connection: (2, 1)",0.4924,19.74,51
472,Interrupting SendWorker,exact,Interrupting SendWorker,1.0,Send worker leaving thread,0.6386,Interrupted while waiting for message on queue,0.4235,19.22,51
473,Received connection request <*>,exact,Received connection request <*>,1.0,Accepted socket connection from <*>,0.6767,Connection request from old client <*>; will be dropped if server is in r-o mode,0.4974,19.14,51
474,"Connection broken for id 188978561024, my id = 3, error =",exact,Connection broken for id <*> my id = <*> error =,1.0,"Connection broken for id 3, my id = 1, error =",0.8904,"Have smaller server identifier, so dropping the connection: (2, 1)",0.4924,19.72,51
475,Interrupted while waiting for message on queue,exact,Interrupted while waiting for message on queue,1.0,Interrupting SendWorker,0.4235,Notification time out: <*>,0.4219,19.29,51
476,Received connection request <*>,exact,Received connection request <*>,1.0,Accepted socket connection from <*>,0.6767,Connection request from old client <*>; will be dropped if server is in r-o mode,0.4974,19.4,51
477,"Connection broken for id 188978561024, my id = 3, error =",exact,Connection broken for id <*> my id = <*> error =,1.0,"Connection broken for id 3, my id = 1, error =",0.8904,"Have smaller server identifier, so dropping the connection: (2, 1)",0.4924,19.43,51
478,Received connection request <*>,exact,Received connection request <*>,1.0,Accepted socket connection from <*>,0.6767,Connection request from old client <*>; will be dropped if server is in r-o mode,0.4974,19.18,51
479,Interrupting SendWorker,exact,Interrupting SendWorker,1.0,Send worker leaving thread,0.6386,Interrupted while waiting for message on queue,0.4235,19.26,51
480,Interrupted while waiting for message on queue,exact,Interrupted while waiting for message on queue,1.0,Interrupting SendWorker,0.4235,Notification time out: <*>,0.4219,19.45,51
481,"Connection broken for id 188978561024, my id = 3, error =",exact,Connection broken for id <*> my id = <*> error =,1.0,"Connection broken for id 3, my id = 1, error =",0.8904,"Have smaller server identifier, so dropping the connection: (2, 1)",0.4924,19.89,51
482,"Connection broken for id 188978561024, my id = 3, error =",exact,Connection broken for id <*> my id = <*> error =,1.0,"Connection broken for id 3, my id = 1, error =",0.8904,"Have smaller server identifier, so dropping the connection: (2, 1)",0.4924,19.69,51
483,Received connection request <*>,exact,Received connection request <*>,1.0,Accepted socket connection from <*>,0.6767,Connection request from old client <*>; will be dropped if server is in r-o mode,0.4974,19.25,51
484,Interrupted while waiting for message on queue,exact,Interrupted while waiting for message on queue,1.0,Interrupting SendWorker,0.4235,Notification time out: <*>,0.4219,19.11,51
485,Interrupted while waiting for message on queue,exact,Interrupted while waiting for message on queue,1.0,Interrupting SendWorker,0.4235,Notification time out: <*>,0.4219,19.11,51
486,Received connection request <*>,exact,Received connection request <*>,1.0,Accepted socket connection from <*>,0.6767,Connection request from old client <*>; will be dropped if server is in r-o mode,0.4974,20.29,51
487,"Connection broken for id 188978561024, my id = 3, error =",exact,Connection broken for id <*> my id = <*> error =,1.0,"Connection broken for id 3, my id = 1, error =",0.8904,"Have smaller server identifier, so dropping the connection: (2, 1)",0.4924,20.17,51
488,"Connection broken for id 188978561024, my id = 3, error =",exact,Connection broken for id <*> my id = <*> error =,1.0,"Connection broken for id 3, my id = 1, error =",0.8904,"Have smaller server identifier, so dropping the connection: (2, 1)",0.4924,19.93,51
489,Interrupting SendWorker,exact,Interrupting SendWorker,1.0,Send worker leaving thread,0.6386,Interrupted while waiting for message on queue,0.4235,19.2,51
490,"Connection broken for id 188978561024, my id = 3, error =",exact,Connection broken for id <*> my id = <*> error =,1.0,"Connection broken for id 3, my id = 1, error =",0.8904,"Have smaller server identifier, so dropping the connection: (2, 1)",0.4924,19.45,51
491,Interrupted while waiting for message on queue,exact,Interrupted while waiting for message on queue,1.0,Interrupting SendWorker,0.4235,Notification time out: <*>,0.4219,19.56,51
492,Received connection request <*>,exact,Received connection request <*>,1.0,Accepted socket connection from <*>,0.6767,Connection request from old client <*>; will be dropped if server is in r-o mode,0.4974,19.21,51
493,Interrupted while waiting for message on queue,exact,Interrupted while waiting for message on queue,1.0,Interrupting SendWorker,0.4235,Notification time out: <*>,0.4219,19.13,51
494,Send worker leaving thread,exact,Send worker leaving thread,1.0,Interrupting SendWorker,0.6386,shutdown of request processor complete,0.3542,19.17,51
495,Received connection request <*>,exact,Received connection request <*>,1.0,Accepted socket connection from <*>,0.6767,Connection request from old client <*>; will be dropped if server is in r-o mode,0.4974,19.15,51
496,Interrupting SendWorker,exact,Interrupting SendWorker,1.0,Send worker leaving thread,0.6386,Interrupted while waiting for message on queue,0.4235,19.18,51
497,Send worker leaving thread,exact,Send worker leaving thread,1.0,Interrupting SendWorker,0.6386,shutdown of request processor complete,0.3542,19.02,51
498,Received connection request <*>,exact,Received connection request <*>,1.0,Accepted socket connection from <*>,0.6767,Connection request from old client <*>; will be dropped if server is in r-o mode,0.4974,19.33,51
499,Send worker leaving thread,exact,Send worker leaving thread,1.0,Interrupting SendWorker,0.6386,shutdown of request processor complete,0.3542,19.11,51
500,Send worker leaving thread,exact,Send worker leaving thread,1.0,Interrupting SendWorker,0.6386,shutdown of request processor complete,0.3542,19.09,51
501,Received connection request <*>,exact,Received connection request <*>,1.0,Accepted socket connection from <*>,0.6767,Connection request from old client <*>; will be dropped if server is in r-o mode,0.4974,19.15,51
502,Received connection request <*>,exact,Received connection request <*>,1.0,Accepted socket connection from <*>,0.6767,Connection request from old client <*>; will be dropped if server is in r-o mode,0.4974,19.78,51
503,Interrupted while waiting for message on queue,exact,Interrupted while waiting for message on queue,1.0,Interrupting SendWorker,0.4235,Notification time out: <*>,0.4219,21.47,51
504,Received connection request <*>,exact,Received connection request <*>,1.0,Accepted socket connection from <*>,0.6767,Connection request from old client <*>; will be dropped if server is in r-o mode,0.4974,19.55,51
505,Received connection request <*>,exact,Received connection request <*>,1.0,Accepted socket connection from <*>,0.6767,Connection request from old client <*>; will be dropped if server is in r-o mode,0.4974,19.21,51
506,Received connection request <*>,exact,Received connection request <*>,1.0,Accepted socket connection from <*>,0.6767,Connection request from old client <*>; will be dropped if server is in r-o mode,0.4974,19.04,51
507,"Connection broken for id 188978561024, my id = 3, error =",exact,Connection broken for id <*> my id = <*> error =,1.0,"Connection broken for id 3, my id = 1, error =",0.8904,"Have smaller server identifier, so dropping the connection: (2, 1)",0.4924,19.72,51
508,"Connection broken for id 188978561024, my id = 3, error =",exact,Connection broken for id <*> my id = <*> error =,1.0,"Connection broken for id 3, my id = 1, error =",0.8904,"Have smaller server identifier, so dropping the connection: (2, 1)",0.4924,19.62,51
509,Send worker leaving thread,exact,Send worker leaving thread,1.0,Interrupting SendWorker,0.6386,shutdown of request processor complete,0.3542,19.22,51
510,"Connection broken for id 188978561024, my id = 3, error =",exact,Connection broken for id <*> my id = <*> error =,1.0,"Connection broken for id 3, my id = 1, error =",0.8904,"Have smaller server identifier, so dropping the connection: (2, 1)",0.4924,19.81,51
511,Interrupted while waiting for message on queue,exact,Interrupted while waiting for message on queue,1.0,Interrupting SendWorker,0.4235,Notification time out: <*>,0.4219,19.23,51
512,Received connection request <*>,exact,Received connection request <*>,1.0,Accepted socket connection from <*>,0.6767,Connection request from old client <*>; will be dropped if server is in r-o mode,0.4974,19.28,51
513,Received connection request <*>,exact,Received connection request <*>,1.0,Accepted socket connection from <*>,0.6767,Connection request from old client <*>; will be dropped if server is in r-o mode,0.4974,20.37,51
514,"Connection broken for id 188978561024, my id = 3, error =",exact,Connection broken for id <*> my id = <*> error =,1.0,"Connection broken for id 3, my id = 1, error =",0.8904,"Have smaller server identifier, so dropping the connection: (2, 1)",0.4924,20.64,51
515,Send worker leaving thread,exact,Send worker leaving thread,1.0,Interrupting SendWorker,0.6386,shutdown of request processor complete,0.3542,20.21,51
516,Interrupting SendWorker,exact,Interrupting SendWorker,1.0,Send worker leaving thread,0.6386,Interrupted while waiting for message on queue,0.4235,19.12,51
517,Interrupted while waiting for message on queue,exact,Interrupted while waiting for message on queue,1.0,Interrupting SendWorker,0.4235,Notification time out: <*>,0.4219,19.34,51
518,Received connection request <*>,exact,Received connection request <*>,1.0,Accepted socket connection from <*>,0.6767,Connection request from old client <*>; will be dropped if server is in r-o mode,0.4974,19.45,51
519,"Connection broken for id 188978561024, my id = 3, error =",exact,Connection broken for id <*> my id = <*> error =,1.0,"Connection broken for id 3, my id = 1, error =",0.8904,"Have smaller server identifier, so dropping the connection: (2, 1)",0.4924,19.99,51
520,Interrupting SendWorker,exact,Interrupting SendWorker,1.0,Send worker leaving thread,0.6386,Interrupted while waiting for message on queue,0.4235,19.12,51
521,Closed socket connection for client <*> (no session established for client),exact,Closed socket connection for client <*> (no session established for client),1.0,Closed socket connection for client <*> which had sessionid <*>,0.8711,Accepted socket connection from <*>,0.6361,19.68,51
522,"Notification: 3 (n.leader), 0x10000006b (n.zxid), 0x2 (n.round), LOOKING (n.state), 3 (n.sid), 0x1 (n.peerEPoch), LOOKING (my state)",exact,"Notification: <*> (n.leader), <*> (n.zxid), <*> (n.round), <*> (n.state), <*> (n.sid), <*> (n.peerEPoch), <*> (my state)",0.9904,Have quorum of supporters; starting up and setting last processed zxid: 0xb00000000,0.4602,"New election. My id = 1, proposed <*>",0.4356,22.67,51
523,Closed socket connection for client <*> (no session established for client),exact,Closed socket connection for client <*> (no session established for client),1.0,Closed socket connection for client <*> which had sessionid <*>,0.8711,Accepted socket connection from <*>,0.6361,20.04,51
524,Accepted socket connection from <*>,exact,Accepted socket connection from <*>,1.0,Received connection request <*>,0.6767,Closed socket connection for client <*> (no session established for client),0.6361,19.45,51
525,Accepted socket connection from <*>,exact,Accepted socket connection from <*>,1.0,Received connection request <*>,0.6767,Closed socket connection for client <*> (no session established for client),0.6361,19.1,51
526,Established session 0x34ed9ac1c1e0007 with negotiated timeout 10000 for client <*>,partial,Established session <*> with negotiated timeout <*> for client <*>,0.9612,Expiring session <*> timeout of <*> exceeded,0.6895,Client attempting to renew session <*> at <*>,0.6627,19.55,51
527,Connection request from old client <*>; will be dropped if server is in r-o mode,exact,Connection request from old client <*>; will be dropped if server is in r-o mode,1.0,Closed socket connection for client <*> (no session established for client),0.5625,"Have smaller server identifier, so dropping the connection: (2, 1)",0.5493,19.46,51
528,Accepted socket connection from <*>,exact,Accepted socket connection from <*>,1.0,Received connection request <*>,0.6767,Closed socket connection for client <*> (no session established for client),0.6361,19.18,51
529,Client attempting to establish new session at <*>,exact,Client attempting to establish new session at <*>,1.0,Client attempting to renew session <*> at <*>,0.6869,Closed socket connection for client <*> (no session established for client),0.6054,19.23,51
530,Client attempting to establish new session at <*>,exact,Client attempting to establish new session at <*>,1.0,Client attempting to renew session <*> at <*>,0.6869,Closed socket connection for client <*> (no session established for client),0.6054,19.22,51
531,caught end of stream exception,exact,caught end of stream exception,1.0,<*> - ERROR [LearnerHandler-<*>:LearnerHandler@562] - Unexpected exception causing shutdown while sock still open,0.3761,Interrupted while waiting for message on queue,0.3684,19.04,51
532,Established session 0x34ed9ac1c1e002e with negotiated timeout 10000 for client <*>,partial,Established session <*> with negotiated timeout <*> for client <*>,0.9628,Expiring session <*> timeout of <*> exceeded,0.6951,Processed session termination for sessionid: <*>,0.6551,19.82,51
533,Established session 0x34ed9ac1c1e0036 with negotiated timeout 10000 for client <*>,partial,Established session <*> with negotiated timeout <*> for client <*>,0.9717,Expiring session <*> timeout of <*> exceeded,0.6991,Processed session termination for sessionid: <*>,0.6594,19.94,51
534,Client attempting to establish new session at <*>,exact,Client attempting to establish new session at <*>,1.0,Client attempting to renew session <*> at <*>,0.6869,Closed socket connection for client <*> (no session established for client),0.6054,19.51,51
535,Accepted socket connection from <*>,exact,Accepted socket connection from <*>,1.0,Received connection request <*>,0.6767,Closed socket connection for client <*> (no session established for client),0.6361,19.3,51
536,Accepted socket connection from <*>,exact,Accepted socket connection from <*>,1.0,Received connection request <*>,0.6767,Closed socket connection for client <*> (no session established for client),0.6361,19.22,51
537,caught end of stream exception,exact,caught end of stream exception,1.0,<*> - ERROR [LearnerHandler-<*>:LearnerHandler@562] - Unexpected exception causing shutdown while sock still open,0.3761,Interrupted while waiting for message on queue,0.3684,19.34,51
538,Accepted socket connection from <*>,exact,Accepted socket connection from <*>,1.0,Received connection request <*>,0.6767,Closed socket connection for client <*> (no session established for client),0.6361,19.2,51
539,Closed socket connection for client <*> which had sessionid 0x34ed9ac1c1e0059,partial,Closed socket connection for client <*> which had sessionid <*>,0.9869,Closed socket connection for client <*> (no session established for client),0.8689,Established session <*> with negotiated timeout <*> for client <*>,0.6211,19.94,51
540,caught end of stream exception,exact,caught end of stream exception,1.0,<*> - ERROR [LearnerHandler-<*>:LearnerHandler@562] - Unexpected exception causing shutdown while sock still open,0.3761,Interrupted while waiting for message on queue,0.3684,19.41,51
541,Client attempting to establish new session at <*>,exact,Client attempting to establish new session at <*>,1.0,Client attempting to renew session <*> at <*>,0.6869,Closed socket connection for client <*> (no session established for client),0.6054,19.38,51
542,Established session 0x34ed9ac1c1e0064 with negotiated timeout 10000 for client <*>,partial,Established session <*> with negotiated timeout <*> for client <*>,0.9718,Expiring session <*> timeout of <*> exceeded,0.7117,Processed session termination for sessionid: <*>,0.6742,19.96,51
543,Connection request from old client <*>; will be dropped if server is in r-o mode,exact,Connection request from old client <*>; will be dropped if server is in r-o mode,1.0,Closed socket connection for client <*> (no session established for client),0.5625,"Have smaller server identifier, so dropping the connection: (2, 1)",0.5493,19.63,51
544,Accepted socket connection from <*>,exact,Accepted socket connection from <*>,1.0,Received connection request <*>,0.6767,Closed socket connection for client <*> (no session established for client),0.6361,18.94,51
545,Closed socket connection for client <*> which had sessionid 0x34ed9ac1c1e0086,partial,Closed socket connection for client <*> which had sessionid <*>,0.9855,Closed socket connection for client <*> (no session established for client),0.8614,Established session <*> with negotiated timeout <*> for client <*>,0.6179,19.91,51
546,Closed socket connection for client <*> which had sessionid 0x34ed9ac1c1e0093,partial,Closed socket connection for client <*> which had sessionid <*>,0.9874,Closed socket connection for client <*> (no session established for client),0.8662,Established session <*> with negotiated timeout <*> for client <*>,0.619,19.96,51
547,caught end of stream exception,exact,caught end of stream exception,1.0,<*> - ERROR [LearnerHandler-<*>:LearnerHandler@562] - Unexpected exception causing shutdown while sock still open,0.3761,Interrupted while waiting for message on queue,0.3684,19.24,51
548,Accepted socket connection from <*>,exact,Accepted socket connection from <*>,1.0,Received connection request <*>,0.6767,Closed socket connection for client <*> (no session established for client),0.6361,19.71,51
549,Connection request from old client <*>; will be dropped if server is in r-o mode,exact,Connection request from old client <*>; will be dropped if server is in r-o mode,1.0,Closed socket connection for client <*> (no session established for client),0.5625,"Have smaller server identifier, so dropping the connection: (2, 1)",0.5493,19.82,51
550,Connection request from old client <*>; will be dropped if server is in r-o mode,exact,Connection request from old client <*>; will be dropped if server is in r-o mode,1.0,Closed socket connection for client <*> (no session established for client),0.5625,"Have smaller server identifier, so dropping the connection: (2, 1)",0.5493,19.95,51
551,Closed socket connection for client <*> which had sessionid 0x34ed9ac1c1e00a9,partial,Closed socket connection for client <*> which had sessionid <*>,0.9857,Closed socket connection for client <*> (no session established for client),0.8647,Established session <*> with negotiated timeout <*> for client <*>,0.6236,19.49,51
552,Accepted socket connection from <*>,exact,Accepted socket connection from <*>,1.0,Received connection request <*>,0.6767,Closed socket connection for client <*> (no session established for client),0.6361,29.76,51
553,Accepted socket connection from <*>,exact,Accepted socket connection from <*>,1.0,Received connection request <*>,0.6767,Closed socket connection for client <*> (no session established for client),0.6361,30.2,51
554,Accepted socket connection from <*>,exact,Accepted socket connection from <*>,1.0,Received connection request <*>,0.6767,Closed socket connection for client <*> (no session established for client),0.6361,20.65,51
555,caught end of stream exception,exact,caught end of stream exception,1.0,<*> - ERROR [LearnerHandler-<*>:LearnerHandler@562] - Unexpected exception causing shutdown while sock still open,0.3761,Interrupted while waiting for message on queue,0.3684,19.11,51
556,"Connection broken for id 1, my id = 3, error =",exact,"Connection broken for id 3, my id = 1, error =",0.9921,Connection broken for id <*> my id = <*> error =,0.892,"Have smaller server identifier, so dropping the connection: (2, 1)",0.552,19.21,51
557,Established session 0x34ed9ac1c1e00d1 with negotiated timeout 10000 for client <*>,partial,Established session <*> with negotiated timeout <*> for client <*>,0.9678,Expiring session <*> timeout of <*> exceeded,0.6831,Processed session termination for sessionid: <*>,0.6549,19.41,51
558,LOOKING,exact,LOOKING,1.0,FOLLOWING,0.437,"Notification: <*> (n.leader), <*> (n.zxid), <*> (n.round), <*> (n.state), <*> (n.sid), <*> (n.peerEPoch), <*> (my state)",0.2329,18.74,51
559,"Notification: 3 (n.leader), 0x100001564 (n.zxid), 0x3 (n.round), FOLLOWING (n.state), 3 (n.sid), 0x2 (n.peerEPoch), FOLLOWING (my state)",partial,"Notification: <*> (n.leader), <*> (n.zxid), <*> (n.round), <*> (n.state), <*> (n.sid), <*> (n.peerEPoch), <*> (my state)",0.9742,Have quorum of supporters; starting up and setting last processed zxid: 0xb00000000,0.4659,"New election. My id = 1, proposed <*>",0.4378,22.25,51
560,Accepted socket connection from <*>,exact,Accepted socket connection from <*>,1.0,Received connection request <*>,0.6767,Closed socket connection for client <*> (no session established for client),0.6361,19.79,51
561,Connection request from old client <*>; will be dropped if server is in r-o mode,exact,Connection request from old client <*>; will be dropped if server is in r-o mode,1.0,Closed socket connection for client <*> (no session established for client),0.5625,"Have smaller server identifier, so dropping the connection: (2, 1)",0.5493,19.9,51
562,Established session 0x34ede65503f0025 with negotiated timeout 10000 for client <*>,partial,Established session <*> with negotiated timeout <*> for client <*>,0.9732,Expiring session <*> timeout of <*> exceeded,0.7086,Processed session termination for sessionid: <*>,0.6675,19.8,51
563,Established session 0x34ede65503f0027 with negotiated timeout 10000 for client <*>,partial,Established session <*> with negotiated timeout <*> for client <*>,0.9784,Expiring session <*> timeout of <*> exceeded,0.71,Client attempting to renew session <*> at <*>,0.6649,19.79,51
564,Established session 0x34ede65503f002d with negotiated timeout 20000 for client <*>,partial,Established session <*> with negotiated timeout <*> for client <*>,0.9705,Expiring session <*> timeout of <*> exceeded,0.7026,Processed session termination for sessionid: <*>,0.6766,19.75,51
565,Connection request from old client <*>; will be dropped if server is in r-o mode,exact,Connection request from old client <*>; will be dropped if server is in r-o mode,1.0,Closed socket connection for client <*> (no session established for client),0.5625,"Have smaller server identifier, so dropping the connection: (2, 1)",0.5493,19.51,51
566,Client attempting to establish new session at <*>,exact,Client attempting to establish new session at <*>,1.0,Client attempting to renew session <*> at <*>,0.6869,Closed socket connection for client <*> (no session established for client),0.6054,19.3,51
567,Accepted socket connection from <*>,exact,Accepted socket connection from <*>,1.0,Received connection request <*>,0.6767,Closed socket connection for client <*> (no session established for client),0.6361,19.46,51
568,Closed socket connection for client <*> which had sessionid 0x34ede65503f002f,partial,Closed socket connection for client <*> which had sessionid <*>,0.9887,Closed socket connection for client <*> (no session established for client),0.8779,Established session <*> with negotiated timeout <*> for client <*>,0.6092,19.86,51
569,Closed socket connection for client <*> which had sessionid 0x34ede65503f0030,partial,Closed socket connection for client <*> which had sessionid <*>,0.9871,Closed socket connection for client <*> (no session established for client),0.8708,Established session <*> with negotiated timeout <*> for client <*>,0.6068,19.8,51
570,Client attempting to establish new session at <*>,exact,Client attempting to establish new session at <*>,1.0,Client attempting to renew session <*> at <*>,0.6869,Closed socket connection for client <*> (no session established for client),0.6054,19.26,51
571,Connection request from old client <*>; will be dropped if server is in r-o mode,exact,Connection request from old client <*>; will be dropped if server is in r-o mode,1.0,Closed socket connection for client <*> (no session established for client),0.5625,"Have smaller server identifier, so dropping the connection: (2, 1)",0.5493,19.71,51
572,Client attempting to establish new session at <*>,exact,Client attempting to establish new session at <*>,1.0,Client attempting to renew session <*> at <*>,0.6869,Closed socket connection for client <*> (no session established for client),0.6054,19.33,51
573,Established session 0x34ede65503f0058 with negotiated timeout 20000 for client <*>,partial,Established session <*> with negotiated timeout <*> for client <*>,0.9724,Expiring session <*> timeout of <*> exceeded,0.7001,Client attempting to renew session <*> at <*>,0.6742,19.84,51
574,caught end of stream exception,exact,caught end of stream exception,1.0,<*> - ERROR [LearnerHandler-<*>:LearnerHandler@562] - Unexpected exception causing shutdown while sock still open,0.3761,Interrupted while waiting for message on queue,0.3684,19.2,51
575,minSessionTimeout set to -1,partial,maxSessionTimeout set to -1,0.9135,Expiring session <*> timeout of <*> exceeded,0.5101,Established session <*> with negotiated timeout <*> for client <*>,0.4652,20.37,51
576,Server environment:os.name=Linux,exact,Server environment:os.name=Linux,1.0,Server environment:user.dir=/,0.5036,Server environment:host.name=mesos-master-1,0.4875,19.33,51
577,Server environment:user.name=zookeeper,exact,Server environment:user.name=zookeeper,1.0,"Server environment:zookeeper.version=3.4.5--1, built on <*> 17:26 GMT",0.8154,Snapshotting: <*> to <*>,0.6569,19.64,51
578,Established session 0x34edfaa9c220002 with negotiated timeout 10000 for client <*>,partial,Established session <*> with negotiated timeout <*> for client <*>,0.962,Expiring session <*> timeout of <*> exceeded,0.706,Processed session termination for sessionid: <*>,0.6568,20.1,51
579,Accepted socket connection from <*>,exact,Accepted socket connection from <*>,1.0,Received connection request <*>,0.6767,Closed socket connection for client <*> (no session established for client),0.6361,19.14,51
580,Accepted socket connection from <*>,exact,Accepted socket connection from <*>,1.0,Received connection request <*>,0.6767,Closed socket connection for client <*> (no session established for client),0.6361,19.27,51
581,Closed socket connection for client <*> which had sessionid 0x34edfaa9c220012,partial,Closed socket connection for client <*> which had sessionid <*>,0.9876,Closed socket connection for client <*> (no session established for client),0.8641,Established session <*> with negotiated timeout <*> for client <*>,0.63,19.81,51
582,caught end of stream exception,exact,caught end of stream exception,1.0,<*> - ERROR [LearnerHandler-<*>:LearnerHandler@562] - Unexpected exception causing shutdown while sock still open,0.3761,Interrupted while waiting for message on queue,0.3684,19.18,51
583,Established session 0x34edfaa9c22001e with negotiated timeout 10000 for client <*>,partial,Established session <*> with negotiated timeout <*> for client <*>,0.9668,Expiring session <*> timeout of <*> exceeded,0.7145,Processed session termination for sessionid: <*>,0.656,20.04,51
584,Closed socket connection for client <*> which had sessionid 0x34edfaa9c22002d,partial,Closed socket connection for client <*> which had sessionid <*>,0.9875,Closed socket connection for client <*> (no session established for client),0.8639,Established session <*> with negotiated timeout <*> for client <*>,0.6275,19.97,51
585,Established session 0x34edfaa9c22003a with negotiated timeout 10000 for client <*>,partial,Established session <*> with negotiated timeout <*> for client <*>,0.9711,Expiring session <*> timeout of <*> exceeded,0.713,Processed session termination for sessionid: <*>,0.6573,19.83,51
586,Connection request from old client <*>; will be dropped if server is in r-o mode,exact,Connection request from old client <*>; will be dropped if server is in r-o mode,1.0,Closed socket connection for client <*> (no session established for client),0.5625,"Have smaller server identifier, so dropping the connection: (2, 1)",0.5493,19.7,51
587,Connection request from old client <*>; will be dropped if server is in r-o mode,exact,Connection request from old client <*>; will be dropped if server is in r-o mode,1.0,Closed socket connection for client <*> (no session established for client),0.5625,"Have smaller server identifier, so dropping the connection: (2, 1)",0.5493,19.77,51
588,Received connection request <*>,exact,Received connection request <*>,1.0,Accepted socket connection from <*>,0.6767,Connection request from old client <*>; will be dropped if server is in r-o mode,0.4974,19.26,51
589,minSessionTimeout set to -1,partial,maxSessionTimeout set to -1,0.961,Expiring session <*> timeout of <*> exceeded,0.5101,Established session <*> with negotiated timeout <*> for client <*>,0.4635,19.26,51
590,Server environment:java.home=/usr/lib/jvm/java-7-openjdk-amd64/jre,new,Server environment:java.home=/usr/lib/jvm/java-7-openjdk-amd64/jre,1.0,,0.0,,0.0,20.94,52
591,Getting a snapshot from leader,exact,Getting a snapshot from leader,1.0,Snapshotting: <*> to <*>,0.3434,FOLLOWING - LEADER ELECTION TOOK - 49,0.2895,19.44,52
592,Closed socket connection for client <*> which had sessionid 0x34ee30a5c530018,partial,Closed socket connection for client <*> which had sessionid <*>,0.9872,Closed socket connection for client <*> (no session established for client),0.8688,Established session <*> with negotiated timeout <*> for client <*>,0.6137,21.12,52
593,Accepted socket connection from <*>,exact,Accepted socket connection from <*>,1.0,Received connection request <*>,0.6767,Closed socket connection for client <*> (no session established for client),0.6361,22.07,52
594,Established session 0x34ee30a5c53002b with negotiated timeout 10000 for client <*>,partial,Established session <*> with negotiated timeout <*> for client <*>,0.9743,Expiring session <*> timeout of <*> exceeded,0.7178,Processed session termination for sessionid: <*>,0.6755,20.49,52
595,"Notification: 3 (n.leader), 0x700000197 (n.zxid), 0x1 (n.round), LOOKING (n.state), 3 (n.sid), 0x7 (n.peerEPoch), LOOKING (my state)",partial,"Notification: <*> (n.leader), <*> (n.zxid), <*> (n.round), <*> (n.state), <*> (n.sid), <*> (n.peerEPoch), <*> (my state)",0.9853,Have quorum of supporters; starting up and setting last processed zxid: 0xb00000000,0.4546,"New election. My id = 1, proposed <*>",0.4511,23.08,52
596,Client attempting to establish new session at <*>,exact,Client attempting to establish new session at <*>,1.0,Client attempting to renew session <*> at <*>,0.6869,Closed socket connection for client <*> (no session established for client),0.6054,19.9,52
597,Closed socket connection for client <*> which had sessionid 0x34f0557885e0002,exact,Closed socket connection for client <*> which had sessionid <*>,0.9908,Closed socket connection for client <*> (no session established for client),0.8734,Established session <*> with negotiated timeout <*> for client <*>,0.6166,20.56,52
598,"Expiring session 0x14f05578bd80006, timeout of 10000ms exceeded",partial,Expiring session <*> timeout of <*> exceeded,0.9753,Established session <*> with negotiated timeout <*> for client <*>,0.7111,Processed session termination for sessionid: <*>,0.6339,20.3,52
599,"Expiring session 0x14f05578bd8000f, timeout of 10000ms exceeded",partial,Expiring session <*> timeout of <*> exceeded,0.9781,Established session <*> with negotiated timeout <*> for client <*>,0.7102,Processed session termination for sessionid: <*>,0.6296,20.36,52
600,Processed session termination for sessionid: 0x24f0557806a0010,partial,Processed session termination for sessionid: <*>,0.9877,Established session <*> with negotiated timeout <*> for client <*>,0.684,Client attempting to renew session <*> at <*>,0.6634,20.0,52
