log_id,normalised,match_type,top1_template,top1_score,top2_template,top2_score,top3_template,top3_score,latency_ms,store_size
1,cancelAutohide,exact,cancelAutohide,1.0,suspendAutohide,0.7907,resumeSuspendedAutohide,0.6555,73.53,209
2,"notifyUiVisibilityChanged:vis=<*>, SystemUiVisibility=<*>",exact,"notifyUiVisibilityChanged:vis=<*>, SystemUiVisibility=<*>",1.0,onNotificationVisibilityChanged called,0.6485,<*> I NotificationManager: <*> called,0.6286,61.5,209
3,getTasks: caller <*> does not hold REAL_GET_TASKS; limiting output,exact,getTasks: caller <*> does not hold REAL_GET_TASKS; limiting output,1.0,<*> W ActivityManager: getTasks: caller <*> does not hold REAL_GET_TASKS; limiting output,0.8241,getRunningAppProcesses: caller <*> does not hold REAL_GET_TASKS; limiting output,0.8139,60.14,209
4,"release:lock=<*>, flg=<*>, tag=""*launch*"", name=android"", ws=WorkSource{<*>}, uid=<*>, pid=<*>",exact,"release:lock=<*>, flg=<*>, tag=""*launch*"", name=android"", ws=WorkSource{<*>}, uid=<*>, pid=<*>",1.0,"release:lock=<*>, flg=<*>, tag=""WindowManager"", name=android"", ws=WorkSource{<*>}, uid=<*>, pid=<*>",0.8903,"acquire lock=<*>, flags=<*>, tag=""*launch*"", name=android, ws=WorkSource{<*>}, uid=<*>, pid=<*>",0.8405,62.27,209
5,"ready=true,policy=<*>,wakefulness=<*>,wksummary=<*>,uasummary=<*>,bootcompleted=true,boostinprogress=false,waitmodeenable=false,mode=false,manual=<*>,auto=-<*>,adj=<*>.0userId=<*>",exact,"ready=true,policy=<*>,wakefulness=<*>,wksummary=<*>,uasummary=<*>,bootcompleted=true,boostinprogress=false,waitmodeenable=false,mode=false,manual=<*>,auto=-<*>,adj=<*>.0userId=<*>",1.0,"<*> D PowerManagerService: ready=true,policy=<*>,wakefulness=<*>,wksummary=<*>,uasummary=<*>,bootcompleted=true,boostinprogress=false,waitmodeenable=false,mode=false,manual=<*>,auto=-<*>,adj=<*>.0userId=<*>",0.7294,"updateIsPoweredLocked: wasPowered=false, mIsPowered=false, oldPlugType=<*>, mPlugType=<*>, mBatteryLevel=<*>",0.5091,64.24,209
6,"Releasing suspend blocker ""PowerManagerService.WakeLocks"".",exact,"Releasing suspend blocker ""PowerManagerService.WakeLocks"".",1.0,"Acquiring suspend blocker ""PowerManagerService.WakeLocks"".",0.91,"<*> D PowerManagerService: <*> suspend blocker ""PowerManagerService.WakeLocks"".",0.899,60.69,209
7,<*><*> <*>:<*>:<*>.<*> <*> <*> I WindowManager: Destroying surface Surface(name=<*><*>.<*>) called by <*>:<*> <*>:<*> <*>:<*> <*>:<*> <*>:<*> <*>:<*> <*>:<*> <*>:<*>,exact,<*> I WindowManager: Destroying surface Surface<*> called by com.android.server.wm.WindowStateAnimator.destroySurface<*> com.android.server.wm.WindowStateAnimator.destroySurfaceLocked<*> com.android.server.wm.WindowState.removeLocked<*> com.android.server.wm.WindowManagerService.removeWindowInnerLocked<*> com.android.server.wm.WindowManagerService.removeWindowInnerLocked<*> com.android.server.wm.WindowManagerService.removeWindowLocked<*> com.android.server.wm.WindowManagerService.removeWindowLocked<*> com.android.server.wm.WindowManagerService.removeWindow<*>,0.9928,<*> I WindowManager: Destroying surface Surface(name=SurfaceView - <*><*>.<*>) called by com.android.server.wm.WindowStateAnimator.destroyDeferredSurfaceLocked<*> com.android.server.wm.WindowManagerService.performDeferredDestroyWindow<*> com.android.server.wm.Session.performDeferredDestroy<*> android.view.IWindowSession<*> com.android.server.wm.Session.onTransact<*> android.os.Binder.execTransact<*> <bottom of call stack> <bottom of call stack>,0.9012,Destroying surface Surface(name=PopupWindow:<*>) called by com.android.server.wm.WindowStateAnimator.destroySurface<*> com.android.server.wm.WindowStateAnimator.destroySurfaceLocked<*> com.android.server.wm.WindowState.removeLocked<*> com.android.server.wm.WindowManagerService.removeWindowInnerLocked<*> com.android.server.wm.WindowManagerService.removeWindowInnerLocked<*> com.android.server.wm.WindowManagerService.removeWindowLocked<*> com.android.server.wm.WindowManagerService.removeWindowLocked<*> com.android.server.wm.WindowManagerService.removeWindow<*>,0.8098,65.79,209
8,<*><*> <*>:<*>:<*>.<*> <*> <*> I WindowManager: Destroying surface Surface(name=<*><*>.<*>) called by <*>:<*> <*>:<*> <*>:<*> <*>:<*> <*>:<*> <*>:<*> <*>:<*> <*>:<*>,exact,<*> I WindowManager: Destroying surface Surface<*> called by com.android.server.wm.WindowStateAnimator.destroySurface<*> com.android.server.wm.WindowStateAnimator.destroySurfaceLocked<*> com.android.server.wm.WindowState.removeLocked<*> com.android.server.wm.WindowManagerService.removeWindowInnerLocked<*> com.android.server.wm.WindowManagerService.removeWindowInnerLocked<*> com.android.server.wm.WindowManagerService.removeWindowLocked<*> com.android.server.wm.WindowManagerService.removeWindowLocked<*> com.android.server.wm.WindowManagerService.removeWindow<*>,0.995,<*> I WindowManager: Destroying surface Surface(name=SurfaceView - <*><*>.<*>) called by com.android.server.wm.WindowStateAnimator.destroyDeferredSurfaceLocked<*> com.android.server.wm.WindowManagerService.performDeferredDestroyWindow<*> com.android.server.wm.Session.performDeferredDestroy<*> android.view.IWindowSession<*> com.android.server.wm.Session.onTransact<*> android.os.Binder.execTransact<*> <bottom of call stack> <bottom of call stack>,0.9012,Destroying surface Surface(name=PopupWindow:<*>) called by com.android.server.wm.WindowStateAnimator.destroySurface<*> com.android.server.wm.WindowStateAnimator.destroySurfaceLocked<*> com.android.server.wm.WindowState.removeLocked<*> com.android.server.wm.WindowManagerService.removeWindowInnerLocked<*> com.android.server.wm.WindowManagerService.removeWindowInnerLocked<*> com.android.server.wm.WindowManagerService.removeWindowLocked<*> com.android.server.wm.WindowManagerService.removeWindowLocked<*> com.android.server.wm.WindowManagerService.removeWindow<*>,0.8098,65.63,209
9,<*><*> <*>:<*>:<*>.<*> <*> <*> W ActivityManager: getTasks: caller <*> does not hold REAL_GET_TASKS; limiting output,exact,<*> W ActivityManager: getTasks: caller <*> does not hold REAL_GET_TASKS; limiting output,1.0,<*> W ActivityManager: getRunningAppProcesses: caller <*> does not hold REAL_GET_TASKS; limiting output,0.9301,getTasks: caller <*> does not hold REAL_GET_TASKS; limiting output,0.8241,62.04,209
10,<*><*> <*>:<*>:<*>.<*> <*> <*> W ActivityManager: getTasks: caller <*> does not hold REAL_GET_TASKS; limiting output,exact,<*> W ActivityManager: getTasks: caller <*> does not hold REAL_GET_TASKS; limiting output,1.0,<*> W ActivityManager: getRunningAppProcesses: caller <*> does not hold REAL_GET_TASKS; limiting output,0.9301,getTasks: caller <*> does not hold REAL_GET_TASKS; limiting output,0.8241,62.49,209
11,getRingerMode...,exact,getRingerMode...,1.0,<*> V AudioManager: getRingerMode...,0.4717,getRingtonePlayer...,0.4099,61.55,209
12,"userActivityNoUpdateLocked: eventTime=<*>, event=<*>, flags=<*>, uid=<*>",exact,"userActivityNoUpdateLocked: eventTime=<*>, event=<*>, flags=<*>, uid=<*>",1.0,"<*> D PowerManagerService: userActivityNoUpdateLocked: eventTime=<*>, event=<*>, flags=<*>, uid=<*>",0.7739,"cancelNotificationLocked called,tell the app,reason = <*>",0.5343,60.85,209
13,suspendAutohide,exact,suspendAutohide,1.0,cancelAutohide,0.7907,resumeSuspendedAutohide,0.771,59.38,209
14,"ready=true,policy=<*>,wakefulness=<*>,wksummary=<*>,uasummary=<*>,bootcompleted=true,boostinprogress=false,waitmodeenable=false,mode=false,manual=<*>,auto=-<*>,adj=<*>.0userId=<*>",exact,"ready=true,policy=<*>,wakefulness=<*>,wksummary=<*>,uasummary=<*>,bootcompleted=true,boostinprogress=false,waitmodeenable=false,mode=false,manual=<*>,auto=-<*>,adj=<*>.0userId=<*>",1.0,"<*> D PowerManagerService: ready=true,policy=<*>,wakefulness=<*>,wksummary=<*>,uasummary=<*>,bootcompleted=true,boostinprogress=false,waitmodeenable=false,mode=false,manual=<*>,auto=-<*>,adj=<*>.0userId=<*>",0.7294,"updateIsPoweredLocked: wasPowered=false, mIsPowered=false, oldPlugType=<*>, mPlugType=<*>, mBatteryLevel=<*>",0.5091,63.87,209
15,interceptKeyTq keycode=<*> interactive=true keyguardActive=false policyFlags=<*> down true canceled false,exact,interceptKeyTq keycode=<*> interactive=true keyguardActive=false policyFlags=<*> down <*> canceled false,0.9999,<*> D WindowManager: interceptKeyTq keycode=<*> interactive=true keyguardActive=false policyFlags=<*> down <*> canceled false,0.8529,"interceptKeyBeforeQueueing: key <*> , result : <*>",0.7206,60.84,209
16,"interceptKeyBeforeQueueing: key <*> , result : <*>",exact,"interceptKeyBeforeQueueing: key <*> , result : <*>",1.0,interceptKeyTq keycode=<*> interactive=true keyguardActive=false policyFlags=<*> down <*> canceled false,0.7204,"<*> D WindowManager: interceptKeyBeforeQueueing: key <*> , result : <*>",0.7061,60.36,209
17,"userActivityNoUpdateLocked: eventTime=<*>, event=<*>, flags=<*>, uid=<*>",exact,"userActivityNoUpdateLocked: eventTime=<*>, event=<*>, flags=<*>, uid=<*>",1.0,"<*> D PowerManagerService: userActivityNoUpdateLocked: eventTime=<*>, event=<*>, flags=<*>, uid=<*>",0.7739,"cancelNotificationLocked called,tell the app,reason = <*>",0.5343,60.7,209
18,"ready=true,policy=<*>,wakefulness=<*>,wksummary=<*>,uasummary=<*>,bootcompleted=true,boostinprogress=false,waitmodeenable=false,mode=false,manual=<*>,auto=-<*>,adj=<*>.0userId=<*>",exact,"ready=true,policy=<*>,wakefulness=<*>,wksummary=<*>,uasummary=<*>,bootcompleted=true,boostinprogress=false,waitmodeenable=false,mode=false,manual=<*>,auto=-<*>,adj=<*>.0userId=<*>",1.0,"<*> D PowerManagerService: ready=true,policy=<*>,wakefulness=<*>,wksummary=<*>,uasummary=<*>,bootcompleted=true,boostinprogress=false,waitmodeenable=false,mode=false,manual=<*>,auto=-<*>,adj=<*>.0userId=<*>",0.7294,"updateIsPoweredLocked: wasPowered=false, mIsPowered=false, oldPlugType=<*>, mPlugType=<*>, mBatteryLevel=<*>",0.5091,64.02,209
19,resumeSuspendedAutohide,exact,resumeSuspendedAutohide,1.0,suspendAutohide,0.771,cancelAutohide,0.6555,60.32,209
20,"userActivityNoUpdateLocked: eventTime=<*>, event=<*>, flags=<*>, uid=<*>",exact,"userActivityNoUpdateLocked: eventTime=<*>, event=<*>, flags=<*>, uid=<*>",1.0,"<*> D PowerManagerService: userActivityNoUpdateLocked: eventTime=<*>, event=<*>, flags=<*>, uid=<*>",0.7739,"cancelNotificationLocked called,tell the app,reason = <*>",0.5343,60.86,209
21,"ready=true,policy=<*>,wakefulness=<*>,wksummary=<*>,uasummary=<*>,bootcompleted=true,boostinprogress=false,waitmodeenable=false,mode=false,manual=<*>,auto=-<*>,adj=<*>.0userId=<*>",exact,"ready=true,policy=<*>,wakefulness=<*>,wksummary=<*>,uasummary=<*>,bootcompleted=true,boostinprogress=false,waitmodeenable=false,mode=false,manual=<*>,auto=-<*>,adj=<*>.0userId=<*>",1.0,"<*> D PowerManagerService: ready=true,policy=<*>,wakefulness=<*>,wksummary=<*>,uasummary=<*>,bootcompleted=true,boostinprogress=false,waitmodeenable=false,mode=false,manual=<*>,auto=-<*>,adj=<*>.0userId=<*>",0.7294,"updateIsPoweredLocked: wasPowered=false, mIsPowered=false, oldPlugType=<*>, mPlugType=<*>, mBatteryLevel=<*>",0.5091,64.49,209
22,interceptKeyTq keycode=<*> interactive=true keyguardActive=false policyFlags=<*> down false canceled false,exact,interceptKeyTq keycode=<*> interactive=true keyguardActive=false policyFlags=<*> down <*> canceled false,0.9998,<*> D WindowManager: interceptKeyTq keycode=<*> interactive=true keyguardActive=false policyFlags=<*> down <*> canceled false,0.8531,"interceptKeyBeforeQueueing: key <*> , result : <*>",0.7198,60.68,209
23,"interceptKeyBeforeQueueing: key <*> , result : <*>",exact,"interceptKeyBeforeQueueing: key <*> , result : <*>",1.0,interceptKeyTq keycode=<*> interactive=true keyguardActive=false policyFlags=<*> down <*> canceled false,0.7203,"<*> D WindowManager: interceptKeyBeforeQueueing: key <*> , result : <*>",0.7061,60.5,209
24,querySoundEffectsEnabled...,exact,querySoundEffectsEnabled...,1.0,playSoundEffect effectType: <*>,0.4443,<*> V AudioManager: querySoundEffectsEnabled...,0.4433,59.63,209
25,"userActivityNoUpdateLocked: eventTime=<*>, event=<*>, flags=<*>, uid=<*>",exact,"userActivityNoUpdateLocked: eventTime=<*>, event=<*>, flags=<*>, uid=<*>",1.0,"<*> D PowerManagerService: userActivityNoUpdateLocked: eventTime=<*>, event=<*>, flags=<*>, uid=<*>",0.7739,"cancelNotificationLocked called,tell the app,reason = <*>",0.5343,60.3,209
26,"ready=true,policy=<*>,wakefulness=<*>,wksummary=<*>,uasummary=<*>,bootcompleted=true,boostinprogress=false,waitmodeenable=false,mode=false,manual=<*>,auto=-<*>,adj=<*>.0userId=<*>",exact,"ready=true,policy=<*>,wakefulness=<*>,wksummary=<*>,uasummary=<*>,bootcompleted=true,boostinprogress=false,waitmodeenable=false,mode=false,manual=<*>,auto=-<*>,adj=<*>.0userId=<*>",1.0,"<*> D PowerManagerService: ready=true,policy=<*>,wakefulness=<*>,wksummary=<*>,uasummary=<*>,bootcompleted=true,boostinprogress=false,waitmodeenable=false,mode=false,manual=<*>,auto=-<*>,adj=<*>.0userId=<*>",0.7294,"updateIsPoweredLocked: wasPowered=false, mIsPowered=false, oldPlugType=<*>, mPlugType=<*>, mBatteryLevel=<*>",0.5091,64.13,209
27,"animateCollapsePanels:flags=<*>, force=false, delayed=false, mExpandedVisible=false",exact,"animateCollapsePanels:flags=<*>, force<*> delayed<*> mExpandedVisible<*>",0.999,makeExpandedInvisible: mExpandedVisible<*>,0.5219,instantCollapse,0.4281,60.89,209
28,closeQs,exact,closeQs,1.0,cancelNotificationLocked:<*>|<*>|<*>|null|<*>,0.2927,querySoundEffectsEnabled...,0.2804,59.59,209
29,cancelPeek: false,exact,cancelPeek: false,1.0,"cancelNotificationLocked,remove =<*>",0.6466,cancelNotificationLocked:<*>|<*>|<*>|null|<*>,0.627,59.98,209
30,instantCollapse,exact,instantCollapse,1.0,"animateCollapsePanels:flags=<*>, force<*> delayed<*> mExpandedVisible<*>",0.4327,onExpandingStarted,0.3329,59.43,209
31,cancelPeek: false,exact,cancelPeek: false,1.0,"cancelNotificationLocked,remove =<*>",0.6466,cancelNotificationLocked:<*>|<*>|<*>|null|<*>,0.627,59.68,209
32,"userActivityNoUpdateLocked: eventTime=<*>, event=<*>, flags=<*>, uid=<*>",exact,"userActivityNoUpdateLocked: eventTime=<*>, event=<*>, flags=<*>, uid=<*>",1.0,"<*> D PowerManagerService: userActivityNoUpdateLocked: eventTime=<*>, event=<*>, flags=<*>, uid=<*>",0.7739,"cancelNotificationLocked called,tell the app,reason = <*>",0.5343,61.05,209
33,"ready=true,policy=<*>,wakefulness=<*>,wksummary=<*>,uasummary=<*>,bootcompleted=true,boostinprogress=false,waitmodeenable=false,mode=false,manual=<*>,auto=-<*>,adj=<*>.0userId=<*>",exact,"ready=true,policy=<*>,wakefulness=<*>,wksummary=<*>,uasummary=<*>,bootcompleted=true,boostinprogress=false,waitmodeenable=false,mode=false,manual=<*>,auto=-<*>,adj=<*>.0userId=<*>",1.0,"<*> D PowerManagerService: ready=true,policy=<*>,wakefulness=<*>,wksummary=<*>,uasummary=<*>,bootcompleted=true,boostinprogress=false,waitmodeenable=false,mode=false,manual=<*>,auto=-<*>,adj=<*>.0userId=<*>",0.7294,"updateIsPoweredLocked: wasPowered=false, mIsPowered=false, oldPlugType=<*>, mPlugType=<*>, mBatteryLevel=<*>",0.5091,63.95,209
34,playSoundEffect effectType: <*>,exact,playSoundEffect effectType: <*>,1.0,<*> V AudioManager: playSoundEffect effectType: <*>,0.7282,<*> V AudioManager: querySoundEffectsEnabled...,0.5239,60.11,209
35,querySoundEffectsEnabled...,exact,querySoundEffectsEnabled...,1.0,playSoundEffect effectType: <*>,0.4443,<*> V AudioManager: querySoundEffectsEnabled...,0.4433,59.6,209
36,"START u0 {act=<*> cat=[<*>] flg=<*> cmp=<*>/.activity.SplashActivity bnds=[<*>,<*>][<*>,<*>]} from uid <*> on display <*>",exact,"START u0 {act=<*> cat=[<*>] flg=<*> cmp=<*>/.activity.SplashActivity bnds=[<*>,<*>][<*>,<*>]} from uid <*> on display <*>",1.0,<*> I ActivityManager: START u0 {act=<*> flg=<*> cmp=<*>/.activity.SplashActivity (has extras)} from uid <*> on display <*>,0.8871,"START u0 {act=<*> cat=[<*>] flg=<*> cmp=<*>/.NotePadActivity bnds=[<*>,<*>][<*>,<*>]} from uid <*> on display <*>",0.8822,63.08,209
37,"ActivityRecord info: ActivityInfo{<*> <*>}, euid: <*>",exact,"ActivityRecord info: ActivityInfo{<*> <*>}, euid: <*>",1.0,"<*> I ActivityManager: ActivityRecord info: ActivityInfo{<*> <*>}, euid: <*>",0.8814,"ACTIVITY check resid: <*>, size=<*>",0.5581,60.48,209
38,"acquire lock=<*>, flags=<*>, tag=""*launch*"", name=android, ws=WorkSource{<*>}, uid=<*>, pid=<*>",exact,"acquire lock=<*>, flags=<*>, tag=""*launch*"", name=android, ws=WorkSource{<*>}, uid=<*>, pid=<*>",1.0,"release:lock=<*>, flg=<*>, tag=""*launch*"", name=android"", ws=WorkSource{<*>}, uid=<*>, pid=<*>",0.8405,"acquire lock=<*>, flags=<*>, tag=""WiredAccessoryManager"", name=android, ws=null, uid=<*>, pid=<*>",0.763,61.86,209
39,"ready=true,policy=<*>,wakefulness=<*>,wksummary=<*>,uasummary=<*>,bootcompleted=true,boostinprogress=false,waitmodeenable=false,mode=false,manual=<*>,auto=-<*>,adj=<*>.0userId=<*>",exact,"ready=true,policy=<*>,wakefulness=<*>,wksummary=<*>,uasummary=<*>,bootcompleted=true,boostinprogress=false,waitmodeenable=false,mode=false,manual=<*>,auto=-<*>,adj=<*>.0userId=<*>",1.0,"<*> D PowerManagerService: ready=true,policy=<*>,wakefulness=<*>,wksummary=<*>,uasummary=<*>,bootcompleted=true,boostinprogress=false,waitmodeenable=false,mode=false,manual=<*>,auto=-<*>,adj=<*>.0userId=<*>",0.7294,"updateIsPoweredLocked: wasPowered=false, mIsPowered=false, oldPlugType=<*>, mPlugType=<*>, mBatteryLevel=<*>",0.5091,64.81,209
40,"Acquiring suspend blocker ""PowerManagerService.WakeLocks"".",exact,"Acquiring suspend blocker ""PowerManagerService.WakeLocks"".",1.0,"Releasing suspend blocker ""PowerManagerService.WakeLocks"".",0.91,"<*> D PowerManagerService: <*> suspend blocker ""PowerManagerService.WakeLocks"".",0.8761,60.05,209
41,The change in focus caused us to need to do a layout begin,exact,The change in focus caused us to need to do a layout begin,1.0,The change in focus caused us to need to do a layout end,0.9503,<*> I WindowManager: The change in focus caused us to need to do a layout <*>,0.655,59.85,209
42,The change in focus caused us to need to do a layout end,exact,The change in focus caused us to need to do a layout end,1.0,The change in focus caused us to need to do a layout begin,0.9503,<*> I WindowManager: The change in focus caused us to need to do a layout <*>,0.6557,59.72,209
43,"updateClipping isOverlap:false, getTopPadding=<*>.<*>, Translation=-<*>.<*>",exact,"updateClipping isOverlap<*> getTopPadding=<*>.<*>, Translation<*>",0.999,"release:lock=<*>, flg=<*>, tag=""RILJ_ACK_WL"", name=<*>"", ws=null, uid=<*>, pid=<*>",0.4443,"updateIsPoweredLocked: wasPowered=false, mIsPowered=false, oldPlugType=<*>, mPlugType=<*>, mBatteryLevel=<*>",0.4403,60.73,209
44,updateDimmedActivatedHideSensitive overlap:false,exact,updateDimmedActivatedHideSensitive overlap<*>,0.9997,resumeSuspendedAutohide,0.5479,suspendAutohide,0.5116,60.28,209
45,"setSystemUiVisibility vis=<*> mask=<*> oldVal=<*> newVal=<*> diff=<*> fullscreenStackVis=<*> dockedStackVis=<*>, fullscreenStackBounds=Rect(<*>, <*> - <*>, <*>), dockedStackBounds=Rect(<*>, <*> - <*>, <*>)",exact,"setSystemUiVisibility vis=<*> mask=<*> oldVal=<*> newVal=<*> diff=<*> fullscreenStackVis=<*> dockedStackVis=<*>, fullscreenStackBounds=Rect(<*>, <*> - <*>, <*>), dockedStackBounds=Rect(<*>, <*> - <*>, <*>)",1.0,"<*> I WindowManager: Taking screenshot from Surface with crop:[Rect(<*>, <*> - <*>, <*>)], width:[<*>], height:[<*>], minLayer:[<*>], maxLayer:[<*>], inRotation:[false], rot:[<*>]",0.4978,"overlapAmount:<*>.<*>, previousNotificationEnd:<*>.<*>, newYTranslation:-<*>.<*>, location:<*>, i:<*>, getTopPadding:<*>.<*>, getLocationOnScreen():-<*>",0.4857,65.44,209
46,cancelAutohide,exact,cancelAutohide,1.0,suspendAutohide,0.7907,resumeSuspendedAutohide,0.6555,59.63,209
47,"notifyUiVisibilityChanged:vis=<*>, SystemUiVisibility=<*>",exact,"notifyUiVisibilityChanged:vis=<*>, SystemUiVisibility=<*>",1.0,onNotificationVisibilityChanged called,0.6485,<*> I NotificationManager: <*> called,0.6286,60.2,209
48,setLightsOn(true),exact,setLightsOn(true),1.0,"updateLightsLocked,mInCall =false,mScreenOn = true,ledNotification == null<*>",0.6514,"updateLightsLocked,turn off notificationLight",0.5854,59.66,209
49,"setSystemUiVisibility vis=<*> mask=<*> oldVal=<*> newVal=<*> diff=<*> fullscreenStackVis=<*> dockedStackVis=<*>, fullscreenStackBounds=Rect(<*>, <*> - <*>, <*>), dockedStackBounds=Rect(<*>, <*> - <*>, <*>)",exact,"setSystemUiVisibility vis=<*> mask=<*> oldVal=<*> newVal=<*> diff=<*> fullscreenStackVis=<*> dockedStackVis=<*>, fullscreenStackBounds=Rect(<*>, <*> - <*>, <*>), dockedStackBounds=Rect(<*>, <*> - <*>, <*>)",1.0,"<*> I WindowManager: Taking screenshot from Surface with crop:[Rect(<*>, <*> - <*>, <*>)], width:[<*>], height:[<*>], minLayer:[<*>], maxLayer:[<*>], inRotation:[false], rot:[<*>]",0.4978,"overlapAmount:<*>.<*>, previousNotificationEnd:<*>.<*>, newYTranslation:-<*>.<*>, location:<*>, i:<*>, getTopPadding:<*>.<*>, getLocationOnScreen():-<*>",0.4857,65.33,209
50,"Skipping, withExcluded: false, tr.intent:Intent { flg=<*> cmp=<*>/.recents.RecentsActivity bnds=[<*>,<*>][<*>,<*>] }",exact,"Skipping, withExcluded: false, tr.intent:Intent { flg=<*> cmp=<*>/.recents.RecentsActivity bnds=[<*>,<*>][<*>,<*>] }",1.0,"<*> D ActivityManager: Skipping, withExcluded: false, tr.intent:Intent { flg=<*> cmp=<*>/.recents.RecentsActivity bnds=[<*>,<*>][<*>,<*>] }",0.8529,"Skipping, withExcluded: false, tr.intent:Intent { flg=<*> cmp=<*>/.<*> (has extras) }",0.7771,62.76,209
51,"Skipping, withExcluded: false, tr.intent:Intent { act=<*> flg=<*> cmp=<*>/.InCallActivity (has extras) }",exact,"Skipping, withExcluded: false, tr.intent:Intent { act=<*> flg=<*> cmp=<*>/.InCallActivity (has extras) }",1.0,"Skipping, withExcluded: false, tr.intent:Intent { flg=<*> cmp=<*>/.<*> (has extras) }",0.8996,"Skipping, withExcluded: false, tr.intent:Intent { act=<*> dat=tel:xxxxxxxxxxx flg=<*> cmp=<*>/.ChooseSubActivity (has extras) }",0.861,61.35,209
52,"Skipping, withExcluded: false, tr.intent:Intent { flg=<*> cmp=<*>/.<*> (has extras) }",exact,"Skipping, withExcluded: false, tr.intent:Intent { flg=<*> cmp=<*>/.<*> (has extras) }",1.0,"Skipping, withExcluded: false, tr.intent:Intent { act=<*> flg=<*> cmp=<*>/.InCallActivity (has extras) }",0.8996,"Skipping, withExcluded: false, tr.intent:Intent { act=<*> dat=tel:xxxxxxxxxxx flg=<*> cmp=<*>/.ChooseSubActivity (has extras) }",0.8368,60.89,209
53,"Skipping, withExcluded: false, tr.intent:Intent { flg=<*> cmp=<*>/.<*> (has extras) }",exact,"Skipping, withExcluded: false, tr.intent:Intent { flg=<*> cmp=<*>/.<*> (has extras) }",1.0,"Skipping, withExcluded: false, tr.intent:Intent { act=<*> flg=<*> cmp=<*>/.InCallActivity (has extras) }",0.8996,"Skipping, withExcluded: false, tr.intent:Intent { act=<*> dat=tel:xxxxxxxxxxx flg=<*> cmp=<*>/.ChooseSubActivity (has extras) }",0.8368,60.89,209
54,"Skipping, withExcluded: false, tr.intent:Intent { act=<*> dat=tel:xxxxxxxxxxx flg=<*> cmp=<*>/.ChooseSubActivity (has extras) }",exact,"Skipping, withExcluded: false, tr.intent:Intent { act=<*> dat=tel:xxxxxxxxxxx flg=<*> cmp=<*>/.ChooseSubActivity (has extras) }",1.0,"Skipping, withExcluded: false, tr.intent:Intent { act=<*> flg=<*> cmp=<*>/.InCallActivity (has extras) }",0.861,"<*> D ActivityManager: Skipping, withExcluded: false, tr.intent:Intent { act=<*> dat=tel:xxxxxxxxxxx flg=<*> cmp=<*>/.ChooseSubActivity (has extras) }",0.8481,62.21,209
55,"Skipping, withExcluded: false, tr.intent:Intent { act=<*> dat=file://<*>.apk typ=application<*>.android.package-archive flg=<*> cmp=<*>/.PackageInstallerActivity (has extras) }",exact,"Skipping, withExcluded: false, tr.intent:Intent { act=<*> dat=file://<*>.apk typ=application<*>.android.package-archive flg=<*> cmp=<*>/.PackageInstallerActivity (has extras) }",1.0,"<*> D ActivityManager: Skipping, withExcluded: false, tr.intent:Intent { act=<*> dat=file://<*>.apk typ=application<*>.android.package-archive flg=<*> cmp=<*>/.PackageInstallerActivity (has extras) }",0.8303,"Skipping, withExcluded: false, tr.intent:Intent { flg=<*> cmp=<*>/.<*> (has extras) }",0.6987,62.78,209
56,"getRecentTasks: num=<*>,flags=<*>,totalTasks=<*>",exact,"getRecentTasks: num=<*>,flags=<*>,totalTasks=<*>",1.0,"<*> D ActivityManager: getRecentTasks: num=<*>,flags=<*>,totalTasks=<*>",0.8022,getRecentTasks: topActivity=ComponentInfo{<*><*>.<*>},0.59,60.57,209
57,getRecentTasks: topActivity=ComponentInfo{<*><*>.<*>},exact,getRecentTasks: topActivity=ComponentInfo{<*><*>.<*>},1.0,<*> D ActivityManager: getRecentTasks: topActivity=ComponentInfo{<*><*>.<*>},0.8818,"<*> D ActivityManager: getRecentTasks: num=<*>,flags=<*>,totalTasks=<*>",0.6316,60.26,209
58,"<*><*> <*>:<*>:<*>.<*> <*> <*> D ActivityManager: Skipping, withExcluded: false, tr.intent:Intent { flg=<*> cmp=<*>/.recents.RecentsActivity bnds=[<*>,<*>][<*>,<*>] }",exact,"<*> D ActivityManager: Skipping, withExcluded: false, tr.intent:Intent { flg=<*> cmp=<*>/.recents.RecentsActivity bnds=[<*>,<*>][<*>,<*>] }",1.0,"<*> D ActivityManager: Skipping, withExcluded: false, tr.intent:Intent { <*> cmp<*> extras<*> extras<*> }",0.8729,"Skipping, withExcluded: false, tr.intent:Intent { flg=<*> cmp=<*>/.recents.RecentsActivity bnds=[<*>,<*>][<*>,<*>] }",0.8529,64.62,209
59,"<*><*> <*>:<*>:<*>.<*> <*> <*> D ActivityManager: Skipping, withExcluded: false, tr.intent:Intent { act=<*> flg=<*> cmp=<*>/.InCallActivity (has extras) }",partial,"<*> D ActivityManager: Skipping, withExcluded: false, tr.intent:Intent { <*> cmp<*> extras<*> extras<*> }",0.9872,"<*> D ActivityManager: Skipping, withExcluded: false, tr.intent:Intent { act=<*> dat=tel:xxxxxxxxxxx flg=<*> cmp=<*>/.ChooseSubActivity (has extras) }",0.9227,"<*> D ActivityManager: Skipping, withExcluded: false, tr.intent:Intent { flg=<*> cmp=<*>/.recents.RecentsActivity bnds=[<*>,<*>][<*>,<*>] }",0.8544,63.54,209
60,"<*><*> <*>:<*>:<*>.<*> <*> <*> D ActivityManager: Skipping, withExcluded: false, tr.intent:Intent { flg=<*> cmp=<*>/.<*> (has extras) }",partial,"<*> D ActivityManager: Skipping, withExcluded: false, tr.intent:Intent { <*> cmp<*> extras<*> extras<*> }",0.9826,"<*> D ActivityManager: Skipping, withExcluded: false, tr.intent:Intent { act=<*> dat=tel:xxxxxxxxxxx flg=<*> cmp=<*>/.ChooseSubActivity (has extras) }",0.9342,"<*> D ActivityManager: Skipping, withExcluded: false, tr.intent:Intent { flg=<*> cmp=<*>/.recents.RecentsActivity bnds=[<*>,<*>][<*>,<*>] }",0.8691,63.57,209
61,"<*><*> <*>:<*>:<*>.<*> <*> <*> D ActivityManager: getRecentTasks: num=<*>,flags=<*>,totalTasks=<*>",exact,"<*> D ActivityManager: getRecentTasks: num=<*>,flags=<*>,totalTasks=<*>",1.0,<*> D ActivityManager: getRecentTasks: topActivity=ComponentInfo{<*><*>.<*>},0.8262,"getRecentTasks: num=<*>,flags=<*>,totalTasks=<*>",0.8022,62.19,209
62,<*><*> <*>:<*>:<*>.<*> <*> <*> D ActivityManager: getRecentTasks: topActivity=ComponentInfo{<*><*>.<*>},exact,<*> D ActivityManager: getRecentTasks: topActivity=ComponentInfo{<*><*>.<*>},1.0,getRecentTasks: topActivity=ComponentInfo{<*><*>.<*>},0.8818,"<*> D ActivityManager: getRecentTasks: num=<*>,flags=<*>,totalTasks=<*>",0.8262,62.21,209
63,setLightsOn(true),exact,setLightsOn(true),1.0,"updateLightsLocked,mInCall =false,mScreenOn = true,ledNotification == null<*>",0.6514,"updateLightsLocked,turn off notificationLight",0.5854,59.66,209
64,"setSystemUiVisibility vis=<*> mask=<*> oldVal=<*> newVal=<*> diff=<*> fullscreenStackVis=<*> dockedStackVis=<*>, fullscreenStackBounds=Rect(<*>, <*> - <*>, <*>), dockedStackBounds=Rect(<*>, <*> - <*>, <*>)",exact,"setSystemUiVisibility vis=<*> mask=<*> oldVal=<*> newVal=<*> diff=<*> fullscreenStackVis=<*> dockedStackVis=<*>, fullscreenStackBounds=Rect(<*>, <*> - <*>, <*>), dockedStackBounds=Rect(<*>, <*> - <*>, <*>)",1.0,"<*> I WindowManager: Taking screenshot from Surface with crop:[Rect(<*>, <*> - <*>, <*>)], width:[<*>], height:[<*>], minLayer:[<*>], maxLayer:[<*>], inRotation:[false], rot:[<*>]",0.4978,"overlapAmount:<*>.<*>, previousNotificationEnd:<*>.<*>, newYTranslation:-<*>.<*>, location:<*>, i:<*>, getTopPadding:<*>.<*>, getLocationOnScreen():-<*>",0.4857,66.29,209
65,"<*><*> <*>:<*>:<*>.<*> <*> <*> I NotificationManager: cancelNotificationWithTag pid <*>,uid = <*>,tag = null,pkg =<*>,id =<*>",exact,"<*> I NotificationManager: cancelNotificationWithTag pid <*>,uid = <*>,tag = null,pkg =<*>,id =<*>",1.0,"cancelNotificationWithTag pid <*>,uid = <*>,tag = null,pkg =<*>,id =<*>",0.8193,<*> I NotificationManager: <*> called,0.7799,63.91,209
66,"cancelNotification,index:<*>",exact,"cancelNotification,index:<*>",1.0,"cancelNotification,index:-<*>",0.985,"cancelNotificationLocked,remove =<*>",0.74,60.33,209
67,"cancelNotification,cancelNotificationLocked,callingUid = <*>,callingPid = <*>",exact,"cancelNotification,cancelNotificationLocked,callingUid = <*>,callingPid = <*>",1.0,"cancelNotificationLocked,remove =<*>",0.8137,cancelNotificationLocked:<*>|<*>|<*>|null|<*>,0.8104,60.25,209
68,"cancelNotificationLocked called,tell the app,reason = <*>",exact,"cancelNotificationLocked called,tell the app,reason = <*>",1.0,"cancelNotificationLocked,remove =<*>",0.7577,"cancelNotification,cancelNotificationLocked,callingUid = <*>,callingPid = <*>",0.7464,60.34,209
69,cancelNotificationLocked:<*>|<*>|<*>|null|<*>,exact,cancelNotificationLocked:<*>|<*>|<*>|null|<*>,1.0,"cancelNotificationLocked,remove =<*>",0.8662,"cancelNotification,cancelNotificationLocked,callingUid = <*>,callingPid = <*>",0.8104,60.16,209
70,"cancelNotificationWithTag pid <*>,uid = <*>,tag = null,pkg =<*>,id =<*>",exact,"cancelNotificationWithTag pid <*>,uid = <*>,tag = null,pkg =<*>,id =<*>",1.0,"<*> I NotificationManager: cancelNotificationWithTag pid <*>,uid = <*>,tag = null,pkg =<*>,id =<*>",0.8193,"cancelNotification,cancelNotificationLocked,callingUid = <*>,callingPid = <*>",0.7156,60.58,209
71,"cancelNotificationLocked,remove =<*>",exact,"cancelNotificationLocked,remove =<*>",1.0,cancelNotificationLocked:<*>|<*>|<*>|null|<*>,0.8662,"cancelNotification,cancelNotificationLocked,callingUid = <*>,callingPid = <*>",0.8137,59.44,209
72,"cancelNotificationWithTag pid <*>,uid = <*>,tag = null,pkg =<*>,id =<*>",exact,"cancelNotificationWithTag pid <*>,uid = <*>,tag = null,pkg =<*>,id =<*>",1.0,"<*> I NotificationManager: cancelNotificationWithTag pid <*>,uid = <*>,tag = null,pkg =<*>,id =<*>",0.8193,"cancelNotification,cancelNotificationLocked,callingUid = <*>,callingPid = <*>",0.7156,60.8,209
73,"updateLightsLocked,mInCall =false,mScreenOn = true,ledNotification == null?true",exact,"updateLightsLocked,mInCall =false,mScreenOn = true,ledNotification == null<*>",0.9993,"updateLightsLocked,turn off notificationLight",0.7428,setLightsOn(true),0.6524,60.36,209
74,"updateLightsLocked,turn off notificationLight",exact,"updateLightsLocked,turn off notificationLight",1.0,"updateLightsLocked,mInCall =false,mScreenOn = true,ledNotification == null<*>",0.7501,setLightsOn(true),0.5854,59.46,209
75,"cancelNotification,index:-<*>",exact,"cancelNotification,index:-<*>",1.0,"cancelNotification,index:<*>",0.985,"cancelNotificationLocked,remove =<*>",0.732,59.56,209
76,"cancelNotification,index:-<*>",exact,"cancelNotification,index:-<*>",1.0,"cancelNotification,index:<*>",0.985,"cancelNotificationLocked,remove =<*>",0.732,59.54,209
77,"setSystemUiVisibility vis=<*> mask=<*> oldVal=<*> newVal=<*> diff=<*> fullscreenStackVis=<*> dockedStackVis=<*>, fullscreenStackBounds=Rect(<*>, <*> - <*>, <*>), dockedStackBounds=Rect(<*>, <*> - <*>, <*>)",exact,"setSystemUiVisibility vis=<*> mask=<*> oldVal=<*> newVal=<*> diff=<*> fullscreenStackVis=<*> dockedStackVis=<*>, fullscreenStackBounds=Rect(<*>, <*> - <*>, <*>), dockedStackBounds=Rect(<*>, <*> - <*>, <*>)",1.0,"<*> I WindowManager: Taking screenshot from Surface with crop:[Rect(<*>, <*> - <*>, <*>)], width:[<*>], height:[<*>], minLayer:[<*>], maxLayer:[<*>], inRotation:[false], rot:[<*>]",0.4978,"overlapAmount:<*>.<*>, previousNotificationEnd:<*>.<*>, newYTranslation:-<*>.<*>, location:<*>, i:<*>, getTopPadding:<*>.<*>, getLocationOnScreen():-<*>",0.4857,65.56,209
78,cancelAutohide,exact,cancelAutohide,1.0,suspendAutohide,0.7907,resumeSuspendedAutohide,0.6555,59.92,209
79,"notifyUiVisibilityChanged:vis=<*>, SystemUiVisibility=<*>",exact,"notifyUiVisibilityChanged:vis=<*>, SystemUiVisibility=<*>",1.0,onNotificationVisibilityChanged called,0.6485,<*> I NotificationManager: <*> called,0.6286,60.02,209
80,"cancelNotificationWithTag pid <*>,uid = <*>,tag = null,pkg =<*>,id =<*>",exact,"cancelNotificationWithTag pid <*>,uid = <*>,tag = null,pkg =<*>,id =<*>",1.0,"<*> I NotificationManager: cancelNotificationWithTag pid <*>,uid = <*>,tag = null,pkg =<*>,id =<*>",0.8193,"cancelNotification,cancelNotificationLocked,callingUid = <*>,callingPid = <*>",0.7156,60.84,209
81,"<*><*> <*>:<*>:<*>.<*> <*> <*> I NotificationManager: cancelNotificationWithTag pid <*>,uid = <*>,tag = null,pkg =<*>,id =<*>",exact,"<*> I NotificationManager: cancelNotificationWithTag pid <*>,uid = <*>,tag = null,pkg =<*>,id =<*>",1.0,"cancelNotificationWithTag pid <*>,uid = <*>,tag = null,pkg =<*>,id =<*>",0.8193,<*> I NotificationManager: <*> called,0.7799,63.38,209
82,"cancelNotification,index:-<*>",exact,"cancelNotification,index:-<*>",1.0,"cancelNotification,index:<*>",0.985,"cancelNotificationLocked,remove =<*>",0.732,60.78,209
83,"cancelNotification,index:-<*>",exact,"cancelNotification,index:-<*>",1.0,"cancelNotification,index:<*>",0.985,"cancelNotificationLocked,remove =<*>",0.732,60.27,209
84,"cancelNotificationWithTag pid <*>,uid = <*>,tag = null,pkg =<*>,id =<*>",exact,"cancelNotificationWithTag pid <*>,uid = <*>,tag = null,pkg =<*>,id =<*>",1.0,"<*> I NotificationManager: cancelNotificationWithTag pid <*>,uid = <*>,tag = null,pkg =<*>,id =<*>",0.8193,"cancelNotification,cancelNotificationLocked,callingUid = <*>,callingPid = <*>",0.7156,61.69,209
85,"cancelNotification,index:-<*>",exact,"cancelNotification,index:-<*>",1.0,"cancelNotification,index:<*>",0.985,"cancelNotificationLocked,remove =<*>",0.732,59.56,209
86,"<*><*> <*>:<*>:<*>.<*> <*> <*> I NotificationManager: cancelNotificationWithTag pid <*>,uid = <*>,tag = null,pkg =<*>,id =<*>",exact,"<*> I NotificationManager: cancelNotificationWithTag pid <*>,uid = <*>,tag = null,pkg =<*>,id =<*>",1.0,"cancelNotificationWithTag pid <*>,uid = <*>,tag = null,pkg =<*>,id =<*>",0.8193,<*> I NotificationManager: <*> called,0.7799,62.46,209
87,"cancelNotification,index:-<*>",exact,"cancelNotification,index:-<*>",1.0,"cancelNotification,index:<*>",0.985,"cancelNotificationLocked,remove =<*>",0.732,59.95,209
88,shouldBlockLocation running ...,exact,shouldBlockLocation running ...,1.0,shouldBlockLocation ret<*>,0.809,<*> W PhoneInterfaceManager: shouldBlockLocation running ...,0.6211,91.67,209
89,setLightsOn(true),exact,setLightsOn(true),1.0,"updateLightsLocked,mInCall =false,mScreenOn = true,ledNotification == null<*>",0.6517,"updateLightsLocked,turn off notificationLight",0.5854,66.58,209
90,"setSystemUiVisibility vis=<*> mask=<*> oldVal=<*> newVal=<*> diff=<*> fullscreenStackVis=<*> dockedStackVis=<*>, fullscreenStackBounds=Rect(<*>, <*> - <*>, <*>), dockedStackBounds=Rect(<*>, <*> - <*>, <*>)",exact,"setSystemUiVisibility vis=<*> mask=<*> oldVal=<*> newVal=<*> diff=<*> fullscreenStackVis=<*> dockedStackVis=<*>, fullscreenStackBounds=Rect(<*>, <*> - <*>, <*>), dockedStackBounds=Rect(<*>, <*> - <*>, <*>)",1.0,"<*> I WindowManager: Taking screenshot from Surface with crop:[Rect(<*>, <*> - <*>, <*>)], width:[<*>], height:[<*>], minLayer:[<*>], maxLayer:[<*>], inRotation:[false], rot:[<*>]",0.4978,"overlapAmount:<*>.<*>, previousNotificationEnd:<*>.<*>, newYTranslation:-<*>.<*>, location:<*>, i:<*>, getTopPadding:<*>.<*>, getLocationOnScreen():-<*>",0.4857,91.01,209
91,removeNotification:<*>|<*>|<*>|null|<*>,exact,removeNotification:<*>|<*>|<*>|null|<*>,1.0,addNotification key=<*>|<*>|<*>|null|<*>,0.8375,Marking notification as seen <*>,0.7113,74.51,209
92,"updateNotificationShade: total=<*>, active=<*>",exact,"updateNotificationShade: total=<*>, active=<*>",1.0,addNotification key=<*>|<*>|<*>|null|<*>,0.5749,<*> I NotificationManager: <*> called,0.5706,75.54,209
93,"<*><*> <*>:<*>:<*>.<*> <*> <*> I NotificationManager: cancelNotificationWithTag pid <*>,uid = <*>,tag = null,pkg =<*>,id =<*>",exact,"<*> I NotificationManager: cancelNotificationWithTag pid <*>,uid = <*>,tag = null,pkg =<*>,id =<*>",1.0,"cancelNotificationWithTag pid <*>,uid = <*>,tag = null,pkg =<*>,id =<*>",0.8193,<*> I NotificationManager: <*> called,0.7799,71.71,209
94,"cancelNotification,index:-<*>",exact,"cancelNotification,index:-<*>",1.0,"cancelNotification,index:<*>",0.985,"cancelNotificationLocked,remove =<*>",0.732,72.47,209
95,removeNotificationChildren,exact,removeNotificationChildren,1.0,removeNotification:<*>|<*>|<*>|null|<*>,0.574,<*> I NotificationManager: <*> called,0.5072,73.82,209
96,"animateCollapsePanels:flags=<*>, force=false, delayed=false, mExpandedVisible=false",exact,"animateCollapsePanels:flags=<*>, force<*> delayed<*> mExpandedVisible<*>",0.9992,makeExpandedInvisible: mExpandedVisible<*>,0.5219,instantCollapse,0.4281,61.45,209
97,closeQs,exact,closeQs,1.0,cancelNotificationLocked:<*>|<*>|<*>|null|<*>,0.2927,querySoundEffectsEnabled...,0.2804,60.75,209
98,cancelPeek: false,exact,cancelPeek: false,1.0,"cancelNotificationLocked,remove =<*>",0.6466,cancelNotificationLocked:<*>|<*>|<*>|null|<*>,0.627,60.16,209
99,instantCollapse,exact,instantCollapse,1.0,"animateCollapsePanels:flags=<*>, force<*> delayed<*> mExpandedVisible<*>",0.4323,onExpandingStarted,0.3329,60.16,209
100,cancelPeek: false,exact,cancelPeek: false,1.0,"cancelNotificationLocked,remove =<*>",0.6466,cancelNotificationLocked:<*>|<*>|<*>|null|<*>,0.627,60.02,209
101,"release:lock=<*>, flg=<*>, tag=""*launch*"", name=android"", ws=WorkSource{<*>}, uid=<*>, pid=<*>",exact,"release:lock=<*>, flg=<*>, tag=""*launch*"", name=android"", ws=WorkSource{<*>}, uid=<*>, pid=<*>",1.0,"release:lock=<*>, flg=<*>, tag=""WindowManager"", name=android"", ws=WorkSource{<*>}, uid=<*>, pid=<*>",0.8903,"acquire lock=<*>, flags=<*>, tag=""*launch*"", name=android, ws=WorkSource{<*>}, uid=<*>, pid=<*>",0.8405,63.07,209
102,"ready=true,policy=<*>,wakefulness=<*>,wksummary=<*>,uasummary=<*>,bootcompleted=true,boostinprogress=false,waitmodeenable=false,mode=false,manual=<*>,auto=-<*>,adj=<*>.0userId=<*>",exact,"ready=true,policy=<*>,wakefulness=<*>,wksummary=<*>,uasummary=<*>,bootcompleted=true,boostinprogress=false,waitmodeenable=false,mode=false,manual=<*>,auto=-<*>,adj=<*>.0userId=<*>",1.0,"<*> D PowerManagerService: ready=true,policy=<*>,wakefulness=<*>,wksummary=<*>,uasummary=<*>,bootcompleted=true,boostinprogress=false,waitmodeenable=false,mode=false,manual=<*>,auto=-<*>,adj=<*>.0userId=<*>",0.7294,"updateIsPoweredLocked: wasPowered=false, mIsPowered=false, oldPlugType=<*>, mPlugType=<*>, mBatteryLevel=<*>",0.5091,66.2,209
103,"Releasing suspend blocker ""PowerManagerService.WakeLocks"".",exact,"Releasing suspend blocker ""PowerManagerService.WakeLocks"".",1.0,"Acquiring suspend blocker ""PowerManagerService.WakeLocks"".",0.91,"<*> D PowerManagerService: <*> suspend blocker ""PowerManagerService.WakeLocks"".",0.899,61.14,209
104,"updateClipping isOverlap:false, getTopPadding=<*>.<*>, Translation=<*>.<*>",exact,"updateClipping isOverlap<*> getTopPadding=<*>.<*>, Translation<*>",0.9984,"release:lock=<*>, flg=<*>, tag=""RILJ_ACK_WL"", name=<*>"", ws=null, uid=<*>, pid=<*>",0.4443,"updateIsPoweredLocked: wasPowered=false, mIsPowered=false, oldPlugType=<*>, mPlugType=<*>, mBatteryLevel=<*>",0.4386,61.6,209
105,updateDimmedActivatedHideSensitive overlap:false,exact,updateDimmedActivatedHideSensitive overlap<*>,0.9997,resumeSuspendedAutohide,0.5479,suspendAutohide,0.5116,61.12,209
106,setLightsOn(true),exact,setLightsOn(true),1.0,"updateLightsLocked,mInCall =false,mScreenOn = true,ledNotification == null<*>",0.6517,"updateLightsLocked,turn off notificationLight",0.5854,60.26,209
107,"setSystemUiVisibility vis=<*> mask=<*> oldVal=<*> newVal=<*> diff=<*> fullscreenStackVis=<*> dockedStackVis=<*>, fullscreenStackBounds=Rect(<*>, <*> - <*>, <*>), dockedStackBounds=Rect(<*>, <*> - <*>, <*>)",exact,"setSystemUiVisibility vis=<*> mask=<*> oldVal=<*> newVal=<*> diff=<*> fullscreenStackVis=<*> dockedStackVis=<*>, fullscreenStackBounds=Rect(<*>, <*> - <*>, <*>), dockedStackBounds=Rect(<*>, <*> - <*>, <*>)",1.0,"<*> I WindowManager: Taking screenshot from Surface with crop:[Rect(<*>, <*> - <*>, <*>)], width:[<*>], height:[<*>], minLayer:[<*>], maxLayer:[<*>], inRotation:[false], rot:[<*>]",0.4978,"overlapAmount:<*>.<*>, previousNotificationEnd:<*>.<*>, newYTranslation:-<*>.<*>, location:<*>, i:<*>, getTopPadding:<*>.<*>, getLocationOnScreen():-<*>",0.4857,66.34,209
108,setLightsOn(true),exact,setLightsOn(true),1.0,"updateLightsLocked,mInCall =false,mScreenOn = true,ledNotification == null<*>",0.6517,"updateLightsLocked,turn off notificationLight",0.5854,60.54,209
109,"setSystemUiVisibility vis=<*> mask=<*> oldVal=<*> newVal=<*> diff=<*> fullscreenStackVis=<*> dockedStackVis=<*>, fullscreenStackBounds=Rect(<*>, <*> - <*>, <*>), dockedStackBounds=Rect(<*>, <*> - <*>, <*>)",exact,"setSystemUiVisibility vis=<*> mask=<*> oldVal=<*> newVal=<*> diff=<*> fullscreenStackVis=<*> dockedStackVis=<*>, fullscreenStackBounds=Rect(<*>, <*> - <*>, <*>), dockedStackBounds=Rect(<*>, <*> - <*>, <*>)",1.0,"<*> I WindowManager: Taking screenshot from Surface with crop:[Rect(<*>, <*> - <*>, <*>)], width:[<*>], height:[<*>], minLayer:[<*>], maxLayer:[<*>], inRotation:[false], rot:[<*>]",0.4978,"overlapAmount:<*>.<*>, previousNotificationEnd:<*>.<*>, newYTranslation:-<*>.<*>, location:<*>, i:<*>, getTopPadding:<*>.<*>, getLocationOnScreen():-<*>",0.4857,65.76,209
110,"<*><*> <*>:<*>:<*>.<*> <*> <*> I NotificationManager: cancelNotificationWithTag pid <*>,uid = <*>,tag = null,pkg =<*>,id =<*>",exact,"<*> I NotificationManager: cancelNotificationWithTag pid <*>,uid = <*>,tag = null,pkg =<*>,id =<*>",1.0,"cancelNotificationWithTag pid <*>,uid = <*>,tag = null,pkg =<*>,id =<*>",0.8193,<*> I NotificationManager: <*> called,0.7799,63.53,209
111,"cancelNotification,index:-<*>",exact,"cancelNotification,index:-<*>",1.0,"cancelNotification,index:<*>",0.985,"cancelNotificationLocked,remove =<*>",0.732,60.59,209
112,shouldBlockLocation ret:true,exact,shouldBlockLocation ret<*>,0.9991,shouldBlockLocation running ...,0.8064,<*> I PhoneInterfaceManager: shouldBlockLocation ret:false,0.575,60.21,209
113,getAllCellInfo is blocked by permission manager . callingPackage = <*>,exact,getAllCellInfo is blocked by permission manager . callingPackage = com.tencent.mobileqq<*>,1.0,getCellLocation is blocked by permission manager uid:<*> pid:<*>,0.7317,getNeighboringCellInfo calling app is com.amap.android.ams<*>,0.6504,61.01,209
114,setLightsOn(true),exact,setLightsOn(true),1.0,"updateLightsLocked,mInCall =false,mScreenOn = true,ledNotification == null<*>",0.6517,"updateLightsLocked,turn off notificationLight",0.5854,61.09,209
115,"setSystemUiVisibility vis=<*> mask=<*> oldVal=<*> newVal=<*> diff=<*> fullscreenStackVis=<*> dockedStackVis=<*>, fullscreenStackBounds=Rect(<*>, <*> - <*>, <*>), dockedStackBounds=Rect(<*>, <*> - <*>, <*>)",exact,"setSystemUiVisibility vis=<*> mask=<*> oldVal=<*> newVal=<*> diff=<*> fullscreenStackVis=<*> dockedStackVis=<*>, fullscreenStackBounds=Rect(<*>, <*> - <*>, <*>), dockedStackBounds=Rect(<*>, <*> - <*>, <*>)",1.0,"<*> I WindowManager: Taking screenshot from Surface with crop:[Rect(<*>, <*> - <*>, <*>)], width:[<*>], height:[<*>], minLayer:[<*>], maxLayer:[<*>], inRotation:[false], rot:[<*>]",0.4978,"overlapAmount:<*>.<*>, previousNotificationEnd:<*>.<*>, newYTranslation:-<*>.<*>, location:<*>, i:<*>, getTopPadding:<*>.<*>, getLocationOnScreen():-<*>",0.4857,66.53,209
116,setLightsOn(true),exact,setLightsOn(true),1.0,"updateLightsLocked,mInCall =false,mScreenOn = true,ledNotification == null<*>",0.6517,"updateLightsLocked,turn off notificationLight",0.5854,60.9,209
117,"setSystemUiVisibility vis=<*> mask=<*> oldVal=<*> newVal=<*> diff=<*> fullscreenStackVis=<*> dockedStackVis=<*>, fullscreenStackBounds=Rect(<*>, <*> - <*>, <*>), dockedStackBounds=Rect(<*>, <*> - <*>, <*>)",exact,"setSystemUiVisibility vis=<*> mask=<*> oldVal=<*> newVal=<*> diff=<*> fullscreenStackVis=<*> dockedStackVis=<*>, fullscreenStackBounds=Rect(<*>, <*> - <*>, <*>), dockedStackBounds=Rect(<*>, <*> - <*>, <*>)",1.0,"<*> I WindowManager: Taking screenshot from Surface with crop:[Rect(<*>, <*> - <*>, <*>)], width:[<*>], height:[<*>], minLayer:[<*>], maxLayer:[<*>], inRotation:[false], rot:[<*>]",0.4978,"overlapAmount:<*>.<*>, previousNotificationEnd:<*>.<*>, newYTranslation:-<*>.<*>, location:<*>, i:<*>, getTopPadding:<*>.<*>, getLocationOnScreen():-<*>",0.4857,66.63,209
118,setLightsOn(true),exact,setLightsOn(true),1.0,"updateLightsLocked,mInCall =false,mScreenOn = true,ledNotification == null<*>",0.6517,"updateLightsLocked,turn off notificationLight",0.5854,60.76,209
119,"setSystemUiVisibility vis=<*> mask=<*> oldVal=<*> newVal=<*> diff=<*> fullscreenStackVis=<*> dockedStackVis=<*>, fullscreenStackBounds=Rect(<*>, <*> - <*>, <*>), dockedStackBounds=Rect(<*>, <*> - <*>, <*>)",exact,"setSystemUiVisibility vis=<*> mask=<*> oldVal=<*> newVal=<*> diff=<*> fullscreenStackVis=<*> dockedStackVis=<*>, fullscreenStackBounds=Rect(<*>, <*> - <*>, <*>), dockedStackBounds=Rect(<*>, <*> - <*>, <*>)",1.0,"<*> I WindowManager: Taking screenshot from Surface with crop:[Rect(<*>, <*> - <*>, <*>)], width:[<*>], height:[<*>], minLayer:[<*>], maxLayer:[<*>], inRotation:[false], rot:[<*>]",0.4978,"overlapAmount:<*>.<*>, previousNotificationEnd:<*>.<*>, newYTranslation:-<*>.<*>, location:<*>, i:<*>, getTopPadding:<*>.<*>, getLocationOnScreen():-<*>",0.4857,65.52,209
120,<*><*> <*>:<*>:<*>.<*> <*> <*> W ActivityManager: getTasks: caller <*> does not hold REAL_GET_TASKS; limiting output,exact,<*> W ActivityManager: getTasks: caller <*> does not hold REAL_GET_TASKS; limiting output,1.0,<*> W ActivityManager: getRunningAppProcesses: caller <*> does not hold REAL_GET_TASKS; limiting output,0.9301,getTasks: caller <*> does not hold REAL_GET_TASKS; limiting output,0.8241,63.22,209
121,getTasks: caller <*> does not hold REAL_GET_TASKS; limiting output,exact,getTasks: caller <*> does not hold REAL_GET_TASKS; limiting output,1.0,<*> W ActivityManager: getTasks: caller <*> does not hold REAL_GET_TASKS; limiting output,0.8241,getRunningAppProcesses: caller <*> does not hold REAL_GET_TASKS; limiting output,0.8139,60.98,209
122,<*><*> <*>:<*>:<*>.<*> <*> <*> V AudioManager: isMusicActive...,exact,<*> V AudioManager: isMusicActive...,1.0,<*> V AudioManager: isBluetoothScoOn...,0.8822,<*> V AudioManager: querySoundEffectsEnabled...,0.8451,61.58,209
123,"userActivityNoUpdateLocked: eventTime=<*>, event=<*>, flags=<*>, uid=<*>",exact,"userActivityNoUpdateLocked: eventTime=<*>, event=<*>, flags=<*>, uid=<*>",1.0,"<*> D PowerManagerService: userActivityNoUpdateLocked: eventTime=<*>, event=<*>, flags=<*>, uid=<*>",0.7739,"cancelNotificationLocked called,tell the app,reason = <*>",0.5343,61.49,209
124,"ready=true,policy=<*>,wakefulness=<*>,wksummary=<*>,uasummary=<*>,bootcompleted=true,boostinprogress=false,waitmodeenable=false,mode=false,manual=<*>,auto=-<*>,adj=<*>.0userId=<*>",exact,"ready=true,policy=<*>,wakefulness=<*>,wksummary=<*>,uasummary=<*>,bootcompleted=true,boostinprogress=false,waitmodeenable=false,mode=false,manual=<*>,auto=-<*>,adj=<*>.0userId=<*>",1.0,"<*> D PowerManagerService: ready=true,policy=<*>,wakefulness=<*>,wksummary=<*>,uasummary=<*>,bootcompleted=true,boostinprogress=false,waitmodeenable=false,mode=false,manual=<*>,auto=-<*>,adj=<*>.0userId=<*>",0.7294,"updateIsPoweredLocked: wasPowered=false, mIsPowered=false, oldPlugType=<*>, mPlugType=<*>, mBatteryLevel=<*>",0.5091,65.73,209
125,<*><*> <*>:<*>:<*>.<*> <*> <*> V AudioManager: playSoundEffect effectType: <*>,exact,<*> V AudioManager: playSoundEffect effectType: <*>,1.0,<*> V AudioManager: querySoundEffectsEnabled...,0.8796,<*> V AudioManager: isMusicActive...,0.8416,62.29,209
126,<*><*> <*>:<*>:<*>.<*> <*> <*> V AudioManager: querySoundEffectsEnabled...,exact,<*> V AudioManager: querySoundEffectsEnabled...,1.0,<*> V AudioManager: playSoundEffect effectType: <*>,0.8796,<*> V AudioManager: isBluetoothScoOn...,0.8749,62.02,209
127,setLightsOn(true),exact,setLightsOn(true),1.0,"updateLightsLocked,mInCall =false,mScreenOn = true,ledNotification == null<*>",0.6517,"updateLightsLocked,turn off notificationLight",0.5854,60.58,209
128,"setSystemUiVisibility vis=<*> mask=<*> oldVal=<*> newVal=<*> diff=<*> fullscreenStackVis=<*> dockedStackVis=<*>, fullscreenStackBounds=Rect(<*>, <*> - <*>, <*>), dockedStackBounds=Rect(<*>, <*> - <*>, <*>)",exact,"setSystemUiVisibility vis=<*> mask=<*> oldVal=<*> newVal=<*> diff=<*> fullscreenStackVis=<*> dockedStackVis=<*>, fullscreenStackBounds=Rect(<*>, <*> - <*>, <*>), dockedStackBounds=Rect(<*>, <*> - <*>, <*>)",1.0,"<*> I WindowManager: Taking screenshot from Surface with crop:[Rect(<*>, <*> - <*>, <*>)], width:[<*>], height:[<*>], minLayer:[<*>], maxLayer:[<*>], inRotation:[false], rot:[<*>]",0.4978,"overlapAmount:<*>.<*>, previousNotificationEnd:<*>.<*>, newYTranslation:-<*>.<*>, location:<*>, i:<*>, getTopPadding:<*>.<*>, getLocationOnScreen():-<*>",0.4857,65.75,209
129,HBM brightnessIn =<*>,exact,HBM brightnessIn =<*>,1.0,HBM brightnessOut =<*>,0.9267,"Animating brightness: target=<*>, rate=<*>",0.5363,60.81,209
130,HBM brightnessOut =<*>,exact,HBM brightnessOut =<*>,1.0,HBM brightnessIn =<*>,0.9267,"Animating brightness: target=<*>, rate=<*>",0.4981,60.49,209
131,"Animating brightness: target=<*>, rate=<*>",exact,"Animating brightness: target=<*>, rate=<*>",1.0,HBM brightnessIn =<*>,0.5363,HBM brightnessOut =<*>,0.4981,60.6,209
132,HBM brightnessIn =<*>,exact,HBM brightnessIn =<*>,1.0,HBM brightnessOut =<*>,0.9267,"Animating brightness: target=<*>, rate=<*>",0.5363,60.25,209
133,HBM brightnessOut =<*>,exact,HBM brightnessOut =<*>,1.0,HBM brightnessIn =<*>,0.9267,"Animating brightness: target=<*>, rate=<*>",0.4981,60.22,209
134,"Animating brightness: target=<*>, rate=<*>",exact,"Animating brightness: target=<*>, rate=<*>",1.0,HBM brightnessIn =<*>,0.5363,HBM brightnessOut =<*>,0.4981,60.73,209
135,shouldBlockLocation running ...,exact,shouldBlockLocation running ...,1.0,shouldBlockLocation ret<*>,0.8088,<*> W PhoneInterfaceManager: shouldBlockLocation running ...,0.6211,60.02,209
136,shouldBlockLocation ret:true,exact,shouldBlockLocation ret<*>,0.9993,shouldBlockLocation running ...,0.8064,<*> I PhoneInterfaceManager: shouldBlockLocation ret:false,0.575,60.15,209
137,getAllCellInfo is blocked by permission manager . callingPackage = <*>,exact,getAllCellInfo is blocked by permission manager . callingPackage = com.tencent.mobileqq<*>,1.0,getCellLocation is blocked by permission manager uid:<*> pid:<*>,0.7317,getNeighboringCellInfo calling app is com.amap.android.ams<*>,0.6504,60.68,209
138,shouldBlockLocation running ...,exact,shouldBlockLocation running ...,1.0,shouldBlockLocation ret<*>,0.8086,<*> W PhoneInterfaceManager: shouldBlockLocation running ...,0.6211,60.39,209
139,shouldBlockLocation ret:true,exact,shouldBlockLocation ret<*>,0.9994,shouldBlockLocation running ...,0.8064,<*> I PhoneInterfaceManager: shouldBlockLocation ret:false,0.575,60.87,209
140,getCellLocation is blocked by permission manager uid:<*> pid:<*>,exact,getCellLocation is blocked by permission manager uid:<*> pid:<*>,1.0,getAllCellInfo is blocked by permission manager . callingPackage = com.tencent.mobileqq<*>,0.7317,getNeighboringCellInfo calling app is com.amap.android.ams<*>,0.618,60.63,209
141,getRunningAppProcesses: caller <*> does not hold REAL_GET_TASKS; limiting output,exact,getRunningAppProcesses: caller <*> does not hold REAL_GET_TASKS; limiting output,1.0,getTasks: caller <*> does not hold REAL_GET_TASKS; limiting output,0.8139,<*> W ActivityManager: getRunningAppProcesses: caller <*> does not hold REAL_GET_TASKS; limiting output,0.8118,60.89,209
142,HBM brightnessIn =<*>,exact,HBM brightnessIn =<*>,1.0,HBM brightnessOut =<*>,0.9267,"Animating brightness: target=<*>, rate=<*>",0.5363,60.59,209
143,HBM brightnessOut =<*>,exact,HBM brightnessOut =<*>,1.0,HBM brightnessIn =<*>,0.9267,"Animating brightness: target=<*>, rate=<*>",0.4981,60.6,209
144,"Animating brightness: target=<*>, rate=<*>",exact,"Animating brightness: target=<*>, rate=<*>",1.0,HBM brightnessIn =<*>,0.5363,HBM brightnessOut =<*>,0.4981,60.96,209
145,"userActivityNoUpdateLocked: eventTime=<*>, event=<*>, flags=<*>, uid=<*>",exact,"userActivityNoUpdateLocked: eventTime=<*>, event=<*>, flags=<*>, uid=<*>",1.0,"<*> D PowerManagerService: userActivityNoUpdateLocked: eventTime=<*>, event=<*>, flags=<*>, uid=<*>",0.7739,"cancelNotificationLocked called,tell the app,reason = <*>",0.5343,61.57,209
146,"ready=true,policy=<*>,wakefulness=<*>,wksummary=<*>,uasummary=<*>,bootcompleted=true,boostinprogress=false,waitmodeenable=false,mode=false,manual=<*>,auto=-<*>,adj=<*>.0userId=<*>",exact,"ready=true,policy=<*>,wakefulness=<*>,wksummary=<*>,uasummary=<*>,bootcompleted=true,boostinprogress=false,waitmodeenable=false,mode=false,manual=<*>,auto=-<*>,adj=<*>.0userId=<*>",1.0,"<*> D PowerManagerService: ready=true,policy=<*>,wakefulness=<*>,wksummary=<*>,uasummary=<*>,bootcompleted=true,boostinprogress=false,waitmodeenable=false,mode=false,manual=<*>,auto=-<*>,adj=<*>.0userId=<*>",0.7294,"updateIsPoweredLocked: wasPowered=false, mIsPowered=false, oldPlugType=<*>, mPlugType=<*>, mBatteryLevel=<*>",0.5091,65.78,209
147,HBM brightnessIn =<*>,exact,HBM brightnessIn =<*>,1.0,HBM brightnessOut =<*>,0.9267,"Animating brightness: target=<*>, rate=<*>",0.5363,60.78,209
148,HBM brightnessOut =<*>,exact,HBM brightnessOut =<*>,1.0,HBM brightnessIn =<*>,0.9267,"Animating brightness: target=<*>, rate=<*>",0.4981,60.27,209
149,"Animating brightness: target=<*>, rate=<*>",exact,"Animating brightness: target=<*>, rate=<*>",1.0,HBM brightnessIn =<*>,0.5363,HBM brightnessOut =<*>,0.4981,60.49,209
150,setLightsOn(true),exact,setLightsOn(true),1.0,"updateLightsLocked,mInCall =false,mScreenOn = true,ledNotification == null<*>",0.6517,"updateLightsLocked,turn off notificationLight",0.5854,60.14,209
151,"setSystemUiVisibility vis=<*> mask=<*> oldVal=<*> newVal=<*> diff=<*> fullscreenStackVis=<*> dockedStackVis=<*>, fullscreenStackBounds=Rect(<*>, <*> - <*>, <*>), dockedStackBounds=Rect(<*>, <*> - <*>, <*>)",exact,"setSystemUiVisibility vis=<*> mask=<*> oldVal=<*> newVal=<*> diff=<*> fullscreenStackVis=<*> dockedStackVis=<*>, fullscreenStackBounds=Rect(<*>, <*> - <*>, <*>), dockedStackBounds=Rect(<*>, <*> - <*>, <*>)",1.0,"<*> I WindowManager: Taking screenshot from Surface with crop:[Rect(<*>, <*> - <*>, <*>)], width:[<*>], height:[<*>], minLayer:[<*>], maxLayer:[<*>], inRotation:[false], rot:[<*>]",0.4978,"overlapAmount:<*>.<*>, previousNotificationEnd:<*>.<*>, newYTranslation:-<*>.<*>, location:<*>, i:<*>, getTopPadding:<*>.<*>, getLocationOnScreen():-<*>",0.4857,65.92,209
152,setLightsOn(true),exact,setLightsOn(true),1.0,"updateLightsLocked,mInCall =false,mScreenOn = true,ledNotification == null<*>",0.6517,"updateLightsLocked,turn off notificationLight",0.5854,60.88,209
153,"setSystemUiVisibility vis=<*> mask=<*> oldVal=<*> newVal=<*> diff=<*> fullscreenStackVis=<*> dockedStackVis=<*>, fullscreenStackBounds=Rect(<*>, <*> - <*>, <*>), dockedStackBounds=Rect(<*>, <*> - <*>, <*>)",exact,"setSystemUiVisibility vis=<*> mask=<*> oldVal=<*> newVal=<*> diff=<*> fullscreenStackVis=<*> dockedStackVis=<*>, fullscreenStackBounds=Rect(<*>, <*> - <*>, <*>), dockedStackBounds=Rect(<*>, <*> - <*>, <*>)",1.0,"<*> I WindowManager: Taking screenshot from Surface with crop:[Rect(<*>, <*> - <*>, <*>)], width:[<*>], height:[<*>], minLayer:[<*>], maxLayer:[<*>], inRotation:[false], rot:[<*>]",0.4978,"overlapAmount:<*>.<*>, previousNotificationEnd:<*>.<*>, newYTranslation:-<*>.<*>, location:<*>, i:<*>, getTopPadding:<*>.<*>, getLocationOnScreen():-<*>",0.4857,66.29,209
154,setLightsOn(true),exact,setLightsOn(true),1.0,"updateLightsLocked,mInCall =false,mScreenOn = true,ledNotification == null<*>",0.6517,"updateLightsLocked,turn off notificationLight",0.5854,60.98,209
155,"setSystemUiVisibility vis=<*> mask=<*> oldVal=<*> newVal=<*> diff=<*> fullscreenStackVis=<*> dockedStackVis=<*>, fullscreenStackBounds=Rect(<*>, <*> - <*>, <*>), dockedStackBounds=Rect(<*>, <*> - <*>, <*>)",exact,"setSystemUiVisibility vis=<*> mask=<*> oldVal=<*> newVal=<*> diff=<*> fullscreenStackVis=<*> dockedStackVis=<*>, fullscreenStackBounds=Rect(<*>, <*> - <*>, <*>), dockedStackBounds=Rect(<*>, <*> - <*>, <*>)",1.0,"<*> I WindowManager: Taking screenshot from Surface with crop:[Rect(<*>, <*> - <*>, <*>)], width:[<*>], height:[<*>], minLayer:[<*>], maxLayer:[<*>], inRotation:[false], rot:[<*>]",0.4978,"overlapAmount:<*>.<*>, previousNotificationEnd:<*>.<*>, newYTranslation:-<*>.<*>, location:<*>, i:<*>, getTopPadding:<*>.<*>, getLocationOnScreen():-<*>",0.4857,65.9,209
156,setLightsOn(true),exact,setLightsOn(true),1.0,"updateLightsLocked,mInCall =false,mScreenOn = true,ledNotification == null<*>",0.6517,"updateLightsLocked,turn off notificationLight",0.5854,60.64,209
157,"setSystemUiVisibility vis=<*> mask=<*> oldVal=<*> newVal=<*> diff=<*> fullscreenStackVis=<*> dockedStackVis=<*>, fullscreenStackBounds=Rect(<*>, <*> - <*>, <*>), dockedStackBounds=Rect(<*>, <*> - <*>, <*>)",exact,"setSystemUiVisibility vis=<*> mask=<*> oldVal=<*> newVal=<*> diff=<*> fullscreenStackVis=<*> dockedStackVis=<*>, fullscreenStackBounds=Rect(<*>, <*> - <*>, <*>), dockedStackBounds=Rect(<*>, <*> - <*>, <*>)",1.0,"<*> I WindowManager: Taking screenshot from Surface with crop:[Rect(<*>, <*> - <*>, <*>)], width:[<*>], height:[<*>], minLayer:[<*>], maxLayer:[<*>], inRotation:[false], rot:[<*>]",0.4978,"overlapAmount:<*>.<*>, previousNotificationEnd:<*>.<*>, newYTranslation:-<*>.<*>, location:<*>, i:<*>, getTopPadding:<*>.<*>, getLocationOnScreen():-<*>",0.4857,65.89,209
158,setLightsOn(true),exact,setLightsOn(true),1.0,"updateLightsLocked,mInCall =false,mScreenOn = true,ledNotification == null<*>",0.6517,"updateLightsLocked,turn off notificationLight",0.5854,61.03,209
159,"setSystemUiVisibility vis=<*> mask=<*> oldVal=<*> newVal=<*> diff=<*> fullscreenStackVis=<*> dockedStackVis=<*>, fullscreenStackBounds=Rect(<*>, <*> - <*>, <*>), dockedStackBounds=Rect(<*>, <*> - <*>, <*>)",exact,"setSystemUiVisibility vis=<*> mask=<*> oldVal=<*> newVal=<*> diff=<*> fullscreenStackVis=<*> dockedStackVis=<*>, fullscreenStackBounds=Rect(<*>, <*> - <*>, <*>), dockedStackBounds=Rect(<*>, <*> - <*>, <*>)",1.0,"<*> I WindowManager: Taking screenshot from Surface with crop:[Rect(<*>, <*> - <*>, <*>)], width:[<*>], height:[<*>], minLayer:[<*>], maxLayer:[<*>], inRotation:[false], rot:[<*>]",0.4978,"overlapAmount:<*>.<*>, previousNotificationEnd:<*>.<*>, newYTranslation:-<*>.<*>, location:<*>, i:<*>, getTopPadding:<*>.<*>, getLocationOnScreen():-<*>",0.4857,66.74,209
160,setLightsOn(true),exact,setLightsOn(true),1.0,"updateLightsLocked,mInCall =false,mScreenOn = true,ledNotification == null<*>",0.6517,"updateLightsLocked,turn off notificationLight",0.5854,60.79,209
161,"setSystemUiVisibility vis=<*> mask=<*> oldVal=<*> newVal=<*> diff=<*> fullscreenStackVis=<*> dockedStackVis=<*>, fullscreenStackBounds=Rect(<*>, <*> - <*>, <*>), dockedStackBounds=Rect(<*>, <*> - <*>, <*>)",exact,"setSystemUiVisibility vis=<*> mask=<*> oldVal=<*> newVal=<*> diff=<*> fullscreenStackVis=<*> dockedStackVis=<*>, fullscreenStackBounds=Rect(<*>, <*> - <*>, <*>), dockedStackBounds=Rect(<*>, <*> - <*>, <*>)",1.0,"<*> I WindowManager: Taking screenshot from Surface with crop:[Rect(<*>, <*> - <*>, <*>)], width:[<*>], height:[<*>], minLayer:[<*>], maxLayer:[<*>], inRotation:[false], rot:[<*>]",0.4978,"overlapAmount:<*>.<*>, previousNotificationEnd:<*>.<*>, newYTranslation:-<*>.<*>, location:<*>, i:<*>, getTopPadding:<*>.<*>, getLocationOnScreen():-<*>",0.4857,66.22,209
162,setLightsOn(true),exact,setLightsOn(true),1.0,"updateLightsLocked,mInCall =false,mScreenOn = true,ledNotification == null<*>",0.6517,"updateLightsLocked,turn off notificationLight",0.5854,61.27,209
163,"setSystemUiVisibility vis=<*> mask=<*> oldVal=<*> newVal=<*> diff=<*> fullscreenStackVis=<*> dockedStackVis=<*>, fullscreenStackBounds=Rect(<*>, <*> - <*>, <*>), dockedStackBounds=Rect(<*>, <*> - <*>, <*>)",exact,"setSystemUiVisibility vis=<*> mask=<*> oldVal=<*> newVal=<*> diff=<*> fullscreenStackVis=<*> dockedStackVis=<*>, fullscreenStackBounds=Rect(<*>, <*> - <*>, <*>), dockedStackBounds=Rect(<*>, <*> - <*>, <*>)",1.0,"<*> I WindowManager: Taking screenshot from Surface with crop:[Rect(<*>, <*> - <*>, <*>)], width:[<*>], height:[<*>], minLayer:[<*>], maxLayer:[<*>], inRotation:[false], rot:[<*>]",0.4978,"overlapAmount:<*>.<*>, previousNotificationEnd:<*>.<*>, newYTranslation:-<*>.<*>, location:<*>, i:<*>, getTopPadding:<*>.<*>, getLocationOnScreen():-<*>",0.4857,66.78,209
164,setLightsOn(true),exact,setLightsOn(true),1.0,"updateLightsLocked,mInCall =false,mScreenOn = true,ledNotification == null<*>",0.6517,"updateLightsLocked,turn off notificationLight",0.5854,60.86,209
165,"setSystemUiVisibility vis=<*> mask=<*> oldVal=<*> newVal=<*> diff=<*> fullscreenStackVis=<*> dockedStackVis=<*>, fullscreenStackBounds=Rect(<*>, <*> - <*>, <*>), dockedStackBounds=Rect(<*>, <*> - <*>, <*>)",exact,"setSystemUiVisibility vis=<*> mask=<*> oldVal=<*> newVal=<*> diff=<*> fullscreenStackVis=<*> dockedStackVis=<*>, fullscreenStackBounds=Rect(<*>, <*> - <*>, <*>), dockedStackBounds=Rect(<*>, <*> - <*>, <*>)",1.0,"<*> I WindowManager: Taking screenshot from Surface with crop:[Rect(<*>, <*> - <*>, <*>)], width:[<*>], height:[<*>], minLayer:[<*>], maxLayer:[<*>], inRotation:[false], rot:[<*>]",0.4978,"overlapAmount:<*>.<*>, previousNotificationEnd:<*>.<*>, newYTranslation:-<*>.<*>, location:<*>, i:<*>, getTopPadding:<*>.<*>, getLocationOnScreen():-<*>",0.4857,66.64,209
166,setLightsOn(true),exact,setLightsOn(true),1.0,"updateLightsLocked,mInCall =false,mScreenOn = true,ledNotification == null<*>",0.6517,"updateLightsLocked,turn off notificationLight",0.5854,60.76,209
167,"setSystemUiVisibility vis=<*> mask=<*> oldVal=<*> newVal=<*> diff=<*> fullscreenStackVis=<*> dockedStackVis=<*>, fullscreenStackBounds=Rect(<*>, <*> - <*>, <*>), dockedStackBounds=Rect(<*>, <*> - <*>, <*>)",exact,"setSystemUiVisibility vis=<*> mask=<*> oldVal=<*> newVal=<*> diff=<*> fullscreenStackVis=<*> dockedStackVis=<*>, fullscreenStackBounds=Rect(<*>, <*> - <*>, <*>), dockedStackBounds=Rect(<*>, <*> - <*>, <*>)",1.0,"<*> I WindowManager: Taking screenshot from Surface with crop:[Rect(<*>, <*> - <*>, <*>)], width:[<*>], height:[<*>], minLayer:[<*>], maxLayer:[<*>], inRotation:[false], rot:[<*>]",0.4978,"overlapAmount:<*>.<*>, previousNotificationEnd:<*>.<*>, newYTranslation:-<*>.<*>, location:<*>, i:<*>, getTopPadding:<*>.<*>, getLocationOnScreen():-<*>",0.4857,65.8,209
168,setLightsOn(true),exact,setLightsOn(true),1.0,"updateLightsLocked,mInCall =false,mScreenOn = true,ledNotification == null<*>",0.6517,"updateLightsLocked,turn off notificationLight",0.5854,60.71,209
169,"setSystemUiVisibility vis=<*> mask=<*> oldVal=<*> newVal=<*> diff=<*> fullscreenStackVis=<*> dockedStackVis=<*>, fullscreenStackBounds=Rect(<*>, <*> - <*>, <*>), dockedStackBounds=Rect(<*>, <*> - <*>, <*>)",exact,"setSystemUiVisibility vis=<*> mask=<*> oldVal=<*> newVal=<*> diff=<*> fullscreenStackVis=<*> dockedStackVis=<*>, fullscreenStackBounds=Rect(<*>, <*> - <*>, <*>), dockedStackBounds=Rect(<*>, <*> - <*>, <*>)",1.0,"<*> I WindowManager: Taking screenshot from Surface with crop:[Rect(<*>, <*> - <*>, <*>)], width:[<*>], height:[<*>], minLayer:[<*>], maxLayer:[<*>], inRotation:[false], rot:[<*>]",0.4978,"overlapAmount:<*>.<*>, previousNotificationEnd:<*>.<*>, newYTranslation:-<*>.<*>, location:<*>, i:<*>, getTopPadding:<*>.<*>, getLocationOnScreen():-<*>",0.4857,66.24,209
170,setLightsOn(true),exact,setLightsOn(true),1.0,"updateLightsLocked,mInCall =false,mScreenOn = true,ledNotification == null<*>",0.6517,"updateLightsLocked,turn off notificationLight",0.5854,60.75,209
171,"setSystemUiVisibility vis=<*> mask=<*> oldVal=<*> newVal=<*> diff=<*> fullscreenStackVis=<*> dockedStackVis=<*>, fullscreenStackBounds=Rect(<*>, <*> - <*>, <*>), dockedStackBounds=Rect(<*>, <*> - <*>, <*>)",exact,"setSystemUiVisibility vis=<*> mask=<*> oldVal=<*> newVal=<*> diff=<*> fullscreenStackVis=<*> dockedStackVis=<*>, fullscreenStackBounds=Rect(<*>, <*> - <*>, <*>), dockedStackBounds=Rect(<*>, <*> - <*>, <*>)",1.0,"<*> I WindowManager: Taking screenshot from Surface with crop:[Rect(<*>, <*> - <*>, <*>)], width:[<*>], height:[<*>], minLayer:[<*>], maxLayer:[<*>], inRotation:[false], rot:[<*>]",0.4978,"overlapAmount:<*>.<*>, previousNotificationEnd:<*>.<*>, newYTranslation:-<*>.<*>, location:<*>, i:<*>, getTopPadding:<*>.<*>, getLocationOnScreen():-<*>",0.4857,66.89,209
172,setLightsOn(true),exact,setLightsOn(true),1.0,"updateLightsLocked,mInCall =false,mScreenOn = true,ledNotification == null<*>",0.6517,"updateLightsLocked,turn off notificationLight",0.5854,60.78,209
173,"setSystemUiVisibility vis=<*> mask=<*> oldVal=<*> newVal=<*> diff=<*> fullscreenStackVis=<*> dockedStackVis=<*>, fullscreenStackBounds=Rect(<*>, <*> - <*>, <*>), dockedStackBounds=Rect(<*>, <*> - <*>, <*>)",exact,"setSystemUiVisibility vis=<*> mask=<*> oldVal=<*> newVal=<*> diff=<*> fullscreenStackVis=<*> dockedStackVis=<*>, fullscreenStackBounds=Rect(<*>, <*> - <*>, <*>), dockedStackBounds=Rect(<*>, <*> - <*>, <*>)",1.0,"<*> I WindowManager: Taking screenshot from Surface with crop:[Rect(<*>, <*> - <*>, <*>)], width:[<*>], height:[<*>], minLayer:[<*>], maxLayer:[<*>], inRotation:[false], rot:[<*>]",0.4978,"overlapAmount:<*>.<*>, previousNotificationEnd:<*>.<*>, newYTranslation:-<*>.<*>, location:<*>, i:<*>, getTopPadding:<*>.<*>, getLocationOnScreen():-<*>",0.4857,66.04,209
174,setLightsOn(true),exact,setLightsOn(true),1.0,"updateLightsLocked,mInCall =false,mScreenOn = true,ledNotification == null<*>",0.6517,"updateLightsLocked,turn off notificationLight",0.5854,60.79,209
175,"setSystemUiVisibility vis=<*> mask=<*> oldVal=<*> newVal=<*> diff=<*> fullscreenStackVis=<*> dockedStackVis=<*>, fullscreenStackBounds=Rect(<*>, <*> - <*>, <*>), dockedStackBounds=Rect(<*>, <*> - <*>, <*>)",exact,"setSystemUiVisibility vis=<*> mask=<*> oldVal=<*> newVal=<*> diff=<*> fullscreenStackVis=<*> dockedStackVis=<*>, fullscreenStackBounds=Rect(<*>, <*> - <*>, <*>), dockedStackBounds=Rect(<*>, <*> - <*>, <*>)",1.0,"<*> I WindowManager: Taking screenshot from Surface with crop:[Rect(<*>, <*> - <*>, <*>)], width:[<*>], height:[<*>], minLayer:[<*>], maxLayer:[<*>], inRotation:[false], rot:[<*>]",0.4978,"overlapAmount:<*>.<*>, previousNotificationEnd:<*>.<*>, newYTranslation:-<*>.<*>, location:<*>, i:<*>, getTopPadding:<*>.<*>, getLocationOnScreen():-<*>",0.4857,65.86,209
176,setLightsOn(true),exact,setLightsOn(true),1.0,"updateLightsLocked,mInCall =false,mScreenOn = true,ledNotification == null<*>",0.6517,"updateLightsLocked,turn off notificationLight",0.5854,60.69,209
177,"setSystemUiVisibility vis=<*> mask=<*> oldVal=<*> newVal=<*> diff=<*> fullscreenStackVis=<*> dockedStackVis=<*>, fullscreenStackBounds=Rect(<*>, <*> - <*>, <*>), dockedStackBounds=Rect(<*>, <*> - <*>, <*>)",exact,"setSystemUiVisibility vis=<*> mask=<*> oldVal=<*> newVal=<*> diff=<*> fullscreenStackVis=<*> dockedStackVis=<*>, fullscreenStackBounds=Rect(<*>, <*> - <*>, <*>), dockedStackBounds=Rect(<*>, <*> - <*>, <*>)",1.0,"<*> I WindowManager: Taking screenshot from Surface with crop:[Rect(<*>, <*> - <*>, <*>)], width:[<*>], height:[<*>], minLayer:[<*>], maxLayer:[<*>], inRotation:[false], rot:[<*>]",0.4978,"overlapAmount:<*>.<*>, previousNotificationEnd:<*>.<*>, newYTranslation:-<*>.<*>, location:<*>, i:<*>, getTopPadding:<*>.<*>, getLocationOnScreen():-<*>",0.4857,66.17,209
178,setLightsOn(true),exact,setLightsOn(true),1.0,"updateLightsLocked,mInCall =false,mScreenOn = true,ledNotification == null<*>",0.6517,"updateLightsLocked,turn off notificationLight",0.5854,60.77,209
179,"setSystemUiVisibility vis=<*> mask=<*> oldVal=<*> newVal=<*> diff=<*> fullscreenStackVis=<*> dockedStackVis=<*>, fullscreenStackBounds=Rect(<*>, <*> - <*>, <*>), dockedStackBounds=Rect(<*>, <*> - <*>, <*>)",exact,"setSystemUiVisibility vis=<*> mask=<*> oldVal=<*> newVal=<*> diff=<*> fullscreenStackVis=<*> dockedStackVis=<*>, fullscreenStackBounds=Rect(<*>, <*> - <*>, <*>), dockedStackBounds=Rect(<*>, <*> - <*>, <*>)",1.0,"<*> I WindowManager: Taking screenshot from Surface with crop:[Rect(<*>, <*> - <*>, <*>)], width:[<*>], height:[<*>], minLayer:[<*>], maxLayer:[<*>], inRotation:[false], rot:[<*>]",0.4978,"overlapAmount:<*>.<*>, previousNotificationEnd:<*>.<*>, newYTranslation:-<*>.<*>, location:<*>, i:<*>, getTopPadding:<*>.<*>, getLocationOnScreen():-<*>",0.4857,65.93,209
180,setLightsOn(true),exact,setLightsOn(true),1.0,"updateLightsLocked,mInCall =false,mScreenOn = true,ledNotification == null<*>",0.6517,"updateLightsLocked,turn off notificationLight",0.5854,60.62,209
181,"setSystemUiVisibility vis=<*> mask=<*> oldVal=<*> newVal=<*> diff=<*> fullscreenStackVis=<*> dockedStackVis=<*>, fullscreenStackBounds=Rect(<*>, <*> - <*>, <*>), dockedStackBounds=Rect(<*>, <*> - <*>, <*>)",exact,"setSystemUiVisibility vis=<*> mask=<*> oldVal=<*> newVal=<*> diff=<*> fullscreenStackVis=<*> dockedStackVis=<*>, fullscreenStackBounds=Rect(<*>, <*> - <*>, <*>), dockedStackBounds=Rect(<*>, <*> - <*>, <*>)",1.0,"<*> I WindowManager: Taking screenshot from Surface with crop:[Rect(<*>, <*> - <*>, <*>)], width:[<*>], height:[<*>], minLayer:[<*>], maxLayer:[<*>], inRotation:[false], rot:[<*>]",0.4978,"overlapAmount:<*>.<*>, previousNotificationEnd:<*>.<*>, newYTranslation:-<*>.<*>, location:<*>, i:<*>, getTopPadding:<*>.<*>, getLocationOnScreen():-<*>",0.4857,66.27,209
182,"userActivityNoUpdateLocked: eventTime=<*>, event=<*>, flags=<*>, uid=<*>",exact,"userActivityNoUpdateLocked: eventTime=<*>, event=<*>, flags=<*>, uid=<*>",1.0,"<*> D PowerManagerService: userActivityNoUpdateLocked: eventTime=<*>, event=<*>, flags=<*>, uid=<*>",0.7739,"cancelNotificationLocked called,tell the app,reason = <*>",0.5343,62.09,209
183,"ready=true,policy=<*>,wakefulness=<*>,wksummary=<*>,uasummary=<*>,bootcompleted=true,boostinprogress=false,waitmodeenable=false,mode=false,manual=<*>,auto=-<*>,adj=<*>.0userId=<*>",exact,"ready=true,policy=<*>,wakefulness=<*>,wksummary=<*>,uasummary=<*>,bootcompleted=true,boostinprogress=false,waitmodeenable=false,mode=false,manual=<*>,auto=-<*>,adj=<*>.0userId=<*>",1.0,"<*> D PowerManagerService: ready=true,policy=<*>,wakefulness=<*>,wksummary=<*>,uasummary=<*>,bootcompleted=true,boostinprogress=false,waitmodeenable=false,mode=false,manual=<*>,auto=-<*>,adj=<*>.0userId=<*>",0.7294,"updateIsPoweredLocked: wasPowered=false, mIsPowered=false, oldPlugType=<*>, mPlugType=<*>, mBatteryLevel=<*>",0.5091,65.23,209
184,setLightsOn(true),exact,setLightsOn(true),1.0,"updateLightsLocked,mInCall =false,mScreenOn = true,ledNotification == null<*>",0.6517,"updateLightsLocked,turn off notificationLight",0.5854,60.87,209
185,"setSystemUiVisibility vis=<*> mask=<*> oldVal=<*> newVal=<*> diff=<*> fullscreenStackVis=<*> dockedStackVis=<*>, fullscreenStackBounds=Rect(<*>, <*> - <*>, <*>), dockedStackBounds=Rect(<*>, <*> - <*>, <*>)",exact,"setSystemUiVisibility vis=<*> mask=<*> oldVal=<*> newVal=<*> diff=<*> fullscreenStackVis=<*> dockedStackVis=<*>, fullscreenStackBounds=Rect(<*>, <*> - <*>, <*>), dockedStackBounds=Rect(<*>, <*> - <*>, <*>)",1.0,"<*> I WindowManager: Taking screenshot from Surface with crop:[Rect(<*>, <*> - <*>, <*>)], width:[<*>], height:[<*>], minLayer:[<*>], maxLayer:[<*>], inRotation:[false], rot:[<*>]",0.4978,"overlapAmount:<*>.<*>, previousNotificationEnd:<*>.<*>, newYTranslation:-<*>.<*>, location:<*>, i:<*>, getTopPadding:<*>.<*>, getLocationOnScreen():-<*>",0.4857,66.17,209
186,setLightsOn(true),exact,setLightsOn(true),1.0,"updateLightsLocked,mInCall =false,mScreenOn = true,ledNotification == null<*>",0.6517,"updateLightsLocked,turn off notificationLight",0.5854,60.61,209
187,"setSystemUiVisibility vis=<*> mask=<*> oldVal=<*> newVal=<*> diff=<*> fullscreenStackVis=<*> dockedStackVis=<*>, fullscreenStackBounds=Rect(<*>, <*> - <*>, <*>), dockedStackBounds=Rect(<*>, <*> - <*>, <*>)",exact,"setSystemUiVisibility vis=<*> mask=<*> oldVal=<*> newVal=<*> diff=<*> fullscreenStackVis=<*> dockedStackVis=<*>, fullscreenStackBounds=Rect(<*>, <*> - <*>, <*>), dockedStackBounds=Rect(<*>, <*> - <*>, <*>)",1.0,"<*> I WindowManager: Taking screenshot from Surface with crop:[Rect(<*>, <*> - <*>, <*>)], width:[<*>], height:[<*>], minLayer:[<*>], maxLayer:[<*>], inRotation:[false], rot:[<*>]",0.4978,"overlapAmount:<*>.<*>, previousNotificationEnd:<*>.<*>, newYTranslation:-<*>.<*>, location:<*>, i:<*>, getTopPadding:<*>.<*>, getLocationOnScreen():-<*>",0.4857,66.66,209
188,setLightsOn(true),exact,setLightsOn(true),1.0,"updateLightsLocked,mInCall =false,mScreenOn = true,ledNotification == null<*>",0.6517,"updateLightsLocked,turn off notificationLight",0.5854,60.72,209
189,"setSystemUiVisibility vis=<*> mask=<*> oldVal=<*> newVal=<*> diff=<*> fullscreenStackVis=<*> dockedStackVis=<*>, fullscreenStackBounds=Rect(<*>, <*> - <*>, <*>), dockedStackBounds=Rect(<*>, <*> - <*>, <*>)",exact,"setSystemUiVisibility vis=<*> mask=<*> oldVal=<*> newVal=<*> diff=<*> fullscreenStackVis=<*> dockedStackVis=<*>, fullscreenStackBounds=Rect(<*>, <*> - <*>, <*>), dockedStackBounds=Rect(<*>, <*> - <*>, <*>)",1.0,"<*> I WindowManager: Taking screenshot from Surface with crop:[Rect(<*>, <*> - <*>, <*>)], width:[<*>], height:[<*>], minLayer:[<*>], maxLayer:[<*>], inRotation:[false], rot:[<*>]",0.4978,"overlapAmount:<*>.<*>, previousNotificationEnd:<*>.<*>, newYTranslation:-<*>.<*>, location:<*>, i:<*>, getTopPadding:<*>.<*>, getLocationOnScreen():-<*>",0.4857,66.12,209
190,setLightsOn(true),exact,setLightsOn(true),1.0,"updateLightsLocked,mInCall =false,mScreenOn = true,ledNotification == null<*>",0.6517,"updateLightsLocked,turn off notificationLight",0.5854,60.84,209
191,"setSystemUiVisibility vis=<*> mask=<*> oldVal=<*> newVal=<*> diff=<*> fullscreenStackVis=<*> dockedStackVis=<*>, fullscreenStackBounds=Rect(<*>, <*> - <*>, <*>), dockedStackBounds=Rect(<*>, <*> - <*>, <*>)",exact,"setSystemUiVisibility vis=<*> mask=<*> oldVal=<*> newVal=<*> diff=<*> fullscreenStackVis=<*> dockedStackVis=<*>, fullscreenStackBounds=Rect(<*>, <*> - <*>, <*>), dockedStackBounds=Rect(<*>, <*> - <*>, <*>)",1.0,"<*> I WindowManager: Taking screenshot from Surface with crop:[Rect(<*>, <*> - <*>, <*>)], width:[<*>], height:[<*>], minLayer:[<*>], maxLayer:[<*>], inRotation:[false], rot:[<*>]",0.4978,"overlapAmount:<*>.<*>, previousNotificationEnd:<*>.<*>, newYTranslation:-<*>.<*>, location:<*>, i:<*>, getTopPadding:<*>.<*>, getLocationOnScreen():-<*>",0.4857,66.59,209
192,setLightsOn(true),exact,setLightsOn(true),1.0,"updateLightsLocked,mInCall =false,mScreenOn = true,ledNotification == null<*>",0.6517,"updateLightsLocked,turn off notificationLight",0.5854,60.7,209
193,"setSystemUiVisibility vis=<*> mask=<*> oldVal=<*> newVal=<*> diff=<*> fullscreenStackVis=<*> dockedStackVis=<*>, fullscreenStackBounds=Rect(<*>, <*> - <*>, <*>), dockedStackBounds=Rect(<*>, <*> - <*>, <*>)",exact,"setSystemUiVisibility vis=<*> mask=<*> oldVal=<*> newVal=<*> diff=<*> fullscreenStackVis=<*> dockedStackVis=<*>, fullscreenStackBounds=Rect(<*>, <*> - <*>, <*>), dockedStackBounds=Rect(<*>, <*> - <*>, <*>)",1.0,"<*> I WindowManager: Taking screenshot from Surface with crop:[Rect(<*>, <*> - <*>, <*>)], width:[<*>], height:[<*>], minLayer:[<*>], maxLayer:[<*>], inRotation:[false], rot:[<*>]",0.4978,"overlapAmount:<*>.<*>, previousNotificationEnd:<*>.<*>, newYTranslation:-<*>.<*>, location:<*>, i:<*>, getTopPadding:<*>.<*>, getLocationOnScreen():-<*>",0.4857,66.4,209
194,setLightsOn(true),exact,setLightsOn(true),1.0,"updateLightsLocked,mInCall =false,mScreenOn = true,ledNotification == null<*>",0.6517,"updateLightsLocked,turn off notificationLight",0.5854,61.03,209
195,"setSystemUiVisibility vis=<*> mask=<*> oldVal=<*> newVal=<*> diff=<*> fullscreenStackVis=<*> dockedStackVis=<*>, fullscreenStackBounds=Rect(<*>, <*> - <*>, <*>), dockedStackBounds=Rect(<*>, <*> - <*>, <*>)",exact,"setSystemUiVisibility vis=<*> mask=<*> oldVal=<*> newVal=<*> diff=<*> fullscreenStackVis=<*> dockedStackVis=<*>, fullscreenStackBounds=Rect(<*>, <*> - <*>, <*>), dockedStackBounds=Rect(<*>, <*> - <*>, <*>)",1.0,"<*> I WindowManager: Taking screenshot from Surface with crop:[Rect(<*>, <*> - <*>, <*>)], width:[<*>], height:[<*>], minLayer:[<*>], maxLayer:[<*>], inRotation:[false], rot:[<*>]",0.4978,"overlapAmount:<*>.<*>, previousNotificationEnd:<*>.<*>, newYTranslation:-<*>.<*>, location:<*>, i:<*>, getTopPadding:<*>.<*>, getLocationOnScreen():-<*>",0.4857,66.59,209
196,shouldBlockLocation running ...,exact,shouldBlockLocation running ...,1.0,shouldBlockLocation ret<*>,0.8084,<*> W PhoneInterfaceManager: shouldBlockLocation running ...,0.6211,60.96,209
197,shouldBlockLocation ret:true,exact,shouldBlockLocation ret<*>,0.9995,shouldBlockLocation running ...,0.8064,<*> I PhoneInterfaceManager: shouldBlockLocation ret:false,0.575,60.19,209
198,getAllCellInfo is blocked by permission manager . callingPackage = <*>,exact,getAllCellInfo is blocked by permission manager . callingPackage = com.tencent.mobileqq<*>,1.0,getCellLocation is blocked by permission manager uid:<*> pid:<*>,0.7317,getNeighboringCellInfo calling app is com.amap.android.ams<*>,0.6504,60.65,209
199,"userActivityNoUpdateLocked: eventTime=<*>, event=<*>, flags=<*>, uid=<*>",exact,"userActivityNoUpdateLocked: eventTime=<*>, event=<*>, flags=<*>, uid=<*>",1.0,"<*> D PowerManagerService: userActivityNoUpdateLocked: eventTime=<*>, event=<*>, flags=<*>, uid=<*>",0.7739,"cancelNotificationLocked called,tell the app,reason = <*>",0.5343,61.23,209
200,"ready=true,policy=<*>,wakefulness=<*>,wksummary=<*>,uasummary=<*>,bootcompleted=true,boostinprogress=false,waitmodeenable=false,mode=false,manual=<*>,auto=-<*>,adj=<*>.0userId=<*>",exact,"ready=true,policy=<*>,wakefulness=<*>,wksummary=<*>,uasummary=<*>,bootcompleted=true,boostinprogress=false,waitmodeenable=false,mode=false,manual=<*>,auto=-<*>,adj=<*>.0userId=<*>",1.0,"<*> D PowerManagerService: ready=true,policy=<*>,wakefulness=<*>,wksummary=<*>,uasummary=<*>,bootcompleted=true,boostinprogress=false,waitmodeenable=false,mode=false,manual=<*>,auto=-<*>,adj=<*>.0userId=<*>",0.7294,"updateIsPoweredLocked: wasPowered=false, mIsPowered=false, oldPlugType=<*>, mPlugType=<*>, mBatteryLevel=<*>",0.5091,65.32,209
201,setLightsOn(true),exact,setLightsOn(true),1.0,"updateLightsLocked,mInCall =false,mScreenOn = true,ledNotification == null<*>",0.6517,"updateLightsLocked,turn off notificationLight",0.5854,63.28,209
202,"setSystemUiVisibility vis=<*> mask=<*> oldVal=<*> newVal=<*> diff=<*> fullscreenStackVis=<*> dockedStackVis=<*>, fullscreenStackBounds=Rect(<*>, <*> - <*>, <*>), dockedStackBounds=Rect(<*>, <*> - <*>, <*>)",exact,"setSystemUiVisibility vis=<*> mask=<*> oldVal=<*> newVal=<*> diff=<*> fullscreenStackVis=<*> dockedStackVis=<*>, fullscreenStackBounds=Rect(<*>, <*> - <*>, <*>), dockedStackBounds=Rect(<*>, <*> - <*>, <*>)",1.0,"<*> I WindowManager: Taking screenshot from Surface with crop:[Rect(<*>, <*> - <*>, <*>)], width:[<*>], height:[<*>], minLayer:[<*>], maxLayer:[<*>], inRotation:[false], rot:[<*>]",0.4978,"overlapAmount:<*>.<*>, previousNotificationEnd:<*>.<*>, newYTranslation:-<*>.<*>, location:<*>, i:<*>, getTopPadding:<*>.<*>, getLocationOnScreen():-<*>",0.4857,68.52,209
203,"userActivityNoUpdateLocked: eventTime=<*>, event=<*>, flags=<*>, uid=<*>",exact,"userActivityNoUpdateLocked: eventTime=<*>, event=<*>, flags=<*>, uid=<*>",1.0,"<*> D PowerManagerService: userActivityNoUpdateLocked: eventTime=<*>, event=<*>, flags=<*>, uid=<*>",0.7739,"cancelNotificationLocked called,tell the app,reason = <*>",0.5343,61.2,209
204,"ready=true,policy=<*>,wakefulness=<*>,wksummary=<*>,uasummary=<*>,bootcompleted=true,boostinprogress=false,waitmodeenable=false,mode=false,manual=<*>,auto=-<*>,adj=<*>.0userId=<*>",exact,"ready=true,policy=<*>,wakefulness=<*>,wksummary=<*>,uasummary=<*>,bootcompleted=true,boostinprogress=false,waitmodeenable=false,mode=false,manual=<*>,auto=-<*>,adj=<*>.0userId=<*>",1.0,"<*> D PowerManagerService: ready=true,policy=<*>,wakefulness=<*>,wksummary=<*>,uasummary=<*>,bootcompleted=true,boostinprogress=false,waitmodeenable=false,mode=false,manual=<*>,auto=-<*>,adj=<*>.0userId=<*>",0.7294,"updateIsPoweredLocked: wasPowered=false, mIsPowered=false, oldPlugType=<*>, mPlugType=<*>, mBatteryLevel=<*>",0.5091,64.49,209
205,getRunningAppProcesses: caller <*> does not hold REAL_GET_TASKS; limiting output,exact,getRunningAppProcesses: caller <*> does not hold REAL_GET_TASKS; limiting output,1.0,getTasks: caller <*> does not hold REAL_GET_TASKS; limiting output,0.8139,<*> W ActivityManager: getRunningAppProcesses: caller <*> does not hold REAL_GET_TASKS; limiting output,0.8118,60.38,209
206,<*><*> <*>:<*>:<*>.<*> <*> <*> W ActivityManager: getRunningAppProcesses: caller <*> does not hold REAL_GET_TASKS; limiting output,exact,<*> W ActivityManager: getRunningAppProcesses: caller <*> does not hold REAL_GET_TASKS; limiting output,1.0,<*> W ActivityManager: getTasks: caller <*> does not hold REAL_GET_TASKS; limiting output,0.9301,getRunningAppProcesses: caller <*> does not hold REAL_GET_TASKS; limiting output,0.8118,62.33,209
207,"userActivityNoUpdateLocked: eventTime=<*>, event=<*>, flags=<*>, uid=<*>",exact,"userActivityNoUpdateLocked: eventTime=<*>, event=<*>, flags=<*>, uid=<*>",1.0,"<*> D PowerManagerService: userActivityNoUpdateLocked: eventTime=<*>, event=<*>, flags=<*>, uid=<*>",0.7739,"cancelNotificationLocked called,tell the app,reason = <*>",0.5343,61.34,209
208,"ready=true,policy=<*>,wakefulness=<*>,wksummary=<*>,uasummary=<*>,bootcompleted=true,boostinprogress=false,waitmodeenable=false,mode=false,manual=<*>,auto=-<*>,adj=<*>.0userId=<*>",exact,"ready=true,policy=<*>,wakefulness=<*>,wksummary=<*>,uasummary=<*>,bootcompleted=true,boostinprogress=false,waitmodeenable=false,mode=false,manual=<*>,auto=-<*>,adj=<*>.0userId=<*>",1.0,"<*> D PowerManagerService: ready=true,policy=<*>,wakefulness=<*>,wksummary=<*>,uasummary=<*>,bootcompleted=true,boostinprogress=false,waitmodeenable=false,mode=false,manual=<*>,auto=-<*>,adj=<*>.0userId=<*>",0.7294,"updateIsPoweredLocked: wasPowered=false, mIsPowered=false, oldPlugType=<*>, mPlugType=<*>, mBatteryLevel=<*>",0.5091,64.22,209
209,setLightsOn(true),exact,setLightsOn(true),1.0,"updateLightsLocked,mInCall =false,mScreenOn = true,ledNotification == null<*>",0.6517,"updateLightsLocked,turn off notificationLight",0.5854,59.71,209
210,"setSystemUiVisibility vis=<*> mask=<*> oldVal=<*> newVal=<*> diff=<*> fullscreenStackVis=<*> dockedStackVis=<*>, fullscreenStackBounds=Rect(<*>, <*> - <*>, <*>), dockedStackBounds=Rect(<*>, <*> - <*>, <*>)",exact,"setSystemUiVisibility vis=<*> mask=<*> oldVal=<*> newVal=<*> diff=<*> fullscreenStackVis=<*> dockedStackVis=<*>, fullscreenStackBounds=Rect(<*>, <*> - <*>, <*>), dockedStackBounds=Rect(<*>, <*> - <*>, <*>)",1.0,"<*> I WindowManager: Taking screenshot from Surface with crop:[Rect(<*>, <*> - <*>, <*>)], width:[<*>], height:[<*>], minLayer:[<*>], maxLayer:[<*>], inRotation:[false], rot:[<*>]",0.4978,"overlapAmount:<*>.<*>, previousNotificationEnd:<*>.<*>, newYTranslation:-<*>.<*>, location:<*>, i:<*>, getTopPadding:<*>.<*>, getLocationOnScreen():-<*>",0.4857,66.42,209
211,setLightsOn(true),exact,setLightsOn(true),1.0,"updateLightsLocked,mInCall =false,mScreenOn = true,ledNotification == null<*>",0.6517,"updateLightsLocked,turn off notificationLight",0.5854,60.05,209
212,"setSystemUiVisibility vis=<*> mask=<*> oldVal=<*> newVal=<*> diff=<*> fullscreenStackVis=<*> dockedStackVis=<*>, fullscreenStackBounds=Rect(<*>, <*> - <*>, <*>), dockedStackBounds=Rect(<*>, <*> - <*>, <*>)",exact,"setSystemUiVisibility vis=<*> mask=<*> oldVal=<*> newVal=<*> diff=<*> fullscreenStackVis=<*> dockedStackVis=<*>, fullscreenStackBounds=Rect(<*>, <*> - <*>, <*>), dockedStackBounds=Rect(<*>, <*> - <*>, <*>)",1.0,"<*> I WindowManager: Taking screenshot from Surface with crop:[Rect(<*>, <*> - <*>, <*>)], width:[<*>], height:[<*>], minLayer:[<*>], maxLayer:[<*>], inRotation:[false], rot:[<*>]",0.4978,"overlapAmount:<*>.<*>, previousNotificationEnd:<*>.<*>, newYTranslation:-<*>.<*>, location:<*>, i:<*>, getTopPadding:<*>.<*>, getLocationOnScreen():-<*>",0.4857,65.34,209
213,setLightsOn(true),exact,setLightsOn(true),1.0,"updateLightsLocked,mInCall =false,mScreenOn = true,ledNotification == null<*>",0.6517,"updateLightsLocked,turn off notificationLight",0.5854,59.76,209
214,"setSystemUiVisibility vis=<*> mask=<*> oldVal=<*> newVal=<*> diff=<*> fullscreenStackVis=<*> dockedStackVis=<*>, fullscreenStackBounds=Rect(<*>, <*> - <*>, <*>), dockedStackBounds=Rect(<*>, <*> - <*>, <*>)",exact,"setSystemUiVisibility vis=<*> mask=<*> oldVal=<*> newVal=<*> diff=<*> fullscreenStackVis=<*> dockedStackVis=<*>, fullscreenStackBounds=Rect(<*>, <*> - <*>, <*>), dockedStackBounds=Rect(<*>, <*> - <*>, <*>)",1.0,"<*> I WindowManager: Taking screenshot from Surface with crop:[Rect(<*>, <*> - <*>, <*>)], width:[<*>], height:[<*>], minLayer:[<*>], maxLayer:[<*>], inRotation:[false], rot:[<*>]",0.4978,"overlapAmount:<*>.<*>, previousNotificationEnd:<*>.<*>, newYTranslation:-<*>.<*>, location:<*>, i:<*>, getTopPadding:<*>.<*>, getLocationOnScreen():-<*>",0.4857,66.51,209
215,<*><*> <*>:<*>:<*>.<*> <*> <*> W ActivityManager: getRunningAppProcesses: caller <*> does not hold REAL_GET_TASKS; limiting output,exact,<*> W ActivityManager: getRunningAppProcesses: caller <*> does not hold REAL_GET_TASKS; limiting output,1.0,<*> W ActivityManager: getTasks: caller <*> does not hold REAL_GET_TASKS; limiting output,0.9301,getRunningAppProcesses: caller <*> does not hold REAL_GET_TASKS; limiting output,0.8118,62.81,209
216,getTasks: caller <*> does not hold REAL_GET_TASKS; limiting output,exact,getTasks: caller <*> does not hold REAL_GET_TASKS; limiting output,1.0,<*> W ActivityManager: getTasks: caller <*> does not hold REAL_GET_TASKS; limiting output,0.8241,getRunningAppProcesses: caller <*> does not hold REAL_GET_TASKS; limiting output,0.8139,60.14,209
217,setLightsOn(true),exact,setLightsOn(true),1.0,"updateLightsLocked,mInCall =false,mScreenOn = true,ledNotification == null<*>",0.6517,"updateLightsLocked,turn off notificationLight",0.5854,59.53,209
218,"setSystemUiVisibility vis=<*> mask=<*> oldVal=<*> newVal=<*> diff=<*> fullscreenStackVis=<*> dockedStackVis=<*>, fullscreenStackBounds=Rect(<*>, <*> - <*>, <*>), dockedStackBounds=Rect(<*>, <*> - <*>, <*>)",exact,"setSystemUiVisibility vis=<*> mask=<*> oldVal=<*> newVal=<*> diff=<*> fullscreenStackVis=<*> dockedStackVis=<*>, fullscreenStackBounds=Rect(<*>, <*> - <*>, <*>), dockedStackBounds=Rect(<*>, <*> - <*>, <*>)",1.0,"<*> I WindowManager: Taking screenshot from Surface with crop:[Rect(<*>, <*> - <*>, <*>)], width:[<*>], height:[<*>], minLayer:[<*>], maxLayer:[<*>], inRotation:[false], rot:[<*>]",0.4978,"overlapAmount:<*>.<*>, previousNotificationEnd:<*>.<*>, newYTranslation:-<*>.<*>, location:<*>, i:<*>, getTopPadding:<*>.<*>, getLocationOnScreen():-<*>",0.4857,65.2,209
219,"userActivityNoUpdateLocked: eventTime=<*>, event=<*>, flags=<*>, uid=<*>",exact,"userActivityNoUpdateLocked: eventTime=<*>, event=<*>, flags=<*>, uid=<*>",1.0,"<*> D PowerManagerService: userActivityNoUpdateLocked: eventTime=<*>, event=<*>, flags=<*>, uid=<*>",0.7739,"cancelNotificationLocked called,tell the app,reason = <*>",0.5343,61.63,209
220,"ready=true,policy=<*>,wakefulness=<*>,wksummary=<*>,uasummary=<*>,bootcompleted=true,boostinprogress=false,waitmodeenable=false,mode=false,manual=<*>,auto=-<*>,adj=<*>.0userId=<*>",exact,"ready=true,policy=<*>,wakefulness=<*>,wksummary=<*>,uasummary=<*>,bootcompleted=true,boostinprogress=false,waitmodeenable=false,mode=false,manual=<*>,auto=-<*>,adj=<*>.0userId=<*>",1.0,"<*> D PowerManagerService: ready=true,policy=<*>,wakefulness=<*>,wksummary=<*>,uasummary=<*>,bootcompleted=true,boostinprogress=false,waitmodeenable=false,mode=false,manual=<*>,auto=-<*>,adj=<*>.0userId=<*>",0.7294,"updateIsPoweredLocked: wasPowered=false, mIsPowered=false, oldPlugType=<*>, mPlugType=<*>, mBatteryLevel=<*>",0.5091,64.84,209
221,setLightsOn(true),exact,setLightsOn(true),1.0,"updateLightsLocked,mInCall =false,mScreenOn = true,ledNotification == null<*>",0.6517,"updateLightsLocked,turn off notificationLight",0.5854,59.89,209
222,"setSystemUiVisibility vis=<*> mask=<*> oldVal=<*> newVal=<*> diff=<*> fullscreenStackVis=<*> dockedStackVis=<*>, fullscreenStackBounds=Rect(<*>, <*> - <*>, <*>), dockedStackBounds=Rect(<*>, <*> - <*>, <*>)",exact,"setSystemUiVisibility vis=<*> mask=<*> oldVal=<*> newVal=<*> diff=<*> fullscreenStackVis=<*> dockedStackVis=<*>, fullscreenStackBounds=Rect(<*>, <*> - <*>, <*>), dockedStackBounds=Rect(<*>, <*> - <*>, <*>)",1.0,"<*> I WindowManager: Taking screenshot from Surface with crop:[Rect(<*>, <*> - <*>, <*>)], width:[<*>], height:[<*>], minLayer:[<*>], maxLayer:[<*>], inRotation:[false], rot:[<*>]",0.4978,"overlapAmount:<*>.<*>, previousNotificationEnd:<*>.<*>, newYTranslation:-<*>.<*>, location:<*>, i:<*>, getTopPadding:<*>.<*>, getLocationOnScreen():-<*>",0.4857,65.02,209
223,setLightsOn(true),exact,setLightsOn(true),1.0,"updateLightsLocked,mInCall =false,mScreenOn = true,ledNotification == null<*>",0.6517,"updateLightsLocked,turn off notificationLight",0.5854,59.9,209
224,"setSystemUiVisibility vis=<*> mask=<*> oldVal=<*> newVal=<*> diff=<*> fullscreenStackVis=<*> dockedStackVis=<*>, fullscreenStackBounds=Rect(<*>, <*> - <*>, <*>), dockedStackBounds=Rect(<*>, <*> - <*>, <*>)",exact,"setSystemUiVisibility vis=<*> mask=<*> oldVal=<*> newVal=<*> diff=<*> fullscreenStackVis=<*> dockedStackVis=<*>, fullscreenStackBounds=Rect(<*>, <*> - <*>, <*>), dockedStackBounds=Rect(<*>, <*> - <*>, <*>)",1.0,"<*> I WindowManager: Taking screenshot from Surface with crop:[Rect(<*>, <*> - <*>, <*>)], width:[<*>], height:[<*>], minLayer:[<*>], maxLayer:[<*>], inRotation:[false], rot:[<*>]",0.4978,"overlapAmount:<*>.<*>, previousNotificationEnd:<*>.<*>, newYTranslation:-<*>.<*>, location:<*>, i:<*>, getTopPadding:<*>.<*>, getLocationOnScreen():-<*>",0.4857,65.2,209
225,<*><*> <*>:<*>:<*>.<*> <*> <*> V AudioManager: isMusicActive...,exact,<*> V AudioManager: isMusicActive...,1.0,<*> V AudioManager: isBluetoothScoOn...,0.8822,<*> V AudioManager: querySoundEffectsEnabled...,0.8451,61.07,209
226,setLightsOn(true),exact,setLightsOn(true),1.0,"updateLightsLocked,mInCall =false,mScreenOn = true,ledNotification == null<*>",0.6517,"updateLightsLocked,turn off notificationLight",0.5854,59.63,209
227,"setSystemUiVisibility vis=<*> mask=<*> oldVal=<*> newVal=<*> diff=<*> fullscreenStackVis=<*> dockedStackVis=<*>, fullscreenStackBounds=Rect(<*>, <*> - <*>, <*>), dockedStackBounds=Rect(<*>, <*> - <*>, <*>)",exact,"setSystemUiVisibility vis=<*> mask=<*> oldVal=<*> newVal=<*> diff=<*> fullscreenStackVis=<*> dockedStackVis=<*>, fullscreenStackBounds=Rect(<*>, <*> - <*>, <*>), dockedStackBounds=Rect(<*>, <*> - <*>, <*>)",1.0,"<*> I WindowManager: Taking screenshot from Surface with crop:[Rect(<*>, <*> - <*>, <*>)], width:[<*>], height:[<*>], minLayer:[<*>], maxLayer:[<*>], inRotation:[false], rot:[<*>]",0.4978,"overlapAmount:<*>.<*>, previousNotificationEnd:<*>.<*>, newYTranslation:-<*>.<*>, location:<*>, i:<*>, getTopPadding:<*>.<*>, getLocationOnScreen():-<*>",0.4857,65.47,209
228,setLightsOn(true),exact,setLightsOn(true),1.0,"updateLightsLocked,mInCall =false,mScreenOn = true,ledNotification == null<*>",0.6517,"updateLightsLocked,turn off notificationLight",0.5854,60.29,209
229,"setSystemUiVisibility vis=<*> mask=<*> oldVal=<*> newVal=<*> diff=<*> fullscreenStackVis=<*> dockedStackVis=<*>, fullscreenStackBounds=Rect(<*>, <*> - <*>, <*>), dockedStackBounds=Rect(<*>, <*> - <*>, <*>)",exact,"setSystemUiVisibility vis=<*> mask=<*> oldVal=<*> newVal=<*> diff=<*> fullscreenStackVis=<*> dockedStackVis=<*>, fullscreenStackBounds=Rect(<*>, <*> - <*>, <*>), dockedStackBounds=Rect(<*>, <*> - <*>, <*>)",1.0,"<*> I WindowManager: Taking screenshot from Surface with crop:[Rect(<*>, <*> - <*>, <*>)], width:[<*>], height:[<*>], minLayer:[<*>], maxLayer:[<*>], inRotation:[false], rot:[<*>]",0.4978,"overlapAmount:<*>.<*>, previousNotificationEnd:<*>.<*>, newYTranslation:-<*>.<*>, location:<*>, i:<*>, getTopPadding:<*>.<*>, getLocationOnScreen():-<*>",0.4857,65.42,209
230,setLightsOn(true),exact,setLightsOn(true),1.0,"updateLightsLocked,mInCall =false,mScreenOn = true,ledNotification == null<*>",0.6517,"updateLightsLocked,turn off notificationLight",0.5854,60.13,209
231,"setSystemUiVisibility vis=<*> mask=<*> oldVal=<*> newVal=<*> diff=<*> fullscreenStackVis=<*> dockedStackVis=<*>, fullscreenStackBounds=Rect(<*>, <*> - <*>, <*>), dockedStackBounds=Rect(<*>, <*> - <*>, <*>)",exact,"setSystemUiVisibility vis=<*> mask=<*> oldVal=<*> newVal=<*> diff=<*> fullscreenStackVis=<*> dockedStackVis=<*>, fullscreenStackBounds=Rect(<*>, <*> - <*>, <*>), dockedStackBounds=Rect(<*>, <*> - <*>, <*>)",1.0,"<*> I WindowManager: Taking screenshot from Surface with crop:[Rect(<*>, <*> - <*>, <*>)], width:[<*>], height:[<*>], minLayer:[<*>], maxLayer:[<*>], inRotation:[false], rot:[<*>]",0.4978,"overlapAmount:<*>.<*>, previousNotificationEnd:<*>.<*>, newYTranslation:-<*>.<*>, location:<*>, i:<*>, getTopPadding:<*>.<*>, getLocationOnScreen():-<*>",0.4857,65.28,209
232,setLightsOn(true),exact,setLightsOn(true),1.0,"updateLightsLocked,mInCall =false,mScreenOn = true,ledNotification == null<*>",0.6517,"updateLightsLocked,turn off notificationLight",0.5854,59.83,209
233,"setSystemUiVisibility vis=<*> mask=<*> oldVal=<*> newVal=<*> diff=<*> fullscreenStackVis=<*> dockedStackVis=<*>, fullscreenStackBounds=Rect(<*>, <*> - <*>, <*>), dockedStackBounds=Rect(<*>, <*> - <*>, <*>)",exact,"setSystemUiVisibility vis=<*> mask=<*> oldVal=<*> newVal=<*> diff=<*> fullscreenStackVis=<*> dockedStackVis=<*>, fullscreenStackBounds=Rect(<*>, <*> - <*>, <*>), dockedStackBounds=Rect(<*>, <*> - <*>, <*>)",1.0,"<*> I WindowManager: Taking screenshot from Surface with crop:[Rect(<*>, <*> - <*>, <*>)], width:[<*>], height:[<*>], minLayer:[<*>], maxLayer:[<*>], inRotation:[false], rot:[<*>]",0.4978,"overlapAmount:<*>.<*>, previousNotificationEnd:<*>.<*>, newYTranslation:-<*>.<*>, location:<*>, i:<*>, getTopPadding:<*>.<*>, getLocationOnScreen():-<*>",0.4857,67.14,209
234,"userActivityNoUpdateLocked: eventTime=<*>, event=<*>, flags=<*>, uid=<*>",exact,"userActivityNoUpdateLocked: eventTime=<*>, event=<*>, flags=<*>, uid=<*>",1.0,"<*> D PowerManagerService: userActivityNoUpdateLocked: eventTime=<*>, event=<*>, flags=<*>, uid=<*>",0.7739,"cancelNotificationLocked called,tell the app,reason = <*>",0.5343,61.87,209
235,"ready=true,policy=<*>,wakefulness=<*>,wksummary=<*>,uasummary=<*>,bootcompleted=true,boostinprogress=false,waitmodeenable=false,mode=false,manual=<*>,auto=-<*>,adj=<*>.0userId=<*>",exact,"ready=true,policy=<*>,wakefulness=<*>,wksummary=<*>,uasummary=<*>,bootcompleted=true,boostinprogress=false,waitmodeenable=false,mode=false,manual=<*>,auto=-<*>,adj=<*>.0userId=<*>",1.0,"<*> D PowerManagerService: ready=true,policy=<*>,wakefulness=<*>,wksummary=<*>,uasummary=<*>,bootcompleted=true,boostinprogress=false,waitmodeenable=false,mode=false,manual=<*>,auto=-<*>,adj=<*>.0userId=<*>",0.7294,"updateIsPoweredLocked: wasPowered=false, mIsPowered=false, oldPlugType=<*>, mPlugType=<*>, mBatteryLevel=<*>",0.5091,65.34,209
236,setLightsOn(true),exact,setLightsOn(true),1.0,"updateLightsLocked,mInCall =false,mScreenOn = true,ledNotification == null<*>",0.6517,"updateLightsLocked,turn off notificationLight",0.5854,60.87,209
237,"setSystemUiVisibility vis=<*> mask=<*> oldVal=<*> newVal=<*> diff=<*> fullscreenStackVis=<*> dockedStackVis=<*>, fullscreenStackBounds=Rect(<*>, <*> - <*>, <*>), dockedStackBounds=Rect(<*>, <*> - <*>, <*>)",exact,"setSystemUiVisibility vis=<*> mask=<*> oldVal=<*> newVal=<*> diff=<*> fullscreenStackVis=<*> dockedStackVis=<*>, fullscreenStackBounds=Rect(<*>, <*> - <*>, <*>), dockedStackBounds=Rect(<*>, <*> - <*>, <*>)",1.0,"<*> I WindowManager: Taking screenshot from Surface with crop:[Rect(<*>, <*> - <*>, <*>)], width:[<*>], height:[<*>], minLayer:[<*>], maxLayer:[<*>], inRotation:[false], rot:[<*>]",0.4978,"overlapAmount:<*>.<*>, previousNotificationEnd:<*>.<*>, newYTranslation:-<*>.<*>, location:<*>, i:<*>, getTopPadding:<*>.<*>, getLocationOnScreen():-<*>",0.4857,65.71,209
238,setLightsOn(true),exact,setLightsOn(true),1.0,"updateLightsLocked,mInCall =false,mScreenOn = true,ledNotification == null<*>",0.6517,"updateLightsLocked,turn off notificationLight",0.5854,60.58,209
239,"setSystemUiVisibility vis=<*> mask=<*> oldVal=<*> newVal=<*> diff=<*> fullscreenStackVis=<*> dockedStackVis=<*>, fullscreenStackBounds=Rect(<*>, <*> - <*>, <*>), dockedStackBounds=Rect(<*>, <*> - <*>, <*>)",exact,"setSystemUiVisibility vis=<*> mask=<*> oldVal=<*> newVal=<*> diff=<*> fullscreenStackVis=<*> dockedStackVis=<*>, fullscreenStackBounds=Rect(<*>, <*> - <*>, <*>), dockedStackBounds=Rect(<*>, <*> - <*>, <*>)",1.0,"<*> I WindowManager: Taking screenshot from Surface with crop:[Rect(<*>, <*> - <*>, <*>)], width:[<*>], height:[<*>], minLayer:[<*>], maxLayer:[<*>], inRotation:[false], rot:[<*>]",0.4978,"overlapAmount:<*>.<*>, previousNotificationEnd:<*>.<*>, newYTranslation:-<*>.<*>, location:<*>, i:<*>, getTopPadding:<*>.<*>, getLocationOnScreen():-<*>",0.4857,66.39,209
240,"userActivityNoUpdateLocked: eventTime=<*>, event=<*>, flags=<*>, uid=<*>",exact,"userActivityNoUpdateLocked: eventTime=<*>, event=<*>, flags=<*>, uid=<*>",1.0,"<*> D PowerManagerService: userActivityNoUpdateLocked: eventTime=<*>, event=<*>, flags=<*>, uid=<*>",0.7739,"cancelNotificationLocked called,tell the app,reason = <*>",0.5343,62.11,209
241,"ready=true,policy=<*>,wakefulness=<*>,wksummary=<*>,uasummary=<*>,bootcompleted=true,boostinprogress=false,waitmodeenable=false,mode=false,manual=<*>,auto=-<*>,adj=<*>.0userId=<*>",exact,"ready=true,policy=<*>,wakefulness=<*>,wksummary=<*>,uasummary=<*>,bootcompleted=true,boostinprogress=false,waitmodeenable=false,mode=false,manual=<*>,auto=-<*>,adj=<*>.0userId=<*>",1.0,"<*> D PowerManagerService: ready=true,policy=<*>,wakefulness=<*>,wksummary=<*>,uasummary=<*>,bootcompleted=true,boostinprogress=false,waitmodeenable=false,mode=false,manual=<*>,auto=-<*>,adj=<*>.0userId=<*>",0.7294,"updateIsPoweredLocked: wasPowered=false, mIsPowered=false, oldPlugType=<*>, mPlugType=<*>, mBatteryLevel=<*>",0.5091,65.42,209
242,setLightsOn(true),exact,setLightsOn(true),1.0,"updateLightsLocked,mInCall =false,mScreenOn = true,ledNotification == null<*>",0.6517,"updateLightsLocked,turn off notificationLight",0.5854,60.88,209
243,"setSystemUiVisibility vis=<*> mask=<*> oldVal=<*> newVal=<*> diff=<*> fullscreenStackVis=<*> dockedStackVis=<*>, fullscreenStackBounds=Rect(<*>, <*> - <*>, <*>), dockedStackBounds=Rect(<*>, <*> - <*>, <*>)",exact,"setSystemUiVisibility vis=<*> mask=<*> oldVal=<*> newVal=<*> diff=<*> fullscreenStackVis=<*> dockedStackVis=<*>, fullscreenStackBounds=Rect(<*>, <*> - <*>, <*>), dockedStackBounds=Rect(<*>, <*> - <*>, <*>)",1.0,"<*> I WindowManager: Taking screenshot from Surface with crop:[Rect(<*>, <*> - <*>, <*>)], width:[<*>], height:[<*>], minLayer:[<*>], maxLayer:[<*>], inRotation:[false], rot:[<*>]",0.4978,"overlapAmount:<*>.<*>, previousNotificationEnd:<*>.<*>, newYTranslation:-<*>.<*>, location:<*>, i:<*>, getTopPadding:<*>.<*>, getLocationOnScreen():-<*>",0.4857,65.97,209
244,"userActivityNoUpdateLocked: eventTime=<*>, event=<*>, flags=<*>, uid=<*>",exact,"userActivityNoUpdateLocked: eventTime=<*>, event=<*>, flags=<*>, uid=<*>",1.0,"<*> D PowerManagerService: userActivityNoUpdateLocked: eventTime=<*>, event=<*>, flags=<*>, uid=<*>",0.7739,"cancelNotificationLocked called,tell the app,reason = <*>",0.5343,61.71,209
245,"ready=true,policy=<*>,wakefulness=<*>,wksummary=<*>,uasummary=<*>,bootcompleted=true,boostinprogress=false,waitmodeenable=false,mode=false,manual=<*>,auto=-<*>,adj=<*>.0userId=<*>",exact,"ready=true,policy=<*>,wakefulness=<*>,wksummary=<*>,uasummary=<*>,bootcompleted=true,boostinprogress=false,waitmodeenable=false,mode=false,manual=<*>,auto=-<*>,adj=<*>.0userId=<*>",1.0,"<*> D PowerManagerService: ready=true,policy=<*>,wakefulness=<*>,wksummary=<*>,uasummary=<*>,bootcompleted=true,boostinprogress=false,waitmodeenable=false,mode=false,manual=<*>,auto=-<*>,adj=<*>.0userId=<*>",0.7294,"updateIsPoweredLocked: wasPowered=false, mIsPowered=false, oldPlugType=<*>, mPlugType=<*>, mBatteryLevel=<*>",0.5091,64.02,209
246,HBM brightnessIn =<*>,exact,HBM brightnessIn =<*>,1.0,HBM brightnessOut =<*>,0.9267,"Animating brightness: target=<*>, rate=<*>",0.5363,60.57,209
247,HBM brightnessOut =<*>,exact,HBM brightnessOut =<*>,1.0,HBM brightnessIn =<*>,0.9267,"Animating brightness: target=<*>, rate=<*>",0.4981,60.53,209
248,"Animating brightness: target=<*>, rate=<*>",exact,"Animating brightness: target=<*>, rate=<*>",1.0,HBM brightnessIn =<*>,0.5363,HBM brightnessOut =<*>,0.4981,60.51,209
249,setLightsOn(true),exact,setLightsOn(true),1.0,"updateLightsLocked,mInCall =false,mScreenOn = true,ledNotification == null<*>",0.6517,"updateLightsLocked,turn off notificationLight",0.5854,60.61,209
250,"setSystemUiVisibility vis=<*> mask=<*> oldVal=<*> newVal=<*> diff=<*> fullscreenStackVis=<*> dockedStackVis=<*>, fullscreenStackBounds=Rect(<*>, <*> - <*>, <*>), dockedStackBounds=Rect(<*>, <*> - <*>, <*>)",exact,"setSystemUiVisibility vis=<*> mask=<*> oldVal=<*> newVal=<*> diff=<*> fullscreenStackVis=<*> dockedStackVis=<*>, fullscreenStackBounds=Rect(<*>, <*> - <*>, <*>), dockedStackBounds=Rect(<*>, <*> - <*>, <*>)",1.0,"<*> I WindowManager: Taking screenshot from Surface with crop:[Rect(<*>, <*> - <*>, <*>)], width:[<*>], height:[<*>], minLayer:[<*>], maxLayer:[<*>], inRotation:[false], rot:[<*>]",0.4978,"overlapAmount:<*>.<*>, previousNotificationEnd:<*>.<*>, newYTranslation:-<*>.<*>, location:<*>, i:<*>, getTopPadding:<*>.<*>, getLocationOnScreen():-<*>",0.4857,66.12,209
251,setLightsOn(true),exact,setLightsOn(true),1.0,"updateLightsLocked,mInCall =false,mScreenOn = true,ledNotification == null<*>",0.6517,"updateLightsLocked,turn off notificationLight",0.5854,60.91,209
252,"setSystemUiVisibility vis=<*> mask=<*> oldVal=<*> newVal=<*> diff=<*> fullscreenStackVis=<*> dockedStackVis=<*>, fullscreenStackBounds=Rect(<*>, <*> - <*>, <*>), dockedStackBounds=Rect(<*>, <*> - <*>, <*>)",exact,"setSystemUiVisibility vis=<*> mask=<*> oldVal=<*> newVal=<*> diff=<*> fullscreenStackVis=<*> dockedStackVis=<*>, fullscreenStackBounds=Rect(<*>, <*> - <*>, <*>), dockedStackBounds=Rect(<*>, <*> - <*>, <*>)",1.0,"<*> I WindowManager: Taking screenshot from Surface with crop:[Rect(<*>, <*> - <*>, <*>)], width:[<*>], height:[<*>], minLayer:[<*>], maxLayer:[<*>], inRotation:[false], rot:[<*>]",0.4978,"overlapAmount:<*>.<*>, previousNotificationEnd:<*>.<*>, newYTranslation:-<*>.<*>, location:<*>, i:<*>, getTopPadding:<*>.<*>, getLocationOnScreen():-<*>",0.4857,66.68,209
253,HBM brightnessIn =<*>,exact,HBM brightnessIn =<*>,1.0,HBM brightnessOut =<*>,0.9267,"Animating brightness: target=<*>, rate=<*>",0.5363,60.59,209
254,HBM brightnessOut =<*>,exact,HBM brightnessOut =<*>,1.0,HBM brightnessIn =<*>,0.9267,"Animating brightness: target=<*>, rate=<*>",0.4981,78.99,209
255,"Animating brightness: target=<*>, rate=<*>",exact,"Animating brightness: target=<*>, rate=<*>",1.0,HBM brightnessIn =<*>,0.5363,HBM brightnessOut =<*>,0.4981,60.19,209
256,"userActivityNoUpdateLocked: eventTime=<*>, event=<*>, flags=<*>, uid=<*>",exact,"userActivityNoUpdateLocked: eventTime=<*>, event=<*>, flags=<*>, uid=<*>",1.0,"<*> D PowerManagerService: userActivityNoUpdateLocked: eventTime=<*>, event=<*>, flags=<*>, uid=<*>",0.7739,"cancelNotificationLocked called,tell the app,reason = <*>",0.5343,60.8,209
257,"ready=true,policy=<*>,wakefulness=<*>,wksummary=<*>,uasummary=<*>,bootcompleted=true,boostinprogress=false,waitmodeenable=false,mode=false,manual=<*>,auto=-<*>,adj=<*>.0userId=<*>",exact,"ready=true,policy=<*>,wakefulness=<*>,wksummary=<*>,uasummary=<*>,bootcompleted=true,boostinprogress=false,waitmodeenable=false,mode=false,manual=<*>,auto=-<*>,adj=<*>.0userId=<*>",1.0,"<*> D PowerManagerService: ready=true,policy=<*>,wakefulness=<*>,wksummary=<*>,uasummary=<*>,bootcompleted=true,boostinprogress=false,waitmodeenable=false,mode=false,manual=<*>,auto=-<*>,adj=<*>.0userId=<*>",0.7294,"updateIsPoweredLocked: wasPowered=false, mIsPowered=false, oldPlugType=<*>, mPlugType=<*>, mBatteryLevel=<*>",0.5091,65.02,209
258,setLightsOn(true),exact,setLightsOn(true),1.0,"updateLightsLocked,mInCall =false,mScreenOn = true,ledNotification == null<*>",0.6517,"updateLightsLocked,turn off notificationLight",0.5854,61.03,209
259,"setSystemUiVisibility vis=<*> mask=<*> oldVal=<*> newVal=<*> diff=<*> fullscreenStackVis=<*> dockedStackVis=<*>, fullscreenStackBounds=Rect(<*>, <*> - <*>, <*>), dockedStackBounds=Rect(<*>, <*> - <*>, <*>)",exact,"setSystemUiVisibility vis=<*> mask=<*> oldVal=<*> newVal=<*> diff=<*> fullscreenStackVis=<*> dockedStackVis=<*>, fullscreenStackBounds=Rect(<*>, <*> - <*>, <*>), dockedStackBounds=Rect(<*>, <*> - <*>, <*>)",1.0,"<*> I WindowManager: Taking screenshot from Surface with crop:[Rect(<*>, <*> - <*>, <*>)], width:[<*>], height:[<*>], minLayer:[<*>], maxLayer:[<*>], inRotation:[false], rot:[<*>]",0.4978,"overlapAmount:<*>.<*>, previousNotificationEnd:<*>.<*>, newYTranslation:-<*>.<*>, location:<*>, i:<*>, getTopPadding:<*>.<*>, getLocationOnScreen():-<*>",0.4857,66.61,209
260,setLightsOn(true),exact,setLightsOn(true),1.0,"updateLightsLocked,mInCall =false,mScreenOn = true,ledNotification == null<*>",0.6517,"updateLightsLocked,turn off notificationLight",0.5854,61.03,209
261,"setSystemUiVisibility vis=<*> mask=<*> oldVal=<*> newVal=<*> diff=<*> fullscreenStackVis=<*> dockedStackVis=<*>, fullscreenStackBounds=Rect(<*>, <*> - <*>, <*>), dockedStackBounds=Rect(<*>, <*> - <*>, <*>)",exact,"setSystemUiVisibility vis=<*> mask=<*> oldVal=<*> newVal=<*> diff=<*> fullscreenStackVis=<*> dockedStackVis=<*>, fullscreenStackBounds=Rect(<*>, <*> - <*>, <*>), dockedStackBounds=Rect(<*>, <*> - <*>, <*>)",1.0,"<*> I WindowManager: Taking screenshot from Surface with crop:[Rect(<*>, <*> - <*>, <*>)], width:[<*>], height:[<*>], minLayer:[<*>], maxLayer:[<*>], inRotation:[false], rot:[<*>]",0.4978,"overlapAmount:<*>.<*>, previousNotificationEnd:<*>.<*>, newYTranslation:-<*>.<*>, location:<*>, i:<*>, getTopPadding:<*>.<*>, getLocationOnScreen():-<*>",0.4857,67.22,209
262,HBM brightnessIn =<*>,exact,HBM brightnessIn =<*>,1.0,HBM brightnessOut =<*>,0.9267,"Animating brightness: target=<*>, rate=<*>",0.5363,60.64,209
263,HBM brightnessOut =<*>,exact,HBM brightnessOut =<*>,1.0,HBM brightnessIn =<*>,0.9267,"Animating brightness: target=<*>, rate=<*>",0.4981,60.41,209
264,"Animating brightness: target=<*>, rate=<*>",exact,"Animating brightness: target=<*>, rate=<*>",1.0,HBM brightnessIn =<*>,0.5363,HBM brightnessOut =<*>,0.4981,60.28,209
265,setLightsOn(true),exact,setLightsOn(true),1.0,"updateLightsLocked,mInCall =false,mScreenOn = true,ledNotification == null<*>",0.6517,"updateLightsLocked,turn off notificationLight",0.5854,60.26,209
266,"setSystemUiVisibility vis=<*> mask=<*> oldVal=<*> newVal=<*> diff=<*> fullscreenStackVis=<*> dockedStackVis=<*>, fullscreenStackBounds=Rect(<*>, <*> - <*>, <*>), dockedStackBounds=Rect(<*>, <*> - <*>, <*>)",exact,"setSystemUiVisibility vis=<*> mask=<*> oldVal=<*> newVal=<*> diff=<*> fullscreenStackVis=<*> dockedStackVis=<*>, fullscreenStackBounds=Rect(<*>, <*> - <*>, <*>), dockedStackBounds=Rect(<*>, <*> - <*>, <*>)",1.0,"<*> I WindowManager: Taking screenshot from Surface with crop:[Rect(<*>, <*> - <*>, <*>)], width:[<*>], height:[<*>], minLayer:[<*>], maxLayer:[<*>], inRotation:[false], rot:[<*>]",0.4978,"overlapAmount:<*>.<*>, previousNotificationEnd:<*>.<*>, newYTranslation:-<*>.<*>, location:<*>, i:<*>, getTopPadding:<*>.<*>, getLocationOnScreen():-<*>",0.4857,66.42,209
267,setLightsOn(true),exact,setLightsOn(true),1.0,"updateLightsLocked,mInCall =false,mScreenOn = true,ledNotification == null<*>",0.6517,"updateLightsLocked,turn off notificationLight",0.5854,60.85,209
268,"setSystemUiVisibility vis=<*> mask=<*> oldVal=<*> newVal=<*> diff=<*> fullscreenStackVis=<*> dockedStackVis=<*>, fullscreenStackBounds=Rect(<*>, <*> - <*>, <*>), dockedStackBounds=Rect(<*>, <*> - <*>, <*>)",exact,"setSystemUiVisibility vis=<*> mask=<*> oldVal=<*> newVal=<*> diff=<*> fullscreenStackVis=<*> dockedStackVis=<*>, fullscreenStackBounds=Rect(<*>, <*> - <*>, <*>), dockedStackBounds=Rect(<*>, <*> - <*>, <*>)",1.0,"<*> I WindowManager: Taking screenshot from Surface with crop:[Rect(<*>, <*> - <*>, <*>)], width:[<*>], height:[<*>], minLayer:[<*>], maxLayer:[<*>], inRotation:[false], rot:[<*>]",0.4978,"overlapAmount:<*>.<*>, previousNotificationEnd:<*>.<*>, newYTranslation:-<*>.<*>, location:<*>, i:<*>, getTopPadding:<*>.<*>, getLocationOnScreen():-<*>",0.4857,66.22,209
269,HBM brightnessIn =<*>,exact,HBM brightnessIn =<*>,1.0,HBM brightnessOut =<*>,0.9267,"Animating brightness: target=<*>, rate=<*>",0.5363,60.75,209
270,HBM brightnessOut =<*>,exact,HBM brightnessOut =<*>,1.0,HBM brightnessIn =<*>,0.9267,"Animating brightness: target=<*>, rate=<*>",0.4981,60.31,209
271,"Animating brightness: target=<*>, rate=<*>",exact,"Animating brightness: target=<*>, rate=<*>",1.0,HBM brightnessIn =<*>,0.5363,HBM brightnessOut =<*>,0.4981,60.65,209
272,"userActivityNoUpdateLocked: eventTime=<*>, event=<*>, flags=<*>, uid=<*>",exact,"userActivityNoUpdateLocked: eventTime=<*>, event=<*>, flags=<*>, uid=<*>",1.0,"<*> D PowerManagerService: userActivityNoUpdateLocked: eventTime=<*>, event=<*>, flags=<*>, uid=<*>",0.7739,"cancelNotificationLocked called,tell the app,reason = <*>",0.5343,61.44,209
273,"ready=true,policy=<*>,wakefulness=<*>,wksummary=<*>,uasummary=<*>,bootcompleted=true,boostinprogress=false,waitmodeenable=false,mode=false,manual=<*>,auto=-<*>,adj=<*>.0userId=<*>",exact,"ready=true,policy=<*>,wakefulness=<*>,wksummary=<*>,uasummary=<*>,bootcompleted=true,boostinprogress=false,waitmodeenable=false,mode=false,manual=<*>,auto=-<*>,adj=<*>.0userId=<*>",1.0,"<*> D PowerManagerService: ready=true,policy=<*>,wakefulness=<*>,wksummary=<*>,uasummary=<*>,bootcompleted=true,boostinprogress=false,waitmodeenable=false,mode=false,manual=<*>,auto=-<*>,adj=<*>.0userId=<*>",0.7294,"updateIsPoweredLocked: wasPowered=false, mIsPowered=false, oldPlugType=<*>, mPlugType=<*>, mBatteryLevel=<*>",0.5091,64.74,209
274,setLightsOn(true),exact,setLightsOn(true),1.0,"updateLightsLocked,mInCall =false,mScreenOn = true,ledNotification == null<*>",0.6517,"updateLightsLocked,turn off notificationLight",0.5854,60.57,209
275,"setSystemUiVisibility vis=<*> mask=<*> oldVal=<*> newVal=<*> diff=<*> fullscreenStackVis=<*> dockedStackVis=<*>, fullscreenStackBounds=Rect(<*>, <*> - <*>, <*>), dockedStackBounds=Rect(<*>, <*> - <*>, <*>)",exact,"setSystemUiVisibility vis=<*> mask=<*> oldVal=<*> newVal=<*> diff=<*> fullscreenStackVis=<*> dockedStackVis=<*>, fullscreenStackBounds=Rect(<*>, <*> - <*>, <*>), dockedStackBounds=Rect(<*>, <*> - <*>, <*>)",1.0,"<*> I WindowManager: Taking screenshot from Surface with crop:[Rect(<*>, <*> - <*>, <*>)], width:[<*>], height:[<*>], minLayer:[<*>], maxLayer:[<*>], inRotation:[false], rot:[<*>]",0.4978,"overlapAmount:<*>.<*>, previousNotificationEnd:<*>.<*>, newYTranslation:-<*>.<*>, location:<*>, i:<*>, getTopPadding:<*>.<*>, getLocationOnScreen():-<*>",0.4857,66.35,209
276,HBM brightnessIn =<*>,exact,HBM brightnessIn =<*>,1.0,HBM brightnessOut =<*>,0.9267,"Animating brightness: target=<*>, rate=<*>",0.5363,60.79,209
277,HBM brightnessOut =<*>,exact,HBM brightnessOut =<*>,1.0,HBM brightnessIn =<*>,0.9267,"Animating brightness: target=<*>, rate=<*>",0.4981,60.96,209
278,"Animating brightness: target=<*>, rate=<*>",exact,"Animating brightness: target=<*>, rate=<*>",1.0,HBM brightnessIn =<*>,0.5363,HBM brightnessOut =<*>,0.4981,60.53,209
279,HBM brightnessIn =<*>,exact,HBM brightnessIn =<*>,1.0,HBM brightnessOut =<*>,0.9267,"Animating brightness: target=<*>, rate=<*>",0.5363,60.35,209
280,HBM brightnessOut =<*>,exact,HBM brightnessOut =<*>,1.0,HBM brightnessIn =<*>,0.9267,"Animating brightness: target=<*>, rate=<*>",0.4981,60.18,209
281,"Animating brightness: target=<*>, rate=<*>",exact,"Animating brightness: target=<*>, rate=<*>",1.0,HBM brightnessIn =<*>,0.5363,HBM brightnessOut =<*>,0.4981,60.36,209
282,HBM brightnessIn =<*>,exact,HBM brightnessIn =<*>,1.0,HBM brightnessOut =<*>,0.9267,"Animating brightness: target=<*>, rate=<*>",0.5363,60.22,209
283,HBM brightnessOut =<*>,exact,HBM brightnessOut =<*>,1.0,HBM brightnessIn =<*>,0.9267,"Animating brightness: target=<*>, rate=<*>",0.4981,60.47,209
284,"Animating brightness: target=<*>, rate=<*>",exact,"Animating brightness: target=<*>, rate=<*>",1.0,HBM brightnessIn =<*>,0.5363,HBM brightnessOut =<*>,0.4981,60.3,209
285,"userActivityNoUpdateLocked: eventTime=<*>, event=<*>, flags=<*>, uid=<*>",exact,"userActivityNoUpdateLocked: eventTime=<*>, event=<*>, flags=<*>, uid=<*>",1.0,"<*> D PowerManagerService: userActivityNoUpdateLocked: eventTime=<*>, event=<*>, flags=<*>, uid=<*>",0.7739,"cancelNotificationLocked called,tell the app,reason = <*>",0.5343,61.44,209
286,"ready=true,policy=<*>,wakefulness=<*>,wksummary=<*>,uasummary=<*>,bootcompleted=true,boostinprogress=false,waitmodeenable=false,mode=false,manual=<*>,auto=-<*>,adj=<*>.0userId=<*>",exact,"ready=true,policy=<*>,wakefulness=<*>,wksummary=<*>,uasummary=<*>,bootcompleted=true,boostinprogress=false,waitmodeenable=false,mode=false,manual=<*>,auto=-<*>,adj=<*>.0userId=<*>",1.0,"<*> D PowerManagerService: ready=true,policy=<*>,wakefulness=<*>,wksummary=<*>,uasummary=<*>,bootcompleted=true,boostinprogress=false,waitmodeenable=false,mode=false,manual=<*>,auto=-<*>,adj=<*>.0userId=<*>",0.7294,"updateIsPoweredLocked: wasPowered=false, mIsPowered=false, oldPlugType=<*>, mPlugType=<*>, mBatteryLevel=<*>",0.5091,64.72,209
287,"sending alarm Alarm{<*> type <*> when <*> PendingIntent{<*>: PendingIntentRecord{<*> android broadcastIntent}}},repeatInterval = <*>,listenerTag =time_tick",exact,"sending alarm Alarm{<*> type <*> when <*> PendingIntent{<*>: PendingIntentRecord{<*> android broadcastIntent}}},repeatInterval = <*>,listenerTag =time_tick",1.0,"sending alarm Alarm{<*> type <*> when <*> PendingIntent{<*>: PendingIntentRecord{<*> com.android.phone<*> broadcastIntent}}},repeatInterval = <*>,listenerTag =null",0.9124,Received TIME_TICK alarm; rescheduling,0.5769,63.13,209
288,"ready=true,policy=<*>,wakefulness=<*>,wksummary=<*>,uasummary=<*>,bootcompleted=true,boostinprogress=false,waitmodeenable=false,mode=false,manual=<*>,auto=-<*>,adj=<*>.0userId=<*>",exact,"ready=true,policy=<*>,wakefulness=<*>,wksummary=<*>,uasummary=<*>,bootcompleted=true,boostinprogress=false,waitmodeenable=false,mode=false,manual=<*>,auto=-<*>,adj=<*>.0userId=<*>",1.0,"<*> D PowerManagerService: ready=true,policy=<*>,wakefulness=<*>,wksummary=<*>,uasummary=<*>,bootcompleted=true,boostinprogress=false,waitmodeenable=false,mode=false,manual=<*>,auto=-<*>,adj=<*>.0userId=<*>",0.7294,"updateIsPoweredLocked: wasPowered=false, mIsPowered=false, oldPlugType=<*>, mPlugType=<*>, mBatteryLevel=<*>",0.5091,65.28,209
289,"Acquiring suspend blocker ""PowerManagerService.WakeLocks"".",exact,"Acquiring suspend blocker ""PowerManagerService.WakeLocks"".",1.0,"Releasing suspend blocker ""PowerManagerService.WakeLocks"".",0.91,"<*> D PowerManagerService: <*> suspend blocker ""PowerManagerService.WakeLocks"".",0.8761,60.93,209
290,Received TIME_TICK alarm; rescheduling,exact,Received TIME_TICK alarm; rescheduling,1.0,"sending alarm Alarm{<*> type <*> when <*> PendingIntent{<*>: PendingIntentRecord{<*> android broadcastIntent}}},repeatInterval = <*>,listenerTag =time_tick",0.5769,"sending alarm Alarm{<*> type <*> when <*> PendingIntent{<*>: PendingIntentRecord{<*> com.android.phone<*> broadcastIntent}}},repeatInterval = <*>,listenerTag =null",0.5085,60.32,209
291,scheduleTimeTickEvent triggerAtTime = <*>,exact,scheduleTimeTickEvent triggerAtTime = <*>,1.0,Received TIME_TICK alarm; rescheduling,0.4689,"sending alarm Alarm{<*> type <*> when <*> PendingIntent{<*>: PendingIntentRecord{<*> android broadcastIntent}}},repeatInterval = <*>,listenerTag =time_tick",0.4084,60.34,209
292,"updateClipping isOverlap:false, getTopPadding=<*>.<*>, Translation=<*>.<*>",exact,"updateClipping isOverlap<*> getTopPadding=<*>.<*>, Translation<*>",0.9985,"release:lock=<*>, flg=<*>, tag=""RILJ_ACK_WL"", name=<*>"", ws=null, uid=<*>, pid=<*>",0.4443,"updateIsPoweredLocked: wasPowered=false, mIsPowered=false, oldPlugType=<*>, mPlugType=<*>, mBatteryLevel=<*>",0.4386,60.86,209
293,updateDimmedActivatedHideSensitive overlap:false,exact,updateDimmedActivatedHideSensitive overlap<*>,0.9997,resumeSuspendedAutohide,0.5479,suspendAutohide,0.5116,60.96,209
294,"updateClipping isOverlap:false, getTopPadding=<*>.<*>, Translation=<*>.<*>",exact,"updateClipping isOverlap<*> getTopPadding=<*>.<*>, Translation<*>",0.9987,"release:lock=<*>, flg=<*>, tag=""RILJ_ACK_WL"", name=<*>"", ws=null, uid=<*>, pid=<*>",0.4443,"updateIsPoweredLocked: wasPowered=false, mIsPowered=false, oldPlugType=<*>, mPlugType=<*>, mBatteryLevel=<*>",0.4386,61.35,209
295,updateDimmedActivatedHideSensitive overlap:false,exact,updateDimmedActivatedHideSensitive overlap<*>,0.9998,resumeSuspendedAutohide,0.5479,suspendAutohide,0.5116,60.51,209
296,received broadcast <*>,exact,received broadcast android.intent.action.TIME_TICK<*>,1.0,Sending non-protected broadcast com.android.systemui.statusbar.visible.change<*> from system <*> pkg com.android.systemui<*>,0.6077,<*> W ActivityManager: Sending non-protected broadcast com.android.systemui.statusbar.visible.change<*> from system <*> pkg com.android.systemui<*>,0.5519,60.29,209
297,handleTimeUpdate,exact,handleTimeUpdate,1.0,handleBatteryUpdate,0.6147,"userActivityNoUpdateLocked: eventTime=<*>, event=<*>, flags=<*>, uid=<*>",0.4107,60.21,209
298,HBM brightnessIn =<*>,exact,HBM brightnessIn =<*>,1.0,HBM brightnessOut =<*>,0.9267,"Animating brightness: target=<*>, rate=<*>",0.5363,60.37,209
299,HBM brightnessOut =<*>,exact,HBM brightnessOut =<*>,1.0,HBM brightnessIn =<*>,0.9267,"Animating brightness: target=<*>, rate=<*>",0.4981,62.25,209
300,"Animating brightness: target=<*>, rate=<*>",exact,"Animating brightness: target=<*>, rate=<*>",1.0,HBM brightnessIn =<*>,0.5363,HBM brightnessOut =<*>,0.4981,62.87,209
301,<*><*> <*>:<*>:<*>.<*> <*> <*> V AudioManager: playSoundEffect effectType: <*>,exact,<*> V AudioManager: playSoundEffect effectType: <*>,1.0,<*> V AudioManager: querySoundEffectsEnabled...,0.8796,<*> V AudioManager: isMusicActive...,0.8416,64.11,209
302,<*><*> <*>:<*>:<*>.<*> <*> <*> V AudioManager: querySoundEffectsEnabled...,exact,<*> V AudioManager: querySoundEffectsEnabled...,1.0,<*> V AudioManager: playSoundEffect effectType: <*>,0.8796,<*> V AudioManager: isBluetoothScoOn...,0.8749,63.93,209
303,Destroying surface Surface(name=PopupWindow:<*>) called by <*>:<*> <*>:<*> <*>:<*> <*>:<*> <*>:<*> <*>:<*> <*>:<*> <*>:<*>,exact,Destroying surface Surface(name=PopupWindow:<*>) called by com.android.server.wm.WindowStateAnimator.destroySurface<*> com.android.server.wm.WindowStateAnimator.destroySurfaceLocked<*> com.android.server.wm.WindowState.removeLocked<*> com.android.server.wm.WindowManagerService.removeWindowInnerLocked<*> com.android.server.wm.WindowManagerService.removeWindowInnerLocked<*> com.android.server.wm.WindowManagerService.removeWindowLocked<*> com.android.server.wm.WindowManagerService.removeWindowLocked<*> com.android.server.wm.WindowManagerService.removeWindow<*>,1.0,Destroying surface Surface(name=<*><*>.<*>) called by com.android.server.wm.WindowStateAnimator.destroySurface<*> com.android.server.wm.WindowStateAnimator.destroySurfaceLocked<*> com.android.server.wm.WindowState.destroyOrSaveSurface<*> com.android.server.wm.AppWindowToken.destroySurfaces<*> com.android.server.wm.AppWindowToken.notifyAppStopped<*> com.android.server.wm.WindowManagerService.notifyAppStopped<*> com.android.server.am.ActivityStack.activityStoppedLocked<*> com.android.server.am.ActivityManagerService.activityStopped<*>,0.8503,<*> I WindowManager: Destroying surface Surface<*> called by com.android.server.wm.WindowStateAnimator.destroySurface<*> com.android.server.wm.WindowStateAnimator.destroySurfaceLocked<*> com.android.server.wm.WindowState.removeLocked<*> com.android.server.wm.WindowManagerService.removeWindowInnerLocked<*> com.android.server.wm.WindowManagerService.removeWindowInnerLocked<*> com.android.server.wm.WindowManagerService.removeWindowLocked<*> com.android.server.wm.WindowManagerService.removeWindowLocked<*> com.android.server.wm.WindowManagerService.removeWindow<*>,0.8385,66.02,209
304,isWiredHeadsetOn...,exact,isWiredHeadsetOn...,1.0,setWiredDeviceConnectionState type: <*> state: <*>,0.3982,"release:lock=<*>, flg=<*>, tag=""WiredAccessoryManager"", name=android"", ws=null, uid=<*>, pid=<*>",0.3172,62.54,209
305,Destroying surface Surface(name=PopupWindow:<*>) called by <*>:<*> <*>:<*> <*>:<*> <*>:<*> <*>:<*> <*>:<*> <*>:<*> <*>:<*>,exact,Destroying surface Surface(name=PopupWindow:<*>) called by com.android.server.wm.WindowStateAnimator.destroySurface<*> com.android.server.wm.WindowStateAnimator.destroySurfaceLocked<*> com.android.server.wm.WindowState.removeLocked<*> com.android.server.wm.WindowManagerService.removeWindowInnerLocked<*> com.android.server.wm.WindowManagerService.removeWindowInnerLocked<*> com.android.server.wm.WindowManagerService.removeWindowLocked<*> com.android.server.wm.WindowManagerService.removeWindowLocked<*> com.android.server.wm.WindowManagerService.removeWindow<*>,1.0,Destroying surface Surface(name=<*><*>.<*>) called by com.android.server.wm.WindowStateAnimator.destroySurface<*> com.android.server.wm.WindowStateAnimator.destroySurfaceLocked<*> com.android.server.wm.WindowState.destroyOrSaveSurface<*> com.android.server.wm.AppWindowToken.destroySurfaces<*> com.android.server.wm.AppWindowToken.notifyAppStopped<*> com.android.server.wm.WindowManagerService.notifyAppStopped<*> com.android.server.am.ActivityStack.activityStoppedLocked<*> com.android.server.am.ActivityManagerService.activityStopped<*>,0.8503,<*> I WindowManager: Destroying surface Surface<*> called by com.android.server.wm.WindowStateAnimator.destroySurface<*> com.android.server.wm.WindowStateAnimator.destroySurfaceLocked<*> com.android.server.wm.WindowState.removeLocked<*> com.android.server.wm.WindowManagerService.removeWindowInnerLocked<*> com.android.server.wm.WindowManagerService.removeWindowInnerLocked<*> com.android.server.wm.WindowManagerService.removeWindowLocked<*> com.android.server.wm.WindowManagerService.removeWindowLocked<*> com.android.server.wm.WindowManagerService.removeWindow<*>,0.8385,65.8,209
306,"acquire lock=<*>, flags=<*>, tag=""AudioMix"", name=audioserver, ws=null, uid=<*>, pid=<*>",exact,"acquire lock=<*>, flags=<*>, tag=""AudioMix"", name=audioserver, ws=null, uid=<*>, pid=<*>",1.0,"release:lock=<*>, flg=<*>, tag=""AudioMix"", name=audioserver"", ws=null, uid=<*>, pid=<*>",0.8381,"acquire lock=<*>, flags=<*>, tag=""handleAudioEvent"", name=android, ws=null, uid=<*>, pid=<*>",0.7548,64.0,209
307,"ready=true,policy=<*>,wakefulness=<*>,wksummary=<*>,uasummary=<*>,bootcompleted=true,boostinprogress=false,waitmodeenable=false,mode=false,manual=<*>,auto=-<*>,adj=<*>.0userId=<*>",exact,"ready=true,policy=<*>,wakefulness=<*>,wksummary=<*>,uasummary=<*>,bootcompleted=true,boostinprogress=false,waitmodeenable=false,mode=false,manual=<*>,auto=-<*>,adj=<*>.0userId=<*>",1.0,"<*> D PowerManagerService: ready=true,policy=<*>,wakefulness=<*>,wksummary=<*>,uasummary=<*>,bootcompleted=true,boostinprogress=false,waitmodeenable=false,mode=false,manual=<*>,auto=-<*>,adj=<*>.0userId=<*>",0.7294,"updateIsPoweredLocked: wasPowered=false, mIsPowered=false, oldPlugType=<*>, mPlugType=<*>, mBatteryLevel=<*>",0.5091,67.31,209
308,"acquire lock=<*>, flags=<*>, tag=""AudioMix"", name=audioserver, ws=null, uid=<*>, pid=<*>",exact,"acquire lock=<*>, flags=<*>, tag=""AudioMix"", name=audioserver, ws=null, uid=<*>, pid=<*>",1.0,"release:lock=<*>, flg=<*>, tag=""AudioMix"", name=audioserver"", ws=null, uid=<*>, pid=<*>",0.8381,"acquire lock=<*>, flags=<*>, tag=""handleAudioEvent"", name=android, ws=null, uid=<*>, pid=<*>",0.7548,63.25,209
309,"ready=true,policy=<*>,wakefulness=<*>,wksummary=<*>,uasummary=<*>,bootcompleted=true,boostinprogress=false,waitmodeenable=false,mode=false,manual=<*>,auto=-<*>,adj=<*>.0userId=<*>",exact,"ready=true,policy=<*>,wakefulness=<*>,wksummary=<*>,uasummary=<*>,bootcompleted=true,boostinprogress=false,waitmodeenable=false,mode=false,manual=<*>,auto=-<*>,adj=<*>.0userId=<*>",1.0,"<*> D PowerManagerService: ready=true,policy=<*>,wakefulness=<*>,wksummary=<*>,uasummary=<*>,bootcompleted=true,boostinprogress=false,waitmodeenable=false,mode=false,manual=<*>,auto=-<*>,adj=<*>.0userId=<*>",0.7294,"updateIsPoweredLocked: wasPowered=false, mIsPowered=false, oldPlugType=<*>, mPlugType=<*>, mBatteryLevel=<*>",0.5091,66.02,209
310,"acquire lock=<*>, flags=<*>, tag=""AudioMix"", name=audioserver, ws=null, uid=<*>, pid=<*>",exact,"acquire lock=<*>, flags=<*>, tag=""AudioMix"", name=audioserver, ws=null, uid=<*>, pid=<*>",1.0,"release:lock=<*>, flg=<*>, tag=""AudioMix"", name=audioserver"", ws=null, uid=<*>, pid=<*>",0.8381,"acquire lock=<*>, flags=<*>, tag=""handleAudioEvent"", name=android, ws=null, uid=<*>, pid=<*>",0.7548,62.61,209
311,"ready=true,policy=<*>,wakefulness=<*>,wksummary=<*>,uasummary=<*>,bootcompleted=true,boostinprogress=false,waitmodeenable=false,mode=false,manual=<*>,auto=-<*>,adj=<*>.0userId=<*>",exact,"ready=true,policy=<*>,wakefulness=<*>,wksummary=<*>,uasummary=<*>,bootcompleted=true,boostinprogress=false,waitmodeenable=false,mode=false,manual=<*>,auto=-<*>,adj=<*>.0userId=<*>",1.0,"<*> D PowerManagerService: ready=true,policy=<*>,wakefulness=<*>,wksummary=<*>,uasummary=<*>,bootcompleted=true,boostinprogress=false,waitmodeenable=false,mode=false,manual=<*>,auto=-<*>,adj=<*>.0userId=<*>",0.7294,"updateIsPoweredLocked: wasPowered=false, mIsPowered=false, oldPlugType=<*>, mPlugType=<*>, mBatteryLevel=<*>",0.5091,65.47,209
312,"acquire lock=<*>, flags=<*>, tag=""AudioMix"", name=audioserver, ws=null, uid=<*>, pid=<*>",exact,"acquire lock=<*>, flags=<*>, tag=""AudioMix"", name=audioserver, ws=null, uid=<*>, pid=<*>",1.0,"release:lock=<*>, flg=<*>, tag=""AudioMix"", name=audioserver"", ws=null, uid=<*>, pid=<*>",0.8381,"acquire lock=<*>, flags=<*>, tag=""handleAudioEvent"", name=android, ws=null, uid=<*>, pid=<*>",0.7548,61.97,209
313,"ready=true,policy=<*>,wakefulness=<*>,wksummary=<*>,uasummary=<*>,bootcompleted=true,boostinprogress=false,waitmodeenable=false,mode=false,manual=<*>,auto=-<*>,adj=<*>.0userId=<*>",exact,"ready=true,policy=<*>,wakefulness=<*>,wksummary=<*>,uasummary=<*>,bootcompleted=true,boostinprogress=false,waitmodeenable=false,mode=false,manual=<*>,auto=-<*>,adj=<*>.0userId=<*>",1.0,"<*> D PowerManagerService: ready=true,policy=<*>,wakefulness=<*>,wksummary=<*>,uasummary=<*>,bootcompleted=true,boostinprogress=false,waitmodeenable=false,mode=false,manual=<*>,auto=-<*>,adj=<*>.0userId=<*>",0.7294,"updateIsPoweredLocked: wasPowered=false, mIsPowered=false, oldPlugType=<*>, mPlugType=<*>, mBatteryLevel=<*>",0.5091,64.92,209
314,HBM brightnessIn =<*>,exact,HBM brightnessIn =<*>,1.0,HBM brightnessOut =<*>,0.9267,"Animating brightness: target=<*>, rate=<*>",0.5363,60.68,209
315,HBM brightnessOut =<*>,exact,HBM brightnessOut =<*>,1.0,HBM brightnessIn =<*>,0.9267,"Animating brightness: target=<*>, rate=<*>",0.4981,60.77,209
316,"Animating brightness: target=<*>, rate=<*>",exact,"Animating brightness: target=<*>, rate=<*>",1.0,HBM brightnessIn =<*>,0.5363,HBM brightnessOut =<*>,0.4981,60.81,209
317,"ready=true,policy=<*>,wakefulness=<*>,wksummary=<*>,uasummary=<*>,bootcompleted=true,boostinprogress=false,waitmodeenable=false,mode=false,manual=<*>,auto=-<*>,adj=<*>.0userId=<*>",exact,"ready=true,policy=<*>,wakefulness=<*>,wksummary=<*>,uasummary=<*>,bootcompleted=true,boostinprogress=false,waitmodeenable=false,mode=false,manual=<*>,auto=-<*>,adj=<*>.0userId=<*>",1.0,"<*> D PowerManagerService: ready=true,policy=<*>,wakefulness=<*>,wksummary=<*>,uasummary=<*>,bootcompleted=true,boostinprogress=false,waitmodeenable=false,mode=false,manual=<*>,auto=-<*>,adj=<*>.0userId=<*>",0.7294,"updateIsPoweredLocked: wasPowered=false, mIsPowered=false, oldPlugType=<*>, mPlugType=<*>, mBatteryLevel=<*>",0.5091,64.97,209
318,setLightsOn(true),exact,setLightsOn(true),1.0,"updateLightsLocked,mInCall =false,mScreenOn = true,ledNotification == null<*>",0.6517,"updateLightsLocked,turn off notificationLight",0.5854,60.59,209
319,"setSystemUiVisibility vis=<*> mask=<*> oldVal=<*> newVal=<*> diff=<*> fullscreenStackVis=<*> dockedStackVis=<*>, fullscreenStackBounds=Rect(<*>, <*> - <*>, <*>), dockedStackBounds=Rect(<*>, <*> - <*>, <*>)",exact,"setSystemUiVisibility vis=<*> mask=<*> oldVal=<*> newVal=<*> diff=<*> fullscreenStackVis=<*> dockedStackVis=<*>, fullscreenStackBounds=Rect(<*>, <*> - <*>, <*>), dockedStackBounds=Rect(<*>, <*> - <*>, <*>)",1.0,"<*> I WindowManager: Taking screenshot from Surface with crop:[Rect(<*>, <*> - <*>, <*>)], width:[<*>], height:[<*>], minLayer:[<*>], maxLayer:[<*>], inRotation:[false], rot:[<*>]",0.4978,"overlapAmount:<*>.<*>, previousNotificationEnd:<*>.<*>, newYTranslation:-<*>.<*>, location:<*>, i:<*>, getTopPadding:<*>.<*>, getLocationOnScreen():-<*>",0.4857,69.24,209
320,"setDataSource(<*>, <*>, <*>)",exact,"setDataSource(<*>, <*>, <*>)",1.0,DefaultState what=<*>,0.4476,"getRecentTasks: num=<*>,flags=<*>,totalTasks=<*>",0.39,68.0,209
321,setLightsOn(true),exact,setLightsOn(true),1.0,"updateLightsLocked,mInCall =false,mScreenOn = true,ledNotification == null<*>",0.6517,"updateLightsLocked,turn off notificationLight",0.5854,93.55,209
322,"setSystemUiVisibility vis=<*> mask=<*> oldVal=<*> newVal=<*> diff=<*> fullscreenStackVis=<*> dockedStackVis=<*>, fullscreenStackBounds=Rect(<*>, <*> - <*>, <*>), dockedStackBounds=Rect(<*>, <*> - <*>, <*>)",exact,"setSystemUiVisibility vis=<*> mask=<*> oldVal=<*> newVal=<*> diff=<*> fullscreenStackVis=<*> dockedStackVis=<*>, fullscreenStackBounds=Rect(<*>, <*> - <*>, <*>), dockedStackBounds=Rect(<*>, <*> - <*>, <*>)",1.0,"<*> I WindowManager: Taking screenshot from Surface with crop:[Rect(<*>, <*> - <*>, <*>)], width:[<*>], height:[<*>], minLayer:[<*>], maxLayer:[<*>], inRotation:[false], rot:[<*>]",0.4978,"overlapAmount:<*>.<*>, previousNotificationEnd:<*>.<*>, newYTranslation:-<*>.<*>, location:<*>, i:<*>, getTopPadding:<*>.<*>, getLocationOnScreen():-<*>",0.4857,66.98,209
323,setLightsOn(true),exact,setLightsOn(true),1.0,"updateLightsLocked,mInCall =false,mScreenOn = true,ledNotification == null<*>",0.6517,"updateLightsLocked,turn off notificationLight",0.5854,79.1,209
324,"setSystemUiVisibility vis=<*> mask=<*> oldVal=<*> newVal=<*> diff=<*> fullscreenStackVis=<*> dockedStackVis=<*>, fullscreenStackBounds=Rect(<*>, <*> - <*>, <*>), dockedStackBounds=Rect(<*>, <*> - <*>, <*>)",exact,"setSystemUiVisibility vis=<*> mask=<*> oldVal=<*> newVal=<*> diff=<*> fullscreenStackVis=<*> dockedStackVis=<*>, fullscreenStackBounds=Rect(<*>, <*> - <*>, <*>), dockedStackBounds=Rect(<*>, <*> - <*>, <*>)",1.0,"<*> I WindowManager: Taking screenshot from Surface with crop:[Rect(<*>, <*> - <*>, <*>)], width:[<*>], height:[<*>], minLayer:[<*>], maxLayer:[<*>], inRotation:[false], rot:[<*>]",0.4978,"overlapAmount:<*>.<*>, previousNotificationEnd:<*>.<*>, newYTranslation:-<*>.<*>, location:<*>, i:<*>, getTopPadding:<*>.<*>, getLocationOnScreen():-<*>",0.4857,68.29,209
325,setLightsOn(true),exact,setLightsOn(true),1.0,"updateLightsLocked,mInCall =false,mScreenOn = true,ledNotification == null<*>",0.6517,"updateLightsLocked,turn off notificationLight",0.5854,61.69,209
326,"setSystemUiVisibility vis=<*> mask=<*> oldVal=<*> newVal=<*> diff=<*> fullscreenStackVis=<*> dockedStackVis=<*>, fullscreenStackBounds=Rect(<*>, <*> - <*>, <*>), dockedStackBounds=Rect(<*>, <*> - <*>, <*>)",exact,"setSystemUiVisibility vis=<*> mask=<*> oldVal=<*> newVal=<*> diff=<*> fullscreenStackVis=<*> dockedStackVis=<*>, fullscreenStackBounds=Rect(<*>, <*> - <*>, <*>), dockedStackBounds=Rect(<*>, <*> - <*>, <*>)",1.0,"<*> I WindowManager: Taking screenshot from Surface with crop:[Rect(<*>, <*> - <*>, <*>)], width:[<*>], height:[<*>], minLayer:[<*>], maxLayer:[<*>], inRotation:[false], rot:[<*>]",0.4978,"overlapAmount:<*>.<*>, previousNotificationEnd:<*>.<*>, newYTranslation:-<*>.<*>, location:<*>, i:<*>, getTopPadding:<*>.<*>, getLocationOnScreen():-<*>",0.4857,66.9,209
327,getStreamVolume treamType: <*>,exact,getStreamVolume treamType: <*>,1.0,getLastAudibleStreamVolume treamType: <*>,0.8475,getDevicesForStream streamType: <*>,0.7013,60.99,209
328,setLightsOn(true),exact,setLightsOn(true),1.0,"updateLightsLocked,mInCall =false,mScreenOn = true,ledNotification == null<*>",0.6517,"updateLightsLocked,turn off notificationLight",0.5854,60.47,209
329,"setSystemUiVisibility vis=<*> mask=<*> oldVal=<*> newVal=<*> diff=<*> fullscreenStackVis=<*> dockedStackVis=<*>, fullscreenStackBounds=Rect(<*>, <*> - <*>, <*>), dockedStackBounds=Rect(<*>, <*> - <*>, <*>)",exact,"setSystemUiVisibility vis=<*> mask=<*> oldVal=<*> newVal=<*> diff=<*> fullscreenStackVis=<*> dockedStackVis=<*>, fullscreenStackBounds=Rect(<*>, <*> - <*>, <*>), dockedStackBounds=Rect(<*>, <*> - <*>, <*>)",1.0,"<*> I WindowManager: Taking screenshot from Surface with crop:[Rect(<*>, <*> - <*>, <*>)], width:[<*>], height:[<*>], minLayer:[<*>], maxLayer:[<*>], inRotation:[false], rot:[<*>]",0.4978,"overlapAmount:<*>.<*>, previousNotificationEnd:<*>.<*>, newYTranslation:-<*>.<*>, location:<*>, i:<*>, getTopPadding:<*>.<*>, getLocationOnScreen():-<*>",0.4857,67.55,209
330,setLightsOn(true),exact,setLightsOn(true),1.0,"updateLightsLocked,mInCall =false,mScreenOn = true,ledNotification == null<*>",0.6517,"updateLightsLocked,turn off notificationLight",0.5854,61.46,209
331,"setSystemUiVisibility vis=<*> mask=<*> oldVal=<*> newVal=<*> diff=<*> fullscreenStackVis=<*> dockedStackVis=<*>, fullscreenStackBounds=Rect(<*>, <*> - <*>, <*>), dockedStackBounds=Rect(<*>, <*> - <*>, <*>)",exact,"setSystemUiVisibility vis=<*> mask=<*> oldVal=<*> newVal=<*> diff=<*> fullscreenStackVis=<*> dockedStackVis=<*>, fullscreenStackBounds=Rect(<*>, <*> - <*>, <*>), dockedStackBounds=Rect(<*>, <*> - <*>, <*>)",1.0,"<*> I WindowManager: Taking screenshot from Surface with crop:[Rect(<*>, <*> - <*>, <*>)], width:[<*>], height:[<*>], minLayer:[<*>], maxLayer:[<*>], inRotation:[false], rot:[<*>]",0.4978,"overlapAmount:<*>.<*>, previousNotificationEnd:<*>.<*>, newYTranslation:-<*>.<*>, location:<*>, i:<*>, getTopPadding:<*>.<*>, getLocationOnScreen():-<*>",0.4857,66.62,209
332,HBM brightnessIn =<*>,exact,HBM brightnessIn =<*>,1.0,HBM brightnessOut =<*>,0.9267,"Animating brightness: target=<*>, rate=<*>",0.5363,61.02,209
333,HBM brightnessOut =<*>,exact,HBM brightnessOut =<*>,1.0,HBM brightnessIn =<*>,0.9267,"Animating brightness: target=<*>, rate=<*>",0.4981,60.87,209
334,"Animating brightness: target=<*>, rate=<*>",exact,"Animating brightness: target=<*>, rate=<*>",1.0,HBM brightnessIn =<*>,0.5363,HBM brightnessOut =<*>,0.4981,60.28,209
335,"userActivityNoUpdateLocked: eventTime=<*>, event=<*>, flags=<*>, uid=<*>",exact,"userActivityNoUpdateLocked: eventTime=<*>, event=<*>, flags=<*>, uid=<*>",1.0,"<*> D PowerManagerService: userActivityNoUpdateLocked: eventTime=<*>, event=<*>, flags=<*>, uid=<*>",0.7739,"cancelNotificationLocked called,tell the app,reason = <*>",0.5343,61.81,209
336,"ready=true,policy=<*>,wakefulness=<*>,wksummary=<*>,uasummary=<*>,bootcompleted=true,boostinprogress=false,waitmodeenable=false,mode=false,manual=<*>,auto=-<*>,adj=<*>.0userId=<*>",exact,"ready=true,policy=<*>,wakefulness=<*>,wksummary=<*>,uasummary=<*>,bootcompleted=true,boostinprogress=false,waitmodeenable=false,mode=false,manual=<*>,auto=-<*>,adj=<*>.0userId=<*>",1.0,"<*> D PowerManagerService: ready=true,policy=<*>,wakefulness=<*>,wksummary=<*>,uasummary=<*>,bootcompleted=true,boostinprogress=false,waitmodeenable=false,mode=false,manual=<*>,auto=-<*>,adj=<*>.0userId=<*>",0.7294,"updateIsPoweredLocked: wasPowered=false, mIsPowered=false, oldPlugType=<*>, mPlugType=<*>, mBatteryLevel=<*>",0.5091,65.02,209
337,HBM brightnessIn =<*>,exact,HBM brightnessIn =<*>,1.0,HBM brightnessOut =<*>,0.9267,"Animating brightness: target=<*>, rate=<*>",0.5363,61.01,209
338,HBM brightnessOut =<*>,exact,HBM brightnessOut =<*>,1.0,HBM brightnessIn =<*>,0.9267,"Animating brightness: target=<*>, rate=<*>",0.4981,60.75,209
339,"Animating brightness: target=<*>, rate=<*>",exact,"Animating brightness: target=<*>, rate=<*>",1.0,HBM brightnessIn =<*>,0.5363,HBM brightnessOut =<*>,0.4981,60.65,209
340,Destroying surface Surface(name=PopupWindow:<*>) called by <*>:<*> <*>:<*> <*>:<*> <*>:<*> <*>:<*> <*>:<*> <*>:<*> <*>:<*>,exact,Destroying surface Surface(name=PopupWindow:<*>) called by com.android.server.wm.WindowStateAnimator.destroySurface<*> com.android.server.wm.WindowStateAnimator.destroySurfaceLocked<*> com.android.server.wm.WindowState.removeLocked<*> com.android.server.wm.WindowManagerService.removeWindowInnerLocked<*> com.android.server.wm.WindowManagerService.removeWindowInnerLocked<*> com.android.server.wm.WindowManagerService.removeWindowLocked<*> com.android.server.wm.WindowManagerService.removeWindowLocked<*> com.android.server.wm.WindowManagerService.removeWindow<*>,1.0,Destroying surface Surface(name=<*><*>.<*>) called by com.android.server.wm.WindowStateAnimator.destroySurface<*> com.android.server.wm.WindowStateAnimator.destroySurfaceLocked<*> com.android.server.wm.WindowState.destroyOrSaveSurface<*> com.android.server.wm.AppWindowToken.destroySurfaces<*> com.android.server.wm.AppWindowToken.notifyAppStopped<*> com.android.server.wm.WindowManagerService.notifyAppStopped<*> com.android.server.am.ActivityStack.activityStoppedLocked<*> com.android.server.am.ActivityManagerService.activityStopped<*>,0.8503,<*> I WindowManager: Destroying surface Surface<*> called by com.android.server.wm.WindowStateAnimator.destroySurface<*> com.android.server.wm.WindowStateAnimator.destroySurfaceLocked<*> com.android.server.wm.WindowState.removeLocked<*> com.android.server.wm.WindowManagerService.removeWindowInnerLocked<*> com.android.server.wm.WindowManagerService.removeWindowInnerLocked<*> com.android.server.wm.WindowManagerService.removeWindowLocked<*> com.android.server.wm.WindowManagerService.removeWindowLocked<*> com.android.server.wm.WindowManagerService.removeWindow<*>,0.8385,64.69,209
341,setLightsOn(true),exact,setLightsOn(true),1.0,"updateLightsLocked,mInCall =false,mScreenOn = true,ledNotification == null<*>",0.6517,"updateLightsLocked,turn off notificationLight",0.5854,61.93,209
342,"setSystemUiVisibility vis=<*> mask=<*> oldVal=<*> newVal=<*> diff=<*> fullscreenStackVis=<*> dockedStackVis=<*>, fullscreenStackBounds=Rect(<*>, <*> - <*>, <*>), dockedStackBounds=Rect(<*>, <*> - <*>, <*>)",exact,"setSystemUiVisibility vis=<*> mask=<*> oldVal=<*> newVal=<*> diff=<*> fullscreenStackVis=<*> dockedStackVis=<*>, fullscreenStackBounds=Rect(<*>, <*> - <*>, <*>), dockedStackBounds=Rect(<*>, <*> - <*>, <*>)",1.0,"<*> I WindowManager: Taking screenshot from Surface with crop:[Rect(<*>, <*> - <*>, <*>)], width:[<*>], height:[<*>], minLayer:[<*>], maxLayer:[<*>], inRotation:[false], rot:[<*>]",0.4978,"overlapAmount:<*>.<*>, previousNotificationEnd:<*>.<*>, newYTranslation:-<*>.<*>, location:<*>, i:<*>, getTopPadding:<*>.<*>, getLocationOnScreen():-<*>",0.4857,66.53,209
343,setLightsOn(true),exact,setLightsOn(true),1.0,"updateLightsLocked,mInCall =false,mScreenOn = true,ledNotification == null<*>",0.6517,"updateLightsLocked,turn off notificationLight",0.5854,60.69,209
344,"setSystemUiVisibility vis=<*> mask=<*> oldVal=<*> newVal=<*> diff=<*> fullscreenStackVis=<*> dockedStackVis=<*>, fullscreenStackBounds=Rect(<*>, <*> - <*>, <*>), dockedStackBounds=Rect(<*>, <*> - <*>, <*>)",exact,"setSystemUiVisibility vis=<*> mask=<*> oldVal=<*> newVal=<*> diff=<*> fullscreenStackVis=<*> dockedStackVis=<*>, fullscreenStackBounds=Rect(<*>, <*> - <*>, <*>), dockedStackBounds=Rect(<*>, <*> - <*>, <*>)",1.0,"<*> I WindowManager: Taking screenshot from Surface with crop:[Rect(<*>, <*> - <*>, <*>)], width:[<*>], height:[<*>], minLayer:[<*>], maxLayer:[<*>], inRotation:[false], rot:[<*>]",0.4978,"overlapAmount:<*>.<*>, previousNotificationEnd:<*>.<*>, newYTranslation:-<*>.<*>, location:<*>, i:<*>, getTopPadding:<*>.<*>, getLocationOnScreen():-<*>",0.4857,66.35,209
345,setLightsOn(true),exact,setLightsOn(true),1.0,"updateLightsLocked,mInCall =false,mScreenOn = true,ledNotification == null<*>",0.6517,"updateLightsLocked,turn off notificationLight",0.5854,60.82,209
346,"setSystemUiVisibility vis=<*> mask=<*> oldVal=<*> newVal=<*> diff=<*> fullscreenStackVis=<*> dockedStackVis=<*>, fullscreenStackBounds=Rect(<*>, <*> - <*>, <*>), dockedStackBounds=Rect(<*>, <*> - <*>, <*>)",exact,"setSystemUiVisibility vis=<*> mask=<*> oldVal=<*> newVal=<*> diff=<*> fullscreenStackVis=<*> dockedStackVis=<*>, fullscreenStackBounds=Rect(<*>, <*> - <*>, <*>), dockedStackBounds=Rect(<*>, <*> - <*>, <*>)",1.0,"<*> I WindowManager: Taking screenshot from Surface with crop:[Rect(<*>, <*> - <*>, <*>)], width:[<*>], height:[<*>], minLayer:[<*>], maxLayer:[<*>], inRotation:[false], rot:[<*>]",0.4978,"overlapAmount:<*>.<*>, previousNotificationEnd:<*>.<*>, newYTranslation:-<*>.<*>, location:<*>, i:<*>, getTopPadding:<*>.<*>, getLocationOnScreen():-<*>",0.4857,66.32,209
347,HBM brightnessIn =<*>,exact,HBM brightnessIn =<*>,1.0,HBM brightnessOut =<*>,0.9267,"Animating brightness: target=<*>, rate=<*>",0.5363,60.93,209
348,HBM brightnessOut =<*>,exact,HBM brightnessOut =<*>,1.0,HBM brightnessIn =<*>,0.9267,"Animating brightness: target=<*>, rate=<*>",0.4981,60.74,209
349,"Animating brightness: target=<*>, rate=<*>",exact,"Animating brightness: target=<*>, rate=<*>",1.0,HBM brightnessIn =<*>,0.5363,HBM brightnessOut =<*>,0.4981,60.65,209
350,setLightsOn(true),exact,setLightsOn(true),1.0,"updateLightsLocked,mInCall =false,mScreenOn = true,ledNotification == null<*>",0.6517,"updateLightsLocked,turn off notificationLight",0.5854,60.13,209
351,"setSystemUiVisibility vis=<*> mask=<*> oldVal=<*> newVal=<*> diff=<*> fullscreenStackVis=<*> dockedStackVis=<*>, fullscreenStackBounds=Rect(<*>, <*> - <*>, <*>), dockedStackBounds=Rect(<*>, <*> - <*>, <*>)",exact,"setSystemUiVisibility vis=<*> mask=<*> oldVal=<*> newVal=<*> diff=<*> fullscreenStackVis=<*> dockedStackVis=<*>, fullscreenStackBounds=Rect(<*>, <*> - <*>, <*>), dockedStackBounds=Rect(<*>, <*> - <*>, <*>)",1.0,"<*> I WindowManager: Taking screenshot from Surface with crop:[Rect(<*>, <*> - <*>, <*>)], width:[<*>], height:[<*>], minLayer:[<*>], maxLayer:[<*>], inRotation:[false], rot:[<*>]",0.4978,"overlapAmount:<*>.<*>, previousNotificationEnd:<*>.<*>, newYTranslation:-<*>.<*>, location:<*>, i:<*>, getTopPadding:<*>.<*>, getLocationOnScreen():-<*>",0.4857,66.39,209
352,Destroying surface Surface(name=InputMethod) called by <*>:<*> <*>:<*> <*>:<*> <*>:<*> <*>:<*> <*>:<*> <*>$H.handleMessage:<*> <*>:<*>,exact,Destroying surface Surface(name=InputMethod) called by com.android.server.wm.WindowStateAnimator.destroySurface<*> com.android.server.wm.WindowStateAnimator.destroySurfaceLocked<*> com.android.server.wm.WindowState.destroyOrSaveSurface<*> com.android.server.wm.WindowSurfacePlacer.performSurfacePlacementInner<*> com.android.server.wm.WindowSurfacePlacer.performSurfacePlacementLoop<*> com.android.server.wm.WindowSurfacePlacer.performSurfacePlacement<*> com.android.server.wm.WindowManagerService<*> android.os.Handler.dispatchMessage<*>,1.0,Destroying surface Surface(name=<*><*>.<*>) called by com.android.server.wm.WindowStateAnimator.destroySurface<*> com.android.server.wm.WindowStateAnimator.destroySurfaceLocked<*> com.android.server.wm.WindowState.destroyOrSaveSurface<*> com.android.server.wm.AppWindowToken.destroySurfaces<*> com.android.server.wm.AppWindowToken.notifyAppStopped<*> com.android.server.wm.WindowManagerService.notifyAppStopped<*> com.android.server.am.ActivityStack.activityStoppedLocked<*> com.android.server.am.ActivityManagerService.activityStopped<*>,0.8861,Destroying surface Surface(name=<*><*>.<*>) called by com.android.server.wm.WindowStateAnimator.destroySurface<*> com.android.server.wm.WindowStateAnimator.destroySurfaceLocked<*> com.android.server.wm.WindowState.destroyOrSaveSurface<*> com.android.server.wm.WindowManagerService.tryStartExitingAnimation<*> com.android.server.wm.WindowManagerService.relayoutWindow<*> com.android.server.wm.Session.relayout<*> android.view.IWindowSession<*> com.android.server.wm.Session.onTransact<*>,0.8362,64.42,209
353,"userActivityNoUpdateLocked: eventTime=<*>, event=<*>, flags=<*>, uid=<*>",exact,"userActivityNoUpdateLocked: eventTime=<*>, event=<*>, flags=<*>, uid=<*>",1.0,"<*> D PowerManagerService: userActivityNoUpdateLocked: eventTime=<*>, event=<*>, flags=<*>, uid=<*>",0.7739,"cancelNotificationLocked called,tell the app,reason = <*>",0.5343,61.45,209
354,"ready=true,policy=<*>,wakefulness=<*>,wksummary=<*>,uasummary=<*>,bootcompleted=true,boostinprogress=false,waitmodeenable=false,mode=false,manual=<*>,auto=-<*>,adj=<*>.0userId=<*>",exact,"ready=true,policy=<*>,wakefulness=<*>,wksummary=<*>,uasummary=<*>,bootcompleted=true,boostinprogress=false,waitmodeenable=false,mode=false,manual=<*>,auto=-<*>,adj=<*>.0userId=<*>",1.0,"<*> D PowerManagerService: ready=true,policy=<*>,wakefulness=<*>,wksummary=<*>,uasummary=<*>,bootcompleted=true,boostinprogress=false,waitmodeenable=false,mode=false,manual=<*>,auto=-<*>,adj=<*>.0userId=<*>",0.7294,"updateIsPoweredLocked: wasPowered=false, mIsPowered=false, oldPlugType=<*>, mPlugType=<*>, mBatteryLevel=<*>",0.5091,63.91,209
355,<*><*> <*>:<*>:<*>.<*> <*> <*> V AudioManager: playSoundEffect effectType: <*>,exact,<*> V AudioManager: playSoundEffect effectType: <*>,1.0,<*> V AudioManager: querySoundEffectsEnabled...,0.8796,<*> V AudioManager: isMusicActive...,0.8416,61.99,209
356,<*><*> <*>:<*>:<*>.<*> <*> <*> V AudioManager: querySoundEffectsEnabled...,exact,<*> V AudioManager: querySoundEffectsEnabled...,1.0,<*> V AudioManager: playSoundEffect effectType: <*>,0.8796,<*> V AudioManager: isBluetoothScoOn...,0.8749,61.7,209
357,HBM brightnessIn =<*>,exact,HBM brightnessIn =<*>,1.0,HBM brightnessOut =<*>,0.9267,"Animating brightness: target=<*>, rate=<*>",0.5363,60.17,209
358,HBM brightnessOut =<*>,exact,HBM brightnessOut =<*>,1.0,HBM brightnessIn =<*>,0.9267,"Animating brightness: target=<*>, rate=<*>",0.4981,60.67,209
359,"Animating brightness: target=<*>, rate=<*>",exact,"Animating brightness: target=<*>, rate=<*>",1.0,HBM brightnessIn =<*>,0.5363,HBM brightnessOut =<*>,0.4981,60.74,209
360,HBM brightnessIn =<*>,exact,HBM brightnessIn =<*>,1.0,HBM brightnessOut =<*>,0.9267,"Animating brightness: target=<*>, rate=<*>",0.5363,60.36,209
361,HBM brightnessOut =<*>,exact,HBM brightnessOut =<*>,1.0,HBM brightnessIn =<*>,0.9267,"Animating brightness: target=<*>, rate=<*>",0.4981,60.18,209
362,"Animating brightness: target=<*>, rate=<*>",exact,"Animating brightness: target=<*>, rate=<*>",1.0,HBM brightnessIn =<*>,0.5363,HBM brightnessOut =<*>,0.4981,60.46,209
363,HBM brightnessIn =<*>,exact,HBM brightnessIn =<*>,1.0,HBM brightnessOut =<*>,0.9267,"Animating brightness: target=<*>, rate=<*>",0.5363,60.17,209
364,HBM brightnessOut =<*>,exact,HBM brightnessOut =<*>,1.0,HBM brightnessIn =<*>,0.9267,"Animating brightness: target=<*>, rate=<*>",0.4981,59.98,209
365,"Animating brightness: target=<*>, rate=<*>",exact,"Animating brightness: target=<*>, rate=<*>",1.0,HBM brightnessIn =<*>,0.5363,HBM brightnessOut =<*>,0.4981,60.35,209
366,"userActivityNoUpdateLocked: eventTime=<*>, event=<*>, flags=<*>, uid=<*>",exact,"userActivityNoUpdateLocked: eventTime=<*>, event=<*>, flags=<*>, uid=<*>",1.0,"<*> D PowerManagerService: userActivityNoUpdateLocked: eventTime=<*>, event=<*>, flags=<*>, uid=<*>",0.7739,"cancelNotificationLocked called,tell the app,reason = <*>",0.5343,61.4,209
367,"ready=true,policy=<*>,wakefulness=<*>,wksummary=<*>,uasummary=<*>,bootcompleted=true,boostinprogress=false,waitmodeenable=false,mode=false,manual=<*>,auto=-<*>,adj=<*>.0userId=<*>",exact,"ready=true,policy=<*>,wakefulness=<*>,wksummary=<*>,uasummary=<*>,bootcompleted=true,boostinprogress=false,waitmodeenable=false,mode=false,manual=<*>,auto=-<*>,adj=<*>.0userId=<*>",1.0,"<*> D PowerManagerService: ready=true,policy=<*>,wakefulness=<*>,wksummary=<*>,uasummary=<*>,bootcompleted=true,boostinprogress=false,waitmodeenable=false,mode=false,manual=<*>,auto=-<*>,adj=<*>.0userId=<*>",0.7294,"updateIsPoweredLocked: wasPowered=false, mIsPowered=false, oldPlugType=<*>, mPlugType=<*>, mBatteryLevel=<*>",0.5091,65.2,209
368,HBM brightnessIn =<*>,exact,HBM brightnessIn =<*>,1.0,HBM brightnessOut =<*>,0.9267,"Animating brightness: target=<*>, rate=<*>",0.5363,60.74,209
369,HBM brightnessOut =<*>,exact,HBM brightnessOut =<*>,1.0,HBM brightnessIn =<*>,0.9267,"Animating brightness: target=<*>, rate=<*>",0.4981,60.26,209
370,"Animating brightness: target=<*>, rate=<*>",exact,"Animating brightness: target=<*>, rate=<*>",1.0,HBM brightnessIn =<*>,0.5363,HBM brightnessOut =<*>,0.4981,60.32,209
371,"userActivityNoUpdateLocked: eventTime=<*>, event=<*>, flags=<*>, uid=<*>",exact,"userActivityNoUpdateLocked: eventTime=<*>, event=<*>, flags=<*>, uid=<*>",1.0,"<*> D PowerManagerService: userActivityNoUpdateLocked: eventTime=<*>, event=<*>, flags=<*>, uid=<*>",0.7739,"cancelNotificationLocked called,tell the app,reason = <*>",0.5343,61.37,209
372,"ready=true,policy=<*>,wakefulness=<*>,wksummary=<*>,uasummary=<*>,bootcompleted=true,boostinprogress=false,waitmodeenable=false,mode=false,manual=<*>,auto=-<*>,adj=<*>.0userId=<*>",exact,"ready=true,policy=<*>,wakefulness=<*>,wksummary=<*>,uasummary=<*>,bootcompleted=true,boostinprogress=false,waitmodeenable=false,mode=false,manual=<*>,auto=-<*>,adj=<*>.0userId=<*>",1.0,"<*> D PowerManagerService: ready=true,policy=<*>,wakefulness=<*>,wksummary=<*>,uasummary=<*>,bootcompleted=true,boostinprogress=false,waitmodeenable=false,mode=false,manual=<*>,auto=-<*>,adj=<*>.0userId=<*>",0.7294,"updateIsPoweredLocked: wasPowered=false, mIsPowered=false, oldPlugType=<*>, mPlugType=<*>, mBatteryLevel=<*>",0.5091,64.68,209
373,HBM brightnessIn =<*>,exact,HBM brightnessIn =<*>,1.0,HBM brightnessOut =<*>,0.9267,"Animating brightness: target=<*>, rate=<*>",0.5363,60.7,209
374,HBM brightnessOut =<*>,exact,HBM brightnessOut =<*>,1.0,HBM brightnessIn =<*>,0.9267,"Animating brightness: target=<*>, rate=<*>",0.4981,81.48,209
375,"Animating brightness: target=<*>, rate=<*>",exact,"Animating brightness: target=<*>, rate=<*>",1.0,HBM brightnessIn =<*>,0.5363,HBM brightnessOut =<*>,0.4981,60.6,209
376,"updateIsPoweredLocked: wasPowered=false, mIsPowered=false, oldPlugType=<*>, mPlugType=<*>, mBatteryLevel=<*>",exact,"updateIsPoweredLocked: wasPowered=false, mIsPowered=false, oldPlugType=<*>, mPlugType=<*>, mBatteryLevel=<*>",1.0,"updateLightsLocked,mInCall =false,mScreenOn = true,ledNotification == null<*>",0.5771,<*> D PowerManagerService: <*> pid=<*>,0.5277,61.93,209
377,received broadcast <*>,exact,received broadcast android.intent.action.TIME_TICK<*>,1.0,Sending non-protected broadcast com.android.systemui.statusbar.visible.change<*> from system <*> pkg com.android.systemui<*>,0.6077,<*> W ActivityManager: Sending non-protected broadcast com.android.systemui.statusbar.visible.change<*> from system <*> pkg com.android.systemui<*>,0.5519,61.3,209
378,ACTION_BATTERY_CHANGED AMP: <*>; Volt: <*>,exact,ACTION_BATTERY_CHANGED AMP: <*>; Volt: <*>,1.0,ACTION_BATTERY_CHANGED pluggedType: <*>,0.7484,battery changed pluggedType: <*>,0.6353,61.41,209
379,updateChargingLocked: charging=false,exact,updateChargingLocked: charging=false,1.0,"updateLightsLocked,mInCall =false,mScreenOn = true,ledNotification == null<*>",0.5166,"updateIsPoweredLocked: wasPowered=false, mIsPowered=false, oldPlugType=<*>, mPlugType=<*>, mBatteryLevel=<*>",0.5143,61.43,209
380,"onReceive, action:<*>",exact,"onReceive, action:<*>",1.0,visible is system.time.showampm<*>,0.4475,ApStaDisabledState what=<*>,0.4278,61.02,209
381,ACTION_BATTERY_CHANGED pluggedType: <*>,exact,ACTION_BATTERY_CHANGED pluggedType: <*>,1.0,battery changed pluggedType: <*>,0.8716,ACTION_BATTERY_CHANGED AMP: <*>; Volt: <*>,0.7484,60.8,209
382,ApStaDisabledState what=<*>,exact,ApStaDisabledState what=<*>,1.0,visible is system.time.showampm<*>,0.4519,DefaultState what=<*>,0.4471,60.82,209
383,DefaultState what=<*>,exact,DefaultState what=<*>,1.0,<*>: Must execute in UI,0.6026,"setDataSource(<*>, <*>, <*>)",0.4476,60.64,209
384,battery changed pluggedType: <*>,exact,battery changed pluggedType: <*>,1.0,ACTION_BATTERY_CHANGED pluggedType: <*>,0.8716,ACTION_BATTERY_CHANGED AMP: <*>; Volt: <*>,0.6353,60.88,209
385,RefreshBatteryInfo isBatteryLow: <*>,exact,RefreshBatteryInfo isBatteryLow: <*>,1.0,handleBatteryUpdate,0.579,"updateIsPoweredLocked: wasPowered=false, mIsPowered=false, oldPlugType=<*>, mPlugType=<*>, mBatteryLevel=<*>",0.3821,61.23,209
386,ChargingSpeed Wattage: -<*> ST: <*> --> <*>,exact,ChargingSpeed Wattage: -<*> ST: <*> --> <*>,1.0,battery changed pluggedType: <*>,0.3585,ACTION_BATTERY_CHANGED AMP: <*>; Volt: <*>,0.3264,61.3,209
387,handleBatteryUpdate,exact,handleBatteryUpdate,1.0,handleTimeUpdate,0.6147,RefreshBatteryInfo isBatteryLow: <*>,0.579,60.86,209
388,RefreshBatteryInfo isBatteryLow: <*>,exact,RefreshBatteryInfo isBatteryLow: <*>,1.0,handleBatteryUpdate,0.579,"updateIsPoweredLocked: wasPowered=false, mIsPowered=false, oldPlugType=<*>, mPlugType=<*>, mBatteryLevel=<*>",0.3821,61.44,209
389,"ready=true,policy=<*>,wakefulness=<*>,wksummary=<*>,uasummary=<*>,bootcompleted=true,boostinprogress=false,waitmodeenable=false,mode=false,manual=<*>,auto=-<*>,adj=<*>.0userId=<*>",exact,"ready=true,policy=<*>,wakefulness=<*>,wksummary=<*>,uasummary=<*>,bootcompleted=true,boostinprogress=false,waitmodeenable=false,mode=false,manual=<*>,auto=-<*>,adj=<*>.0userId=<*>",1.0,"<*> D PowerManagerService: ready=true,policy=<*>,wakefulness=<*>,wksummary=<*>,uasummary=<*>,bootcompleted=true,boostinprogress=false,waitmodeenable=false,mode=false,manual=<*>,auto=-<*>,adj=<*>.0userId=<*>",0.7294,"updateIsPoweredLocked: wasPowered=false, mIsPowered=false, oldPlugType=<*>, mPlugType=<*>, mBatteryLevel=<*>",0.5091,65.47,209
390,"<*><*> <*>:<*>:<*>.<*> <*> <*> D PowerManagerService: ready=true,policy=<*>,wakefulness=<*>,wksummary=<*>,uasummary=<*>,bootcompleted=true,boostinprogress=false,waitmodeenable=false,mode=false,manual=<*>,auto=-<*>,adj=<*>.0userId=<*>",exact,"<*> D PowerManagerService: ready=true,policy=<*>,wakefulness=<*>,wksummary=<*>,uasummary=<*>,bootcompleted=true,boostinprogress=false,waitmodeenable=false,mode=false,manual=<*>,auto=-<*>,adj=<*>.0userId=<*>",1.0,<*> D PowerManagerService: <*> pid=<*>,0.8163,"<*> D PowerManagerService: <*> suspend blocker ""PowerManagerService.WakeLocks"".",0.7764,68.87,209
391,setLightsOn(true),exact,setLightsOn(true),1.0,"updateLightsLocked,mInCall =false,mScreenOn = true,ledNotification == null<*>",0.6517,"updateLightsLocked,turn off notificationLight",0.5854,61.36,209
392,"setSystemUiVisibility vis=<*> mask=<*> oldVal=<*> newVal=<*> diff=<*> fullscreenStackVis=<*> dockedStackVis=<*>, fullscreenStackBounds=Rect(<*>, <*> - <*>, <*>), dockedStackBounds=Rect(<*>, <*> - <*>, <*>)",exact,"setSystemUiVisibility vis=<*> mask=<*> oldVal=<*> newVal=<*> diff=<*> fullscreenStackVis=<*> dockedStackVis=<*>, fullscreenStackBounds=Rect(<*>, <*> - <*>, <*>), dockedStackBounds=Rect(<*>, <*> - <*>, <*>)",1.0,"<*> I WindowManager: Taking screenshot from Surface with crop:[Rect(<*>, <*> - <*>, <*>)], width:[<*>], height:[<*>], minLayer:[<*>], maxLayer:[<*>], inRotation:[false], rot:[<*>]",0.4978,"overlapAmount:<*>.<*>, previousNotificationEnd:<*>.<*>, newYTranslation:-<*>.<*>, location:<*>, i:<*>, getTopPadding:<*>.<*>, getLocationOnScreen():-<*>",0.4857,67.19,209
393,HBM brightnessIn =<*>,exact,HBM brightnessIn =<*>,1.0,HBM brightnessOut =<*>,0.9267,"Animating brightness: target=<*>, rate=<*>",0.5363,61.44,209
394,HBM brightnessOut =<*>,exact,HBM brightnessOut =<*>,1.0,HBM brightnessIn =<*>,0.9267,"Animating brightness: target=<*>, rate=<*>",0.4981,60.96,209
395,"Animating brightness: target=<*>, rate=<*>",exact,"Animating brightness: target=<*>, rate=<*>",1.0,HBM brightnessIn =<*>,0.5363,HBM brightnessOut =<*>,0.4981,61.38,209
396,"release:lock=<*>, flg=<*>, tag=""AudioMix"", name=audioserver"", ws=null, uid=<*>, pid=<*>",exact,"release:lock=<*>, flg=<*>, tag=""AudioMix"", name=audioserver"", ws=null, uid=<*>, pid=<*>",1.0,"acquire lock=<*>, flags=<*>, tag=""AudioMix"", name=audioserver, ws=null, uid=<*>, pid=<*>",0.8381,"<*> D PowerManagerService: release:lock=<*>, flg=<*>, tag=""AudioMix"", name=audioserver"", ws=null, uid=<*>, pid=<*>",0.781,63.4,209
397,"ready=true,policy=<*>,wakefulness=<*>,wksummary=<*>,uasummary=<*>,bootcompleted=true,boostinprogress=false,waitmodeenable=false,mode=false,manual=<*>,auto=-<*>,adj=<*>.0userId=<*>",exact,"ready=true,policy=<*>,wakefulness=<*>,wksummary=<*>,uasummary=<*>,bootcompleted=true,boostinprogress=false,waitmodeenable=false,mode=false,manual=<*>,auto=-<*>,adj=<*>.0userId=<*>",1.0,"<*> D PowerManagerService: ready=true,policy=<*>,wakefulness=<*>,wksummary=<*>,uasummary=<*>,bootcompleted=true,boostinprogress=false,waitmodeenable=false,mode=false,manual=<*>,auto=-<*>,adj=<*>.0userId=<*>",0.7294,"updateIsPoweredLocked: wasPowered=false, mIsPowered=false, oldPlugType=<*>, mPlugType=<*>, mBatteryLevel=<*>",0.5091,65.6,209
398,"release:lock=<*>, flg=<*>, tag=""AudioMix"", name=audioserver"", ws=null, uid=<*>, pid=<*>",exact,"release:lock=<*>, flg=<*>, tag=""AudioMix"", name=audioserver"", ws=null, uid=<*>, pid=<*>",1.0,"acquire lock=<*>, flags=<*>, tag=""AudioMix"", name=audioserver, ws=null, uid=<*>, pid=<*>",0.8381,"<*> D PowerManagerService: release:lock=<*>, flg=<*>, tag=""AudioMix"", name=audioserver"", ws=null, uid=<*>, pid=<*>",0.781,63.53,209
399,"ready=true,policy=<*>,wakefulness=<*>,wksummary=<*>,uasummary=<*>,bootcompleted=true,boostinprogress=false,waitmodeenable=false,mode=false,manual=<*>,auto=-<*>,adj=<*>.0userId=<*>",exact,"ready=true,policy=<*>,wakefulness=<*>,wksummary=<*>,uasummary=<*>,bootcompleted=true,boostinprogress=false,waitmodeenable=false,mode=false,manual=<*>,auto=-<*>,adj=<*>.0userId=<*>",1.0,"<*> D PowerManagerService: ready=true,policy=<*>,wakefulness=<*>,wksummary=<*>,uasummary=<*>,bootcompleted=true,boostinprogress=false,waitmodeenable=false,mode=false,manual=<*>,auto=-<*>,adj=<*>.0userId=<*>",0.7294,"updateIsPoweredLocked: wasPowered=false, mIsPowered=false, oldPlugType=<*>, mPlugType=<*>, mBatteryLevel=<*>",0.5091,65.64,209
400,"<*><*> <*>:<*>:<*>.<*> <*> <*> D PowerManagerService: release:lock=<*>, flg=<*>, tag=""AudioMix"", name=audioserver"", ws=null, uid=<*>, pid=<*>",exact,"<*> D PowerManagerService: release:lock=<*>, flg=<*>, tag=""AudioMix"", name=audioserver"", ws=null, uid=<*>, pid=<*>",1.0,"release:lock=<*>, flg=<*>, tag=""AudioMix"", name=audioserver"", ws=null, uid=<*>, pid=<*>",0.781,<*> D PowerManagerService: <*> pid=<*>,0.7167,65.26,209
401,"<*><*> <*>:<*>:<*>.<*> <*> <*> D PowerManagerService: ready=true,policy=<*>,wakefulness=<*>,wksummary=<*>,uasummary=<*>,bootcompleted=true,boostinprogress=false,waitmodeenable=false,mode=false,manual=<*>,auto=-<*>,adj=<*>.0userId=<*>",exact,"<*> D PowerManagerService: ready=true,policy=<*>,wakefulness=<*>,wksummary=<*>,uasummary=<*>,bootcompleted=true,boostinprogress=false,waitmodeenable=false,mode=false,manual=<*>,auto=-<*>,adj=<*>.0userId=<*>",1.0,<*> D PowerManagerService: <*> pid=<*>,0.8163,"<*> D PowerManagerService: <*> suspend blocker ""PowerManagerService.WakeLocks"".",0.7764,68.37,209
402,"<*><*> <*>:<*>:<*>.<*> <*> <*> D PowerManagerService: release:lock=<*>, flg=<*>, tag=""AudioMix"", name=audioserver"", ws=null, uid=<*>, pid=<*>",exact,"<*> D PowerManagerService: release:lock=<*>, flg=<*>, tag=""AudioMix"", name=audioserver"", ws=null, uid=<*>, pid=<*>",1.0,"release:lock=<*>, flg=<*>, tag=""AudioMix"", name=audioserver"", ws=null, uid=<*>, pid=<*>",0.781,<*> D PowerManagerService: <*> pid=<*>,0.7167,66.4,209
403,"<*><*> <*>:<*>:<*>.<*> <*> <*> D PowerManagerService: ready=true,policy=<*>,wakefulness=<*>,wksummary=<*>,uasummary=<*>,bootcompleted=true,boostinprogress=false,waitmodeenable=false,mode=false,manual=<*>,auto=-<*>,adj=<*>.0userId=<*>",exact,"<*> D PowerManagerService: ready=true,policy=<*>,wakefulness=<*>,wksummary=<*>,uasummary=<*>,bootcompleted=true,boostinprogress=false,waitmodeenable=false,mode=false,manual=<*>,auto=-<*>,adj=<*>.0userId=<*>",1.0,<*> D PowerManagerService: <*> pid=<*>,0.8163,"<*> D PowerManagerService: <*> suspend blocker ""PowerManagerService.WakeLocks"".",0.7764,68.3,209
404,"<*><*> <*>:<*>:<*>.<*> <*> <*> D PowerManagerService: Releasing suspend blocker ""PowerManagerService.WakeLocks"".",exact,"<*> D PowerManagerService: <*> suspend blocker ""PowerManagerService.WakeLocks"".",0.9966,"Releasing suspend blocker ""PowerManagerService.WakeLocks"".",0.9076,"Acquiring suspend blocker ""PowerManagerService.WakeLocks"".",0.8568,63.87,209
405,HBM brightnessIn =<*>,exact,HBM brightnessIn =<*>,1.0,HBM brightnessOut =<*>,0.9267,"Animating brightness: target=<*>, rate=<*>",0.5363,61.94,209
406,HBM brightnessOut =<*>,exact,HBM brightnessOut =<*>,1.0,HBM brightnessIn =<*>,0.9267,"Animating brightness: target=<*>, rate=<*>",0.4981,60.99,209
407,"Animating brightness: target=<*>, rate=<*>",exact,"Animating brightness: target=<*>, rate=<*>",1.0,HBM brightnessIn =<*>,0.5363,HBM brightnessOut =<*>,0.4981,61.18,209
408,<*><*> <*>:<*>:<*>.<*> <*> <*> W ActivityManager: getRunningAppProcesses: caller <*> does not hold REAL_GET_TASKS; limiting output,exact,<*> W ActivityManager: getRunningAppProcesses: caller <*> does not hold REAL_GET_TASKS; limiting output,1.0,<*> W ActivityManager: getTasks: caller <*> does not hold REAL_GET_TASKS; limiting output,0.9301,getRunningAppProcesses: caller <*> does not hold REAL_GET_TASKS; limiting output,0.8118,63.6,209
409,<*><*> <*>:<*>:<*>.<*> <*> <*> W ActivityManager: getRunningAppProcesses: caller <*> does not hold REAL_GET_TASKS; limiting output,exact,<*> W ActivityManager: getRunningAppProcesses: caller <*> does not hold REAL_GET_TASKS; limiting output,1.0,<*> W ActivityManager: getTasks: caller <*> does not hold REAL_GET_TASKS; limiting output,0.9301,getRunningAppProcesses: caller <*> does not hold REAL_GET_TASKS; limiting output,0.8118,63.44,209
410,HBM brightnessIn =<*>,exact,HBM brightnessIn =<*>,1.0,HBM brightnessOut =<*>,0.9267,"Animating brightness: target=<*>, rate=<*>",0.5363,61.24,209
411,HBM brightnessOut =<*>,exact,HBM brightnessOut =<*>,1.0,HBM brightnessIn =<*>,0.9267,"Animating brightness: target=<*>, rate=<*>",0.4981,61.04,209
412,"Animating brightness: target=<*>, rate=<*>",exact,"Animating brightness: target=<*>, rate=<*>",1.0,HBM brightnessIn =<*>,0.5363,HBM brightnessOut =<*>,0.4981,61.16,209
413,"userActivityNoUpdateLocked: eventTime=<*>, event=<*>, flags=<*>, uid=<*>",exact,"userActivityNoUpdateLocked: eventTime=<*>, event=<*>, flags=<*>, uid=<*>",1.0,"<*> D PowerManagerService: userActivityNoUpdateLocked: eventTime=<*>, event=<*>, flags=<*>, uid=<*>",0.7739,"cancelNotificationLocked called,tell the app,reason = <*>",0.5343,61.91,209
414,"ready=true,policy=<*>,wakefulness=<*>,wksummary=<*>,uasummary=<*>,bootcompleted=true,boostinprogress=false,waitmodeenable=false,mode=false,manual=<*>,auto=-<*>,adj=<*>.0userId=<*>",exact,"ready=true,policy=<*>,wakefulness=<*>,wksummary=<*>,uasummary=<*>,bootcompleted=true,boostinprogress=false,waitmodeenable=false,mode=false,manual=<*>,auto=-<*>,adj=<*>.0userId=<*>",1.0,"<*> D PowerManagerService: ready=true,policy=<*>,wakefulness=<*>,wksummary=<*>,uasummary=<*>,bootcompleted=true,boostinprogress=false,waitmodeenable=false,mode=false,manual=<*>,auto=-<*>,adj=<*>.0userId=<*>",0.7294,"updateIsPoweredLocked: wasPowered=false, mIsPowered=false, oldPlugType=<*>, mPlugType=<*>, mBatteryLevel=<*>",0.5091,65.01,209
415,suspendAutohide,exact,suspendAutohide,1.0,cancelAutohide,0.7907,resumeSuspendedAutohide,0.771,61.49,209
416,<*><*> <*>:<*>:<*>.<*> <*> <*> D WindowManager: interceptKeyTq keycode=<*> interactive=true keyguardActive=false policyFlags=<*> down true canceled false,exact,<*> D WindowManager: interceptKeyTq keycode=<*> interactive=true keyguardActive=false policyFlags=<*> down <*> canceled false,0.9999,"<*> D WindowManager: interceptKeyBeforeQueueing: key <*> , result : <*>",0.8871,interceptKeyTq keycode=<*> interactive=true keyguardActive=false policyFlags=<*> down <*> canceled false,0.8541,63.9,209
417,"<*><*> <*>:<*>:<*>.<*> <*> <*> D WindowManager: interceptKeyBeforeQueueing: key <*> , result : <*>",exact,"<*> D WindowManager: interceptKeyBeforeQueueing: key <*> , result : <*>",1.0,<*> D WindowManager: interceptKeyTq keycode=<*> interactive=true keyguardActive=false policyFlags=<*> down <*> canceled false,0.8877,"interceptKeyBeforeQueueing: key <*> , result : <*>",0.7061,63.61,209
418,"userActivityNoUpdateLocked: eventTime=<*>, event=<*>, flags=<*>, uid=<*>",exact,"userActivityNoUpdateLocked: eventTime=<*>, event=<*>, flags=<*>, uid=<*>",1.0,"<*> D PowerManagerService: userActivityNoUpdateLocked: eventTime=<*>, event=<*>, flags=<*>, uid=<*>",0.7739,"cancelNotificationLocked called,tell the app,reason = <*>",0.5343,62.54,209
419,"ready=true,policy=<*>,wakefulness=<*>,wksummary=<*>,uasummary=<*>,bootcompleted=true,boostinprogress=false,waitmodeenable=false,mode=false,manual=<*>,auto=-<*>,adj=<*>.0userId=<*>",exact,"ready=true,policy=<*>,wakefulness=<*>,wksummary=<*>,uasummary=<*>,bootcompleted=true,boostinprogress=false,waitmodeenable=false,mode=false,manual=<*>,auto=-<*>,adj=<*>.0userId=<*>",1.0,"<*> D PowerManagerService: ready=true,policy=<*>,wakefulness=<*>,wksummary=<*>,uasummary=<*>,bootcompleted=true,boostinprogress=false,waitmodeenable=false,mode=false,manual=<*>,auto=-<*>,adj=<*>.0userId=<*>",0.7294,"updateIsPoweredLocked: wasPowered=false, mIsPowered=false, oldPlugType=<*>, mPlugType=<*>, mBatteryLevel=<*>",0.5091,65.43,209
420,resumeSuspendedAutohide,exact,resumeSuspendedAutohide,1.0,suspendAutohide,0.771,cancelAutohide,0.6555,61.14,209
421,"<*><*> <*>:<*>:<*>.<*> <*> <*> D PowerManagerService: userActivityNoUpdateLocked: eventTime=<*>, event=<*>, flags=<*>, uid=<*>",exact,"<*> D PowerManagerService: userActivityNoUpdateLocked: eventTime=<*>, event=<*>, flags=<*>, uid=<*>",1.0,"userActivityNoUpdateLocked: eventTime=<*>, event=<*>, flags=<*>, uid=<*>",0.7739,"<*> D PowerManagerService: release:lock=<*>, flg=<*>, tag=""View Lock"", name=<*>"", ws=null, uid=<*>, pid=<*>",0.762,64.31,209
422,"<*><*> <*>:<*>:<*>.<*> <*> <*> D PowerManagerService: ready=true,policy=<*>,wakefulness=<*>,wksummary=<*>,uasummary=<*>,bootcompleted=true,boostinprogress=false,waitmodeenable=false,mode=false,manual=<*>,auto=-<*>,adj=<*>.0userId=<*>",exact,"<*> D PowerManagerService: ready=true,policy=<*>,wakefulness=<*>,wksummary=<*>,uasummary=<*>,bootcompleted=true,boostinprogress=false,waitmodeenable=false,mode=false,manual=<*>,auto=-<*>,adj=<*>.0userId=<*>",1.0,<*> D PowerManagerService: <*> pid=<*>,0.8163,"<*> D PowerManagerService: <*> suspend blocker ""PowerManagerService.WakeLocks"".",0.7743,67.75,209
423,<*><*> <*>:<*>:<*>.<*> <*> <*> D WindowManager: interceptKeyTq keycode=<*> interactive=true keyguardActive=false policyFlags=<*> down false canceled false,exact,<*> D WindowManager: interceptKeyTq keycode=<*> interactive=true keyguardActive=false policyFlags=<*> down <*> canceled false,0.9998,"<*> D WindowManager: interceptKeyBeforeQueueing: key <*> , result : <*>",0.8884,interceptKeyTq keycode=<*> interactive=true keyguardActive=false policyFlags=<*> down <*> canceled false,0.852,64.16,209
424,"<*><*> <*>:<*>:<*>.<*> <*> <*> D WindowManager: interceptKeyBeforeQueueing: key <*> , result : <*>",exact,"<*> D WindowManager: interceptKeyBeforeQueueing: key <*> , result : <*>",1.0,<*> D WindowManager: interceptKeyTq keycode=<*> interactive=true keyguardActive=false policyFlags=<*> down <*> canceled false,0.8879,"interceptKeyBeforeQueueing: key <*> , result : <*>",0.7061,63.34,209
425,querySoundEffectsEnabled...,exact,querySoundEffectsEnabled...,1.0,playSoundEffect effectType: <*>,0.4443,<*> V AudioManager: querySoundEffectsEnabled...,0.4433,60.59,209
426,"userActivityNoUpdateLocked: eventTime=<*>, event=<*>, flags=<*>, uid=<*>",exact,"userActivityNoUpdateLocked: eventTime=<*>, event=<*>, flags=<*>, uid=<*>",1.0,"<*> D PowerManagerService: userActivityNoUpdateLocked: eventTime=<*>, event=<*>, flags=<*>, uid=<*>",0.7739,"cancelNotificationLocked called,tell the app,reason = <*>",0.5343,61.78,209
427,"ready=true,policy=<*>,wakefulness=<*>,wksummary=<*>,uasummary=<*>,bootcompleted=true,boostinprogress=false,waitmodeenable=false,mode=false,manual=<*>,auto=-<*>,adj=<*>.0userId=<*>",exact,"ready=true,policy=<*>,wakefulness=<*>,wksummary=<*>,uasummary=<*>,bootcompleted=true,boostinprogress=false,waitmodeenable=false,mode=false,manual=<*>,auto=-<*>,adj=<*>.0userId=<*>",1.0,"<*> D PowerManagerService: ready=true,policy=<*>,wakefulness=<*>,wksummary=<*>,uasummary=<*>,bootcompleted=true,boostinprogress=false,waitmodeenable=false,mode=false,manual=<*>,auto=-<*>,adj=<*>.0userId=<*>",0.7294,"updateIsPoweredLocked: wasPowered=false, mIsPowered=false, oldPlugType=<*>, mPlugType=<*>, mBatteryLevel=<*>",0.5091,65.53,209
428,"animateCollapsePanels:flags=<*>, force=false, delayed=false, mExpandedVisible=false",exact,"animateCollapsePanels:flags=<*>, force<*> delayed<*> mExpandedVisible<*>",0.9994,makeExpandedInvisible: mExpandedVisible<*>,0.5219,instantCollapse,0.4281,61.47,209
429,closeQs,exact,closeQs,1.0,cancelNotificationLocked:<*>|<*>|<*>|null|<*>,0.2927,querySoundEffectsEnabled...,0.2804,60.06,209
430,cancelPeek: false,exact,cancelPeek: false,1.0,"cancelNotificationLocked,remove =<*>",0.6466,cancelNotificationLocked:<*>|<*>|<*>|null|<*>,0.627,60.01,209
431,instantCollapse,exact,instantCollapse,1.0,"animateCollapsePanels:flags=<*>, force<*> delayed<*> mExpandedVisible<*>",0.4319,onExpandingStarted,0.3329,60.05,209
432,cancelPeek: false,exact,cancelPeek: false,1.0,"cancelNotificationLocked,remove =<*>",0.6466,cancelNotificationLocked:<*>|<*>|<*>|null|<*>,0.627,60.03,209
433,setLightsOn(true),exact,setLightsOn(true),1.0,"updateLightsLocked,mInCall =false,mScreenOn = true,ledNotification == null<*>",0.6517,"updateLightsLocked,turn off notificationLight",0.5854,60.03,209
434,"setSystemUiVisibility vis=<*> mask=<*> oldVal=<*> newVal=<*> diff=<*> fullscreenStackVis=<*> dockedStackVis=<*>, fullscreenStackBounds=Rect(<*>, <*> - <*>, <*>), dockedStackBounds=Rect(<*>, <*> - <*>, <*>)",exact,"setSystemUiVisibility vis=<*> mask=<*> oldVal=<*> newVal=<*> diff=<*> fullscreenStackVis=<*> dockedStackVis=<*>, fullscreenStackBounds=Rect(<*>, <*> - <*>, <*>), dockedStackBounds=Rect(<*>, <*> - <*>, <*>)",1.0,"<*> I WindowManager: Taking screenshot from Surface with crop:[Rect(<*>, <*> - <*>, <*>)], width:[<*>], height:[<*>], minLayer:[<*>], maxLayer:[<*>], inRotation:[false], rot:[<*>]",0.4978,"overlapAmount:<*>.<*>, previousNotificationEnd:<*>.<*>, newYTranslation:-<*>.<*>, location:<*>, i:<*>, getTopPadding:<*>.<*>, getLocationOnScreen():-<*>",0.4857,66.56,209
435,"acquire lock=<*>, flags=<*>, tag=""*launch*"", name=android, ws=WorkSource{<*>}, uid=<*>, pid=<*>",exact,"acquire lock=<*>, flags=<*>, tag=""*launch*"", name=android, ws=WorkSource{<*>}, uid=<*>, pid=<*>",1.0,"release:lock=<*>, flg=<*>, tag=""*launch*"", name=android"", ws=WorkSource{<*>}, uid=<*>, pid=<*>",0.8405,"acquire lock=<*>, flags=<*>, tag=""WiredAccessoryManager"", name=android, ws=null, uid=<*>, pid=<*>",0.763,62.51,209
436,"ready=true,policy=<*>,wakefulness=<*>,wksummary=<*>,uasummary=<*>,bootcompleted=true,boostinprogress=false,waitmodeenable=false,mode=false,manual=<*>,auto=-<*>,adj=<*>.0userId=<*>",exact,"ready=true,policy=<*>,wakefulness=<*>,wksummary=<*>,uasummary=<*>,bootcompleted=true,boostinprogress=false,waitmodeenable=false,mode=false,manual=<*>,auto=-<*>,adj=<*>.0userId=<*>",1.0,"<*> D PowerManagerService: ready=true,policy=<*>,wakefulness=<*>,wksummary=<*>,uasummary=<*>,bootcompleted=true,boostinprogress=false,waitmodeenable=false,mode=false,manual=<*>,auto=-<*>,adj=<*>.0userId=<*>",0.7294,"updateIsPoweredLocked: wasPowered=false, mIsPowered=false, oldPlugType=<*>, mPlugType=<*>, mBatteryLevel=<*>",0.5091,64.89,209
437,"Acquiring suspend blocker ""PowerManagerService.WakeLocks"".",exact,"Acquiring suspend blocker ""PowerManagerService.WakeLocks"".",1.0,"Releasing suspend blocker ""PowerManagerService.WakeLocks"".",0.91,"<*> D PowerManagerService: <*> suspend blocker ""PowerManagerService.WakeLocks"".",0.8733,61.23,209
438,setLightsOn(true),exact,setLightsOn(true),1.0,"updateLightsLocked,mInCall =false,mScreenOn = true,ledNotification == null<*>",0.6517,"updateLightsLocked,turn off notificationLight",0.5854,60.42,209
439,"setSystemUiVisibility vis=<*> mask=<*> oldVal=<*> newVal=<*> diff=<*> fullscreenStackVis=<*> dockedStackVis=<*>, fullscreenStackBounds=Rect(<*>, <*> - <*>, <*>), dockedStackBounds=Rect(<*>, <*> - <*>, <*>)",exact,"setSystemUiVisibility vis=<*> mask=<*> oldVal=<*> newVal=<*> diff=<*> fullscreenStackVis=<*> dockedStackVis=<*>, fullscreenStackBounds=Rect(<*>, <*> - <*>, <*>), dockedStackBounds=Rect(<*>, <*> - <*>, <*>)",1.0,"<*> I WindowManager: Taking screenshot from Surface with crop:[Rect(<*>, <*> - <*>, <*>)], width:[<*>], height:[<*>], minLayer:[<*>], maxLayer:[<*>], inRotation:[false], rot:[<*>]",0.4978,"overlapAmount:<*>.<*>, previousNotificationEnd:<*>.<*>, newYTranslation:-<*>.<*>, location:<*>, i:<*>, getTopPadding:<*>.<*>, getLocationOnScreen():-<*>",0.4857,66.49,209
440,setLightsOn(true),exact,setLightsOn(true),1.0,"updateLightsLocked,mInCall =false,mScreenOn = true,ledNotification == null<*>",0.6517,"updateLightsLocked,turn off notificationLight",0.5854,60.65,209
441,"setSystemUiVisibility vis=<*> mask=<*> oldVal=<*> newVal=<*> diff=<*> fullscreenStackVis=<*> dockedStackVis=<*>, fullscreenStackBounds=Rect(<*>, <*> - <*>, <*>), dockedStackBounds=Rect(<*>, <*> - <*>, <*>)",exact,"setSystemUiVisibility vis=<*> mask=<*> oldVal=<*> newVal=<*> diff=<*> fullscreenStackVis=<*> dockedStackVis=<*>, fullscreenStackBounds=Rect(<*>, <*> - <*>, <*>), dockedStackBounds=Rect(<*>, <*> - <*>, <*>)",1.0,"<*> I WindowManager: Taking screenshot from Surface with crop:[Rect(<*>, <*> - <*>, <*>)], width:[<*>], height:[<*>], minLayer:[<*>], maxLayer:[<*>], inRotation:[false], rot:[<*>]",0.4978,"overlapAmount:<*>.<*>, previousNotificationEnd:<*>.<*>, newYTranslation:-<*>.<*>, location:<*>, i:<*>, getTopPadding:<*>.<*>, getLocationOnScreen():-<*>",0.4857,65.96,209
442,getRunningAppProcesses: caller <*> does not hold REAL_GET_TASKS; limiting output,exact,getRunningAppProcesses: caller <*> does not hold REAL_GET_TASKS; limiting output,1.0,getTasks: caller <*> does not hold REAL_GET_TASKS; limiting output,0.8139,<*> W ActivityManager: getRunningAppProcesses: caller <*> does not hold REAL_GET_TASKS; limiting output,0.8118,61.21,209
443,setLightsOn(true),exact,setLightsOn(true),1.0,"updateLightsLocked,mInCall =false,mScreenOn = true,ledNotification == null<*>",0.6517,"updateLightsLocked,turn off notificationLight",0.5854,60.67,209
444,"setSystemUiVisibility vis=<*> mask=<*> oldVal=<*> newVal=<*> diff=<*> fullscreenStackVis=<*> dockedStackVis=<*>, fullscreenStackBounds=Rect(<*>, <*> - <*>, <*>), dockedStackBounds=Rect(<*>, <*> - <*>, <*>)",exact,"setSystemUiVisibility vis=<*> mask=<*> oldVal=<*> newVal=<*> diff=<*> fullscreenStackVis=<*> dockedStackVis=<*>, fullscreenStackBounds=Rect(<*>, <*> - <*>, <*>), dockedStackBounds=Rect(<*>, <*> - <*>, <*>)",1.0,"<*> I WindowManager: Taking screenshot from Surface with crop:[Rect(<*>, <*> - <*>, <*>)], width:[<*>], height:[<*>], minLayer:[<*>], maxLayer:[<*>], inRotation:[false], rot:[<*>]",0.4978,"overlapAmount:<*>.<*>, previousNotificationEnd:<*>.<*>, newYTranslation:-<*>.<*>, location:<*>, i:<*>, getTopPadding:<*>.<*>, getLocationOnScreen():-<*>",0.4857,65.76,209
445,"<*><*> <*>:<*>:<*>.<*> <*> <*> I WindowManager: Taking screenshot from Surface with crop:[Rect(<*>, <*> - <*>, <*>)], width:[<*>], height:[<*>], minLayer:[<*>], maxLayer:[<*>], inRotation:[false], rot:[<*>]",exact,"<*> I WindowManager: Taking screenshot from Surface with crop:[Rect(<*>, <*> - <*>, <*>)], width:[<*>], height:[<*>], minLayer:[<*>], maxLayer:[<*>], inRotation:[false], rot:[<*>]",1.0,"Taking screenshot from Surface with crop:[Rect(<*>, <*> - <*>, <*>)], width:[<*>], height:[<*>], minLayer:[<*>], maxLayer:[<*>], inRotation:[false], rot:[<*>]",0.7867,<*> I WindowManager: Destroying surface Surface<*> called by com.android.server.wm.WindowStateAnimator.destroySurface<*> com.android.server.wm.WindowStateAnimator.destroySurfaceLocked<*> com.android.server.wm.WindowState.removeLocked<*> com.android.server.wm.WindowManagerService.removeWindowInnerLocked<*> com.android.server.wm.WindowManagerService.removeWindowInnerLocked<*> com.android.server.wm.WindowManagerService.removeWindowLocked<*> com.android.server.wm.WindowManagerService.removeWindowLocked<*> com.android.server.wm.WindowManagerService.removeWindow<*>,0.7192,66.61,209
446,The change in focus caused us to need to do a layout begin,exact,The change in focus caused us to need to do a layout begin,1.0,The change in focus caused us to need to do a layout end,0.9503,<*> I WindowManager: The change in focus caused us to need to do a layout <*>,0.655,60.83,209
447,The change in focus caused us to need to do a layout end,exact,The change in focus caused us to need to do a layout end,1.0,The change in focus caused us to need to do a layout begin,0.9503,<*> I WindowManager: The change in focus caused us to need to do a layout <*>,0.6557,60.43,209
448,"setSystemUiVisibility vis=<*> mask=<*> oldVal=<*> newVal=<*> diff=<*> fullscreenStackVis=<*> dockedStackVis=<*>, fullscreenStackBounds=Rect(<*>, <*> - <*>, <*>), dockedStackBounds=Rect(<*>, <*> - <*>, <*>)",exact,"setSystemUiVisibility vis=<*> mask=<*> oldVal=<*> newVal=<*> diff=<*> fullscreenStackVis=<*> dockedStackVis=<*>, fullscreenStackBounds=Rect(<*>, <*> - <*>, <*>), dockedStackBounds=Rect(<*>, <*> - <*>, <*>)",1.0,"<*> I WindowManager: Taking screenshot from Surface with crop:[Rect(<*>, <*> - <*>, <*>)], width:[<*>], height:[<*>], minLayer:[<*>], maxLayer:[<*>], inRotation:[false], rot:[<*>]",0.4978,"overlapAmount:<*>.<*>, previousNotificationEnd:<*>.<*>, newYTranslation:-<*>.<*>, location:<*>, i:<*>, getTopPadding:<*>.<*>, getLocationOnScreen():-<*>",0.4857,66.27,209
449,cancelAutohide,exact,cancelAutohide,1.0,suspendAutohide,0.7907,resumeSuspendedAutohide,0.6555,60.49,209
450,"notifyUiVisibilityChanged:vis=<*>, SystemUiVisibility=<*>",exact,"notifyUiVisibilityChanged:vis=<*>, SystemUiVisibility=<*>",1.0,onNotificationVisibilityChanged called,0.6485,<*> I NotificationManager: <*> called,0.6286,60.64,209
451,"updateClipping isOverlap:false, getTopPadding=<*>.<*>, Translation=<*>.<*>",exact,"updateClipping isOverlap<*> getTopPadding=<*>.<*>, Translation<*>",0.9988,"release:lock=<*>, flg=<*>, tag=""RILJ_ACK_WL"", name=<*>"", ws=null, uid=<*>, pid=<*>",0.4443,"updateIsPoweredLocked: wasPowered=false, mIsPowered=false, oldPlugType=<*>, mPlugType=<*>, mBatteryLevel=<*>",0.4386,61.33,209
452,updateDimmedActivatedHideSensitive overlap:false,exact,updateDimmedActivatedHideSensitive overlap<*>,0.9998,resumeSuspendedAutohide,0.5479,suspendAutohide,0.5116,60.48,209
453,"Skipping, withExcluded: false, tr.intent:Intent { flg=<*> cmp=<*>/.recents.RecentsActivity bnds=[<*>,<*>][<*>,<*>] }",exact,"Skipping, withExcluded: false, tr.intent:Intent { flg=<*> cmp=<*>/.recents.RecentsActivity bnds=[<*>,<*>][<*>,<*>] }",1.0,"<*> D ActivityManager: Skipping, withExcluded: false, tr.intent:Intent { flg=<*> cmp=<*>/.recents.RecentsActivity bnds=[<*>,<*>][<*>,<*>] }",0.8529,"Skipping, withExcluded: false, tr.intent:Intent { flg=<*> cmp=<*>/.<*> (has extras) }",0.7771,68.04,209
454,"Skipping, withExcluded: false, tr.intent:Intent { act=<*> flg=<*> cmp=<*>/.InCallActivity (has extras) }",exact,"Skipping, withExcluded: false, tr.intent:Intent { act=<*> flg=<*> cmp=<*>/.InCallActivity (has extras) }",1.0,"Skipping, withExcluded: false, tr.intent:Intent { flg=<*> cmp=<*>/.<*> (has extras) }",0.8996,"Skipping, withExcluded: false, tr.intent:Intent { act=<*> dat=tel:xxxxxxxxxxx flg=<*> cmp=<*>/.ChooseSubActivity (has extras) }",0.861,66.18,209
455,"Skipping, withExcluded: false, tr.intent:Intent { flg=<*> cmp=<*>/.<*> (has extras) }",exact,"Skipping, withExcluded: false, tr.intent:Intent { flg=<*> cmp=<*>/.<*> (has extras) }",1.0,"Skipping, withExcluded: false, tr.intent:Intent { act=<*> flg=<*> cmp=<*>/.InCallActivity (has extras) }",0.8996,"Skipping, withExcluded: false, tr.intent:Intent { act=<*> dat=tel:xxxxxxxxxxx flg=<*> cmp=<*>/.ChooseSubActivity (has extras) }",0.8368,73.29,209
456,"Skipping, withExcluded: false, tr.intent:Intent { flg=<*> cmp=<*>/.<*> (has extras) }",exact,"Skipping, withExcluded: false, tr.intent:Intent { flg=<*> cmp=<*>/.<*> (has extras) }",1.0,"Skipping, withExcluded: false, tr.intent:Intent { act=<*> flg=<*> cmp=<*>/.InCallActivity (has extras) }",0.8996,"Skipping, withExcluded: false, tr.intent:Intent { act=<*> dat=tel:xxxxxxxxxxx flg=<*> cmp=<*>/.ChooseSubActivity (has extras) }",0.8368,62.21,209
457,"Skipping, withExcluded: false, tr.intent:Intent { act=<*> dat=tel:xxxxxxxxxxx flg=<*> cmp=<*>/.ChooseSubActivity (has extras) }",exact,"Skipping, withExcluded: false, tr.intent:Intent { act=<*> dat=tel:xxxxxxxxxxx flg=<*> cmp=<*>/.ChooseSubActivity (has extras) }",1.0,"Skipping, withExcluded: false, tr.intent:Intent { act=<*> flg=<*> cmp=<*>/.InCallActivity (has extras) }",0.861,"<*> D ActivityManager: Skipping, withExcluded: false, tr.intent:Intent { act=<*> dat=tel:xxxxxxxxxxx flg=<*> cmp=<*>/.ChooseSubActivity (has extras) }",0.8481,62.94,209
458,"Skipping, withExcluded: false, tr.intent:Intent { act=<*> dat=file://<*>.apk typ=application<*>.android.package-archive flg=<*> cmp=<*>/.PackageInstallerActivity (has extras) }",exact,"Skipping, withExcluded: false, tr.intent:Intent { act=<*> dat=file://<*>.apk typ=application<*>.android.package-archive flg=<*> cmp=<*>/.PackageInstallerActivity (has extras) }",1.0,"<*> D ActivityManager: Skipping, withExcluded: false, tr.intent:Intent { act=<*> dat=file://<*>.apk typ=application<*>.android.package-archive flg=<*> cmp=<*>/.PackageInstallerActivity (has extras) }",0.8303,"Skipping, withExcluded: false, tr.intent:Intent { flg=<*> cmp=<*>/.<*> (has extras) }",0.6987,64.35,209
459,"getRecentTasks: num=<*>,flags=<*>,totalTasks=<*>",exact,"getRecentTasks: num=<*>,flags=<*>,totalTasks=<*>",1.0,"<*> D ActivityManager: getRecentTasks: num=<*>,flags=<*>,totalTasks=<*>",0.8022,getRecentTasks: topActivity=ComponentInfo{<*><*>.<*>},0.59,61.26,209
460,getRecentTasks: topActivity=ComponentInfo{<*><*>.<*>},exact,getRecentTasks: topActivity=ComponentInfo{<*><*>.<*>},1.0,<*> D ActivityManager: getRecentTasks: topActivity=ComponentInfo{<*><*>.<*>},0.8818,"<*> D ActivityManager: getRecentTasks: num=<*>,flags=<*>,totalTasks=<*>",0.6316,60.78,209
461,"Skipping, withExcluded: false, tr.intent:Intent { flg=<*> cmp=<*>/.recents.RecentsActivity bnds=[<*>,<*>][<*>,<*>] }",exact,"Skipping, withExcluded: false, tr.intent:Intent { flg=<*> cmp=<*>/.recents.RecentsActivity bnds=[<*>,<*>][<*>,<*>] }",1.0,"<*> D ActivityManager: Skipping, withExcluded: false, tr.intent:Intent { flg=<*> cmp=<*>/.recents.RecentsActivity bnds=[<*>,<*>][<*>,<*>] }",0.8529,"Skipping, withExcluded: false, tr.intent:Intent { flg=<*> cmp=<*>/.<*> (has extras) }",0.7771,63.24,209
462,"Skipping, withExcluded: false, tr.intent:Intent { act=<*> flg=<*> cmp=<*>/.InCallActivity (has extras) }",exact,"Skipping, withExcluded: false, tr.intent:Intent { act=<*> flg=<*> cmp=<*>/.InCallActivity (has extras) }",1.0,"Skipping, withExcluded: false, tr.intent:Intent { flg=<*> cmp=<*>/.<*> (has extras) }",0.8996,"Skipping, withExcluded: false, tr.intent:Intent { act=<*> dat=tel:xxxxxxxxxxx flg=<*> cmp=<*>/.ChooseSubActivity (has extras) }",0.861,62.14,209
463,"Skipping, withExcluded: false, tr.intent:Intent { flg=<*> cmp=<*>/.<*> (has extras) }",exact,"Skipping, withExcluded: false, tr.intent:Intent { flg=<*> cmp=<*>/.<*> (has extras) }",1.0,"Skipping, withExcluded: false, tr.intent:Intent { act=<*> flg=<*> cmp=<*>/.InCallActivity (has extras) }",0.8996,"Skipping, withExcluded: false, tr.intent:Intent { act=<*> dat=tel:xxxxxxxxxxx flg=<*> cmp=<*>/.ChooseSubActivity (has extras) }",0.8368,61.93,209
464,"getRecentTasks: num=<*>,flags=<*>,totalTasks=<*>",exact,"getRecentTasks: num=<*>,flags=<*>,totalTasks=<*>",1.0,"<*> D ActivityManager: getRecentTasks: num=<*>,flags=<*>,totalTasks=<*>",0.8022,getRecentTasks: topActivity=ComponentInfo{<*><*>.<*>},0.59,61.09,209
465,getRecentTasks: topActivity=ComponentInfo{<*><*>.<*>},exact,getRecentTasks: topActivity=ComponentInfo{<*><*>.<*>},1.0,<*> D ActivityManager: getRecentTasks: topActivity=ComponentInfo{<*><*>.<*>},0.8818,"<*> D ActivityManager: getRecentTasks: num=<*>,flags=<*>,totalTasks=<*>",0.6316,60.7,209
466,"setSystemUiVisibility vis=<*> mask=<*> oldVal=<*> newVal=<*> diff=<*> fullscreenStackVis=<*> dockedStackVis=<*>, fullscreenStackBounds=Rect(<*>, <*> - <*>, <*>), dockedStackBounds=Rect(<*>, <*> - <*>, <*>)",exact,"setSystemUiVisibility vis=<*> mask=<*> oldVal=<*> newVal=<*> diff=<*> fullscreenStackVis=<*> dockedStackVis=<*>, fullscreenStackBounds=Rect(<*>, <*> - <*>, <*>), dockedStackBounds=Rect(<*>, <*> - <*>, <*>)",1.0,"<*> I WindowManager: Taking screenshot from Surface with crop:[Rect(<*>, <*> - <*>, <*>)], width:[<*>], height:[<*>], minLayer:[<*>], maxLayer:[<*>], inRotation:[false], rot:[<*>]",0.4978,"overlapAmount:<*>.<*>, previousNotificationEnd:<*>.<*>, newYTranslation:-<*>.<*>, location:<*>, i:<*>, getTopPadding:<*>.<*>, getLocationOnScreen():-<*>",0.4857,65.6,209
467,cancelAutohide,exact,cancelAutohide,1.0,suspendAutohide,0.7907,resumeSuspendedAutohide,0.6555,61.06,209
468,"notifyUiVisibilityChanged:vis=<*>, SystemUiVisibility=<*>",exact,"notifyUiVisibilityChanged:vis=<*>, SystemUiVisibility=<*>",1.0,onNotificationVisibilityChanged called,0.6485,<*> I NotificationManager: <*> called,0.6286,61.05,209
469,getRingerMode...,exact,getRingerMode...,1.0,<*> V AudioManager: getRingerMode...,0.4717,getRingtonePlayer...,0.4099,60.92,209
470,"release:lock=<*>, flg=<*>, tag=""*launch*"", name=android"", ws=WorkSource{<*>}, uid=<*>, pid=<*>",exact,"release:lock=<*>, flg=<*>, tag=""*launch*"", name=android"", ws=WorkSource{<*>}, uid=<*>, pid=<*>",1.0,"release:lock=<*>, flg=<*>, tag=""WindowManager"", name=android"", ws=WorkSource{<*>}, uid=<*>, pid=<*>",0.8903,"acquire lock=<*>, flags=<*>, tag=""*launch*"", name=android, ws=WorkSource{<*>}, uid=<*>, pid=<*>",0.8405,62.98,209
471,"ready=true,policy=<*>,wakefulness=<*>,wksummary=<*>,uasummary=<*>,bootcompleted=true,boostinprogress=false,waitmodeenable=false,mode=false,manual=<*>,auto=-<*>,adj=<*>.0userId=<*>",exact,"ready=true,policy=<*>,wakefulness=<*>,wksummary=<*>,uasummary=<*>,bootcompleted=true,boostinprogress=false,waitmodeenable=false,mode=false,manual=<*>,auto=-<*>,adj=<*>.0userId=<*>",1.0,"<*> D PowerManagerService: ready=true,policy=<*>,wakefulness=<*>,wksummary=<*>,uasummary=<*>,bootcompleted=true,boostinprogress=false,waitmodeenable=false,mode=false,manual=<*>,auto=-<*>,adj=<*>.0userId=<*>",0.7294,"updateIsPoweredLocked: wasPowered=false, mIsPowered=false, oldPlugType=<*>, mPlugType=<*>, mBatteryLevel=<*>",0.5091,64.92,209
472,"Releasing suspend blocker ""PowerManagerService.WakeLocks"".",exact,"Releasing suspend blocker ""PowerManagerService.WakeLocks"".",1.0,"Acquiring suspend blocker ""PowerManagerService.WakeLocks"".",0.91,"<*> D PowerManagerService: <*> suspend blocker ""PowerManagerService.WakeLocks"".",0.9009,61.75,209
473,enqueueNotificationInternal: pkg=<*> id=<*> notification=Notification(pri=<*> contentView=null vibrate=[] sound=null tick defaults=<*> flags=<*> color=<*> category=msg vis=PRIVATE),exact,enqueueNotificationInternal: pkg=<*> id=<*> notification=Notification(pri=<*> contentView=null vibrate<*> sound=null tick defaults=<*> flags=<*> color=<*> <*> vis=PRIVATE),0.9986,<*> I NotificationManager: <*> called,0.6088,"<*> I NotificationManager: cancelNotificationWithTag pid <*>,uid = <*>,tag = null,pkg =<*>,id =<*>",0.5751,63.33,209
474,enqueueNotificationInternal: n.getKey = <*>|<*>|<*>|null|<*>,exact,enqueueNotificationInternal: n.getKey = <*>,1.0,"interceptKeyBeforeQueueing: key <*> , result : <*>",0.5957,addNotification key=<*>|<*>|<*>|null|<*>,0.5174,62.11,209
475,"updateLightsLocked,mInCall =false,mScreenOn = true,ledNotification == null?false",exact,"updateLightsLocked,mInCall =false,mScreenOn = true,ledNotification == null<*>",0.999,"updateLightsLocked,turn off notificationLight",0.759,setLightsOn(true),0.6494,61.76,209
476,"updateLightsLocked,turn off notificationLight",exact,"updateLightsLocked,turn off notificationLight",1.0,"updateLightsLocked,mInCall =false,mScreenOn = true,ledNotification == null<*>",0.7514,setLightsOn(true),0.5854,60.71,209
477,addNotification key=<*>|<*>|<*>|null|<*>,exact,addNotification key=<*>|<*>|<*>|null|<*>,1.0,removeNotification:<*>|<*>|<*>|null|<*>,0.8375,Marking notification as seen <*>,0.6929,61.52,209
478,mHeadsUpExistenceChangedRunnable,exact,mHeadsUpExistenceChangedRunnable,1.0,logNotificationVisibilityChanges runInThread start,0.455,logNotificationVisibilityChanges runInThread over,0.4468,60.97,209
479,disable: < expand ICONS* alerts SYSTEM_INFO* back home recent clock navigationbar search quick_settings >,exact,disable: < expand <*> alerts <*> back home recent clock navigationbar search quick_settings >,1.0,"<*> I ActivityManager: cleanUpApplicationRecordLocked, <*> pid<*> restart<*> <*>",0.4313,"notifyUiVisibilityChanged:vis=<*>, SystemUiVisibility=<*>",0.4172,61.23,209
480,suspendAutohide,exact,suspendAutohide,1.0,cancelAutohide,0.7907,resumeSuspendedAutohide,0.771,60.35,209
481,"updateNotificationShade: total=<*>, active=<*>",exact,"updateNotificationShade: total=<*>, active=<*>",1.0,addNotification key=<*>|<*>|<*>|null|<*>,0.5749,<*> I NotificationManager: <*> called,0.5706,60.94,209
482,removeNotificationChildren,exact,removeNotificationChildren,1.0,removeNotification:<*>|<*>|<*>|null|<*>,0.574,<*> I NotificationManager: <*> called,0.5072,61.02,209
483,"updateNotificationShade: total=<*>, active=<*>",exact,"updateNotificationShade: total=<*>, active=<*>",1.0,addNotification key=<*>|<*>|<*>|null|<*>,0.5749,<*> I NotificationManager: <*> called,0.5706,60.95,209
484,removeNotificationChildren,exact,removeNotificationChildren,1.0,removeNotification:<*>|<*>|<*>|null|<*>,0.574,<*> I NotificationManager: <*> called,0.5072,60.41,209
485,Marking notification as seen <*>|<*>|<*>|null|<*>,exact,Marking notification as seen <*>,1.0,removeNotification:<*>|<*>|<*>|null|<*>,0.7113,addNotification key=<*>|<*>|<*>|null|<*>,0.6929,61.15,209
486,<*><*> <*>:<*>:<*>.<*> <*> <*> W ActivityManager: getTasks: caller <*> does not hold REAL_GET_TASKS; limiting output,exact,<*> W ActivityManager: getTasks: caller <*> does not hold REAL_GET_TASKS; limiting output,1.0,<*> W ActivityManager: getRunningAppProcesses: caller <*> does not hold REAL_GET_TASKS; limiting output,0.9301,getTasks: caller <*> does not hold REAL_GET_TASKS; limiting output,0.8241,63.32,209
487,getTasks: caller <*> does not hold REAL_GET_TASKS; limiting output,exact,getTasks: caller <*> does not hold REAL_GET_TASKS; limiting output,1.0,<*> W ActivityManager: getTasks: caller <*> does not hold REAL_GET_TASKS; limiting output,0.8241,getRunningAppProcesses: caller <*> does not hold REAL_GET_TASKS; limiting output,0.8139,61.13,209
488,<*><*> <*>:<*>:<*>.<*> <*> <*> I NotificationManager: onNotificationExpansionChanged called,exact,<*> I NotificationManager: <*> called,0.9928,<*> I NotificationManager: onNotificationClick called,0.8928,"<*> I NotificationManager: cancelNotificationWithTag pid <*>,uid = <*>,tag = null,pkg =<*>,id =<*>",0.7861,62.4,209
489,Destroying surface Surface(name=<*><*>.<*>) called by <*>:<*> <*>:<*> <*>:<*> <*>:<*> <*>:<*> <*>:<*> <*>:<*> <*>:<*>,exact,Destroying surface Surface(name=<*><*>.<*>) called by com.android.server.wm.WindowStateAnimator.destroySurface<*> com.android.server.wm.WindowStateAnimator.destroySurfaceLocked<*> com.android.server.wm.WindowState.destroyOrSaveSurface<*> com.android.server.wm.AppWindowToken.destroySurfaces<*> com.android.server.wm.AppWindowToken.notifyAppStopped<*> com.android.server.wm.WindowManagerService.notifyAppStopped<*> com.android.server.am.ActivityStack.activityStoppedLocked<*> com.android.server.am.ActivityManagerService.activityStopped<*>,1.0,Destroying surface Surface(name=<*><*>.<*>) called by com.android.server.wm.WindowStateAnimator.destroySurface<*> com.android.server.wm.WindowStateAnimator.destroySurfaceLocked<*> com.android.server.wm.WindowState.destroyOrSaveSurface<*> com.android.server.wm.WindowManagerService.tryStartExitingAnimation<*> com.android.server.wm.WindowManagerService.relayoutWindow<*> com.android.server.wm.Session.relayout<*> android.view.IWindowSession<*> com.android.server.wm.Session.onTransact<*>,0.9164,Destroying surface Surface(name=InputMethod) called by com.android.server.wm.WindowStateAnimator.destroySurface<*> com.android.server.wm.WindowStateAnimator.destroySurfaceLocked<*> com.android.server.wm.WindowState.destroyOrSaveSurface<*> com.android.server.wm.WindowSurfacePlacer.performSurfacePlacementInner<*> com.android.server.wm.WindowSurfacePlacer.performSurfacePlacementLoop<*> com.android.server.wm.WindowSurfacePlacer.performSurfacePlacement<*> com.android.server.wm.WindowManagerService<*> android.os.Handler.dispatchMessage<*>,0.8861,64.29,209
490,"updateClipping isOverlap:false, getTopPadding=<*>.<*>, Translation=-<*>.<*>",exact,"updateClipping isOverlap<*> getTopPadding=<*>.<*>, Translation<*>",0.999,"release:lock=<*>, flg=<*>, tag=""RILJ_ACK_WL"", name=<*>"", ws=null, uid=<*>, pid=<*>",0.4443,"updateIsPoweredLocked: wasPowered=false, mIsPowered=false, oldPlugType=<*>, mPlugType=<*>, mBatteryLevel=<*>",0.4403,62.0,209
491,updateDimmedActivatedHideSensitive overlap:false,exact,updateDimmedActivatedHideSensitive overlap<*>,0.9998,resumeSuspendedAutohide,0.5479,suspendAutohide,0.5116,61.21,209
492,getRunningAppProcesses: caller <*> does not hold REAL_GET_TASKS; limiting output,exact,getRunningAppProcesses: caller <*> does not hold REAL_GET_TASKS; limiting output,1.0,getTasks: caller <*> does not hold REAL_GET_TASKS; limiting output,0.8139,<*> W ActivityManager: getRunningAppProcesses: caller <*> does not hold REAL_GET_TASKS; limiting output,0.8118,61.36,209
493,"updateClipping isOverlap:false, getTopPadding=<*>.<*>, Translation=-<*>.<*>",exact,"updateClipping isOverlap<*> getTopPadding=<*>.<*>, Translation<*>",0.9991,"release:lock=<*>, flg=<*>, tag=""RILJ_ACK_WL"", name=<*>"", ws=null, uid=<*>, pid=<*>",0.4443,"updateIsPoweredLocked: wasPowered=false, mIsPowered=false, oldPlugType=<*>, mPlugType=<*>, mBatteryLevel=<*>",0.4403,61.6,209
494,updateDimmedActivatedHideSensitive overlap:false,exact,updateDimmedActivatedHideSensitive overlap<*>,0.9998,resumeSuspendedAutohide,0.5479,suspendAutohide,0.5116,60.9,209
495,getTasks: caller <*> does not hold REAL_GET_TASKS; limiting output,exact,getTasks: caller <*> does not hold REAL_GET_TASKS; limiting output,1.0,<*> W ActivityManager: getTasks: caller <*> does not hold REAL_GET_TASKS; limiting output,0.8241,getRunningAppProcesses: caller <*> does not hold REAL_GET_TASKS; limiting output,0.8139,60.76,209
496,getTasks: caller <*> does not hold REAL_GET_TASKS; limiting output,exact,getTasks: caller <*> does not hold REAL_GET_TASKS; limiting output,1.0,<*> W ActivityManager: getTasks: caller <*> does not hold REAL_GET_TASKS; limiting output,0.8241,getRunningAppProcesses: caller <*> does not hold REAL_GET_TASKS; limiting output,0.8139,60.64,209
497,<*><*> <*>:<*>:<*>.<*> <*> <*> W ActivityManager: getTasks: caller <*> does not hold REAL_GET_TASKS; limiting output,exact,<*> W ActivityManager: getTasks: caller <*> does not hold REAL_GET_TASKS; limiting output,1.0,<*> W ActivityManager: getRunningAppProcesses: caller <*> does not hold REAL_GET_TASKS; limiting output,0.9301,getTasks: caller <*> does not hold REAL_GET_TASKS; limiting output,0.8241,62.82,209
498,getTasks: caller <*> does not hold REAL_GET_TASKS; limiting output,exact,getTasks: caller <*> does not hold REAL_GET_TASKS; limiting output,1.0,<*> W ActivityManager: getTasks: caller <*> does not hold REAL_GET_TASKS; limiting output,0.8241,getRunningAppProcesses: caller <*> does not hold REAL_GET_TASKS; limiting output,0.8139,60.87,209
499,<*><*> <*>:<*>:<*>.<*> <*> <*> W ActivityManager: getTasks: caller <*> does not hold REAL_GET_TASKS; limiting output,exact,<*> W ActivityManager: getTasks: caller <*> does not hold REAL_GET_TASKS; limiting output,1.0,<*> W ActivityManager: getRunningAppProcesses: caller <*> does not hold REAL_GET_TASKS; limiting output,0.9301,getTasks: caller <*> does not hold REAL_GET_TASKS; limiting output,0.8241,62.84,209
500,getRunningAppProcesses: caller <*> does not hold REAL_GET_TASKS; limiting output,exact,getRunningAppProcesses: caller <*> does not hold REAL_GET_TASKS; limiting output,1.0,getTasks: caller <*> does not hold REAL_GET_TASKS; limiting output,0.8139,<*> W ActivityManager: getRunningAppProcesses: caller <*> does not hold REAL_GET_TASKS; limiting output,0.8118,61.51,209
501,"sending alarm Alarm{<*> type <*> when <*> PendingIntent{<*>: PendingIntentRecord{<*> <*> broadcastIntent}}},repeatInterval = <*>,listenerTag =null",exact,"sending alarm Alarm{<*> type <*> when <*> PendingIntent{<*>: PendingIntentRecord{<*> com.android.phone<*> broadcastIntent}}},repeatInterval = <*>,listenerTag =null",1.0,"sending alarm Alarm{<*> type <*> when <*> PendingIntent{<*>: PendingIntentRecord{<*> android broadcastIntent}}},repeatInterval = <*>,listenerTag =time_tick",0.9124,"<*> I NotificationManager: cancelNotificationWithTag pid <*>,uid = <*>,tag = null,pkg =<*>,id =<*>",0.5458,63.28,209
502,"ready=true,policy=<*>,wakefulness=<*>,wksummary=<*>,uasummary=<*>,bootcompleted=true,boostinprogress=false,waitmodeenable=false,mode=false,manual=<*>,auto=-<*>,adj=<*>.0userId=<*>",exact,"ready=true,policy=<*>,wakefulness=<*>,wksummary=<*>,uasummary=<*>,bootcompleted=true,boostinprogress=false,waitmodeenable=false,mode=false,manual=<*>,auto=-<*>,adj=<*>.0userId=<*>",1.0,"<*> D PowerManagerService: ready=true,policy=<*>,wakefulness=<*>,wksummary=<*>,uasummary=<*>,bootcompleted=true,boostinprogress=false,waitmodeenable=false,mode=false,manual=<*>,auto=-<*>,adj=<*>.0userId=<*>",0.7294,"updateIsPoweredLocked: wasPowered=false, mIsPowered=false, oldPlugType=<*>, mPlugType=<*>, mBatteryLevel=<*>",0.5091,65.69,209
503,"Acquiring suspend blocker ""PowerManagerService.WakeLocks"".",exact,"Acquiring suspend blocker ""PowerManagerService.WakeLocks"".",1.0,"Releasing suspend blocker ""PowerManagerService.WakeLocks"".",0.91,"<*> D PowerManagerService: <*> suspend blocker ""PowerManagerService.WakeLocks"".",0.8733,61.81,209
504,"ready=true,policy=<*>,wakefulness=<*>,wksummary=<*>,uasummary=<*>,bootcompleted=true,boostinprogress=false,waitmodeenable=false,mode=false,manual=<*>,auto=-<*>,adj=<*>.0userId=<*>",exact,"ready=true,policy=<*>,wakefulness=<*>,wksummary=<*>,uasummary=<*>,bootcompleted=true,boostinprogress=false,waitmodeenable=false,mode=false,manual=<*>,auto=-<*>,adj=<*>.0userId=<*>",1.0,"<*> D PowerManagerService: ready=true,policy=<*>,wakefulness=<*>,wksummary=<*>,uasummary=<*>,bootcompleted=true,boostinprogress=false,waitmodeenable=false,mode=false,manual=<*>,auto=-<*>,adj=<*>.0userId=<*>",0.7294,"updateIsPoweredLocked: wasPowered=false, mIsPowered=false, oldPlugType=<*>, mPlugType=<*>, mBatteryLevel=<*>",0.5091,65.62,209
505,"Releasing suspend blocker ""PowerManagerService.WakeLocks"".",exact,"Releasing suspend blocker ""PowerManagerService.WakeLocks"".",1.0,"Acquiring suspend blocker ""PowerManagerService.WakeLocks"".",0.91,"<*> D PowerManagerService: <*> suspend blocker ""PowerManagerService.WakeLocks"".",0.9009,61.48,209
506,"ready=true,policy=<*>,wakefulness=<*>,wksummary=<*>,uasummary=<*>,bootcompleted=true,boostinprogress=false,waitmodeenable=false,mode=false,manual=<*>,auto=-<*>,adj=<*>.0userId=<*>",exact,"ready=true,policy=<*>,wakefulness=<*>,wksummary=<*>,uasummary=<*>,bootcompleted=true,boostinprogress=false,waitmodeenable=false,mode=false,manual=<*>,auto=-<*>,adj=<*>.0userId=<*>",1.0,"<*> D PowerManagerService: ready=true,policy=<*>,wakefulness=<*>,wksummary=<*>,uasummary=<*>,bootcompleted=true,boostinprogress=false,waitmodeenable=false,mode=false,manual=<*>,auto=-<*>,adj=<*>.0userId=<*>",0.7294,"updateIsPoweredLocked: wasPowered=false, mIsPowered=false, oldPlugType=<*>, mPlugType=<*>, mBatteryLevel=<*>",0.5091,65.5,209
507,"Acquiring suspend blocker ""PowerManagerService.WakeLocks"".",exact,"Acquiring suspend blocker ""PowerManagerService.WakeLocks"".",1.0,"Releasing suspend blocker ""PowerManagerService.WakeLocks"".",0.91,"<*> D PowerManagerService: <*> suspend blocker ""PowerManagerService.WakeLocks"".",0.8733,61.15,209
508,"updateClipping isOverlap:false, getTopPadding=<*>.<*>, Translation=-<*>.<*>",exact,"updateClipping isOverlap<*> getTopPadding=<*>.<*>, Translation<*>",0.9992,"release:lock=<*>, flg=<*>, tag=""RILJ_ACK_WL"", name=<*>"", ws=null, uid=<*>, pid=<*>",0.4443,"updateIsPoweredLocked: wasPowered=false, mIsPowered=false, oldPlugType=<*>, mPlugType=<*>, mBatteryLevel=<*>",0.4403,61.35,209
509,updateDimmedActivatedHideSensitive overlap:false,exact,updateDimmedActivatedHideSensitive overlap<*>,0.9998,resumeSuspendedAutohide,0.5479,suspendAutohide,0.5116,60.88,209
510,logNotificationVisibilityChanges runInThread start,exact,logNotificationVisibilityChanges runInThread start,1.0,logNotificationVisibilityChanges runInThread over,0.9482,onNotificationVisibilityChanged called,0.6008,60.71,209
511,onNotificationVisibilityChanged called,exact,onNotificationVisibilityChanged called,1.0,<*> I NotificationManager: <*> called,0.6968,onNotificationClick called,0.6523,61.33,209
512,logNotificationVisibilityChanges runInThread over,exact,logNotificationVisibilityChanges runInThread over,1.0,logNotificationVisibilityChanges runInThread start,0.9482,onNotificationVisibilityChanged called,0.6184,60.38,209
513,"<*><*> <*>:<*>:<*>.<*> <*> <*> D PowerManagerService: ready=true,policy=<*>,wakefulness=<*>,wksummary=<*>,uasummary=<*>,bootcompleted=true,boostinprogress=false,waitmodeenable=false,mode=false,manual=<*>,auto=-<*>,adj=<*>.0userId=<*>",exact,"<*> D PowerManagerService: ready=true,policy=<*>,wakefulness=<*>,wksummary=<*>,uasummary=<*>,bootcompleted=true,boostinprogress=false,waitmodeenable=false,mode=false,manual=<*>,auto=-<*>,adj=<*>.0userId=<*>",1.0,<*> D PowerManagerService: <*> pid=<*>,0.8163,"<*> D PowerManagerService: <*> suspend blocker ""PowerManagerService.WakeLocks"".",0.7743,67.86,209
514,"<*><*> <*>:<*>:<*>.<*> <*> <*> D PowerManagerService: Releasing suspend blocker ""PowerManagerService.WakeLocks"".",exact,"<*> D PowerManagerService: <*> suspend blocker ""PowerManagerService.WakeLocks"".",0.9977,"Releasing suspend blocker ""PowerManagerService.WakeLocks"".",0.9076,"Acquiring suspend blocker ""PowerManagerService.WakeLocks"".",0.8568,62.82,209
515,"userActivityNoUpdateLocked: eventTime=<*>, event=<*>, flags=<*>, uid=<*>",exact,"userActivityNoUpdateLocked: eventTime=<*>, event=<*>, flags=<*>, uid=<*>",1.0,"<*> D PowerManagerService: userActivityNoUpdateLocked: eventTime=<*>, event=<*>, flags=<*>, uid=<*>",0.7739,"cancelNotificationLocked called,tell the app,reason = <*>",0.5343,61.57,209
516,"ready=true,policy=<*>,wakefulness=<*>,wksummary=<*>,uasummary=<*>,bootcompleted=true,boostinprogress=false,waitmodeenable=false,mode=false,manual=<*>,auto=-<*>,adj=<*>.0userId=<*>",exact,"ready=true,policy=<*>,wakefulness=<*>,wksummary=<*>,uasummary=<*>,bootcompleted=true,boostinprogress=false,waitmodeenable=false,mode=false,manual=<*>,auto=-<*>,adj=<*>.0userId=<*>",1.0,"<*> D PowerManagerService: ready=true,policy=<*>,wakefulness=<*>,wksummary=<*>,uasummary=<*>,bootcompleted=true,boostinprogress=false,waitmodeenable=false,mode=false,manual=<*>,auto=-<*>,adj=<*>.0userId=<*>",0.7294,"updateIsPoweredLocked: wasPowered=false, mIsPowered=false, oldPlugType=<*>, mPlugType=<*>, mBatteryLevel=<*>",0.5091,65.1,209
517,"onInterceptTouchEvent MotionEvent { action=ACTION_DOWN, actionButton=<*>, id[<*>]=<*>, x[<*>]=<*>.<*>, y[<*>]=<*>.<*>, toolType[<*>]=TOOL_TYPE_FINGER, buttonState=<*>, metaState=<*>, flags=<*>, edgeFlags=<*>, pointerCount=<*>, historySize=<*>, eventTime=<*>, downTime=<*>, deviceId=<*>, source=<*> }, mBlockTouches=false",exact,"onInterceptTouchEvent MotionEvent { action<*> actionButton=<*>, id[<*>]=<*>, x[<*>]=<*>.<*>, y[<*>]=<*>.<*>, toolType[<*>]=TOOL_TYPE_FINGER, buttonState=<*>, metaState=<*>, flags=<*>, edgeFlags=<*>, pointerCount=<*>, historySize=<*>, eventTime=<*>, downTime=<*>, deviceId=<*>, source=<*> }, mBlockTouches=false",0.9988,"<*> D ActivityManager: Skipping, withExcluded: false, tr.intent:Intent { act=<*> dat=tel:xxxxxxxxxxx flg=<*> cmp=<*>/.ChooseSubActivity (has extras) }",0.4693,"<*> D ActivityManager: ActivityManagerService,attachApplication,callingPid = <*>",0.4655,70.61,209
518,"updateClipping isOverlap:false, getTopPadding=<*>.<*>, Translation=-<*>.<*>",exact,"updateClipping isOverlap<*> getTopPadding=<*>.<*>, Translation<*>",0.9993,"release:lock=<*>, flg=<*>, tag=""RILJ_ACK_WL"", name=<*>"", ws=null, uid=<*>, pid=<*>",0.4443,"updateIsPoweredLocked: wasPowered=false, mIsPowered=false, oldPlugType=<*>, mPlugType=<*>, mBatteryLevel=<*>",0.4403,62.45,209
519,updateDimmedActivatedHideSensitive overlap:false,exact,updateDimmedActivatedHideSensitive overlap<*>,0.9999,resumeSuspendedAutohide,0.5479,suspendAutohide,0.5116,60.47,209
520,"onInterceptTouchEvent MotionEvent { action=ACTION_UP, actionButton=<*>, id[<*>]=<*>, x[<*>]=<*>.<*>, y[<*>]=<*>.<*>, toolType[<*>]=TOOL_TYPE_FINGER, buttonState=<*>, metaState=<*>, flags=<*>, edgeFlags=<*>, pointerCount=<*>, historySize=<*>, eventTime=<*>, downTime=<*>, deviceId=<*>, source=<*> }, mBlockTouches=false",exact,"onInterceptTouchEvent MotionEvent { action<*> actionButton=<*>, id[<*>]=<*>, x[<*>]=<*>.<*>, y[<*>]=<*>.<*>, toolType[<*>]=TOOL_TYPE_FINGER, buttonState=<*>, metaState=<*>, flags=<*>, edgeFlags=<*>, pointerCount=<*>, historySize=<*>, eventTime=<*>, downTime=<*>, deviceId=<*>, source=<*> }, mBlockTouches=false",0.9984,"<*> D ActivityManager: Skipping, withExcluded: false, tr.intent:Intent { act=<*> dat=tel:xxxxxxxxxxx flg=<*> cmp=<*>/.ChooseSubActivity (has extras) }",0.4686,"<*> D ActivityManager: ActivityManagerService,attachApplication,callingPid = <*>",0.4681,70.63,209
521,HBM brightnessIn =<*>,exact,HBM brightnessIn =<*>,1.0,HBM brightnessOut =<*>,0.9267,"Animating brightness: target=<*>, rate=<*>",0.5363,60.71,209
522,HBM brightnessOut =<*>,exact,HBM brightnessOut =<*>,1.0,HBM brightnessIn =<*>,0.9267,"Animating brightness: target=<*>, rate=<*>",0.4981,60.26,209
523,"Animating brightness: target=<*>, rate=<*>",exact,"Animating brightness: target=<*>, rate=<*>",1.0,HBM brightnessIn =<*>,0.5363,HBM brightnessOut =<*>,0.4981,60.67,209
524,playSoundEffect effectType: <*>,exact,playSoundEffect effectType: <*>,1.0,<*> V AudioManager: playSoundEffect effectType: <*>,0.7282,<*> V AudioManager: querySoundEffectsEnabled...,0.5239,60.22,209
525,querySoundEffectsEnabled...,exact,querySoundEffectsEnabled...,1.0,playSoundEffect effectType: <*>,0.4443,<*> V AudioManager: querySoundEffectsEnabled...,0.4433,60.18,209
526,"updateNotificationShade: total=<*>, active=<*>",exact,"updateNotificationShade: total=<*>, active=<*>",1.0,addNotification key=<*>|<*>|<*>|null|<*>,0.5749,<*> I NotificationManager: <*> called,0.5707,60.85,209
527,removeNotificationChildren,exact,removeNotificationChildren,1.0,removeNotification:<*>|<*>|<*>|null|<*>,0.574,<*> I NotificationManager: <*> called,0.5052,60.31,209
528,"animateCollapsePanels:flags=<*>, force=true, delayed=true, mExpandedVisible=true",exact,"animateCollapsePanels:flags=<*>, force<*> delayed<*> mExpandedVisible<*>",0.996,makeExpandedInvisible: mExpandedVisible<*>,0.498,instantCollapse,0.4404,60.53,209
529,closeQs,exact,closeQs,1.0,cancelNotificationLocked:<*>|<*>|<*>|null|<*>,0.2927,querySoundEffectsEnabled...,0.2804,60.15,209
530,cancelPeek: false,exact,cancelPeek: false,1.0,"cancelNotificationLocked,remove =<*>",0.6466,cancelNotificationLocked:<*>|<*>|<*>|null|<*>,0.627,60.73,209
531,instantCollapse,exact,instantCollapse,1.0,"animateCollapsePanels:flags=<*>, force<*> delayed<*> mExpandedVisible<*>",0.4327,onExpandingStarted,0.3329,60.14,209
532,cancelPeek: false,exact,cancelPeek: false,1.0,"cancelNotificationLocked,remove =<*>",0.6466,cancelNotificationLocked:<*>|<*>|<*>|null|<*>,0.627,60.25,209
533,"updateNotificationShade: total=<*>, active=<*>",exact,"updateNotificationShade: total=<*>, active=<*>",1.0,addNotification key=<*>|<*>|<*>|null|<*>,0.5749,<*> I NotificationManager: <*> called,0.5707,72.99,209
534,removeNotificationChildren,exact,removeNotificationChildren,1.0,removeNotification:<*>|<*>|<*>|null|<*>,0.574,<*> I NotificationManager: <*> called,0.5052,60.12,209
535,logNotificationVisibilityChanges runInThread start,exact,logNotificationVisibilityChanges runInThread start,1.0,logNotificationVisibilityChanges runInThread over,0.9482,onNotificationVisibilityChanged called,0.6008,60.53,209
536,onNotificationVisibilityChanged called,exact,onNotificationVisibilityChanged called,1.0,<*> I NotificationManager: <*> called,0.6968,onNotificationClick called,0.6523,60.41,209
537,logNotificationVisibilityChanges runInThread over,exact,logNotificationVisibilityChanges runInThread over,1.0,logNotificationVisibilityChanges runInThread start,0.9482,onNotificationVisibilityChanged called,0.6184,60.74,209
538,START u0 {flg=<*> cmp=<*>/.ui.LauncherUI (has extras)} from uid <*> on display <*>,exact,START u0 {flg=<*> cmp=<*>/.ui.LauncherUI (has extras)} from uid <*> on display <*>,1.0,"START u0 {act=<*> cat=[<*>] flg=<*> cmp=<*>/.activity.SplashActivity bnds=[<*>,<*>][<*>,<*>]} from uid <*> on display <*>",0.6859,<*> I ActivityManager: START u0 {act=<*> flg=<*> cmp=<*>/.activity.SplashActivity (has extras)} from uid <*> on display <*>,0.6636,61.61,209
539,"ActivityRecord info: ActivityInfo{<*> <*>}, euid: <*>",exact,"ActivityRecord info: ActivityInfo{<*> <*>}, euid: <*>",1.0,"<*> I ActivityManager: ActivityRecord info: ActivityInfo{<*> <*>}, euid: <*>",0.8814,"ACTIVITY check resid: <*>, size=<*>",0.5581,61.01,209
540,"overlapAmount:<*>.<*>, previousNotificationEnd:<*>.<*>, newYTranslation:-<*>.<*>, location:<*>, i:<*>, getTopPadding:<*>.<*>, getLocationOnScreen():-<*>",exact,"overlapAmount:<*>.<*>, previousNotificationEnd:<*>.<*>, newYTranslation:-<*>.<*>, location:<*>, i:<*>, getTopPadding:<*>.<*>, getLocationOnScreen():-<*>",1.0,<*> I WindowManager: The change in focus caused us to need to do a layout <*>,0.4977,"setSystemUiVisibility vis=<*> mask=<*> oldVal=<*> newVal=<*> diff=<*> fullscreenStackVis=<*> dockedStackVis=<*>, fullscreenStackBounds=Rect(<*>, <*> - <*>, <*>), dockedStackBounds=Rect(<*>, <*> - <*>, <*>)",0.4857,64.48,209
541,"state.clipTopAmount:<*>, i:<*>",exact,"state.clipTopAmount:<*>, i:<*>",1.0,"state.clipTopAmount:-<*>, i:<*>",0.9949,"overlapAmount:<*>.<*>, previousNotificationEnd:<*>.<*>, newYTranslation:-<*>.<*>, location:<*>, i:<*>, getTopPadding:<*>.<*>, getLocationOnScreen():-<*>",0.4475,60.93,209
542,"updateClipping isOverlap:true, getTopPadding=<*>.<*>, Translation=-<*>.<*>",exact,"updateClipping isOverlap<*> getTopPadding=<*>.<*>, Translation<*>",0.9903,"overlapAmount:<*>.<*>, previousNotificationEnd:<*>.<*>, newYTranslation:-<*>.<*>, location:<*>, i:<*>, getTopPadding:<*>.<*>, getLocationOnScreen():-<*>",0.4534,"release:lock=<*>, flg=<*>, tag=""RILJ_ACK_WL"", name=<*>"", ws=null, uid=<*>, pid=<*>",0.4352,61.35,209
543,updateDimmedActivatedHideSensitive overlap:true,exact,updateDimmedActivatedHideSensitive overlap<*>,0.9955,resumeSuspendedAutohide,0.5542,suspendAutohide,0.5141,60.54,209
544,makeExpandedInvisible: mExpandedVisible=true,exact,makeExpandedInvisible: mExpandedVisible<*>,0.9968,"notifyUiVisibilityChanged:vis=<*>, SystemUiVisibility=<*>",0.5202,"animateCollapsePanels:flags=<*>, force<*> delayed<*> mExpandedVisible<*>",0.5188,60.6,209
545,closeQs,exact,closeQs,1.0,cancelNotificationLocked:<*>|<*>|<*>|null|<*>,0.2927,querySoundEffectsEnabled...,0.2804,60.07,209
546,cancelPeek: false,exact,cancelPeek: false,1.0,"cancelNotificationLocked,remove =<*>",0.6466,cancelNotificationLocked:<*>|<*>|<*>|null|<*>,0.627,60.09,209
547,instantCollapse,exact,instantCollapse,1.0,"animateCollapsePanels:flags=<*>, force<*> delayed<*> mExpandedVisible<*>",0.4327,onExpandingStarted,0.3329,60.16,209
548,cancelPeek: false,exact,cancelPeek: false,1.0,"cancelNotificationLocked,remove =<*>",0.6466,cancelNotificationLocked:<*>|<*>|<*>|null|<*>,0.627,60.29,209
549,"updateNotificationShade: total=<*>, active=<*>",exact,"updateNotificationShade: total=<*>, active=<*>",1.0,addNotification key=<*>|<*>|<*>|null|<*>,0.5749,<*> I NotificationManager: <*> called,0.5707,60.46,209
550,removeNotificationChildren,exact,removeNotificationChildren,1.0,removeNotification:<*>|<*>|<*>|null|<*>,0.574,<*> I NotificationManager: <*> called,0.5052,61.02,209
551,closeQs,exact,closeQs,1.0,cancelNotificationLocked:<*>|<*>|<*>|null|<*>,0.2927,querySoundEffectsEnabled...,0.2804,61.41,209
552,startActivity called from non-Activity context; forcing Intent.FLAG_ACTIVITY_NEW_TASK for: Intent { flg=<*> cmp=<*>/.ui.LauncherUI (has extras) },exact,startActivity called from non-Activity context; forcing Intent.FLAG_ACTIVITY_NEW_TASK for: Intent { flg=<*> cmp=<*>/.ui.LauncherUI (has extras) },1.0,START u0 {flg=<*> cmp=<*>/.ui.LauncherUI (has extras)} from uid <*> on display <*>,0.5896,"<*> D ActivityManager: Skipping, withExcluded: false, tr.intent:Intent { <*> cmp<*> extras<*> extras<*> }",0.5602,62.57,209
553,resumeSuspendedAutohide,exact,resumeSuspendedAutohide,1.0,suspendAutohide,0.771,cancelAutohide,0.6555,60.34,209
554,disable: < expand icons* alerts system_info* back home recent clock navigationbar search quick_settings >,exact,disable: < expand <*> alerts <*> back home recent clock navigationbar search quick_settings >,1.0,"<*> I ActivityManager: cleanUpApplicationRecordLocked, <*> pid<*> restart<*> <*>",0.4313,"notifyUiVisibilityChanged:vis=<*>, SystemUiVisibility=<*>",0.4172,61.47,209
555,"overlapAmount:<*>.<*>, previousNotificationEnd:<*>.<*>, newYTranslation:-<*>.<*>, location:<*>, i:<*>, getTopPadding:<*>.<*>, getLocationOnScreen():-<*>",exact,"overlapAmount:<*>.<*>, previousNotificationEnd:<*>.<*>, newYTranslation:-<*>.<*>, location:<*>, i:<*>, getTopPadding:<*>.<*>, getLocationOnScreen():-<*>",1.0,<*> I WindowManager: The change in focus caused us to need to do a layout <*>,0.4977,"setSystemUiVisibility vis=<*> mask=<*> oldVal=<*> newVal=<*> diff=<*> fullscreenStackVis=<*> dockedStackVis=<*>, fullscreenStackBounds=Rect(<*>, <*> - <*>, <*>), dockedStackBounds=Rect(<*>, <*> - <*>, <*>)",0.4857,64.14,209
556,"state.clipTopAmount:<*>, i:<*>",exact,"state.clipTopAmount:<*>, i:<*>",1.0,"state.clipTopAmount:-<*>, i:<*>",0.9949,"overlapAmount:<*>.<*>, previousNotificationEnd:<*>.<*>, newYTranslation:-<*>.<*>, location:<*>, i:<*>, getTopPadding:<*>.<*>, getLocationOnScreen():-<*>",0.4475,61.26,209
557,"updateClipping isOverlap:true, getTopPadding=<*>.<*>, Translation=-<*>.<*>",exact,"updateClipping isOverlap<*> getTopPadding=<*>.<*>, Translation<*>",0.9911,"overlapAmount:<*>.<*>, previousNotificationEnd:<*>.<*>, newYTranslation:-<*>.<*>, location:<*>, i:<*>, getTopPadding:<*>.<*>, getLocationOnScreen():-<*>",0.4534,"release:lock=<*>, flg=<*>, tag=""RILJ_ACK_WL"", name=<*>"", ws=null, uid=<*>, pid=<*>",0.4352,61.47,209
558,updateDimmedActivatedHideSensitive overlap:true,exact,updateDimmedActivatedHideSensitive overlap<*>,0.9959,resumeSuspendedAutohide,0.5542,suspendAutohide,0.5141,60.39,209
559,makeExpandedInvisible: mExpandedVisible=false,exact,makeExpandedInvisible: mExpandedVisible<*>,0.9957,"notifyUiVisibilityChanged:vis=<*>, SystemUiVisibility=<*>",0.5178,"animateCollapsePanels:flags=<*>, force<*> delayed<*> mExpandedVisible<*>",0.5092,60.7,209
560,"acquire lock=<*>, flags=<*>, tag=""*launch*"", name=android, ws=WorkSource{<*>}, uid=<*>, pid=<*>",exact,"acquire lock=<*>, flags=<*>, tag=""*launch*"", name=android, ws=WorkSource{<*>}, uid=<*>, pid=<*>",1.0,"release:lock=<*>, flg=<*>, tag=""*launch*"", name=android"", ws=WorkSource{<*>}, uid=<*>, pid=<*>",0.8405,"acquire lock=<*>, flags=<*>, tag=""WiredAccessoryManager"", name=android, ws=null, uid=<*>, pid=<*>",0.763,62.37,209
561,"ready=true,policy=<*>,wakefulness=<*>,wksummary=<*>,uasummary=<*>,bootcompleted=true,boostinprogress=false,waitmodeenable=false,mode=false,manual=<*>,auto=-<*>,adj=<*>.0userId=<*>",exact,"ready=true,policy=<*>,wakefulness=<*>,wksummary=<*>,uasummary=<*>,bootcompleted=true,boostinprogress=false,waitmodeenable=false,mode=false,manual=<*>,auto=-<*>,adj=<*>.0userId=<*>",1.0,"<*> D PowerManagerService: ready=true,policy=<*>,wakefulness=<*>,wksummary=<*>,uasummary=<*>,bootcompleted=true,boostinprogress=false,waitmodeenable=false,mode=false,manual=<*>,auto=-<*>,adj=<*>.0userId=<*>",0.7294,"updateIsPoweredLocked: wasPowered=false, mIsPowered=false, oldPlugType=<*>, mPlugType=<*>, mBatteryLevel=<*>",0.5091,64.84,209
562,"Acquiring suspend blocker ""PowerManagerService.WakeLocks"".",exact,"Acquiring suspend blocker ""PowerManagerService.WakeLocks"".",1.0,"Releasing suspend blocker ""PowerManagerService.WakeLocks"".",0.91,"<*> D PowerManagerService: <*> suspend blocker ""PowerManagerService.WakeLocks"".",0.8712,61.06,209
563,onNotificationClick called,exact,onNotificationClick called,1.0,<*> I NotificationManager: onNotificationClick called,0.7844,onNotificationVisibilityChanged called,0.6523,60.14,209
564,"cancelNotification,index:<*>",exact,"cancelNotification,index:<*>",1.0,"cancelNotification,index:-<*>",0.985,"cancelNotificationLocked,remove =<*>",0.74,60.28,209
565,applyOptionsLocked: Unknown animationType=<*>,exact,applyOptionsLocked: Unknown animationType=<*>,1.0,<*> E ActivityManager: applyOptionsLocked: Unknown animationType=<*>,0.7562,playSoundEffect effectType: <*>,0.4035,60.26,209
566,<*><*> <*>:<*>:<*>.<*> <*> <*> W ActivityManager: getRunningAppProcesses: caller <*> does not hold REAL_GET_TASKS; limiting output,exact,<*> W ActivityManager: getRunningAppProcesses: caller <*> does not hold REAL_GET_TASKS; limiting output,1.0,<*> W ActivityManager: getTasks: caller <*> does not hold REAL_GET_TASKS; limiting output,0.9301,getRunningAppProcesses: caller <*> does not hold REAL_GET_TASKS; limiting output,0.8118,62.17,209
567,"Skipping, withExcluded: false, tr.intent:Intent { flg=<*> cmp=<*>/.recents.RecentsActivity bnds=[<*>,<*>][<*>,<*>] }",exact,"Skipping, withExcluded: false, tr.intent:Intent { flg=<*> cmp=<*>/.recents.RecentsActivity bnds=[<*>,<*>][<*>,<*>] }",1.0,"<*> D ActivityManager: Skipping, withExcluded: false, tr.intent:Intent { flg=<*> cmp=<*>/.recents.RecentsActivity bnds=[<*>,<*>][<*>,<*>] }",0.8529,"Skipping, withExcluded: false, tr.intent:Intent { flg=<*> cmp=<*>/.<*> (has extras) }",0.7771,62.26,209
568,"Skipping, withExcluded: false, tr.intent:Intent { act=<*> flg=<*> cmp=<*>/.InCallActivity (has extras) }",exact,"Skipping, withExcluded: false, tr.intent:Intent { act=<*> flg=<*> cmp=<*>/.InCallActivity (has extras) }",1.0,"Skipping, withExcluded: false, tr.intent:Intent { flg=<*> cmp=<*>/.<*> (has extras) }",0.8996,"Skipping, withExcluded: false, tr.intent:Intent { act=<*> dat=tel:xxxxxxxxxxx flg=<*> cmp=<*>/.ChooseSubActivity (has extras) }",0.861,62.07,209
569,"Skipping, withExcluded: false, tr.intent:Intent { flg=<*> cmp=<*>/.<*> (has extras) }",exact,"Skipping, withExcluded: false, tr.intent:Intent { flg=<*> cmp=<*>/.<*> (has extras) }",1.0,"Skipping, withExcluded: false, tr.intent:Intent { act=<*> flg=<*> cmp=<*>/.InCallActivity (has extras) }",0.8996,"Skipping, withExcluded: false, tr.intent:Intent { act=<*> dat=tel:xxxxxxxxxxx flg=<*> cmp=<*>/.ChooseSubActivity (has extras) }",0.8368,61.95,209
570,"Skipping, withExcluded: false, tr.intent:Intent { flg=<*> cmp=<*>/.<*> (has extras) }",exact,"Skipping, withExcluded: false, tr.intent:Intent { flg=<*> cmp=<*>/.<*> (has extras) }",1.0,"Skipping, withExcluded: false, tr.intent:Intent { act=<*> flg=<*> cmp=<*>/.InCallActivity (has extras) }",0.8996,"Skipping, withExcluded: false, tr.intent:Intent { act=<*> dat=tel:xxxxxxxxxxx flg=<*> cmp=<*>/.ChooseSubActivity (has extras) }",0.8368,61.07,209
571,"Skipping, withExcluded: false, tr.intent:Intent { act=<*> dat=tel:xxxxxxxxxxx flg=<*> cmp=<*>/.ChooseSubActivity (has extras) }",exact,"Skipping, withExcluded: false, tr.intent:Intent { act=<*> dat=tel:xxxxxxxxxxx flg=<*> cmp=<*>/.ChooseSubActivity (has extras) }",1.0,"Skipping, withExcluded: false, tr.intent:Intent { act=<*> flg=<*> cmp=<*>/.InCallActivity (has extras) }",0.861,"<*> D ActivityManager: Skipping, withExcluded: false, tr.intent:Intent { act=<*> dat=tel:xxxxxxxxxxx flg=<*> cmp=<*>/.ChooseSubActivity (has extras) }",0.8481,62.46,209
572,"Skipping, withExcluded: false, tr.intent:Intent { act=<*> dat=file://<*>.apk typ=application<*>.android.package-archive flg=<*> cmp=<*>/.PackageInstallerActivity (has extras) }",exact,"Skipping, withExcluded: false, tr.intent:Intent { act=<*> dat=file://<*>.apk typ=application<*>.android.package-archive flg=<*> cmp=<*>/.PackageInstallerActivity (has extras) }",1.0,"<*> D ActivityManager: Skipping, withExcluded: false, tr.intent:Intent { act=<*> dat=file://<*>.apk typ=application<*>.android.package-archive flg=<*> cmp=<*>/.PackageInstallerActivity (has extras) }",0.8303,"Skipping, withExcluded: false, tr.intent:Intent { flg=<*> cmp=<*>/.<*> (has extras) }",0.6987,63.26,209
573,"getRecentTasks: num=<*>,flags=<*>,totalTasks=<*>",exact,"getRecentTasks: num=<*>,flags=<*>,totalTasks=<*>",1.0,"<*> D ActivityManager: getRecentTasks: num=<*>,flags=<*>,totalTasks=<*>",0.8022,getRecentTasks: topActivity=ComponentInfo{<*><*>.<*>},0.59,61.55,209
574,getRecentTasks: topActivity=ComponentInfo{<*><*>.<*>},exact,getRecentTasks: topActivity=ComponentInfo{<*><*>.<*>},1.0,<*> D ActivityManager: getRecentTasks: topActivity=ComponentInfo{<*><*>.<*>},0.8818,"<*> D ActivityManager: getRecentTasks: num=<*>,flags=<*>,totalTasks=<*>",0.6316,60.86,209
575,"Skipping, withExcluded: false, tr.intent:Intent { flg=<*> cmp=<*>/.recents.RecentsActivity bnds=[<*>,<*>][<*>,<*>] }",exact,"Skipping, withExcluded: false, tr.intent:Intent { flg=<*> cmp=<*>/.recents.RecentsActivity bnds=[<*>,<*>][<*>,<*>] }",1.0,"<*> D ActivityManager: Skipping, withExcluded: false, tr.intent:Intent { flg=<*> cmp=<*>/.recents.RecentsActivity bnds=[<*>,<*>][<*>,<*>] }",0.8529,"Skipping, withExcluded: false, tr.intent:Intent { flg=<*> cmp=<*>/.<*> (has extras) }",0.7771,63.15,209
576,"Skipping, withExcluded: false, tr.intent:Intent { act=<*> flg=<*> cmp=<*>/.InCallActivity (has extras) }",exact,"Skipping, withExcluded: false, tr.intent:Intent { act=<*> flg=<*> cmp=<*>/.InCallActivity (has extras) }",1.0,"Skipping, withExcluded: false, tr.intent:Intent { flg=<*> cmp=<*>/.<*> (has extras) }",0.8996,"Skipping, withExcluded: false, tr.intent:Intent { act=<*> dat=tel:xxxxxxxxxxx flg=<*> cmp=<*>/.ChooseSubActivity (has extras) }",0.861,62.14,209
577,"Skipping, withExcluded: false, tr.intent:Intent { flg=<*> cmp=<*>/.<*> (has extras) }",exact,"Skipping, withExcluded: false, tr.intent:Intent { flg=<*> cmp=<*>/.<*> (has extras) }",1.0,"Skipping, withExcluded: false, tr.intent:Intent { act=<*> flg=<*> cmp=<*>/.InCallActivity (has extras) }",0.8996,"Skipping, withExcluded: false, tr.intent:Intent { act=<*> dat=tel:xxxxxxxxxxx flg=<*> cmp=<*>/.ChooseSubActivity (has extras) }",0.8368,61.51,209
578,"getRecentTasks: num=<*>,flags=<*>,totalTasks=<*>",exact,"getRecentTasks: num=<*>,flags=<*>,totalTasks=<*>",1.0,"<*> D ActivityManager: getRecentTasks: num=<*>,flags=<*>,totalTasks=<*>",0.8022,getRecentTasks: topActivity=ComponentInfo{<*><*>.<*>},0.59,61.03,209
579,getRecentTasks: topActivity=ComponentInfo{<*><*>.<*>},exact,getRecentTasks: topActivity=ComponentInfo{<*><*>.<*>},1.0,<*> D ActivityManager: getRecentTasks: topActivity=ComponentInfo{<*><*>.<*>},0.8818,"<*> D ActivityManager: getRecentTasks: num=<*>,flags=<*>,totalTasks=<*>",0.6316,61.38,209
580,mHeadsUpExistenceChangedRunnable,exact,mHeadsUpExistenceChangedRunnable,1.0,logNotificationVisibilityChanges runInThread start,0.455,logNotificationVisibilityChanges runInThread over,0.4468,60.29,209
581,"updateClipping isOverlap:false, getTopPadding=<*>.<*>, Translation=-<*>.<*>",exact,"updateClipping isOverlap<*> getTopPadding=<*>.<*>, Translation<*>",0.9991,"release:lock=<*>, flg=<*>, tag=""RILJ_ACK_WL"", name=<*>"", ws=null, uid=<*>, pid=<*>",0.4443,"updateIsPoweredLocked: wasPowered=false, mIsPowered=false, oldPlugType=<*>, mPlugType=<*>, mBatteryLevel=<*>",0.4403,61.43,209
582,updateDimmedActivatedHideSensitive overlap:false,exact,updateDimmedActivatedHideSensitive overlap<*>,0.9997,resumeSuspendedAutohide,0.5479,suspendAutohide,0.5116,60.6,209
583,HBM brightnessIn =<*>,exact,HBM brightnessIn =<*>,1.0,HBM brightnessOut =<*>,0.9267,"Animating brightness: target=<*>, rate=<*>",0.5363,60.19,209
584,HBM brightnessOut =<*>,exact,HBM brightnessOut =<*>,1.0,HBM brightnessIn =<*>,0.9267,"Animating brightness: target=<*>, rate=<*>",0.4981,60.4,209
585,"Animating brightness: target=<*>, rate=<*>",exact,"Animating brightness: target=<*>, rate=<*>",1.0,HBM brightnessIn =<*>,0.5363,HBM brightnessOut =<*>,0.4981,60.37,209
586,HBM brightnessIn =<*>,exact,HBM brightnessIn =<*>,1.0,HBM brightnessOut =<*>,0.9267,"Animating brightness: target=<*>, rate=<*>",0.5363,60.04,209
587,HBM brightnessOut =<*>,exact,HBM brightnessOut =<*>,1.0,HBM brightnessIn =<*>,0.9267,"Animating brightness: target=<*>, rate=<*>",0.4981,60.78,209
588,"Animating brightness: target=<*>, rate=<*>",exact,"Animating brightness: target=<*>, rate=<*>",1.0,HBM brightnessIn =<*>,0.5363,HBM brightnessOut =<*>,0.4981,60.76,209
589,HBM brightnessIn =<*>,exact,HBM brightnessIn =<*>,1.0,HBM brightnessOut =<*>,0.9267,"Animating brightness: target=<*>, rate=<*>",0.5363,61.26,209
590,HBM brightnessOut =<*>,exact,HBM brightnessOut =<*>,1.0,HBM brightnessIn =<*>,0.9267,"Animating brightness: target=<*>, rate=<*>",0.4981,60.38,209
591,"Animating brightness: target=<*>, rate=<*>",exact,"Animating brightness: target=<*>, rate=<*>",1.0,HBM brightnessIn =<*>,0.5363,HBM brightnessOut =<*>,0.4981,60.48,209
592,HBM brightnessIn =<*>,exact,HBM brightnessIn =<*>,1.0,HBM brightnessOut =<*>,0.9267,"Animating brightness: target=<*>, rate=<*>",0.5363,60.28,209
593,HBM brightnessOut =<*>,exact,HBM brightnessOut =<*>,1.0,HBM brightnessIn =<*>,0.9267,"Animating brightness: target=<*>, rate=<*>",0.4981,60.22,209
594,"Animating brightness: target=<*>, rate=<*>",exact,"Animating brightness: target=<*>, rate=<*>",1.0,HBM brightnessIn =<*>,0.5363,HBM brightnessOut =<*>,0.4981,60.72,209
595,HBM brightnessIn =<*>,exact,HBM brightnessIn =<*>,1.0,HBM brightnessOut =<*>,0.9267,"Animating brightness: target=<*>, rate=<*>",0.5363,60.07,209
596,HBM brightnessOut =<*>,exact,HBM brightnessOut =<*>,1.0,HBM brightnessIn =<*>,0.9267,"Animating brightness: target=<*>, rate=<*>",0.4981,60.28,209
597,"Animating brightness: target=<*>, rate=<*>",exact,"Animating brightness: target=<*>, rate=<*>",1.0,HBM brightnessIn =<*>,0.5363,HBM brightnessOut =<*>,0.4981,60.3,209
598,HBM brightnessIn =<*>,exact,HBM brightnessIn =<*>,1.0,HBM brightnessOut =<*>,0.9267,"Animating brightness: target=<*>, rate=<*>",0.5363,60.14,209
599,HBM brightnessOut =<*>,exact,HBM brightnessOut =<*>,1.0,HBM brightnessIn =<*>,0.9267,"Animating brightness: target=<*>, rate=<*>",0.4981,60.47,209
600,"Animating brightness: target=<*>, rate=<*>",exact,"Animating brightness: target=<*>, rate=<*>",1.0,HBM brightnessIn =<*>,0.5363,HBM brightnessOut =<*>,0.4981,61.13,209
