log_id,normalised,match_type,top1_template,top1_score,top2_template,top2_score,top3_template,top3_score,latency_ms,store_size
1,ciod: Error reading message prefix after LOAD_MESSAGE on CioStream socket to 172.16.96.116:41304: Link has been severed,exact,ciod: Error reading message prefix <*> socket<*> <*> has<*> <*> been severed,0.9915,ciod: Error reading message prefix on CioStream socket to <*> Connection <*> peer,0.8942,ciod: failed to read message prefix on control stream (CioStream socket to <*>,0.8851,61.43,162
2,ciod: Error reading message prefix after LOAD_MESSAGE on CioStream socket to 172.16.96.116:41217: Link has been severed,exact,ciod: Error reading message prefix <*> socket<*> <*> has<*> <*> been severed,0.9901,ciod: Error reading message prefix on CioStream socket to <*> Connection <*> peer,0.8915,ciod: failed to read message prefix on control stream (CioStream socket to <*>,0.8843,50.65,162
3,total of 1 ddr error(s) detected and corrected,exact,total of <*> ddr error(s) detected and corrected,0.9908,total of <*> ddr error(s) detected and corrected over <*> seconds,0.9209,total of 23 ddr error(s) detected and corrected,0.9086,48.57,162
4,Lustre mount FAILED : bglio388 : point /p/gb1,partial,Lustre mount FAILED : bglio<*> : point /p/gb1,0.9899,Lustre mount FAILED : bglio<*> : block_id : location,0.8586,"NFS Mount failed on bglio<*> slept 15 seconds, retrying (1)",0.5734,48.49,162
5,ciod: Error reading message prefix after LOAD_MESSAGE on CioStream socket to 172.16.96.116:37916: Link has been severed,exact,ciod: Error reading message prefix <*> socket<*> <*> has<*> <*> been severed,0.9919,ciod: Error reading message prefix on CioStream socket to <*> Connection <*> peer,0.8918,ciod: failed to read message prefix on control stream (CioStream socket to <*>,0.8848,49.48,162
6,"CE sym 25, at 0x1a544020, mask 0x40",partial,"CE sym 5, at 0x0e37bbe0, mask <*>",0.9714,CE sym <*> at <*> mask <*>,0.9439,"CE sym 16, at <*> mask <*>",0.9045,48.4,162
7,Ido chip status changed: FF:F2:9F:15:7B:E0:00:0D:60:EA:84:1F ip=10.7.0.130 v=13 t=1 status=M Sat Sep 17 07:49:04 PDT 2005,exact,Ido chip status changed: FF<*> ip<*> v=13 <*> status=M <*> PDT <*>,0.9958,New ido chip inserted into the database: FF<*> ip<*> <*>,0.822,Node card status: <*> ALERTs<*> <*> active.<*> <*> Mode<*> <*> Low.<*> <*> Select<*> <*> Temperature <*> MPGOOD<*> <*> is <*> The <*> volt rail is OK. The 1.5 volt rail is OK.,0.4266,52.12,162
8,Node card status: no ALERTs are active. Clock Mode is Low. Clock Select is Midplane. Phy JTAG Reset is asserted. ASIC JTAG Reset is asserted. Temperature Mask is not active. No temperature error. Temperature Limit Error Latch is clear. PGOOD IS NOT ASSERTED. PGOOD ERROR LATCH IS ACTIVE. MPGOOD IS NOT OK. MPGOOD ERROR LATCH IS ACTIVE. The 2.5 volt rail is OK. The 1.5 volt rail is OK.,exact,Node card status: <*> ALERTs<*> <*> active.<*> <*> Mode<*> <*> Low.<*> <*> Select<*> <*> Temperature <*> MPGOOD<*> <*> is <*> The <*> volt rail is OK. The 1.5 volt rail is OK.,0.997,Node card is not fully functional,0.6103,NodeCard is not fully functional,0.5729,54.19,162
9,"CE sym 9, at 0x123b6ca0, mask 0x20",partial,"CE sym 6, at <*> mask <*>",0.9549,CE sym <*> at <*> mask <*>,0.9057,"CE sym 16, at <*> mask <*>",0.8989,49.17,162
10,ciod: LOGIN chdir(/home/spelce1/UMT2K/umt2k/ckpt_umt2k_src/TEST/NEW_TEST) failed: No such file or directory,exact,ciod: LOGIN chdir(/home/spelce1/UMT2K/umt2k/ckpt_umt2k_src/TEST/NEW_TEST) failed: No such file or directory,1.0,ciod: LOGIN chdir(/p/bg1/da) failed: No such file or directory,0.7504,ciod: LOGIN chdir(pwd) failed: No such file or directory,0.7182,51.31,162
11,ciod: LOGIN chdir(/home/spelce1/UMT2K/umt2k/ckpt_umt2k_src/TEST/NEW_TEST) failed: No such file or directory,exact,ciod: LOGIN chdir(/home/spelce1/UMT2K/umt2k/ckpt_umt2k_src/TEST/NEW_TEST) failed: No such file or directory,1.0,ciod: LOGIN chdir(/p/bg1/da) failed: No such file or directory,0.7504,ciod: LOGIN chdir(pwd) failed: No such file or directory,0.7182,50.46,162
12,"CE sym 8, at 0x0a2ae600, mask 0x10",partial,"CE sym 6, at <*> mask <*>",0.9535,"CE sym 16, at <*> mask <*>",0.9101,CE sym <*> at <*> mask <*>,0.8998,48.77,162
13,ciod: LOGIN chdir(/home/yates/SWL_tests/BGL64k_SWL_tests_develop/MPI-VAL/MPITs_v050902/rundir) failed: No such file or directory,exact,ciod: LOGIN chdir(/home/yates/SWL_tests/BGL64k_SWL_tests_develop/MPI-VAL/MPITs_v050902/rundir) failed: No such file or directory,1.0,ciod: LOGIN chdir<*> failed: No such file or directory,0.7654,ciod: LOGIN chdir(/g/g0/spelce1/Linpack_SWL) failed: No such file or directory,0.7344,50.84,162
14,"Node card VPD check: U01 node in processor card slot J15 do not match. VPD ecid 04DE7DB80D7BFFFF04051B70D8D9, found 04DE7DF2D37BFFFF09081B6088D9",partial,Node card VPD check: <*> node in processor card slot <*> do not match. VPD ecid <*> found <*>,0.9871,Node card is not fully functional,0.5208,NodeCard is not fully functional,0.5098,51.5,162
15,"idoproxydb hit ASSERT condition: ASSERT expression=0 Source file=idotransportmgr.cpp Source line=1043 Function=int IdoTransportMgr::SendPacket(IdoUdpMgr*, BglCtlPavTrace*)",exact,"idoproxydb hit ASSERT condition: ASSERT expression=0 Source file=idotransportmgr.cpp Source line=1043 Function=int IdoTransportMgr::SendPacket(IdoUdpMgr*, BglCtlPavTrace*)",1.0,"ciod: Error loading /home/spelce1/HPCC_IBM/Urgent/COP/64K/hpcc-1.0.0.102905_opt_essl_cpm: invalid or missing program image, Permission denied",0.3386,New ido chip inserted into the database: FF<*> ip<*> <*>,0.3348,51.44,162
16,"idoproxydb hit ASSERT condition: ASSERT expression=0 Source file=idotransportmgr.cpp Source line=1043 Function=int IdoTransportMgr::SendPacket(IdoUdpMgr*, BglCtlPavTrace*)",exact,"idoproxydb hit ASSERT condition: ASSERT expression=0 Source file=idotransportmgr.cpp Source line=1043 Function=int IdoTransportMgr::SendPacket(IdoUdpMgr*, BglCtlPavTrace*)",1.0,"ciod: Error loading /home/spelce1/HPCC_IBM/Urgent/COP/64K/hpcc-1.0.0.102905_opt_essl_cpm: invalid or missing program image, Permission denied",0.3386,New ido chip inserted into the database: FF<*> ip<*> <*>,0.3348,51.99,162
17,"idoproxydb hit ASSERT condition: ASSERT expression=0 Source file=idotransportmgr.cpp Source line=1043 Function=int IdoTransportMgr::SendPacket(IdoUdpMgr*, BglCtlPavTrace*)",exact,"idoproxydb hit ASSERT condition: ASSERT expression=0 Source file=idotransportmgr.cpp Source line=1043 Function=int IdoTransportMgr::SendPacket(IdoUdpMgr*, BglCtlPavTrace*)",1.0,"ciod: Error loading /home/spelce1/HPCC_IBM/Urgent/COP/64K/hpcc-1.0.0.102905_opt_essl_cpm: invalid or missing program image, Permission denied",0.3386,New ido chip inserted into the database: FF<*> ip<*> <*>,0.3348,51.36,162
18,"idoproxydb hit ASSERT condition: ASSERT expression=0 Source file=idotransportmgr.cpp Source line=1043 Function=int IdoTransportMgr::SendPacket(IdoUdpMgr*, BglCtlPavTrace*)",exact,"idoproxydb hit ASSERT condition: ASSERT expression=0 Source file=idotransportmgr.cpp Source line=1043 Function=int IdoTransportMgr::SendPacket(IdoUdpMgr*, BglCtlPavTrace*)",1.0,"ciod: Error loading /home/spelce1/HPCC_IBM/Urgent/COP/64K/hpcc-1.0.0.102905_opt_essl_cpm: invalid or missing program image, Permission denied",0.3386,New ido chip inserted into the database: FF<*> ip<*> <*>,0.3348,50.95,162
19,"idoproxydb hit ASSERT condition: ASSERT expression=0 Source file=idotransportmgr.cpp Source line=1043 Function=int IdoTransportMgr::SendPacket(IdoUdpMgr*, BglCtlPavTrace*)",exact,"idoproxydb hit ASSERT condition: ASSERT expression=0 Source file=idotransportmgr.cpp Source line=1043 Function=int IdoTransportMgr::SendPacket(IdoUdpMgr*, BglCtlPavTrace*)",1.0,"ciod: Error loading /home/spelce1/HPCC_IBM/Urgent/COP/64K/hpcc-1.0.0.102905_opt_essl_cpm: invalid or missing program image, Permission denied",0.3386,New ido chip inserted into the database: FF<*> ip<*> <*>,0.3348,51.73,162
20,"idoproxydb hit ASSERT condition: ASSERT expression=0 Source file=idotransportmgr.cpp Source line=1043 Function=int IdoTransportMgr::SendPacket(IdoUdpMgr*, BglCtlPavTrace*)",exact,"idoproxydb hit ASSERT condition: ASSERT expression=0 Source file=idotransportmgr.cpp Source line=1043 Function=int IdoTransportMgr::SendPacket(IdoUdpMgr*, BglCtlPavTrace*)",1.0,"ciod: Error loading /home/spelce1/HPCC_IBM/Urgent/COP/64K/hpcc-1.0.0.102905_opt_essl_cpm: invalid or missing program image, Permission denied",0.3386,New ido chip inserted into the database: FF<*> ip<*> <*>,0.3348,51.46,162
21,"idoproxydb hit ASSERT condition: ASSERT expression=0 Source file=idotransportmgr.cpp Source line=1043 Function=int IdoTransportMgr::SendPacket(IdoUdpMgr*, BglCtlPavTrace*)",exact,"idoproxydb hit ASSERT condition: ASSERT expression=0 Source file=idotransportmgr.cpp Source line=1043 Function=int IdoTransportMgr::SendPacket(IdoUdpMgr*, BglCtlPavTrace*)",1.0,"ciod: Error loading /home/spelce1/HPCC_IBM/Urgent/COP/64K/hpcc-1.0.0.102905_opt_essl_cpm: invalid or missing program image, Permission denied",0.3386,New ido chip inserted into the database: FF<*> ip<*> <*>,0.3348,51.18,162
22,"idoproxydb hit ASSERT condition: ASSERT expression=0 Source file=idotransportmgr.cpp Source line=1043 Function=int IdoTransportMgr::SendPacket(IdoUdpMgr*, BglCtlPavTrace*)",exact,"idoproxydb hit ASSERT condition: ASSERT expression=0 Source file=idotransportmgr.cpp Source line=1043 Function=int IdoTransportMgr::SendPacket(IdoUdpMgr*, BglCtlPavTrace*)",1.0,"ciod: Error loading /home/spelce1/HPCC_IBM/Urgent/COP/64K/hpcc-1.0.0.102905_opt_essl_cpm: invalid or missing program image, Permission denied",0.3386,New ido chip inserted into the database: FF<*> ip<*> <*>,0.3348,51.79,162
23,"idoproxydb hit ASSERT condition: ASSERT expression=0 Source file=idotransportmgr.cpp Source line=1043 Function=int IdoTransportMgr::SendPacket(IdoUdpMgr*, BglCtlPavTrace*)",exact,"idoproxydb hit ASSERT condition: ASSERT expression=0 Source file=idotransportmgr.cpp Source line=1043 Function=int IdoTransportMgr::SendPacket(IdoUdpMgr*, BglCtlPavTrace*)",1.0,"ciod: Error loading /home/spelce1/HPCC_IBM/Urgent/COP/64K/hpcc-1.0.0.102905_opt_essl_cpm: invalid or missing program image, Permission denied",0.3386,New ido chip inserted into the database: FF<*> ip<*> <*>,0.3348,51.4,162
24,"idoproxydb hit ASSERT condition: ASSERT expression=0 Source file=idotransportmgr.cpp Source line=1043 Function=int IdoTransportMgr::SendPacket(IdoUdpMgr*, BglCtlPavTrace*)",exact,"idoproxydb hit ASSERT condition: ASSERT expression=0 Source file=idotransportmgr.cpp Source line=1043 Function=int IdoTransportMgr::SendPacket(IdoUdpMgr*, BglCtlPavTrace*)",1.0,"ciod: Error loading /home/spelce1/HPCC_IBM/Urgent/COP/64K/hpcc-1.0.0.102905_opt_essl_cpm: invalid or missing program image, Permission denied",0.3386,New ido chip inserted into the database: FF<*> ip<*> <*>,0.3348,51.41,162
25,"idoproxydb hit ASSERT condition: ASSERT expression=0 Source file=idotransportmgr.cpp Source line=1043 Function=int IdoTransportMgr::SendPacket(IdoUdpMgr*, BglCtlPavTrace*)",exact,"idoproxydb hit ASSERT condition: ASSERT expression=0 Source file=idotransportmgr.cpp Source line=1043 Function=int IdoTransportMgr::SendPacket(IdoUdpMgr*, BglCtlPavTrace*)",1.0,"ciod: Error loading /home/spelce1/HPCC_IBM/Urgent/COP/64K/hpcc-1.0.0.102905_opt_essl_cpm: invalid or missing program image, Permission denied",0.3386,New ido chip inserted into the database: FF<*> ip<*> <*>,0.3348,51.57,162
26,"idoproxydb hit ASSERT condition: ASSERT expression=0 Source file=idotransportmgr.cpp Source line=1043 Function=int IdoTransportMgr::SendPacket(IdoUdpMgr*, BglCtlPavTrace*)",exact,"idoproxydb hit ASSERT condition: ASSERT expression=0 Source file=idotransportmgr.cpp Source line=1043 Function=int IdoTransportMgr::SendPacket(IdoUdpMgr*, BglCtlPavTrace*)",1.0,"ciod: Error loading /home/spelce1/HPCC_IBM/Urgent/COP/64K/hpcc-1.0.0.102905_opt_essl_cpm: invalid or missing program image, Permission denied",0.3386,New ido chip inserted into the database: FF<*> ip<*> <*>,0.3348,51.5,162
27,"idoproxydb hit ASSERT condition: ASSERT expression=0 Source file=idotransportmgr.cpp Source line=1043 Function=int IdoTransportMgr::SendPacket(IdoUdpMgr*, BglCtlPavTrace*)",exact,"idoproxydb hit ASSERT condition: ASSERT expression=0 Source file=idotransportmgr.cpp Source line=1043 Function=int IdoTransportMgr::SendPacket(IdoUdpMgr*, BglCtlPavTrace*)",1.0,"ciod: Error loading /home/spelce1/HPCC_IBM/Urgent/COP/64K/hpcc-1.0.0.102905_opt_essl_cpm: invalid or missing program image, Permission denied",0.3386,New ido chip inserted into the database: FF<*> ip<*> <*>,0.3348,51.13,162
28,"idoproxydb hit ASSERT condition: ASSERT expression=0 Source file=idotransportmgr.cpp Source line=1043 Function=int IdoTransportMgr::SendPacket(IdoUdpMgr*, BglCtlPavTrace*)",exact,"idoproxydb hit ASSERT condition: ASSERT expression=0 Source file=idotransportmgr.cpp Source line=1043 Function=int IdoTransportMgr::SendPacket(IdoUdpMgr*, BglCtlPavTrace*)",1.0,"ciod: Error loading /home/spelce1/HPCC_IBM/Urgent/COP/64K/hpcc-1.0.0.102905_opt_essl_cpm: invalid or missing program image, Permission denied",0.3386,New ido chip inserted into the database: FF<*> ip<*> <*>,0.3348,51.22,162
29,"idoproxydb hit ASSERT condition: ASSERT expression=0 Source file=idotransportmgr.cpp Source line=1043 Function=int IdoTransportMgr::SendPacket(IdoUdpMgr*, BglCtlPavTrace*)",exact,"idoproxydb hit ASSERT condition: ASSERT expression=0 Source file=idotransportmgr.cpp Source line=1043 Function=int IdoTransportMgr::SendPacket(IdoUdpMgr*, BglCtlPavTrace*)",1.0,"ciod: Error loading /home/spelce1/HPCC_IBM/Urgent/COP/64K/hpcc-1.0.0.102905_opt_essl_cpm: invalid or missing program image, Permission denied",0.3386,New ido chip inserted into the database: FF<*> ip<*> <*>,0.3348,51.07,162
30,"idoproxydb hit ASSERT condition: ASSERT expression=0 Source file=idotransportmgr.cpp Source line=1043 Function=int IdoTransportMgr::SendPacket(IdoUdpMgr*, BglCtlPavTrace*)",exact,"idoproxydb hit ASSERT condition: ASSERT expression=0 Source file=idotransportmgr.cpp Source line=1043 Function=int IdoTransportMgr::SendPacket(IdoUdpMgr*, BglCtlPavTrace*)",1.0,"ciod: Error loading /home/spelce1/HPCC_IBM/Urgent/COP/64K/hpcc-1.0.0.102905_opt_essl_cpm: invalid or missing program image, Permission denied",0.3386,New ido chip inserted into the database: FF<*> ip<*> <*>,0.3348,50.95,162
31,"idoproxydb hit ASSERT condition: ASSERT expression=0 Source file=idotransportmgr.cpp Source line=1043 Function=int IdoTransportMgr::SendPacket(IdoUdpMgr*, BglCtlPavTrace*)",exact,"idoproxydb hit ASSERT condition: ASSERT expression=0 Source file=idotransportmgr.cpp Source line=1043 Function=int IdoTransportMgr::SendPacket(IdoUdpMgr*, BglCtlPavTrace*)",1.0,"ciod: Error loading /home/spelce1/HPCC_IBM/Urgent/COP/64K/hpcc-1.0.0.102905_opt_essl_cpm: invalid or missing program image, Permission denied",0.3386,New ido chip inserted into the database: FF<*> ip<*> <*>,0.3348,50.83,162
32,"idoproxydb hit ASSERT condition: ASSERT expression=0 Source file=idotransportmgr.cpp Source line=1043 Function=int IdoTransportMgr::SendPacket(IdoUdpMgr*, BglCtlPavTrace*)",exact,"idoproxydb hit ASSERT condition: ASSERT expression=0 Source file=idotransportmgr.cpp Source line=1043 Function=int IdoTransportMgr::SendPacket(IdoUdpMgr*, BglCtlPavTrace*)",1.0,"ciod: Error loading /home/spelce1/HPCC_IBM/Urgent/COP/64K/hpcc-1.0.0.102905_opt_essl_cpm: invalid or missing program image, Permission denied",0.3386,New ido chip inserted into the database: FF<*> ip<*> <*>,0.3348,51.2,162
33,"idoproxydb hit ASSERT condition: ASSERT expression=0 Source file=idotransportmgr.cpp Source line=1043 Function=int IdoTransportMgr::SendPacket(IdoUdpMgr*, BglCtlPavTrace*)",exact,"idoproxydb hit ASSERT condition: ASSERT expression=0 Source file=idotransportmgr.cpp Source line=1043 Function=int IdoTransportMgr::SendPacket(IdoUdpMgr*, BglCtlPavTrace*)",1.0,"ciod: Error loading /home/spelce1/HPCC_IBM/Urgent/COP/64K/hpcc-1.0.0.102905_opt_essl_cpm: invalid or missing program image, Permission denied",0.3386,New ido chip inserted into the database: FF<*> ip<*> <*>,0.3348,51.18,162
34,"idoproxydb hit ASSERT condition: ASSERT expression=0 Source file=idotransportmgr.cpp Source line=1043 Function=int IdoTransportMgr::SendPacket(IdoUdpMgr*, BglCtlPavTrace*)",exact,"idoproxydb hit ASSERT condition: ASSERT expression=0 Source file=idotransportmgr.cpp Source line=1043 Function=int IdoTransportMgr::SendPacket(IdoUdpMgr*, BglCtlPavTrace*)",1.0,"ciod: Error loading /home/spelce1/HPCC_IBM/Urgent/COP/64K/hpcc-1.0.0.102905_opt_essl_cpm: invalid or missing program image, Permission denied",0.3386,New ido chip inserted into the database: FF<*> ip<*> <*>,0.3348,51.32,162
35,"idoproxydb hit ASSERT condition: ASSERT expression=0 Source file=idotransportmgr.cpp Source line=1043 Function=int IdoTransportMgr::SendPacket(IdoUdpMgr*, BglCtlPavTrace*)",exact,"idoproxydb hit ASSERT condition: ASSERT expression=0 Source file=idotransportmgr.cpp Source line=1043 Function=int IdoTransportMgr::SendPacket(IdoUdpMgr*, BglCtlPavTrace*)",1.0,"ciod: Error loading /home/spelce1/HPCC_IBM/Urgent/COP/64K/hpcc-1.0.0.102905_opt_essl_cpm: invalid or missing program image, Permission denied",0.3386,New ido chip inserted into the database: FF<*> ip<*> <*>,0.3348,51.51,162
36,"idoproxydb hit ASSERT condition: ASSERT expression=0 Source file=idotransportmgr.cpp Source line=1043 Function=int IdoTransportMgr::SendPacket(IdoUdpMgr*, BglCtlPavTrace*)",exact,"idoproxydb hit ASSERT condition: ASSERT expression=0 Source file=idotransportmgr.cpp Source line=1043 Function=int IdoTransportMgr::SendPacket(IdoUdpMgr*, BglCtlPavTrace*)",1.0,"ciod: Error loading /home/spelce1/HPCC_IBM/Urgent/COP/64K/hpcc-1.0.0.102905_opt_essl_cpm: invalid or missing program image, Permission denied",0.3386,New ido chip inserted into the database: FF<*> ip<*> <*>,0.3348,51.06,162
37,"idoproxydb hit ASSERT condition: ASSERT expression=0 Source file=idotransportmgr.cpp Source line=1043 Function=int IdoTransportMgr::SendPacket(IdoUdpMgr*, BglCtlPavTrace*)",exact,"idoproxydb hit ASSERT condition: ASSERT expression=0 Source file=idotransportmgr.cpp Source line=1043 Function=int IdoTransportMgr::SendPacket(IdoUdpMgr*, BglCtlPavTrace*)",1.0,"ciod: Error loading /home/spelce1/HPCC_IBM/Urgent/COP/64K/hpcc-1.0.0.102905_opt_essl_cpm: invalid or missing program image, Permission denied",0.3386,New ido chip inserted into the database: FF<*> ip<*> <*>,0.3348,51.12,162
38,"idoproxydb hit ASSERT condition: ASSERT expression=0 Source file=idotransportmgr.cpp Source line=1043 Function=int IdoTransportMgr::SendPacket(IdoUdpMgr*, BglCtlPavTrace*)",exact,"idoproxydb hit ASSERT condition: ASSERT expression=0 Source file=idotransportmgr.cpp Source line=1043 Function=int IdoTransportMgr::SendPacket(IdoUdpMgr*, BglCtlPavTrace*)",1.0,"ciod: Error loading /home/spelce1/HPCC_IBM/Urgent/COP/64K/hpcc-1.0.0.102905_opt_essl_cpm: invalid or missing program image, Permission denied",0.3386,New ido chip inserted into the database: FF<*> ip<*> <*>,0.3348,51.18,162
39,"Node card VPD check: U11 node in processor card slot J17 do not match. VPD ecid 04D97DB7937BFFFF05071B7054DA, found 04D081A3892FFFFF0D0B1C505AF3",partial,Node card VPD check: <*> node in processor card slot <*> do not match. VPD ecid <*> found <*>,0.9778,Node card is not fully functional,0.5333,NodeCard is not fully functional,0.5191,51.92,162
40,"Node card VPD check: U01 node in processor card slot J08 do not match. VPD ecid 075F04E8A27BFFFF07021C3096ED, found 04D78137922FFFFF040E1C3052ED",partial,Node card VPD check: <*> node in processor card slot <*> do not match. VPD ecid <*> found <*>,0.9806,Node card is not fully functional,0.5292,NodeCard is not fully functional,0.5101,51.75,162
41,"idoproxydb hit ASSERT condition: ASSERT expression=0 Source file=idotransportmgr.cpp Source line=1043 Function=int IdoTransportMgr::SendPacket(IdoUdpMgr*, BglCtlPavTrace*)",exact,"idoproxydb hit ASSERT condition: ASSERT expression=0 Source file=idotransportmgr.cpp Source line=1043 Function=int IdoTransportMgr::SendPacket(IdoUdpMgr*, BglCtlPavTrace*)",1.0,"ciod: Error loading /home/spelce1/HPCC_IBM/Urgent/COP/64K/hpcc-1.0.0.102905_opt_essl_cpm: invalid or missing program image, Permission denied",0.3386,New ido chip inserted into the database: FF<*> ip<*> <*>,0.3348,50.77,162
42,"idoproxydb hit ASSERT condition: ASSERT expression=0 Source file=idotransportmgr.cpp Source line=1043 Function=int IdoTransportMgr::SendPacket(IdoUdpMgr*, BglCtlPavTrace*)",exact,"idoproxydb hit ASSERT condition: ASSERT expression=0 Source file=idotransportmgr.cpp Source line=1043 Function=int IdoTransportMgr::SendPacket(IdoUdpMgr*, BglCtlPavTrace*)",1.0,"ciod: Error loading /home/spelce1/HPCC_IBM/Urgent/COP/64K/hpcc-1.0.0.102905_opt_essl_cpm: invalid or missing program image, Permission denied",0.3386,New ido chip inserted into the database: FF<*> ip<*> <*>,0.3348,51.13,162
43,"ciod: Error loading /home/yates//bandwidth.rts: invalid or missing program image, No such file or directory",exact,"ciod: Error loading /home/yates//bandwidth.rts: invalid or missing program image, No such file or directory",1.0,"ciod: Error loading /home/yates//broadcast.rts: invalid or missing program image, No such file or directory",0.831,"ciod: Error loading /home/yates//torus-latency.rts: invalid or missing program image, No such file or directory",0.8041,49.08,162
44,"ciod: Error loading /home/yates//torus-latency.rts: invalid or missing program image, No such file or directory",exact,"ciod: Error loading /home/yates//torus-latency.rts: invalid or missing program image, No such file or directory",1.0,"ciod: Error loading /home/yates//bandwidth.rts: invalid or missing program image, No such file or directory",0.8041,"ciod: Error loading /home/yates//broadcast.rts: invalid or missing program image, No such file or directory",0.7365,49.25,162
45,"ciod: Error loading /home/yates//torus-latency.rts: invalid or missing program image, No such file or directory",exact,"ciod: Error loading /home/yates//torus-latency.rts: invalid or missing program image, No such file or directory",1.0,"ciod: Error loading /home/yates//bandwidth.rts: invalid or missing program image, No such file or directory",0.8041,"ciod: Error loading /home/yates//broadcast.rts: invalid or missing program image, No such file or directory",0.7365,49.05,162
46,"ciod: Error loading /home/yates//torus-latency.rts: invalid or missing program image, No such file or directory",exact,"ciod: Error loading /home/yates//torus-latency.rts: invalid or missing program image, No such file or directory",1.0,"ciod: Error loading /home/yates//bandwidth.rts: invalid or missing program image, No such file or directory",0.8041,"ciod: Error loading /home/yates//broadcast.rts: invalid or missing program image, No such file or directory",0.7365,49.2,162
47,"ciod: Error loading /home/yates//broadcast.rts: invalid or missing program image, No such file or directory",exact,"ciod: Error loading /home/yates//broadcast.rts: invalid or missing program image, No such file or directory",1.0,"ciod: Error loading /home/yates//bandwidth.rts: invalid or missing program image, No such file or directory",0.831,"ciod: Error loading /home/yates//torus-latency.rts: invalid or missing program image, No such file or directory",0.7365,48.63,162
48,rts: bad message header: expecting type 57 instead of type 3 (softheader=00131db8 81aa0003 00000002 00000000) PSR0=00001f01 PSR1=00000000 PRXF=00000002 PIXF=00000007,exact,rts: bad message header: expecting type 57 instead of type 3 (softheader=00131db8 <*>,1.0,"Error receiving packet on tree network, expecting type 57 instead of type 3 <*> PSR<*> PSR<*> PRXF<*> PIXF<*>",0.7085,rts internal error,0.6622,62.74,162
49,"ciod: Error loading /bgl/apps/SWL/performance/MINIBEN//bandwidth.rts: invalid or missing program image, No such file or directory",partial,"ciod: Error loading /bgl/apps/SWL/performance/MINIBEN//bandwidth.rts: invalid or missing program image, No such file or directory",0.9738,"ciod: Error loading /bgl/apps/scaletest/performance/MINIBEN/mb_243_0810/allreduce.rts: invalid or missing program image, Exec format error",0.7758,"ciod: Error loading /home/yates//bandwidth.rts: invalid or missing program image, No such file or directory",0.7178,49.39,162
50,"ciod: Error loading /bgl/apps/SWL/performance/MINIBEN//torus-latency.rts: invalid or missing program image, No such file or directory",partial,"ciod: Error loading /bgl/apps/SWL/performance/MINIBEN//bandwidth.rts: invalid or missing program image, No such file or directory",0.9356,"ciod: Error loading /home/yates//torus-latency.rts: invalid or missing program image, No such file or directory",0.8259,"ciod: Error loading /bgl/apps/scaletest/performance/MINIBEN/mb_243_0810/allreduce.rts: invalid or missing program image, Exec format error",0.6842,49.04,162
51,ciod: LOGIN chdir(/bgl/apps/SWL/performance/MINIBEN///2005.09.20-18.06.05) failed: No such file or directory,exact,ciod: LOGIN chdir<*> failed: No such file or directory,1.0,ciod: LOGIN chdir(/home/yates/SWL_tests/BGL64k_SWL_tests_develop/MPI-VAL/MPITs_v050902/rundir) failed: No such file or directory,0.7662,ciod: LOGIN chdir(/g/g0/spelce1/Linpack_SWL) failed: No such file or directory,0.7498,49.95,162
52,ciod: LOGIN chdir(/bgl/apps/SWL/performance/MINIBEN///2005.09.20-18.06.05) failed: No such file or directory,exact,ciod: LOGIN chdir<*> failed: No such file or directory,1.0,ciod: LOGIN chdir(/home/yates/SWL_tests/BGL64k_SWL_tests_develop/MPI-VAL/MPITs_v050902/rundir) failed: No such file or directory,0.7662,ciod: LOGIN chdir(/g/g0/spelce1/Linpack_SWL) failed: No such file or directory,0.7498,49.48,162
53,ciod: LOGIN chdir(/bgl/apps/SWL/performance/MINIBEN///2005.09.20-18.06.01) failed: No such file or directory,exact,ciod: LOGIN chdir<*> failed: No such file or directory,0.9999,ciod: LOGIN chdir(/home/yates/SWL_tests/BGL64k_SWL_tests_develop/MPI-VAL/MPITs_v050902/rundir) failed: No such file or directory,0.7654,ciod: LOGIN chdir(/g/g0/spelce1/Linpack_SWL) failed: No such file or directory,0.7488,49.35,162
54,ciod: LOGIN chdir(/bgl/apps/SWL/performance/MINIBEN///2005.09.20-18.06.08) failed: No such file or directory,exact,ciod: LOGIN chdir<*> failed: No such file or directory,0.9999,ciod: LOGIN chdir(/home/yates/SWL_tests/BGL64k_SWL_tests_develop/MPI-VAL/MPITs_v050902/rundir) failed: No such file or directory,0.7642,ciod: LOGIN chdir(/g/g0/spelce1/Linpack_SWL) failed: No such file or directory,0.748,49.8,162
55,ciod: LOGIN chdir(/bgl/apps/SWL/performance/MINIBEN///2005.09.20-18.06.01) failed: No such file or directory,exact,ciod: LOGIN chdir<*> failed: No such file or directory,0.9999,ciod: LOGIN chdir(/home/yates/SWL_tests/BGL64k_SWL_tests_develop/MPI-VAL/MPITs_v050902/rundir) failed: No such file or directory,0.7654,ciod: LOGIN chdir(/g/g0/spelce1/Linpack_SWL) failed: No such file or directory,0.7488,49.45,162
56,"CE sym 29, at 0x14123c20, mask 0x08",partial,CE sym <*> at <*> mask <*>,0.9751,"CE sym 5, at 0x0e37bbe0, mask <*>",0.9286,"CE sym 6, at <*> mask <*>",0.926,49.05,162
57,total of 1 ddr error(s) detected and corrected,exact,total of <*> ddr error(s) detected and corrected,0.9923,total of <*> ddr error(s) detected and corrected over <*> seconds,0.9209,total of 23 ddr error(s) detected and corrected,0.9086,48.45,162
58,"1 ddr errors(s) detected and corrected on rank 0, symbol 35, bit 1",partial,"1 ddr errors(s) detected and corrected on rank 0, symbol <*> bit <*>",0.9661,"<*> ddr errors(s) detected and corrected on rank 0, symbol <*> bit <*>",0.9305,"<*> ddr error(s) detected and corrected on rank 0, symbol <*> over <*> seconds",0.8824,48.47,162
59,"CE sym 26, at 0x022c3fc0, mask 0x40",partial,CE sym <*> at <*> mask <*>,0.9656,"CE sym 5, at 0x0e37bbe0, mask <*>",0.9136,"CE sym 27, at 0x11b3f3c0, mask <*>",0.9062,48.59,162
60,total of 4 ddr error(s) detected and corrected,partial,total of <*> ddr error(s) detected and corrected,0.9727,total of <*> ddr error(s) detected and corrected over <*> seconds,0.8993,total of 23 ddr error(s) detected and corrected,0.8985,48.37,162
61,"CE sym 27, at 0x166a9f20, mask 0x02",partial,CE sym <*> at <*> mask <*>,0.969,"CE sym 6, at <*> mask <*>",0.9471,"CE sym 16, at <*> mask <*>",0.9218,48.57,162
62,"CE sym 21, at 0x13d38aa0, mask 0x40",partial,CE sym <*> at <*> mask <*>,0.9559,"CE sym 5, at 0x0e37bbe0, mask <*>",0.9346,"CE sym 21, at 0x04d64dc0, mask <*>",0.9246,48.44,162
63,"CE sym 15, at 0x0bde77e0, mask 0x04",partial,"CE sym 16, at <*> mask <*>",0.9649,"CE sym 4, at <*> mask <*>",0.9213,"CE sym 6, at <*> mask <*>",0.9154,48.55,162
64,"CE sym 16, at 0x0149a040, mask 0x80",partial,"CE sym 16, at <*> mask <*>",0.9755,"CE sym 6, at <*> mask <*>",0.9288,"CE sym 5, at 0x0e37bbe0, mask <*>",0.9267,48.52,162
65,ciod: Error reading message prefix after LOAD_MESSAGE on CioStream socket to 172.16.96.116:34903: Link has been severed,exact,ciod: Error reading message prefix <*> socket<*> <*> has<*> <*> been severed,0.9923,ciod: Error reading message prefix on CioStream socket to <*> Connection <*> peer,0.8882,ciod: failed to read message prefix on control stream (CioStream socket to <*>,0.8819,49.13,162
66,ciod: generated 128 core files for program /bgl/apps/SWL/stability/DDCMD//ddcMDbglV,partial,ciod: generated 128 core files for program <*>,0.9715,ciod: generated 64 core files for program /bgl/apps/followup/hellow/a.out.1111,0.7763,ciod: generated 128 core files for program /g/g24/germann2/SPaSM_mini/MEAM/r13,0.7253,49.23,162
67,"CE sym 2, at 0x0fa3d060, mask 0x08",partial,"CE sym 6, at <*> mask <*>",0.9421,CE sym <*> at <*> mask <*>,0.8978,"CE sym 4, at <*> mask <*>",0.8941,48.57,162
68,ciod: generated 64 core files for program /home/spelce1/HPCC_IBM/TomAndJeff/bin/tested_copro/tested_copro.rts,exact,ciod: generated 64 core files for program /home/spelce1/HPCC_IBM/TomAndJeff/bin/tested_copro/tested_copro.rts,1.0,ciod: generated <*> core files for program /home/spelce1/HPCC_IBM/Urgent/COP/64K/opt_co_dc.rts,0.8265,ciod: generated 108 core files for program /home/spelce1/HPCC_IBM/Urgent/VNM/32K/vnm.rts,0.688,49.65,162
69,critical input interrupt (unit=0x0b bit=0x06): warning for torus y+ wire,partial,critical input interrupt (unit=0x0b bit<*> warning for torus <*> wire<*> suppressing further interrupts of same type,0.9674,"critical input interrupt (unit=0x0b bit=0x17): warning for tree C1 wire, suppressing further interrupts of same type",0.6947,critical input interrupt enable...0,0.6106,48.73,162
70,"CE sym 5, at 0x0e37bbe0, mask 0x40",partial,"CE sym 5, at 0x0e37bbe0, mask <*>",0.9783,"CE sym 16, at <*> mask <*>",0.9256,"CE sym 6, at <*> mask <*>",0.925,48.63,162
71,"CE sym 4, at 0x18f28be0, mask 0x40",partial,"CE sym 4, at <*> mask <*>",0.9871,"CE sym 16, at <*> mask <*>",0.9298,"CE sym 6, at <*> mask <*>",0.9103,48.16,162
72,"CE sym 13, at 0x0397e0e0, mask 0x08",partial,"CE sym 6, at <*> mask <*>",0.9524,"CE sym 16, at <*> mask <*>",0.947,CE sym <*> at <*> mask <*>,0.9386,48.32,162
73,"CE sym 9, at 0x11b9cc60, mask 0x04",partial,"CE sym 6, at <*> mask <*>",0.9488,"CE sym 4, at <*> mask <*>",0.9126,"CE sym 16, at <*> mask <*>",0.9102,48.41,162
74,"ciod: Error loading /home/spelce1/HPCC_IBM/Urgent/Gunnels/VNM64/vnm.rts: invalid or missing program image, Permission denied",partial,"ciod: Error loading /g/g0/spelce1/HPCC_IBM/Urgent/COP/64K/RandomAccess.64R.rts: invalid or missing program image, Permission denied",0.9437,"ciod: Error loading /home/spelce1/HPCC_IBM/Urgent/COP/64K/hpcc-1.0.0.102905_opt_essl_cpm: invalid or missing program image, Permission denied",0.7269,"ciod: Error loading allreduce_int_V1R1.rts: invalid or missing program image, No such file or directory",0.7032,49.7,162
75,"CE sym 6, at 0x06ec7a20, mask 0x20",partial,"CE sym 6, at <*> mask <*>",0.964,CE sym <*> at <*> mask <*>,0.9204,"CE sym 5, at 0x0e37bbe0, mask <*>",0.909,48.4,162
76,ciod: generated 108 core files for program /home/spelce1/HPCC_IBM/Urgent/VNM/32K/vnm.rts,exact,ciod: generated 108 core files for program /home/spelce1/HPCC_IBM/Urgent/VNM/32K/vnm.rts,1.0,ciod: generated <*> core files for program /home/spelce1/HPCC_IBM/Urgent/COP/64K/opt_co_dc.rts,0.7829,ciod: generated 64 core files for program /home/spelce1/HPCC_IBM/TomAndJeff/bin/tested_copro/tested_copro.rts,0.688,49.38,162
77,"CE sym 9, at 0x11f82720, mask 0x02",partial,"CE sym 6, at <*> mask <*>",0.9671,CE sym <*> at <*> mask <*>,0.9231,"CE sym 16, at <*> mask <*>",0.9168,48.79,162
78,"CE sym 6, at 0x0148b640, mask 0x10",partial,"CE sym 6, at <*> mask <*>",0.9597,CE sym <*> at <*> mask <*>,0.9047,"CE sym 16, at <*> mask <*>",0.8907,48.31,162
79,"ciod: Error loading /home/spelce1/HPCC_IBM/Urgent/VNM/64K/vnm.rts: invalid or missing program image, Permission denied",partial,"ciod: Error loading /g/g0/spelce1/HPCC_IBM/Urgent/COP/64K/RandomAccess.64R.rts: invalid or missing program image, Permission denied",0.9575,"ciod: Error loading /home/spelce1/HPCC_IBM/Urgent/COP/64K/hpcc-1.0.0.102905_opt_essl_cpm: invalid or missing program image, Permission denied",0.7308,ciod: generated 108 core files for program /home/spelce1/HPCC_IBM/Urgent/VNM/32K/vnm.rts,0.7021,50.0,162
80,ciod: Error reading message prefix after LOAD_MESSAGE on CioStream socket to 172.16.96.116:53591: Link has been severed,exact,ciod: Error reading message prefix <*> socket<*> <*> has<*> <*> been severed,0.9913,ciod: Error reading message prefix on CioStream socket to <*> Connection <*> peer,0.8896,ciod: failed to read message prefix on control stream (CioStream socket to <*>,0.8794,49.31,162
81,total of 2 ddr error(s) detected and corrected,partial,total of <*> ddr error(s) detected and corrected,0.9869,total of <*> ddr error(s) detected and corrected over <*> seconds,0.9121,total of 23 ddr error(s) detected and corrected,0.9115,48.13,162
82,"CE sym 20, at 0x0a508740, mask 0x02",partial,"CE sym 5, at 0x0e37bbe0, mask <*>",0.9582,CE sym <*> at <*> mask <*>,0.936,"CE sym 16, at <*> mask <*>",0.9336,48.88,162
83,"CE sym 25, at 0x06c27c60, mask 0x40",partial,CE sym <*> at <*> mask <*>,0.9709,"CE sym 5, at 0x0e37bbe0, mask <*>",0.9484,"CE sym 6, at <*> mask <*>",0.9132,48.35,162
84,total of 12 ddr error(s) detected and corrected,partial,total of <*> ddr error(s) detected and corrected,0.9588,total of 23 ddr error(s) detected and corrected,0.9041,total of <*> ddr error(s) detected and corrected over <*> seconds,0.891,48.23,162
85,"1 ddr errors(s) detected and corrected on rank 0, symbol 28, bit 0",partial,"1 ddr errors(s) detected and corrected on rank 0, symbol <*> bit <*>",0.9688,"<*> ddr errors(s) detected and corrected on rank 0, symbol <*> bit <*>",0.9439,"<*> ddr error(s) detected and corrected on rank 0, symbol <*> over <*> seconds",0.8991,48.42,162
86,ciod: Error reading message prefix after LOAD_MESSAGE on CioStream socket to 172.16.96.116:57673: Link has been severed,exact,ciod: Error reading message prefix <*> socket<*> <*> has<*> <*> been severed,0.9923,ciod: Error reading message prefix on CioStream socket to <*> Connection <*> peer,0.8852,ciod: failed to read message prefix on control stream (CioStream socket to <*>,0.8807,49.21,162
87,"CE sym 5, at 0x13253280, mask 0x04",partial,"CE sym 6, at <*> mask <*>",0.9385,"CE sym 16, at <*> mask <*>",0.9363,"CE sym 5, at 0x0e37bbe0, mask <*>",0.923,48.36,162
88,"ciod: Error loading /home/spelce1/HPCC_IBM/Urgent/COP/64K/vnm.rts: invalid or missing program image, Permission denied",partial,"ciod: Error loading /g/g0/spelce1/HPCC_IBM/Urgent/COP/64K/RandomAccess.64R.rts: invalid or missing program image, Permission denied",0.9828,"ciod: Error loading /home/spelce1/HPCC_IBM/Urgent/COP/64K/hpcc-1.0.0.102905_opt_essl_cpm: invalid or missing program image, Permission denied",0.7809,"ciod: Error loading allreduce_int_V1R1.rts: invalid or missing program image, No such file or directory",0.7172,49.22,162
89,"ciod: Error loading /home/spelce1/HPCC_IBM/Urgent/COP/64K/vnm.rts: invalid or missing program image, Permission denied",partial,"ciod: Error loading /g/g0/spelce1/HPCC_IBM/Urgent/COP/64K/RandomAccess.64R.rts: invalid or missing program image, Permission denied",0.9858,"ciod: Error loading /home/spelce1/HPCC_IBM/Urgent/COP/64K/hpcc-1.0.0.102905_opt_essl_cpm: invalid or missing program image, Permission denied",0.7809,"ciod: Error loading allreduce_int_V1R1.rts: invalid or missing program image, No such file or directory",0.7172,49.34,162
90,"ciod: Error loading /home/spelce1/HPCC_IBM/Urgent/COP/64K/vnm.rts: invalid or missing program image, Permission denied",partial,"ciod: Error loading /g/g0/spelce1/HPCC_IBM/Urgent/COP/64K/RandomAccess.64R.rts: invalid or missing program image, Permission denied",0.9881,"ciod: Error loading /home/spelce1/HPCC_IBM/Urgent/COP/64K/hpcc-1.0.0.102905_opt_essl_cpm: invalid or missing program image, Permission denied",0.7809,"ciod: Error loading allreduce_int_V1R1.rts: invalid or missing program image, No such file or directory",0.7172,49.32,162
91,"ciod: Error loading /bgl/apps/followup/SPASM/spasm.254: invalid or missing program image, Permission denied",partial,"ciod: Error loading /g/g0/spelce1/Tuned/SPaSM-base/rundir/SPaSM.baseline: invalid or missing program image, Permission denied",0.9548,"ciod: Error loading /bgl/apps/SWL/stability/NEWS05/news05_DD: invalid or missing program image, Permission denied",0.7333,"ciod: Error loading /bgl/apps/SWL/stability/MDCASK/WORK/1383/inferno: invalid or missing program image, Permission denied",0.6456,48.84,162
92,"ciod: Error loading /bgl/apps/followup/SPASM/spasm.254: invalid or missing program image, Permission denied",partial,"ciod: Error loading /g/g0/spelce1/Tuned/SPaSM-base/rundir/SPaSM.baseline: invalid or missing program image, Permission denied",0.9666,"ciod: Error loading /bgl/apps/SWL/stability/NEWS05/news05_DD: invalid or missing program image, Permission denied",0.7333,"ciod: Error loading /bgl/apps/SWL/stability/MDCASK/WORK/1383/inferno: invalid or missing program image, Permission denied",0.6456,49.1,162
93,"ciod: Error loading /bgl/apps/followup/MINIBEN/MB_254_051007/torus-latency.rts: invalid or missing program image, No such file or directory",partial,"ciod: Error loading /bgl/apps/SWL/performance/MINIBEN//bandwidth.rts: invalid or missing program image, No such file or directory",0.9098,"ciod: Error loading /home/yates//torus-latency.rts: invalid or missing program image, No such file or directory",0.8563,"ciod: Error loading /bgl/apps/scaletest/performance/MINIBEN/mb_243_0810/allreduce.rts: invalid or missing program image, Exec format error",0.6841,50.26,162
94,"CE sym 14, at 0x17086be0, mask 0x02",partial,"CE sym 16, at <*> mask <*>",0.9512,"CE sym 6, at <*> mask <*>",0.9173,"CE sym 15, at 0x1bb2fe80, mask <*>",0.9066,48.79,162
95,suppressing further interrupts of same type,exact,suppressing further interrupts of same type,1.0,program interrupt: unimplemented operation..0,0.6003,program interrupt,0.5841,48.41,162
96,"4 ddr errors(s) detected and corrected on rank 0, symbol 13, bit 5",partial,"1 ddr errors(s) detected and corrected on rank 0, symbol <*> bit <*>",0.9543,"<*> ddr errors(s) detected and corrected on rank 0, symbol <*> bit <*>",0.9421,"<*> ddr error(s) detected and corrected on rank 0, symbol <*> over <*> seconds",0.8481,48.26,162
97,4 tree receiver 2 in re-synch state event(s) (dcr 0x019a) detected,partial,<*> tree receiver 2 in re-synch state event(s) (dcr 0x019a) detected,0.9875,<*> tree receiver 1 in re-synch state event(s) (dcr <*> detected over <*> seconds,0.8617,<*> torus sender z- retransmission error(s) (dcr 0x02f9) detected and corrected over <*> seconds,0.5005,49.56,162
98,"CE sym 23, at 0x1793c560, mask 0x01",partial,CE sym <*> at <*> mask <*>,0.9479,"CE sym 16, at <*> mask <*>",0.9209,"CE sym 6, at <*> mask <*>",0.9206,48.74,162
99,"CE sym 14, at 0x08d4e740, mask 0x01",partial,"CE sym 16, at <*> mask <*>",0.9725,CE sym <*> at <*> mask <*>,0.9272,"CE sym 6, at <*> mask <*>",0.9257,48.01,162
100,ciod: generated 64 core files for program /home/spelce1/HPCC_IBM/Urgent/COP/64K/opt_co_dc.rts,exact,ciod: generated <*> core files for program /home/spelce1/HPCC_IBM/Urgent/COP/64K/opt_co_dc.rts,0.9903,ciod: generated 64 core files for program /home/spelce1/HPCC_IBM/TomAndJeff/bin/tested_copro/tested_copro.rts,0.837,ciod: generated 108 core files for program /home/spelce1/HPCC_IBM/Urgent/VNM/32K/vnm.rts,0.76,49.52,162
101,ciod: generated 58 core files for program /home/spelce1/HPCC_IBM/Urgent/COP/64K/opt_co_dc.rts,partial,ciod: generated <*> core files for program /home/spelce1/HPCC_IBM/Urgent/COP/64K/opt_co_dc.rts,0.9868,ciod: generated 64 core files for program /home/spelce1/HPCC_IBM/TomAndJeff/bin/tested_copro/tested_copro.rts,0.7999,ciod: generated 108 core files for program /home/spelce1/HPCC_IBM/Urgent/VNM/32K/vnm.rts,0.7906,49.11,162
102,ciod: Error reading message prefix after LOAD_MESSAGE on CioStream socket to 172.16.96.116:47696: Link has been severed,exact,ciod: Error reading message prefix <*> socket<*> <*> has<*> <*> been severed,0.993,ciod: Error reading message prefix on CioStream socket to <*> Connection <*> peer,0.8874,ciod: failed to read message prefix on control stream (CioStream socket to <*>,0.8819,50.97,162
103,data cache search parity error detected. attempting to correct,exact,data cache search parity error detected. attempting to correct,1.0,instruction cache parity error corrected,0.6844,"<*> ddr error(s) detected and corrected on rank 0, symbol <*> over <*> seconds",0.3225,48.37,162
104,data cache search parity error detected. attempting to correct,exact,data cache search parity error detected. attempting to correct,1.0,instruction cache parity error corrected,0.6844,"<*> ddr error(s) detected and corrected on rank 0, symbol <*> over <*> seconds",0.3225,48.32,162
105,data cache search parity error detected. attempting to correct,exact,data cache search parity error detected. attempting to correct,1.0,instruction cache parity error corrected,0.6844,"<*> ddr error(s) detected and corrected on rank 0, symbol <*> over <*> seconds",0.3225,48.0,162
106,data cache search parity error detected. attempting to correct,exact,data cache search parity error detected. attempting to correct,1.0,instruction cache parity error corrected,0.6844,"<*> ddr error(s) detected and corrected on rank 0, symbol <*> over <*> seconds",0.3225,48.43,162
107,data cache search parity error detected. attempting to correct,exact,data cache search parity error detected. attempting to correct,1.0,instruction cache parity error corrected,0.6844,"<*> ddr error(s) detected and corrected on rank 0, symbol <*> over <*> seconds",0.3225,48.46,162
108,data cache search parity error detected. attempting to correct,exact,data cache search parity error detected. attempting to correct,1.0,instruction cache parity error corrected,0.6844,"<*> ddr error(s) detected and corrected on rank 0, symbol <*> over <*> seconds",0.3225,48.27,162
109,"CE sym 12, at 0x18e33e80, mask 0x04",partial,"CE sym 16, at <*> mask <*>",0.9603,"CE sym 6, at <*> mask <*>",0.9414,"CE sym 4, at <*> mask <*>",0.9258,49.3,162
110,"CE sym 13, at 0x00f254e0, mask 0x20",partial,"CE sym 6, at <*> mask <*>",0.9488,"CE sym 16, at <*> mask <*>",0.9429,CE sym <*> at <*> mask <*>,0.9413,49.69,162
111,shutdown complete,exact,shutdown complete,1.0,PrepareForService shutting down <*> Action<*> 648,0.3908,wait state enable.................0,0.2952,49.15,162
112,"ciod: Error loading /bgl/apps/followup/RAPTOR/new.raptor.trace: invalid or missing program image, Exec format error",exact,"ciod: Error loading /bgl/apps/followup/RAPTOR/new.raptor.trace: invalid or missing program image, Exec format error",1.0,"ciod: Error loading /bgl/apps/followup/RAPTOR/pre-study/raptor.newcomp.r1: invalid or missing program image, Permission denied",0.8942,"ciod: Error loading /home/greeno/raptor.new.dev.3d.BGL.CXX_XL.MPI.ex: invalid or missing program image, No such file or directory",0.823,48.88,162
113,"ciod: Error loading /bgl/apps/followup/RAPTOR/new.raptor.trace: invalid or missing program image, Exec format error",exact,"ciod: Error loading /bgl/apps/followup/RAPTOR/new.raptor.trace: invalid or missing program image, Exec format error",1.0,"ciod: Error loading /bgl/apps/followup/RAPTOR/pre-study/raptor.newcomp.r1: invalid or missing program image, Permission denied",0.8942,"ciod: Error loading /home/greeno/raptor.new.dev.3d.BGL.CXX_XL.MPI.ex: invalid or missing program image, No such file or directory",0.823,48.98,162
114,ciod: generated 64 core files for program /home/rfisher/sodscaling/flash2,exact,ciod: generated 64 core files for program /home/rfisher/sodscaling/flash2,1.0,ciod: generated 64 core files for program /bgl/apps/followup/hellow/a.out.1111,0.7233,ciod: generated 128 core files for program /g/g24/germann2/SPaSM_mini/MEAM/r13,0.6828,48.68,162
115,total of 1 ddr error(s) detected and corrected,exact,total of <*> ddr error(s) detected and corrected,0.991,total of <*> ddr error(s) detected and corrected over <*> seconds,0.9209,total of 23 ddr error(s) detected and corrected,0.9086,48.43,162
116,"1 ddr errors(s) detected and corrected on rank 0, symbol 17, bit 7",partial,"1 ddr errors(s) detected and corrected on rank 0, symbol <*> bit <*>",0.9686,"<*> ddr errors(s) detected and corrected on rank 0, symbol <*> bit <*>",0.9159,"<*> ddr error(s) detected and corrected on rank 0, symbol <*> over <*> seconds",0.8648,48.3,162
117,"ciod: Error loading allreduce_int_V1R1.rts: invalid or missing program image, No such file or directory",exact,"ciod: Error loading allreduce_int_V1R1.rts: invalid or missing program image, No such file or directory",1.0,"ciod: Error loading /bgl/apps/scaletest/performance/MINIBEN/mb_243_0810/allreduce.rts: invalid or missing program image, Exec format error",0.7595,"ciod: Error loading /g/g0/spelce1/HPCC_IBM/Urgent/COP/64K/RandomAccess.64R.rts: invalid or missing program image, Permission denied",0.7413,48.83,162
118,critical input interrupt (unit=0x0b bit=0x0b): warning for torus z- wire,partial,critical input interrupt (unit=0x0b bit<*> warning for torus <*> wire<*> suppressing further interrupts of same type,0.9817,"critical input interrupt (unit=0x0b bit=0x17): warning for tree C1 wire, suppressing further interrupts of same type",0.6991,<*> torus receiver z+ input pipe error(s) (dcr 0x02f0) detected and corrected,0.6028,49.48,162
119,16 tree receiver 2 in re-synch state event(s) (dcr 0x019a) detected,partial,<*> tree receiver 2 in re-synch state event(s) (dcr 0x019a) detected,0.9841,<*> tree receiver 1 in re-synch state event(s) (dcr <*> detected over <*> seconds,0.8873,1 torus receiver <*> input pipe error(s) (dcr <*> detected and corrected,0.5117,50.25,162
120,rts: kernel terminated for reason 1004,exact,rts: kernel terminated for reason <*>,0.9993,"rts: kernel terminated for reason 1001rts: bad message header: invalid cpu, type=42315, cpu=105, index=1207960804, total=2691015",0.8669,rts internal error,0.7234,49.21,162
121,"Error receiving packet on tree network, expecting type 57 instead of type 3 (softheader=0064588e 8aff0003 00000002 00000000) PSR0=00001f01 PSR1=00000000 PRXF=00000002 PIXF=00000007",exact,"Error receiving packet on tree network, expecting type 57 instead of type 3 <*> PSR<*> PSR<*> PRXF<*> PIXF<*>",0.9981,rts: bad message header: expecting type 57 instead of type 3 (softheader=00131db8 <*>,0.7005,"ciod: In packet from node 91.0 (R62-M1-Nf-C:J03-U11), message code 2 is not 3 or <*> (softheader=003b005b <*>",0.6234,70.23,162
122,"CE sym 29, at 0x1b719940, mask 0x02",partial,CE sym <*> at <*> mask <*>,0.9512,"CE sym 30, at 0x1bd2b700, mask <*>",0.9191,"CE sym 27, at <*> mask <*>",0.9085,73.24,162
123,"CE sym 27, at 0x1b70b860, mask 0x80",exact,"CE sym 27, at <*> mask <*>",1.0,CE sym <*> at <*> mask <*>,0.9212,"CE sym 30, at 0x1bd2b700, mask <*>",0.91,74.93,162
124,"ciod: Error loading /home/spelce1/HPCC_IBM/Urgent/COP/64K/hpcc-1.0.0.102905_opt_essl_cpm: invalid or missing program image, Permission denied",exact,"ciod: Error loading /home/spelce1/HPCC_IBM/Urgent/COP/64K/hpcc-1.0.0.102905_opt_essl_cpm: invalid or missing program image, Permission denied",1.0,"ciod: Error loading /g/g0/spelce1/HPCC_IBM/Urgent/COP/64K/RandomAccess.64R.rts: invalid or missing program image, Permission denied",0.801,"ciod: Error loading <*> invalid or missing program image, No such file or directory",0.7247,82.34,162
125,"CE sym 16, at 0x18fa5d40, mask 0x80",partial,"CE sym 16, at <*> mask <*>",0.9687,"CE sym 5, at 0x0e37bbe0, mask <*>",0.9214,"CE sym 6, at <*> mask <*>",0.9143,48.88,162
126,"4 ddr errors(s) detected and corrected on rank 0, symbol 24, bit 1",partial,"<*> ddr errors(s) detected and corrected on rank 0, symbol <*> bit <*>",0.9862,"1 ddr errors(s) detected and corrected on rank 0, symbol <*> bit <*>",0.9636,"<*> ddr error(s) detected and corrected on rank 0, symbol <*> over <*> seconds",0.8861,49.54,162
127,instruction cache parity error corrected,exact,instruction cache parity error corrected,1.0,data cache search parity error detected. attempting to correct,0.6844,guaranteed instruction cache block touch.0,0.5029,63.67,162
128,"CE sym 30, at 0x1bd2b700, mask 0x04",exact,"CE sym 30, at 0x1bd2b700, mask <*>",1.0,CE sym <*> at <*> mask <*>,0.9145,"CE sym 27, at <*> mask <*>",0.91,79.2,162
129,"ciod: Error loading /g/g0/spelce1/HPCC_IBM/Urgent/COP/64K/RandomAccess.64R.rts: invalid or missing program image, Permission denied",partial,"ciod: Error loading /g/g0/spelce1/HPCC_IBM/Urgent/COP/64K/RandomAccess.64R.rts: invalid or missing program image, Permission denied",0.9126,"ciod: Error loading /home/spelce1/HPCC_IBM/Urgent/COP/64K/hpcc-1.0.0.102905_opt_essl_cpm: invalid or missing program image, Permission denied",0.8096,"ciod: Error loading allreduce_int_V1R1.rts: invalid or missing program image, No such file or directory",0.7253,75.64,162
130,"ciod: Error loading /home.old/glosli/src/ddcMD/ddcMD1.1.17/bin/ddcMDGbglV: invalid or missing program image, No such file or directory",partial,"ciod: Error loading ./runtime_malloc: invalid or missing program image, No such file or directory",0.9404,"ciod: Error loading /bgl/apps/SWL/stability/NEWS05/news05_DD: invalid or missing program image, Permission denied",0.6274,"ciod: Error loading <*> invalid or missing program image, No such file or directory",0.6268,74.86,162
131,"ciod: Error loading /home.old/glosli/src/ddcMD/ddcMD1.1.18a/bin/ddcMDGbglV: invalid or missing program image, No such file or directory",partial,"ciod: Error loading ./runtime_malloc: invalid or missing program image, No such file or directory",0.9527,"ciod: Error loading <*> invalid or missing program image, No such file or directory",0.6294,"ciod: Error loading /bgl/apps/SWL/stability/NEWS05/news05_DD: invalid or missing program image, Permission denied",0.6256,50.31,162
132,iar 00106210 dear 0244c1dc,partial,iar <*> dear <*>,0.9626,lr:00004ed0 <*>,0.6054,data address: <*>,0.5074,48.81,162
133,640404 floating point alignment exceptions,partial,<*> floating point alignment exceptions,0.9485,<*> double-hummer alignment exceptions,0.5319,floating point instr. enabled.....1,0.5297,48.35,162
134,640404 floating point alignment exceptions,partial,<*> floating point alignment exceptions,0.9509,<*> double-hummer alignment exceptions,0.5319,floating point instr. enabled.....1,0.5297,48.35,162
135,iar 00106210 dear 0244c1dc,partial,iar <*> dear <*>,0.9628,lr:00004ed0 <*>,0.6054,data address: <*>,0.5074,49.11,162
136,iar 00106210 dear 0244c20c,partial,iar <*> dear <*>,0.9843,lr:00004ed0 <*>,0.6269,data address: <*>,0.5121,48.44,162
137,iar 00106228 dear 0244c1ec,partial,iar <*> dear <*>,0.9802,lr:00004ed0 <*>,0.6304,instruction address: <*>,0.4914,48.84,162
138,iar 00106210 dear 0244c20c,partial,iar <*> dear <*>,0.9844,lr:00004ed0 <*>,0.6269,data address: <*>,0.5121,48.41,162
139,iar 00106210 dear 0244c20c,partial,iar <*> dear <*>,0.9845,lr:00004ed0 <*>,0.6269,data address: <*>,0.5121,49.43,162
140,iar 00106228 dear 0244c1ec,partial,iar <*> dear <*>,0.9804,lr:00004ed0 <*>,0.6304,instruction address: <*>,0.4914,48.45,162
141,iar 00106228 dear 0244c1ec,partial,iar <*> dear <*>,0.9805,lr:00004ed0 <*>,0.6304,instruction address: <*>,0.4914,47.9,162
142,640404 floating point alignment exceptions,partial,<*> floating point alignment exceptions,0.9531,<*> double-hummer alignment exceptions,0.5319,floating point instr. enabled.....1,0.5297,48.13,162
143,iar 00106228 dear 0244c21c,partial,iar <*> dear <*>,0.9882,lr:00004ed0 <*>,0.632,data address: <*>,0.4735,48.15,162
144,iar 001061dc dear 0244c22c,partial,iar <*> dear <*>,0.9622,lr:00004ed0 <*>,0.5978,data address: <*>,0.4877,48.05,162
145,iar 001061dc dear 0244c22c,partial,iar <*> dear <*>,0.9625,lr:00004ed0 <*>,0.5978,data address: <*>,0.4877,48.14,162
146,iar 001061dc dear 0244c25c,partial,iar <*> dear <*>,0.9567,lr:00004ed0 <*>,0.5954,data address: <*>,0.4809,48.24,162
147,iar 001061dc dear 0244c22c,partial,iar <*> dear <*>,0.963,lr:00004ed0 <*>,0.5978,data address: <*>,0.4877,48.04,162
148,iar 00106228 dear 0244c1ec,partial,iar <*> dear <*>,0.9807,lr:00004ed0 <*>,0.6304,instruction address: <*>,0.4914,47.98,162
149,iar 00106210 dear 0244c20c,partial,iar <*> dear <*>,0.9848,lr:00004ed0 <*>,0.6269,data address: <*>,0.5121,48.28,162
150,iar 00106228 dear 0244c1ec,partial,iar <*> dear <*>,0.9808,lr:00004ed0 <*>,0.6304,instruction address: <*>,0.4914,48.22,162
151,iar 001061dc dear 0244c22c,partial,iar <*> dear <*>,0.9632,lr:00004ed0 <*>,0.5978,data address: <*>,0.4877,48.19,162
152,iar 00105ea0 dear 0244c28c,partial,iar <*> dear <*>,0.9798,lr:00004ed0 <*>,0.6335,data address: <*>,0.5338,48.32,162
153,iar 00105e94 dear 02f5883c,partial,iar <*> dear <*>,0.977,lr:00004ed0 <*>,0.6346,data address: <*>,0.4796,48.16,162
154,iar 001061dc dear 0244c22c,partial,iar <*> dear <*>,0.9634,lr:00004ed0 <*>,0.5978,data address: <*>,0.4877,49.27,162
155,iar 001061dc dear 0244c28c,partial,iar <*> dear <*>,0.9548,lr:00004ed0 <*>,0.6072,data address: <*>,0.508,48.2,162
156,640764 floating point alignment exceptions,partial,<*> floating point alignment exceptions,0.9524,<*> double-hummer alignment exceptions,0.5502,floating point instr. enabled.....1,0.5282,48.12,162
157,640404 floating point alignment exceptions,partial,<*> floating point alignment exceptions,0.9568,<*> double-hummer alignment exceptions,0.5319,floating point instr. enabled.....1,0.5297,48.46,162
158,640404 floating point alignment exceptions,partial,<*> floating point alignment exceptions,0.9586,<*> double-hummer alignment exceptions,0.5319,floating point instr. enabled.....1,0.5297,49.09,162
159,iar 00106210 dear 0244c20c,partial,iar <*> dear <*>,0.985,lr:00004ed0 <*>,0.6269,data address: <*>,0.5121,48.76,162
160,iar 00106210 dear 0244c1dc,partial,iar <*> dear <*>,0.9648,lr:00004ed0 <*>,0.6054,data address: <*>,0.5074,48.5,162
161,iar 00106228 dear 0244c21c,partial,iar <*> dear <*>,0.9886,lr:00004ed0 <*>,0.632,data address: <*>,0.4735,48.4,162
162,iar 00106210 dear 0244c1dc,partial,iar <*> dear <*>,0.9651,lr:00004ed0 <*>,0.6054,data address: <*>,0.5074,48.18,162
163,iar 001061dc dear 0244c25c,partial,iar <*> dear <*>,0.9583,lr:00004ed0 <*>,0.5954,data address: <*>,0.4809,48.28,162
164,iar 001061dc dear 0244c22c,partial,iar <*> dear <*>,0.9646,lr:00004ed0 <*>,0.5978,data address: <*>,0.4877,79.58,162
165,iar 00106228 dear 0244c21c,partial,iar <*> dear <*>,0.9887,lr:00004ed0 <*>,0.632,data address: <*>,0.4735,67.44,162
166,iar 001061dc dear 0244c28c,partial,iar <*> dear <*>,0.956,lr:00004ed0 <*>,0.6072,data address: <*>,0.508,48.13,162
167,iar 001061dc dear 0244c28c,partial,iar <*> dear <*>,0.9563,lr:00004ed0 <*>,0.6072,data address: <*>,0.508,50.25,162
168,iar 00106210 dear 0244c23c,partial,iar <*> dear <*>,0.9835,lr:00004ed0 <*>,0.6117,data address: <*>,0.4854,85.43,162
169,iar 00106210 dear 0244c23c,partial,iar <*> dear <*>,0.9836,lr:00004ed0 <*>,0.6117,data address: <*>,0.4854,72.1,162
170,iar 00106210 dear 0244c26c,partial,iar <*> dear <*>,0.9883,lr:00004ed0 <*>,0.6337,data address: <*>,0.4991,74.77,162
171,iar 00106228 dear 0244c24c,partial,iar <*> dear <*>,0.9839,lr:00004ed0 <*>,0.6363,data address: <*>,0.4735,86.15,162
172,iar 00106228 dear 0244c27c,partial,iar <*> dear <*>,0.9831,lr:00004ed0 <*>,0.6268,data address: <*>,0.4563,73.38,162
173,iar 00106228 dear 0244c27c,partial,iar <*> dear <*>,0.9832,lr:00004ed0 <*>,0.6268,data address: <*>,0.4563,68.5,162
174,iar 00106228 dear 0244c27c,partial,iar <*> dear <*>,0.9833,lr:00004ed0 <*>,0.6268,data address: <*>,0.4563,63.6,162
175,iar 00106568 dear 02494bbc,partial,iar <*> dear <*>,0.9843,lr:00004ed0 <*>,0.6433,data address: <*>,0.4778,56.93,162
176,487476 floating point alignment exceptions,partial,<*> floating point alignment exceptions,0.9628,<*> double-hummer alignment exceptions,0.5911,floating point instr. enabled.....1,0.5368,49.76,162
177,487476 floating point alignment exceptions,partial,<*> floating point alignment exceptions,0.9643,<*> double-hummer alignment exceptions,0.5911,floating point instr. enabled.....1,0.5368,48.07,162
178,iar 00106580 dear 02494bcc,partial,iar <*> dear <*>,0.9716,lr:00004ed0 <*>,0.634,data address: <*>,0.5173,48.04,162
179,iar 00106568 dear 02494bbc,partial,iar <*> dear <*>,0.9845,lr:00004ed0 <*>,0.6433,data address: <*>,0.4778,48.28,162
180,iar 00106580 dear 02494bcc,partial,iar <*> dear <*>,0.9718,lr:00004ed0 <*>,0.634,data address: <*>,0.5173,48.23,162
181,iar 00106534 dear 02494c0c,partial,iar <*> dear <*>,0.9751,lr:00004ed0 <*>,0.643,data address: <*>,0.4939,48.94,162
182,iar 00106534 dear 02494c0c,partial,iar <*> dear <*>,0.9752,lr:00004ed0 <*>,0.643,data address: <*>,0.4939,48.08,162
183,iar 00106580 dear 02494bfc,partial,iar <*> dear <*>,0.9672,lr:00004ed0 <*>,0.6341,data address: <*>,0.502,48.11,162
184,iar 00106568 dear 02494bec,partial,iar <*> dear <*>,0.9723,lr:00004ed0 <*>,0.6324,data address: <*>,0.4698,48.11,162
185,iar 00106568 dear 02494bec,partial,iar <*> dear <*>,0.9724,lr:00004ed0 <*>,0.6324,data address: <*>,0.4698,48.06,162
186,iar 00106534 dear 02494c3c,partial,iar <*> dear <*>,0.9762,lr:00004ed0 <*>,0.6339,data address: <*>,0.4728,48.09,162
187,iar 00106580 dear 02494bfc,partial,iar <*> dear <*>,0.9677,lr:00004ed0 <*>,0.6341,data address: <*>,0.502,48.15,162
188,iar 00106534 dear 02494c3c,partial,iar <*> dear <*>,0.9764,lr:00004ed0 <*>,0.6339,data address: <*>,0.4728,48.17,162
189,iar 00106534 dear 02494c3c,partial,iar <*> dear <*>,0.9765,lr:00004ed0 <*>,0.6339,data address: <*>,0.4728,48.19,162
190,iar 00106580 dear 02494c2c,partial,iar <*> dear <*>,0.9774,lr:00004ed0 <*>,0.6521,data address: <*>,0.5234,49.65,162
191,iar 00106580 dear 02494c2c,partial,iar <*> dear <*>,0.9776,lr:00004ed0 <*>,0.6521,data address: <*>,0.5234,48.59,162
192,2354412 floating point alignment exceptions,partial,<*> floating point alignment exceptions,0.9761,<*> double-hummer alignment exceptions,0.6066,floating point instr. enabled.....1,0.5464,48.17,162
193,iar 00106568 dear 045e140c,partial,iar <*> dear <*>,0.9728,lr:00004ed0 <*>,0.6395,instruction address: <*>,0.5103,48.26,162
194,iar 00106580 dear 045e141c,partial,iar <*> dear <*>,0.9646,lr:00004ed0 <*>,0.6217,data address: <*>,0.5165,48.91,162
195,iar 00106580 dear 045e141c,partial,iar <*> dear <*>,0.9648,lr:00004ed0 <*>,0.6217,data address: <*>,0.5165,48.25,162
196,iar 00106580 dear 045e141c,partial,iar <*> dear <*>,0.965,lr:00004ed0 <*>,0.6217,data address: <*>,0.5165,48.38,162
197,iar 00106534 dear 045e145c,partial,iar <*> dear <*>,0.9724,lr:00004ed0 <*>,0.6272,data address: <*>,0.48,48.1,162
198,iar 00106568 dear 045e147c,partial,iar <*> dear <*>,0.9797,lr:00004ed0 <*>,0.6343,instruction address: <*>,0.4816,48.16,162
199,iar 00106580 dear 045e148c,partial,iar <*> dear <*>,0.9668,lr:00004ed0 <*>,0.6341,data address: <*>,0.52,48.08,162
200,2354412 floating point alignment exceptions,partial,<*> floating point alignment exceptions,0.977,<*> double-hummer alignment exceptions,0.6066,floating point instr. enabled.....1,0.5464,47.98,162
201,2354412 floating point alignment exceptions,partial,<*> floating point alignment exceptions,0.9779,<*> double-hummer alignment exceptions,0.6066,floating point instr. enabled.....1,0.5464,48.24,162
202,2354412 floating point alignment exceptions,partial,<*> floating point alignment exceptions,0.9787,<*> double-hummer alignment exceptions,0.6066,floating point instr. enabled.....1,0.5464,50.01,162
203,2354412 floating point alignment exceptions,partial,<*> floating point alignment exceptions,0.9795,<*> double-hummer alignment exceptions,0.6066,floating point instr. enabled.....1,0.5464,48.22,162
204,2354412 floating point alignment exceptions,partial,<*> floating point alignment exceptions,0.9803,<*> double-hummer alignment exceptions,0.6066,floating point instr. enabled.....1,0.5464,47.91,162
205,2354412 floating point alignment exceptions,partial,<*> floating point alignment exceptions,0.981,<*> double-hummer alignment exceptions,0.6066,floating point instr. enabled.....1,0.5464,47.9,162
206,2354412 floating point alignment exceptions,partial,<*> floating point alignment exceptions,0.9816,<*> double-hummer alignment exceptions,0.6066,floating point instr. enabled.....1,0.5464,47.95,162
207,2354412 floating point alignment exceptions,partial,<*> floating point alignment exceptions,0.9823,<*> double-hummer alignment exceptions,0.6066,floating point instr. enabled.....1,0.5464,47.96,162
208,2354412 floating point alignment exceptions,partial,<*> floating point alignment exceptions,0.9829,<*> double-hummer alignment exceptions,0.6066,floating point instr. enabled.....1,0.5464,48.62,162
209,2354412 floating point alignment exceptions,partial,<*> floating point alignment exceptions,0.9834,<*> double-hummer alignment exceptions,0.6066,floating point instr. enabled.....1,0.5464,47.96,162
210,2354412 floating point alignment exceptions,partial,<*> floating point alignment exceptions,0.984,<*> double-hummer alignment exceptions,0.6066,floating point instr. enabled.....1,0.5464,48.19,162
211,2354412 floating point alignment exceptions,partial,<*> floating point alignment exceptions,0.9845,<*> double-hummer alignment exceptions,0.6066,floating point instr. enabled.....1,0.5464,47.99,162
212,2354412 floating point alignment exceptions,partial,<*> floating point alignment exceptions,0.985,<*> double-hummer alignment exceptions,0.6066,floating point instr. enabled.....1,0.5464,48.12,162
213,2354412 floating point alignment exceptions,partial,<*> floating point alignment exceptions,0.9855,<*> double-hummer alignment exceptions,0.6066,floating point instr. enabled.....1,0.5464,49.38,162
214,62500 floating point alignment exceptions,partial,<*> floating point alignment exceptions,0.9388,<*> double-hummer alignment exceptions,0.5439,floating point instr. enabled.....1,0.5299,48.87,162
215,62500 floating point alignment exceptions,partial,<*> floating point alignment exceptions,0.9406,<*> double-hummer alignment exceptions,0.5439,floating point instr. enabled.....1,0.5299,48.5,162
216,62500 floating point alignment exceptions,partial,<*> floating point alignment exceptions,0.9424,<*> double-hummer alignment exceptions,0.5439,floating point instr. enabled.....1,0.5299,47.95,162
217,iar 00106570 dear 0245a10c,partial,iar <*> dear <*>,0.9717,lr:00004ed0 <*>,0.6443,data address: <*>,0.5138,48.39,162
218,iar 001061fc dear 02f6676c,partial,iar <*> dear <*>,0.9612,lr:00004ed0 <*>,0.6263,data address: <*>,0.4871,49.31,162
219,iar 00106588 dear 0245a17c,partial,iar <*> dear <*>,0.972,lr:00004ed0 <*>,0.6413,data address: <*>,0.4723,48.47,162
220,iar 0010662c dear 0245ccfc,partial,iar <*> dear <*>,0.9591,lr:00004ed0 <*>,0.639,data address: <*>,0.4801,48.11,162
221,iar 00106bd8 dear 0245ce0c,partial,iar <*> dear <*>,0.9762,lr:00004ed0 <*>,0.6354,data address: <*>,0.5531,48.34,162
222,iar 00106834 dear 0245ccfc,partial,iar <*> dear <*>,0.9644,lr:00004ed0 <*>,0.6393,data address: <*>,0.47,48.22,162
223,iar 00106bd8 dear 0245cd8c,partial,iar <*> dear <*>,0.9742,lr:00004ed0 <*>,0.6384,data address: <*>,0.5311,48.39,162
224,iar 0010682c dear 0245ccfc,partial,iar <*> dear <*>,0.9665,lr:00004ed0 <*>,0.6573,data address: <*>,0.5047,48.31,162
225,iar 00106b8c dear 0245ce8c,partial,iar <*> dear <*>,0.9707,lr:00004ed0 <*>,0.6458,data address: <*>,0.5415,48.24,162
226,iar 00106bc0 dear 0245cd7c,partial,iar <*> dear <*>,0.9698,lr:00004ed0 <*>,0.636,data address: <*>,0.5496,48.42,162
227,iar 00106bd8 dear 0245cd9c,partial,iar <*> dear <*>,0.978,lr:00004ed0 <*>,0.6368,data address: <*>,0.5133,48.37,162
228,iar 00106bd8 dear 0245ceec,partial,iar <*> dear <*>,0.9656,lr:00004ed0 <*>,0.6161,instruction address: <*>,0.543,48.24,162
229,iar 0010681c dear 02f692fc,partial,iar <*> dear <*>,0.9741,lr:00004ed0 <*>,0.6412,data address: <*>,0.5,48.21,162
230,iar 00106b8c dear 0245cf5c,partial,iar <*> dear <*>,0.9669,lr:00004ed0 <*>,0.633,data address: <*>,0.5281,48.11,162
231,iar 00106bc0 dear 0245cdec,partial,iar <*> dear <*>,0.9475,lr:00004ed0 <*>,0.6237,instruction address: <*>,0.5891,48.21,162
232,iar 00106600 dear 0245ccfc,partial,iar <*> dear <*>,0.9601,lr:00004ed0 <*>,0.6357,data address: <*>,0.5158,47.93,162
233,iar 00106bd8 dear 0245cf0c,partial,iar <*> dear <*>,0.9758,lr:00004ed0 <*>,0.6382,data address: <*>,0.5441,48.22,162
234,iar 00106834 dear 0245cd0c,partial,iar <*> dear <*>,0.9806,lr:00004ed0 <*>,0.6555,data address: <*>,0.5095,48.48,162
235,iar 00106bd8 dear 0245cf3c,partial,iar <*> dear <*>,0.9761,lr:00004ed0 <*>,0.6276,data address: <*>,0.5168,48.62,162
236,iar 0010686c dear 02f6930c,partial,iar <*> dear <*>,0.9761,lr:00004ed0 <*>,0.6605,data address: <*>,0.5146,49.38,162
237,iar 0010686c dear 02f6951c,partial,iar <*> dear <*>,0.9765,lr:00004ed0 <*>,0.6524,instruction address: <*>,0.5148,48.65,162
238,45684 floating point alignment exceptions,partial,<*> floating point alignment exceptions,0.9642,<*> double-hummer alignment exceptions,0.5904,floating point instr. enabled.....1,0.539,48.52,162
239,iar 00106704 dear 0245b80c,partial,iar <*> dear <*>,0.9836,lr:00004ed0 <*>,0.6376,data address: <*>,0.5165,48.77,162
240,iar 0010639c dear 0245b71c,partial,iar <*> dear <*>,0.9827,lr:00004ed0 <*>,0.6364,data address: <*>,0.4855,48.16,162
241,iar 00106704 dear 0245b83c,partial,iar <*> dear <*>,0.9884,lr:00004ed0 <*>,0.6414,data address: <*>,0.4966,48.03,162
242,iar 00106704 dear 0245d57c,partial,iar <*> dear <*>,0.9853,lr:00004ed0 <*>,0.6309,data address: <*>,0.4964,48.09,162
243,iar 001063a0 dear 02f67e4c,partial,iar <*> dear <*>,0.9571,lr:00004ed0 <*>,0.627,data address: <*>,0.5078,48.1,162
244,iar 001064fc dear 0245b64c,partial,iar <*> dear <*>,0.95,lr:00004ed0 <*>,0.6247,instruction address: <*>,0.5239,48.35,162
245,iar 0010671c dear 0245b72c,partial,iar <*> dear <*>,0.98,lr:00004ed0 <*>,0.6345,data address: <*>,0.5064,48.13,162
246,16604010 floating point alignment exceptions,partial,<*> floating point alignment exceptions,0.8752,<*> double-hummer alignment exceptions,0.552,floating point instr. enabled.....1,0.5044,48.0,162
247,16469355 floating point alignment exceptions,partial,<*> floating point alignment exceptions,0.9674,<*> double-hummer alignment exceptions,0.598,floating point instr. enabled.....1,0.5314,47.92,162
248,iar 00106390 dear 02f67cfc,partial,iar <*> dear <*>,0.9638,lr:00004ed0 <*>,0.6489,data address: <*>,0.5014,48.01,162
249,iar 00106704 dear 0245b6bc,partial,iar <*> dear <*>,0.9843,lr:00004ed0 <*>,0.6377,data address: <*>,0.5051,48.14,162
250,iar 00106168 dear 0245b64c,partial,iar <*> dear <*>,0.9845,lr:00004ed0 <*>,0.6516,instruction address: <*>,0.5196,48.01,162
251,iar 0010635c dear 0245b62c,partial,iar <*> dear <*>,0.9679,lr:00004ed0 <*>,0.6618,data address: <*>,0.5144,48.53,162
252,iar 00106704 dear 0245b77c,partial,iar <*> dear <*>,0.9835,lr:00004ed0 <*>,0.6337,data address: <*>,0.4789,48.14,162
253,iar 001064fc dear 0245b64c,partial,iar <*> dear <*>,0.9502,lr:00004ed0 <*>,0.6247,instruction address: <*>,0.5239,48.12,162
254,16736445 floating point alignment exceptions,partial,<*> floating point alignment exceptions,0.9712,<*> double-hummer alignment exceptions,0.5755,floating point instr. enabled.....1,0.5332,48.35,162
255,iar 001061cc dear 02f6667c,partial,iar <*> dear <*>,0.9675,lr:00004ed0 <*>,0.6348,<*> dbsr=0x00000000 <*>,0.5106,49.14,162
256,iar 00105fd4 dear 0245a09c,partial,iar <*> dear <*>,0.9637,lr:00004ed0 <*>,0.6362,data address: <*>,0.5114,48.37,162
257,iar 00105fd4 dear 0245a09c,partial,iar <*> dear <*>,0.9639,lr:00004ed0 <*>,0.6362,data address: <*>,0.5114,48.94,162
258,iar 001061e4 dear 0245a09c,partial,iar <*> dear <*>,0.9804,lr:00004ed0 <*>,0.6282,data address: <*>,0.4985,48.24,162
259,iar 001061ec dear 02f6668c,partial,iar <*> dear <*>,0.9731,lr:00004ed0 <*>,0.6327,instruction address: <*>,0.533,48.51,162
260,iar 001061ec dear 02f6668c,partial,iar <*> dear <*>,0.9732,lr:00004ed0 <*>,0.6327,instruction address: <*>,0.533,48.09,162
261,74350836 floating point alignment exceptions,partial,<*> floating point alignment exceptions,0.9248,<*> double-hummer alignment exceptions,0.55,floating point instr. enabled.....1,0.5185,48.0,162
262,iar 0010650c dear 0246a95c,partial,iar <*> dear <*>,0.9784,lr:00004ed0 <*>,0.6466,data address: <*>,0.5127,48.2,162
263,iar 00106988 dear 02f7bd6c,partial,iar <*> dear <*>,0.9816,lr:00004ed0 <*>,0.6433,data address: <*>,0.5024,48.25,162
264,iar 00106cf8 dear 0246f9fc,partial,iar <*> dear <*>,0.958,lr:00004ed0 <*>,0.6322,instruction address: <*>,0.4782,48.43,162
265,54004554 floating point alignment exceptions,partial,<*> floating point alignment exceptions,0.9209,<*> double-hummer alignment exceptions,0.5644,floating point instr. enabled.....1,0.5379,47.92,162
266,iar 001069a8 dear 02f7bd7c,partial,iar <*> dear <*>,0.9752,lr:00004ed0 <*>,0.6141,data address: <*>,0.4809,48.41,162
267,iar 001066ac dear 0252524c,partial,iar <*> dear <*>,0.9561,lr:00004ed0 <*>,0.6122,data address: <*>,0.4475,48.16,162
268,iar 001066c4 dear 0252528c,partial,iar <*> dear <*>,0.9625,lr:00004ed0 <*>,0.6271,data address: <*>,0.4365,48.22,162
269,iar 001066c4 dear 025251fc,partial,iar <*> dear <*>,0.9665,lr:00004ed0 <*>,0.6192,instruction address: <*>,0.4456,48.23,162
270,iar 00106678 dear 0252523c,partial,iar <*> dear <*>,0.9631,lr:00004ed0 <*>,0.6264,data address: <*>,0.4361,48.19,162
271,iar 001007b8 dear 065b4c7c,partial,iar <*> dear <*>,0.9624,lr:00004ed0 <*>,0.6036,data address: <*>,0.4514,48.37,162
272,iar 001007a8 dear 065b4cac,partial,iar <*> dear <*>,0.9458,lr:00004ed0 <*>,0.5966,data address: <*>,0.4463,48.11,162
273,ciod: generated 128 core files for program /g/g20/valone1/SPaSM-shock/SPaSM_mpi,partial,ciod: generated 128 core files for program /g/g20/valone1/SPaSM-shock/SPaSM_mpi,0.9755,ciod: generated 128 core files for program /g/g24/germann2/SPaSM_mini/MEAM/r13,0.8308,ciod: generated 64 core files for program IMB-MPI1.2MB_perf,0.6539,48.82,162
274,iar 001066ac dear 0252523c,partial,iar <*> dear <*>,0.9564,lr:00004ed0 <*>,0.6048,data address: <*>,0.4421,48.31,162
275,iar 001066c4 dear 0252527c,partial,iar <*> dear <*>,0.9625,lr:00004ed0 <*>,0.6227,data address: <*>,0.4303,48.5,162
276,iar 001066c4 dear 0252523c,partial,iar <*> dear <*>,0.9594,lr:00004ed0 <*>,0.6156,data address: <*>,0.4274,48.66,162
277,iar 001066ac dear 025252bc,partial,iar <*> dear <*>,0.9425,lr:00004ed0 <*>,0.5899,instruction address: <*>,0.4549,48.05,162
278,iar 001066c4 dear 0252529c,partial,iar <*> dear <*>,0.9601,lr:00004ed0 <*>,0.629,data address: <*>,0.4354,48.65,162
279,2667384 floating point alignment exceptions,partial,<*> floating point alignment exceptions,0.9633,<*> double-hummer alignment exceptions,0.5918,floating point instr. enabled.....1,0.5464,47.95,162
280,iar 00106570 dear 0245a5bc,partial,iar <*> dear <*>,0.9734,lr:00004ed0 <*>,0.6146,data address: <*>,0.4992,48.01,162
281,iar 00106570 dear 0245a5ec,partial,iar <*> dear <*>,0.9682,lr:00004ed0 <*>,0.614,data address: <*>,0.502,47.97,162
282,iar 0010653c dear 0245a63c,partial,iar <*> dear <*>,0.978,lr:00004ed0 <*>,0.626,data address: <*>,0.483,47.84,162
283,407736 floating point alignment exceptions,partial,<*> floating point alignment exceptions,0.9553,<*> double-hummer alignment exceptions,0.5799,floating point instr. enabled.....1,0.5055,47.71,162
284,428412 floating point alignment exceptions,partial,<*> floating point alignment exceptions,0.9595,<*> double-hummer alignment exceptions,0.5739,floating point instr. enabled.....1,0.5478,47.86,162
285,441348 floating point alignment exceptions,partial,<*> floating point alignment exceptions,0.9608,<*> double-hummer alignment exceptions,0.6127,floating point instr. enabled.....1,0.5276,47.88,162
286,iar 001061d4 dear 024696cc,partial,iar <*> dear <*>,0.9689,lr:00004ed0 <*>,0.651,instruction address: <*>,0.5112,48.39,162
287,iar 00106348 dear 024696bc,partial,iar <*> dear <*>,0.9646,lr:00004ed0 <*>,0.6504,instruction address: <*>,0.4936,48.04,162
288,iar 00106204 dear 02f75edc,partial,iar <*> dear <*>,0.9755,lr:00004ed0 <*>,0.6089,data address: <*>,0.4923,48.36,162
289,"CE sym 21, at 0x111d8c60, mask 0x01",partial,CE sym <*> at <*> mask <*>,0.9641,"CE sym 6, at <*> mask <*>",0.944,"CE sym 21, at 0x04d64dc0, mask <*>",0.9325,48.72,162
290,instruction cache parity error corrected,exact,instruction cache parity error corrected,1.0,data cache search parity error detected. attempting to correct,0.6844,guaranteed instruction cache block touch.0,0.5029,47.95,162
291,"CE sym 34, at 0x11e7ed80, mask 0x80",exact,"CE sym 34, at 0x11e7ed80, mask <*>",1.0,"CE sym 16, at <*> mask <*>",0.9176,"CE sym 33, at 0x00dbd200, mask <*>",0.9118,48.68,162
292,"2 ddr errors(s) detected and corrected on rank 0, symbol 18, bit 6",partial,"1 ddr errors(s) detected and corrected on rank 0, symbol <*> bit <*>",0.9575,"<*> ddr errors(s) detected and corrected on rank 0, symbol <*> bit <*>",0.9253,"<*> ddr error(s) detected and corrected on rank 0, symbol <*> over <*> seconds",0.8656,48.41,162
293,instruction cache parity error corrected,exact,instruction cache parity error corrected,1.0,data cache search parity error detected. attempting to correct,0.6844,guaranteed instruction cache block touch.0,0.5029,48.76,162
294,"ciod: Error loading /bgl/apps/followup/RAPTOR/pre-study/raptor.newcomp.r1: invalid or missing program image, Permission denied",exact,"ciod: Error loading /bgl/apps/followup/RAPTOR/pre-study/raptor.newcomp.r1: invalid or missing program image, Permission denied",1.0,"ciod: Error loading /bgl/apps/followup/RAPTOR/new.raptor.trace: invalid or missing program image, Exec format error",0.8942,"ciod: Error loading /home/greeno/raptor.new.dev.3d.BGL.CXX_XL.MPI.ex: invalid or missing program image, No such file or directory",0.7788,49.66,162
295,"ciod: Error loading /bgl/apps/followup/RAPTOR/pre-study/raptor.newcomp.r1: invalid or missing program image, Permission denied",exact,"ciod: Error loading /bgl/apps/followup/RAPTOR/pre-study/raptor.newcomp.r1: invalid or missing program image, Permission denied",1.0,"ciod: Error loading /bgl/apps/followup/RAPTOR/new.raptor.trace: invalid or missing program image, Exec format error",0.8942,"ciod: Error loading /home/greeno/raptor.new.dev.3d.BGL.CXX_XL.MPI.ex: invalid or missing program image, No such file or directory",0.7788,49.11,162
296,iar 00105e88 dear 02f6436c,partial,iar <*> dear <*>,0.97,lr:00004ed0 <*>,0.6279,instruction address: <*>,0.5007,48.39,162
297,iar 00105e84 dear 0244f29c,partial,iar <*> dear <*>,0.9793,lr:00004ed0 <*>,0.6355,instruction address: <*>,0.4796,48.08,162
298,"CE sym 30, at 0x042358a0, mask 0x20",partial,CE sym <*> at <*> mask <*>,0.9628,"CE sym 5, at 0x0e37bbe0, mask <*>",0.9571,"CE sym 6, at <*> mask <*>",0.9331,49.13,162
299,ciod: generated 128 core files for program /g/g24/germann2/BGL-demo/SPaSM_mpi,partial,ciod: generated 128 core files for program /g/g20/valone1/SPaSM-shock/SPaSM_mpi,0.9283,ciod: generated 128 core files for program /g/g24/germann2/SPaSM_mini/MEAM/r13,0.86,ciod: generated 64 core files for program /bgl/apps/followup/hellow/a.out.1111,0.7381,49.57,162
300,iar 001061e8 dear 0247012c,partial,iar <*> dear <*>,0.9815,lr:00004ed0 <*>,0.6226,data address: <*>,0.4934,48.19,162
301,iar 001061e8 dear 0247015c,partial,iar <*> dear <*>,0.9803,lr:00004ed0 <*>,0.6137,data address: <*>,0.4847,48.98,162
302,iar 00106200 dear 0247016c,partial,iar <*> dear <*>,0.9766,lr:00004ed0 <*>,0.6181,data address: <*>,0.4985,49.98,162
303,iar 001061b4 dear 024701dc,partial,iar <*> dear <*>,0.9638,lr:00004ed0 <*>,0.6021,data address: <*>,0.5002,48.35,162
304,iar 001061e8 dear 0247015c,partial,iar <*> dear <*>,0.9805,lr:00004ed0 <*>,0.6137,data address: <*>,0.4847,48.59,162
305,iar 00106200 dear 0247019c,partial,iar <*> dear <*>,0.9741,lr:00004ed0 <*>,0.6095,data address: <*>,0.4881,48.54,162
306,iar 00105e84 dear 024701dc,partial,iar <*> dear <*>,0.9649,lr:00004ed0 <*>,0.6138,data address: <*>,0.4916,48.28,162
307,iar 00106200 dear 0247019c,partial,iar <*> dear <*>,0.9742,lr:00004ed0 <*>,0.6095,data address: <*>,0.4881,48.15,162
308,iar 001061e8 dear 0247015c,partial,iar <*> dear <*>,0.9807,lr:00004ed0 <*>,0.6137,data address: <*>,0.4847,48.14,162
309,iar 001061e8 dear 0247018c,partial,iar <*> dear <*>,0.9797,lr:00004ed0 <*>,0.6221,data address: <*>,0.4905,48.06,162
310,iar 001061e8 dear 0247015c,partial,iar <*> dear <*>,0.9809,lr:00004ed0 <*>,0.6137,data address: <*>,0.4847,48.16,162
311,iar 001061e8 dear 0247012c,partial,iar <*> dear <*>,0.9822,lr:00004ed0 <*>,0.6226,data address: <*>,0.4934,48.28,162
312,iar 001061b4 dear 0247017c,partial,iar <*> dear <*>,0.9795,lr:00004ed0 <*>,0.6212,data address: <*>,0.4815,47.92,162
313,iar 001061b4 dear 024701ac,partial,iar <*> dear <*>,0.9738,lr:00004ed0 <*>,0.6121,data address: <*>,0.4997,48.9,162
314,iar 001061b4 dear 0247017c,partial,iar <*> dear <*>,0.9797,lr:00004ed0 <*>,0.6212,data address: <*>,0.4815,48.41,162
315,iar 00106200 dear 0247019c,partial,iar <*> dear <*>,0.9746,lr:00004ed0 <*>,0.6095,data address: <*>,0.4881,48.42,162
316,iar 001061e8 dear 0247015c,partial,iar <*> dear <*>,0.9813,lr:00004ed0 <*>,0.6137,data address: <*>,0.4847,48.45,162
317,iar 001061b4 dear 0247017c,partial,iar <*> dear <*>,0.9799,lr:00004ed0 <*>,0.6212,data address: <*>,0.4815,48.23,162
318,19220208 floating point alignment exceptions,partial,<*> floating point alignment exceptions,0.9481,floating point instr. enabled.....1,0.5558,<*> double-hummer alignment exceptions,0.5556,48.08,162
319,"Error receiving packet on tree network, expecting type 57 instead of type 3 (softheader=00589370 90990003 00000002 00000000) PSR0=00001f01 PSR1=00000000 PRXF=00000002 PIXF=00000007",exact,"Error receiving packet on tree network, expecting type 57 instead of type 3 <*> PSR<*> PSR<*> PRXF<*> PIXF<*>",0.9978,rts: bad message header: expecting type 57 instead of type 3 (softheader=00131db8 <*>,0.7028,"ciod: In packet from node 91.0 (R62-M1-Nf-C:J03-U11), message code 2 is not 3 or <*> (softheader=003b005b <*>",0.6275,51.52,162
320,program interrupt: privileged instruction...0,exact,program interrupt: privileged instruction...0,1.0,program interrupt: illegal instruction......<*>,0.8368,program interrupt: imprecise exception......0,0.7577,49.06,162
321,iar 00106ba0 dear 0246de3c,partial,iar <*> dear <*>,0.9766,lr:00004ed0 <*>,0.6247,data address: <*>,0.52,49.7,162
322,iar 00106b98 dear 0246dd9c,partial,iar <*> dear <*>,0.9816,lr:00004ed0 <*>,0.6424,data address: <*>,0.488,50.22,162
323,iar 00106c0c dear 0246de1c,partial,iar <*> dear <*>,0.972,lr:00004ed0 <*>,0.6341,data address: <*>,0.5306,49.95,162
324,5302707 floating point alignment exceptions,partial,<*> floating point alignment exceptions,0.9657,<*> double-hummer alignment exceptions,0.575,floating point instr. enabled.....1,0.5506,49.5,162
325,iar 00106448 dear 0246dbbc,partial,iar <*> dear <*>,0.9541,lr:00004ed0 <*>,0.6261,data address: <*>,0.5129,50.97,162
326,iar 00106448 dear 0246db5c,partial,iar <*> dear <*>,0.975,lr:00004ed0 <*>,0.6345,data address: <*>,0.5071,50.48,162
327,iar 00106448 dear 0246dbec,partial,iar <*> dear <*>,0.9553,lr:00004ed0 <*>,0.6299,instruction address: <*>,0.5311,50.13,162
328,"CE sym 25, at 0x10e1bce0, mask 0x40",partial,"CE sym 5, at 0x0e37bbe0, mask <*>",0.9608,CE sym <*> at <*> mask <*>,0.9359,"CE sym 6, at <*> mask <*>",0.9019,49.76,162
329,iar 00106288 dear 02f7a0fc,partial,iar <*> dear <*>,0.962,lr:00004ed0 <*>,0.6498,data address: <*>,0.514,49.67,162
330,iar 00113890 dear 0fee9c3c,partial,iar <*> dear <*>,0.9509,lr:00004ed0 <*>,0.6061,data address: <*>,0.4801,48.27,162
331,iar 00113898 dear 0fee9c4c,partial,iar <*> dear <*>,0.9508,lr:00004ed0 <*>,0.6232,data address: <*>,0.4724,48.16,162
332,iar 00113898 dear 0fee9c4c,partial,iar <*> dear <*>,0.951,lr:00004ed0 <*>,0.6232,data address: <*>,0.4724,48.23,162
333,5 torus receiver z+ input pipe error(s) (dcr 0x02f0) detected and corrected,exact,<*> torus receiver z+ input pipe error(s) (dcr 0x02f0) detected and corrected,0.9961,1 torus receiver <*> input pipe error(s) (dcr <*> detected and corrected,0.8877,<*> torus sender z- retransmission error(s) (dcr 0x02f9) detected and corrected over <*> seconds,0.7021,48.79,162
334,"CE sym 9, at 0x12870760, mask 0x40",partial,"CE sym 6, at <*> mask <*>",0.9495,CE sym <*> at <*> mask <*>,0.9295,"CE sym 5, at 0x0e37bbe0, mask <*>",0.9252,48.3,162
335,3 L3 EDRAM error(s) (dcr 0x0157) detected and corrected,partial,<*> L3 EDRAM error(s) (dcr <*> detected and corrected over 282 seconds,0.9872,total of <*> ddr error(s) detected and corrected,0.5743,"1 ddr errors(s) detected and corrected on rank 0, symbol <*> bit <*>",0.5727,48.49,162
336,"CE sym 6, at 0x00e462c0, mask 0x02",partial,"CE sym 6, at <*> mask <*>",0.9662,CE sym <*> at <*> mask <*>,0.9214,"CE sym 5, at 0x0e37bbe0, mask <*>",0.9072,48.77,162
337,"CE sym 25, at 0x00e19cc0, mask 0x10",partial,"CE sym 5, at 0x0e37bbe0, mask <*>",0.9555,CE sym <*> at <*> mask <*>,0.9554,"CE sym 6, at <*> mask <*>",0.929,48.85,162
338,"2 ddr errors(s) detected and corrected on rank 0, symbol 4, bit 4",partial,"<*> ddr errors(s) detected and corrected on rank 0, symbol <*> bit <*>",0.9818,"1 ddr errors(s) detected and corrected on rank 0, symbol <*> bit <*>",0.9405,"<*> ddr error(s) detected and corrected on rank 0, symbol <*> over <*> seconds",0.8559,48.94,162
339,"CE sym 15, at 0x1bb2fe80, mask 0x02",exact,"CE sym 15, at 0x1bb2fe80, mask <*>",1.0,"CE sym 16, at <*> mask <*>",0.909,"CE sym 6, at <*> mask <*>",0.8833,48.25,162
340,rts: kernel terminated for reason 1004,exact,rts: kernel terminated for reason <*>,0.9995,"rts: kernel terminated for reason 1001rts: bad message header: invalid cpu, type=42315, cpu=105, index=1207960804, total=2691015",0.8669,rts internal error,0.7234,47.97,162
341,iar 00106274 dear 0246da8c,partial,iar <*> dear <*>,0.9823,lr:00004ed0 <*>,0.6208,data address: <*>,0.4624,49.71,162
342,iar 00106448 dear 0246dacc,partial,iar <*> dear <*>,0.9621,lr:00004ed0 <*>,0.6177,data address: <*>,0.5012,48.42,162
343,iar 00106298 dear 02f7a18c,partial,iar <*> dear <*>,0.976,lr:00004ed0 <*>,0.6654,data address: <*>,0.4906,48.66,162
344,488205 floating point alignment exceptions,partial,<*> floating point alignment exceptions,0.9532,<*> double-hummer alignment exceptions,0.575,floating point instr. enabled.....1,0.5414,48.2,162
345,ciod: generated 128 core files for program /bgl/apps/followup/SPaSM_static/SPaSM_mpi.new_comp,partial,ciod: generated 128 core files for program /g/g20/valone1/SPaSM-shock/SPaSM_mpi,0.9626,ciod: generated 128 core files for program /g/g24/germann2/SPaSM_mini/MEAM/r13,0.8302,ciod: generated 64 core files for program /bgl/apps/followup/hellow/a.out.1111,0.6927,49.04,162
346,"1 ddr errors(s) detected and corrected on rank 0, symbol 8, bit 7",partial,"1 ddr errors(s) detected and corrected on rank 0, symbol <*> bit <*>",0.9639,"<*> ddr errors(s) detected and corrected on rank 0, symbol <*> bit <*>",0.9178,"<*> ddr error(s) detected and corrected on rank 0, symbol <*> over <*> seconds",0.8622,48.55,162
347,"CE sym 25, at 0x12127ee0, mask 0x10",partial,"CE sym 5, at 0x0e37bbe0, mask <*>",0.9601,CE sym <*> at <*> mask <*>,0.9409,"CE sym 6, at <*> mask <*>",0.9317,48.2,162
348,rts: kernel terminated for reason 1004,exact,rts: kernel terminated for reason <*>,0.9996,"rts: kernel terminated for reason 1001rts: bad message header: invalid cpu, type=42315, cpu=105, index=1207960804, total=2691015",0.8669,rts internal error,0.7234,47.95,162
349,"Error receiving packet on tree network, expecting type 57 instead of type 3 (softheader=00ce22e8 e6200003 00000002 00000000) PSR0=00001f01 PSR1=00000000 PRXF=00000002 PIXF=00000007",exact,"Error receiving packet on tree network, expecting type 57 instead of type 3 <*> PSR<*> PSR<*> PRXF<*> PIXF<*>",0.9979,rts: bad message header: expecting type 57 instead of type 3 (softheader=00131db8 <*>,0.7104,"ciod: In packet from node 91.0 (R62-M1-Nf-C:J03-U11), message code 2 is not 3 or <*> (softheader=003b005b <*>",0.6271,51.66,162
350,"Error receiving packet on tree network, expecting type 57 instead of type 3 (softheader=00ce22e8 e6200003 00000002 00000000) PSR0=20021f01 PSR1=00000000 PRXF=00000002 PIXF=00000007",exact,"Error receiving packet on tree network, expecting type 57 instead of type 3 <*> PSR<*> PSR<*> PRXF<*> PIXF<*>",0.9963,rts: bad message header: expecting type 57 instead of type 3 (softheader=00131db8 <*>,0.7132,"ciod: In packet from node 91.0 (R62-M1-Nf-C:J03-U11), message code 2 is not 3 or <*> (softheader=003b005b <*>",0.6174,52.04,162
351,"critical input interrupt (unit=0x0b bit=0x0a): warning for torus z+ wire, suppressing further interrupts of same type",partial,critical input interrupt (unit=0x0b bit<*> warning for torus <*> wire<*> suppressing further interrupts of same type,0.9838,"critical input interrupt (unit=0x0b bit=0x17): warning for tree C1 wire, suppressing further interrupts of same type",0.7581,critical input interrupt enable...0,0.6299,49.58,162
352,ciod: generated 128 core files for program /bgl/apps/followup/SPaSM_static/SPaSM_mpi.rel2,partial,ciod: generated 128 core files for program /g/g20/valone1/SPaSM-shock/SPaSM_mpi,0.9539,ciod: generated 128 core files for program /g/g24/germann2/SPaSM_mini/MEAM/r13,0.8272,ciod: generated 64 core files for program /bgl/apps/followup/hellow/a.out.1111,0.6861,49.27,162
353,ciod: generated 64 core files for program /bgl/apps/followup/hellow/a.out.1111,exact,ciod: generated 64 core files for program /bgl/apps/followup/hellow/a.out.1111,1.0,ciod: generated 128 core files for program <*>,0.756,ciod: generated 64 core files for program /home/rfisher/sodscaling/flash2,0.7233,48.88,162
354,ciod: generated 64 core files for program /bgl/apps/followup/hellow/a.out.1111,exact,ciod: generated 64 core files for program /bgl/apps/followup/hellow/a.out.1111,1.0,ciod: generated 128 core files for program <*>,0.756,ciod: generated 64 core files for program /home/rfisher/sodscaling/flash2,0.7233,48.69,162
355,"Node card VPD check: U11 node in processor card slot J04 do not match. VPD ecid 04D58088CB2FFFFF08031C104CE9, found 04CA80D8012FFFFF08061A8094CB",partial,Node card VPD check: <*> node in processor card slot <*> do not match. VPD ecid <*> found <*>,0.978,Node card is not fully functional,0.5424,NodeCard is not fully functional,0.5222,51.6,162
356,"Node card VPD check: U11 node in processor card slot J10 do not match. VPD ecid 07570DD8002FFFFF09031B7090E2, found 04D480D8482FFFFF0A071BA052DE",partial,Node card VPD check: <*> node in processor card slot <*> do not match. VPD ecid <*> found <*>,0.9762,Node card is not fully functional,0.5308,NodeCard is not fully functional,0.5161,51.42,162
357,rts: kernel terminated for reason 1004,exact,rts: kernel terminated for reason <*>,0.9997,"rts: kernel terminated for reason 1001rts: bad message header: invalid cpu, type=42315, cpu=105, index=1207960804, total=2691015",0.8669,rts internal error,0.7234,48.72,162
358,"Error receiving packet on tree network, expecting type 57 instead of type 3 (softheader=009756d5 8bfa0003 00000002 00000000) PSR0=20021f01 PSR1=00000000 PRXF=00000002 PIXF=00000007",exact,"Error receiving packet on tree network, expecting type 57 instead of type 3 <*> PSR<*> PSR<*> PRXF<*> PIXF<*>",0.9952,rts: bad message header: expecting type 57 instead of type 3 (softheader=00131db8 <*>,0.7057,"ciod: In packet from node 91.0 (R62-M1-Nf-C:J03-U11), message code 2 is not 3 or <*> (softheader=003b005b <*>",0.6143,52.18,162
359,"ciod: Error loading /bgl/apps/followup/SPaSM_static/SPaSM.460-1115: invalid or missing program image, Permission denied",partial,"ciod: Error loading /g/g0/spelce1/Tuned/SPaSM-base/rundir/SPaSM.baseline: invalid or missing program image, Permission denied",0.9694,"ciod: Error loading /bgl/apps/SWL/stability/NEWS05/news05_DD: invalid or missing program image, Permission denied",0.7472,"ciod: Error loading /bgl/apps/SWL/stability/MDCASK/WORK/1383/inferno: invalid or missing program image, Permission denied",0.6585,49.65,162
360,18507114 torus sender z- retransmission error(s) (dcr 0x02f9) detected and corrected over 198 seconds,exact,<*> torus sender z- retransmission error(s) (dcr 0x02f9) detected and corrected over <*> seconds,0.9934,<*> torus receiver z+ input pipe error(s) (dcr 0x02f0) detected and corrected,0.7111,1 torus receiver <*> input pipe error(s) (dcr <*> detected and corrected,0.6578,49.42,162
361,26741629 torus sender z- retransmission error(s) (dcr 0x02f9) detected and corrected over 268 seconds,exact,<*> torus sender z- retransmission error(s) (dcr 0x02f9) detected and corrected over <*> seconds,0.9911,<*> torus receiver z+ input pipe error(s) (dcr 0x02f0) detected and corrected,0.706,1 torus receiver <*> input pipe error(s) (dcr <*> detected and corrected,0.6479,49.4,162
362,"ciod: Received signal 15, code=0, errno=0, address=0x000001b0",exact,"ciod: Received signal 15, code=0, errno=0, address<*>",0.999,ciod: Message code 0 is not 51 or <*>,0.7409,ciod: Error reading message prefix on CioStream socket to <*> Connection <*> peer,0.6232,49.98,162
363,"ciod: Received signal 15, code=0, errno=0, address=0x000001b0",exact,"ciod: Received signal 15, code=0, errno=0, address<*>",0.9991,ciod: Message code 0 is not 51 or <*>,0.7409,ciod: Error reading message prefix on CioStream socket to <*> Connection <*> peer,0.6232,49.14,162
364,"ciod: Received signal 15, code=0, errno=0, address=0x000001b0",exact,"ciod: Received signal 15, code=0, errno=0, address<*>",0.9992,ciod: Message code 0 is not 51 or <*>,0.7409,ciod: Error reading message prefix on CioStream socket to <*> Connection <*> peer,0.6232,49.0,162
365,"CE sym 28, at 0x1efc7020, mask 0x20",partial,CE sym <*> at <*> mask <*>,0.945,"CE sym 5, at 0x0e37bbe0, mask <*>",0.9074,"CE sym 27, at <*> mask <*>",0.9072,48.47,162
366,ciod: generated 128 core files for program /g/g90/glosli/src/ddcMD/ddcMD1.1.18a/bin/ddcMDbglV,partial,ciod: generated 128 core files for program <*>,0.979,ciod: generated 64 core files for program /bgl/apps/followup/hellow/a.out.1111,0.7039,ciod: generated 128 core files for program /g/g24/germann2/SPaSM_mini/MEAM/r13,0.6894,49.58,162
367,ciod: generated 128 core files for program /g/g90/glosli/src/ddcMD/ddcMD1.1.18a/bin/ddcMDbglV,partial,ciod: generated 128 core files for program <*>,0.9839,ciod: generated 64 core files for program /bgl/apps/followup/hellow/a.out.1111,0.7039,ciod: generated 128 core files for program /g/g24/germann2/SPaSM_mini/MEAM/r13,0.6894,49.72,162
368,Lustre mount FAILED : bglio78 : block_id : location,exact,Lustre mount FAILED : bglio<*> : block_id : location,0.9966,Lustre mount FAILED : bglio<*> : point /p/gb1,0.869,"NFS Mount failed on bglio<*> slept 15 seconds, retrying (1)",0.5794,48.48,162
369,"ciod: Received signal 15, code=0, errno=0, address=0x000001b0",exact,"ciod: Received signal 15, code=0, errno=0, address<*>",0.9992,ciod: Message code 0 is not 51 or <*>,0.7409,ciod: Error reading message prefix on CioStream socket to <*> Connection <*> peer,0.6232,48.57,162
370,MACHINE CHECK DCR read timeout (mc=e08x iar 0x00000000 lr 0xc00045a4),exact,MACHINE CHECK DCR read timeout (mc=e08x iar <*> lr <*>,1.0,total of <*> ddr error(s) detected and corrected over <*> seconds,0.4918,machine check enable..............0,0.4626,49.56,162
371,MACHINE CHECK DCR read timeout (mc=e08x iar 0x00000000 lr 0xc00045a4),exact,MACHINE CHECK DCR read timeout (mc=e08x iar <*> lr <*>,1.0,total of <*> ddr error(s) detected and corrected over <*> seconds,0.4918,machine check enable..............0,0.4626,49.19,162
372,MACHINE CHECK DCR read timeout (mc=e08x iar 0x00000000 lr 0xc00045a4),exact,MACHINE CHECK DCR read timeout (mc=e08x iar <*> lr <*>,1.0,total of <*> ddr error(s) detected and corrected over <*> seconds,0.4918,machine check enable..............0,0.4626,49.04,162
373,MACHINE CHECK DCR read timeout (mc=e08x iar 0x00000000 lr 0xc00045a4),exact,MACHINE CHECK DCR read timeout (mc=e08x iar <*> lr <*>,1.0,total of <*> ddr error(s) detected and corrected over <*> seconds,0.4918,machine check enable..............0,0.4626,49.22,162
374,MACHINE CHECK DCR read timeout (mc=e08x iar 0x00000000 lr 0xc00045a4),exact,MACHINE CHECK DCR read timeout (mc=e08x iar <*> lr <*>,1.0,total of <*> ddr error(s) detected and corrected over <*> seconds,0.4918,machine check enable..............0,0.4626,49.69,162
375,MACHINE CHECK DCR read timeout (mc=e08x iar 0x00000000 lr 0xc00045a4),exact,MACHINE CHECK DCR read timeout (mc=e08x iar <*> lr <*>,1.0,total of <*> ddr error(s) detected and corrected over <*> seconds,0.4918,machine check enable..............0,0.4626,48.99,162
376,MACHINE CHECK DCR read timeout (mc=e08x iar 0x00000000 lr 0xc00045a4),exact,MACHINE CHECK DCR read timeout (mc=e08x iar <*> lr <*>,1.0,total of <*> ddr error(s) detected and corrected over <*> seconds,0.4918,machine check enable..............0,0.4626,49.16,162
377,"ciod: Received signal 15, code=0, errno=0, address=0x000001b2",exact,"ciod: Received signal 15, code=0, errno=0, address<*>",0.9986,ciod: Message code 0 is not 51 or <*>,0.7382,"ciod: In packet from node 91.0 (R62-M1-Nf-C:J03-U11), message code 2 is not 3 or <*> (softheader=003b005b <*>",0.6226,59.16,162
378,"ciod: Error reading message prefix on CioStream socket to 172.16.96.116:41554, Connection timed out",partial,ciod: Error reading message prefix on CioStream socket to <*> Connection <*> peer,0.965,ciod: Error reading message prefix <*> socket<*> <*> has<*> <*> been severed,0.8712,ciod: failed to read message prefix on control stream (CioStream socket to <*>,0.8704,49.17,162
379,"ciod: Error reading message prefix on CioStream socket to 172.16.96.116:52839, Connection reset by peer",partial,ciod: Error reading message prefix on CioStream socket to <*> Connection <*> peer,0.9881,ciod: Error reading message prefix <*> socket<*> <*> has<*> <*> been severed,0.9013,ciod: failed to read message prefix on control stream (CioStream socket to <*>,0.8888,49.11,162
380,"ciod: Received signal 15, code=0, errno=0, address=0x0000044a",exact,"ciod: Received signal 15, code=0, errno=0, address<*>",0.9974,ciod: Message code 0 is not 51 or <*>,0.7405,ciod: Error reading message prefix on CioStream socket to <*> Connection <*> peer,0.6292,49.11,162
381,"ciod: Error reading message prefix on CioStream socket to 172.16.96.116:52930, Connection reset by peer",partial,ciod: Error reading message prefix on CioStream socket to <*> Connection <*> peer,0.9882,ciod: Error reading message prefix <*> socket<*> <*> has<*> <*> been severed,0.8976,ciod: failed to read message prefix on control stream (CioStream socket to <*>,0.886,49.2,162
382,"ciod: Received signal 15, code=0, errno=0, address=0x0000044d",exact,"ciod: Received signal 15, code=0, errno=0, address<*>",0.9979,ciod: Message code 0 is not 51 or <*>,0.7448,ciod: Error reading message prefix on CioStream socket to <*> Connection <*> peer,0.6321,48.94,162
383,"ciod: Error reading message prefix on CioStream socket to 172.16.96.116:53387, Connection reset by peer",partial,ciod: Error reading message prefix on CioStream socket to <*> Connection <*> peer,0.9896,ciod: Error reading message prefix <*> socket<*> <*> has<*> <*> been severed,0.9032,ciod: failed to read message prefix on control stream (CioStream socket to <*>,0.8872,49.64,162
384,"ciod: Error reading message prefix on CioStream socket to 172.16.96.116:41060, Connection timed out",partial,ciod: Error reading message prefix on CioStream socket to <*> Connection <*> peer,0.9569,ciod: failed to read message prefix on control stream (CioStream socket to <*>,0.8674,ciod: Error reading message prefix <*> socket<*> <*> has<*> <*> been severed,0.865,48.99,162
385,"ciod: Error reading message prefix on CioStream socket to 172.16.96.116:41587, Connection reset by peer",partial,ciod: Error reading message prefix on CioStream socket to <*> Connection <*> peer,0.9887,ciod: Error reading message prefix <*> socket<*> <*> has<*> <*> been severed,0.9008,ciod: failed to read message prefix on control stream (CioStream socket to <*>,0.883,48.93,162
386,"CE sym 14, at 0x136cd5e0, mask 0x04",partial,"CE sym 16, at <*> mask <*>",0.9556,"CE sym 6, at <*> mask <*>",0.9264,CE sym <*> at <*> mask <*>,0.9094,48.76,162
387,dbcr0=0x00000000 dbsr=0x00000000 ccr0=0x40002000,exact,<*> dbsr=0x00000000 <*>,1.0,"CE sym 33, at 0x00dbd200, mask <*>",0.6229,"CE sym 6, at <*> mask <*>",0.609,48.96,162
388,"ciod: Error reading message prefix on CioStream socket to 172.16.96.116:41534, Link has been severed",partial,ciod: Error reading message prefix <*> socket<*> <*> has<*> <*> been severed,0.9858,ciod: Error reading message prefix on CioStream socket to <*> Connection <*> peer,0.9078,ciod: failed to read message prefix on control stream (CioStream socket to <*>,0.8762,49.09,162
389,"ciod: Received signal 15, code=0, errno=0, address=0x00001a12",exact,"ciod: Received signal 15, code=0, errno=0, address<*>",0.9974,ciod: Message code 0 is not 51 or <*>,0.7461,ciod: Error reading message prefix on CioStream socket to <*> Connection <*> peer,0.6287,48.8,162
390,"ciod: Error reading message prefix on CioStream socket to 172.16.96.116:54780, Link has been severed",partial,ciod: Error reading message prefix <*> socket<*> <*> has<*> <*> been severed,0.9855,ciod: Error reading message prefix on CioStream socket to <*> Connection <*> peer,0.9131,ciod: failed to read message prefix on control stream (CioStream socket to <*>,0.8799,49.72,162
391,"ciod: Received signal 15, code=0, errno=0, address=0x000001f8",exact,"ciod: Received signal 15, code=0, errno=0, address<*>",0.9984,ciod: Message code 0 is not 51 or <*>,0.7372,ciod: Error reading message prefix on CioStream socket to <*> Connection <*> peer,0.6242,50.16,162
392,"ciod: Error reading message prefix on CioStream socket to 172.16.96.116:60243, Link has been severed",partial,ciod: Error reading message prefix <*> socket<*> <*> has<*> <*> been severed,0.9876,ciod: Error reading message prefix on CioStream socket to <*> Connection <*> peer,0.9123,ciod: failed to read message prefix on control stream (CioStream socket to <*>,0.8835,49.48,162
393,"ciod: Received signal 15, code=0, errno=0, address=0x000001f5",exact,"ciod: Received signal 15, code=0, errno=0, address<*>",0.9973,ciod: Message code 0 is not 51 or <*>,0.7407,ciod: failed to read message prefix on control stream (CioStream socket to <*>,0.6204,48.6,162
394,"ciod: Received signal 15, code=0, errno=0, address=0x000001f2",exact,"ciod: Received signal 15, code=0, errno=0, address<*>",0.9973,ciod: Message code 0 is not 51 or <*>,0.7377,"ciod: In packet from node 91.0 (R62-M1-Nf-C:J03-U11), message code 2 is not 3 or <*> (softheader=003b005b <*>",0.6306,48.59,162
395,"ciod: Error reading message prefix on CioStream socket to 172.16.96.116:47189, Link has been severed",partial,ciod: Error reading message prefix <*> socket<*> <*> has<*> <*> been severed,0.9888,ciod: Error reading message prefix on CioStream socket to <*> Connection <*> peer,0.9111,ciod: failed to read message prefix on control stream (CioStream socket to <*>,0.8845,48.91,162
396,r24=0x0ffea4c8 r25=0x00000003 r26=0x0000000f r27=0xffffd000,exact,r24=0x0ffea4c8 <*> r27=0xffffd000,1.0,<*> dbsr=0x00000000 <*>,0.5602,fpr29=0xffffffff ffffffff ffffffff ffffffff,0.5458,49.3,162
397,"ciod: Received signal 15, code=0, errno=0, address=0x000001f2",exact,"ciod: Received signal 15, code=0, errno=0, address<*>",0.9974,ciod: Message code 0 is not 51 or <*>,0.7377,"ciod: In packet from node 91.0 (R62-M1-Nf-C:J03-U11), message code 2 is not 3 or <*> (softheader=003b005b <*>",0.6306,48.75,162
398,"ciod: Received signal 15, code=0, errno=0, address=0x000001f5",exact,"ciod: Received signal 15, code=0, errno=0, address<*>",0.9974,ciod: Message code 0 is not 51 or <*>,0.7407,ciod: failed to read message prefix on control stream (CioStream socket to <*>,0.6204,49.49,162
399,13 tree receiver 1 in re-synch state event(s) (dcr 0x0185) detected over 4562 seconds,partial,<*> tree receiver 1 in re-synch state event(s) (dcr <*> detected over <*> seconds,0.9893,<*> tree receiver 2 in re-synch state event(s) (dcr 0x019a) detected,0.8623,<*> torus sender z- retransmission error(s) (dcr 0x02f9) detected and corrected over <*> seconds,0.5129,49.3,162
400,"ciod: Received signal 15, code=0, errno=0, address=0x000001f2",exact,"ciod: Received signal 15, code=0, errno=0, address<*>",0.9975,ciod: Message code 0 is not 51 or <*>,0.7377,"ciod: In packet from node 91.0 (R62-M1-Nf-C:J03-U11), message code 2 is not 3 or <*> (softheader=003b005b <*>",0.6306,49.12,162
401,"ciod: Received signal 15, code=0, errno=0, address=0x000001f2",exact,"ciod: Received signal 15, code=0, errno=0, address<*>",0.9976,ciod: Message code 0 is not 51 or <*>,0.7377,"ciod: In packet from node 91.0 (R62-M1-Nf-C:J03-U11), message code 2 is not 3 or <*> (softheader=003b005b <*>",0.6306,48.86,162
402,"Node card VPD check: U01 node in processor card slot J05 do not match. VPD ecid 04D37DF2DE7BFFFF0D081AF0DAD2, found 04DD80740E2FFFFF0A0C19D0CEBD",partial,Node card VPD check: <*> node in processor card slot <*> do not match. VPD ecid <*> found <*>,0.9814,Node card is not fully functional,0.544,NodeCard is not fully functional,0.5286,52.7,162
403,"ciod: Received signal 15, code=0, errno=0, address=0x000001f5",exact,"ciod: Received signal 15, code=0, errno=0, address<*>",0.9974,ciod: Message code 0 is not 51 or <*>,0.7407,ciod: failed to read message prefix on control stream (CioStream socket to <*>,0.6204,49.57,162
404,"CE sym 1, at 0x01d7eaa0, mask 0x02",partial,"CE sym 6, at <*> mask <*>",0.9307,"CE sym 16, at <*> mask <*>",0.9055,CE sym <*> at <*> mask <*>,0.9005,48.68,162
405,ciod: LOGIN chdir(/g/g0/spelce1/Linpack_SWL) failed: No such file or directory,exact,ciod: LOGIN chdir(/g/g0/spelce1/Linpack_SWL) failed: No such file or directory,1.0,ciod: LOGIN chdir(/p/bg1/da) failed: No such file or directory,0.7615,ciod: LOGIN chdir(/bglscratch/bwallen/SWL/SYS-CALLS/testcases/kernel/syscalls/truncate) failed: No such file or directory,0.7557,48.99,162
406,ciod: LOGIN chdir(/g/g0/spelce1/Linpack_SWL) failed: No such file or directory,exact,ciod: LOGIN chdir(/g/g0/spelce1/Linpack_SWL) failed: No such file or directory,1.0,ciod: LOGIN chdir(/p/bg1/da) failed: No such file or directory,0.7615,ciod: LOGIN chdir(/bglscratch/bwallen/SWL/SYS-CALLS/testcases/kernel/syscalls/truncate) failed: No such file or directory,0.7557,49.05,162
407,0 microseconds spent in the rbs signal handler during 0 calls. 0 microseconds was the maximum time for a single instance of a correctable ddr.,exact,0 microseconds spent in the rbs signal handler during 0 calls. 0 microseconds was the maximum time for a single instance of a correctable ddr.,1.0,total of <*> ddr error(s) detected and corrected over <*> seconds,0.5342,"<*> ddr error(s) detected and corrected on rank 0, symbol <*> over <*> seconds",0.5186,49.32,162
408,0 microseconds spent in the rbs signal handler during 0 calls. 0 microseconds was the maximum time for a single instance of a correctable ddr.,exact,0 microseconds spent in the rbs signal handler during 0 calls. 0 microseconds was the maximum time for a single instance of a correctable ddr.,1.0,total of <*> ddr error(s) detected and corrected over <*> seconds,0.5342,"<*> ddr error(s) detected and corrected on rank 0, symbol <*> over <*> seconds",0.5186,49.55,162
409,0 microseconds spent in the rbs signal handler during 0 calls. 0 microseconds was the maximum time for a single instance of a correctable ddr.,exact,0 microseconds spent in the rbs signal handler during 0 calls. 0 microseconds was the maximum time for a single instance of a correctable ddr.,1.0,total of <*> ddr error(s) detected and corrected over <*> seconds,0.5342,"<*> ddr error(s) detected and corrected on rank 0, symbol <*> over <*> seconds",0.5186,49.36,162
410,"10722 total interrupts. 0 critical input interrupts. 0 microseconds total spent on critical input interrupts, 0 microseconds max time in a critical input interrupt.",partial,"<*> total interrupts. 0 critical input interrupts. 0 microseconds total spent on critical input interrupts, 0 microseconds max time in a critical input interrupt.",0.9732,critical input interrupt enable...0,0.6281,"critical input interrupt (unit=0x0b bit=0x17): warning for tree C1 wire, suppressing further interrupts of same type",0.538,50.3,162
411,"10740 total interrupts. 0 critical input interrupts. 0 microseconds total spent on critical input interrupts, 0 microseconds max time in a critical input interrupt.",partial,"<*> total interrupts. 0 critical input interrupts. 0 microseconds total spent on critical input interrupts, 0 microseconds max time in a critical input interrupt.",0.9597,critical input interrupt enable...0,0.6157,debug interrupt enable............0,0.5143,49.7,162
412,"10744 total interrupts. 0 critical input interrupts. 0 microseconds total spent on critical input interrupts, 0 microseconds max time in a critical input interrupt.",partial,"<*> total interrupts. 0 critical input interrupts. 0 microseconds total spent on critical input interrupts, 0 microseconds max time in a critical input interrupt.",0.9837,critical input interrupt enable...0,0.6209,"critical input interrupt (unit=0x0b bit=0x17): warning for tree C1 wire, suppressing further interrupts of same type",0.5332,49.3,162
413,"10700 total interrupts. 0 critical input interrupts. 0 microseconds total spent on critical input interrupts, 0 microseconds max time in a critical input interrupt.",partial,"<*> total interrupts. 0 critical input interrupts. 0 microseconds total spent on critical input interrupts, 0 microseconds max time in a critical input interrupt.",0.9831,critical input interrupt enable...0,0.6409,"critical input interrupt (unit=0x0b bit=0x17): warning for tree C1 wire, suppressing further interrupts of same type",0.5207,49.32,162
414,"10732 total interrupts. 0 critical input interrupts. 0 microseconds total spent on critical input interrupts, 0 microseconds max time in a critical input interrupt.",partial,"<*> total interrupts. 0 critical input interrupts. 0 microseconds total spent on critical input interrupts, 0 microseconds max time in a critical input interrupt.",0.9769,critical input interrupt enable...0,0.6321,"critical input interrupt (unit=0x0b bit=0x17): warning for tree C1 wire, suppressing further interrupts of same type",0.5386,49.09,162
415,0 microseconds spent in the rbs signal handler during 0 calls. 0 microseconds was the maximum time for a single instance of a correctable ddr.,exact,0 microseconds spent in the rbs signal handler during 0 calls. 0 microseconds was the maximum time for a single instance of a correctable ddr.,1.0,total of <*> ddr error(s) detected and corrected over <*> seconds,0.5342,"<*> ddr error(s) detected and corrected on rank 0, symbol <*> over <*> seconds",0.5186,49.39,162
416,0 microseconds spent in the rbs signal handler during 0 calls. 0 microseconds was the maximum time for a single instance of a correctable ddr.,exact,0 microseconds spent in the rbs signal handler during 0 calls. 0 microseconds was the maximum time for a single instance of a correctable ddr.,1.0,total of <*> ddr error(s) detected and corrected over <*> seconds,0.5342,"<*> ddr error(s) detected and corrected on rank 0, symbol <*> over <*> seconds",0.5186,49.32,162
417,"10655 total interrupts. 0 critical input interrupts. 0 microseconds total spent on critical input interrupts, 0 microseconds max time in a critical input interrupt.",partial,"<*> total interrupts. 0 critical input interrupts. 0 microseconds total spent on critical input interrupts, 0 microseconds max time in a critical input interrupt.",0.9632,critical input interrupt enable...0,0.6075,"critical input interrupt (unit=0x0b bit=0x17): warning for tree C1 wire, suppressing further interrupts of same type",0.5116,49.6,162
418,"10650 total interrupts. 0 critical input interrupts. 0 microseconds total spent on critical input interrupts, 0 microseconds max time in a critical input interrupt.",partial,"<*> total interrupts. 0 critical input interrupts. 0 microseconds total spent on critical input interrupts, 0 microseconds max time in a critical input interrupt.",0.9589,critical input interrupt enable...0,0.6047,"critical input interrupt (unit=0x0b bit=0x17): warning for tree C1 wire, suppressing further interrupts of same type",0.5185,49.54,162
419,0 microseconds spent in the rbs signal handler during 0 calls. 0 microseconds was the maximum time for a single instance of a correctable ddr.,exact,0 microseconds spent in the rbs signal handler during 0 calls. 0 microseconds was the maximum time for a single instance of a correctable ddr.,1.0,total of <*> ddr error(s) detected and corrected over <*> seconds,0.5342,"<*> ddr error(s) detected and corrected on rank 0, symbol <*> over <*> seconds",0.5186,49.44,162
420,"10686 total interrupts. 0 critical input interrupts. 0 microseconds total spent on critical input interrupts, 0 microseconds max time in a critical input interrupt.",partial,"<*> total interrupts. 0 critical input interrupts. 0 microseconds total spent on critical input interrupts, 0 microseconds max time in a critical input interrupt.",0.9619,critical input interrupt enable...0,0.6256,debug interrupt enable............0,0.5304,49.43,162
421,0 microseconds spent in the rbs signal handler during 0 calls. 0 microseconds was the maximum time for a single instance of a correctable ddr.,exact,0 microseconds spent in the rbs signal handler during 0 calls. 0 microseconds was the maximum time for a single instance of a correctable ddr.,1.0,total of <*> ddr error(s) detected and corrected over <*> seconds,0.5342,"<*> ddr error(s) detected and corrected on rank 0, symbol <*> over <*> seconds",0.5186,49.08,162
422,"10674 total interrupts. 0 critical input interrupts. 0 microseconds total spent on critical input interrupts, 0 microseconds max time in a critical input interrupt.",partial,"<*> total interrupts. 0 critical input interrupts. 0 microseconds total spent on critical input interrupts, 0 microseconds max time in a critical input interrupt.",0.9707,critical input interrupt enable...0,0.5993,"critical input interrupt (unit=0x0b bit=0x17): warning for tree C1 wire, suppressing further interrupts of same type",0.526,50.03,162
423,"10722 total interrupts. 0 critical input interrupts. 0 microseconds total spent on critical input interrupts, 0 microseconds max time in a critical input interrupt.",partial,"<*> total interrupts. 0 critical input interrupts. 0 microseconds total spent on critical input interrupts, 0 microseconds max time in a critical input interrupt.",0.9733,critical input interrupt enable...0,0.6281,"critical input interrupt (unit=0x0b bit=0x17): warning for tree C1 wire, suppressing further interrupts of same type",0.538,49.78,162
424,0 microseconds spent in the rbs signal handler during 0 calls. 0 microseconds was the maximum time for a single instance of a correctable ddr.,exact,0 microseconds spent in the rbs signal handler during 0 calls. 0 microseconds was the maximum time for a single instance of a correctable ddr.,1.0,total of <*> ddr error(s) detected and corrected over <*> seconds,0.5342,"<*> ddr error(s) detected and corrected on rank 0, symbol <*> over <*> seconds",0.5186,49.78,162
425,"10730 total interrupts. 0 critical input interrupts. 0 microseconds total spent on critical input interrupts, 0 microseconds max time in a critical input interrupt.",partial,"<*> total interrupts. 0 critical input interrupts. 0 microseconds total spent on critical input interrupts, 0 microseconds max time in a critical input interrupt.",0.9597,critical input interrupt enable...0,0.6372,"critical input interrupt (unit=0x0b bit=0x17): warning for tree C1 wire, suppressing further interrupts of same type",0.5283,49.24,162
426,"10686 total interrupts. 0 critical input interrupts. 0 microseconds total spent on critical input interrupts, 0 microseconds max time in a critical input interrupt.",partial,"<*> total interrupts. 0 critical input interrupts. 0 microseconds total spent on critical input interrupts, 0 microseconds max time in a critical input interrupt.",0.9625,critical input interrupt enable...0,0.6256,debug interrupt enable............0,0.5304,49.0,162
427,"10692 total interrupts. 0 critical input interrupts. 0 microseconds total spent on critical input interrupts, 0 microseconds max time in a critical input interrupt.",partial,"<*> total interrupts. 0 critical input interrupts. 0 microseconds total spent on critical input interrupts, 0 microseconds max time in a critical input interrupt.",0.9714,critical input interrupt enable...0,0.5999,"critical input interrupt (unit=0x0b bit=0x17): warning for tree C1 wire, suppressing further interrupts of same type",0.5127,49.24,162
428,"10660 total interrupts. 0 critical input interrupts. 0 microseconds total spent on critical input interrupts, 0 microseconds max time in a critical input interrupt.",partial,"<*> total interrupts. 0 critical input interrupts. 0 microseconds total spent on critical input interrupts, 0 microseconds max time in a critical input interrupt.",0.9639,critical input interrupt enable...0,0.6137,"critical input interrupt (unit=0x0b bit=0x17): warning for tree C1 wire, suppressing further interrupts of same type",0.5115,49.24,162
429,"10752 total interrupts. 0 critical input interrupts. 0 microseconds total spent on critical input interrupts, 0 microseconds max time in a critical input interrupt.",partial,"<*> total interrupts. 0 critical input interrupts. 0 microseconds total spent on critical input interrupts, 0 microseconds max time in a critical input interrupt.",0.9802,critical input interrupt enable...0,0.6408,"critical input interrupt (unit=0x0b bit=0x17): warning for tree C1 wire, suppressing further interrupts of same type",0.5303,48.96,162
430,"10732 total interrupts. 0 critical input interrupts. 0 microseconds total spent on critical input interrupts, 0 microseconds max time in a critical input interrupt.",partial,"<*> total interrupts. 0 critical input interrupts. 0 microseconds total spent on critical input interrupts, 0 microseconds max time in a critical input interrupt.",0.9762,critical input interrupt enable...0,0.6321,"critical input interrupt (unit=0x0b bit=0x17): warning for tree C1 wire, suppressing further interrupts of same type",0.5386,49.25,162
431,0 microseconds spent in the rbs signal handler during 0 calls. 0 microseconds was the maximum time for a single instance of a correctable ddr.,exact,0 microseconds spent in the rbs signal handler during 0 calls. 0 microseconds was the maximum time for a single instance of a correctable ddr.,1.0,total of <*> ddr error(s) detected and corrected over <*> seconds,0.5342,"<*> ddr error(s) detected and corrected on rank 0, symbol <*> over <*> seconds",0.5186,49.61,162
432,"10676 total interrupts. 0 critical input interrupts. 0 microseconds total spent on critical input interrupts, 0 microseconds max time in a critical input interrupt.",partial,"<*> total interrupts. 0 critical input interrupts. 0 microseconds total spent on critical input interrupts, 0 microseconds max time in a critical input interrupt.",0.9612,critical input interrupt enable...0,0.5973,"critical input interrupt (unit=0x0b bit=0x17): warning for tree C1 wire, suppressing further interrupts of same type",0.5188,49.2,162
433,"10752 total interrupts. 0 critical input interrupts. 0 microseconds total spent on critical input interrupts, 0 microseconds max time in a critical input interrupt.",partial,"<*> total interrupts. 0 critical input interrupts. 0 microseconds total spent on critical input interrupts, 0 microseconds max time in a critical input interrupt.",0.9805,critical input interrupt enable...0,0.6408,"critical input interrupt (unit=0x0b bit=0x17): warning for tree C1 wire, suppressing further interrupts of same type",0.5303,49.23,162
434,0 microseconds spent in the rbs signal handler during 0 calls. 0 microseconds was the maximum time for a single instance of a correctable ddr.,exact,0 microseconds spent in the rbs signal handler during 0 calls. 0 microseconds was the maximum time for a single instance of a correctable ddr.,1.0,total of <*> ddr error(s) detected and corrected over <*> seconds,0.5342,"<*> ddr error(s) detected and corrected on rank 0, symbol <*> over <*> seconds",0.5186,49.61,162
435,"10728 total interrupts. 0 critical input interrupts. 0 microseconds total spent on critical input interrupts, 0 microseconds max time in a critical input interrupt.",partial,"<*> total interrupts. 0 critical input interrupts. 0 microseconds total spent on critical input interrupts, 0 microseconds max time in a critical input interrupt.",0.9792,critical input interrupt enable...0,0.6372,"critical input interrupt (unit=0x0b bit=0x17): warning for tree C1 wire, suppressing further interrupts of same type",0.5322,49.46,162
436,"10712 total interrupts. 0 critical input interrupts. 0 microseconds total spent on critical input interrupts, 0 microseconds max time in a critical input interrupt.",partial,"<*> total interrupts. 0 critical input interrupts. 0 microseconds total spent on critical input interrupts, 0 microseconds max time in a critical input interrupt.",0.9651,critical input interrupt enable...0,0.6223,"critical input interrupt (unit=0x0b bit=0x17): warning for tree C1 wire, suppressing further interrupts of same type",0.5192,49.16,162
437,"10718 total interrupts. 0 critical input interrupts. 0 microseconds total spent on critical input interrupts, 0 microseconds max time in a critical input interrupt.",partial,"<*> total interrupts. 0 critical input interrupts. 0 microseconds total spent on critical input interrupts, 0 microseconds max time in a critical input interrupt.",0.9833,critical input interrupt enable...0,0.6494,"critical input interrupt (unit=0x0b bit=0x17): warning for tree C1 wire, suppressing further interrupts of same type",0.5343,49.34,162
438,"10722 total interrupts. 0 critical input interrupts. 0 microseconds total spent on critical input interrupts, 0 microseconds max time in a critical input interrupt.",partial,"<*> total interrupts. 0 critical input interrupts. 0 microseconds total spent on critical input interrupts, 0 microseconds max time in a critical input interrupt.",0.9739,critical input interrupt enable...0,0.6281,"critical input interrupt (unit=0x0b bit=0x17): warning for tree C1 wire, suppressing further interrupts of same type",0.538,49.33,162
439,"10644 total interrupts. 0 critical input interrupts. 0 microseconds total spent on critical input interrupts, 0 microseconds max time in a critical input interrupt.",partial,"<*> total interrupts. 0 critical input interrupts. 0 microseconds total spent on critical input interrupts, 0 microseconds max time in a critical input interrupt.",0.9794,critical input interrupt enable...0,0.6055,"critical input interrupt (unit=0x0b bit=0x17): warning for tree C1 wire, suppressing further interrupts of same type",0.5293,49.21,162
440,0 microseconds spent in the rbs signal handler during 0 calls. 0 microseconds was the maximum time for a single instance of a correctable ddr.,exact,0 microseconds spent in the rbs signal handler during 0 calls. 0 microseconds was the maximum time for a single instance of a correctable ddr.,1.0,total of <*> ddr error(s) detected and corrected over <*> seconds,0.5342,"<*> ddr error(s) detected and corrected on rank 0, symbol <*> over <*> seconds",0.5186,49.29,162
441,0 microseconds spent in the rbs signal handler during 0 calls. 0 microseconds was the maximum time for a single instance of a correctable ddr.,exact,0 microseconds spent in the rbs signal handler during 0 calls. 0 microseconds was the maximum time for a single instance of a correctable ddr.,1.0,total of <*> ddr error(s) detected and corrected over <*> seconds,0.5342,"<*> ddr error(s) detected and corrected on rank 0, symbol <*> over <*> seconds",0.5186,49.39,162
442,0 microseconds spent in the rbs signal handler during 0 calls. 0 microseconds was the maximum time for a single instance of a correctable ddr.,exact,0 microseconds spent in the rbs signal handler during 0 calls. 0 microseconds was the maximum time for a single instance of a correctable ddr.,1.0,total of <*> ddr error(s) detected and corrected over <*> seconds,0.5342,"<*> ddr error(s) detected and corrected on rank 0, symbol <*> over <*> seconds",0.5186,49.42,162
443,"10738 total interrupts. 0 critical input interrupts. 0 microseconds total spent on critical input interrupts, 0 microseconds max time in a critical input interrupt.",partial,"<*> total interrupts. 0 critical input interrupts. 0 microseconds total spent on critical input interrupts, 0 microseconds max time in a critical input interrupt.",0.9718,critical input interrupt enable...0,0.6315,debug interrupt enable............0,0.5313,49.28,162
444,"10646 total interrupts. 0 critical input interrupts. 0 microseconds total spent on critical input interrupts, 0 microseconds max time in a critical input interrupt.",partial,"<*> total interrupts. 0 critical input interrupts. 0 microseconds total spent on critical input interrupts, 0 microseconds max time in a critical input interrupt.",0.978,critical input interrupt enable...0,0.6087,"critical input interrupt (unit=0x0b bit=0x17): warning for tree C1 wire, suppressing further interrupts of same type",0.5216,49.74,162
445,0 microseconds spent in the rbs signal handler during 0 calls. 0 microseconds was the maximum time for a single instance of a correctable ddr.,exact,0 microseconds spent in the rbs signal handler during 0 calls. 0 microseconds was the maximum time for a single instance of a correctable ddr.,1.0,total of <*> ddr error(s) detected and corrected over <*> seconds,0.5342,"<*> ddr error(s) detected and corrected on rank 0, symbol <*> over <*> seconds",0.5186,49.37,162
446,"10710 total interrupts. 0 critical input interrupts. 0 microseconds total spent on critical input interrupts, 0 microseconds max time in a critical input interrupt.",partial,"<*> total interrupts. 0 critical input interrupts. 0 microseconds total spent on critical input interrupts, 0 microseconds max time in a critical input interrupt.",0.9724,critical input interrupt enable...0,0.6257,"critical input interrupt (unit=0x0b bit=0x17): warning for tree C1 wire, suppressing further interrupts of same type",0.5141,49.54,162
447,0 microseconds spent in the rbs signal handler during 0 calls. 0 microseconds was the maximum time for a single instance of a correctable ddr.,exact,0 microseconds spent in the rbs signal handler during 0 calls. 0 microseconds was the maximum time for a single instance of a correctable ddr.,1.0,total of <*> ddr error(s) detected and corrected over <*> seconds,0.5342,"<*> ddr error(s) detected and corrected on rank 0, symbol <*> over <*> seconds",0.5186,49.69,162
448,0 microseconds spent in the rbs signal handler during 0 calls. 0 microseconds was the maximum time for a single instance of a correctable ddr.,exact,0 microseconds spent in the rbs signal handler during 0 calls. 0 microseconds was the maximum time for a single instance of a correctable ddr.,1.0,total of <*> ddr error(s) detected and corrected over <*> seconds,0.5342,"<*> ddr error(s) detected and corrected on rank 0, symbol <*> over <*> seconds",0.5186,49.11,162
449,"10706 total interrupts. 0 critical input interrupts. 0 microseconds total spent on critical input interrupts, 0 microseconds max time in a critical input interrupt.",partial,"<*> total interrupts. 0 critical input interrupts. 0 microseconds total spent on critical input interrupts, 0 microseconds max time in a critical input interrupt.",0.9584,critical input interrupt enable...0,0.6272,debug interrupt enable............0,0.5071,49.44,162
450,0 microseconds spent in the rbs signal handler during 0 calls. 0 microseconds was the maximum time for a single instance of a correctable ddr.,exact,0 microseconds spent in the rbs signal handler during 0 calls. 0 microseconds was the maximum time for a single instance of a correctable ddr.,1.0,total of <*> ddr error(s) detected and corrected over <*> seconds,0.5342,"<*> ddr error(s) detected and corrected on rank 0, symbol <*> over <*> seconds",0.5186,49.5,162
451,0 microseconds spent in the rbs signal handler during 0 calls. 0 microseconds was the maximum time for a single instance of a correctable ddr.,exact,0 microseconds spent in the rbs signal handler during 0 calls. 0 microseconds was the maximum time for a single instance of a correctable ddr.,1.0,total of <*> ddr error(s) detected and corrected over <*> seconds,0.5342,"<*> ddr error(s) detected and corrected on rank 0, symbol <*> over <*> seconds",0.5186,50.05,162
452,"10765 total interrupts. 0 critical input interrupts. 0 microseconds total spent on critical input interrupts, 0 microseconds max time in a critical input interrupt.",partial,"<*> total interrupts. 0 critical input interrupts. 0 microseconds total spent on critical input interrupts, 0 microseconds max time in a critical input interrupt.",0.9776,critical input interrupt enable...0,0.6392,"critical input interrupt (unit=0x0b bit=0x17): warning for tree C1 wire, suppressing further interrupts of same type",0.5311,49.09,162
453,0 microseconds spent in the rbs signal handler during 0 calls. 0 microseconds was the maximum time for a single instance of a correctable ddr.,exact,0 microseconds spent in the rbs signal handler during 0 calls. 0 microseconds was the maximum time for a single instance of a correctable ddr.,1.0,total of <*> ddr error(s) detected and corrected over <*> seconds,0.5342,"<*> ddr error(s) detected and corrected on rank 0, symbol <*> over <*> seconds",0.5186,49.27,162
454,"10698 total interrupts. 0 critical input interrupts. 0 microseconds total spent on critical input interrupts, 0 microseconds max time in a critical input interrupt.",partial,"<*> total interrupts. 0 critical input interrupts. 0 microseconds total spent on critical input interrupts, 0 microseconds max time in a critical input interrupt.",0.9788,critical input interrupt enable...0,0.6118,"critical input interrupt (unit=0x0b bit=0x17): warning for tree C1 wire, suppressing further interrupts of same type",0.5148,49.34,162
455,"10744 total interrupts. 0 critical input interrupts. 0 microseconds total spent on critical input interrupts, 0 microseconds max time in a critical input interrupt.",partial,"<*> total interrupts. 0 critical input interrupts. 0 microseconds total spent on critical input interrupts, 0 microseconds max time in a critical input interrupt.",0.9839,critical input interrupt enable...0,0.6209,"critical input interrupt (unit=0x0b bit=0x17): warning for tree C1 wire, suppressing further interrupts of same type",0.5332,49.2,162
456,"10740 total interrupts. 0 critical input interrupts. 0 microseconds total spent on critical input interrupts, 0 microseconds max time in a critical input interrupt.",partial,"<*> total interrupts. 0 critical input interrupts. 0 microseconds total spent on critical input interrupts, 0 microseconds max time in a critical input interrupt.",0.961,critical input interrupt enable...0,0.6157,debug interrupt enable............0,0.5143,49.16,162
457,0 microseconds spent in the rbs signal handler during 0 calls. 0 microseconds was the maximum time for a single instance of a correctable ddr.,exact,0 microseconds spent in the rbs signal handler during 0 calls. 0 microseconds was the maximum time for a single instance of a correctable ddr.,1.0,total of <*> ddr error(s) detected and corrected over <*> seconds,0.5342,"<*> ddr error(s) detected and corrected on rank 0, symbol <*> over <*> seconds",0.5186,49.35,162
458,"10684 total interrupts. 0 critical input interrupts. 0 microseconds total spent on critical input interrupts, 0 microseconds max time in a critical input interrupt.",partial,"<*> total interrupts. 0 critical input interrupts. 0 microseconds total spent on critical input interrupts, 0 microseconds max time in a critical input interrupt.",0.9704,critical input interrupt enable...0,0.6018,"critical input interrupt (unit=0x0b bit=0x17): warning for tree C1 wire, suppressing further interrupts of same type",0.518,49.94,162
459,"10652 total interrupts. 0 critical input interrupts. 0 microseconds total spent on critical input interrupts, 0 microseconds max time in a critical input interrupt.",partial,"<*> total interrupts. 0 critical input interrupts. 0 microseconds total spent on critical input interrupts, 0 microseconds max time in a critical input interrupt.",0.9731,critical input interrupt enable...0,0.6173,"critical input interrupt (unit=0x0b bit=0x17): warning for tree C1 wire, suppressing further interrupts of same type",0.5208,49.64,162
460,0 microseconds spent in the rbs signal handler during 0 calls. 0 microseconds was the maximum time for a single instance of a correctable ddr.,exact,0 microseconds spent in the rbs signal handler during 0 calls. 0 microseconds was the maximum time for a single instance of a correctable ddr.,1.0,total of <*> ddr error(s) detected and corrected over <*> seconds,0.5342,"<*> ddr error(s) detected and corrected on rank 0, symbol <*> over <*> seconds",0.5186,49.41,162
461,0 microseconds spent in the rbs signal handler during 0 calls. 0 microseconds was the maximum time for a single instance of a correctable ddr.,exact,0 microseconds spent in the rbs signal handler during 0 calls. 0 microseconds was the maximum time for a single instance of a correctable ddr.,1.0,total of <*> ddr error(s) detected and corrected over <*> seconds,0.5342,"<*> ddr error(s) detected and corrected on rank 0, symbol <*> over <*> seconds",0.5186,49.28,162
462,0 microseconds spent in the rbs signal handler during 0 calls. 0 microseconds was the maximum time for a single instance of a correctable ddr.,exact,0 microseconds spent in the rbs signal handler during 0 calls. 0 microseconds was the maximum time for a single instance of a correctable ddr.,1.0,total of <*> ddr error(s) detected and corrected over <*> seconds,0.5342,"<*> ddr error(s) detected and corrected on rank 0, symbol <*> over <*> seconds",0.5186,49.51,162
463,"1966 total interrupts. 0 critical input interrupts. 0 microseconds total spent on critical input interrupts, 0 microseconds max time in a critical input interrupt.",partial,"<*> total interrupts. 0 critical input interrupts. 0 microseconds total spent on critical input interrupts, 0 microseconds max time in a critical input interrupt.",0.9057,critical input interrupt enable...0,0.6803,"critical input interrupt (unit=0x0b bit=0x17): warning for tree C1 wire, suppressing further interrupts of same type",0.5247,49.41,162
464,0 microseconds spent in the rbs signal handler during 0 calls. 0 microseconds was the maximum time for a single instance of a correctable ddr.,exact,0 microseconds spent in the rbs signal handler during 0 calls. 0 microseconds was the maximum time for a single instance of a correctable ddr.,1.0,total of <*> ddr error(s) detected and corrected over <*> seconds,0.5342,"<*> ddr error(s) detected and corrected on rank 0, symbol <*> over <*> seconds",0.5186,49.98,162
465,"10738 total interrupts. 0 critical input interrupts. 0 microseconds total spent on critical input interrupts, 0 microseconds max time in a critical input interrupt.",partial,"<*> total interrupts. 0 critical input interrupts. 0 microseconds total spent on critical input interrupts, 0 microseconds max time in a critical input interrupt.",0.9719,critical input interrupt enable...0,0.6315,debug interrupt enable............0,0.5313,49.5,162
466,0 microseconds spent in the rbs signal handler during 0 calls. 0 microseconds was the maximum time for a single instance of a correctable ddr.,exact,0 microseconds spent in the rbs signal handler during 0 calls. 0 microseconds was the maximum time for a single instance of a correctable ddr.,1.0,total of <*> ddr error(s) detected and corrected over <*> seconds,0.5342,"<*> ddr error(s) detected and corrected on rank 0, symbol <*> over <*> seconds",0.5186,49.13,162
467,"10714 total interrupts. 0 critical input interrupts. 0 microseconds total spent on critical input interrupts, 0 microseconds max time in a critical input interrupt.",partial,"<*> total interrupts. 0 critical input interrupts. 0 microseconds total spent on critical input interrupts, 0 microseconds max time in a critical input interrupt.",0.9732,critical input interrupt enable...0,0.6266,"critical input interrupt (unit=0x0b bit=0x17): warning for tree C1 wire, suppressing further interrupts of same type",0.5389,49.26,162
468,0 microseconds spent in the rbs signal handler during 0 calls. 0 microseconds was the maximum time for a single instance of a correctable ddr.,exact,0 microseconds spent in the rbs signal handler during 0 calls. 0 microseconds was the maximum time for a single instance of a correctable ddr.,1.0,total of <*> ddr error(s) detected and corrected over <*> seconds,0.5342,"<*> ddr error(s) detected and corrected on rank 0, symbol <*> over <*> seconds",0.5186,49.38,162
469,"10718 total interrupts. 0 critical input interrupts. 0 microseconds total spent on critical input interrupts, 0 microseconds max time in a critical input interrupt.",partial,"<*> total interrupts. 0 critical input interrupts. 0 microseconds total spent on critical input interrupts, 0 microseconds max time in a critical input interrupt.",0.9839,critical input interrupt enable...0,0.6494,"critical input interrupt (unit=0x0b bit=0x17): warning for tree C1 wire, suppressing further interrupts of same type",0.5343,49.11,162
470,0 microseconds spent in the rbs signal handler during 0 calls. 0 microseconds was the maximum time for a single instance of a correctable ddr.,exact,0 microseconds spent in the rbs signal handler during 0 calls. 0 microseconds was the maximum time for a single instance of a correctable ddr.,1.0,total of <*> ddr error(s) detected and corrected over <*> seconds,0.5342,"<*> ddr error(s) detected and corrected on rank 0, symbol <*> over <*> seconds",0.5186,49.47,162
471,"10698 total interrupts. 0 critical input interrupts. 0 microseconds total spent on critical input interrupts, 0 microseconds max time in a critical input interrupt.",partial,"<*> total interrupts. 0 critical input interrupts. 0 microseconds total spent on critical input interrupts, 0 microseconds max time in a critical input interrupt.",0.9787,critical input interrupt enable...0,0.6118,"critical input interrupt (unit=0x0b bit=0x17): warning for tree C1 wire, suppressing further interrupts of same type",0.5148,50.67,162
472,0 microseconds spent in the rbs signal handler during 0 calls. 0 microseconds was the maximum time for a single instance of a correctable ddr.,exact,0 microseconds spent in the rbs signal handler during 0 calls. 0 microseconds was the maximum time for a single instance of a correctable ddr.,1.0,total of <*> ddr error(s) detected and corrected over <*> seconds,0.5342,"<*> ddr error(s) detected and corrected on rank 0, symbol <*> over <*> seconds",0.5186,49.31,162
473,0 microseconds spent in the rbs signal handler during 0 calls. 0 microseconds was the maximum time for a single instance of a correctable ddr.,exact,0 microseconds spent in the rbs signal handler during 0 calls. 0 microseconds was the maximum time for a single instance of a correctable ddr.,1.0,total of <*> ddr error(s) detected and corrected over <*> seconds,0.5342,"<*> ddr error(s) detected and corrected on rank 0, symbol <*> over <*> seconds",0.5186,49.45,162
474,"10644 total interrupts. 0 critical input interrupts. 0 microseconds total spent on critical input interrupts, 0 microseconds max time in a critical input interrupt.",partial,"<*> total interrupts. 0 critical input interrupts. 0 microseconds total spent on critical input interrupts, 0 microseconds max time in a critical input interrupt.",0.9793,critical input interrupt enable...0,0.6055,"critical input interrupt (unit=0x0b bit=0x17): warning for tree C1 wire, suppressing further interrupts of same type",0.5293,49.22,162
475,"10752 total interrupts. 0 critical input interrupts. 0 microseconds total spent on critical input interrupts, 0 microseconds max time in a critical input interrupt.",partial,"<*> total interrupts. 0 critical input interrupts. 0 microseconds total spent on critical input interrupts, 0 microseconds max time in a critical input interrupt.",0.9814,critical input interrupt enable...0,0.6408,"critical input interrupt (unit=0x0b bit=0x17): warning for tree C1 wire, suppressing further interrupts of same type",0.5303,49.05,162
476,"10698 total interrupts. 0 critical input interrupts. 0 microseconds total spent on critical input interrupts, 0 microseconds max time in a critical input interrupt.",partial,"<*> total interrupts. 0 critical input interrupts. 0 microseconds total spent on critical input interrupts, 0 microseconds max time in a critical input interrupt.",0.979,critical input interrupt enable...0,0.6118,"critical input interrupt (unit=0x0b bit=0x17): warning for tree C1 wire, suppressing further interrupts of same type",0.5148,49.38,162
477,"10666 total interrupts. 0 critical input interrupts. 0 microseconds total spent on critical input interrupts, 0 microseconds max time in a critical input interrupt.",partial,"<*> total interrupts. 0 critical input interrupts. 0 microseconds total spent on critical input interrupts, 0 microseconds max time in a critical input interrupt.",0.9642,critical input interrupt enable...0,0.6131,"critical input interrupt (unit=0x0b bit=0x17): warning for tree C1 wire, suppressing further interrupts of same type",0.5197,49.11,162
478,0 microseconds spent in the rbs signal handler during 0 calls. 0 microseconds was the maximum time for a single instance of a correctable ddr.,exact,0 microseconds spent in the rbs signal handler during 0 calls. 0 microseconds was the maximum time for a single instance of a correctable ddr.,1.0,total of <*> ddr error(s) detected and corrected over <*> seconds,0.5342,"<*> ddr error(s) detected and corrected on rank 0, symbol <*> over <*> seconds",0.5186,49.41,162
479,"10738 total interrupts. 0 critical input interrupts. 0 microseconds total spent on critical input interrupts, 0 microseconds max time in a critical input interrupt.",partial,"<*> total interrupts. 0 critical input interrupts. 0 microseconds total spent on critical input interrupts, 0 microseconds max time in a critical input interrupt.",0.9718,critical input interrupt enable...0,0.6315,debug interrupt enable............0,0.5313,50.2,162
480,0 microseconds spent in the rbs signal handler during 0 calls. 0 microseconds was the maximum time for a single instance of a correctable ddr.,exact,0 microseconds spent in the rbs signal handler during 0 calls. 0 microseconds was the maximum time for a single instance of a correctable ddr.,1.0,total of <*> ddr error(s) detected and corrected over <*> seconds,0.5342,"<*> ddr error(s) detected and corrected on rank 0, symbol <*> over <*> seconds",0.5186,49.39,162
481,"10744 total interrupts. 0 critical input interrupts. 0 microseconds total spent on critical input interrupts, 0 microseconds max time in a critical input interrupt.",partial,"<*> total interrupts. 0 critical input interrupts. 0 microseconds total spent on critical input interrupts, 0 microseconds max time in a critical input interrupt.",0.984,critical input interrupt enable...0,0.6209,"critical input interrupt (unit=0x0b bit=0x17): warning for tree C1 wire, suppressing further interrupts of same type",0.5332,49.26,162
482,0 microseconds spent in the rbs signal handler during 0 calls. 0 microseconds was the maximum time for a single instance of a correctable ddr.,exact,0 microseconds spent in the rbs signal handler during 0 calls. 0 microseconds was the maximum time for a single instance of a correctable ddr.,1.0,total of <*> ddr error(s) detected and corrected over <*> seconds,0.5342,"<*> ddr error(s) detected and corrected on rank 0, symbol <*> over <*> seconds",0.5186,49.28,162
483,0 microseconds spent in the rbs signal handler during 0 calls. 0 microseconds was the maximum time for a single instance of a correctable ddr.,exact,0 microseconds spent in the rbs signal handler during 0 calls. 0 microseconds was the maximum time for a single instance of a correctable ddr.,1.0,total of <*> ddr error(s) detected and corrected over <*> seconds,0.5342,"<*> ddr error(s) detected and corrected on rank 0, symbol <*> over <*> seconds",0.5186,49.8,162
484,"10663 total interrupts. 0 critical input interrupts. 0 microseconds total spent on critical input interrupts, 0 microseconds max time in a critical input interrupt.",partial,"<*> total interrupts. 0 critical input interrupts. 0 microseconds total spent on critical input interrupts, 0 microseconds max time in a critical input interrupt.",0.9474,critical input interrupt enable...0,0.5905,"critical input interrupt (unit=0x0b bit=0x17): warning for tree C1 wire, suppressing further interrupts of same type",0.5114,49.82,162
485,"10766 total interrupts. 0 critical input interrupts. 0 microseconds total spent on critical input interrupts, 0 microseconds max time in a critical input interrupt.",partial,"<*> total interrupts. 0 critical input interrupts. 0 microseconds total spent on critical input interrupts, 0 microseconds max time in a critical input interrupt.",0.9832,critical input interrupt enable...0,0.644,"critical input interrupt (unit=0x0b bit=0x17): warning for tree C1 wire, suppressing further interrupts of same type",0.5315,49.51,162
486,0 microseconds spent in the rbs signal handler during 0 calls. 0 microseconds was the maximum time for a single instance of a correctable ddr.,exact,0 microseconds spent in the rbs signal handler during 0 calls. 0 microseconds was the maximum time for a single instance of a correctable ddr.,1.0,total of <*> ddr error(s) detected and corrected over <*> seconds,0.5342,"<*> ddr error(s) detected and corrected on rank 0, symbol <*> over <*> seconds",0.5186,49.53,162
487,0 microseconds spent in the rbs signal handler during 0 calls. 0 microseconds was the maximum time for a single instance of a correctable ddr.,exact,0 microseconds spent in the rbs signal handler during 0 calls. 0 microseconds was the maximum time for a single instance of a correctable ddr.,1.0,total of <*> ddr error(s) detected and corrected over <*> seconds,0.5342,"<*> ddr error(s) detected and corrected on rank 0, symbol <*> over <*> seconds",0.5186,49.34,162
488,0 microseconds spent in the rbs signal handler during 0 calls. 0 microseconds was the maximum time for a single instance of a correctable ddr.,exact,0 microseconds spent in the rbs signal handler during 0 calls. 0 microseconds was the maximum time for a single instance of a correctable ddr.,1.0,total of <*> ddr error(s) detected and corrected over <*> seconds,0.5342,"<*> ddr error(s) detected and corrected on rank 0, symbol <*> over <*> seconds",0.5186,49.43,162
489,0 microseconds spent in the rbs signal handler during 0 calls. 0 microseconds was the maximum time for a single instance of a correctable ddr.,exact,0 microseconds spent in the rbs signal handler during 0 calls. 0 microseconds was the maximum time for a single instance of a correctable ddr.,1.0,total of <*> ddr error(s) detected and corrected over <*> seconds,0.5342,"<*> ddr error(s) detected and corrected on rank 0, symbol <*> over <*> seconds",0.5186,49.49,162
490,0 microseconds spent in the rbs signal handler during 0 calls. 0 microseconds was the maximum time for a single instance of a correctable ddr.,exact,0 microseconds spent in the rbs signal handler during 0 calls. 0 microseconds was the maximum time for a single instance of a correctable ddr.,1.0,total of <*> ddr error(s) detected and corrected over <*> seconds,0.5342,"<*> ddr error(s) detected and corrected on rank 0, symbol <*> over <*> seconds",0.5186,49.55,162
491,"10722 total interrupts. 0 critical input interrupts. 0 microseconds total spent on critical input interrupts, 0 microseconds max time in a critical input interrupt.",partial,"<*> total interrupts. 0 critical input interrupts. 0 microseconds total spent on critical input interrupts, 0 microseconds max time in a critical input interrupt.",0.9741,critical input interrupt enable...0,0.6281,"critical input interrupt (unit=0x0b bit=0x17): warning for tree C1 wire, suppressing further interrupts of same type",0.538,49.46,162
492,"10680 total interrupts. 0 critical input interrupts. 0 microseconds total spent on critical input interrupts, 0 microseconds max time in a critical input interrupt.",partial,"<*> total interrupts. 0 critical input interrupts. 0 microseconds total spent on critical input interrupts, 0 microseconds max time in a critical input interrupt.",0.9768,critical input interrupt enable...0,0.615,"critical input interrupt (unit=0x0b bit=0x17): warning for tree C1 wire, suppressing further interrupts of same type",0.5048,49.21,162
493,"10740 total interrupts. 0 critical input interrupts. 0 microseconds total spent on critical input interrupts, 0 microseconds max time in a critical input interrupt.",partial,"<*> total interrupts. 0 critical input interrupts. 0 microseconds total spent on critical input interrupts, 0 microseconds max time in a critical input interrupt.",0.9604,critical input interrupt enable...0,0.6157,debug interrupt enable............0,0.5143,49.26,162
494,0 microseconds spent in the rbs signal handler during 0 calls. 0 microseconds was the maximum time for a single instance of a correctable ddr.,exact,0 microseconds spent in the rbs signal handler during 0 calls. 0 microseconds was the maximum time for a single instance of a correctable ddr.,1.0,total of <*> ddr error(s) detected and corrected over <*> seconds,0.5342,"<*> ddr error(s) detected and corrected on rank 0, symbol <*> over <*> seconds",0.5186,49.52,162
495,0 microseconds spent in the rbs signal handler during 0 calls. 0 microseconds was the maximum time for a single instance of a correctable ddr.,exact,0 microseconds spent in the rbs signal handler during 0 calls. 0 microseconds was the maximum time for a single instance of a correctable ddr.,1.0,total of <*> ddr error(s) detected and corrected over <*> seconds,0.5342,"<*> ddr error(s) detected and corrected on rank 0, symbol <*> over <*> seconds",0.5186,49.87,162
496,"10684 total interrupts. 0 critical input interrupts. 0 microseconds total spent on critical input interrupts, 0 microseconds max time in a critical input interrupt.",partial,"<*> total interrupts. 0 critical input interrupts. 0 microseconds total spent on critical input interrupts, 0 microseconds max time in a critical input interrupt.",0.9709,critical input interrupt enable...0,0.6018,"critical input interrupt (unit=0x0b bit=0x17): warning for tree C1 wire, suppressing further interrupts of same type",0.518,49.71,162
497,"CE sym 4, at 0x0589f8e0, mask 0x10",partial,"CE sym 4, at <*> mask <*>",0.9825,"CE sym 6, at <*> mask <*>",0.9424,"CE sym 16, at <*> mask <*>",0.938,48.56,162
498,0 microseconds spent in the rbs signal handler during 0 calls. 0 microseconds was the maximum time for a single instance of a correctable ddr.,exact,0 microseconds spent in the rbs signal handler during 0 calls. 0 microseconds was the maximum time for a single instance of a correctable ddr.,1.0,total of <*> ddr error(s) detected and corrected over <*> seconds,0.5342,"<*> ddr error(s) detected and corrected on rank 0, symbol <*> over <*> seconds",0.5186,49.41,162
499,"10616 total interrupts. 0 critical input interrupts. 0 microseconds total spent on critical input interrupts, 0 microseconds max time in a critical input interrupt.",partial,"<*> total interrupts. 0 critical input interrupts. 0 microseconds total spent on critical input interrupts, 0 microseconds max time in a critical input interrupt.",0.9594,critical input interrupt enable...0,0.6006,"critical input interrupt (unit=0x0b bit=0x17): warning for tree C1 wire, suppressing further interrupts of same type",0.5328,49.74,162
500,"10754 total interrupts. 0 critical input interrupts. 0 microseconds total spent on critical input interrupts, 0 microseconds max time in a critical input interrupt.",partial,"<*> total interrupts. 0 critical input interrupts. 0 microseconds total spent on critical input interrupts, 0 microseconds max time in a critical input interrupt.",0.9868,critical input interrupt enable...0,0.6402,"critical input interrupt (unit=0x0b bit=0x17): warning for tree C1 wire, suppressing further interrupts of same type",0.5352,49.19,162
501,"10668 total interrupts. 0 critical input interrupts. 0 microseconds total spent on critical input interrupts, 0 microseconds max time in a critical input interrupt.",partial,"<*> total interrupts. 0 critical input interrupts. 0 microseconds total spent on critical input interrupts, 0 microseconds max time in a critical input interrupt.",0.9629,critical input interrupt enable...0,0.6023,"critical input interrupt (unit=0x0b bit=0x17): warning for tree C1 wire, suppressing further interrupts of same type",0.5092,49.82,162
502,"10708 total interrupts. 0 critical input interrupts. 0 microseconds total spent on critical input interrupts, 0 microseconds max time in a critical input interrupt.",partial,"<*> total interrupts. 0 critical input interrupts. 0 microseconds total spent on critical input interrupts, 0 microseconds max time in a critical input interrupt.",0.9522,critical input interrupt enable...0,0.6257,debug interrupt enable............0,0.5027,50.48,162
503,"10676 total interrupts. 0 critical input interrupts. 0 microseconds total spent on critical input interrupts, 0 microseconds max time in a critical input interrupt.",partial,"<*> total interrupts. 0 critical input interrupts. 0 microseconds total spent on critical input interrupts, 0 microseconds max time in a critical input interrupt.",0.9612,critical input interrupt enable...0,0.5973,"critical input interrupt (unit=0x0b bit=0x17): warning for tree C1 wire, suppressing further interrupts of same type",0.5188,49.07,162
504,"10640 total interrupts. 0 critical input interrupts. 0 microseconds total spent on critical input interrupts, 0 microseconds max time in a critical input interrupt.",partial,"<*> total interrupts. 0 critical input interrupts. 0 microseconds total spent on critical input interrupts, 0 microseconds max time in a critical input interrupt.",0.9753,critical input interrupt enable...0,0.5995,debug interrupt enable............0,0.5117,49.12,162
505,"10666 total interrupts. 0 critical input interrupts. 0 microseconds total spent on critical input interrupts, 0 microseconds max time in a critical input interrupt.",partial,"<*> total interrupts. 0 critical input interrupts. 0 microseconds total spent on critical input interrupts, 0 microseconds max time in a critical input interrupt.",0.9655,critical input interrupt enable...0,0.6131,"critical input interrupt (unit=0x0b bit=0x17): warning for tree C1 wire, suppressing further interrupts of same type",0.5197,49.96,162
506,"10676 total interrupts. 0 critical input interrupts. 0 microseconds total spent on critical input interrupts, 0 microseconds max time in a critical input interrupt.",partial,"<*> total interrupts. 0 critical input interrupts. 0 microseconds total spent on critical input interrupts, 0 microseconds max time in a critical input interrupt.",0.9623,critical input interrupt enable...0,0.5973,"critical input interrupt (unit=0x0b bit=0x17): warning for tree C1 wire, suppressing further interrupts of same type",0.5188,49.59,162
507,"10722 total interrupts. 0 critical input interrupts. 0 microseconds total spent on critical input interrupts, 0 microseconds max time in a critical input interrupt.",partial,"<*> total interrupts. 0 critical input interrupts. 0 microseconds total spent on critical input interrupts, 0 microseconds max time in a critical input interrupt.",0.9729,critical input interrupt enable...0,0.6281,"critical input interrupt (unit=0x0b bit=0x17): warning for tree C1 wire, suppressing further interrupts of same type",0.538,50.0,162
508,0 microseconds spent in the rbs signal handler during 0 calls. 0 microseconds was the maximum time for a single instance of a correctable ddr.,exact,0 microseconds spent in the rbs signal handler during 0 calls. 0 microseconds was the maximum time for a single instance of a correctable ddr.,1.0,total of <*> ddr error(s) detected and corrected over <*> seconds,0.5342,"<*> ddr error(s) detected and corrected on rank 0, symbol <*> over <*> seconds",0.5186,50.53,162
509,"10684 total interrupts. 0 critical input interrupts. 0 microseconds total spent on critical input interrupts, 0 microseconds max time in a critical input interrupt.",partial,"<*> total interrupts. 0 critical input interrupts. 0 microseconds total spent on critical input interrupts, 0 microseconds max time in a critical input interrupt.",0.9727,critical input interrupt enable...0,0.6018,"critical input interrupt (unit=0x0b bit=0x17): warning for tree C1 wire, suppressing further interrupts of same type",0.518,49.36,162
510,0 microseconds spent in the rbs signal handler during 0 calls. 0 microseconds was the maximum time for a single instance of a correctable ddr.,exact,0 microseconds spent in the rbs signal handler during 0 calls. 0 microseconds was the maximum time for a single instance of a correctable ddr.,1.0,total of <*> ddr error(s) detected and corrected over <*> seconds,0.5342,"<*> ddr error(s) detected and corrected on rank 0, symbol <*> over <*> seconds",0.5186,49.63,162
511,"10676 total interrupts. 0 critical input interrupts. 0 microseconds total spent on critical input interrupts, 0 microseconds max time in a critical input interrupt.",partial,"<*> total interrupts. 0 critical input interrupts. 0 microseconds total spent on critical input interrupts, 0 microseconds max time in a critical input interrupt.",0.9629,critical input interrupt enable...0,0.5973,"critical input interrupt (unit=0x0b bit=0x17): warning for tree C1 wire, suppressing further interrupts of same type",0.5188,49.44,162
512,0 microseconds spent in the rbs signal handler during 0 calls. 0 microseconds was the maximum time for a single instance of a correctable ddr.,exact,0 microseconds spent in the rbs signal handler during 0 calls. 0 microseconds was the maximum time for a single instance of a correctable ddr.,1.0,total of <*> ddr error(s) detected and corrected over <*> seconds,0.5342,"<*> ddr error(s) detected and corrected on rank 0, symbol <*> over <*> seconds",0.5186,49.27,162
513,0 microseconds spent in the rbs signal handler during 0 calls. 0 microseconds was the maximum time for a single instance of a correctable ddr.,exact,0 microseconds spent in the rbs signal handler during 0 calls. 0 microseconds was the maximum time for a single instance of a correctable ddr.,1.0,total of <*> ddr error(s) detected and corrected over <*> seconds,0.5342,"<*> ddr error(s) detected and corrected on rank 0, symbol <*> over <*> seconds",0.5186,49.06,162
514,"10714 total interrupts. 0 critical input interrupts. 0 microseconds total spent on critical input interrupts, 0 microseconds max time in a critical input interrupt.",partial,"<*> total interrupts. 0 critical input interrupts. 0 microseconds total spent on critical input interrupts, 0 microseconds max time in a critical input interrupt.",0.972,critical input interrupt enable...0,0.6266,"critical input interrupt (unit=0x0b bit=0x17): warning for tree C1 wire, suppressing further interrupts of same type",0.5389,49.65,162
515,"10712 total interrupts. 0 critical input interrupts. 0 microseconds total spent on critical input interrupts, 0 microseconds max time in a critical input interrupt.",partial,"<*> total interrupts. 0 critical input interrupts. 0 microseconds total spent on critical input interrupts, 0 microseconds max time in a critical input interrupt.",0.9652,critical input interrupt enable...0,0.6223,"critical input interrupt (unit=0x0b bit=0x17): warning for tree C1 wire, suppressing further interrupts of same type",0.5192,49.42,162
516,0 microseconds spent in the rbs signal handler during 0 calls. 0 microseconds was the maximum time for a single instance of a correctable ddr.,exact,0 microseconds spent in the rbs signal handler during 0 calls. 0 microseconds was the maximum time for a single instance of a correctable ddr.,1.0,total of <*> ddr error(s) detected and corrected over <*> seconds,0.5342,"<*> ddr error(s) detected and corrected on rank 0, symbol <*> over <*> seconds",0.5186,49.2,162
517,"10636 total interrupts. 0 critical input interrupts. 0 microseconds total spent on critical input interrupts, 0 microseconds max time in a critical input interrupt.",partial,"<*> total interrupts. 0 critical input interrupts. 0 microseconds total spent on critical input interrupts, 0 microseconds max time in a critical input interrupt.",0.9719,critical input interrupt enable...0,0.6218,"critical input interrupt (unit=0x0b bit=0x17): warning for tree C1 wire, suppressing further interrupts of same type",0.5206,49.46,162
518,"10664 total interrupts. 0 critical input interrupts. 0 microseconds total spent on critical input interrupts, 0 microseconds max time in a critical input interrupt.",partial,"<*> total interrupts. 0 critical input interrupts. 0 microseconds total spent on critical input interrupts, 0 microseconds max time in a critical input interrupt.",0.9634,critical input interrupt enable...0,0.6241,"critical input interrupt (unit=0x0b bit=0x17): warning for tree C1 wire, suppressing further interrupts of same type",0.5365,49.15,162
519,"10730 total interrupts. 0 critical input interrupts. 0 microseconds total spent on critical input interrupts, 0 microseconds max time in a critical input interrupt.",partial,"<*> total interrupts. 0 critical input interrupts. 0 microseconds total spent on critical input interrupts, 0 microseconds max time in a critical input interrupt.",0.9585,critical input interrupt enable...0,0.6372,"critical input interrupt (unit=0x0b bit=0x17): warning for tree C1 wire, suppressing further interrupts of same type",0.5283,49.66,162
520,"10722 total interrupts. 0 critical input interrupts. 0 microseconds total spent on critical input interrupts, 0 microseconds max time in a critical input interrupt.",partial,"<*> total interrupts. 0 critical input interrupts. 0 microseconds total spent on critical input interrupts, 0 microseconds max time in a critical input interrupt.",0.973,critical input interrupt enable...0,0.6281,"critical input interrupt (unit=0x0b bit=0x17): warning for tree C1 wire, suppressing further interrupts of same type",0.538,49.33,162
521,"10722 total interrupts. 0 critical input interrupts. 0 microseconds total spent on critical input interrupts, 0 microseconds max time in a critical input interrupt.",partial,"<*> total interrupts. 0 critical input interrupts. 0 microseconds total spent on critical input interrupts, 0 microseconds max time in a critical input interrupt.",0.9734,critical input interrupt enable...0,0.6281,"critical input interrupt (unit=0x0b bit=0x17): warning for tree C1 wire, suppressing further interrupts of same type",0.538,49.19,162
522,0 microseconds spent in the rbs signal handler during 0 calls. 0 microseconds was the maximum time for a single instance of a correctable ddr.,exact,0 microseconds spent in the rbs signal handler during 0 calls. 0 microseconds was the maximum time for a single instance of a correctable ddr.,1.0,total of <*> ddr error(s) detected and corrected over <*> seconds,0.5342,"<*> ddr error(s) detected and corrected on rank 0, symbol <*> over <*> seconds",0.5186,49.88,162
523,0 microseconds spent in the rbs signal handler during 0 calls. 0 microseconds was the maximum time for a single instance of a correctable ddr.,exact,0 microseconds spent in the rbs signal handler during 0 calls. 0 microseconds was the maximum time for a single instance of a correctable ddr.,1.0,total of <*> ddr error(s) detected and corrected over <*> seconds,0.5342,"<*> ddr error(s) detected and corrected on rank 0, symbol <*> over <*> seconds",0.5186,49.39,162
524,"10736 total interrupts. 0 critical input interrupts. 0 microseconds total spent on critical input interrupts, 0 microseconds max time in a critical input interrupt.",partial,"<*> total interrupts. 0 critical input interrupts. 0 microseconds total spent on critical input interrupts, 0 microseconds max time in a critical input interrupt.",0.9827,critical input interrupt enable...0,0.6381,"critical input interrupt (unit=0x0b bit=0x17): warning for tree C1 wire, suppressing further interrupts of same type",0.529,49.48,162
525,0 microseconds spent in the rbs signal handler during 0 calls. 0 microseconds was the maximum time for a single instance of a correctable ddr.,exact,0 microseconds spent in the rbs signal handler during 0 calls. 0 microseconds was the maximum time for a single instance of a correctable ddr.,1.0,total of <*> ddr error(s) detected and corrected over <*> seconds,0.5342,"<*> ddr error(s) detected and corrected on rank 0, symbol <*> over <*> seconds",0.5186,49.57,162
526,0 microseconds spent in the rbs signal handler during 0 calls. 0 microseconds was the maximum time for a single instance of a correctable ddr.,exact,0 microseconds spent in the rbs signal handler during 0 calls. 0 microseconds was the maximum time for a single instance of a correctable ddr.,1.0,total of <*> ddr error(s) detected and corrected over <*> seconds,0.5342,"<*> ddr error(s) detected and corrected on rank 0, symbol <*> over <*> seconds",0.5186,50.21,162
527,0 microseconds spent in the rbs signal handler during 0 calls. 0 microseconds was the maximum time for a single instance of a correctable ddr.,exact,0 microseconds spent in the rbs signal handler during 0 calls. 0 microseconds was the maximum time for a single instance of a correctable ddr.,1.0,total of <*> ddr error(s) detected and corrected over <*> seconds,0.5342,"<*> ddr error(s) detected and corrected on rank 0, symbol <*> over <*> seconds",0.5186,49.52,162
528,"720 total interrupts. 0 critical input interrupts. 0 microseconds total spent on critical input interrupts, 0 microseconds max time in a critical input interrupt.",partial,"<*> total interrupts. 0 critical input interrupts. 0 microseconds total spent on critical input interrupts, 0 microseconds max time in a critical input interrupt.",0.9484,critical input interrupt enable...0,0.6501,"critical input interrupt (unit=0x0b bit=0x17): warning for tree C1 wire, suppressing further interrupts of same type",0.4986,49.4,162
529,"720 total interrupts. 0 critical input interrupts. 0 microseconds total spent on critical input interrupts, 0 microseconds max time in a critical input interrupt.",partial,"<*> total interrupts. 0 critical input interrupts. 0 microseconds total spent on critical input interrupts, 0 microseconds max time in a critical input interrupt.",0.9491,critical input interrupt enable...0,0.6501,"critical input interrupt (unit=0x0b bit=0x17): warning for tree C1 wire, suppressing further interrupts of same type",0.4986,49.31,162
530,"CE sym 27, at 0x00284720, mask 0x11",partial,CE sym <*> at <*> mask <*>,0.9485,"CE sym 27, at 0x11b3f3c0, mask <*>",0.9342,"CE sym 6, at <*> mask <*>",0.9312,48.51,162
531,"CE sym 9, at 0x0021d9c0, mask 0x20",partial,"CE sym 6, at <*> mask <*>",0.9626,CE sym <*> at <*> mask <*>,0.9264,"CE sym 5, at 0x0e37bbe0, mask <*>",0.9146,49.4,162
532,"CE sym 15, at 0x06a72120, mask 0x04",partial,"CE sym 16, at <*> mask <*>",0.9729,CE sym <*> at <*> mask <*>,0.9357,"CE sym 6, at <*> mask <*>",0.9331,49.03,162
533,"1 ddr error(s) detected and corrected on rank 0, symbol 24 over 335 seconds",partial,"<*> ddr error(s) detected and corrected on rank 0, symbol <*> over <*> seconds",0.9876,"1 ddr errors(s) detected and corrected on rank 0, symbol <*> bit <*>",0.8965,"<*> ddr errors(s) detected and corrected on rank 0, symbol <*> bit <*>",0.8794,48.66,162
534,"PrepareForService shutting down Node card(mLctn(R10-M1-N2), mCardSernum(203231503833343000000000594c31304b34323934303257), mLp(FF:F2:9F:16:E0:DA:00:0D:60:E9:1F:25), mIp(10.1.1.164), mType(4)) as part of Service Action 648",exact,PrepareForService shutting down <*> Action<*> 648,0.9952,Node card status: <*> ALERTs<*> <*> active.<*> <*> Mode<*> <*> Low.<*> <*> Select<*> <*> Temperature <*> MPGOOD<*> <*> is <*> The <*> volt rail is OK. The 1.5 volt rail is OK.,0.462,Node card is not fully functional,0.4152,55.53,162
535,"Kernel detected 35591540 integer alignment exceptions (35591533) iar 0x0023f108, dear 0x1feaa260 (35591534) iar 0x00265564, dear 0x1feaa1c0 (35591535) iar 0x00265574, dear 0x1feaa1e0 (35591536) iar 0x00265578, dear 0x1feaa200 (35591537) iar 0x00265588, dear 0x1feaa220 (35591538) iar 0x0026558c, dear 0x1feaa240 (35591539) iar 0x00265594, dear 0x1feaa260 (35591540) iar 0x00265598, dear 0x1feaa280",partial,Kernel detected <*> integer alignment exceptions <*> iar <*> dear <*> iar <*> dear <*> iar <*> dear <*> iar <*> dear <*> iar <*> dear <*> iar <*> dear <*> iar <*> dear <*> iar <*> dear <*>,0.9849,"1 ddr errors(s) detected and corrected on rank 0, symbol <*> bit <*>",0.5032,"<*> ddr errors(s) detected and corrected on rank 0, symbol <*> bit <*>",0.4931,63.8,162
536,1 tree receiver 1 in re-synch state event(s) (dcr 0x0185) detected over 244 seconds,partial,<*> tree receiver 1 in re-synch state event(s) (dcr <*> detected over <*> seconds,0.9854,<*> tree receiver 2 in re-synch state event(s) (dcr 0x019a) detected,0.9011,<*> torus sender z- retransmission error(s) (dcr 0x02f9) detected and corrected over <*> seconds,0.5204,50.0,162
537,"CE sym 27, at 0x1b70b860, mask 0x80",exact,"CE sym 27, at <*> mask <*>",1.0,CE sym <*> at <*> mask <*>,0.9233,"CE sym 30, at 0x1bd2b700, mask <*>",0.91,48.29,162
538,"CE sym 33, at 0x1ff2fc60, mask 0x04",partial,CE sym <*> at <*> mask <*>,0.9403,"CE sym 6, at <*> mask <*>",0.9077,"CE sym 5, at 0x0e37bbe0, mask <*>",0.8909,48.58,162
539,"CE sym 12, at 0x18e33e80, mask 0x04",partial,"CE sym 16, at <*> mask <*>",0.9638,"CE sym 6, at <*> mask <*>",0.9416,"CE sym 4, at <*> mask <*>",0.928,48.51,162
540,"CE sym 30, at 0x042358a0, mask 0x20",partial,CE sym <*> at <*> mask <*>,0.9652,"CE sym 5, at 0x0e37bbe0, mask <*>",0.9592,"CE sym 6, at <*> mask <*>",0.9339,48.35,162
541,"CE sym 11, at 0x06366640, mask 0x04",partial,"CE sym 6, at <*> mask <*>",0.9529,"CE sym 16, at <*> mask <*>",0.9366,CE sym <*> at <*> mask <*>,0.9249,48.63,162
542,"CE sym 19, at 0x057c7e00, mask 0x20",partial,CE sym <*> at <*> mask <*>,0.9528,"CE sym 6, at <*> mask <*>",0.9294,"CE sym 5, at 0x0e37bbe0, mask <*>",0.9291,48.34,162
543,"159 ddr error(s) detected and corrected on rank 0, symbol 29 over 2486 seconds",partial,"<*> ddr error(s) detected and corrected on rank 0, symbol <*> over <*> seconds",0.9601,"1 ddr errors(s) detected and corrected on rank 0, symbol <*> bit <*>",0.8473,"<*> ddr errors(s) detected and corrected on rank 0, symbol <*> bit <*>",0.8351,48.74,162
544,"CE sym 29, at 0x0ea9fd60, mask 0x40",partial,CE sym <*> at <*> mask <*>,0.9618,"CE sym 5, at 0x0e37bbe0, mask <*>",0.924,"CE sym 6, at <*> mask <*>",0.917,48.76,162
545,total of 1 ddr error(s) detected and corrected over 2487 seconds,partial,total of <*> ddr error(s) detected and corrected over <*> seconds,0.9833,total of <*> ddr error(s) detected and corrected,0.9215,total of 23 ddr error(s) detected and corrected,0.8571,49.39,162
546,minus normalized number..................0,exact,minus normalized number..................0,1.0,fraction rounded.........................0,0.4816,"problem state (0=sup,1=usr).......0",0.3713,48.68,162
547,Lustre mount FAILED : bglio617 : block_id : location,exact,Lustre mount FAILED : bglio<*> : block_id : location,0.9953,Lustre mount FAILED : bglio<*> : point /p/gb1,0.8651,"NFS Mount failed on bglio<*> slept 15 seconds, retrying (1)",0.5713,48.51,162
548,fraction rounded.........................0,exact,fraction rounded.........................0,1.0,minus normalized number..................0,0.4816,fpr29=0xffffffff ffffffff ffffffff ffffffff,0.2877,49.09,162
549,Node card is not fully functional,exact,Node card is not fully functional,1.0,NodeCard is not fully functional,0.9363,Node card status: <*> ALERTs<*> <*> active.<*> <*> Mode<*> <*> Low.<*> <*> Select<*> <*> Temperature <*> MPGOOD<*> <*> is <*> The <*> volt rail is OK. The 1.5 volt rail is OK.,0.6052,48.1,162
550,"critical input interrupt (unit=0x0b bit=0x17): warning for tree C1 wire, suppressing further interrupts of same type",exact,"critical input interrupt (unit=0x0b bit=0x17): warning for tree C1 wire, suppressing further interrupts of same type",1.0,critical input interrupt (unit=0x0b bit<*> warning for torus <*> wire<*> suppressing further interrupts of same type,0.7352,critical input interrupt enable...0,0.6291,49.2,162
551,size of scratchpad portion of L3.........0 (0M),exact,size of scratchpad portion of L3.........0 (0M),1.0,"CE sym 3, at 0x0b19b8a0, mask <*>",0.3535,"CE sym 27, at 0x11b3f3c0, mask <*>",0.3375,48.88,162
552,"Kernel detected 3830884 integer alignment exceptions (3830877) iar 0x00544ea8, dear 0x01fc1ba0 (3830878) iar 0x00544eb8, dear 0x01fc1bc0 (3830879) iar 0x00544ea8, dear 0x01fc1be0 (3830880) iar 0x00544eb8, dear 0x01fc1c00 (3830881) iar 0x00544ee0, dear 0x01fc1c20 (3830882) iar 0x00544ef0, dear 0x01fc1c40 (3830883) iar 0x00544ee0, dear 0x01fc1c60 (3830884) iar 0x00544ef0, dear 0x01fc1c80",exact,Kernel detected <*> integer alignment exceptions <*> iar <*> dear <*> iar <*> dear <*> iar <*> dear <*> iar <*> dear <*> iar <*> dear <*> iar <*> dear <*> iar <*> dear <*> iar <*> dear <*>,0.9904,exception syndrome register: <*>,0.4896,"1 ddr errors(s) detected and corrected on rank 0, symbol <*> bit <*>",0.4886,64.8,162
553,"Kernel detected 3853444 integer alignment exceptions (3853437) iar 0x00544ea8, dear 0x01ef5e20 (3853438) iar 0x00544eb8, dear 0x01ef5e40 (3853439) iar 0x00544ea8, dear 0x01ef5e60 (3853440) iar 0x00544eb8, dear 0x01ef5e80 (3853441) iar 0x00544ee0, dear 0x01ef5ea0 (3853442) iar 0x00544ef0, dear 0x01ef5ec0 (3853443) iar 0x00544ee0, dear 0x01ef5ee0 (3853444) iar 0x00544ef0, dear 0x01ef5f00",partial,Kernel detected <*> integer alignment exceptions <*> iar <*> dear <*> iar <*> dear <*> iar <*> dear <*> iar <*> dear <*> iar <*> dear <*> iar <*> dear <*> iar <*> dear <*> iar <*> dear <*>,0.9446,<*> floating point alignment exceptions,0.4996,exception syndrome register: <*>,0.4788,61.92,162
554,"Kernel detected 3747792 integer alignment exceptions (3747785) iar 0x00544ea8, dear 0x01fc9220 (3747786) iar 0x00544eb8, dear 0x01fc9240 (3747787) iar 0x00544ea8, dear 0x01fc9260 (3747788) iar 0x00544eb8, dear 0x01fc9280 (3747789) iar 0x00544ee0, dear 0x01fc92a0 (3747790) iar 0x00544ef0, dear 0x01fc92c0 (3747791) iar 0x00544ee0, dear 0x01fc92e0 (3747792) iar 0x00544ef0, dear 0x01fc9300",exact,Kernel detected <*> integer alignment exceptions <*> iar <*> dear <*> iar <*> dear <*> iar <*> dear <*> iar <*> dear <*> iar <*> dear <*> iar <*> dear <*> iar <*> dear <*> iar <*> dear <*>,0.9935,exception syndrome register: <*>,0.4795,"1 ddr errors(s) detected and corrected on rank 0, symbol <*> bit <*>",0.4771,64.34,162
555,"Kernel detected 3946290 integer alignment exceptions (3946283) iar 0x00544ea8, dear 0x01ef6080 (3946284) iar 0x00544eb8, dear 0x01ef60a0 (3946285) iar 0x00544ea8, dear 0x01ef60c0 (3946286) iar 0x00544eb8, dear 0x01ef60e0 (3946287) iar 0x00544ee0, dear 0x01ef6100 (3946288) iar 0x00544ef0, dear 0x01ef6120 (3946289) iar 0x00544ee0, dear 0x01ef6140 (3946290) iar 0x00544ef0, dear 0x01ef6160",exact,Kernel detected <*> integer alignment exceptions <*> iar <*> dear <*> iar <*> dear <*> iar <*> dear <*> iar <*> dear <*> iar <*> dear <*> iar <*> dear <*> iar <*> dear <*> iar <*> dear <*>,0.9933,"1 ddr errors(s) detected and corrected on rank 0, symbol <*> bit <*>",0.4993,exception syndrome register: <*>,0.4982,62.85,162
556,"Kernel detected 4909176 integer alignment exceptions (4909169) iar 0x00544ea8, dear 0x01fc8a40 (4909170) iar 0x00544eb8, dear 0x01fc8a60 (4909171) iar 0x00544ea8, dear 0x01fc8a80 (4909172) iar 0x00544eb8, dear 0x01fc8aa0 (4909173) iar 0x00544ee0, dear 0x01fc8ac0 (4909174) iar 0x00544ef0, dear 0x01fc8ae0 (4909175) iar 0x00544ee0, dear 0x01fc8b00 (4909176) iar 0x00544ef0, dear 0x01fc8b20",partial,Kernel detected <*> integer alignment exceptions <*> iar <*> dear <*> iar <*> dear <*> iar <*> dear <*> iar <*> dear <*> iar <*> dear <*> iar <*> dear <*> iar <*> dear <*> iar <*> dear <*>,0.9887,exception syndrome register: <*>,0.4886,"1 ddr errors(s) detected and corrected on rank 0, symbol <*> bit <*>",0.4777,62.88,162
557,"Kernel detected 4898338 integer alignment exceptions (4898331) iar 0x00544ea8, dear 0x049e75e0 (4898332) iar 0x00544eb8, dear 0x049e7600 (4898333) iar 0x00544ea8, dear 0x049e7620 (4898334) iar 0x00544eb8, dear 0x049e7640 (4898335) iar 0x00544ee0, dear 0x049e7660 (4898336) iar 0x00544ef0, dear 0x049e7680 (4898337) iar 0x00544ee0, dear 0x049e76a0 (4898338) iar 0x00544ef0, dear 0x049e76c0",partial,Kernel detected <*> integer alignment exceptions <*> iar <*> dear <*> iar <*> dear <*> iar <*> dear <*> iar <*> dear <*> iar <*> dear <*> iar <*> dear <*> iar <*> dear <*> iar <*> dear <*>,0.9881,exception syndrome register: <*>,0.4713,"1 ddr errors(s) detected and corrected on rank 0, symbol <*> bit <*>",0.4704,65.35,162
558,"Kernel detected 3945740 integer alignment exceptions (3945733) iar 0x00544ea8, dear 0x01ef7960 (3945734) iar 0x00544eb8, dear 0x01ef7980 (3945735) iar 0x00544ea8, dear 0x01ef79a0 (3945736) iar 0x00544eb8, dear 0x01ef79c0 (3945737) iar 0x00544ee0, dear 0x01ef79e0 (3945738) iar 0x00544ef0, dear 0x01ef7a00 (3945739) iar 0x00544ee0, dear 0x01ef7a20 (3945740) iar 0x00544ef0, dear 0x01ef7a40",exact,Kernel detected <*> integer alignment exceptions <*> iar <*> dear <*> iar <*> dear <*> iar <*> dear <*> iar <*> dear <*> iar <*> dear <*> iar <*> dear <*> iar <*> dear <*> iar <*> dear <*>,0.9961,"1 ddr errors(s) detected and corrected on rank 0, symbol <*> bit <*>",0.4757,"<*> ddr errors(s) detected and corrected on rank 0, symbol <*> bit <*>",0.4701,63.38,162
559,"Kernel detected 3486044 integer alignment exceptions (3486037) iar 0x00544ea8, dear 0x01ef7c60 (3486038) iar 0x00544eb8, dear 0x01ef7c80 (3486039) iar 0x00544ea8, dear 0x01ef7ca0 (3486040) iar 0x00544eb8, dear 0x01ef7cc0 (3486041) iar 0x00544ee0, dear 0x01ef7ce0 (3486042) iar 0x00544ef0, dear 0x01ef7d00 (3486043) iar 0x00544ee0, dear 0x01ef7d20 (3486044) iar 0x00544ef0, dear 0x01ef7d40",exact,Kernel detected <*> integer alignment exceptions <*> iar <*> dear <*> iar <*> dear <*> iar <*> dear <*> iar <*> dear <*> iar <*> dear <*> iar <*> dear <*> iar <*> dear <*> iar <*> dear <*>,0.9916,"1 ddr errors(s) detected and corrected on rank 0, symbol <*> bit <*>",0.4922,"<*> ddr errors(s) detected and corrected on rank 0, symbol <*> bit <*>",0.4871,62.85,162
560,"ciod: Error loading /g/g90/glosli/src/ddcMD/ddcMD1.1.17/bin/ddcMDbglV: invalid or missing program image, No such file or directory",partial,"ciod: Error loading ./runtime_malloc: invalid or missing program image, No such file or directory",0.9383,ciod: generated 128 core files for program <*>,0.7194,"ciod: Error loading <*> invalid or missing program image, No such file or directory",0.6322,51.46,162
561,"ciod: Error loading /g/g90/glosli/src/ddcMD/ddcMD1.1.17/bin/ddcMDbglV: invalid or missing program image, No such file or directory",partial,"ciod: Error loading ./runtime_malloc: invalid or missing program image, No such file or directory",0.951,ciod: generated 128 core files for program <*>,0.7194,"ciod: Error loading <*> invalid or missing program image, No such file or directory",0.6322,50.69,162
562,"1 ddr error(s) detected and corrected on rank 0, symbol 9 over 986 seconds",partial,"<*> ddr error(s) detected and corrected on rank 0, symbol <*> over <*> seconds",0.9541,"1 ddr errors(s) detected and corrected on rank 0, symbol <*> bit <*>",0.8819,"<*> ddr errors(s) detected and corrected on rank 0, symbol <*> bit <*>",0.8529,48.89,162
563,total of 5 ddr error(s) detected and corrected over 9108 seconds,partial,total of <*> ddr error(s) detected and corrected over <*> seconds,0.9711,total of <*> ddr error(s) detected and corrected,0.8878,total of 23 ddr error(s) detected and corrected,0.8427,48.58,162
564,"ciod: Error loading /p/gb1/stella/SPPM/1322/sppm_DD: invalid or missing program image, Permission denied",exact,"ciod: Error loading /p/gb1/stella/SPPM/1322/sppm_DD: invalid or missing program image, Permission denied",1.0,"ciod: Error loading <*> invalid or missing program image, Permission denied",0.8167,"ciod: Error loading /bgl/apps/SWL/stability/NEWS05/news05_DD: invalid or missing program image, Permission denied",0.7363,49.14,162
565,"ciod: Error loading /bgl/apps/SWL/stability/MDCASK/WORK/1383/inferno: invalid or missing program image, Permission denied",exact,"ciod: Error loading /bgl/apps/SWL/stability/MDCASK/WORK/1383/inferno: invalid or missing program image, Permission denied",1.0,"ciod: Error loading /bgl/apps/scaletest/stability/MDCASK/WORK/65576/inferno: invalid or missing program image, No such file or directory",0.8648,"ciod: Error loading /bgl/apps/SWL/stability/NEWS05/news05_DD: invalid or missing program image, Permission denied",0.8325,49.79,162
566,"ciod: Error loading /p/gb1/stella/UMT2K/1372/umt2k_DD: invalid or missing program image, Permission denied",exact,"ciod: Error loading <*> invalid or missing program image, Permission denied",0.9989,"ciod: Error loading /p/gb1/stella/SPPM/1322/sppm_DD: invalid or missing program image, Permission denied",0.8173,"ciod: Error loading /bgl/apps/SWL/stability/NEWS05/news05_DD: invalid or missing program image, Permission denied",0.7316,49.49,162
567,"ciod: Error loading /bgl/apps/SWL/stability/NEWS05/news05_DD: invalid or missing program image, Permission denied",exact,"ciod: Error loading /bgl/apps/SWL/stability/NEWS05/news05_DD: invalid or missing program image, Permission denied",1.0,"ciod: Error loading /bgl/apps/SWL/stability/MDCASK/WORK/1383/inferno: invalid or missing program image, Permission denied",0.8325,"ciod: Error loading <*> invalid or missing program image, No such file or directory",0.791,49.18,162
568,"ciod: Error loading /p/gb1/stella/UMT2K/1325/umt2k_DD: invalid or missing program image, Permission denied",exact,"ciod: Error loading <*> invalid or missing program image, Permission denied",0.999,"ciod: Error loading /p/gb1/stella/SPPM/1322/sppm_DD: invalid or missing program image, Permission denied",0.8155,"ciod: Error loading /bgl/apps/SWL/stability/NEWS05/news05_DD: invalid or missing program image, Permission denied",0.7233,49.71,162
569,"ciod: Error loading /p/gb1/stella/UMT2K/1369/umt2k_DD: invalid or missing program image, Permission denied",exact,"ciod: Error loading <*> invalid or missing program image, Permission denied",0.9991,"ciod: Error loading /p/gb1/stella/SPPM/1322/sppm_DD: invalid or missing program image, Permission denied",0.8151,"ciod: Error loading /bgl/apps/SWL/stability/NEWS05/news05_DD: invalid or missing program image, Permission denied",0.7245,49.36,162
570,"ciod: Error loading /bgl/apps/SWL/stability/HPL/WORK/1498./hpl_DD: invalid or missing program image, No such file or directory",exact,"ciod: Error loading <*> invalid or missing program image, No such file or directory",0.9989,"ciod: Error loading /bgl/apps/SWL/stability/NEWS05/news05_DD: invalid or missing program image, Permission denied",0.7913,"ciod: Error loading /home/spelce1/HPCC_IBM/Urgent/COP/64K/hpcc-1.0.0.102905_opt_essl_cpm: invalid or missing program image, Permission denied",0.7268,49.84,162
571,"ciod: Error loading /bgl/apps/SWL/stability/HPL/WORK/1501./hpl_DD: invalid or missing program image, No such file or directory",exact,"ciod: Error loading <*> invalid or missing program image, No such file or directory",0.9985,"ciod: Error loading /bgl/apps/SWL/stability/NEWS05/news05_DD: invalid or missing program image, Permission denied",0.789,"ciod: Error loading /home/spelce1/HPCC_IBM/Urgent/COP/64K/hpcc-1.0.0.102905_opt_essl_cpm: invalid or missing program image, Permission denied",0.721,49.77,162
572,"28 ddr error(s) detected and corrected on rank 0, symbol 21 over 11562 seconds",partial,"<*> ddr error(s) detected and corrected on rank 0, symbol <*> over <*> seconds",0.969,"1 ddr errors(s) detected and corrected on rank 0, symbol <*> bit <*>",0.872,"<*> ddr errors(s) detected and corrected on rank 0, symbol <*> bit <*>",0.8481,48.67,162
573,ciod: LOGIN chdir(/p/gb1/stella/RAPTOR/2183) failed: Input/output error,exact,ciod: LOGIN chdir(/p/gb1/stella/RAPTOR/2183) failed: Input/output error,1.0,ciod: LOGIN chdir(pwd) failed: No such file or directory,0.8214,ciod: LOGIN chdir(/p/bg1/da) failed: No such file or directory,0.7999,49.23,162
574,"ciod: Error reading message prefix on CioStream socket to 172.16.96.116:55929, Link has been severed",partial,ciod: Error reading message prefix <*> socket<*> <*> has<*> <*> been severed,0.9896,ciod: Error reading message prefix on CioStream socket to <*> Connection <*> peer,0.911,ciod: failed to read message prefix on control stream (CioStream socket to <*>,0.8819,48.99,162
575,"ciod: Error reading message prefix on CioStream socket to 172.16.96.116:56170, Link has been severed",partial,ciod: Error reading message prefix <*> socket<*> <*> has<*> <*> been severed,0.9887,ciod: Error reading message prefix on CioStream socket to <*> Connection <*> peer,0.9138,ciod: failed to read message prefix on control stream (CioStream socket to <*>,0.882,49.15,162
576,"2 ddr error(s) detected and corrected on rank 0, symbol 28 over 3365 seconds",partial,"<*> ddr error(s) detected and corrected on rank 0, symbol <*> over <*> seconds",0.9814,"1 ddr errors(s) detected and corrected on rank 0, symbol <*> bit <*>",0.8826,"<*> ddr errors(s) detected and corrected on rank 0, symbol <*> bit <*>",0.8733,48.74,162
577,"ciod: Error loading /g/g0/spelce1/Tuned/SPaSM-base/rundir/SPaSM.baseline: invalid or missing program image, Permission denied",partial,"ciod: Error loading /g/g0/spelce1/Tuned/SPaSM-base/rundir/SPaSM.baseline: invalid or missing program image, Permission denied",0.9334,"ciod: Error loading /bgl/apps/SWL/stability/NEWS05/news05_DD: invalid or missing program image, Permission denied",0.6611,"ciod: Error loading /p/gb1/stella/SPPM/1322/sppm_DD: invalid or missing program image, Permission denied",0.6601,50.03,162
578,"critical input interrupt (unit=0x0b bit=0x0a): warning for torus z+ wire, suppressing further interrupts of same type",partial,critical input interrupt (unit=0x0b bit<*> warning for torus <*> wire<*> suppressing further interrupts of same type,0.9866,"critical input interrupt (unit=0x0b bit=0x17): warning for tree C1 wire, suppressing further interrupts of same type",0.7581,critical input interrupt enable...0,0.6299,49.54,162
579,"2 ddr error(s) detected and corrected on rank 0, symbol 34 over 2738 seconds",partial,"<*> ddr error(s) detected and corrected on rank 0, symbol <*> over <*> seconds",0.9729,"1 ddr errors(s) detected and corrected on rank 0, symbol <*> bit <*>",0.8822,"<*> ddr errors(s) detected and corrected on rank 0, symbol <*> bit <*>",0.8709,48.79,162
580,"5 ddr error(s) detected and corrected on rank 0, symbol 28 over 2946 seconds",partial,"<*> ddr error(s) detected and corrected on rank 0, symbol <*> over <*> seconds",0.9716,"1 ddr errors(s) detected and corrected on rank 0, symbol <*> bit <*>",0.8808,"<*> ddr errors(s) detected and corrected on rank 0, symbol <*> bit <*>",0.8523,48.41,162
581,"ciod: Error reading message prefix on CioStream socket to 172.16.96.116:49934, Link has been severed",partial,ciod: Error reading message prefix <*> socket<*> <*> has<*> <*> been severed,0.9898,ciod: Error reading message prefix on CioStream socket to <*> Connection <*> peer,0.9094,ciod: failed to read message prefix on control stream (CioStream socket to <*>,0.881,48.91,162
582,"ciod: Error reading message prefix on CioStream socket to 172.16.96.116:50288, Link has been severed",partial,ciod: Error reading message prefix <*> socket<*> <*> has<*> <*> been severed,0.9894,ciod: Error reading message prefix on CioStream socket to <*> Connection <*> peer,0.9123,ciod: failed to read message prefix on control stream (CioStream socket to <*>,0.8805,48.91,162
583,total of 20 ddr error(s) detected and corrected over 22070 seconds,partial,total of <*> ddr error(s) detected and corrected over <*> seconds,0.9739,total of <*> ddr error(s) detected and corrected,0.899,total of 23 ddr error(s) detected and corrected,0.874,48.87,162
584,ciod: pollControlDescriptors: Detected the debugger died.,exact,ciod: pollControlDescriptors: Detected the debugger died.,1.0,ciod: Message code 0 is not 51 or <*>,0.4819,ciod: cpu 0 at treeaddr 438 sent unrecognized message <*>,0.4817,48.39,162
585,2 L3 EDRAM error(s) (dcr 0x0157) detected and corrected over 282 seconds,partial,<*> L3 EDRAM error(s) (dcr <*> detected and corrected over 282 seconds,0.9826,total of <*> ddr error(s) detected and corrected over <*> seconds,0.6656,"<*> ddr error(s) detected and corrected on rank 0, symbol <*> over <*> seconds",0.6248,49.1,162
586,total of 3 ddr error(s) detected and corrected over 8732 seconds,partial,total of <*> ddr error(s) detected and corrected over <*> seconds,0.9692,total of <*> ddr error(s) detected and corrected,0.9088,total of 23 ddr error(s) detected and corrected,0.8513,48.69,162
587,ciod: pollControlDescriptors: Detected the debugger died.,exact,ciod: pollControlDescriptors: Detected the debugger died.,1.0,ciod: Message code 0 is not 51 or <*>,0.4819,ciod: cpu 0 at treeaddr 438 sent unrecognized message <*>,0.4817,48.56,162
588,ciod: generated 128 core files for program /g/g24/germann2/SPaSM_static/SPaSM_mpi,partial,ciod: generated 128 core files for program /g/g20/valone1/SPaSM-shock/SPaSM_mpi,0.9743,ciod: generated 128 core files for program /g/g24/germann2/SPaSM_mini/MEAM/r13,0.8915,ciod: generated 64 core files for program IMB-MPI1.2MB_perf,0.6921,48.98,162
589,"ciod: Error loading /g/g24/buber/Yunsic/BlueGene/partad.develf/taddriver.32.exe: program image too big, 361544528 > 266076160",exact,"ciod: Error loading /g/g24/buber/Yunsic/BlueGene/partad.develf/taddriver.32.exe: program image too big, <*> > <*>",1.0,"ciod: Error loading allreduce_int_V1R1.rts: invalid or missing program image, No such file or directory",0.6298,"ciod: Error loading /bgl/apps/scaletest/performance/MINIBEN/mb_243_0810/allreduce.rts: invalid or missing program image, Exec format error",0.606,50.72,162
590,fpr29=0xffffffff ffffffff ffffffff ffffffff,exact,fpr29=0xffffffff ffffffff ffffffff ffffffff,1.0,r24=0x0ffea4c8 <*> r27=0xffffd000,0.5458,<*> dbsr=0x00000000 <*>,0.4587,49.43,162
591,Machine State Register: 0x0002f900,exact,<*>,0.9942,core configuration register: <*>,0.7103,exception syndrome register: <*>,0.6166,48.69,162
592,instruction cache parity error corrected,exact,instruction cache parity error corrected,1.0,data cache search parity error detected. attempting to correct,0.6844,guaranteed instruction cache block touch.0,0.5029,48.25,162
593,instruction cache parity error corrected,exact,instruction cache parity error corrected,1.0,data cache search parity error detected. attempting to correct,0.6844,guaranteed instruction cache block touch.0,0.5029,47.94,162
594,instruction cache parity error corrected,exact,instruction cache parity error corrected,1.0,data cache search parity error detected. attempting to correct,0.6844,guaranteed instruction cache block touch.0,0.5029,47.99,162
595,instruction cache parity error corrected,exact,instruction cache parity error corrected,1.0,data cache search parity error detected. attempting to correct,0.6844,guaranteed instruction cache block touch.0,0.5029,47.86,162
596,instruction cache parity error corrected,exact,instruction cache parity error corrected,1.0,data cache search parity error detected. attempting to correct,0.6844,guaranteed instruction cache block touch.0,0.5029,48.03,162
597,instruction cache parity error corrected,exact,instruction cache parity error corrected,1.0,data cache search parity error detected. attempting to correct,0.6844,guaranteed instruction cache block touch.0,0.5029,48.27,162
598,instruction cache parity error corrected,exact,instruction cache parity error corrected,1.0,data cache search parity error detected. attempting to correct,0.6844,guaranteed instruction cache block touch.0,0.5029,48.41,162
599,instruction cache parity error corrected,exact,instruction cache parity error corrected,1.0,data cache search parity error detected. attempting to correct,0.6844,guaranteed instruction cache block touch.0,0.5029,48.21,162
600,ciod: generated 128 core files for program /g/g24/germann2/SPaSM_mini/MEAM/r13,exact,ciod: generated 128 core files for program /g/g24/germann2/SPaSM_mini/MEAM/r13,1.0,ciod: generated 128 core files for program /g/g20/valone1/SPaSM-shock/SPaSM_mpi,0.8761,ciod: generated 128 core files for program <*>,0.7178,49.15,162
