log_id,normalised,match_type,top1_template,top1_score,top2_template,top2_score,top3_template,top3_score,latency_ms,store_size
1,Deleting block <*> file /mnt/hadoop/dfs/data/current/subdir62/<*>,partial,Deleting block blk_<*> file <*>,0.9665,Deleting block blk_<*> file /mnt/hadoop/dfs/data/current/<*>,0.921,BLOCK* NameSystem.allocateBlock: <*> blk_<*>,0.4631,24.11,17
2,Deleting block <*> file /mnt/hadoop/dfs/data/current/subdir30/<*>,partial,Deleting block blk_<*> file <*>,0.9787,Deleting block blk_<*> file /mnt/hadoop/dfs/data/current/<*>,0.9325,BLOCK* NameSystem.allocateBlock: <*> blk_<*>,0.4601,12.75,17
3,Deleting block <*> file /mnt/hadoop/dfs/data/current/subdir18/<*>,partial,Deleting block blk_<*> file <*>,0.9857,Deleting block blk_<*> file /mnt/hadoop/dfs/data/current/<*>,0.9476,BLOCK* NameSystem.delete: blk_<*> is added to invalidSet of <*>,0.4649,11.44,17
4,Deleting block <*> file /mnt/hadoop/dfs/data/current/subdir44/<*>,partial,Deleting block blk_<*> file <*>,0.9883,Deleting block blk_<*> file /mnt/hadoop/dfs/data/current/<*>,0.9495,BLOCK* NameSystem.delete: blk_<*> is added to invalidSet of <*>,0.4529,11.4,17
5,Deleting block <*> file /mnt/hadoop/dfs/data/current/subdir29/<*>,exact,Deleting block blk_<*> file <*>,0.9927,Deleting block blk_<*> file /mnt/hadoop/dfs/data/current/<*>,0.9513,BLOCK* NameSystem.allocateBlock: <*> blk_<*>,0.4649,11.31,17
6,Deleting block <*> file /mnt/hadoop/dfs/data/current/<*>,exact,Deleting block blk_<*> file /mnt/hadoop/dfs/data/current/<*>,1.0,Deleting block blk_<*> file <*>,0.9547,BLOCK* NameSystem.delete: blk_<*> is added to invalidSet of <*>,0.4877,11.3,17
7,Deleting block <*> file /mnt/hadoop/dfs/data/current/subdir31/<*>,partial,Deleting block blk_<*> file <*>,0.9706,Deleting block blk_<*> file /mnt/hadoop/dfs/data/current/<*>,0.9205,BLOCK* NameSystem.allocateBlock: <*> blk_<*>,0.4665,11.22,17
8,Receiving block <*> src: /<*> dest: /<*>,exact,Receiving block blk_<*> src: /<*> dest: /<*>,1.0,Received block blk_<*> src: /<*> dest: /<*> of size <*>,0.8091,<*> Served block blk_<*> to /<*>,0.6183,11.14,17
9,Deleting block <*> file /mnt/hadoop/dfs/data/current/subdir15/<*>,partial,Deleting block blk_<*> file <*>,0.9781,Deleting block blk_<*> file /mnt/hadoop/dfs/data/current/<*>,0.9306,BLOCK* NameSystem.delete: blk_<*> is added to invalidSet of <*>,0.4408,11.5,17
10,Deleting block <*> file /mnt/hadoop/dfs/data/current/subdir42/<*>,partial,Deleting block blk_<*> file <*>,0.9853,Deleting block blk_<*> file /mnt/hadoop/dfs/data/current/<*>,0.9427,BLOCK* NameSystem.delete: blk_<*> is added to invalidSet of <*>,0.4718,11.19,17
11,Deleting block <*> file /mnt/hadoop/dfs/data/current/<*>,exact,Deleting block blk_<*> file /mnt/hadoop/dfs/data/current/<*>,1.0,Deleting block blk_<*> file <*>,0.9547,BLOCK* NameSystem.delete: blk_<*> is added to invalidSet of <*>,0.4877,10.97,17
12,Deleting block <*> file /mnt/hadoop/dfs/data/current/subdir19/<*>,partial,Deleting block blk_<*> file <*>,0.9845,Deleting block blk_<*> file /mnt/hadoop/dfs/data/current/<*>,0.9401,BLOCK* NameSystem.delete: blk_<*> is added to invalidSet of <*>,0.4525,11.21,17
13,Deleting block <*> file /mnt/hadoop/dfs/data/current/subdir19/<*>,partial,Deleting block blk_<*> file <*>,0.9847,Deleting block blk_<*> file /mnt/hadoop/dfs/data/current/<*>,0.9401,BLOCK* NameSystem.delete: blk_<*> is added to invalidSet of <*>,0.4525,11.32,17
14,Deleting block <*> file /mnt/hadoop/dfs/data/current/subdir48/<*>,partial,Deleting block blk_<*> file <*>,0.9832,Deleting block blk_<*> file /mnt/hadoop/dfs/data/current/<*>,0.9331,BLOCK* NameSystem.allocateBlock: <*> blk_<*>,0.468,11.34,17
15,Deleting block <*> file /mnt/hadoop/dfs/data/current/<*>,exact,Deleting block blk_<*> file /mnt/hadoop/dfs/data/current/<*>,1.0,Deleting block blk_<*> file <*>,0.9547,BLOCK* NameSystem.delete: blk_<*> is added to invalidSet of <*>,0.4877,10.99,17
16,Deleting block <*> file /mnt/hadoop/dfs/data/current/subdir36/<*>,partial,Deleting block blk_<*> file <*>,0.9878,Deleting block blk_<*> file /mnt/hadoop/dfs/data/current/<*>,0.941,BLOCK* NameSystem.delete: blk_<*> is added to invalidSet of <*>,0.4612,11.4,17
17,Receiving block <*> src: /<*> dest: /<*>,exact,Receiving block blk_<*> src: /<*> dest: /<*>,1.0,Received block blk_<*> src: /<*> dest: /<*> of size <*>,0.8091,<*> Served block blk_<*> to /<*>,0.6183,11.31,17
18,Deleting block <*> file /mnt/hadoop/dfs/data/current/subdir40/<*>,partial,Deleting block blk_<*> file <*>,0.9701,Deleting block blk_<*> file /mnt/hadoop/dfs/data/current/<*>,0.9218,BLOCK* NameSystem.allocateBlock: <*> blk_<*>,0.4717,11.58,17
19,Deleting block <*> file /mnt/hadoop/dfs/data/current/subdir16/<*>,partial,Deleting block blk_<*> file <*>,0.9741,Deleting block blk_<*> file /mnt/hadoop/dfs/data/current/<*>,0.9276,BLOCK* NameSystem.delete: blk_<*> is added to invalidSet of <*>,0.4597,11.37,17
20,BLOCK* NameSystem.addStoredBlock: blockMap updated: <*> is added to <*> size 67108864,exact,BLOCK* NameSystem.addStoredBlock: blockMap updated: <*> is added to blk_<*> size <*>,0.9997,BLOCK* NameSystem.allocateBlock: <*> blk_<*>,0.5927,BLOCK* NameSystem.delete: blk_<*> is added to invalidSet of <*>,0.591,11.3,17
21,BLOCK* NameSystem.addStoredBlock: blockMap updated: <*> is added to <*> size 67108864,exact,BLOCK* NameSystem.addStoredBlock: blockMap updated: <*> is added to blk_<*> size <*>,0.9997,BLOCK* NameSystem.allocateBlock: <*> blk_<*>,0.5927,BLOCK* NameSystem.delete: blk_<*> is added to invalidSet of <*>,0.591,11.34,17
22,Receiving block <*> src: /<*> dest: /<*>,exact,Receiving block blk_<*> src: /<*> dest: /<*>,1.0,Received block blk_<*> src: /<*> dest: /<*> of size <*>,0.8091,<*> Served block blk_<*> to /<*>,0.6183,10.69,17
23,Received block <*> of size 67108864 from /<*>,exact,Received block blk_<*> of size <*> from /<*>,0.9998,Received block blk_<*> src: /<*> dest: /<*> of size <*>,0.8363,Receiving block blk_<*> src: /<*> dest: /<*>,0.6058,10.97,17
24,PacketResponder 2 for block <*> terminating,partial,PacketResponder <*> for block blk_<*> terminating,0.9873,Receiving block blk_<*> src: /<*> dest: /<*>,0.4165,<*> Served block blk_<*> to /<*>,0.3888,10.7,17
25,BLOCK* NameSystem.addStoredBlock: blockMap updated: <*> is added to <*> size 67108864,exact,BLOCK* NameSystem.addStoredBlock: blockMap updated: <*> is added to blk_<*> size <*>,0.9997,BLOCK* NameSystem.allocateBlock: <*> blk_<*>,0.5927,BLOCK* NameSystem.delete: blk_<*> is added to invalidSet of <*>,0.591,11.56,17
26,Receiving block <*> src: /<*> dest: /<*>,exact,Receiving block blk_<*> src: /<*> dest: /<*>,1.0,Received block blk_<*> src: /<*> dest: /<*> of size <*>,0.8091,<*> Served block blk_<*> to /<*>,0.6183,10.76,17
27,BLOCK* NameSystem.allocateBlock: /user/root/rand5/_temporary/_task_200811101024_0011_m_000040_0/part-00040. <*>,exact,BLOCK* NameSystem.allocateBlock: <*> blk_<*>,0.9974,BLOCK* NameSystem.addStoredBlock: blockMap updated: <*> is added to blk_<*> size <*>,0.5926,BLOCK* NameSystem.delete: blk_<*> is added to invalidSet of <*>,0.5664,12.78,17
28,BLOCK* NameSystem.addStoredBlock: blockMap updated: <*> is added to <*> size 67108864,exact,BLOCK* NameSystem.addStoredBlock: blockMap updated: <*> is added to blk_<*> size <*>,0.9998,BLOCK* NameSystem.allocateBlock: <*> blk_<*>,0.5928,BLOCK* NameSystem.delete: blk_<*> is added to invalidSet of <*>,0.591,11.78,17
29,BLOCK* NameSystem.addStoredBlock: blockMap updated: <*> is added to <*> size 67108864,exact,BLOCK* NameSystem.addStoredBlock: blockMap updated: <*> is added to blk_<*> size <*>,0.9998,BLOCK* NameSystem.allocateBlock: <*> blk_<*>,0.5928,BLOCK* NameSystem.delete: blk_<*> is added to invalidSet of <*>,0.591,11.81,17
30,Received block <*> of size 67108864 from /<*>,exact,Received block blk_<*> of size <*> from /<*>,0.9998,Received block blk_<*> src: /<*> dest: /<*> of size <*>,0.8363,Receiving block blk_<*> src: /<*> dest: /<*>,0.6058,11.41,17
31,PacketResponder 0 for block <*> terminating,partial,PacketResponder <*> for block blk_<*> terminating,0.9841,Receiving block blk_<*> src: /<*> dest: /<*>,0.4214,<*> Starting thread to transfer block blk_<*> to <*>,0.3798,10.7,17
32,Receiving block <*> src: /<*> dest: /<*>,exact,Receiving block blk_<*> src: /<*> dest: /<*>,1.0,Received block blk_<*> src: /<*> dest: /<*> of size <*>,0.8091,<*> Served block blk_<*> to /<*>,0.6183,11.04,17
33,PacketResponder 2 for block <*> terminating,partial,PacketResponder <*> for block blk_<*> terminating,0.9874,Receiving block blk_<*> src: /<*> dest: /<*>,0.4165,<*> Served block blk_<*> to /<*>,0.3888,10.66,17
34,BLOCK* NameSystem.addStoredBlock: blockMap updated: <*> is added to <*> size 67108864,exact,BLOCK* NameSystem.addStoredBlock: blockMap updated: <*> is added to blk_<*> size <*>,0.9998,BLOCK* NameSystem.allocateBlock: <*> blk_<*>,0.5928,BLOCK* NameSystem.delete: blk_<*> is added to invalidSet of <*>,0.591,11.45,17
35,BLOCK* NameSystem.allocateBlock: /user/root/rand5/_temporary/_task_200811101024_0011_m_000541_0/part-00541. <*>,exact,BLOCK* NameSystem.allocateBlock: <*> blk_<*>,0.9974,BLOCK* NameSystem.addStoredBlock: blockMap updated: <*> is added to blk_<*> size <*>,0.5803,BLOCK* NameSystem.delete: blk_<*> is added to invalidSet of <*>,0.5548,13.09,17
36,Received block <*> of size 67108864 from /<*>,exact,Received block blk_<*> of size <*> from /<*>,0.9998,Received block blk_<*> src: /<*> dest: /<*> of size <*>,0.8363,Receiving block blk_<*> src: /<*> dest: /<*>,0.6058,11.11,17
37,Receiving block <*> src: /<*> dest: /<*>,exact,Receiving block blk_<*> src: /<*> dest: /<*>,1.0,Received block blk_<*> src: /<*> dest: /<*> of size <*>,0.8091,<*> Served block blk_<*> to /<*>,0.6183,10.9,17
38,BLOCK* NameSystem.addStoredBlock: blockMap updated: <*> is added to <*> size 67108864,exact,BLOCK* NameSystem.addStoredBlock: blockMap updated: <*> is added to blk_<*> size <*>,0.9998,BLOCK* NameSystem.allocateBlock: <*> blk_<*>,0.5927,BLOCK* NameSystem.delete: blk_<*> is added to invalidSet of <*>,0.591,11.77,17
39,Received block <*> src: /<*> dest: /<*> of size 67108864,exact,Received block blk_<*> src: /<*> dest: /<*> of size <*>,1.0,Received block blk_<*> of size <*> from /<*>,0.8388,Receiving block blk_<*> src: /<*> dest: /<*>,0.8091,11.84,17
40,BLOCK* NameSystem.addStoredBlock: blockMap updated: <*> is added to <*> size 67108864,exact,BLOCK* NameSystem.addStoredBlock: blockMap updated: <*> is added to blk_<*> size <*>,0.9998,BLOCK* NameSystem.allocateBlock: <*> blk_<*>,0.5927,BLOCK* NameSystem.delete: blk_<*> is added to invalidSet of <*>,0.591,12.14,17
41,Receiving block <*> src: /<*> dest: /<*>,exact,Receiving block blk_<*> src: /<*> dest: /<*>,1.0,Received block blk_<*> src: /<*> dest: /<*> of size <*>,0.8091,<*> Served block blk_<*> to /<*>,0.6183,11.45,17
42,BLOCK* NameSystem.addStoredBlock: blockMap updated: <*> is added to <*> size 67108864,exact,BLOCK* NameSystem.addStoredBlock: blockMap updated: <*> is added to blk_<*> size <*>,0.9998,BLOCK* NameSystem.allocateBlock: <*> blk_<*>,0.5927,BLOCK* NameSystem.delete: blk_<*> is added to invalidSet of <*>,0.591,11.77,17
43,Received block <*> of size 67108864 from /<*>,exact,Received block blk_<*> of size <*> from /<*>,0.9998,Received block blk_<*> src: /<*> dest: /<*> of size <*>,0.8363,Receiving block blk_<*> src: /<*> dest: /<*>,0.6058,11.15,17
44,PacketResponder 2 for block <*> terminating,partial,PacketResponder <*> for block blk_<*> terminating,0.9876,Receiving block blk_<*> src: /<*> dest: /<*>,0.4165,<*> Served block blk_<*> to /<*>,0.3888,11.02,17
45,BLOCK* NameSystem.addStoredBlock: blockMap updated: <*> is added to <*> size 67108864,exact,BLOCK* NameSystem.addStoredBlock: blockMap updated: <*> is added to blk_<*> size <*>,0.9998,BLOCK* NameSystem.allocateBlock: <*> blk_<*>,0.5927,BLOCK* NameSystem.delete: blk_<*> is added to invalidSet of <*>,0.591,11.31,17
46,Receiving block <*> src: /<*> dest: /<*>,exact,Receiving block blk_<*> src: /<*> dest: /<*>,1.0,Received block blk_<*> src: /<*> dest: /<*> of size <*>,0.8091,<*> Served block blk_<*> to /<*>,0.6183,10.65,17
47,Received block <*> of size 67108864 from /<*>,exact,Received block blk_<*> of size <*> from /<*>,0.9998,Received block blk_<*> src: /<*> dest: /<*> of size <*>,0.8363,Receiving block blk_<*> src: /<*> dest: /<*>,0.6058,11.06,17
48,BLOCK* NameSystem.addStoredBlock: blockMap updated: <*> is added to <*> size 67108864,exact,BLOCK* NameSystem.addStoredBlock: blockMap updated: <*> is added to blk_<*> size <*>,0.9998,BLOCK* NameSystem.allocateBlock: <*> blk_<*>,0.5927,BLOCK* NameSystem.delete: blk_<*> is added to invalidSet of <*>,0.591,11.7,17
49,Received block <*> of size 67108864 from /<*>,exact,Received block blk_<*> of size <*> from /<*>,0.9998,Received block blk_<*> src: /<*> dest: /<*> of size <*>,0.8363,Receiving block blk_<*> src: /<*> dest: /<*>,0.6058,12.96,17
50,PacketResponder 0 for block <*> terminating,partial,PacketResponder <*> for block blk_<*> terminating,0.984,Receiving block blk_<*> src: /<*> dest: /<*>,0.4214,<*> Starting thread to transfer block blk_<*> to <*>,0.3798,11.05,17
51,BLOCK* NameSystem.addStoredBlock: blockMap updated: <*> is added to <*> size 67108864,exact,BLOCK* NameSystem.addStoredBlock: blockMap updated: <*> is added to blk_<*> size <*>,0.9998,BLOCK* NameSystem.allocateBlock: <*> blk_<*>,0.5927,BLOCK* NameSystem.delete: blk_<*> is added to invalidSet of <*>,0.591,11.99,17
52,Receiving block <*> src: /<*> dest: /<*>,exact,Receiving block blk_<*> src: /<*> dest: /<*>,1.0,Received block blk_<*> src: /<*> dest: /<*> of size <*>,0.8091,<*> Served block blk_<*> to /<*>,0.6183,11.49,17
53,Receiving block <*> src: /<*> dest: /<*>,exact,Receiving block blk_<*> src: /<*> dest: /<*>,1.0,Received block blk_<*> src: /<*> dest: /<*> of size <*>,0.8091,<*> Served block blk_<*> to /<*>,0.6183,11.17,17
54,BLOCK* NameSystem.addStoredBlock: blockMap updated: <*> is added to <*> size 67108864,exact,BLOCK* NameSystem.addStoredBlock: blockMap updated: <*> is added to blk_<*> size <*>,0.9998,BLOCK* NameSystem.allocateBlock: <*> blk_<*>,0.5927,BLOCK* NameSystem.delete: blk_<*> is added to invalidSet of <*>,0.591,11.89,17
55,Received block <*> of size 67108864 from /<*>,exact,Received block blk_<*> of size <*> from /<*>,0.9998,Received block blk_<*> src: /<*> dest: /<*> of size <*>,0.8363,Receiving block blk_<*> src: /<*> dest: /<*>,0.6058,11.14,17
56,BLOCK* NameSystem.addStoredBlock: blockMap updated: <*> is added to <*> size 3546628,partial,BLOCK* NameSystem.addStoredBlock: blockMap updated: <*> is added to blk_<*> size <*>,0.99,BLOCK* NameSystem.delete: blk_<*> is added to invalidSet of <*>,0.5873,BLOCK* NameSystem.allocateBlock: <*> blk_<*>,0.5795,12.02,17
57,Received block <*> of size 67108864 from /<*>,exact,Received block blk_<*> of size <*> from /<*>,0.9998,Received block blk_<*> src: /<*> dest: /<*> of size <*>,0.8363,Receiving block blk_<*> src: /<*> dest: /<*>,0.6058,11.14,17
58,PacketResponder 2 for block <*> terminating,partial,PacketResponder <*> for block blk_<*> terminating,0.9876,Receiving block blk_<*> src: /<*> dest: /<*>,0.4165,<*> Served block blk_<*> to /<*>,0.3888,10.99,17
59,Received block <*> of size 67108864 from /<*>,exact,Received block blk_<*> of size <*> from /<*>,0.9998,Received block blk_<*> src: /<*> dest: /<*> of size <*>,0.8363,Receiving block blk_<*> src: /<*> dest: /<*>,0.6058,11.24,17
60,Receiving block <*> src: /<*> dest: /<*>,exact,Receiving block blk_<*> src: /<*> dest: /<*>,1.0,Received block blk_<*> src: /<*> dest: /<*> of size <*>,0.8091,<*> Served block blk_<*> to /<*>,0.6183,11.01,17
61,BLOCK* NameSystem.addStoredBlock: blockMap updated: <*> is added to <*> size 67108864,exact,BLOCK* NameSystem.addStoredBlock: blockMap updated: <*> is added to blk_<*> size <*>,0.9998,BLOCK* NameSystem.allocateBlock: <*> blk_<*>,0.5927,BLOCK* NameSystem.delete: blk_<*> is added to invalidSet of <*>,0.591,11.81,17
62,PacketResponder 2 for block <*> terminating,partial,PacketResponder <*> for block blk_<*> terminating,0.9878,Receiving block blk_<*> src: /<*> dest: /<*>,0.4165,<*> Served block blk_<*> to /<*>,0.3888,10.96,17
63,PacketResponder 0 for block <*> terminating,partial,PacketResponder <*> for block blk_<*> terminating,0.9839,Receiving block blk_<*> src: /<*> dest: /<*>,0.4214,<*> Starting thread to transfer block blk_<*> to <*>,0.3798,10.87,17
64,Receiving block <*> src: /<*> dest: /<*>,exact,Receiving block blk_<*> src: /<*> dest: /<*>,1.0,Received block blk_<*> src: /<*> dest: /<*> of size <*>,0.8091,<*> Served block blk_<*> to /<*>,0.6183,11.4,17
65,Receiving block <*> src: /<*> dest: /<*>,exact,Receiving block blk_<*> src: /<*> dest: /<*>,1.0,Received block blk_<*> src: /<*> dest: /<*> of size <*>,0.8091,<*> Served block blk_<*> to /<*>,0.6183,11.51,17
66,Receiving block <*> src: /<*> dest: /<*>,exact,Receiving block blk_<*> src: /<*> dest: /<*>,1.0,Received block blk_<*> src: /<*> dest: /<*> of size <*>,0.8091,<*> Served block blk_<*> to /<*>,0.6183,11.38,17
67,PacketResponder 2 for block <*> terminating,partial,PacketResponder <*> for block blk_<*> terminating,0.9879,Receiving block blk_<*> src: /<*> dest: /<*>,0.4165,<*> Served block blk_<*> to /<*>,0.3888,11.09,17
68,Received block <*> of size 67108864 from /<*>,exact,Received block blk_<*> of size <*> from /<*>,0.9998,Received block blk_<*> src: /<*> dest: /<*> of size <*>,0.8363,Receiving block blk_<*> src: /<*> dest: /<*>,0.6058,10.9,17
69,Received block <*> of size 67108864 from /<*>,exact,Received block blk_<*> of size <*> from /<*>,0.9998,Received block blk_<*> src: /<*> dest: /<*> of size <*>,0.8363,Receiving block blk_<*> src: /<*> dest: /<*>,0.6058,11.22,17
70,Received block <*> of size 67108864 from /<*>,exact,Received block blk_<*> of size <*> from /<*>,0.9998,Received block blk_<*> src: /<*> dest: /<*> of size <*>,0.8363,Receiving block blk_<*> src: /<*> dest: /<*>,0.6058,11.33,17
71,BLOCK* NameSystem.allocateBlock: /user/root/rand5/_temporary/_task_200811101024_0011_m_001408_0/part-01408. <*>,exact,BLOCK* NameSystem.allocateBlock: <*> blk_<*>,0.9979,BLOCK* NameSystem.addStoredBlock: blockMap updated: <*> is added to blk_<*> size <*>,0.5946,BLOCK* NameSystem.delete: blk_<*> is added to invalidSet of <*>,0.5664,13.06,17
72,Receiving block <*> src: /<*> dest: /<*>,exact,Receiving block blk_<*> src: /<*> dest: /<*>,1.0,Received block blk_<*> src: /<*> dest: /<*> of size <*>,0.8091,<*> Served block blk_<*> to /<*>,0.6183,11.18,17
73,Receiving block <*> src: /<*> dest: /<*>,exact,Receiving block blk_<*> src: /<*> dest: /<*>,1.0,Received block blk_<*> src: /<*> dest: /<*> of size <*>,0.8091,<*> Served block blk_<*> to /<*>,0.6183,11.06,17
74,BLOCK* NameSystem.addStoredBlock: blockMap updated: <*> is added to <*> size 3534443,exact,BLOCK* NameSystem.addStoredBlock: blockMap updated: <*> is added to blk_<*> size <*>,0.9973,BLOCK* NameSystem.delete: blk_<*> is added to invalidSet of <*>,0.5894,BLOCK* NameSystem.allocateBlock: <*> blk_<*>,0.5786,11.09,17
75,Received block <*> of size 67108864 from /<*>,exact,Received block blk_<*> of size <*> from /<*>,0.9998,Received block blk_<*> src: /<*> dest: /<*> of size <*>,0.8363,Receiving block blk_<*> src: /<*> dest: /<*>,0.6058,10.56,17
76,BLOCK* NameSystem.allocateBlock: /user/root/rand5/_temporary/_task_200811101024_0011_m_001730_0/part-01730. <*>,exact,BLOCK* NameSystem.allocateBlock: <*> blk_<*>,0.9975,BLOCK* NameSystem.addStoredBlock: blockMap updated: <*> is added to blk_<*> size <*>,0.5923,BLOCK* NameSystem.delete: blk_<*> is added to invalidSet of <*>,0.5689,12.87,17
77,Receiving block <*> src: /<*> dest: /<*>,exact,Receiving block blk_<*> src: /<*> dest: /<*>,1.0,Received block blk_<*> src: /<*> dest: /<*> of size <*>,0.8091,<*> Served block blk_<*> to /<*>,0.6183,11.85,17
78,Received block <*> of size 67108864 from /<*>,exact,Received block blk_<*> of size <*> from /<*>,0.9998,Received block blk_<*> src: /<*> dest: /<*> of size <*>,0.8363,Receiving block blk_<*> src: /<*> dest: /<*>,0.6058,10.94,17
79,Receiving block <*> src: /<*> dest: /<*>,exact,Receiving block blk_<*> src: /<*> dest: /<*>,1.0,Received block blk_<*> src: /<*> dest: /<*> of size <*>,0.8091,<*> Served block blk_<*> to /<*>,0.6183,10.92,17
80,PacketResponder 1 for block <*> terminating,exact,PacketResponder <*> for block blk_<*> terminating,0.9925,Receiving block blk_<*> src: /<*> dest: /<*>,0.4189,<*> Starting thread to transfer block blk_<*> to <*>,0.391,11.02,17
81,PacketResponder 1 for block <*> terminating,exact,PacketResponder <*> for block blk_<*> terminating,0.9926,Receiving block blk_<*> src: /<*> dest: /<*>,0.4189,<*> Starting thread to transfer block blk_<*> to <*>,0.391,10.65,17
82,Receiving block <*> src: /<*> dest: /<*>,exact,Receiving block blk_<*> src: /<*> dest: /<*>,1.0,Received block blk_<*> src: /<*> dest: /<*> of size <*>,0.8091,<*> Served block blk_<*> to /<*>,0.6183,10.86,17
83,Received block <*> of size 67108864 from /<*>,exact,Received block blk_<*> of size <*> from /<*>,0.9998,Received block blk_<*> src: /<*> dest: /<*> of size <*>,0.8363,Receiving block blk_<*> src: /<*> dest: /<*>,0.6058,10.89,17
84,BLOCK* NameSystem.addStoredBlock: blockMap updated: <*> is added to <*> size 3552141,exact,BLOCK* NameSystem.addStoredBlock: blockMap updated: <*> is added to blk_<*> size <*>,0.992,BLOCK* NameSystem.delete: blk_<*> is added to invalidSet of <*>,0.5873,BLOCK* NameSystem.allocateBlock: <*> blk_<*>,0.5696,11.35,17
85,Received block <*> of size 67108864 from /<*>,exact,Received block blk_<*> of size <*> from /<*>,0.9998,Received block blk_<*> src: /<*> dest: /<*> of size <*>,0.8363,Receiving block blk_<*> src: /<*> dest: /<*>,0.6058,10.84,17
86,Received block <*> of size 10157271 from /<*>,partial,Received block blk_<*> of size <*> from /<*>,0.9428,Received block blk_<*> src: /<*> dest: /<*> of size <*>,0.824,Receiving block blk_<*> src: /<*> dest: /<*>,0.5952,10.8,17
87,BLOCK* NameSystem.addStoredBlock: blockMap updated: <*> is added to <*> size 67108864,exact,BLOCK* NameSystem.addStoredBlock: blockMap updated: <*> is added to blk_<*> size <*>,0.9998,BLOCK* NameSystem.allocateBlock: <*> blk_<*>,0.5928,BLOCK* NameSystem.delete: blk_<*> is added to invalidSet of <*>,0.591,11.44,17
88,PacketResponder 0 for block <*> terminating,partial,PacketResponder <*> for block blk_<*> terminating,0.9838,Receiving block blk_<*> src: /<*> dest: /<*>,0.4214,<*> Starting thread to transfer block blk_<*> to <*>,0.3798,10.56,17
89,PacketResponder 0 for block <*> terminating,partial,PacketResponder <*> for block blk_<*> terminating,0.9841,Receiving block blk_<*> src: /<*> dest: /<*>,0.4214,<*> Starting thread to transfer block blk_<*> to <*>,0.3798,10.54,17
90,BLOCK* NameSystem.addStoredBlock: blockMap updated: <*> is added to <*> size 3550839,exact,BLOCK* NameSystem.addStoredBlock: blockMap updated: <*> is added to blk_<*> size <*>,0.9967,BLOCK* NameSystem.delete: blk_<*> is added to invalidSet of <*>,0.5846,BLOCK* NameSystem.allocateBlock: <*> blk_<*>,0.5758,11.28,17
91,PacketResponder 1 for block <*> terminating,exact,PacketResponder <*> for block blk_<*> terminating,0.9925,Receiving block blk_<*> src: /<*> dest: /<*>,0.4189,<*> Starting thread to transfer block blk_<*> to <*>,0.391,10.24,17
92,BLOCK* NameSystem.delete: <*> is added to invalidSet of <*>,exact,BLOCK* NameSystem.delete: blk_<*> is added to invalidSet of <*>,1.0,BLOCK* ask <*> to delete blk_<*>,0.6576,BLOCK* NameSystem.addStoredBlock: blockMap updated: <*> is added to blk_<*> size <*>,0.5907,11.08,17
93,PacketResponder 2 for block <*> terminating,partial,PacketResponder <*> for block blk_<*> terminating,0.9877,Receiving block blk_<*> src: /<*> dest: /<*>,0.4165,<*> Served block blk_<*> to /<*>,0.3888,10.57,17
94,Received block <*> of size 67108864 from /<*>,exact,Received block blk_<*> of size <*> from /<*>,0.9998,Received block blk_<*> src: /<*> dest: /<*> of size <*>,0.8363,Receiving block blk_<*> src: /<*> dest: /<*>,0.6058,10.59,17
95,BLOCK* NameSystem.addStoredBlock: blockMap updated: <*> is added to <*> size 67108864,exact,BLOCK* NameSystem.addStoredBlock: blockMap updated: <*> is added to blk_<*> size <*>,0.9997,BLOCK* NameSystem.allocateBlock: <*> blk_<*>,0.5928,BLOCK* NameSystem.delete: blk_<*> is added to invalidSet of <*>,0.591,10.91,17
96,BLOCK* NameSystem.addStoredBlock: blockMap updated: <*> is added to <*> size 67108864,exact,BLOCK* NameSystem.addStoredBlock: blockMap updated: <*> is added to blk_<*> size <*>,0.9998,BLOCK* NameSystem.allocateBlock: <*> blk_<*>,0.5928,BLOCK* NameSystem.delete: blk_<*> is added to invalidSet of <*>,0.591,10.78,17
97,PacketResponder 1 for block <*> terminating,exact,PacketResponder <*> for block blk_<*> terminating,0.9926,Receiving block blk_<*> src: /<*> dest: /<*>,0.4189,<*> Starting thread to transfer block blk_<*> to <*>,0.391,10.33,17
98,Received block <*> of size 67108864 from /<*>,exact,Received block blk_<*> of size <*> from /<*>,0.9998,Received block blk_<*> src: /<*> dest: /<*> of size <*>,0.8363,Receiving block blk_<*> src: /<*> dest: /<*>,0.6058,11.14,17
99,BLOCK* NameSystem.addStoredBlock: blockMap updated: <*> is added to <*> size 67108864,exact,BLOCK* NameSystem.addStoredBlock: blockMap updated: <*> is added to blk_<*> size <*>,0.9998,BLOCK* NameSystem.allocateBlock: <*> blk_<*>,0.5928,BLOCK* NameSystem.delete: blk_<*> is added to invalidSet of <*>,0.591,11.49,17
100,BLOCK* NameSystem.addStoredBlock: blockMap updated: <*> is added to <*> size 67108864,exact,BLOCK* NameSystem.addStoredBlock: blockMap updated: <*> is added to blk_<*> size <*>,0.9998,BLOCK* NameSystem.allocateBlock: <*> blk_<*>,0.5928,BLOCK* NameSystem.delete: blk_<*> is added to invalidSet of <*>,0.591,11.45,17
101,PacketResponder 0 for block <*> terminating,partial,PacketResponder <*> for block blk_<*> terminating,0.984,Receiving block blk_<*> src: /<*> dest: /<*>,0.4214,<*> Starting thread to transfer block blk_<*> to <*>,0.3798,10.42,17
102,BLOCK* NameSystem.addStoredBlock: blockMap updated: <*> is added to <*> size 28484260,exact,BLOCK* NameSystem.addStoredBlock: blockMap updated: <*> is added to blk_<*> size <*>,0.9975,BLOCK* NameSystem.allocateBlock: <*> blk_<*>,0.5891,BLOCK* NameSystem.delete: blk_<*> is added to invalidSet of <*>,0.5841,11.73,17
103,PacketResponder 2 for block <*> terminating,partial,PacketResponder <*> for block blk_<*> terminating,0.9877,Receiving block blk_<*> src: /<*> dest: /<*>,0.4165,<*> Served block blk_<*> to /<*>,0.3888,10.88,17
104,Receiving block <*> src: /<*> dest: /<*>,exact,Receiving block blk_<*> src: /<*> dest: /<*>,1.0,Received block blk_<*> src: /<*> dest: /<*> of size <*>,0.8091,<*> Served block blk_<*> to /<*>,0.6183,11.42,17
105,BLOCK* NameSystem.addStoredBlock: blockMap updated: <*> is added to <*> size 67108864,exact,BLOCK* NameSystem.addStoredBlock: blockMap updated: <*> is added to blk_<*> size <*>,0.9998,BLOCK* NameSystem.allocateBlock: <*> blk_<*>,0.5928,BLOCK* NameSystem.delete: blk_<*> is added to invalidSet of <*>,0.591,11.72,17
106,PacketResponder 1 for block <*> terminating,exact,PacketResponder <*> for block blk_<*> terminating,0.9926,Receiving block blk_<*> src: /<*> dest: /<*>,0.4189,<*> Starting thread to transfer block blk_<*> to <*>,0.391,10.48,17
107,Received block <*> of size 67108864 from /<*>,exact,Received block blk_<*> of size <*> from /<*>,0.9998,Received block blk_<*> src: /<*> dest: /<*> of size <*>,0.8363,Receiving block blk_<*> src: /<*> dest: /<*>,0.6058,10.7,17
108,Received block <*> of size 67108864 from /<*>,exact,Received block blk_<*> of size <*> from /<*>,0.9998,Received block blk_<*> src: /<*> dest: /<*> of size <*>,0.8363,Receiving block blk_<*> src: /<*> dest: /<*>,0.6058,10.6,17
109,Received block <*> of size 67108864 from /<*>,exact,Received block blk_<*> of size <*> from /<*>,0.9998,Received block blk_<*> src: /<*> dest: /<*> of size <*>,0.8363,Receiving block blk_<*> src: /<*> dest: /<*>,0.6058,10.66,17
110,PacketResponder 2 for block <*> terminating,partial,PacketResponder <*> for block blk_<*> terminating,0.9879,Receiving block blk_<*> src: /<*> dest: /<*>,0.4165,<*> Served block blk_<*> to /<*>,0.3888,10.2,17
111,Received block <*> of size 67108864 from /<*>,exact,Received block blk_<*> of size <*> from /<*>,0.9998,Received block blk_<*> src: /<*> dest: /<*> of size <*>,0.8363,Receiving block blk_<*> src: /<*> dest: /<*>,0.6058,10.8,17
112,BLOCK* NameSystem.allocateBlock: /user/root/randtxt5/_temporary/_task_200811101024_0012_m_001192_0/part-01192. <*>,partial,BLOCK* NameSystem.allocateBlock: <*> blk_<*>,0.9893,BLOCK* NameSystem.addStoredBlock: blockMap updated: <*> is added to blk_<*> size <*>,0.5848,BLOCK* NameSystem.delete: blk_<*> is added to invalidSet of <*>,0.5532,13.07,17
113,PacketResponder 1 for block <*> terminating,exact,PacketResponder <*> for block blk_<*> terminating,0.9927,Receiving block blk_<*> src: /<*> dest: /<*>,0.4189,<*> Starting thread to transfer block blk_<*> to <*>,0.391,10.82,17
114,BLOCK* NameSystem.addStoredBlock: blockMap updated: <*> is added to <*> size 67108864,exact,BLOCK* NameSystem.addStoredBlock: blockMap updated: <*> is added to blk_<*> size <*>,0.9998,BLOCK* NameSystem.allocateBlock: <*> blk_<*>,0.5928,BLOCK* NameSystem.delete: blk_<*> is added to invalidSet of <*>,0.591,11.58,17
115,BLOCK* NameSystem.allocateBlock: /user/root/randtxt5/_temporary/_task_200811101024_0012_m_000900_0/part-00900. <*>,exact,BLOCK* NameSystem.allocateBlock: <*> blk_<*>,0.991,BLOCK* NameSystem.addStoredBlock: blockMap updated: <*> is added to blk_<*> size <*>,0.5753,BLOCK* NameSystem.delete: blk_<*> is added to invalidSet of <*>,0.5384,13.03,17
116,Received block <*> of size 67108864 from /<*>,exact,Received block blk_<*> of size <*> from /<*>,0.9998,Received block blk_<*> src: /<*> dest: /<*> of size <*>,0.8363,Receiving block blk_<*> src: /<*> dest: /<*>,0.6058,11.01,17
117,Received block <*> of size 67108864 from /<*>,exact,Received block blk_<*> of size <*> from /<*>,0.9998,Received block blk_<*> src: /<*> dest: /<*> of size <*>,0.8363,Receiving block blk_<*> src: /<*> dest: /<*>,0.6058,10.72,17
118,PacketResponder 2 for block <*> terminating,partial,PacketResponder <*> for block blk_<*> terminating,0.988,Receiving block blk_<*> src: /<*> dest: /<*>,0.4165,<*> Served block blk_<*> to /<*>,0.3888,10.36,17
119,BLOCK* NameSystem.addStoredBlock: blockMap updated: <*> is added to <*> size 67108864,exact,BLOCK* NameSystem.addStoredBlock: blockMap updated: <*> is added to blk_<*> size <*>,0.9998,BLOCK* NameSystem.allocateBlock: <*> blk_<*>,0.5927,BLOCK* NameSystem.delete: blk_<*> is added to invalidSet of <*>,0.591,11.38,17
120,PacketResponder 1 for block <*> terminating,exact,PacketResponder <*> for block blk_<*> terminating,0.9928,Receiving block blk_<*> src: /<*> dest: /<*>,0.4189,<*> Starting thread to transfer block blk_<*> to <*>,0.391,10.48,17
121,Received block <*> of size 67108864 from /<*>,exact,Received block blk_<*> of size <*> from /<*>,0.9998,Received block blk_<*> src: /<*> dest: /<*> of size <*>,0.8363,Receiving block blk_<*> src: /<*> dest: /<*>,0.6058,10.64,17
122,PacketResponder 2 for block <*> terminating,partial,PacketResponder <*> for block blk_<*> terminating,0.9882,Receiving block blk_<*> src: /<*> dest: /<*>,0.4165,<*> Served block blk_<*> to /<*>,0.3888,10.38,17
123,Receiving block <*> src: /<*> dest: /<*>,exact,Receiving block blk_<*> src: /<*> dest: /<*>,1.0,Received block blk_<*> src: /<*> dest: /<*> of size <*>,0.8091,<*> Served block blk_<*> to /<*>,0.6183,10.65,17
124,BLOCK* NameSystem.addStoredBlock: blockMap updated: <*> is added to <*> size 67108864,exact,BLOCK* NameSystem.addStoredBlock: blockMap updated: <*> is added to blk_<*> size <*>,0.9998,BLOCK* NameSystem.allocateBlock: <*> blk_<*>,0.5927,BLOCK* NameSystem.delete: blk_<*> is added to invalidSet of <*>,0.591,11.68,17
125,PacketResponder 1 for block <*> terminating,exact,PacketResponder <*> for block blk_<*> terminating,0.9929,Receiving block blk_<*> src: /<*> dest: /<*>,0.4189,<*> Starting thread to transfer block blk_<*> to <*>,0.391,10.72,17
126,Receiving block <*> src: /<*> dest: /<*>,exact,Receiving block blk_<*> src: /<*> dest: /<*>,1.0,Received block blk_<*> src: /<*> dest: /<*> of size <*>,0.8091,<*> Served block blk_<*> to /<*>,0.6183,10.73,17
127,BLOCK* NameSystem.addStoredBlock: blockMap updated: <*> is added to <*> size 67108864,exact,BLOCK* NameSystem.addStoredBlock: blockMap updated: <*> is added to blk_<*> size <*>,0.9998,BLOCK* NameSystem.allocateBlock: <*> blk_<*>,0.5927,BLOCK* NameSystem.delete: blk_<*> is added to invalidSet of <*>,0.591,11.31,17
128,Receiving block <*> src: /<*> dest: /<*>,exact,Receiving block blk_<*> src: /<*> dest: /<*>,1.0,Received block blk_<*> src: /<*> dest: /<*> of size <*>,0.8091,<*> Served block blk_<*> to /<*>,0.6183,10.81,17
129,BLOCK* NameSystem.allocateBlock: /user/root/randtxt5/_temporary/_task_200811101024_0012_m_001314_0/part-01314. <*>,partial,BLOCK* NameSystem.allocateBlock: <*> blk_<*>,0.9885,BLOCK* NameSystem.addStoredBlock: blockMap updated: <*> is added to blk_<*> size <*>,0.5763,BLOCK* NameSystem.delete: blk_<*> is added to invalidSet of <*>,0.5431,13.06,17
130,PacketResponder 0 for block <*> terminating,partial,PacketResponder <*> for block blk_<*> terminating,0.9833,Receiving block blk_<*> src: /<*> dest: /<*>,0.4214,<*> Starting thread to transfer block blk_<*> to <*>,0.3798,10.74,17
131,Received block <*> of size 67108864 from /<*>,exact,Received block blk_<*> of size <*> from /<*>,0.9998,Received block blk_<*> src: /<*> dest: /<*> of size <*>,0.8363,Receiving block blk_<*> src: /<*> dest: /<*>,0.6058,10.74,17
132,Received block <*> of size 67108864 from /<*>,exact,Received block blk_<*> of size <*> from /<*>,0.9998,Received block blk_<*> src: /<*> dest: /<*> of size <*>,0.8363,Receiving block blk_<*> src: /<*> dest: /<*>,0.6058,10.82,17
133,Received block <*> of size 67108864 from /<*>,exact,Received block blk_<*> of size <*> from /<*>,0.9998,Received block blk_<*> src: /<*> dest: /<*> of size <*>,0.8363,Receiving block blk_<*> src: /<*> dest: /<*>,0.6058,10.64,17
134,BLOCK* NameSystem.allocateBlock: /user/root/randtxt5/_temporary/_task_200811101024_0012_m_001529_0/part-01529. <*>,exact,BLOCK* NameSystem.allocateBlock: <*> blk_<*>,0.9916,BLOCK* NameSystem.addStoredBlock: blockMap updated: <*> is added to blk_<*> size <*>,0.5884,BLOCK* NameSystem.delete: blk_<*> is added to invalidSet of <*>,0.5507,12.88,17
135,Received block <*> of size 67108864 from /<*>,exact,Received block blk_<*> of size <*> from /<*>,0.9998,Received block blk_<*> src: /<*> dest: /<*> of size <*>,0.8363,Receiving block blk_<*> src: /<*> dest: /<*>,0.6058,11.03,17
136,Receiving block <*> src: /<*> dest: /<*>,exact,Receiving block blk_<*> src: /<*> dest: /<*>,1.0,Received block blk_<*> src: /<*> dest: /<*> of size <*>,0.8091,<*> Served block blk_<*> to /<*>,0.6183,10.8,17
137,Received block <*> of size 67108864 from /<*>,exact,Received block blk_<*> of size <*> from /<*>,0.9998,Received block blk_<*> src: /<*> dest: /<*> of size <*>,0.8363,Receiving block blk_<*> src: /<*> dest: /<*>,0.6058,10.78,17
138,BLOCK* NameSystem.addStoredBlock: blockMap updated: <*> is added to <*> size 28508403,exact,BLOCK* NameSystem.addStoredBlock: blockMap updated: <*> is added to blk_<*> size <*>,0.9979,BLOCK* NameSystem.allocateBlock: <*> blk_<*>,0.5808,BLOCK* NameSystem.delete: blk_<*> is added to invalidSet of <*>,0.5802,11.24,17
139,BLOCK* NameSystem.addStoredBlock: blockMap updated: <*> is added to <*> size 67108864,exact,BLOCK* NameSystem.addStoredBlock: blockMap updated: <*> is added to blk_<*> size <*>,0.9998,BLOCK* NameSystem.allocateBlock: <*> blk_<*>,0.5927,BLOCK* NameSystem.delete: blk_<*> is added to invalidSet of <*>,0.591,11.3,17
140,BLOCK* NameSystem.addStoredBlock: blockMap updated: <*> is added to <*> size 67108864,exact,BLOCK* NameSystem.addStoredBlock: blockMap updated: <*> is added to blk_<*> size <*>,0.9998,BLOCK* NameSystem.allocateBlock: <*> blk_<*>,0.5927,BLOCK* NameSystem.delete: blk_<*> is added to invalidSet of <*>,0.591,11.28,17
141,BLOCK* NameSystem.addStoredBlock: blockMap updated: <*> is added to <*> size 67108864,exact,BLOCK* NameSystem.addStoredBlock: blockMap updated: <*> is added to blk_<*> size <*>,0.9998,BLOCK* NameSystem.allocateBlock: <*> blk_<*>,0.5927,BLOCK* NameSystem.delete: blk_<*> is added to invalidSet of <*>,0.591,11.36,17
142,BLOCK* NameSystem.allocateBlock: /user/root/randtxt5/_temporary/_task_200811101024_0012_m_001726_0/part-01726. <*>,partial,BLOCK* NameSystem.allocateBlock: <*> blk_<*>,0.9878,BLOCK* NameSystem.addStoredBlock: blockMap updated: <*> is added to blk_<*> size <*>,0.5722,BLOCK* NameSystem.delete: blk_<*> is added to invalidSet of <*>,0.5407,12.62,17
143,BLOCK* NameSystem.allocateBlock: /user/root/randtxt5/_temporary/_task_200811101024_0012_m_001554_0/part-01554. <*>,partial,BLOCK* NameSystem.allocateBlock: <*> blk_<*>,0.9894,BLOCK* NameSystem.addStoredBlock: blockMap updated: <*> is added to blk_<*> size <*>,0.581,BLOCK* NameSystem.delete: blk_<*> is added to invalidSet of <*>,0.543,12.66,17
144,Receiving block <*> src: /<*> dest: /<*>,exact,Receiving block blk_<*> src: /<*> dest: /<*>,1.0,Received block blk_<*> src: /<*> dest: /<*> of size <*>,0.8091,<*> Served block blk_<*> to /<*>,0.6183,11.13,17
145,BLOCK* NameSystem.allocateBlock: /user/root/randtxt5/_temporary/_task_200811101024_0012_m_001709_0/part-01709. <*>,partial,BLOCK* NameSystem.allocateBlock: <*> blk_<*>,0.9898,BLOCK* NameSystem.addStoredBlock: blockMap updated: <*> is added to blk_<*> size <*>,0.5781,BLOCK* NameSystem.delete: blk_<*> is added to invalidSet of <*>,0.5411,13.14,17
146,BLOCK* NameSystem.addStoredBlock: blockMap updated: <*> is added to <*> size 67108864,exact,BLOCK* NameSystem.addStoredBlock: blockMap updated: <*> is added to blk_<*> size <*>,0.9998,BLOCK* NameSystem.allocateBlock: <*> blk_<*>,0.5926,BLOCK* NameSystem.delete: blk_<*> is added to invalidSet of <*>,0.591,11.71,17
147,Receiving block <*> src: /<*> dest: /<*>,exact,Receiving block blk_<*> src: /<*> dest: /<*>,1.0,Received block blk_<*> src: /<*> dest: /<*> of size <*>,0.8091,<*> Served block blk_<*> to /<*>,0.6183,10.87,17
148,BLOCK* NameSystem.addStoredBlock: blockMap updated: <*> is added to <*> size 67108864,exact,BLOCK* NameSystem.addStoredBlock: blockMap updated: <*> is added to blk_<*> size <*>,0.9998,BLOCK* NameSystem.allocateBlock: <*> blk_<*>,0.5926,BLOCK* NameSystem.delete: blk_<*> is added to invalidSet of <*>,0.591,11.59,17
149,BLOCK* NameSystem.addStoredBlock: blockMap updated: <*> is added to <*> size 67108864,exact,BLOCK* NameSystem.addStoredBlock: blockMap updated: <*> is added to blk_<*> size <*>,0.9998,BLOCK* NameSystem.allocateBlock: <*> blk_<*>,0.5926,BLOCK* NameSystem.delete: blk_<*> is added to invalidSet of <*>,0.591,11.51,17
150,PacketResponder 2 for block <*> terminating,partial,PacketResponder <*> for block blk_<*> terminating,0.9882,Receiving block blk_<*> src: /<*> dest: /<*>,0.4165,<*> Served block blk_<*> to /<*>,0.3888,10.8,17
151,BLOCK* NameSystem.allocateBlock: /user/root/randtxt5/_temporary/_task_200811101024_0012_m_001709_0/part-01709. <*>,partial,BLOCK* NameSystem.allocateBlock: <*> blk_<*>,0.99,BLOCK* NameSystem.addStoredBlock: blockMap updated: <*> is added to blk_<*> size <*>,0.5782,BLOCK* NameSystem.delete: blk_<*> is added to invalidSet of <*>,0.5411,13.13,17
152,PacketResponder 2 for block <*> terminating,partial,PacketResponder <*> for block blk_<*> terminating,0.9883,Receiving block blk_<*> src: /<*> dest: /<*>,0.4165,<*> Served block blk_<*> to /<*>,0.3888,11.13,17
153,Received block <*> of size 67108864 from /<*>,exact,Received block blk_<*> of size <*> from /<*>,0.9998,Received block blk_<*> src: /<*> dest: /<*> of size <*>,0.8363,Receiving block blk_<*> src: /<*> dest: /<*>,0.6058,10.75,17
154,BLOCK* NameSystem.allocateBlock: /user/root/randtxt5/_temporary/_task_200811101024_0012_m_001635_0/part-01635. <*>,exact,BLOCK* NameSystem.allocateBlock: <*> blk_<*>,0.9907,BLOCK* NameSystem.addStoredBlock: blockMap updated: <*> is added to blk_<*> size <*>,0.582,BLOCK* NameSystem.delete: blk_<*> is added to invalidSet of <*>,0.5468,12.49,17
155,BLOCK* NameSystem.addStoredBlock: blockMap updated: <*> is added to <*> size 67108864,exact,BLOCK* NameSystem.addStoredBlock: blockMap updated: <*> is added to blk_<*> size <*>,0.9998,BLOCK* NameSystem.allocateBlock: <*> blk_<*>,0.5925,BLOCK* NameSystem.delete: blk_<*> is added to invalidSet of <*>,0.591,11.77,17
156,Receiving block <*> src: /<*> dest: /<*>,exact,Receiving block blk_<*> src: /<*> dest: /<*>,1.0,Received block blk_<*> src: /<*> dest: /<*> of size <*>,0.8091,<*> Served block blk_<*> to /<*>,0.6183,10.97,17
157,PacketResponder 0 for block <*> terminating,partial,PacketResponder <*> for block blk_<*> terminating,0.9832,Receiving block blk_<*> src: /<*> dest: /<*>,0.4214,<*> Starting thread to transfer block blk_<*> to <*>,0.3798,10.62,17
158,PacketResponder 0 for block <*> terminating,partial,PacketResponder <*> for block blk_<*> terminating,0.9834,Receiving block blk_<*> src: /<*> dest: /<*>,0.4214,<*> Starting thread to transfer block blk_<*> to <*>,0.3798,10.37,17
159,Receiving block <*> src: /<*> dest: /<*>,exact,Receiving block blk_<*> src: /<*> dest: /<*>,1.0,Received block blk_<*> src: /<*> dest: /<*> of size <*>,0.8091,<*> Served block blk_<*> to /<*>,0.6183,10.77,17
160,Receiving block <*> src: /<*> dest: /<*>,exact,Receiving block blk_<*> src: /<*> dest: /<*>,1.0,Received block blk_<*> src: /<*> dest: /<*> of size <*>,0.8091,<*> Served block blk_<*> to /<*>,0.6183,10.81,17
161,BLOCK* NameSystem.delete: <*> is added to invalidSet of <*>,exact,BLOCK* NameSystem.delete: blk_<*> is added to invalidSet of <*>,1.0,BLOCK* ask <*> to delete blk_<*>,0.6576,BLOCK* NameSystem.addStoredBlock: blockMap updated: <*> is added to blk_<*> size <*>,0.5906,10.93,17
162,BLOCK* NameSystem.delete: <*> is added to invalidSet of <*>,exact,BLOCK* NameSystem.delete: blk_<*> is added to invalidSet of <*>,1.0,BLOCK* ask <*> to delete blk_<*>,0.6576,BLOCK* NameSystem.addStoredBlock: blockMap updated: <*> is added to blk_<*> size <*>,0.5906,10.81,17
163,BLOCK* NameSystem.delete: <*> is added to invalidSet of <*>,exact,BLOCK* NameSystem.delete: blk_<*> is added to invalidSet of <*>,1.0,BLOCK* ask <*> to delete blk_<*>,0.6576,BLOCK* NameSystem.addStoredBlock: blockMap updated: <*> is added to blk_<*> size <*>,0.5906,10.92,17
164,BLOCK* NameSystem.delete: <*> is added to invalidSet of <*>,exact,BLOCK* NameSystem.delete: blk_<*> is added to invalidSet of <*>,1.0,BLOCK* ask <*> to delete blk_<*>,0.6576,BLOCK* NameSystem.addStoredBlock: blockMap updated: <*> is added to blk_<*> size <*>,0.5906,10.78,17
165,BLOCK* NameSystem.delete: <*> is added to invalidSet of <*>,exact,BLOCK* NameSystem.delete: blk_<*> is added to invalidSet of <*>,1.0,BLOCK* ask <*> to delete blk_<*>,0.6576,BLOCK* NameSystem.addStoredBlock: blockMap updated: <*> is added to blk_<*> size <*>,0.5906,10.94,17
166,BLOCK* NameSystem.delete: <*> is added to invalidSet of <*>,exact,BLOCK* NameSystem.delete: blk_<*> is added to invalidSet of <*>,1.0,BLOCK* ask <*> to delete blk_<*>,0.6576,BLOCK* NameSystem.addStoredBlock: blockMap updated: <*> is added to blk_<*> size <*>,0.5906,10.72,17
167,BLOCK* NameSystem.delete: <*> is added to invalidSet of <*>,exact,BLOCK* NameSystem.delete: blk_<*> is added to invalidSet of <*>,1.0,BLOCK* ask <*> to delete blk_<*>,0.6576,BLOCK* NameSystem.addStoredBlock: blockMap updated: <*> is added to blk_<*> size <*>,0.5906,10.87,17
168,BLOCK* NameSystem.delete: <*> is added to invalidSet of <*>,exact,BLOCK* NameSystem.delete: blk_<*> is added to invalidSet of <*>,1.0,BLOCK* ask <*> to delete blk_<*>,0.6576,BLOCK* NameSystem.addStoredBlock: blockMap updated: <*> is added to blk_<*> size <*>,0.5906,10.71,17
169,BLOCK* NameSystem.delete: <*> is added to invalidSet of <*>,exact,BLOCK* NameSystem.delete: blk_<*> is added to invalidSet of <*>,1.0,BLOCK* ask <*> to delete blk_<*>,0.6576,BLOCK* NameSystem.addStoredBlock: blockMap updated: <*> is added to blk_<*> size <*>,0.5906,10.96,17
170,BLOCK* NameSystem.delete: <*> is added to invalidSet of <*>,exact,BLOCK* NameSystem.delete: blk_<*> is added to invalidSet of <*>,1.0,BLOCK* ask <*> to delete blk_<*>,0.6576,BLOCK* NameSystem.addStoredBlock: blockMap updated: <*> is added to blk_<*> size <*>,0.5906,10.92,17
171,BLOCK* NameSystem.delete: <*> is added to invalidSet of <*>,exact,BLOCK* NameSystem.delete: blk_<*> is added to invalidSet of <*>,1.0,BLOCK* ask <*> to delete blk_<*>,0.6576,BLOCK* NameSystem.addStoredBlock: blockMap updated: <*> is added to blk_<*> size <*>,0.5906,11.0,17
172,BLOCK* NameSystem.delete: <*> is added to invalidSet of <*>,exact,BLOCK* NameSystem.delete: blk_<*> is added to invalidSet of <*>,1.0,BLOCK* ask <*> to delete blk_<*>,0.6576,BLOCK* NameSystem.addStoredBlock: blockMap updated: <*> is added to blk_<*> size <*>,0.5906,10.78,17
173,BLOCK* NameSystem.delete: <*> is added to invalidSet of <*>,exact,BLOCK* NameSystem.delete: blk_<*> is added to invalidSet of <*>,1.0,BLOCK* ask <*> to delete blk_<*>,0.6576,BLOCK* NameSystem.addStoredBlock: blockMap updated: <*> is added to blk_<*> size <*>,0.5906,10.5,17
174,BLOCK* NameSystem.delete: <*> is added to invalidSet of <*>,exact,BLOCK* NameSystem.delete: blk_<*> is added to invalidSet of <*>,1.0,BLOCK* ask <*> to delete blk_<*>,0.6576,BLOCK* NameSystem.addStoredBlock: blockMap updated: <*> is added to blk_<*> size <*>,0.5906,10.31,17
175,BLOCK* NameSystem.delete: <*> is added to invalidSet of <*>,exact,BLOCK* NameSystem.delete: blk_<*> is added to invalidSet of <*>,1.0,BLOCK* ask <*> to delete blk_<*>,0.6576,BLOCK* NameSystem.addStoredBlock: blockMap updated: <*> is added to blk_<*> size <*>,0.5906,10.81,17
176,BLOCK* NameSystem.delete: <*> is added to invalidSet of <*>,exact,BLOCK* NameSystem.delete: blk_<*> is added to invalidSet of <*>,1.0,BLOCK* ask <*> to delete blk_<*>,0.6576,BLOCK* NameSystem.addStoredBlock: blockMap updated: <*> is added to blk_<*> size <*>,0.5906,10.9,17
177,BLOCK* NameSystem.delete: <*> is added to invalidSet of <*>,exact,BLOCK* NameSystem.delete: blk_<*> is added to invalidSet of <*>,1.0,BLOCK* ask <*> to delete blk_<*>,0.6576,BLOCK* NameSystem.addStoredBlock: blockMap updated: <*> is added to blk_<*> size <*>,0.5906,11.21,17
178,Deleting block <*> file /mnt/hadoop/dfs/data/current/subdir58/<*>,partial,Deleting block blk_<*> file <*>,0.9792,Deleting block blk_<*> file /mnt/hadoop/dfs/data/current/<*>,0.9376,BLOCK* NameSystem.allocateBlock: <*> blk_<*>,0.4786,11.51,17
179,BLOCK* ask <*> to delete <*> <*> <*> <*> <*> <*> <*> <*> <*> <*> <*> <*> <*> <*> <*> <*> <*> <*> <*> <*> <*> <*> <*> <*> <*> <*> <*> <*> <*> <*> <*> <*> <*> <*> <*> <*> <*> <*> <*> <*> <*> <*> <*> <*> <*> <*> <*> <*> <*> <*> <*> <*> <*> <*> <*> <*> <*> <*> <*> <*> <*> <*> <*> <*> <*> <*> <*> <*> <*> <*> <*> <*> <*> <*> <*> <*> <*> <*> <*> <*> <*> <*> <*> <*> <*> <*> <*> <*> <*> <*> <*> <*> <*> <*> <*> <*> <*> <*> <*> <*>,exact,BLOCK* ask <*> to delete blk_<*> blk_<*> blk_<*> blk_<*> blk_<*> blk_<*> blk_<*> blk_<*> blk_<*> blk_<*> blk_<*> blk_<*> blk_<*> blk_<*> blk_<*> blk_<*> blk_<*> blk_<*> blk_<*> blk_<*> blk_<*> blk_<*> blk_<*> blk_<*> blk_<*> blk_<*> blk_<*> blk_<*> blk_<*> blk_<*> blk_<*> blk_<*> blk_<*> blk_<*> blk_<*> blk_<*> blk_<*> blk_<*> blk_<*> blk_<*> blk_<*> blk_<*> blk_<*> blk_<*> blk_<*> blk_<*> blk_<*> blk_<*> blk_<*> blk_<*> blk_<*> blk_<*> blk_<*> blk_<*> blk_<*> blk_<*> blk_<*> blk_<*> blk_<*> blk_<*> blk_<*> blk_<*> blk_<*> blk_<*> blk_<*> blk_<*> blk_<*> blk_<*> blk_<*> blk_<*> blk_<*> blk_<*> blk_<*> blk_<*> blk_<*> blk_<*> blk_<*> blk_<*> blk_<*> blk_<*> blk_<*> blk_<*> blk_<*> blk_<*> blk_<*> blk_<*> blk_<*> blk_<*> blk_<*> blk_<*> blk_<*> blk_<*> blk_<*> blk_<*> blk_<*> blk_<*> blk_<*> blk_<*> blk_<*> blk_<*>,1.0,BLOCK* ask <*> to delete blk_<*> blk_<*> blk_<*> blk_<*> blk_<*> blk_<*> blk_<*> blk_<*> blk_<*>,0.8047,BLOCK* ask <*> to delete blk_<*>,0.6608,28.61,17
180,Deleting block <*> file /mnt/hadoop/dfs/data/current/subdir5/<*>,partial,Deleting block blk_<*> file <*>,0.9782,Deleting block blk_<*> file /mnt/hadoop/dfs/data/current/<*>,0.9345,BLOCK* NameSystem.allocateBlock: <*> blk_<*>,0.4739,12.01,17
181,BLOCK* ask <*> to delete <*> <*> <*> <*> <*> <*> <*> <*> <*> <*> <*> <*> <*> <*> <*> <*> <*> <*> <*> <*> <*> <*> <*> <*> <*> <*> <*> <*> <*> <*> <*> <*> <*> <*> <*> <*> <*> <*> <*> <*> <*> <*> <*> <*> <*> <*> <*> <*> <*> <*> <*> <*> <*> <*> <*> <*> <*> <*> <*> <*> <*> <*> <*> <*> <*> <*> <*> <*> <*> <*> <*> <*> <*> <*> <*> <*> <*> <*> <*> <*> <*> <*> <*> <*> <*> <*> <*> <*> <*> <*> <*> <*> <*> <*> <*> <*> <*> <*> <*> <*>,exact,BLOCK* ask <*> to delete blk_<*> blk_<*> blk_<*> blk_<*> blk_<*> blk_<*> blk_<*> blk_<*> blk_<*> blk_<*> blk_<*> blk_<*> blk_<*> blk_<*> blk_<*> blk_<*> blk_<*> blk_<*> blk_<*> blk_<*> blk_<*> blk_<*> blk_<*> blk_<*> blk_<*> blk_<*> blk_<*> blk_<*> blk_<*> blk_<*> blk_<*> blk_<*> blk_<*> blk_<*> blk_<*> blk_<*> blk_<*> blk_<*> blk_<*> blk_<*> blk_<*> blk_<*> blk_<*> blk_<*> blk_<*> blk_<*> blk_<*> blk_<*> blk_<*> blk_<*> blk_<*> blk_<*> blk_<*> blk_<*> blk_<*> blk_<*> blk_<*> blk_<*> blk_<*> blk_<*> blk_<*> blk_<*> blk_<*> blk_<*> blk_<*> blk_<*> blk_<*> blk_<*> blk_<*> blk_<*> blk_<*> blk_<*> blk_<*> blk_<*> blk_<*> blk_<*> blk_<*> blk_<*> blk_<*> blk_<*> blk_<*> blk_<*> blk_<*> blk_<*> blk_<*> blk_<*> blk_<*> blk_<*> blk_<*> blk_<*> blk_<*> blk_<*> blk_<*> blk_<*> blk_<*> blk_<*> blk_<*> blk_<*> blk_<*> blk_<*>,1.0,BLOCK* ask <*> to delete blk_<*> blk_<*> blk_<*> blk_<*> blk_<*> blk_<*> blk_<*> blk_<*> blk_<*>,0.8047,BLOCK* ask <*> to delete blk_<*>,0.6608,26.41,17
182,Received block <*> of size 67108864 from /<*>,exact,Received block blk_<*> of size <*> from /<*>,0.9998,Received block blk_<*> src: /<*> dest: /<*> of size <*>,0.8363,Receiving block blk_<*> src: /<*> dest: /<*>,0.6058,11.36,17
183,PacketResponder 1 for block <*> terminating,exact,PacketResponder <*> for block blk_<*> terminating,0.9927,Receiving block blk_<*> src: /<*> dest: /<*>,0.4189,<*> Starting thread to transfer block blk_<*> to <*>,0.391,10.66,17
184,Deleting block <*> file /mnt/hadoop/dfs/data/current/subdir31/<*>,partial,Deleting block blk_<*> file <*>,0.9707,Deleting block blk_<*> file /mnt/hadoop/dfs/data/current/<*>,0.9205,BLOCK* NameSystem.allocateBlock: <*> blk_<*>,0.4663,11.32,17
185,Deleting block <*> file /mnt/hadoop/dfs/data/current/subdir29/<*>,exact,Deleting block blk_<*> file <*>,0.9926,Deleting block blk_<*> file /mnt/hadoop/dfs/data/current/<*>,0.9513,BLOCK* NameSystem.allocateBlock: <*> blk_<*>,0.4647,11.58,17
186,Deleting block <*> file /mnt/hadoop/dfs/data/current/subdir37/<*>,exact,Deleting block blk_<*> file <*>,0.9916,Deleting block blk_<*> file /mnt/hadoop/dfs/data/current/<*>,0.9482,BLOCK* NameSystem.delete: blk_<*> is added to invalidSet of <*>,0.4665,11.62,17
187,Deleting block <*> file /mnt/hadoop/dfs/data/current/subdir3/<*>,partial,Deleting block blk_<*> file <*>,0.9773,Deleting block blk_<*> file /mnt/hadoop/dfs/data/current/<*>,0.9401,BLOCK* NameSystem.delete: blk_<*> is added to invalidSet of <*>,0.4706,11.51,17
188,Deleting block <*> file /mnt/hadoop/dfs/data/current/subdir23/<*>,partial,Deleting block blk_<*> file <*>,0.9859,Deleting block blk_<*> file /mnt/hadoop/dfs/data/current/<*>,0.9425,BLOCK* NameSystem.delete: blk_<*> is added to invalidSet of <*>,0.456,11.57,17
189,Deleting block <*> file /mnt/hadoop/dfs/data/current/subdir14/<*>,partial,Deleting block blk_<*> file <*>,0.9774,Deleting block blk_<*> file /mnt/hadoop/dfs/data/current/<*>,0.9369,BLOCK* NameSystem.delete: blk_<*> is added to invalidSet of <*>,0.4571,11.41,17
190,Deleting block <*> file /mnt/hadoop/dfs/data/current/subdir1/<*>,exact,Deleting block blk_<*> file <*>,0.9905,Deleting block blk_<*> file /mnt/hadoop/dfs/data/current/<*>,0.9434,BLOCK* NameSystem.delete: blk_<*> is added to invalidSet of <*>,0.4574,11.3,17
191,Deleting block <*> file /mnt/hadoop/dfs/data/current/subdir28/<*>,partial,Deleting block blk_<*> file <*>,0.9733,Deleting block blk_<*> file /mnt/hadoop/dfs/data/current/<*>,0.9203,BLOCK* NameSystem.delete: blk_<*> is added to invalidSet of <*>,0.4759,11.34,17
192,Deleting block <*> file /mnt/hadoop/dfs/data/current/subdir40/<*>,partial,Deleting block blk_<*> file <*>,0.9706,Deleting block blk_<*> file /mnt/hadoop/dfs/data/current/<*>,0.9218,BLOCK* NameSystem.allocateBlock: <*> blk_<*>,0.4717,11.41,17
193,Deleting block <*> file /mnt/hadoop/dfs/data/current/subdir60/<*>,partial,Deleting block blk_<*> file <*>,0.9569,Deleting block blk_<*> file /mnt/hadoop/dfs/data/current/<*>,0.905,BLOCK* NameSystem.allocateBlock: <*> blk_<*>,0.4477,11.43,17
194,Deleting block <*> file /mnt/hadoop/dfs/data/current/subdir56/<*>,partial,Deleting block blk_<*> file <*>,0.9681,Deleting block blk_<*> file /mnt/hadoop/dfs/data/current/<*>,0.9206,BLOCK* NameSystem.allocateBlock: <*> blk_<*>,0.4581,11.65,17
195,Deleting block <*> file /mnt/hadoop/dfs/data/current/subdir54/<*>,partial,Deleting block blk_<*> file <*>,0.9781,Deleting block blk_<*> file /mnt/hadoop/dfs/data/current/<*>,0.935,BLOCK* NameSystem.delete: blk_<*> is added to invalidSet of <*>,0.4428,11.59,17
196,Deleting block <*> file /mnt/hadoop/dfs/data/current/subdir29/<*>,exact,Deleting block blk_<*> file <*>,0.9927,Deleting block blk_<*> file /mnt/hadoop/dfs/data/current/<*>,0.9513,BLOCK* NameSystem.allocateBlock: <*> blk_<*>,0.4647,11.6,17
197,PacketResponder 1 for block <*> terminating,exact,PacketResponder <*> for block blk_<*> terminating,0.9928,Receiving block blk_<*> src: /<*> dest: /<*>,0.4189,<*> Starting thread to transfer block blk_<*> to <*>,0.391,10.52,17
198,Deleting block <*> file /mnt/hadoop/dfs/data/current/subdir39/<*>,partial,Deleting block blk_<*> file <*>,0.9797,Deleting block blk_<*> file /mnt/hadoop/dfs/data/current/<*>,0.9347,BLOCK* NameSystem.delete: blk_<*> is added to invalidSet of <*>,0.4717,11.41,17
199,Deleting block <*> file /mnt/hadoop/dfs/data/current/subdir11/<*>,partial,Deleting block blk_<*> file <*>,0.9836,Deleting block blk_<*> file /mnt/hadoop/dfs/data/current/<*>,0.9427,BLOCK* NameSystem.allocateBlock: <*> blk_<*>,0.4595,11.56,17
200,Deleting block <*> file /mnt/hadoop/dfs/data/current/subdir28/<*>,partial,Deleting block blk_<*> file <*>,0.9735,Deleting block blk_<*> file /mnt/hadoop/dfs/data/current/<*>,0.9203,BLOCK* NameSystem.delete: blk_<*> is added to invalidSet of <*>,0.4759,11.34,17
201,Deleting block <*> file /mnt/hadoop/dfs/data/current/subdir41/<*>,partial,Deleting block blk_<*> file <*>,0.9806,Deleting block blk_<*> file /mnt/hadoop/dfs/data/current/<*>,0.937,BLOCK* NameSystem.allocateBlock: <*> blk_<*>,0.4679,11.36,17
202,Deleting block <*> file /mnt/hadoop/dfs/data/current/subdir17/<*>,partial,Deleting block blk_<*> file <*>,0.9777,Deleting block blk_<*> file /mnt/hadoop/dfs/data/current/<*>,0.9354,BLOCK* NameSystem.delete: blk_<*> is added to invalidSet of <*>,0.4532,11.33,17
203,PacketResponder 1 for block <*> terminating,exact,PacketResponder <*> for block blk_<*> terminating,0.9929,Receiving block blk_<*> src: /<*> dest: /<*>,0.4189,<*> Starting thread to transfer block blk_<*> to <*>,0.391,10.97,17
204,Deleting block <*> file /mnt/hadoop/dfs/data/current/subdir37/<*>,exact,Deleting block blk_<*> file <*>,0.9916,Deleting block blk_<*> file /mnt/hadoop/dfs/data/current/<*>,0.9482,BLOCK* NameSystem.delete: blk_<*> is added to invalidSet of <*>,0.4665,11.83,17
205,Receiving block <*> src: /<*> dest: /<*>,exact,Receiving block blk_<*> src: /<*> dest: /<*>,1.0,Received block blk_<*> src: /<*> dest: /<*> of size <*>,0.8091,<*> Served block blk_<*> to /<*>,0.6183,10.7,17
206,Receiving block <*> src: /<*> dest: /<*>,exact,Receiving block blk_<*> src: /<*> dest: /<*>,1.0,Received block blk_<*> src: /<*> dest: /<*> of size <*>,0.8091,<*> Served block blk_<*> to /<*>,0.6183,10.95,17
207,BLOCK* NameSystem.allocateBlock: /user/root/rand6/_temporary/_task_200811101024_0013_m_000153_0/part-00153. <*>,exact,BLOCK* NameSystem.allocateBlock: <*> blk_<*>,0.9953,BLOCK* NameSystem.addStoredBlock: blockMap updated: <*> is added to blk_<*> size <*>,0.6107,BLOCK* NameSystem.delete: blk_<*> is added to invalidSet of <*>,0.5818,13.26,17
208,BLOCK* NameSystem.addStoredBlock: blockMap updated: <*> is added to <*> size 67108864,exact,BLOCK* NameSystem.addStoredBlock: blockMap updated: <*> is added to blk_<*> size <*>,0.9998,BLOCK* NameSystem.allocateBlock: <*> blk_<*>,0.5926,BLOCK* NameSystem.delete: blk_<*> is added to invalidSet of <*>,0.591,11.47,17
209,Deleting block <*> file /mnt/hadoop/dfs/data/current/subdir0/<*>,exact,Deleting block blk_<*> file <*>,0.993,Deleting block blk_<*> file /mnt/hadoop/dfs/data/current/<*>,0.9524,BLOCK* NameSystem.allocateBlock: <*> blk_<*>,0.4663,11.39,17
210,BLOCK* NameSystem.allocateBlock: /user/root/rand6/_temporary/_task_200811101024_0013_m_000197_0/part-00197. <*>,exact,BLOCK* NameSystem.allocateBlock: <*> blk_<*>,0.9951,BLOCK* NameSystem.addStoredBlock: blockMap updated: <*> is added to blk_<*> size <*>,0.6081,BLOCK* NameSystem.delete: blk_<*> is added to invalidSet of <*>,0.5784,13.26,17
211,Received block <*> of size 67108864 from /<*>,exact,Received block blk_<*> of size <*> from /<*>,0.9998,Received block blk_<*> src: /<*> dest: /<*> of size <*>,0.8363,Receiving block blk_<*> src: /<*> dest: /<*>,0.6058,11.14,17
212,PacketResponder 0 for block <*> terminating,partial,PacketResponder <*> for block blk_<*> terminating,0.9834,Receiving block blk_<*> src: /<*> dest: /<*>,0.4214,<*> Starting thread to transfer block blk_<*> to <*>,0.3798,10.63,17
213,Receiving block <*> src: /<*> dest: /<*>,exact,Receiving block blk_<*> src: /<*> dest: /<*>,1.0,Received block blk_<*> src: /<*> dest: /<*> of size <*>,0.8091,<*> Served block blk_<*> to /<*>,0.6183,10.81,17
214,BLOCK* NameSystem.addStoredBlock: blockMap updated: <*> is added to <*> size 67108864,exact,BLOCK* NameSystem.addStoredBlock: blockMap updated: <*> is added to blk_<*> size <*>,0.9998,BLOCK* NameSystem.allocateBlock: <*> blk_<*>,0.5928,BLOCK* NameSystem.delete: blk_<*> is added to invalidSet of <*>,0.591,11.27,17
215,Verification succeeded for <*>,exact,Verification succeeded for blk_<*>,1.0,BLOCK* NameSystem.delete: blk_<*> is added to invalidSet of <*>,0.5053,<*>:Got exception while serving blk_<*> to /<*>:,0.4324,10.41,17
216,BLOCK* NameSystem.addStoredBlock: blockMap updated: <*> is added to <*> size 67108864,exact,BLOCK* NameSystem.addStoredBlock: blockMap updated: <*> is added to blk_<*> size <*>,0.9998,BLOCK* NameSystem.allocateBlock: <*> blk_<*>,0.5928,BLOCK* NameSystem.delete: blk_<*> is added to invalidSet of <*>,0.591,11.69,17
217,PacketResponder 1 for block <*> terminating,exact,PacketResponder <*> for block blk_<*> terminating,0.9929,Receiving block blk_<*> src: /<*> dest: /<*>,0.4189,<*> Starting thread to transfer block blk_<*> to <*>,0.391,10.51,17
218,BLOCK* NameSystem.allocateBlock: /user/root/rand6/_temporary/_task_200811101024_0013_m_000451_0/part-00451. <*>,exact,BLOCK* NameSystem.allocateBlock: <*> blk_<*>,0.9962,BLOCK* NameSystem.addStoredBlock: blockMap updated: <*> is added to blk_<*> size <*>,0.5933,BLOCK* NameSystem.delete: blk_<*> is added to invalidSet of <*>,0.5697,13.09,17
219,BLOCK* NameSystem.allocateBlock: /user/root/rand6/_temporary/_task_200811101024_0013_m_000079_0/part-00079. <*>,exact,BLOCK* NameSystem.allocateBlock: <*> blk_<*>,0.9959,BLOCK* NameSystem.addStoredBlock: blockMap updated: <*> is added to blk_<*> size <*>,0.5973,BLOCK* NameSystem.delete: blk_<*> is added to invalidSet of <*>,0.5668,13.11,17
220,Received block <*> of size 67108864 from /<*>,exact,Received block blk_<*> of size <*> from /<*>,0.9998,Received block blk_<*> src: /<*> dest: /<*> of size <*>,0.8363,Receiving block blk_<*> src: /<*> dest: /<*>,0.6058,11.28,17
221,BLOCK* NameSystem.addStoredBlock: blockMap updated: <*> is added to <*> size 67108864,exact,BLOCK* NameSystem.addStoredBlock: blockMap updated: <*> is added to blk_<*> size <*>,0.9998,BLOCK* NameSystem.allocateBlock: <*> blk_<*>,0.5928,BLOCK* NameSystem.delete: blk_<*> is added to invalidSet of <*>,0.591,11.58,17
222,PacketResponder 0 for block <*> terminating,partial,PacketResponder <*> for block blk_<*> terminating,0.9836,Receiving block blk_<*> src: /<*> dest: /<*>,0.4214,<*> Starting thread to transfer block blk_<*> to <*>,0.3798,10.42,17
223,BLOCK* NameSystem.allocateBlock: /user/root/rand6/_temporary/_task_200811101024_0013_m_000077_0/part-00077. <*>,exact,BLOCK* NameSystem.allocateBlock: <*> blk_<*>,0.996,BLOCK* NameSystem.addStoredBlock: blockMap updated: <*> is added to blk_<*> size <*>,0.5955,BLOCK* NameSystem.delete: blk_<*> is added to invalidSet of <*>,0.5657,13.11,17
224,PacketResponder 0 for block <*> terminating,partial,PacketResponder <*> for block blk_<*> terminating,0.9838,Receiving block blk_<*> src: /<*> dest: /<*>,0.4214,<*> Starting thread to transfer block blk_<*> to <*>,0.3798,10.67,17
225,BLOCK* NameSystem.addStoredBlock: blockMap updated: <*> is added to <*> size 67108864,exact,BLOCK* NameSystem.addStoredBlock: blockMap updated: <*> is added to blk_<*> size <*>,0.9998,BLOCK* NameSystem.allocateBlock: <*> blk_<*>,0.5929,BLOCK* NameSystem.delete: blk_<*> is added to invalidSet of <*>,0.591,11.85,17
226,Received block <*> of size 67108864 from /<*>,exact,Received block blk_<*> of size <*> from /<*>,0.9998,Received block blk_<*> src: /<*> dest: /<*> of size <*>,0.8363,Receiving block blk_<*> src: /<*> dest: /<*>,0.6058,10.84,17
227,Received block <*> of size 67108864 from /<*>,exact,Received block blk_<*> of size <*> from /<*>,0.9998,Received block blk_<*> src: /<*> dest: /<*> of size <*>,0.8363,Receiving block blk_<*> src: /<*> dest: /<*>,0.6058,11.16,17
228,PacketResponder 1 for block <*> terminating,exact,PacketResponder <*> for block blk_<*> terminating,0.9929,Receiving block blk_<*> src: /<*> dest: /<*>,0.4189,<*> Starting thread to transfer block blk_<*> to <*>,0.391,10.45,17
229,Received block <*> of size 67108864 from /<*>,exact,Received block blk_<*> of size <*> from /<*>,0.9998,Received block blk_<*> src: /<*> dest: /<*> of size <*>,0.8363,Receiving block blk_<*> src: /<*> dest: /<*>,0.6058,10.59,17
230,BLOCK* NameSystem.addStoredBlock: blockMap updated: <*> is added to <*> size 67108864,exact,BLOCK* NameSystem.addStoredBlock: blockMap updated: <*> is added to blk_<*> size <*>,0.9998,BLOCK* NameSystem.allocateBlock: <*> blk_<*>,0.5929,BLOCK* NameSystem.delete: blk_<*> is added to invalidSet of <*>,0.591,11.18,17
231,Receiving block <*> src: /<*> dest: /<*>,exact,Receiving block blk_<*> src: /<*> dest: /<*>,1.0,Received block blk_<*> src: /<*> dest: /<*> of size <*>,0.8091,<*> Served block blk_<*> to /<*>,0.6183,10.77,17
232,PacketResponder 1 for block <*> terminating,exact,PacketResponder <*> for block blk_<*> terminating,0.993,Receiving block blk_<*> src: /<*> dest: /<*>,0.4189,<*> Starting thread to transfer block blk_<*> to <*>,0.391,10.5,17
233,Receiving block <*> src: /<*> dest: /<*>,exact,Receiving block blk_<*> src: /<*> dest: /<*>,1.0,Received block blk_<*> src: /<*> dest: /<*> of size <*>,0.8091,<*> Served block blk_<*> to /<*>,0.6183,10.86,17
234,PacketResponder 1 for block <*> terminating,exact,PacketResponder <*> for block blk_<*> terminating,0.9931,Receiving block blk_<*> src: /<*> dest: /<*>,0.4189,<*> Starting thread to transfer block blk_<*> to <*>,0.391,10.5,17
235,BLOCK* NameSystem.addStoredBlock: blockMap updated: <*> is added to <*> size 67108864,exact,BLOCK* NameSystem.addStoredBlock: blockMap updated: <*> is added to blk_<*> size <*>,0.9998,BLOCK* NameSystem.allocateBlock: <*> blk_<*>,0.5929,BLOCK* NameSystem.delete: blk_<*> is added to invalidSet of <*>,0.591,11.34,17
236,BLOCK* NameSystem.allocateBlock: /user/root/rand6/_temporary/_task_200811101024_0013_m_000523_0/part-00523. <*>,exact,BLOCK* NameSystem.allocateBlock: <*> blk_<*>,0.9946,BLOCK* NameSystem.addStoredBlock: blockMap updated: <*> is added to blk_<*> size <*>,0.6081,BLOCK* NameSystem.delete: blk_<*> is added to invalidSet of <*>,0.577,12.79,17
237,Received block <*> of size 67108864 from /<*>,exact,Received block blk_<*> of size <*> from /<*>,0.9998,Received block blk_<*> src: /<*> dest: /<*> of size <*>,0.8363,Receiving block blk_<*> src: /<*> dest: /<*>,0.6058,10.99,17
238,Received block <*> of size 67108864 from /<*>,exact,Received block blk_<*> of size <*> from /<*>,0.9998,Received block blk_<*> src: /<*> dest: /<*> of size <*>,0.8363,Receiving block blk_<*> src: /<*> dest: /<*>,0.6058,10.78,17
239,Received block <*> of size 67108864 from /<*>,exact,Received block blk_<*> of size <*> from /<*>,0.9999,Received block blk_<*> src: /<*> dest: /<*> of size <*>,0.8363,Receiving block blk_<*> src: /<*> dest: /<*>,0.6058,10.67,17
240,BLOCK* NameSystem.allocateBlock: /user/root/rand6/_temporary/_task_200811101024_0013_m_000997_0/part-00997. <*>,exact,BLOCK* NameSystem.allocateBlock: <*> blk_<*>,0.9946,BLOCK* NameSystem.addStoredBlock: blockMap updated: <*> is added to blk_<*> size <*>,0.6018,BLOCK* NameSystem.delete: blk_<*> is added to invalidSet of <*>,0.5657,13.07,17
241,Received block <*> of size 67108864 from /<*>,exact,Received block blk_<*> of size <*> from /<*>,0.9999,Received block blk_<*> src: /<*> dest: /<*> of size <*>,0.8363,Receiving block blk_<*> src: /<*> dest: /<*>,0.6058,11.05,17
242,Received block <*> of size 67108864 from /<*>,exact,Received block blk_<*> of size <*> from /<*>,0.9999,Received block blk_<*> src: /<*> dest: /<*> of size <*>,0.8363,Receiving block blk_<*> src: /<*> dest: /<*>,0.6058,10.85,17
243,BLOCK* NameSystem.addStoredBlock: blockMap updated: <*> is added to <*> size 67108864,exact,BLOCK* NameSystem.addStoredBlock: blockMap updated: <*> is added to blk_<*> size <*>,0.9998,BLOCK* NameSystem.allocateBlock: <*> blk_<*>,0.5931,BLOCK* NameSystem.delete: blk_<*> is added to invalidSet of <*>,0.591,11.28,17
244,Receiving block <*> src: /<*> dest: /<*>,exact,Receiving block blk_<*> src: /<*> dest: /<*>,1.0,Received block blk_<*> src: /<*> dest: /<*> of size <*>,0.8091,<*> Served block blk_<*> to /<*>,0.6183,10.76,17
245,PacketResponder 0 for block <*> terminating,partial,PacketResponder <*> for block blk_<*> terminating,0.9838,Receiving block blk_<*> src: /<*> dest: /<*>,0.4214,<*> Starting thread to transfer block blk_<*> to <*>,0.3798,10.48,17
246,Receiving block <*> src: /<*> dest: /<*>,exact,Receiving block blk_<*> src: /<*> dest: /<*>,1.0,Received block blk_<*> src: /<*> dest: /<*> of size <*>,0.8091,<*> Served block blk_<*> to /<*>,0.6183,10.97,17
247,PacketResponder 1 for block <*> terminating,exact,PacketResponder <*> for block blk_<*> terminating,0.9931,Receiving block blk_<*> src: /<*> dest: /<*>,0.4189,<*> Starting thread to transfer block blk_<*> to <*>,0.391,10.45,17
248,BLOCK* NameSystem.addStoredBlock: blockMap updated: <*> is added to <*> size 67108864,exact,BLOCK* NameSystem.addStoredBlock: blockMap updated: <*> is added to blk_<*> size <*>,0.9998,BLOCK* NameSystem.allocateBlock: <*> blk_<*>,0.5931,BLOCK* NameSystem.delete: blk_<*> is added to invalidSet of <*>,0.591,11.31,17
249,Received block <*> of size 67108864 from /<*>,exact,Received block blk_<*> of size <*> from /<*>,0.9999,Received block blk_<*> src: /<*> dest: /<*> of size <*>,0.8363,Receiving block blk_<*> src: /<*> dest: /<*>,0.6058,10.69,17
250,PacketResponder 2 for block <*> terminating,partial,PacketResponder <*> for block blk_<*> terminating,0.9875,Receiving block blk_<*> src: /<*> dest: /<*>,0.4165,<*> Served block blk_<*> to /<*>,0.3888,10.35,17
251,BLOCK* NameSystem.addStoredBlock: blockMap updated: <*> is added to <*> size 3541872,partial,BLOCK* NameSystem.addStoredBlock: blockMap updated: <*> is added to blk_<*> size <*>,0.9893,BLOCK* NameSystem.delete: blk_<*> is added to invalidSet of <*>,0.5821,BLOCK* NameSystem.allocateBlock: <*> blk_<*>,0.573,11.28,17
252,PacketResponder 2 for block <*> terminating,partial,PacketResponder <*> for block blk_<*> terminating,0.9877,Receiving block blk_<*> src: /<*> dest: /<*>,0.4165,<*> Served block blk_<*> to /<*>,0.3888,10.42,17
253,PacketResponder 0 for block <*> terminating,partial,PacketResponder <*> for block blk_<*> terminating,0.9836,Receiving block blk_<*> src: /<*> dest: /<*>,0.4214,<*> Starting thread to transfer block blk_<*> to <*>,0.3798,10.59,17
254,BLOCK* NameSystem.addStoredBlock: blockMap updated: <*> is added to <*> size 67108864,exact,BLOCK* NameSystem.addStoredBlock: blockMap updated: <*> is added to blk_<*> size <*>,0.9998,BLOCK* NameSystem.allocateBlock: <*> blk_<*>,0.5931,BLOCK* NameSystem.delete: blk_<*> is added to invalidSet of <*>,0.591,11.53,17
255,PacketResponder 0 for block <*> terminating,partial,PacketResponder <*> for block blk_<*> terminating,0.9838,Receiving block blk_<*> src: /<*> dest: /<*>,0.4214,<*> Starting thread to transfer block blk_<*> to <*>,0.3798,10.49,17
256,Receiving block <*> src: /<*> dest: /<*>,exact,Receiving block blk_<*> src: /<*> dest: /<*>,1.0,Received block blk_<*> src: /<*> dest: /<*> of size <*>,0.8091,<*> Served block blk_<*> to /<*>,0.6183,10.78,17
257,BLOCK* NameSystem.addStoredBlock: blockMap updated: <*> is added to <*> size 67108864,exact,BLOCK* NameSystem.addStoredBlock: blockMap updated: <*> is added to blk_<*> size <*>,0.9998,BLOCK* NameSystem.allocateBlock: <*> blk_<*>,0.5931,BLOCK* NameSystem.delete: blk_<*> is added to invalidSet of <*>,0.591,11.37,17
258,PacketResponder 1 for block <*> terminating,exact,PacketResponder <*> for block blk_<*> terminating,0.993,Receiving block blk_<*> src: /<*> dest: /<*>,0.4189,<*> Starting thread to transfer block blk_<*> to <*>,0.391,10.48,17
259,Receiving block <*> src: /<*> dest: /<*>,exact,Receiving block blk_<*> src: /<*> dest: /<*>,1.0,Received block blk_<*> src: /<*> dest: /<*> of size <*>,0.8091,<*> Served block blk_<*> to /<*>,0.6183,10.85,17
260,BLOCK* NameSystem.allocateBlock: /user/root/rand6/_temporary/_task_200811101024_0013_m_001195_0/part-01195. <*>,exact,BLOCK* NameSystem.allocateBlock: <*> blk_<*>,0.9941,BLOCK* NameSystem.addStoredBlock: blockMap updated: <*> is added to blk_<*> size <*>,0.6129,BLOCK* NameSystem.delete: blk_<*> is added to invalidSet of <*>,0.5831,12.85,17
261,Received block <*> of size 67108864 from /<*>,exact,Received block blk_<*> of size <*> from /<*>,0.9999,Received block blk_<*> src: /<*> dest: /<*> of size <*>,0.8363,Receiving block blk_<*> src: /<*> dest: /<*>,0.6058,10.85,17
262,BLOCK* NameSystem.addStoredBlock: blockMap updated: <*> is added to <*> size 67108864,exact,BLOCK* NameSystem.addStoredBlock: blockMap updated: <*> is added to blk_<*> size <*>,0.9998,BLOCK* NameSystem.allocateBlock: <*> blk_<*>,0.5932,BLOCK* NameSystem.delete: blk_<*> is added to invalidSet of <*>,0.591,11.49,17
263,PacketResponder 1 for block <*> terminating,exact,PacketResponder <*> for block blk_<*> terminating,0.9931,Receiving block blk_<*> src: /<*> dest: /<*>,0.4189,<*> Starting thread to transfer block blk_<*> to <*>,0.391,10.56,17
264,BLOCK* NameSystem.addStoredBlock: blockMap updated: <*> is added to <*> size 67108864,exact,BLOCK* NameSystem.addStoredBlock: blockMap updated: <*> is added to blk_<*> size <*>,0.9998,BLOCK* NameSystem.allocateBlock: <*> blk_<*>,0.5932,BLOCK* NameSystem.delete: blk_<*> is added to invalidSet of <*>,0.591,11.62,17
265,BLOCK* NameSystem.addStoredBlock: blockMap updated: <*> is added to <*> size 67108864,exact,BLOCK* NameSystem.addStoredBlock: blockMap updated: <*> is added to blk_<*> size <*>,0.9998,BLOCK* NameSystem.allocateBlock: <*> blk_<*>,0.5932,BLOCK* NameSystem.delete: blk_<*> is added to invalidSet of <*>,0.591,11.27,17
266,PacketResponder 2 for block <*> terminating,partial,PacketResponder <*> for block blk_<*> terminating,0.9875,Receiving block blk_<*> src: /<*> dest: /<*>,0.4165,<*> Served block blk_<*> to /<*>,0.3888,10.16,17
267,Received block <*> of size 67108864 from /<*>,exact,Received block blk_<*> of size <*> from /<*>,0.9999,Received block blk_<*> src: /<*> dest: /<*> of size <*>,0.8363,Receiving block blk_<*> src: /<*> dest: /<*>,0.6058,10.58,17
268,PacketResponder 1 for block <*> terminating,exact,PacketResponder <*> for block blk_<*> terminating,0.9931,Receiving block blk_<*> src: /<*> dest: /<*>,0.4189,<*> Starting thread to transfer block blk_<*> to <*>,0.391,10.66,17
269,PacketResponder 1 for block <*> terminating,exact,PacketResponder <*> for block blk_<*> terminating,0.9932,Receiving block blk_<*> src: /<*> dest: /<*>,0.4189,<*> Starting thread to transfer block blk_<*> to <*>,0.391,10.62,17
270,PacketResponder 2 for block <*> terminating,partial,PacketResponder <*> for block blk_<*> terminating,0.9877,Receiving block blk_<*> src: /<*> dest: /<*>,0.4165,<*> Served block blk_<*> to /<*>,0.3888,10.57,17
271,PacketResponder 2 for block <*> terminating,partial,PacketResponder <*> for block blk_<*> terminating,0.9878,Receiving block blk_<*> src: /<*> dest: /<*>,0.4165,<*> Served block blk_<*> to /<*>,0.3888,10.37,17
272,BLOCK* NameSystem.addStoredBlock: blockMap updated: <*> is added to <*> size 67108864,exact,BLOCK* NameSystem.addStoredBlock: blockMap updated: <*> is added to blk_<*> size <*>,0.9998,BLOCK* NameSystem.allocateBlock: <*> blk_<*>,0.5932,BLOCK* NameSystem.delete: blk_<*> is added to invalidSet of <*>,0.591,11.28,17
273,BLOCK* NameSystem.addStoredBlock: blockMap updated: <*> is added to <*> size 67108864,exact,BLOCK* NameSystem.addStoredBlock: blockMap updated: <*> is added to blk_<*> size <*>,0.9998,BLOCK* NameSystem.allocateBlock: <*> blk_<*>,0.5932,BLOCK* NameSystem.delete: blk_<*> is added to invalidSet of <*>,0.591,11.23,17
274,Received block <*> of size 67108864 from /<*>,exact,Received block blk_<*> of size <*> from /<*>,0.9999,Received block blk_<*> src: /<*> dest: /<*> of size <*>,0.8363,Receiving block blk_<*> src: /<*> dest: /<*>,0.6058,10.85,17
275,Receiving block <*> src: /<*> dest: /<*>,exact,Receiving block blk_<*> src: /<*> dest: /<*>,1.0,Received block blk_<*> src: /<*> dest: /<*> of size <*>,0.8091,<*> Served block blk_<*> to /<*>,0.6183,11.01,17
276,BLOCK* NameSystem.addStoredBlock: blockMap updated: <*> is added to <*> size 67108864,exact,BLOCK* NameSystem.addStoredBlock: blockMap updated: <*> is added to blk_<*> size <*>,0.9998,BLOCK* NameSystem.allocateBlock: <*> blk_<*>,0.5932,BLOCK* NameSystem.delete: blk_<*> is added to invalidSet of <*>,0.591,11.4,17
277,PacketResponder 0 for block <*> terminating,partial,PacketResponder <*> for block blk_<*> terminating,0.9834,Receiving block blk_<*> src: /<*> dest: /<*>,0.4214,<*> Starting thread to transfer block blk_<*> to <*>,0.3798,10.67,17
278,Received block <*> of size 67108864 from /<*>,exact,Received block blk_<*> of size <*> from /<*>,0.9999,Received block blk_<*> src: /<*> dest: /<*> of size <*>,0.8363,Receiving block blk_<*> src: /<*> dest: /<*>,0.6058,10.84,17
279,Receiving block <*> src: /<*> dest: /<*>,exact,Receiving block blk_<*> src: /<*> dest: /<*>,1.0,Received block blk_<*> src: /<*> dest: /<*> of size <*>,0.8091,<*> Served block blk_<*> to /<*>,0.6183,11.29,17
280,Received block <*> of size 67108864 from /<*>,exact,Received block blk_<*> of size <*> from /<*>,0.9999,Received block blk_<*> src: /<*> dest: /<*> of size <*>,0.8363,Receiving block blk_<*> src: /<*> dest: /<*>,0.6058,10.88,17
281,Received block <*> of size 67108864 from /<*>,exact,Received block blk_<*> of size <*> from /<*>,0.9999,Received block blk_<*> src: /<*> dest: /<*> of size <*>,0.8363,Receiving block blk_<*> src: /<*> dest: /<*>,0.6058,10.73,17
282,Received block <*> of size 3547785 from /<*>,partial,Received block blk_<*> of size <*> from /<*>,0.8987,Received block blk_<*> src: /<*> dest: /<*> of size <*>,0.7681,Receiving block blk_<*> src: /<*> dest: /<*>,0.562,10.8,17
283,Received block <*> of size 67108864 from /<*>,exact,Received block blk_<*> of size <*> from /<*>,0.9998,Received block blk_<*> src: /<*> dest: /<*> of size <*>,0.8363,Receiving block blk_<*> src: /<*> dest: /<*>,0.6058,10.82,17
284,Receiving block <*> src: /<*> dest: /<*>,exact,Receiving block blk_<*> src: /<*> dest: /<*>,1.0,Received block blk_<*> src: /<*> dest: /<*> of size <*>,0.8091,<*> Served block blk_<*> to /<*>,0.6183,10.94,17
285,PacketResponder 1 for block <*> terminating,exact,PacketResponder <*> for block blk_<*> terminating,0.9932,Receiving block blk_<*> src: /<*> dest: /<*>,0.4189,<*> Starting thread to transfer block blk_<*> to <*>,0.391,10.45,17
286,Received block <*> of size 67108864 from /<*>,exact,Received block blk_<*> of size <*> from /<*>,0.9998,Received block blk_<*> src: /<*> dest: /<*> of size <*>,0.8363,Receiving block blk_<*> src: /<*> dest: /<*>,0.6058,10.72,17
287,Receiving block <*> src: /<*> dest: /<*>,exact,Receiving block blk_<*> src: /<*> dest: /<*>,1.0,Received block blk_<*> src: /<*> dest: /<*> of size <*>,0.8091,<*> Served block blk_<*> to /<*>,0.6183,10.71,17
288,Received block <*> of size 67108864 from /<*>,exact,Received block blk_<*> of size <*> from /<*>,0.9998,Received block blk_<*> src: /<*> dest: /<*> of size <*>,0.8363,Receiving block blk_<*> src: /<*> dest: /<*>,0.6058,10.86,17
289,Received block <*> of size 67108864 from /<*>,exact,Received block blk_<*> of size <*> from /<*>,0.9998,Received block blk_<*> src: /<*> dest: /<*> of size <*>,0.8363,Receiving block blk_<*> src: /<*> dest: /<*>,0.6058,10.87,17
290,PacketResponder 2 for block <*> terminating,partial,PacketResponder <*> for block blk_<*> terminating,0.9878,Receiving block blk_<*> src: /<*> dest: /<*>,0.4165,<*> Served block blk_<*> to /<*>,0.3888,10.62,17
291,Received block <*> of size 67108864 from /<*>,exact,Received block blk_<*> of size <*> from /<*>,0.9998,Received block blk_<*> src: /<*> dest: /<*> of size <*>,0.8363,Receiving block blk_<*> src: /<*> dest: /<*>,0.6058,10.88,17
292,Receiving block <*> src: /<*> dest: /<*>,exact,Receiving block blk_<*> src: /<*> dest: /<*>,1.0,Received block blk_<*> src: /<*> dest: /<*> of size <*>,0.8091,<*> Served block blk_<*> to /<*>,0.6183,10.91,17
293,Received block <*> of size 67108864 from /<*>,exact,Received block blk_<*> of size <*> from /<*>,0.9998,Received block blk_<*> src: /<*> dest: /<*> of size <*>,0.8363,Receiving block blk_<*> src: /<*> dest: /<*>,0.6058,10.78,17
294,Receiving block <*> src: /<*> dest: /<*>,exact,Receiving block blk_<*> src: /<*> dest: /<*>,1.0,Received block blk_<*> src: /<*> dest: /<*> of size <*>,0.8091,<*> Served block blk_<*> to /<*>,0.6183,11.09,17
295,BLOCK* NameSystem.allocateBlock: /user/root/rand6/_temporary/_task_200811101024_0013_m_001850_0/part-01850. <*>,exact,BLOCK* NameSystem.allocateBlock: <*> blk_<*>,0.9961,BLOCK* NameSystem.addStoredBlock: blockMap updated: <*> is added to blk_<*> size <*>,0.5981,BLOCK* NameSystem.delete: blk_<*> is added to invalidSet of <*>,0.5736,12.75,17
296,BLOCK* NameSystem.allocateBlock: /user/root/rand6/_temporary/_task_200811101024_0013_m_001835_0/part-01835. <*>,exact,BLOCK* NameSystem.allocateBlock: <*> blk_<*>,0.9961,BLOCK* NameSystem.addStoredBlock: blockMap updated: <*> is added to blk_<*> size <*>,0.6038,BLOCK* NameSystem.delete: blk_<*> is added to invalidSet of <*>,0.5763,13.16,17
297,PacketResponder 0 for block <*> terminating,partial,PacketResponder <*> for block blk_<*> terminating,0.9834,Receiving block blk_<*> src: /<*> dest: /<*>,0.4214,<*> Starting thread to transfer block blk_<*> to <*>,0.3798,10.97,17
298,PacketResponder 0 for block <*> terminating,partial,PacketResponder <*> for block blk_<*> terminating,0.9836,Receiving block blk_<*> src: /<*> dest: /<*>,0.4214,<*> Starting thread to transfer block blk_<*> to <*>,0.3798,10.71,17
299,BLOCK* NameSystem.allocateBlock: /user/root/rand6/_temporary/_task_200811101024_0013_m_001983_0/part-01983. <*>,exact,BLOCK* NameSystem.allocateBlock: <*> blk_<*>,0.996,BLOCK* NameSystem.addStoredBlock: blockMap updated: <*> is added to blk_<*> size <*>,0.6027,BLOCK* NameSystem.delete: blk_<*> is added to invalidSet of <*>,0.5726,12.99,17
300,PacketResponder 2 for block <*> terminating,partial,PacketResponder <*> for block blk_<*> terminating,0.9877,Receiving block blk_<*> src: /<*> dest: /<*>,0.4165,<*> Served block blk_<*> to /<*>,0.3888,10.98,17
301,PacketResponder 1 for block <*> terminating,exact,PacketResponder <*> for block blk_<*> terminating,0.9931,Receiving block blk_<*> src: /<*> dest: /<*>,0.4189,<*> Starting thread to transfer block blk_<*> to <*>,0.391,10.68,17
302,Receiving block <*> src: /<*> dest: /<*>,exact,Receiving block blk_<*> src: /<*> dest: /<*>,1.0,Received block blk_<*> src: /<*> dest: /<*> of size <*>,0.8091,<*> Served block blk_<*> to /<*>,0.6183,11.28,17
303,Receiving block <*> src: /<*> dest: /<*>,exact,Receiving block blk_<*> src: /<*> dest: /<*>,1.0,Received block blk_<*> src: /<*> dest: /<*> of size <*>,0.8091,<*> Served block blk_<*> to /<*>,0.6183,11.53,17
304,BLOCK* NameSystem.allocateBlock: /user/root/rand6/_temporary/_task_200811101024_0013_m_002009_1/part-02009. <*>,exact,BLOCK* NameSystem.allocateBlock: <*> blk_<*>,0.9947,BLOCK* NameSystem.addStoredBlock: blockMap updated: <*> is added to blk_<*> size <*>,0.6028,BLOCK* NameSystem.delete: blk_<*> is added to invalidSet of <*>,0.5768,13.42,17
305,BLOCK* NameSystem.addStoredBlock: blockMap updated: <*> is added to <*> size 67108864,exact,BLOCK* NameSystem.addStoredBlock: blockMap updated: <*> is added to blk_<*> size <*>,0.9998,BLOCK* NameSystem.allocateBlock: <*> blk_<*>,0.5935,BLOCK* NameSystem.delete: blk_<*> is added to invalidSet of <*>,0.591,12.13,17
306,Receiving block <*> src: /<*> dest: /<*>,exact,Receiving block blk_<*> src: /<*> dest: /<*>,1.0,Received block blk_<*> src: /<*> dest: /<*> of size <*>,0.8091,<*> Served block blk_<*> to /<*>,0.6183,11.42,17
307,BLOCK* NameSystem.addStoredBlock: blockMap updated: <*> is added to <*> size 67108864,exact,BLOCK* NameSystem.addStoredBlock: blockMap updated: <*> is added to blk_<*> size <*>,0.9998,BLOCK* NameSystem.allocateBlock: <*> blk_<*>,0.5935,BLOCK* NameSystem.delete: blk_<*> is added to invalidSet of <*>,0.591,11.44,17
308,Received block <*> of size 41287838 from /<*>,partial,Received block blk_<*> of size <*> from /<*>,0.9601,Received block blk_<*> src: /<*> dest: /<*> of size <*>,0.8291,Receiving block blk_<*> src: /<*> dest: /<*>,0.5975,10.62,17
309,PacketResponder 0 for block <*> terminating,partial,PacketResponder <*> for block blk_<*> terminating,0.9836,Receiving block blk_<*> src: /<*> dest: /<*>,0.4214,<*> Starting thread to transfer block blk_<*> to <*>,0.3798,10.36,17
310,BLOCK* NameSystem.delete: <*> is added to invalidSet of <*>,exact,BLOCK* NameSystem.delete: blk_<*> is added to invalidSet of <*>,1.0,BLOCK* ask <*> to delete blk_<*>,0.6576,BLOCK* NameSystem.addStoredBlock: blockMap updated: <*> is added to blk_<*> size <*>,0.5907,11.18,17
311,BLOCK* NameSystem.delete: <*> is added to invalidSet of <*>,exact,BLOCK* NameSystem.delete: blk_<*> is added to invalidSet of <*>,1.0,BLOCK* ask <*> to delete blk_<*>,0.6576,BLOCK* NameSystem.addStoredBlock: blockMap updated: <*> is added to blk_<*> size <*>,0.5907,10.96,17
312,BLOCK* NameSystem.delete: <*> is added to invalidSet of <*>,exact,BLOCK* NameSystem.delete: blk_<*> is added to invalidSet of <*>,1.0,BLOCK* ask <*> to delete blk_<*>,0.6576,BLOCK* NameSystem.addStoredBlock: blockMap updated: <*> is added to blk_<*> size <*>,0.5907,11.35,17
313,BLOCK* NameSystem.delete: <*> is added to invalidSet of <*>,exact,BLOCK* NameSystem.delete: blk_<*> is added to invalidSet of <*>,1.0,BLOCK* ask <*> to delete blk_<*>,0.6576,BLOCK* NameSystem.addStoredBlock: blockMap updated: <*> is added to blk_<*> size <*>,0.5907,11.16,17
314,BLOCK* NameSystem.delete: <*> is added to invalidSet of <*>,exact,BLOCK* NameSystem.delete: blk_<*> is added to invalidSet of <*>,1.0,BLOCK* ask <*> to delete blk_<*>,0.6576,BLOCK* NameSystem.addStoredBlock: blockMap updated: <*> is added to blk_<*> size <*>,0.5907,11.02,17
315,BLOCK* NameSystem.delete: <*> is added to invalidSet of <*>,exact,BLOCK* NameSystem.delete: blk_<*> is added to invalidSet of <*>,1.0,BLOCK* ask <*> to delete blk_<*>,0.6576,BLOCK* NameSystem.addStoredBlock: blockMap updated: <*> is added to blk_<*> size <*>,0.5907,10.91,17
316,BLOCK* NameSystem.delete: <*> is added to invalidSet of <*>,exact,BLOCK* NameSystem.delete: blk_<*> is added to invalidSet of <*>,1.0,BLOCK* ask <*> to delete blk_<*>,0.6576,BLOCK* NameSystem.addStoredBlock: blockMap updated: <*> is added to blk_<*> size <*>,0.5907,10.79,17
317,BLOCK* NameSystem.delete: <*> is added to invalidSet of <*>,exact,BLOCK* NameSystem.delete: blk_<*> is added to invalidSet of <*>,1.0,BLOCK* ask <*> to delete blk_<*>,0.6576,BLOCK* NameSystem.addStoredBlock: blockMap updated: <*> is added to blk_<*> size <*>,0.5907,11.17,17
318,BLOCK* NameSystem.delete: <*> is added to invalidSet of <*>,exact,BLOCK* NameSystem.delete: blk_<*> is added to invalidSet of <*>,1.0,BLOCK* ask <*> to delete blk_<*>,0.6576,BLOCK* NameSystem.addStoredBlock: blockMap updated: <*> is added to blk_<*> size <*>,0.5907,11.0,17
319,BLOCK* NameSystem.delete: <*> is added to invalidSet of <*>,exact,BLOCK* NameSystem.delete: blk_<*> is added to invalidSet of <*>,1.0,BLOCK* ask <*> to delete blk_<*>,0.6576,BLOCK* NameSystem.addStoredBlock: blockMap updated: <*> is added to blk_<*> size <*>,0.5907,11.42,17
320,BLOCK* NameSystem.delete: <*> is added to invalidSet of <*>,exact,BLOCK* NameSystem.delete: blk_<*> is added to invalidSet of <*>,1.0,BLOCK* ask <*> to delete blk_<*>,0.6576,BLOCK* NameSystem.addStoredBlock: blockMap updated: <*> is added to blk_<*> size <*>,0.5907,10.84,17
321,BLOCK* NameSystem.delete: <*> is added to invalidSet of <*>,exact,BLOCK* NameSystem.delete: blk_<*> is added to invalidSet of <*>,1.0,BLOCK* ask <*> to delete blk_<*>,0.6576,BLOCK* NameSystem.addStoredBlock: blockMap updated: <*> is added to blk_<*> size <*>,0.5907,11.69,17
322,BLOCK* NameSystem.delete: <*> is added to invalidSet of <*>,exact,BLOCK* NameSystem.delete: blk_<*> is added to invalidSet of <*>,1.0,BLOCK* ask <*> to delete blk_<*>,0.6576,BLOCK* NameSystem.addStoredBlock: blockMap updated: <*> is added to blk_<*> size <*>,0.5907,11.47,17
323,Receiving block <*> src: /<*> dest: /<*>,exact,Receiving block blk_<*> src: /<*> dest: /<*>,1.0,Received block blk_<*> src: /<*> dest: /<*> of size <*>,0.8091,<*> Served block blk_<*> to /<*>,0.6183,11.99,17
324,Deleting block <*> file /mnt/hadoop/dfs/data/current/subdir46/<*>,partial,Deleting block blk_<*> file <*>,0.9875,Deleting block blk_<*> file /mnt/hadoop/dfs/data/current/<*>,0.9451,BLOCK* NameSystem.delete: blk_<*> is added to invalidSet of <*>,0.4727,12.17,17
325,PacketResponder 0 for block <*> terminating,partial,PacketResponder <*> for block blk_<*> terminating,0.9837,Receiving block blk_<*> src: /<*> dest: /<*>,0.4214,<*> Starting thread to transfer block blk_<*> to <*>,0.3798,11.16,17
326,Deleting block <*> file /mnt/hadoop/dfs/data/current/subdir33/<*>,partial,Deleting block blk_<*> file <*>,0.9756,Deleting block blk_<*> file /mnt/hadoop/dfs/data/current/<*>,0.9309,BLOCK* NameSystem.delete: blk_<*> is added to invalidSet of <*>,0.4547,11.6,17
327,Receiving block <*> src: /<*> dest: /<*>,exact,Receiving block blk_<*> src: /<*> dest: /<*>,1.0,Received block blk_<*> src: /<*> dest: /<*> of size <*>,0.8091,<*> Served block blk_<*> to /<*>,0.6183,11.44,17
328,Deleting block <*> file /mnt/hadoop/dfs/data/current/subdir30/<*>,partial,Deleting block blk_<*> file <*>,0.979,Deleting block blk_<*> file /mnt/hadoop/dfs/data/current/<*>,0.9325,BLOCK* NameSystem.allocateBlock: <*> blk_<*>,0.46,12.73,17
329,Deleting block <*> file /mnt/hadoop/dfs/data/current/subdir56/<*>,partial,Deleting block blk_<*> file <*>,0.968,Deleting block blk_<*> file /mnt/hadoop/dfs/data/current/<*>,0.9206,BLOCK* NameSystem.allocateBlock: <*> blk_<*>,0.4584,11.88,17
330,Deleting block <*> file /mnt/hadoop/dfs/data/current/subdir26/<*>,exact,Deleting block blk_<*> file <*>,0.991,Deleting block blk_<*> file /mnt/hadoop/dfs/data/current/<*>,0.9425,BLOCK* NameSystem.delete: blk_<*> is added to invalidSet of <*>,0.4613,11.2,17
331,PacketResponder 0 for block <*> terminating,partial,PacketResponder <*> for block blk_<*> terminating,0.9839,Receiving block blk_<*> src: /<*> dest: /<*>,0.4214,<*> Starting thread to transfer block blk_<*> to <*>,0.3798,11.31,17
332,Deleting block <*> file /mnt/hadoop/dfs/data/current/subdir63/<*>,partial,Deleting block blk_<*> file <*>,0.9701,Deleting block blk_<*> file /mnt/hadoop/dfs/data/current/<*>,0.9289,BLOCK* NameSystem.delete: blk_<*> is added to invalidSet of <*>,0.4611,12.01,17
333,Deleting block <*> file /mnt/hadoop/dfs/data/current/<*>,exact,Deleting block blk_<*> file /mnt/hadoop/dfs/data/current/<*>,1.0,Deleting block blk_<*> file <*>,0.9545,BLOCK* NameSystem.delete: blk_<*> is added to invalidSet of <*>,0.4877,11.98,17
334,Deleting block <*> file /mnt/hadoop/dfs/data/current/<*>,exact,Deleting block blk_<*> file /mnt/hadoop/dfs/data/current/<*>,1.0,Deleting block blk_<*> file <*>,0.9545,BLOCK* NameSystem.delete: blk_<*> is added to invalidSet of <*>,0.4877,11.8,17
335,Deleting block <*> file /mnt/hadoop/dfs/data/current/subdir38/<*>,partial,Deleting block blk_<*> file <*>,0.9809,Deleting block blk_<*> file /mnt/hadoop/dfs/data/current/<*>,0.939,BLOCK* NameSystem.allocateBlock: <*> blk_<*>,0.4769,12.88,17
336,Deleting block <*> file /mnt/hadoop/dfs/data/current/subdir54/<*>,partial,Deleting block blk_<*> file <*>,0.9783,Deleting block blk_<*> file /mnt/hadoop/dfs/data/current/<*>,0.935,BLOCK* NameSystem.delete: blk_<*> is added to invalidSet of <*>,0.4428,12.95,17
337,Deleting block <*> file /mnt/hadoop/dfs/data/current/subdir16/<*>,partial,Deleting block blk_<*> file <*>,0.9741,Deleting block blk_<*> file /mnt/hadoop/dfs/data/current/<*>,0.9276,BLOCK* NameSystem.delete: blk_<*> is added to invalidSet of <*>,0.4597,12.73,17
338,Deleting block <*> file /mnt/hadoop/dfs/data/current/subdir34/<*>,partial,Deleting block blk_<*> file <*>,0.9816,Deleting block blk_<*> file /mnt/hadoop/dfs/data/current/<*>,0.9348,BLOCK* NameSystem.delete: blk_<*> is added to invalidSet of <*>,0.4657,11.59,17
339,Deleting block <*> file /mnt/hadoop/dfs/data/current/subdir45/<*>,partial,Deleting block blk_<*> file <*>,0.9734,Deleting block blk_<*> file /mnt/hadoop/dfs/data/current/<*>,0.9334,BLOCK* NameSystem.allocateBlock: <*> blk_<*>,0.4644,11.83,17
340,Deleting block <*> file /mnt/hadoop/dfs/data/current/<*>,exact,Deleting block blk_<*> file /mnt/hadoop/dfs/data/current/<*>,1.0,Deleting block blk_<*> file <*>,0.9546,BLOCK* NameSystem.delete: blk_<*> is added to invalidSet of <*>,0.4877,11.18,17
341,Deleting block <*> file /mnt/hadoop/dfs/data/current/subdir57/<*>,partial,Deleting block blk_<*> file <*>,0.9688,Deleting block blk_<*> file /mnt/hadoop/dfs/data/current/<*>,0.933,BLOCK* NameSystem.allocateBlock: <*> blk_<*>,0.4702,11.07,17
342,Deleting block <*> file /mnt/hadoop/dfs/data/current/subdir43/<*>,partial,Deleting block blk_<*> file <*>,0.9859,Deleting block blk_<*> file /mnt/hadoop/dfs/data/current/<*>,0.9384,BLOCK* NameSystem.allocateBlock: <*> blk_<*>,0.4694,11.25,17
343,Deleting block <*> file /mnt/hadoop/dfs/data/current/subdir0/<*>,exact,Deleting block blk_<*> file <*>,0.9929,Deleting block blk_<*> file /mnt/hadoop/dfs/data/current/<*>,0.9524,BLOCK* NameSystem.allocateBlock: <*> blk_<*>,0.4663,11.05,17
344,Deleting block <*> file /mnt/hadoop/dfs/data/current/<*>,exact,Deleting block blk_<*> file /mnt/hadoop/dfs/data/current/<*>,1.0,Deleting block blk_<*> file <*>,0.9546,BLOCK* NameSystem.delete: blk_<*> is added to invalidSet of <*>,0.4877,10.99,17
345,Deleting block <*> file /mnt/hadoop/dfs/data/current/subdir39/<*>,partial,Deleting block blk_<*> file <*>,0.9798,Deleting block blk_<*> file /mnt/hadoop/dfs/data/current/<*>,0.9347,BLOCK* NameSystem.delete: blk_<*> is added to invalidSet of <*>,0.4717,10.98,17
346,Deleting block <*> file /mnt/hadoop/dfs/data/current/<*>,exact,Deleting block blk_<*> file /mnt/hadoop/dfs/data/current/<*>,1.0,Deleting block blk_<*> file <*>,0.9546,BLOCK* NameSystem.delete: blk_<*> is added to invalidSet of <*>,0.4877,10.76,17
347,Deleting block <*> file /mnt/hadoop/dfs/data/current/subdir4/<*>,partial,Deleting block blk_<*> file <*>,0.9808,Deleting block blk_<*> file /mnt/hadoop/dfs/data/current/<*>,0.9417,BLOCK* NameSystem.delete: blk_<*> is added to invalidSet of <*>,0.4727,11.18,17
348,Deleting block <*> file /mnt/hadoop/dfs/data/current/subdir24/<*>,partial,Deleting block blk_<*> file <*>,0.9747,Deleting block blk_<*> file /mnt/hadoop/dfs/data/current/<*>,0.9179,BLOCK* NameSystem.delete: blk_<*> is added to invalidSet of <*>,0.4437,11.03,17
349,BLOCK* NameSystem.addStoredBlock: blockMap updated: <*> is added to <*> size 67108864,exact,BLOCK* NameSystem.addStoredBlock: blockMap updated: <*> is added to blk_<*> size <*>,0.9998,BLOCK* NameSystem.allocateBlock: <*> blk_<*>,0.5935,BLOCK* NameSystem.delete: blk_<*> is added to invalidSet of <*>,0.591,10.74,17
350,Deleting block <*> file /mnt/hadoop/dfs/data/current/subdir7/<*>,partial,Deleting block blk_<*> file <*>,0.9686,Deleting block blk_<*> file /mnt/hadoop/dfs/data/current/<*>,0.9277,BLOCK* NameSystem.allocateBlock: <*> blk_<*>,0.4669,11.15,17
351,Deleting block <*> file /mnt/hadoop/dfs/data/current/subdir13/<*>,partial,Deleting block blk_<*> file <*>,0.9737,Deleting block blk_<*> file /mnt/hadoop/dfs/data/current/<*>,0.9302,BLOCK* NameSystem.delete: blk_<*> is added to invalidSet of <*>,0.4471,11.25,17
352,Receiving block <*> src: /<*> dest: /<*>,exact,Receiving block blk_<*> src: /<*> dest: /<*>,1.0,Received block blk_<*> src: /<*> dest: /<*> of size <*>,0.8091,<*> Served block blk_<*> to /<*>,0.6183,10.53,17
353,Receiving block <*> src: /<*> dest: /<*>,exact,Receiving block blk_<*> src: /<*> dest: /<*>,1.0,Received block blk_<*> src: /<*> dest: /<*> of size <*>,0.8091,<*> Served block blk_<*> to /<*>,0.6183,10.69,17
354,Received block <*> of size 67108864 from /<*>,exact,Received block blk_<*> of size <*> from /<*>,0.9998,Received block blk_<*> src: /<*> dest: /<*> of size <*>,0.8363,Receiving block blk_<*> src: /<*> dest: /<*>,0.6058,10.76,17
355,Deleting block <*> file /mnt/hadoop/dfs/data/current/subdir27/<*>,partial,Deleting block blk_<*> file <*>,0.9859,Deleting block blk_<*> file /mnt/hadoop/dfs/data/current/<*>,0.936,BLOCK* NameSystem.delete: blk_<*> is added to invalidSet of <*>,0.4504,11.09,17
356,BLOCK* NameSystem.addStoredBlock: blockMap updated: <*> is added to <*> size 67108864,exact,BLOCK* NameSystem.addStoredBlock: blockMap updated: <*> is added to blk_<*> size <*>,0.9998,BLOCK* NameSystem.allocateBlock: <*> blk_<*>,0.5935,BLOCK* NameSystem.delete: blk_<*> is added to invalidSet of <*>,0.591,11.14,17
357,BLOCK* NameSystem.addStoredBlock: blockMap updated: <*> is added to <*> size 67108864,exact,BLOCK* NameSystem.addStoredBlock: blockMap updated: <*> is added to blk_<*> size <*>,0.9998,BLOCK* NameSystem.allocateBlock: <*> blk_<*>,0.5935,BLOCK* NameSystem.delete: blk_<*> is added to invalidSet of <*>,0.591,11.75,17
358,BLOCK* NameSystem.addStoredBlock: blockMap updated: <*> is added to <*> size 67108864,exact,BLOCK* NameSystem.addStoredBlock: blockMap updated: <*> is added to blk_<*> size <*>,0.9998,BLOCK* NameSystem.allocateBlock: <*> blk_<*>,0.5935,BLOCK* NameSystem.delete: blk_<*> is added to invalidSet of <*>,0.591,11.22,17
359,Receiving block <*> src: /<*> dest: /<*>,exact,Receiving block blk_<*> src: /<*> dest: /<*>,1.0,Received block blk_<*> src: /<*> dest: /<*> of size <*>,0.8091,<*> Served block blk_<*> to /<*>,0.6183,10.71,17
360,Received block <*> of size 67108864 from /<*>,exact,Received block blk_<*> of size <*> from /<*>,0.9998,Received block blk_<*> src: /<*> dest: /<*> of size <*>,0.8363,Receiving block blk_<*> src: /<*> dest: /<*>,0.6058,10.47,17
361,Receiving block <*> src: /<*> dest: /<*>,exact,Receiving block blk_<*> src: /<*> dest: /<*>,1.0,Received block blk_<*> src: /<*> dest: /<*> of size <*>,0.8091,<*> Served block blk_<*> to /<*>,0.6183,10.37,17
362,PacketResponder 0 for block <*> terminating,partial,PacketResponder <*> for block blk_<*> terminating,0.9841,Receiving block blk_<*> src: /<*> dest: /<*>,0.4214,<*> Starting thread to transfer block blk_<*> to <*>,0.3798,10.54,17
363,BLOCK* NameSystem.addStoredBlock: blockMap updated: <*> is added to <*> size 67108864,exact,BLOCK* NameSystem.addStoredBlock: blockMap updated: <*> is added to blk_<*> size <*>,0.9998,BLOCK* NameSystem.allocateBlock: <*> blk_<*>,0.5935,BLOCK* NameSystem.delete: blk_<*> is added to invalidSet of <*>,0.591,11.25,17
364,Received block <*> of size 67108864 from /<*>,exact,Received block blk_<*> of size <*> from /<*>,0.9998,Received block blk_<*> src: /<*> dest: /<*> of size <*>,0.8363,Receiving block blk_<*> src: /<*> dest: /<*>,0.6058,10.25,17
365,BLOCK* ask <*> to replicate <*> to datanode(s) <*>,exact,BLOCK* ask <*> to replicate blk_<*> to datanode(s) <*>,1.0,<*> Starting thread to transfer block blk_<*> to <*>,0.4602,<*> Served block blk_<*> to /<*>,0.3925,10.64,17
366,BLOCK* NameSystem.addStoredBlock: blockMap updated: <*> is added to <*> size 67108864,exact,BLOCK* NameSystem.addStoredBlock: blockMap updated: <*> is added to blk_<*> size <*>,0.9998,BLOCK* NameSystem.allocateBlock: <*> blk_<*>,0.5935,BLOCK* NameSystem.delete: blk_<*> is added to invalidSet of <*>,0.591,11.09,17
367,Received block <*> of size 67108864 from /<*>,exact,Received block blk_<*> of size <*> from /<*>,0.9998,Received block blk_<*> src: /<*> dest: /<*> of size <*>,0.8363,Receiving block blk_<*> src: /<*> dest: /<*>,0.6058,10.66,17
368,Received block <*> src: /<*> dest: /<*> of size 67108864,exact,Received block blk_<*> src: /<*> dest: /<*> of size <*>,1.0,Received block blk_<*> of size <*> from /<*>,0.8384,Receiving block blk_<*> src: /<*> dest: /<*>,0.8091,15.68,17
369,Receiving block <*> src: /<*> dest: /<*>,exact,Receiving block blk_<*> src: /<*> dest: /<*>,1.0,Received block blk_<*> src: /<*> dest: /<*> of size <*>,0.8091,<*> Served block blk_<*> to /<*>,0.6183,15.37,17
370,Deleting block <*> file /mnt/hadoop/dfs/data/current/subdir2/<*>,partial,Deleting block blk_<*> file <*>,0.9871,Deleting block blk_<*> file /mnt/hadoop/dfs/data/current/<*>,0.9415,BLOCK* NameSystem.delete: blk_<*> is added to invalidSet of <*>,0.4602,15.67,17
371,Received block <*> of size 67108864 from /<*>,exact,Received block blk_<*> of size <*> from /<*>,0.9998,Received block blk_<*> src: /<*> dest: /<*> of size <*>,0.8363,Receiving block blk_<*> src: /<*> dest: /<*>,0.6058,15.04,17
372,BLOCK* NameSystem.addStoredBlock: blockMap updated: <*> is added to <*> size 67108864,exact,BLOCK* NameSystem.addStoredBlock: blockMap updated: <*> is added to blk_<*> size <*>,0.9998,BLOCK* NameSystem.allocateBlock: <*> blk_<*>,0.5935,BLOCK* NameSystem.delete: blk_<*> is added to invalidSet of <*>,0.591,15.57,17
373,Receiving block <*> src: /<*> dest: /<*>,exact,Receiving block blk_<*> src: /<*> dest: /<*>,1.0,Received block blk_<*> src: /<*> dest: /<*> of size <*>,0.8091,<*> Served block blk_<*> to /<*>,0.6183,14.71,17
374,BLOCK* NameSystem.addStoredBlock: blockMap updated: <*> is added to <*> size 67108864,exact,BLOCK* NameSystem.addStoredBlock: blockMap updated: <*> is added to blk_<*> size <*>,0.9998,BLOCK* NameSystem.allocateBlock: <*> blk_<*>,0.5935,BLOCK* NameSystem.delete: blk_<*> is added to invalidSet of <*>,0.591,15.42,17
375,Received block <*> of size 67108864 from /<*>,exact,Received block blk_<*> of size <*> from /<*>,0.9998,Received block blk_<*> src: /<*> dest: /<*> of size <*>,0.8363,Receiving block blk_<*> src: /<*> dest: /<*>,0.6058,13.5,17
376,Received block <*> of size 67108864 from /<*>,exact,Received block blk_<*> of size <*> from /<*>,0.9998,Received block blk_<*> src: /<*> dest: /<*> of size <*>,0.8363,Receiving block blk_<*> src: /<*> dest: /<*>,0.6058,10.84,17
377,Receiving block <*> src: /<*> dest: /<*>,exact,Receiving block blk_<*> src: /<*> dest: /<*>,1.0,Received block blk_<*> src: /<*> dest: /<*> of size <*>,0.8091,<*> Served block blk_<*> to /<*>,0.6183,10.62,17
378,Received block <*> of size 67108864 from /<*>,exact,Received block blk_<*> of size <*> from /<*>,0.9998,Received block blk_<*> src: /<*> dest: /<*> of size <*>,0.8363,Receiving block blk_<*> src: /<*> dest: /<*>,0.6058,10.28,17
379,PacketResponder 2 for block <*> terminating,partial,PacketResponder <*> for block blk_<*> terminating,0.9874,Receiving block blk_<*> src: /<*> dest: /<*>,0.4165,<*> Served block blk_<*> to /<*>,0.3888,10.6,17
380,Receiving block <*> src: /<*> dest: /<*>,exact,Receiving block blk_<*> src: /<*> dest: /<*>,1.0,Received block blk_<*> src: /<*> dest: /<*> of size <*>,0.8091,<*> Served block blk_<*> to /<*>,0.6183,10.56,17
381,BLOCK* NameSystem.addStoredBlock: blockMap updated: <*> is added to <*> size 67108864,exact,BLOCK* NameSystem.addStoredBlock: blockMap updated: <*> is added to blk_<*> size <*>,0.9998,BLOCK* NameSystem.allocateBlock: <*> blk_<*>,0.5935,BLOCK* NameSystem.delete: blk_<*> is added to invalidSet of <*>,0.591,11.17,17
382,Receiving block <*> src: /<*> dest: /<*>,exact,Receiving block blk_<*> src: /<*> dest: /<*>,1.0,Received block blk_<*> src: /<*> dest: /<*> of size <*>,0.8091,<*> Served block blk_<*> to /<*>,0.6183,11.25,17
383,Received block <*> of size 67108864 from /<*>,exact,Received block blk_<*> of size <*> from /<*>,0.9998,Received block blk_<*> src: /<*> dest: /<*> of size <*>,0.8363,Receiving block blk_<*> src: /<*> dest: /<*>,0.6058,10.72,17
384,BLOCK* NameSystem.allocateBlock: /user/root/rand7/_temporary/_task_200811101024_0014_m_001049_0/part-01049. <*>,exact,BLOCK* NameSystem.allocateBlock: <*> blk_<*>,0.9968,BLOCK* NameSystem.addStoredBlock: blockMap updated: <*> is added to blk_<*> size <*>,0.5991,BLOCK* NameSystem.delete: blk_<*> is added to invalidSet of <*>,0.5698,12.12,17
385,PacketResponder 0 for block <*> terminating,partial,PacketResponder <*> for block blk_<*> terminating,0.9842,Receiving block blk_<*> src: /<*> dest: /<*>,0.4214,<*> Starting thread to transfer block blk_<*> to <*>,0.3798,10.5,17
386,PacketResponder 2 for block <*> terminating,partial,PacketResponder <*> for block blk_<*> terminating,0.9874,Receiving block blk_<*> src: /<*> dest: /<*>,0.4165,<*> Served block blk_<*> to /<*>,0.3888,10.58,17
387,BLOCK* NameSystem.addStoredBlock: blockMap updated: <*> is added to <*> size 67108864,exact,BLOCK* NameSystem.addStoredBlock: blockMap updated: <*> is added to blk_<*> size <*>,0.9998,BLOCK* NameSystem.allocateBlock: <*> blk_<*>,0.5936,BLOCK* NameSystem.delete: blk_<*> is added to invalidSet of <*>,0.591,11.49,17
388,Received block <*> of size 67108864 from /<*>,exact,Received block blk_<*> of size <*> from /<*>,0.9998,Received block blk_<*> src: /<*> dest: /<*> of size <*>,0.8363,Receiving block blk_<*> src: /<*> dest: /<*>,0.6058,10.53,17
389,Receiving block <*> src: /<*> dest: /<*>,exact,Receiving block blk_<*> src: /<*> dest: /<*>,1.0,Received block blk_<*> src: /<*> dest: /<*> of size <*>,0.8091,<*> Served block blk_<*> to /<*>,0.6183,10.52,17
390,PacketResponder 1 for block <*> terminating,exact,PacketResponder <*> for block blk_<*> terminating,0.9928,Receiving block blk_<*> src: /<*> dest: /<*>,0.4189,<*> Starting thread to transfer block blk_<*> to <*>,0.391,10.31,17
391,Received block <*> of size 67108864 from /<*>,exact,Received block blk_<*> of size <*> from /<*>,0.9998,Received block blk_<*> src: /<*> dest: /<*> of size <*>,0.8363,Receiving block blk_<*> src: /<*> dest: /<*>,0.6058,10.41,17
392,PacketResponder 0 for block <*> terminating,partial,PacketResponder <*> for block blk_<*> terminating,0.9842,Receiving block blk_<*> src: /<*> dest: /<*>,0.4214,<*> Starting thread to transfer block blk_<*> to <*>,0.3798,10.28,17
393,BLOCK* NameSystem.addStoredBlock: blockMap updated: <*> is added to <*> size 67108864,exact,BLOCK* NameSystem.addStoredBlock: blockMap updated: <*> is added to blk_<*> size <*>,0.9998,BLOCK* NameSystem.allocateBlock: <*> blk_<*>,0.5936,BLOCK* NameSystem.delete: blk_<*> is added to invalidSet of <*>,0.591,11.16,17
394,Received block <*> of size 67108864 from /<*>,exact,Received block blk_<*> of size <*> from /<*>,0.9998,Received block blk_<*> src: /<*> dest: /<*> of size <*>,0.8363,Receiving block blk_<*> src: /<*> dest: /<*>,0.6058,10.47,17
395,PacketResponder 2 for block <*> terminating,partial,PacketResponder <*> for block blk_<*> terminating,0.9874,Receiving block blk_<*> src: /<*> dest: /<*>,0.4165,<*> Served block blk_<*> to /<*>,0.3888,10.38,17
396,BLOCK* NameSystem.allocateBlock: /user/root/rand7/_temporary/_task_200811101024_0014_m_000973_0/part-00973. <*>,exact,BLOCK* NameSystem.allocateBlock: <*> blk_<*>,0.997,BLOCK* NameSystem.addStoredBlock: blockMap updated: <*> is added to blk_<*> size <*>,0.5927,BLOCK* NameSystem.delete: blk_<*> is added to invalidSet of <*>,0.5608,12.45,17
397,BLOCK* NameSystem.allocateBlock: /user/root/rand7/_temporary/_task_200811101024_0014_m_001348_0/part-01348. <*>,exact,BLOCK* NameSystem.allocateBlock: <*> blk_<*>,0.9972,BLOCK* NameSystem.addStoredBlock: blockMap updated: <*> is added to blk_<*> size <*>,0.5984,BLOCK* NameSystem.delete: blk_<*> is added to invalidSet of <*>,0.5692,17.7,17
398,Received block <*> of size 67108864 from /<*>,exact,Received block blk_<*> of size <*> from /<*>,0.9998,Received block blk_<*> src: /<*> dest: /<*> of size <*>,0.8363,Receiving block blk_<*> src: /<*> dest: /<*>,0.6058,16.66,17
399,BLOCK* NameSystem.addStoredBlock: blockMap updated: <*> is added to <*> size 67108864,exact,BLOCK* NameSystem.addStoredBlock: blockMap updated: <*> is added to blk_<*> size <*>,0.9998,BLOCK* NameSystem.allocateBlock: <*> blk_<*>,0.5936,BLOCK* NameSystem.delete: blk_<*> is added to invalidSet of <*>,0.591,17.2,17
400,PacketResponder 1 for block <*> terminating,exact,PacketResponder <*> for block blk_<*> terminating,0.9928,Receiving block blk_<*> src: /<*> dest: /<*>,0.4189,<*> Starting thread to transfer block blk_<*> to <*>,0.391,15.9,17
401,BLOCK* NameSystem.addStoredBlock: blockMap updated: <*> is added to <*> size 67108864,exact,BLOCK* NameSystem.addStoredBlock: blockMap updated: <*> is added to blk_<*> size <*>,0.9998,BLOCK* NameSystem.allocateBlock: <*> blk_<*>,0.5936,BLOCK* NameSystem.delete: blk_<*> is added to invalidSet of <*>,0.591,16.78,17
402,Receiving block <*> src: /<*> dest: /<*>,exact,Receiving block blk_<*> src: /<*> dest: /<*>,1.0,Received block blk_<*> src: /<*> dest: /<*> of size <*>,0.8091,<*> Served block blk_<*> to /<*>,0.6183,16.85,17
403,BLOCK* NameSystem.addStoredBlock: blockMap updated: <*> is added to <*> size 67108864,exact,BLOCK* NameSystem.addStoredBlock: blockMap updated: <*> is added to blk_<*> size <*>,0.9998,BLOCK* NameSystem.allocateBlock: <*> blk_<*>,0.5936,BLOCK* NameSystem.delete: blk_<*> is added to invalidSet of <*>,0.591,17.74,17
404,PacketResponder 0 for block <*> terminating,partial,PacketResponder <*> for block blk_<*> terminating,0.9842,Receiving block blk_<*> src: /<*> dest: /<*>,0.4214,<*> Starting thread to transfer block blk_<*> to <*>,0.3798,16.36,17
405,Receiving block <*> src: /<*> dest: /<*>,exact,Receiving block blk_<*> src: /<*> dest: /<*>,1.0,Received block blk_<*> src: /<*> dest: /<*> of size <*>,0.8091,<*> Served block blk_<*> to /<*>,0.6183,16.2,17
406,Receiving block <*> src: /<*> dest: /<*>,exact,Receiving block blk_<*> src: /<*> dest: /<*>,1.0,Received block blk_<*> src: /<*> dest: /<*> of size <*>,0.8091,<*> Served block blk_<*> to /<*>,0.6183,16.27,17
407,PacketResponder 1 for block <*> terminating,exact,PacketResponder <*> for block blk_<*> terminating,0.9928,Receiving block blk_<*> src: /<*> dest: /<*>,0.4189,<*> Starting thread to transfer block blk_<*> to <*>,0.391,15.99,17
408,Receiving block <*> src: /<*> dest: /<*>,exact,Receiving block blk_<*> src: /<*> dest: /<*>,1.0,Received block blk_<*> src: /<*> dest: /<*> of size <*>,0.8091,<*> Served block blk_<*> to /<*>,0.6183,16.09,17
409,PacketResponder 2 for block <*> terminating,partial,PacketResponder <*> for block blk_<*> terminating,0.9874,Receiving block blk_<*> src: /<*> dest: /<*>,0.4165,<*> Served block blk_<*> to /<*>,0.3888,16.0,17
410,BLOCK* NameSystem.addStoredBlock: blockMap updated: <*> is added to <*> size 67108864,exact,BLOCK* NameSystem.addStoredBlock: blockMap updated: <*> is added to blk_<*> size <*>,0.9998,BLOCK* NameSystem.allocateBlock: <*> blk_<*>,0.5936,BLOCK* NameSystem.delete: blk_<*> is added to invalidSet of <*>,0.591,16.8,17
411,Received block <*> of size 67108864 from /<*>,exact,Received block blk_<*> of size <*> from /<*>,0.9998,Received block blk_<*> src: /<*> dest: /<*> of size <*>,0.8363,Receiving block blk_<*> src: /<*> dest: /<*>,0.6058,15.93,17
412,PacketResponder 0 for block <*> terminating,partial,PacketResponder <*> for block blk_<*> terminating,0.9841,Receiving block blk_<*> src: /<*> dest: /<*>,0.4214,<*> Starting thread to transfer block blk_<*> to <*>,0.3798,15.65,17
413,PacketResponder 1 for block <*> terminating,exact,PacketResponder <*> for block blk_<*> terminating,0.9928,Receiving block blk_<*> src: /<*> dest: /<*>,0.4189,<*> Starting thread to transfer block blk_<*> to <*>,0.391,15.86,17
414,BLOCK* NameSystem.addStoredBlock: blockMap updated: <*> is added to <*> size 67108864,exact,BLOCK* NameSystem.addStoredBlock: blockMap updated: <*> is added to blk_<*> size <*>,0.9998,BLOCK* NameSystem.allocateBlock: <*> blk_<*>,0.5936,BLOCK* NameSystem.delete: blk_<*> is added to invalidSet of <*>,0.591,16.81,17
415,Receiving block <*> src: /<*> dest: /<*>,exact,Receiving block blk_<*> src: /<*> dest: /<*>,1.0,Received block blk_<*> src: /<*> dest: /<*> of size <*>,0.8091,<*> Served block blk_<*> to /<*>,0.6183,16.24,17
416,PacketResponder 0 for block <*> terminating,partial,PacketResponder <*> for block blk_<*> terminating,0.9842,Receiving block blk_<*> src: /<*> dest: /<*>,0.4214,<*> Starting thread to transfer block blk_<*> to <*>,0.3798,16.15,17
417,BLOCK* NameSystem.allocateBlock: /user/root/rand7/_temporary/_task_200811101024_0014_m_001394_0/part-01394. <*>,exact,BLOCK* NameSystem.allocateBlock: <*> blk_<*>,0.9969,BLOCK* NameSystem.addStoredBlock: blockMap updated: <*> is added to blk_<*> size <*>,0.6009,BLOCK* NameSystem.delete: blk_<*> is added to invalidSet of <*>,0.5747,18.92,17
418,PacketResponder 1 for block <*> terminating,exact,PacketResponder <*> for block blk_<*> terminating,0.9928,Receiving block blk_<*> src: /<*> dest: /<*>,0.4189,<*> Starting thread to transfer block blk_<*> to <*>,0.391,16.74,17
419,BLOCK* NameSystem.addStoredBlock: blockMap updated: <*> is added to <*> size 67108864,exact,BLOCK* NameSystem.addStoredBlock: blockMap updated: <*> is added to blk_<*> size <*>,0.9998,BLOCK* NameSystem.allocateBlock: <*> blk_<*>,0.5937,BLOCK* NameSystem.delete: blk_<*> is added to invalidSet of <*>,0.591,17.99,17
420,PacketResponder 0 for block <*> terminating,partial,PacketResponder <*> for block blk_<*> terminating,0.9843,Receiving block blk_<*> src: /<*> dest: /<*>,0.4214,<*> Starting thread to transfer block blk_<*> to <*>,0.3798,16.67,17
421,PacketResponder 2 for block <*> terminating,partial,PacketResponder <*> for block blk_<*> terminating,0.9872,Receiving block blk_<*> src: /<*> dest: /<*>,0.4165,<*> Served block blk_<*> to /<*>,0.3888,16.55,17
422,BLOCK* NameSystem.allocateBlock: /user/root/rand7/_temporary/_task_200811101024_0014_m_001736_0/part-01736. <*>,exact,BLOCK* NameSystem.allocateBlock: <*> blk_<*>,0.9971,BLOCK* NameSystem.addStoredBlock: blockMap updated: <*> is added to blk_<*> size <*>,0.5953,BLOCK* NameSystem.delete: blk_<*> is added to invalidSet of <*>,0.5691,19.22,17
423,BLOCK* NameSystem.addStoredBlock: blockMap updated: <*> is added to <*> size 67108864,exact,BLOCK* NameSystem.addStoredBlock: blockMap updated: <*> is added to blk_<*> size <*>,0.9998,BLOCK* NameSystem.allocateBlock: <*> blk_<*>,0.5937,BLOCK* NameSystem.delete: blk_<*> is added to invalidSet of <*>,0.591,17.79,17
424,BLOCK* NameSystem.allocateBlock: /user/root/rand7/_temporary/_task_200811101024_0014_m_001649_0/part-01649. <*>,exact,BLOCK* NameSystem.allocateBlock: <*> blk_<*>,0.9976,BLOCK* NameSystem.addStoredBlock: blockMap updated: <*> is added to blk_<*> size <*>,0.5979,BLOCK* NameSystem.delete: blk_<*> is added to invalidSet of <*>,0.5635,18.86,17
425,Received block <*> of size 67108864 from /<*>,exact,Received block blk_<*> of size <*> from /<*>,0.9999,Received block blk_<*> src: /<*> dest: /<*> of size <*>,0.8363,Receiving block blk_<*> src: /<*> dest: /<*>,0.6058,19.9,17
426,BLOCK* NameSystem.addStoredBlock: blockMap updated: <*> is added to <*> size 67108864,exact,BLOCK* NameSystem.addStoredBlock: blockMap updated: <*> is added to blk_<*> size <*>,0.9998,BLOCK* NameSystem.allocateBlock: <*> blk_<*>,0.5938,BLOCK* NameSystem.delete: blk_<*> is added to invalidSet of <*>,0.591,12.62,17
427,Receiving block <*> src: /<*> dest: /<*>,exact,Receiving block blk_<*> src: /<*> dest: /<*>,1.0,Received block blk_<*> src: /<*> dest: /<*> of size <*>,0.8091,<*> Served block blk_<*> to /<*>,0.6183,11.14,17
428,Received block <*> of size 67108864 from /<*>,exact,Received block blk_<*> of size <*> from /<*>,0.9999,Received block blk_<*> src: /<*> dest: /<*> of size <*>,0.8363,Receiving block blk_<*> src: /<*> dest: /<*>,0.6058,10.7,17
429,BLOCK* NameSystem.allocateBlock: /user/root/rand7/_temporary/_task_200811101024_0014_m_001940_0/part-01940. <*>,exact,BLOCK* NameSystem.allocateBlock: <*> blk_<*>,0.997,BLOCK* NameSystem.addStoredBlock: blockMap updated: <*> is added to blk_<*> size <*>,0.6036,BLOCK* NameSystem.delete: blk_<*> is added to invalidSet of <*>,0.5749,12.1,17
430,Received block <*> of size 67108864 from /<*>,exact,Received block blk_<*> of size <*> from /<*>,0.9999,Received block blk_<*> src: /<*> dest: /<*> of size <*>,0.8363,Receiving block blk_<*> src: /<*> dest: /<*>,0.6058,11.22,17
431,BLOCK* NameSystem.addStoredBlock: blockMap updated: <*> is added to <*> size 67108864,exact,BLOCK* NameSystem.addStoredBlock: blockMap updated: <*> is added to blk_<*> size <*>,0.9999,BLOCK* NameSystem.allocateBlock: <*> blk_<*>,0.5938,BLOCK* NameSystem.delete: blk_<*> is added to invalidSet of <*>,0.591,11.31,17
432,BLOCK* NameSystem.allocateBlock: /user/root/rand7/_temporary/_task_200811101024_0014_m_001642_0/part-01642. <*>,exact,BLOCK* NameSystem.allocateBlock: <*> blk_<*>,0.9973,BLOCK* NameSystem.addStoredBlock: blockMap updated: <*> is added to blk_<*> size <*>,0.5972,BLOCK* NameSystem.delete: blk_<*> is added to invalidSet of <*>,0.5663,12.92,17
433,Received block <*> of size 67108864 from /<*>,exact,Received block blk_<*> of size <*> from /<*>,0.9999,Received block blk_<*> src: /<*> dest: /<*> of size <*>,0.8363,Receiving block blk_<*> src: /<*> dest: /<*>,0.6058,10.97,17
434,Received block <*> of size 67108864 from /<*>,exact,Received block blk_<*> of size <*> from /<*>,0.9999,Received block blk_<*> src: /<*> dest: /<*> of size <*>,0.8363,Receiving block blk_<*> src: /<*> dest: /<*>,0.6058,10.71,17
435,Receiving block <*> src: /<*> dest: /<*>,exact,Receiving block blk_<*> src: /<*> dest: /<*>,1.0,Received block blk_<*> src: /<*> dest: /<*> of size <*>,0.8091,<*> Served block blk_<*> to /<*>,0.6183,10.56,17
436,Received block <*> of size 3538321 from /<*>,partial,Received block blk_<*> of size <*> from /<*>,0.8765,Received block blk_<*> src: /<*> dest: /<*> of size <*>,0.7901,Receiving block blk_<*> src: /<*> dest: /<*>,0.6186,10.65,17
437,BLOCK* NameSystem.addStoredBlock: blockMap updated: <*> is added to <*> size 67108864,exact,BLOCK* NameSystem.addStoredBlock: blockMap updated: <*> is added to blk_<*> size <*>,0.9999,BLOCK* NameSystem.allocateBlock: <*> blk_<*>,0.5939,BLOCK* NameSystem.delete: blk_<*> is added to invalidSet of <*>,0.591,11.26,17
438,PacketResponder 1 for block <*> terminating,exact,PacketResponder <*> for block blk_<*> terminating,0.9928,Receiving block blk_<*> src: /<*> dest: /<*>,0.4189,<*> Starting thread to transfer block blk_<*> to <*>,0.391,10.25,17
439,PacketResponder 1 for block <*> terminating,exact,PacketResponder <*> for block blk_<*> terminating,0.9929,Receiving block blk_<*> src: /<*> dest: /<*>,0.4189,<*> Starting thread to transfer block blk_<*> to <*>,0.391,10.8,17
440,BLOCK* NameSystem.addStoredBlock: blockMap updated: <*> is added to <*> size 67108864,exact,BLOCK* NameSystem.addStoredBlock: blockMap updated: <*> is added to blk_<*> size <*>,0.9999,BLOCK* NameSystem.allocateBlock: <*> blk_<*>,0.5939,BLOCK* NameSystem.delete: blk_<*> is added to invalidSet of <*>,0.591,11.31,17
441,Receiving block <*> src: /<*> dest: /<*>,exact,Receiving block blk_<*> src: /<*> dest: /<*>,1.0,Received block blk_<*> src: /<*> dest: /<*> of size <*>,0.8091,<*> Served block blk_<*> to /<*>,0.6183,10.64,17
442,BLOCK* NameSystem.allocateBlock: /user/root/rand7/_temporary/_task_200811101024_0014_m_002007_0/part-02007. <*>,exact,BLOCK* NameSystem.allocateBlock: <*> blk_<*>,0.9968,BLOCK* NameSystem.addStoredBlock: blockMap updated: <*> is added to blk_<*> size <*>,0.5968,BLOCK* NameSystem.delete: blk_<*> is added to invalidSet of <*>,0.5688,12.89,17
443,BLOCK* NameSystem.delete: <*> is added to invalidSet of <*>,exact,BLOCK* NameSystem.delete: blk_<*> is added to invalidSet of <*>,1.0,BLOCK* ask <*> to delete blk_<*>,0.6576,BLOCK* NameSystem.addStoredBlock: blockMap updated: <*> is added to blk_<*> size <*>,0.5907,11.38,17
444,BLOCK* NameSystem.delete: <*> is added to invalidSet of <*>,exact,BLOCK* NameSystem.delete: blk_<*> is added to invalidSet of <*>,1.0,BLOCK* ask <*> to delete blk_<*>,0.6576,BLOCK* NameSystem.addStoredBlock: blockMap updated: <*> is added to blk_<*> size <*>,0.5907,11.1,17
445,BLOCK* NameSystem.delete: <*> is added to invalidSet of <*>,exact,BLOCK* NameSystem.delete: blk_<*> is added to invalidSet of <*>,1.0,BLOCK* ask <*> to delete blk_<*>,0.6576,BLOCK* NameSystem.addStoredBlock: blockMap updated: <*> is added to blk_<*> size <*>,0.5907,11.08,17
446,BLOCK* NameSystem.delete: <*> is added to invalidSet of <*>,exact,BLOCK* NameSystem.delete: blk_<*> is added to invalidSet of <*>,1.0,BLOCK* ask <*> to delete blk_<*>,0.6576,BLOCK* NameSystem.addStoredBlock: blockMap updated: <*> is added to blk_<*> size <*>,0.5907,11.86,17
447,BLOCK* NameSystem.delete: <*> is added to invalidSet of <*>,exact,BLOCK* NameSystem.delete: blk_<*> is added to invalidSet of <*>,1.0,BLOCK* ask <*> to delete blk_<*>,0.6576,BLOCK* NameSystem.addStoredBlock: blockMap updated: <*> is added to blk_<*> size <*>,0.5907,11.01,17
448,BLOCK* NameSystem.delete: <*> is added to invalidSet of <*>,exact,BLOCK* NameSystem.delete: blk_<*> is added to invalidSet of <*>,1.0,BLOCK* ask <*> to delete blk_<*>,0.6576,BLOCK* NameSystem.addStoredBlock: blockMap updated: <*> is added to blk_<*> size <*>,0.5907,10.8,17
449,BLOCK* NameSystem.delete: <*> is added to invalidSet of <*>,exact,BLOCK* NameSystem.delete: blk_<*> is added to invalidSet of <*>,1.0,BLOCK* ask <*> to delete blk_<*>,0.6576,BLOCK* NameSystem.addStoredBlock: blockMap updated: <*> is added to blk_<*> size <*>,0.5907,10.99,17
450,BLOCK* NameSystem.delete: <*> is added to invalidSet of <*>,exact,BLOCK* NameSystem.delete: blk_<*> is added to invalidSet of <*>,1.0,BLOCK* ask <*> to delete blk_<*>,0.6576,BLOCK* NameSystem.addStoredBlock: blockMap updated: <*> is added to blk_<*> size <*>,0.5907,10.47,17
451,BLOCK* NameSystem.delete: <*> is added to invalidSet of <*>,exact,BLOCK* NameSystem.delete: blk_<*> is added to invalidSet of <*>,1.0,BLOCK* ask <*> to delete blk_<*>,0.6576,BLOCK* NameSystem.addStoredBlock: blockMap updated: <*> is added to blk_<*> size <*>,0.5907,10.4,17
452,BLOCK* NameSystem.delete: <*> is added to invalidSet of <*>,exact,BLOCK* NameSystem.delete: blk_<*> is added to invalidSet of <*>,1.0,BLOCK* ask <*> to delete blk_<*>,0.6576,BLOCK* NameSystem.addStoredBlock: blockMap updated: <*> is added to blk_<*> size <*>,0.5907,10.31,17
453,BLOCK* NameSystem.delete: <*> is added to invalidSet of <*>,exact,BLOCK* NameSystem.delete: blk_<*> is added to invalidSet of <*>,1.0,BLOCK* ask <*> to delete blk_<*>,0.6576,BLOCK* NameSystem.addStoredBlock: blockMap updated: <*> is added to blk_<*> size <*>,0.5907,10.06,17
454,BLOCK* NameSystem.delete: <*> is added to invalidSet of <*>,exact,BLOCK* NameSystem.delete: blk_<*> is added to invalidSet of <*>,1.0,BLOCK* ask <*> to delete blk_<*>,0.6576,BLOCK* NameSystem.addStoredBlock: blockMap updated: <*> is added to blk_<*> size <*>,0.5907,10.01,17
455,BLOCK* NameSystem.delete: <*> is added to invalidSet of <*>,exact,BLOCK* NameSystem.delete: blk_<*> is added to invalidSet of <*>,1.0,BLOCK* ask <*> to delete blk_<*>,0.6576,BLOCK* NameSystem.addStoredBlock: blockMap updated: <*> is added to blk_<*> size <*>,0.5907,10.18,17
456,BLOCK* NameSystem.delete: <*> is added to invalidSet of <*>,exact,BLOCK* NameSystem.delete: blk_<*> is added to invalidSet of <*>,1.0,BLOCK* ask <*> to delete blk_<*>,0.6576,BLOCK* NameSystem.addStoredBlock: blockMap updated: <*> is added to blk_<*> size <*>,0.5907,10.14,17
457,BLOCK* NameSystem.delete: <*> is added to invalidSet of <*>,exact,BLOCK* NameSystem.delete: blk_<*> is added to invalidSet of <*>,1.0,BLOCK* ask <*> to delete blk_<*>,0.6576,BLOCK* NameSystem.addStoredBlock: blockMap updated: <*> is added to blk_<*> size <*>,0.5907,10.33,17
458,BLOCK* NameSystem.delete: <*> is added to invalidSet of <*>,exact,BLOCK* NameSystem.delete: blk_<*> is added to invalidSet of <*>,1.0,BLOCK* ask <*> to delete blk_<*>,0.6576,BLOCK* NameSystem.addStoredBlock: blockMap updated: <*> is added to blk_<*> size <*>,0.5907,10.27,17
459,BLOCK* NameSystem.delete: <*> is added to invalidSet of <*>,exact,BLOCK* NameSystem.delete: blk_<*> is added to invalidSet of <*>,1.0,BLOCK* ask <*> to delete blk_<*>,0.6576,BLOCK* NameSystem.addStoredBlock: blockMap updated: <*> is added to blk_<*> size <*>,0.5907,10.19,17
460,BLOCK* NameSystem.delete: <*> is added to invalidSet of <*>,exact,BLOCK* NameSystem.delete: blk_<*> is added to invalidSet of <*>,1.0,BLOCK* ask <*> to delete blk_<*>,0.6576,BLOCK* NameSystem.addStoredBlock: blockMap updated: <*> is added to blk_<*> size <*>,0.5907,10.21,17
461,BLOCK* NameSystem.delete: <*> is added to invalidSet of <*>,exact,BLOCK* NameSystem.delete: blk_<*> is added to invalidSet of <*>,1.0,BLOCK* ask <*> to delete blk_<*>,0.6576,BLOCK* NameSystem.addStoredBlock: blockMap updated: <*> is added to blk_<*> size <*>,0.5907,10.3,17
462,BLOCK* NameSystem.delete: <*> is added to invalidSet of <*>,exact,BLOCK* NameSystem.delete: blk_<*> is added to invalidSet of <*>,1.0,BLOCK* ask <*> to delete blk_<*>,0.6576,BLOCK* NameSystem.addStoredBlock: blockMap updated: <*> is added to blk_<*> size <*>,0.5907,10.56,17
463,BLOCK* NameSystem.delete: <*> is added to invalidSet of <*>,exact,BLOCK* NameSystem.delete: blk_<*> is added to invalidSet of <*>,1.0,BLOCK* ask <*> to delete blk_<*>,0.6576,BLOCK* NameSystem.addStoredBlock: blockMap updated: <*> is added to blk_<*> size <*>,0.5907,10.4,17
464,Deleting block <*> file /mnt/hadoop/dfs/data/current/subdir35/<*>,partial,Deleting block blk_<*> file <*>,0.9779,Deleting block blk_<*> file /mnt/hadoop/dfs/data/current/<*>,0.9381,BLOCK* NameSystem.delete: blk_<*> is added to invalidSet of <*>,0.4673,10.69,17
465,Deleting block <*> file /mnt/hadoop/dfs/data/current/subdir46/<*>,partial,Deleting block blk_<*> file <*>,0.9877,Deleting block blk_<*> file /mnt/hadoop/dfs/data/current/<*>,0.9451,BLOCK* NameSystem.delete: blk_<*> is added to invalidSet of <*>,0.4727,10.35,17
466,PacketResponder 0 for block <*> terminating,partial,PacketResponder <*> for block blk_<*> terminating,0.9843,Receiving block blk_<*> src: /<*> dest: /<*>,0.4214,<*> Starting thread to transfer block blk_<*> to <*>,0.3798,9.98,17
467,Deleting block <*> file /mnt/hadoop/dfs/data/current/subdir38/<*>,partial,Deleting block blk_<*> file <*>,0.9809,Deleting block blk_<*> file /mnt/hadoop/dfs/data/current/<*>,0.939,BLOCK* NameSystem.allocateBlock: <*> blk_<*>,0.4769,10.72,17
468,Deleting block <*> file /mnt/hadoop/dfs/data/current/subdir36/<*>,partial,Deleting block blk_<*> file <*>,0.9878,Deleting block blk_<*> file /mnt/hadoop/dfs/data/current/<*>,0.941,BLOCK* NameSystem.delete: blk_<*> is added to invalidSet of <*>,0.4612,10.69,17
469,Deleting block <*> file /mnt/hadoop/dfs/data/current/subdir21/<*>,partial,Deleting block blk_<*> file <*>,0.9837,Deleting block blk_<*> file /mnt/hadoop/dfs/data/current/<*>,0.9314,BLOCK* NameSystem.delete: blk_<*> is added to invalidSet of <*>,0.445,10.86,17
470,Deleting block <*> file /mnt/hadoop/dfs/data/current/subdir47/<*>,exact,Deleting block blk_<*> file <*>,0.9915,Deleting block blk_<*> file /mnt/hadoop/dfs/data/current/<*>,0.9455,BLOCK* NameSystem.delete: blk_<*> is added to invalidSet of <*>,0.4485,10.95,17
471,Deleting block <*> file /mnt/hadoop/dfs/data/current/subdir6/<*>,partial,Deleting block blk_<*> file <*>,0.9682,Deleting block blk_<*> file /mnt/hadoop/dfs/data/current/<*>,0.924,BLOCK* NameSystem.allocateBlock: <*> blk_<*>,0.4631,10.73,17
472,Deleting block <*> file /mnt/hadoop/dfs/data/current/subdir19/<*>,partial,Deleting block blk_<*> file <*>,0.9845,Deleting block blk_<*> file /mnt/hadoop/dfs/data/current/<*>,0.9401,BLOCK* NameSystem.delete: blk_<*> is added to invalidSet of <*>,0.4525,10.56,17
473,Deleting block <*> file /mnt/hadoop/dfs/data/current/subdir1/<*>,exact,Deleting block blk_<*> file <*>,0.9905,Deleting block blk_<*> file /mnt/hadoop/dfs/data/current/<*>,0.9434,BLOCK* NameSystem.delete: blk_<*> is added to invalidSet of <*>,0.4574,10.69,17
474,Deleting block <*> file /mnt/hadoop/dfs/data/current/subdir36/<*>,partial,Deleting block blk_<*> file <*>,0.9879,Deleting block blk_<*> file /mnt/hadoop/dfs/data/current/<*>,0.941,BLOCK* NameSystem.delete: blk_<*> is added to invalidSet of <*>,0.4612,10.44,17
475,Deleting block <*> file /mnt/hadoop/dfs/data/current/subdir59/<*>,partial,Deleting block blk_<*> file <*>,0.9827,Deleting block blk_<*> file /mnt/hadoop/dfs/data/current/<*>,0.9397,BLOCK* NameSystem.allocateBlock: <*> blk_<*>,0.4705,10.71,17
476,Deleting block <*> file /mnt/hadoop/dfs/data/current/subdir2/<*>,partial,Deleting block blk_<*> file <*>,0.9872,Deleting block blk_<*> file /mnt/hadoop/dfs/data/current/<*>,0.9415,BLOCK* NameSystem.delete: blk_<*> is added to invalidSet of <*>,0.4602,11.35,17
477,Deleting block <*> file /mnt/hadoop/dfs/data/current/subdir46/<*>,partial,Deleting block blk_<*> file <*>,0.9877,Deleting block blk_<*> file /mnt/hadoop/dfs/data/current/<*>,0.9451,BLOCK* NameSystem.delete: blk_<*> is added to invalidSet of <*>,0.4727,10.72,17
478,Deleting block <*> file /mnt/hadoop/dfs/data/current/subdir17/<*>,partial,Deleting block blk_<*> file <*>,0.9778,Deleting block blk_<*> file /mnt/hadoop/dfs/data/current/<*>,0.9354,BLOCK* NameSystem.delete: blk_<*> is added to invalidSet of <*>,0.4532,10.74,17
479,Deleting block <*> file /mnt/hadoop/dfs/data/current/subdir23/<*>,partial,Deleting block blk_<*> file <*>,0.986,Deleting block blk_<*> file /mnt/hadoop/dfs/data/current/<*>,0.9425,BLOCK* NameSystem.delete: blk_<*> is added to invalidSet of <*>,0.456,10.88,17
480,Deleting block <*> file /mnt/hadoop/dfs/data/current/subdir6/<*>,partial,Deleting block blk_<*> file <*>,0.9685,Deleting block blk_<*> file /mnt/hadoop/dfs/data/current/<*>,0.924,BLOCK* NameSystem.allocateBlock: <*> blk_<*>,0.4631,10.88,17
481,Deleting block <*> file /mnt/hadoop/dfs/data/current/subdir10/<*>,partial,Deleting block blk_<*> file <*>,0.9769,Deleting block blk_<*> file /mnt/hadoop/dfs/data/current/<*>,0.9363,BLOCK* NameSystem.allocateBlock: <*> blk_<*>,0.4643,10.94,17
482,Deleting block <*> file /mnt/hadoop/dfs/data/current/subdir13/<*>,partial,Deleting block blk_<*> file <*>,0.974,Deleting block blk_<*> file /mnt/hadoop/dfs/data/current/<*>,0.9302,BLOCK* NameSystem.delete: blk_<*> is added to invalidSet of <*>,0.4471,13.13,17
483,BLOCK* NameSystem.addStoredBlock: blockMap updated: <*> is added to <*> size 67108864,exact,BLOCK* NameSystem.addStoredBlock: blockMap updated: <*> is added to blk_<*> size <*>,0.9999,BLOCK* NameSystem.allocateBlock: <*> blk_<*>,0.5939,BLOCK* NameSystem.delete: blk_<*> is added to invalidSet of <*>,0.591,12.74,17
484,Deleting block <*> file /mnt/hadoop/dfs/data/current/subdir42/<*>,partial,Deleting block blk_<*> file <*>,0.9854,Deleting block blk_<*> file /mnt/hadoop/dfs/data/current/<*>,0.9427,BLOCK* NameSystem.delete: blk_<*> is added to invalidSet of <*>,0.4718,12.61,17
485,Deleting block <*> file /mnt/hadoop/dfs/data/current/subdir43/<*>,partial,Deleting block blk_<*> file <*>,0.986,Deleting block blk_<*> file /mnt/hadoop/dfs/data/current/<*>,0.9384,BLOCK* NameSystem.allocateBlock: <*> blk_<*>,0.4692,10.8,17
486,Deleting block <*> file /mnt/hadoop/dfs/data/current/subdir38/<*>,partial,Deleting block blk_<*> file <*>,0.9809,Deleting block blk_<*> file /mnt/hadoop/dfs/data/current/<*>,0.939,BLOCK* NameSystem.allocateBlock: <*> blk_<*>,0.4769,10.74,17
487,Deleting block <*> file /mnt/hadoop/dfs/data/current/subdir61/<*>,partial,Deleting block blk_<*> file <*>,0.9695,Deleting block blk_<*> file /mnt/hadoop/dfs/data/current/<*>,0.924,BLOCK* NameSystem.allocateBlock: <*> blk_<*>,0.4587,10.89,17
488,PacketResponder 2 for block <*> terminating,partial,PacketResponder <*> for block blk_<*> terminating,0.9872,Receiving block blk_<*> src: /<*> dest: /<*>,0.4165,<*> Served block blk_<*> to /<*>,0.3888,9.91,17
489,BLOCK* NameSystem.addStoredBlock: blockMap updated: <*> is added to <*> size 67108864,exact,BLOCK* NameSystem.addStoredBlock: blockMap updated: <*> is added to blk_<*> size <*>,0.9999,BLOCK* NameSystem.allocateBlock: <*> blk_<*>,0.5939,BLOCK* NameSystem.delete: blk_<*> is added to invalidSet of <*>,0.591,10.89,17
490,Receiving block <*> src: /<*> dest: /<*>,exact,Receiving block blk_<*> src: /<*> dest: /<*>,1.0,Received block blk_<*> src: /<*> dest: /<*> of size <*>,0.8091,<*> Served block blk_<*> to /<*>,0.6183,10.07,17
491,Received block <*> of size 67108864 from /<*>,exact,Received block blk_<*> of size <*> from /<*>,0.9998,Received block blk_<*> src: /<*> dest: /<*> of size <*>,0.8363,Receiving block blk_<*> src: /<*> dest: /<*>,0.6058,10.27,17
492,Received block <*> of size 67108864 from /<*>,exact,Received block blk_<*> of size <*> from /<*>,0.9998,Received block blk_<*> src: /<*> dest: /<*> of size <*>,0.8363,Receiving block blk_<*> src: /<*> dest: /<*>,0.6058,10.12,17
493,BLOCK* NameSystem.allocateBlock: /user/root/rand8/_temporary/_task_200811101024_0015_m_000480_0/part-00480. <*>,exact,BLOCK* NameSystem.allocateBlock: <*> blk_<*>,0.9953,BLOCK* NameSystem.addStoredBlock: blockMap updated: <*> is added to blk_<*> size <*>,0.583,BLOCK* NameSystem.delete: blk_<*> is added to invalidSet of <*>,0.5478,12.44,17
494,Receiving block <*> src: /<*> dest: /<*>,exact,Receiving block blk_<*> src: /<*> dest: /<*>,1.0,Received block blk_<*> src: /<*> dest: /<*> of size <*>,0.8091,<*> Served block blk_<*> to /<*>,0.6183,10.55,17
495,BLOCK* NameSystem.addStoredBlock: blockMap updated: <*> is added to <*> size 67108864,exact,BLOCK* NameSystem.addStoredBlock: blockMap updated: <*> is added to blk_<*> size <*>,0.9999,BLOCK* NameSystem.allocateBlock: <*> blk_<*>,0.5939,BLOCK* NameSystem.delete: blk_<*> is added to invalidSet of <*>,0.591,10.92,17
496,BLOCK* NameSystem.allocateBlock: /user/root/rand8/_temporary/_task_200811101024_0015_m_000737_0/part-00737. <*>,exact,BLOCK* NameSystem.allocateBlock: <*> blk_<*>,0.9969,BLOCK* NameSystem.addStoredBlock: blockMap updated: <*> is added to blk_<*> size <*>,0.5907,BLOCK* NameSystem.delete: blk_<*> is added to invalidSet of <*>,0.5549,12.49,17
497,Receiving block <*> src: /<*> dest: /<*>,exact,Receiving block blk_<*> src: /<*> dest: /<*>,1.0,Received block blk_<*> src: /<*> dest: /<*> of size <*>,0.8091,<*> Served block blk_<*> to /<*>,0.6183,10.57,17
498,Receiving block <*> src: /<*> dest: /<*>,exact,Receiving block blk_<*> src: /<*> dest: /<*>,1.0,Received block blk_<*> src: /<*> dest: /<*> of size <*>,0.8091,<*> Served block blk_<*> to /<*>,0.6183,10.34,17
499,Received block <*> of size 67108864 from /<*>,exact,Received block blk_<*> of size <*> from /<*>,0.9998,Received block blk_<*> src: /<*> dest: /<*> of size <*>,0.8363,Receiving block blk_<*> src: /<*> dest: /<*>,0.6058,9.97,17
500,BLOCK* NameSystem.addStoredBlock: blockMap updated: <*> is added to <*> size 67108864,exact,BLOCK* NameSystem.addStoredBlock: blockMap updated: <*> is added to blk_<*> size <*>,0.9999,BLOCK* NameSystem.allocateBlock: <*> blk_<*>,0.5939,BLOCK* NameSystem.delete: blk_<*> is added to invalidSet of <*>,0.591,10.67,17
501,BLOCK* ask <*> to delete <*> <*> <*> <*> <*> <*> <*> <*> <*>,exact,BLOCK* ask <*> to delete blk_<*> blk_<*> blk_<*> blk_<*> blk_<*> blk_<*> blk_<*> blk_<*> blk_<*>,1.0,BLOCK* ask <*> to delete blk_<*>,0.9179,BLOCK* ask <*> to delete blk_<*> blk_<*> blk_<*> blk_<*> blk_<*> blk_<*> blk_<*> blk_<*> blk_<*> blk_<*> blk_<*> blk_<*> blk_<*> blk_<*> blk_<*> blk_<*> blk_<*> blk_<*> blk_<*> blk_<*> blk_<*> blk_<*> blk_<*> blk_<*> blk_<*> blk_<*> blk_<*> blk_<*> blk_<*> blk_<*> blk_<*> blk_<*> blk_<*> blk_<*> blk_<*> blk_<*> blk_<*> blk_<*> blk_<*> blk_<*> blk_<*> blk_<*> blk_<*> blk_<*> blk_<*> blk_<*> blk_<*> blk_<*> blk_<*> blk_<*> blk_<*> blk_<*> blk_<*> blk_<*> blk_<*> blk_<*> blk_<*> blk_<*> blk_<*> blk_<*> blk_<*> blk_<*> blk_<*> blk_<*> blk_<*> blk_<*> blk_<*> blk_<*> blk_<*> blk_<*> blk_<*> blk_<*> blk_<*> blk_<*> blk_<*> blk_<*> blk_<*> blk_<*> blk_<*> blk_<*> blk_<*> blk_<*> blk_<*> blk_<*> blk_<*> blk_<*> blk_<*> blk_<*> blk_<*> blk_<*> blk_<*> blk_<*> blk_<*> blk_<*> blk_<*> blk_<*> blk_<*> blk_<*> blk_<*> blk_<*>,0.8047,11.26,17
502,Deleting block <*> file /mnt/hadoop/dfs/data/current/subdir3/<*>,partial,Deleting block blk_<*> file <*>,0.9775,Deleting block blk_<*> file /mnt/hadoop/dfs/data/current/<*>,0.9401,BLOCK* NameSystem.delete: blk_<*> is added to invalidSet of <*>,0.4706,10.99,17
503,PacketResponder 0 for block <*> terminating,partial,PacketResponder <*> for block blk_<*> terminating,0.9843,Receiving block blk_<*> src: /<*> dest: /<*>,0.4214,<*> Starting thread to transfer block blk_<*> to <*>,0.3798,10.99,17
504,Received block <*> of size 67108864 from /<*>,exact,Received block blk_<*> of size <*> from /<*>,0.9998,Received block blk_<*> src: /<*> dest: /<*> of size <*>,0.8363,Receiving block blk_<*> src: /<*> dest: /<*>,0.6058,10.5,17
505,Receiving block <*> src: /<*> dest: /<*>,exact,Receiving block blk_<*> src: /<*> dest: /<*>,1.0,Received block blk_<*> src: /<*> dest: /<*> of size <*>,0.8091,<*> Served block blk_<*> to /<*>,0.6183,10.2,17
506,PacketResponder 1 for block <*> terminating,exact,PacketResponder <*> for block blk_<*> terminating,0.9928,Receiving block blk_<*> src: /<*> dest: /<*>,0.4189,<*> Starting thread to transfer block blk_<*> to <*>,0.391,9.9,17
507,PacketResponder 2 for block <*> terminating,partial,PacketResponder <*> for block blk_<*> terminating,0.9872,Receiving block blk_<*> src: /<*> dest: /<*>,0.4165,<*> Served block blk_<*> to /<*>,0.3888,9.82,17
508,BLOCK* NameSystem.allocateBlock: /user/root/rand8/_temporary/_task_200811101024_0015_m_000882_0/part-00882. <*>,exact,BLOCK* NameSystem.allocateBlock: <*> blk_<*>,0.9953,BLOCK* NameSystem.addStoredBlock: blockMap updated: <*> is added to blk_<*> size <*>,0.5788,BLOCK* NameSystem.delete: blk_<*> is added to invalidSet of <*>,0.5437,12.54,17
509,Receiving block <*> src: /<*> dest: /<*>,exact,Receiving block blk_<*> src: /<*> dest: /<*>,1.0,Received block blk_<*> src: /<*> dest: /<*> of size <*>,0.8091,<*> Served block blk_<*> to /<*>,0.6183,10.6,17
510,BLOCK* NameSystem.addStoredBlock: blockMap updated: <*> is added to <*> size 3546314,partial,BLOCK* NameSystem.addStoredBlock: blockMap updated: <*> is added to blk_<*> size <*>,0.989,BLOCK* NameSystem.delete: blk_<*> is added to invalidSet of <*>,0.5829,BLOCK* NameSystem.allocateBlock: <*> blk_<*>,0.5704,10.84,17
511,Deleting block <*> file /mnt/hadoop/dfs/data/current/subdir24/<*>,partial,Deleting block blk_<*> file <*>,0.9747,Deleting block blk_<*> file /mnt/hadoop/dfs/data/current/<*>,0.9179,BLOCK* NameSystem.delete: blk_<*> is added to invalidSet of <*>,0.4437,10.82,17
512,BLOCK* NameSystem.allocateBlock: /user/root/rand8/_temporary/_task_200811101024_0015_m_001033_0/part-01033. <*>,exact,BLOCK* NameSystem.allocateBlock: <*> blk_<*>,0.9969,BLOCK* NameSystem.addStoredBlock: blockMap updated: <*> is added to blk_<*> size <*>,0.591,BLOCK* NameSystem.delete: blk_<*> is added to invalidSet of <*>,0.5613,12.52,17
513,BLOCK* NameSystem.addStoredBlock: blockMap updated: <*> is added to <*> size 67108864,exact,BLOCK* NameSystem.addStoredBlock: blockMap updated: <*> is added to blk_<*> size <*>,0.9998,BLOCK* NameSystem.allocateBlock: <*> blk_<*>,0.5938,BLOCK* NameSystem.delete: blk_<*> is added to invalidSet of <*>,0.591,11.14,17
514,BLOCK* NameSystem.allocateBlock: /user/root/rand8/_temporary/_task_200811101024_0015_m_000939_0/part-00939. <*>,exact,BLOCK* NameSystem.allocateBlock: <*> blk_<*>,0.9968,BLOCK* NameSystem.addStoredBlock: blockMap updated: <*> is added to blk_<*> size <*>,0.5924,BLOCK* NameSystem.delete: blk_<*> is added to invalidSet of <*>,0.5581,12.47,17
515,PacketResponder 2 for block <*> terminating,partial,PacketResponder <*> for block blk_<*> terminating,0.9874,Receiving block blk_<*> src: /<*> dest: /<*>,0.4165,<*> Served block blk_<*> to /<*>,0.3888,10.31,17
516,PacketResponder 1 for block <*> terminating,exact,PacketResponder <*> for block blk_<*> terminating,0.9929,Receiving block blk_<*> src: /<*> dest: /<*>,0.4189,<*> Starting thread to transfer block blk_<*> to <*>,0.391,9.97,17
517,BLOCK* NameSystem.addStoredBlock: blockMap updated: <*> is added to <*> size 67108864,exact,BLOCK* NameSystem.addStoredBlock: blockMap updated: <*> is added to blk_<*> size <*>,0.9999,BLOCK* NameSystem.allocateBlock: <*> blk_<*>,0.5938,BLOCK* NameSystem.delete: blk_<*> is added to invalidSet of <*>,0.591,10.96,17
518,PacketResponder 1 for block <*> terminating,exact,PacketResponder <*> for block blk_<*> terminating,0.9929,Receiving block blk_<*> src: /<*> dest: /<*>,0.4189,<*> Starting thread to transfer block blk_<*> to <*>,0.391,9.96,17
519,Receiving block <*> src: /<*> dest: /<*>,exact,Receiving block blk_<*> src: /<*> dest: /<*>,1.0,Received block blk_<*> src: /<*> dest: /<*> of size <*>,0.8091,<*> Served block blk_<*> to /<*>,0.6183,10.19,17
520,PacketResponder 2 for block <*> terminating,partial,PacketResponder <*> for block blk_<*> terminating,0.9875,Receiving block blk_<*> src: /<*> dest: /<*>,0.4165,<*> Served block blk_<*> to /<*>,0.3888,9.98,17
521,BLOCK* NameSystem.allocateBlock: /user/root/rand8/_temporary/_task_200811101024_0015_m_001294_0/part-01294. <*>,exact,BLOCK* NameSystem.allocateBlock: <*> blk_<*>,0.9973,BLOCK* NameSystem.addStoredBlock: blockMap updated: <*> is added to blk_<*> size <*>,0.5945,BLOCK* NameSystem.delete: blk_<*> is added to invalidSet of <*>,0.5656,12.32,17
522,Receiving block <*> src: /<*> dest: /<*>,exact,Receiving block blk_<*> src: /<*> dest: /<*>,1.0,Received block blk_<*> src: /<*> dest: /<*> of size <*>,0.8091,<*> Served block blk_<*> to /<*>,0.6183,10.64,17
523,Receiving block <*> src: /<*> dest: /<*>,exact,Receiving block blk_<*> src: /<*> dest: /<*>,1.0,Received block blk_<*> src: /<*> dest: /<*> of size <*>,0.8091,<*> Served block blk_<*> to /<*>,0.6183,10.43,17
524,Received block <*> of size 67108864 from /<*>,exact,Received block blk_<*> of size <*> from /<*>,0.9998,Received block blk_<*> src: /<*> dest: /<*> of size <*>,0.8363,Receiving block blk_<*> src: /<*> dest: /<*>,0.6058,10.17,17
525,Receiving block <*> src: /<*> dest: /<*>,exact,Receiving block blk_<*> src: /<*> dest: /<*>,1.0,Received block blk_<*> src: /<*> dest: /<*> of size <*>,0.8091,<*> Served block blk_<*> to /<*>,0.6183,10.16,17
526,Receiving block <*> src: /<*> dest: /<*>,exact,Receiving block blk_<*> src: /<*> dest: /<*>,1.0,Received block blk_<*> src: /<*> dest: /<*> of size <*>,0.8091,<*> Served block blk_<*> to /<*>,0.6183,10.16,17
527,PacketResponder 0 for block <*> terminating,partial,PacketResponder <*> for block blk_<*> terminating,0.984,Receiving block blk_<*> src: /<*> dest: /<*>,0.4214,<*> Starting thread to transfer block blk_<*> to <*>,0.3798,9.8,17
528,Verification succeeded for <*>,exact,Verification succeeded for blk_<*>,1.0,BLOCK* NameSystem.delete: blk_<*> is added to invalidSet of <*>,0.5053,<*>:Got exception while serving blk_<*> to /<*>:,0.4324,9.8,17
529,Received block <*> of size 67108864 from /<*>,exact,Received block blk_<*> of size <*> from /<*>,0.9998,Received block blk_<*> src: /<*> dest: /<*> of size <*>,0.8363,Receiving block blk_<*> src: /<*> dest: /<*>,0.6058,10.29,17
530,PacketResponder 2 for block <*> terminating,partial,PacketResponder <*> for block blk_<*> terminating,0.9875,Receiving block blk_<*> src: /<*> dest: /<*>,0.4165,<*> Served block blk_<*> to /<*>,0.3888,9.82,17
531,PacketResponder 2 for block <*> terminating,partial,PacketResponder <*> for block blk_<*> terminating,0.9876,Receiving block blk_<*> src: /<*> dest: /<*>,0.4165,<*> Served block blk_<*> to /<*>,0.3888,10.29,17
532,Received block <*> of size 67108864 from /<*>,exact,Received block blk_<*> of size <*> from /<*>,0.9998,Received block blk_<*> src: /<*> dest: /<*> of size <*>,0.8363,Receiving block blk_<*> src: /<*> dest: /<*>,0.6058,10.15,17
533,Receiving block <*> src: /<*> dest: /<*>,exact,Receiving block blk_<*> src: /<*> dest: /<*>,1.0,Received block blk_<*> src: /<*> dest: /<*> of size <*>,0.8091,<*> Served block blk_<*> to /<*>,0.6183,10.18,17
534,Receiving block <*> src: /<*> dest: /<*>,exact,Receiving block blk_<*> src: /<*> dest: /<*>,1.0,Received block blk_<*> src: /<*> dest: /<*> of size <*>,0.8091,<*> Served block blk_<*> to /<*>,0.6183,10.16,17
535,PacketResponder 2 for block <*> terminating,partial,PacketResponder <*> for block blk_<*> terminating,0.9877,Receiving block blk_<*> src: /<*> dest: /<*>,0.4165,<*> Served block blk_<*> to /<*>,0.3888,9.85,17
536,Received block <*> of size 67108864 from /<*>,exact,Received block blk_<*> of size <*> from /<*>,0.9998,Received block blk_<*> src: /<*> dest: /<*> of size <*>,0.8363,Receiving block blk_<*> src: /<*> dest: /<*>,0.6058,10.12,17
537,Received block <*> of size 67108864 from /<*>,exact,Received block blk_<*> of size <*> from /<*>,0.9998,Received block blk_<*> src: /<*> dest: /<*> of size <*>,0.8363,Receiving block blk_<*> src: /<*> dest: /<*>,0.6058,9.99,17
538,Receiving block <*> src: /<*> dest: /<*>,exact,Receiving block blk_<*> src: /<*> dest: /<*>,1.0,Received block blk_<*> src: /<*> dest: /<*> of size <*>,0.8091,<*> Served block blk_<*> to /<*>,0.6183,10.01,17
539,BLOCK* NameSystem.allocateBlock: /user/root/rand8/_temporary/_task_200811101024_0015_m_001425_0/part-01425. <*>,exact,BLOCK* NameSystem.allocateBlock: <*> blk_<*>,0.9974,BLOCK* NameSystem.addStoredBlock: blockMap updated: <*> is added to blk_<*> size <*>,0.5932,BLOCK* NameSystem.delete: blk_<*> is added to invalidSet of <*>,0.5617,12.41,17
540,Received block <*> of size 67108864 from /<*>,exact,Received block blk_<*> of size <*> from /<*>,0.9998,Received block blk_<*> src: /<*> dest: /<*> of size <*>,0.8363,Receiving block blk_<*> src: /<*> dest: /<*>,0.6058,10.4,17
541,BLOCK* NameSystem.allocateBlock: /user/root/rand8/_temporary/_task_200811101024_0015_m_001757_0/part-01757. <*>,exact,BLOCK* NameSystem.allocateBlock: <*> blk_<*>,0.9969,BLOCK* NameSystem.addStoredBlock: blockMap updated: <*> is added to blk_<*> size <*>,0.5899,BLOCK* NameSystem.delete: blk_<*> is added to invalidSet of <*>,0.5578,12.46,17
542,BLOCK* NameSystem.allocateBlock: /user/root/rand8/_temporary/_task_200811101024_0015_m_001473_0/part-01473. <*>,exact,BLOCK* NameSystem.allocateBlock: <*> blk_<*>,0.9967,BLOCK* NameSystem.addStoredBlock: blockMap updated: <*> is added to blk_<*> size <*>,0.5975,BLOCK* NameSystem.delete: blk_<*> is added to invalidSet of <*>,0.5662,15.7,17
543,Received block <*> of size 67108864 from /<*>,exact,Received block blk_<*> of size <*> from /<*>,0.9998,Received block blk_<*> src: /<*> dest: /<*> of size <*>,0.8363,Receiving block blk_<*> src: /<*> dest: /<*>,0.6058,22.69,17
544,Received block <*> of size 67108864 from /<*>,exact,Received block blk_<*> of size <*> from /<*>,0.9998,Received block blk_<*> src: /<*> dest: /<*> of size <*>,0.8363,Receiving block blk_<*> src: /<*> dest: /<*>,0.6058,24.75,17
545,Receiving block <*> src: /<*> dest: /<*>,exact,Receiving block blk_<*> src: /<*> dest: /<*>,1.0,Received block blk_<*> src: /<*> dest: /<*> of size <*>,0.8091,<*> Served block blk_<*> to /<*>,0.6183,15.02,17
546,Received block <*> of size 67108864 from /<*>,exact,Received block blk_<*> of size <*> from /<*>,0.9998,Received block blk_<*> src: /<*> dest: /<*> of size <*>,0.8363,Receiving block blk_<*> src: /<*> dest: /<*>,0.6058,14.72,17
547,PacketResponder 1 for block <*> terminating,exact,PacketResponder <*> for block blk_<*> terminating,0.9929,Receiving block blk_<*> src: /<*> dest: /<*>,0.4189,<*> Starting thread to transfer block blk_<*> to <*>,0.391,14.63,17
548,BLOCK* NameSystem.addStoredBlock: blockMap updated: <*> is added to <*> size 67108864,exact,BLOCK* NameSystem.addStoredBlock: blockMap updated: <*> is added to blk_<*> size <*>,0.9999,BLOCK* NameSystem.allocateBlock: <*> blk_<*>,0.5939,BLOCK* NameSystem.delete: blk_<*> is added to invalidSet of <*>,0.591,15.27,17
549,Receiving block <*> src: /<*> dest: /<*>,exact,Receiving block blk_<*> src: /<*> dest: /<*>,1.0,Received block blk_<*> src: /<*> dest: /<*> of size <*>,0.8091,<*> Served block blk_<*> to /<*>,0.6183,14.64,17
550,BLOCK* NameSystem.addStoredBlock: blockMap updated: <*> is added to <*> size 67108864,exact,BLOCK* NameSystem.addStoredBlock: blockMap updated: <*> is added to blk_<*> size <*>,0.9999,BLOCK* NameSystem.allocateBlock: <*> blk_<*>,0.5939,BLOCK* NameSystem.delete: blk_<*> is added to invalidSet of <*>,0.591,15.52,17
551,BLOCK* NameSystem.allocateBlock: /user/root/rand8/_temporary/_task_200811101024_0015_m_001860_0/part-01860. <*>,exact,BLOCK* NameSystem.allocateBlock: <*> blk_<*>,0.9965,BLOCK* NameSystem.addStoredBlock: blockMap updated: <*> is added to blk_<*> size <*>,0.5866,BLOCK* NameSystem.delete: blk_<*> is added to invalidSet of <*>,0.5505,16.99,17
552,BLOCK* NameSystem.addStoredBlock: blockMap updated: <*> is added to <*> size 67108864,exact,BLOCK* NameSystem.addStoredBlock: blockMap updated: <*> is added to blk_<*> size <*>,0.9999,BLOCK* NameSystem.allocateBlock: <*> blk_<*>,0.5939,BLOCK* NameSystem.delete: blk_<*> is added to invalidSet of <*>,0.591,15.97,17
553,PacketResponder 0 for block <*> terminating,partial,PacketResponder <*> for block blk_<*> terminating,0.9838,Receiving block blk_<*> src: /<*> dest: /<*>,0.4214,<*> Starting thread to transfer block blk_<*> to <*>,0.3798,14.72,17
554,Received block <*> of size 67108864 from /<*>,exact,Received block blk_<*> of size <*> from /<*>,0.9998,Received block blk_<*> src: /<*> dest: /<*> of size <*>,0.8363,Receiving block blk_<*> src: /<*> dest: /<*>,0.6058,15.11,17
555,BLOCK* NameSystem.addStoredBlock: blockMap updated: <*> is added to <*> size 67108864,exact,BLOCK* NameSystem.addStoredBlock: blockMap updated: <*> is added to blk_<*> size <*>,0.9999,BLOCK* NameSystem.allocateBlock: <*> blk_<*>,0.5939,BLOCK* NameSystem.delete: blk_<*> is added to invalidSet of <*>,0.591,15.71,17
556,BLOCK* NameSystem.addStoredBlock: blockMap updated: <*> is added to <*> size 67108864,exact,BLOCK* NameSystem.addStoredBlock: blockMap updated: <*> is added to blk_<*> size <*>,0.9999,BLOCK* NameSystem.allocateBlock: <*> blk_<*>,0.5939,BLOCK* NameSystem.delete: blk_<*> is added to invalidSet of <*>,0.591,15.79,17
557,BLOCK* NameSystem.addStoredBlock: blockMap updated: <*> is added to <*> size 67108864,exact,BLOCK* NameSystem.addStoredBlock: blockMap updated: <*> is added to blk_<*> size <*>,0.9999,BLOCK* NameSystem.allocateBlock: <*> blk_<*>,0.5939,BLOCK* NameSystem.delete: blk_<*> is added to invalidSet of <*>,0.591,15.57,17
558,PacketResponder 1 for block <*> terminating,exact,PacketResponder <*> for block blk_<*> terminating,0.9929,Receiving block blk_<*> src: /<*> dest: /<*>,0.4189,<*> Starting thread to transfer block blk_<*> to <*>,0.391,14.76,17
559,Receiving block <*> src: /<*> dest: /<*>,exact,Receiving block blk_<*> src: /<*> dest: /<*>,1.0,Received block blk_<*> src: /<*> dest: /<*> of size <*>,0.8091,<*> Served block blk_<*> to /<*>,0.6183,15.07,17
560,BLOCK* NameSystem.addStoredBlock: blockMap updated: <*> is added to <*> size 67108864,exact,BLOCK* NameSystem.addStoredBlock: blockMap updated: <*> is added to blk_<*> size <*>,0.9999,BLOCK* NameSystem.allocateBlock: <*> blk_<*>,0.5939,BLOCK* NameSystem.delete: blk_<*> is added to invalidSet of <*>,0.591,16.75,17
561,BLOCK* NameSystem.addStoredBlock: blockMap updated: <*> is added to <*> size 67108864,exact,BLOCK* NameSystem.addStoredBlock: blockMap updated: <*> is added to blk_<*> size <*>,0.9999,BLOCK* NameSystem.allocateBlock: <*> blk_<*>,0.5939,BLOCK* NameSystem.delete: blk_<*> is added to invalidSet of <*>,0.591,15.99,17
562,BLOCK* NameSystem.addStoredBlock: blockMap updated: <*> is added to <*> size 67108864,exact,BLOCK* NameSystem.addStoredBlock: blockMap updated: <*> is added to blk_<*> size <*>,0.9999,BLOCK* NameSystem.allocateBlock: <*> blk_<*>,0.5939,BLOCK* NameSystem.delete: blk_<*> is added to invalidSet of <*>,0.591,16.13,17
563,Received block <*> of size 67108864 from /<*>,exact,Received block blk_<*> of size <*> from /<*>,0.9998,Received block blk_<*> src: /<*> dest: /<*> of size <*>,0.8363,Receiving block blk_<*> src: /<*> dest: /<*>,0.6058,15.62,17
564,Received block <*> of size 67108864 from /<*>,exact,Received block blk_<*> of size <*> from /<*>,0.9998,Received block blk_<*> src: /<*> dest: /<*> of size <*>,0.8363,Receiving block blk_<*> src: /<*> dest: /<*>,0.6058,15.6,17
565,BLOCK* NameSystem.addStoredBlock: blockMap updated: <*> is added to <*> size 67108864,exact,BLOCK* NameSystem.addStoredBlock: blockMap updated: <*> is added to blk_<*> size <*>,0.9999,BLOCK* NameSystem.allocateBlock: <*> blk_<*>,0.5939,BLOCK* NameSystem.delete: blk_<*> is added to invalidSet of <*>,0.591,16.7,17
566,BLOCK* NameSystem.addStoredBlock: blockMap updated: <*> is added to <*> size 15715490,exact,BLOCK* NameSystem.addStoredBlock: blockMap updated: <*> is added to blk_<*> size <*>,0.9959,BLOCK* NameSystem.delete: blk_<*> is added to invalidSet of <*>,0.5825,BLOCK* NameSystem.allocateBlock: <*> blk_<*>,0.5741,16.31,17
567,Deleting block <*> file /mnt/hadoop/dfs/data/current/subdir38/<*>,partial,Deleting block blk_<*> file <*>,0.981,Deleting block blk_<*> file /mnt/hadoop/dfs/data/current/<*>,0.939,BLOCK* NameSystem.allocateBlock: <*> blk_<*>,0.4765,16.26,17
568,PacketResponder 1 for block <*> terminating,exact,PacketResponder <*> for block blk_<*> terminating,0.993,Receiving block blk_<*> src: /<*> dest: /<*>,0.4189,<*> Starting thread to transfer block blk_<*> to <*>,0.391,15.41,17
569,Receiving block <*> src: /<*> dest: /<*>,exact,Receiving block blk_<*> src: /<*> dest: /<*>,1.0,Received block blk_<*> src: /<*> dest: /<*> of size <*>,0.8091,<*> Served block blk_<*> to /<*>,0.6183,15.73,17
570,PacketResponder 0 for block <*> terminating,partial,PacketResponder <*> for block blk_<*> terminating,0.9838,Receiving block blk_<*> src: /<*> dest: /<*>,0.4214,<*> Starting thread to transfer block blk_<*> to <*>,0.3798,15.32,17
571,Received block <*> of size 67108864 from /<*>,exact,Received block blk_<*> of size <*> from /<*>,0.9998,Received block blk_<*> src: /<*> dest: /<*> of size <*>,0.8363,Receiving block blk_<*> src: /<*> dest: /<*>,0.6058,15.85,17
572,BLOCK* NameSystem.addStoredBlock: blockMap updated: <*> is added to <*> size 67108864,exact,BLOCK* NameSystem.addStoredBlock: blockMap updated: <*> is added to blk_<*> size <*>,0.9999,BLOCK* NameSystem.allocateBlock: <*> blk_<*>,0.5939,BLOCK* NameSystem.delete: blk_<*> is added to invalidSet of <*>,0.591,16.29,17
573,BLOCK* NameSystem.addStoredBlock: blockMap updated: <*> is added to <*> size 67108864,exact,BLOCK* NameSystem.addStoredBlock: blockMap updated: <*> is added to blk_<*> size <*>,0.9999,BLOCK* NameSystem.allocateBlock: <*> blk_<*>,0.5939,BLOCK* NameSystem.delete: blk_<*> is added to invalidSet of <*>,0.591,16.35,17
574,BLOCK* NameSystem.addStoredBlock: blockMap updated: <*> is added to <*> size 67108864,exact,BLOCK* NameSystem.addStoredBlock: blockMap updated: <*> is added to blk_<*> size <*>,0.9999,BLOCK* NameSystem.allocateBlock: <*> blk_<*>,0.5939,BLOCK* NameSystem.delete: blk_<*> is added to invalidSet of <*>,0.591,16.11,17
575,Receiving block <*> src: /<*> dest: /<*>,exact,Receiving block blk_<*> src: /<*> dest: /<*>,1.0,Received block blk_<*> src: /<*> dest: /<*> of size <*>,0.8091,<*> Served block blk_<*> to /<*>,0.6183,15.28,17
576,Received block <*> of size 67108864 from /<*>,exact,Received block blk_<*> of size <*> from /<*>,0.9998,Received block blk_<*> src: /<*> dest: /<*> of size <*>,0.8363,Receiving block blk_<*> src: /<*> dest: /<*>,0.6058,15.33,17
577,Receiving block <*> src: /<*> dest: /<*>,exact,Receiving block blk_<*> src: /<*> dest: /<*>,1.0,Received block blk_<*> src: /<*> dest: /<*> of size <*>,0.8091,<*> Served block blk_<*> to /<*>,0.6183,15.67,17
578,PacketResponder 0 for block <*> terminating,partial,PacketResponder <*> for block blk_<*> terminating,0.984,Receiving block blk_<*> src: /<*> dest: /<*>,0.4214,<*> Starting thread to transfer block blk_<*> to <*>,0.3798,15.48,17
579,Receiving block <*> src: /<*> dest: /<*>,exact,Receiving block blk_<*> src: /<*> dest: /<*>,1.0,Received block blk_<*> src: /<*> dest: /<*> of size <*>,0.8091,<*> Served block blk_<*> to /<*>,0.6183,16.47,17
580,BLOCK* NameSystem.addStoredBlock: blockMap updated: <*> is added to <*> size 67108864,exact,BLOCK* NameSystem.addStoredBlock: blockMap updated: <*> is added to blk_<*> size <*>,0.9999,BLOCK* NameSystem.allocateBlock: <*> blk_<*>,0.5939,BLOCK* NameSystem.delete: blk_<*> is added to invalidSet of <*>,0.591,17.18,17
581,PacketResponder 0 for block <*> terminating,partial,PacketResponder <*> for block blk_<*> terminating,0.9841,Receiving block blk_<*> src: /<*> dest: /<*>,0.4214,<*> Starting thread to transfer block blk_<*> to <*>,0.3798,16.14,17
582,PacketResponder 2 for block <*> terminating,partial,PacketResponder <*> for block blk_<*> terminating,0.9874,Receiving block blk_<*> src: /<*> dest: /<*>,0.4165,<*> Served block blk_<*> to /<*>,0.3888,16.27,17
583,BLOCK* NameSystem.addStoredBlock: blockMap updated: <*> is added to <*> size 67108864,exact,BLOCK* NameSystem.addStoredBlock: blockMap updated: <*> is added to blk_<*> size <*>,0.9999,BLOCK* NameSystem.allocateBlock: <*> blk_<*>,0.5939,BLOCK* NameSystem.delete: blk_<*> is added to invalidSet of <*>,0.591,18.16,17
584,PacketResponder 1 for block <*> terminating,exact,PacketResponder <*> for block blk_<*> terminating,0.9929,Receiving block blk_<*> src: /<*> dest: /<*>,0.4189,<*> Starting thread to transfer block blk_<*> to <*>,0.391,14.18,17
585,Received block <*> of size 67108864 from /<*>,exact,Received block blk_<*> of size <*> from /<*>,0.9998,Received block blk_<*> src: /<*> dest: /<*> of size <*>,0.8363,Receiving block blk_<*> src: /<*> dest: /<*>,0.6058,13.76,17
586,PacketResponder 1 for block <*> terminating,exact,PacketResponder <*> for block blk_<*> terminating,0.9929,Receiving block blk_<*> src: /<*> dest: /<*>,0.4189,<*> Starting thread to transfer block blk_<*> to <*>,0.391,14.97,17
587,BLOCK* NameSystem.allocateBlock: /user/root/randtxt9/_temporary/_task_200811101024_0016_m_000347_0/part-00347. <*>,exact,BLOCK* NameSystem.allocateBlock: <*> blk_<*>,0.9936,BLOCK* NameSystem.addStoredBlock: blockMap updated: <*> is added to blk_<*> size <*>,0.5795,BLOCK* NameSystem.delete: blk_<*> is added to invalidSet of <*>,0.5466,15.77,17
588,BLOCK* NameSystem.addStoredBlock: blockMap updated: <*> is added to <*> size 67108864,exact,BLOCK* NameSystem.addStoredBlock: blockMap updated: <*> is added to blk_<*> size <*>,0.9999,BLOCK* NameSystem.allocateBlock: <*> blk_<*>,0.5938,BLOCK* NameSystem.delete: blk_<*> is added to invalidSet of <*>,0.591,14.39,17
589,Receiving block <*> src: /<*> dest: /<*>,exact,Receiving block blk_<*> src: /<*> dest: /<*>,1.0,Received block blk_<*> src: /<*> dest: /<*> of size <*>,0.8091,<*> Served block blk_<*> to /<*>,0.6183,13.43,17
590,Received block <*> of size 67108864 from /<*>,exact,Received block blk_<*> of size <*> from /<*>,0.9998,Received block blk_<*> src: /<*> dest: /<*> of size <*>,0.8363,Receiving block blk_<*> src: /<*> dest: /<*>,0.6058,13.48,17
591,BLOCK* NameSystem.addStoredBlock: blockMap updated: <*> is added to <*> size 67108864,exact,BLOCK* NameSystem.addStoredBlock: blockMap updated: <*> is added to blk_<*> size <*>,0.9999,BLOCK* NameSystem.allocateBlock: <*> blk_<*>,0.5938,BLOCK* NameSystem.delete: blk_<*> is added to invalidSet of <*>,0.591,14.01,17
592,PacketResponder 0 for block <*> terminating,partial,PacketResponder <*> for block blk_<*> terminating,0.9841,Receiving block blk_<*> src: /<*> dest: /<*>,0.4214,<*> Starting thread to transfer block blk_<*> to <*>,0.3798,12.13,17
593,PacketResponder 1 for block <*> terminating,exact,PacketResponder <*> for block blk_<*> terminating,0.9929,Receiving block blk_<*> src: /<*> dest: /<*>,0.4189,<*> Starting thread to transfer block blk_<*> to <*>,0.391,12.47,17
594,Received block <*> of size 67108864 from /<*>,exact,Received block blk_<*> of size <*> from /<*>,0.9999,Received block blk_<*> src: /<*> dest: /<*> of size <*>,0.8363,Receiving block blk_<*> src: /<*> dest: /<*>,0.6058,11.88,17
595,Receiving block <*> src: /<*> dest: /<*>,exact,Receiving block blk_<*> src: /<*> dest: /<*>,1.0,Received block blk_<*> src: /<*> dest: /<*> of size <*>,0.8091,<*> Served block blk_<*> to /<*>,0.6183,11.3,17
596,Receiving block <*> src: /<*> dest: /<*>,exact,Receiving block blk_<*> src: /<*> dest: /<*>,1.0,Received block blk_<*> src: /<*> dest: /<*> of size <*>,0.8091,<*> Served block blk_<*> to /<*>,0.6183,11.51,17
597,Received block <*> of size 67108864 from /<*>,exact,Received block blk_<*> of size <*> from /<*>,0.9999,Received block blk_<*> src: /<*> dest: /<*> of size <*>,0.8363,Receiving block blk_<*> src: /<*> dest: /<*>,0.6058,12.16,17
598,Receiving block <*> src: /<*> dest: /<*>,exact,Receiving block blk_<*> src: /<*> dest: /<*>,1.0,Received block blk_<*> src: /<*> dest: /<*> of size <*>,0.8091,<*> Served block blk_<*> to /<*>,0.6183,12.16,17
599,PacketResponder 0 for block <*> terminating,partial,PacketResponder <*> for block blk_<*> terminating,0.9842,Receiving block blk_<*> src: /<*> dest: /<*>,0.4214,<*> Starting thread to transfer block blk_<*> to <*>,0.3798,10.6,17
600,Receiving block <*> src: /<*> dest: /<*>,exact,Receiving block blk_<*> src: /<*> dest: /<*>,1.0,Received block blk_<*> src: /<*> dest: /<*> of size <*>,0.8091,<*> Served block blk_<*> to /<*>,0.6183,11.89,17
