log_id,normalised,match_type,top1_template,top1_score,top2_template,top2_score,top3_template,top3_score,latency_ms,store_size
1,calculateCaloriesWithCache totalCalories=131015,partial,calculateCaloriesWithCache totalCalories<*>,0.98,calculateAltitudeWithCache totalAltitude=240,0.6907,calculateAltitudeWithCache totalAltitude=0,0.6375,43.08,72
2,calculateAltitudeWithCache totalAltitude=240,exact,calculateAltitudeWithCache totalAltitude=240,1.0,calculateAltitudeWithCache totalAltitude=0,0.7669,calculateCaloriesWithCache totalCalories<*>,0.7048,434.65,72
3,REPORT : 7205 5144 154331 240,partial,REPORT : <*> 240,0.8901,theDayChanged <*>,0.4649,getDiffTotalSteps= <*>,0.3593,114.79,72
4,onStandStepChanged 3780,partial,onStandStepChanged <*>,0.9326,theDayChanged <*>,0.4374,REPORT : <*> 240,0.3901,31.19,72
5,onExtend:1514042086000 3 0 4,partial,onExtend<*> 0 0 4,0.9884,theDayChanged <*>,0.4592,tryToReloadTodayBasicSteps1514044800223|3786|0|0,0.4095,56.18,72
6,getTodayTotalDetailSteps = 1514041980000##7205##549659##8661##16256##30730728,partial,getTodayTotalDetailSteps = <*>,0.9757,getTodayBasicStandardSteps= <*>,0.7475,getDiffTotalSteps= <*>,0.6535,41.32,72
7,setTodayTotalDetailSteps=1514041980000##7208##549659##8661##16256##30731232,partial,getTodayTotalDetailSteps = <*>,0.9818,getTodayBasicStandardSteps= <*>,0.7163,getDiffTotalSteps= <*>,0.6073,26.52,72
8,calculateCaloriesWithCache totalCalories=131079,partial,calculateCaloriesWithCache totalCalories<*>,0.9848,calculateAltitudeWithCache totalAltitude=240,0.6814,calculateAltitudeWithCache totalAltitude=0,0.6438,25.04,72
9,calculateAltitudeWithCache totalAltitude=240,exact,calculateAltitudeWithCache totalAltitude=240,1.0,calculateAltitudeWithCache totalAltitude=0,0.7669,calculateCaloriesWithCache totalCalories<*>,0.7047,24.84,72
10,REPORT : 7208 5146 154395 240,partial,REPORT : <*> 240,0.9076,theDayChanged <*>,0.4552,getDiffTotalSteps= <*>,0.3201,24.55,72
11,onStandStepChanged 3783,partial,onStandStepChanged <*>,0.921,theDayChanged <*>,0.4568,REPORT : <*> 240,0.4384,25.02,72
12,onExtend:1514042086000 3 0 4,partial,onExtend<*> 0 0 4,0.9884,theDayChanged <*>,0.4592,tryToReloadTodayBasicSteps1514044800223|3786|0|0,0.4095,25.2,72
13,getTodayTotalDetailSteps = 1514041980000##7208##549659##8661##16256##30731232,partial,getTodayTotalDetailSteps = <*>,0.9762,getTodayBasicStandardSteps= <*>,0.7447,getDiffTotalSteps= <*>,0.6538,26.16,72
14,setTodayTotalDetailSteps=1514041980000##7211##549659##8661##16256##30731730,partial,getTodayTotalDetailSteps = <*>,0.981,getTodayBasicStandardSteps= <*>,0.7212,getDiffTotalSteps= <*>,0.6015,26.21,72
15,calculateCaloriesWithCache totalCalories=131144,partial,calculateCaloriesWithCache totalCalories<*>,0.978,calculateAltitudeWithCache totalAltitude=240,0.6902,calculateAltitudeWithCache totalAltitude=0,0.6282,25.16,72
16,calculateAltitudeWithCache totalAltitude=240,exact,calculateAltitudeWithCache totalAltitude=240,1.0,calculateAltitudeWithCache totalAltitude=0,0.7669,calculateCaloriesWithCache totalCalories<*>,0.7047,25.05,72
17,REPORT : 7211 5148 154459 240,partial,REPORT : <*> 240,0.9093,theDayChanged <*>,0.4505,onStandStepChanged <*>,0.3324,24.76,72
18,onStandStepChanged 3784,partial,onStandStepChanged <*>,0.9173,theDayChanged <*>,0.4533,REPORT : <*> 240,0.443,24.57,72
19,onExtend:1514042087000 1 0 4,partial,onExtend<*> 0 0 4,0.9849,theDayChanged <*>,0.458,tryToReloadTodayBasicSteps1514044800223|3786|0|0,0.4079,24.72,72
20,getTodayTotalDetailSteps = 1514041980000##7211##549659##8661##16256##30731730,partial,getTodayTotalDetailSteps = <*>,0.973,getTodayBasicStandardSteps= <*>,0.7476,getDiffTotalSteps= <*>,0.6499,26.23,72
21,setTodayTotalDetailSteps=1514041980000##7212##549659##8661##16256##30732729,partial,getTodayTotalDetailSteps = <*>,0.9813,getTodayBasicStandardSteps= <*>,0.7194,getDiffTotalSteps= <*>,0.6012,26.51,72
22,calculateCaloriesWithCache totalCalories=131165,partial,calculateCaloriesWithCache totalCalories<*>,0.9842,calculateAltitudeWithCache totalAltitude=240,0.6933,calculateAltitudeWithCache totalAltitude=0,0.6335,25.07,72
23,calculateAltitudeWithCache totalAltitude=240,exact,calculateAltitudeWithCache totalAltitude=240,1.0,calculateAltitudeWithCache totalAltitude=0,0.7669,calculateCaloriesWithCache totalCalories<*>,0.7047,24.86,72
24,REPORT : 7212 5149 154481 240,partial,REPORT : <*> 240,0.8869,theDayChanged <*>,0.445,onExtend<*> 0 0 4,0.341,24.4,72
25,onStandStepChanged 3786,exact,onStandStepChanged <*>,0.9979,setBasicStandardSteps basicStandardStep=3786 restartSteps=0,0.3647,theDayChanged <*>,0.3576,24.28,72
26,onExtend:1514042088000 2 0 4,partial,onExtend<*> 0 0 4,0.9836,theDayChanged <*>,0.4741,tryToReloadTodayBasicSteps1514044800223|3786|0|0,0.4206,24.6,72
27,getTodayTotalDetailSteps = 1514041980000##7212##549659##8661##16256##30732729,partial,getTodayTotalDetailSteps = <*>,0.9731,getTodayBasicStandardSteps= <*>,0.7456,getDiffTotalSteps= <*>,0.6486,26.3,72
28,setTodayTotalDetailSteps=1514041980000##7214##549659##8661##16256##30733226,partial,getTodayTotalDetailSteps = <*>,0.9831,getTodayBasicStandardSteps= <*>,0.7225,getDiffTotalSteps= <*>,0.6023,26.25,72
29,calculateCaloriesWithCache totalCalories=131208,partial,calculateCaloriesWithCache totalCalories<*>,0.9845,calculateAltitudeWithCache totalAltitude=240,0.7021,calculateAltitudeWithCache totalAltitude=0,0.6404,24.76,72
30,calculateAltitudeWithCache totalAltitude=240,exact,calculateAltitudeWithCache totalAltitude=240,1.0,calculateAltitudeWithCache totalAltitude=0,0.7669,calculateCaloriesWithCache totalCalories<*>,0.7048,24.64,72
31,REPORT : 7214 5150 154523 240,partial,REPORT : <*> 240,0.9263,theDayChanged <*>,0.4838,onExtend<*> 0 0 4,0.3585,24.47,72
32,onStandStepChanged 3786,exact,onStandStepChanged <*>,0.998,setBasicStandardSteps basicStandardStep=3786 restartSteps=0,0.3647,theDayChanged <*>,0.3576,24.35,72
33,onExtend:1514042091000 0 0 0,partial,onExtend<*> 0 0 4,0.9866,theDayChanged <*>,0.4326,tryToReloadTodayBasicSteps1514044800223|3786|0|0,0.3984,24.6,72
34,getTodayTotalDetailSteps = 1514041980000##7214##549659##8661##16256##30733226,partial,getTodayTotalDetailSteps = <*>,0.9748,getTodayBasicStandardSteps= <*>,0.7472,getDiffTotalSteps= <*>,0.6495,26.32,72
35,setTodayTotalDetailSteps=1514041980000##7214##549659##8661##16256##30736730,partial,getTodayTotalDetailSteps = <*>,0.9819,getTodayBasicStandardSteps= <*>,0.7221,getDiffTotalSteps= <*>,0.6006,26.2,72
36,calculateCaloriesWithCache totalCalories=131208,partial,calculateCaloriesWithCache totalCalories<*>,0.9847,calculateAltitudeWithCache totalAltitude=240,0.7021,calculateAltitudeWithCache totalAltitude=0,0.6404,25.32,72
37,calculateAltitudeWithCache totalAltitude=240,exact,calculateAltitudeWithCache totalAltitude=240,1.0,calculateAltitudeWithCache totalAltitude=0,0.7669,calculateCaloriesWithCache totalCalories<*>,0.7048,24.97,72
38,processHandleBroadcastAction action:android.intent.action.TIME_TICK,exact,processHandleBroadcastAction action:android.intent.action.TIME_TICK,1.0,processHandleBroadcastAction action:android.intent.action.SCREEN_ON,0.7753,onReceive action: android.intent.action.SCREEN_ON,0.4881,25.28,72
39,processHandleBroadcastAction action:android.intent.action.TIME_TICK,exact,processHandleBroadcastAction action:android.intent.action.TIME_TICK,1.0,processHandleBroadcastAction action:android.intent.action.SCREEN_ON,0.7753,onReceive action: android.intent.action.SCREEN_ON,0.4881,24.88,72
40,onStandStepChanged 3786,exact,onStandStepChanged <*>,0.998,setBasicStandardSteps basicStandardStep=3786 restartSteps=0,0.3647,theDayChanged <*>,0.3576,24.58,72
41,onExtend:1514042182000 0 0 5,partial,onExtend<*> 0 0 4,0.9868,theDayChanged <*>,0.4798,tryToReloadTodayBasicSteps1514044800223|3786|0|0,0.408,24.62,72
42,getTodayTotalDetailSteps = 1514041980000##7214##549659##8661##16256##30736730,partial,getTodayTotalDetailSteps = <*>,0.975,getTodayBasicStandardSteps= <*>,0.7489,getDiffTotalSteps= <*>,0.6498,26.13,72
43,setTodayTotalDetailSteps=1514042100000##7214##549659##8661##16256##30827730,partial,getTodayTotalDetailSteps = <*>,0.977,getTodayBasicStandardSteps= <*>,0.7288,getDiffTotalSteps= <*>,0.6178,26.16,72
44,calculateCaloriesWithCache totalCalories=131208,partial,calculateCaloriesWithCache totalCalories<*>,0.9848,calculateAltitudeWithCache totalAltitude=240,0.7021,calculateAltitudeWithCache totalAltitude=0,0.6404,24.94,72
45,calculateAltitudeWithCache totalAltitude=240,exact,calculateAltitudeWithCache totalAltitude=240,1.0,calculateAltitudeWithCache totalAltitude=0,0.7669,calculateCaloriesWithCache totalCalories<*>,0.7049,24.83,72
46,onReceive action: android.intent.action.SCREEN_OFF,partial,onReceive action: android.intent.action.SCREEN_ON,0.9833,processHandleBroadcastAction action:android.intent.action.SCREEN_ON,0.7426,processHandleBroadcastAction action:android.intent.action.TIME_TICK,0.4736,25.1,72
47,onStandStepChanged 3786,exact,onStandStepChanged <*>,0.998,setBasicStandardSteps basicStandardStep=3786 restartSteps=0,0.3647,theDayChanged <*>,0.3576,24.53,72
48,onExtend:1514042205000 0 0 5,partial,onExtend<*> 0 0 4,0.9895,theDayChanged <*>,0.4771,tryToReloadTodayBasicSteps1514044800223|3786|0|0,0.4091,24.75,72
49,onExtend:1514042265000 0 0 0,partial,onExtend<*> 0 0 4,0.9769,theDayChanged <*>,0.4427,REPORT : 0 0 0 0,0.3922,24.74,72
50,onReceive action: android.intent.action.SCREEN_ON,partial,onReceive action: android.intent.action.SCREEN_ON,0.9675,processHandleBroadcastAction action:android.intent.action.SCREEN_ON,0.7843,processHandleBroadcastAction action:android.intent.action.TIME_TICK,0.4828,25.35,72
51,processHandleBroadcastAction action:android.intent.action.SCREEN_ON,exact,processHandleBroadcastAction action:android.intent.action.SCREEN_ON,1.0,onReceive action: android.intent.action.SCREEN_ON,0.7782,processHandleBroadcastAction action:android.intent.action.TIME_TICK,0.7753,25.03,72
52,flush sensor data,exact,flush sensor data,1.0,flush2DB result success,0.3924,flushTempCacheToDB by stand,0.3462,24.7,72
53,getTodayTotalDetailSteps = 1514042100000##7214##549659##8661##16256##30827730,partial,getTodayTotalDetailSteps = <*>,0.9814,getTodayBasicStandardSteps= <*>,0.7641,getDiffTotalSteps= <*>,0.6684,26.07,72
54,setTodayTotalDetailSteps=1514042160000##7214##549659##8661##16256##30905315,partial,getTodayTotalDetailSteps = <*>,0.9791,getTodayBasicStandardSteps= <*>,0.7267,getDiffTotalSteps= <*>,0.6172,26.01,72
55,onStandStepChanged 3786,exact,onStandStepChanged <*>,0.9981,setBasicStandardSteps basicStandardStep=3786 restartSteps=0,0.3647,theDayChanged <*>,0.3576,25.71,72
56,calculateCaloriesWithCache totalCalories=131208,partial,calculateCaloriesWithCache totalCalories<*>,0.985,calculateAltitudeWithCache totalAltitude=240,0.7021,calculateAltitudeWithCache totalAltitude=0,0.6404,25.9,72
57,calculateAltitudeWithCache totalAltitude=240,exact,calculateAltitudeWithCache totalAltitude=240,1.0,calculateAltitudeWithCache totalAltitude=0,0.7669,calculateCaloriesWithCache totalCalories<*>,0.7049,25.24,72
58,REPORT : 7214 5150 154523 240,partial,REPORT : <*> 240,0.9274,theDayChanged <*>,0.4838,onExtend<*> 0 0 4,0.3584,24.72,72
59,onStandStepChanged 3786,exact,onStandStepChanged <*>,0.9981,setBasicStandardSteps basicStandardStep=3786 restartSteps=0,0.3647,theDayChanged <*>,0.3576,24.84,72
60,onExtend:1514042261000 0 0 0,partial,onExtend<*> 0 0 4,0.9783,theDayChanged <*>,0.4321,REPORT : 0 0 0 0,0.3898,24.97,72
61,"timeStamp back,extendReportTimeStamp=1514042265000",exact,timeStamp back<*>,0.9979,"saveStatData() type <*> = 1513958400000,statClient = 2,who is 1",0.407,"saveRealTimeHealthDatasStat() size = 1,totalTime = 48",0.4037,25.08,72
62,getTodayTotalDetailSteps = 1514042160000##7214##549659##8661##16256##30905315,partial,getTodayTotalDetailSteps = <*>,0.9827,getTodayBasicStandardSteps= <*>,0.7621,getDiffTotalSteps= <*>,0.669,26.15,72
63,setTodayTotalDetailSteps=1514042160000##7214##549659##8661##16256##30905625,partial,getTodayTotalDetailSteps = <*>,0.9793,getTodayBasicStandardSteps= <*>,0.7247,getDiffTotalSteps= <*>,0.6149,26.04,72
64,calculateCaloriesWithCache totalCalories=131208,partial,calculateCaloriesWithCache totalCalories<*>,0.9851,calculateAltitudeWithCache totalAltitude=240,0.7021,calculateAltitudeWithCache totalAltitude=0,0.6404,24.87,72
65,calculateAltitudeWithCache totalAltitude=240,exact,calculateAltitudeWithCache totalAltitude=240,1.0,calculateAltitudeWithCache totalAltitude=0,0.7669,calculateCaloriesWithCache totalCalories<*>,0.7049,44.25,72
66,processHandleBroadcastAction action:android.intent.action.TIME_TICK,exact,processHandleBroadcastAction action:android.intent.action.TIME_TICK,1.0,processHandleBroadcastAction action:android.intent.action.SCREEN_ON,0.7753,onReceive action: android.intent.action.SCREEN_ON,0.4882,25.21,72
67,onStandStepChanged 3786,exact,onStandStepChanged <*>,0.9982,setBasicStandardSteps basicStandardStep=3786 restartSteps=0,0.3647,theDayChanged <*>,0.3576,24.41,72
68,onExtend:1514042262000 0 0 0,partial,onExtend<*> 0 0 4,0.979,theDayChanged <*>,0.446,tryToReloadTodayBasicSteps1514044800223|3786|0|0,0.3991,24.46,72
69,onReceive action: android.intent.action.SCREEN_OFF,partial,onReceive action: android.intent.action.SCREEN_ON,0.9824,processHandleBroadcastAction action:android.intent.action.SCREEN_ON,0.7426,processHandleBroadcastAction action:android.intent.action.TIME_TICK,0.4736,24.7,72
70,onReceive action: android.intent.action.SCREEN_ON,partial,onReceive action: android.intent.action.SCREEN_ON,0.9696,processHandleBroadcastAction action:android.intent.action.SCREEN_ON,0.7843,processHandleBroadcastAction action:android.intent.action.TIME_TICK,0.4828,24.62,72
71,processHandleBroadcastAction action:android.intent.action.SCREEN_ON,exact,processHandleBroadcastAction action:android.intent.action.SCREEN_ON,1.0,onReceive action: android.intent.action.SCREEN_ON,0.7786,processHandleBroadcastAction action:android.intent.action.TIME_TICK,0.7753,25.08,72
72,flush sensor data,exact,flush sensor data,1.0,flush2DB result success,0.3924,flushTempCacheToDB by stand,0.3462,24.29,72
73,onStandStepChanged 3786,exact,onStandStepChanged <*>,0.9982,setBasicStandardSteps basicStandardStep=3786 restartSteps=0,0.3647,theDayChanged <*>,0.3576,24.5,72
74,getTodayTotalDetailSteps = 1514042160000##7214##549659##8661##16256##30905625,partial,getTodayTotalDetailSteps = <*>,0.9839,getTodayBasicStandardSteps= <*>,0.7593,getDiffTotalSteps= <*>,0.6654,26.07,72
75,setTodayTotalDetailSteps=1514042160000##7214##549659##8661##16256##30906310,partial,getTodayTotalDetailSteps = <*>,0.979,getTodayBasicStandardSteps= <*>,0.722,getDiffTotalSteps= <*>,0.6125,25.97,72
76,calculateCaloriesWithCache totalCalories=131208,partial,calculateCaloriesWithCache totalCalories<*>,0.9853,calculateAltitudeWithCache totalAltitude=240,0.7021,calculateAltitudeWithCache totalAltitude=0,0.6404,24.64,72
77,calculateAltitudeWithCache totalAltitude=240,exact,calculateAltitudeWithCache totalAltitude=240,1.0,calculateAltitudeWithCache totalAltitude=0,0.7669,calculateCaloriesWithCache totalCalories<*>,0.705,24.79,72
78,REPORT : 7214 5150 154523 240,partial,REPORT : <*> 240,0.9285,theDayChanged <*>,0.4838,onExtend<*> 0 0 4,0.3584,24.63,72
79,onStandStepChanged 3786,exact,onStandStepChanged <*>,0.9982,setBasicStandardSteps basicStandardStep=3786 restartSteps=0,0.3647,theDayChanged <*>,0.3576,24.42,72
80,onExtend:1514042262000 0 0 0,partial,onExtend<*> 0 0 4,0.9791,theDayChanged <*>,0.446,tryToReloadTodayBasicSteps1514044800223|3786|0|0,0.3991,24.47,72
81,getTodayTotalDetailSteps = 1514042160000##7214##549659##8661##16256##30906310,partial,getTodayTotalDetailSteps = <*>,0.981,getTodayBasicStandardSteps= <*>,0.7561,getDiffTotalSteps= <*>,0.6654,26.22,72
82,setTodayTotalDetailSteps=1514042160000##7214##549659##8661##16256##30906710,partial,getTodayTotalDetailSteps = <*>,0.9792,getTodayBasicStandardSteps= <*>,0.7246,getDiffTotalSteps= <*>,0.6089,26.21,72
83,calculateCaloriesWithCache totalCalories=131208,partial,calculateCaloriesWithCache totalCalories<*>,0.9854,calculateAltitudeWithCache totalAltitude=240,0.7021,calculateAltitudeWithCache totalAltitude=0,0.6404,24.93,72
84,calculateAltitudeWithCache totalAltitude=240,exact,calculateAltitudeWithCache totalAltitude=240,1.0,calculateAltitudeWithCache totalAltitude=0,0.7669,calculateCaloriesWithCache totalCalories<*>,0.705,24.66,72
85,processHandleBroadcastAction action:android.intent.action.TIME_TICK,exact,processHandleBroadcastAction action:android.intent.action.TIME_TICK,1.0,processHandleBroadcastAction action:android.intent.action.SCREEN_ON,0.7753,onReceive action: android.intent.action.SCREEN_ON,0.4884,24.92,72
86,processHandleBroadcastAction action:android.intent.action.TIME_TICK,exact,processHandleBroadcastAction action:android.intent.action.TIME_TICK,1.0,processHandleBroadcastAction action:android.intent.action.SCREEN_ON,0.7753,onReceive action: android.intent.action.SCREEN_ON,0.4884,25.04,72
87,onStandStepChanged 3786,exact,onStandStepChanged <*>,0.9983,setBasicStandardSteps basicStandardStep=3786 restartSteps=0,0.3647,theDayChanged <*>,0.3576,25.09,72
88,onExtend:1514042360000 0 0 5,partial,onExtend<*> 0 0 4,0.9814,theDayChanged <*>,0.4645,REPORT : <*> 240,0.4042,24.71,72
89,getTodayTotalDetailSteps = 1514042160000##7214##549659##8661##16256##30906710,partial,getTodayTotalDetailSteps = <*>,0.9825,getTodayBasicStandardSteps= <*>,0.7588,getDiffTotalSteps= <*>,0.6625,26.27,72
90,setTodayTotalDetailSteps=1514042280000##7214##549659##8661##16256##31004759,partial,getTodayTotalDetailSteps = <*>,0.9784,getTodayBasicStandardSteps= <*>,0.7244,getDiffTotalSteps= <*>,0.6148,25.85,72
91,calculateCaloriesWithCache totalCalories=131208,partial,calculateCaloriesWithCache totalCalories<*>,0.9856,calculateAltitudeWithCache totalAltitude=240,0.7021,calculateAltitudeWithCache totalAltitude=0,0.6404,24.54,72
92,calculateAltitudeWithCache totalAltitude=240,exact,calculateAltitudeWithCache totalAltitude=240,1.0,calculateAltitudeWithCache totalAltitude=0,0.7669,calculateCaloriesWithCache totalCalories<*>,0.705,24.91,72
93,onStandStepChanged 3786,exact,onStandStepChanged <*>,0.9983,setBasicStandardSteps basicStandardStep=3786 restartSteps=0,0.3647,theDayChanged <*>,0.3576,24.65,72
94,onExtend:1514042361000 0 0 0,partial,onExtend<*> 0 0 4,0.9861,theDayChanged <*>,0.4467,tryToReloadTodayBasicSteps1514044800223|3786|0|0,0.3907,25.2,72
95,getTodayTotalDetailSteps = 1514042280000##7214##549659##8661##16256##31004759,partial,getTodayTotalDetailSteps = <*>,0.9822,getTodayBasicStandardSteps= <*>,0.757,getDiffTotalSteps= <*>,0.6622,26.0,72
96,setTodayTotalDetailSteps=1514042280000##7214##549659##8661##16256##31005759,partial,getTodayTotalDetailSteps = <*>,0.9786,getTodayBasicStandardSteps= <*>,0.723,getDiffTotalSteps= <*>,0.6179,26.0,72
97,calculateCaloriesWithCache totalCalories=131208,partial,calculateCaloriesWithCache totalCalories<*>,0.9857,calculateAltitudeWithCache totalAltitude=240,0.7021,calculateAltitudeWithCache totalAltitude=0,0.6404,24.76,72
98,calculateAltitudeWithCache totalAltitude=240,exact,calculateAltitudeWithCache totalAltitude=240,1.0,calculateAltitudeWithCache totalAltitude=0,0.7669,calculateCaloriesWithCache totalCalories<*>,0.7051,24.62,72
99,processHandleBroadcastAction action:android.intent.action.TIME_TICK,exact,processHandleBroadcastAction action:android.intent.action.TIME_TICK,1.0,processHandleBroadcastAction action:android.intent.action.SCREEN_ON,0.7753,onReceive action: android.intent.action.SCREEN_ON,0.4884,24.81,72
100,processHandleBroadcastAction action:android.intent.action.TIME_TICK,exact,processHandleBroadcastAction action:android.intent.action.TIME_TICK,1.0,processHandleBroadcastAction action:android.intent.action.SCREEN_ON,0.7753,onReceive action: android.intent.action.SCREEN_ON,0.4884,24.67,72
101,processHandleBroadcastAction action:android.intent.action.TIME_TICK,exact,processHandleBroadcastAction action:android.intent.action.TIME_TICK,1.0,processHandleBroadcastAction action:android.intent.action.SCREEN_ON,0.7753,onReceive action: android.intent.action.SCREEN_ON,0.4884,24.98,72
102,onStandStepChanged 3786,exact,onStandStepChanged <*>,0.9984,setBasicStandardSteps basicStandardStep=3786 restartSteps=0,0.3647,theDayChanged <*>,0.3576,26.13,72
103,onExtend:1514042595000 0 0 5,partial,onExtend<*> 0 0 4,0.9879,theDayChanged <*>,0.4758,tryToReloadTodayBasicSteps1514044800223|3786|0|0,0.4048,26.76,72
104,getTodayTotalDetailSteps = 1514042280000##7214##549659##8661##16256##31005759,partial,getTodayTotalDetailSteps = <*>,0.9815,getTodayBasicStandardSteps= <*>,0.7565,getDiffTotalSteps= <*>,0.6656,26.13,72
105,setTodayTotalDetailSteps=1514042520000##7214##549659##8661##16256##31239760,partial,getTodayTotalDetailSteps = <*>,0.9783,getTodayBasicStandardSteps= <*>,0.7319,getDiffTotalSteps= <*>,0.6142,26.19,72
106,calculateCaloriesWithCache totalCalories=131208,partial,calculateCaloriesWithCache totalCalories<*>,0.9858,calculateAltitudeWithCache totalAltitude=240,0.7021,calculateAltitudeWithCache totalAltitude=0,0.6404,25.41,72
107,calculateAltitudeWithCache totalAltitude=240,exact,calculateAltitudeWithCache totalAltitude=240,1.0,calculateAltitudeWithCache totalAltitude=0,0.7669,calculateCaloriesWithCache totalCalories<*>,0.7051,24.84,72
108,onStandStepChanged 3786,exact,onStandStepChanged <*>,0.9984,setBasicStandardSteps basicStandardStep=3786 restartSteps=0,0.3647,theDayChanged <*>,0.3576,24.32,72
109,onExtend:1514042599000 0 0 0,partial,onExtend<*> 0 0 4,0.9808,theDayChanged <*>,0.4325,tryToReloadTodayBasicSteps1514044800223|3786|0|0,0.4019,24.79,72
110,getTodayTotalDetailSteps = 1514042520000##7214##549659##8661##16256##31239760,partial,getTodayTotalDetailSteps = <*>,0.9815,getTodayBasicStandardSteps= <*>,0.7653,getDiffTotalSteps= <*>,0.6652,26.18,72
111,setTodayTotalDetailSteps=1514042520000##7214##549659##8661##16256##31243766,partial,getTodayTotalDetailSteps = <*>,0.9804,getTodayBasicStandardSteps= <*>,0.7309,getDiffTotalSteps= <*>,0.6165,26.04,72
112,calculateCaloriesWithCache totalCalories=131208,partial,calculateCaloriesWithCache totalCalories<*>,0.986,calculateAltitudeWithCache totalAltitude=240,0.7021,calculateAltitudeWithCache totalAltitude=0,0.6404,24.8,72
113,calculateAltitudeWithCache totalAltitude=240,exact,calculateAltitudeWithCache totalAltitude=240,1.0,calculateAltitudeWithCache totalAltitude=0,0.7669,calculateCaloriesWithCache totalCalories<*>,0.7051,24.85,72
114,processHandleBroadcastAction action:android.intent.action.TIME_TICK,exact,processHandleBroadcastAction action:android.intent.action.TIME_TICK,1.0,processHandleBroadcastAction action:android.intent.action.SCREEN_ON,0.7753,onReceive action: android.intent.action.SCREEN_ON,0.4884,25.09,72
115,processHandleBroadcastAction action:android.intent.action.TIME_TICK,exact,processHandleBroadcastAction action:android.intent.action.TIME_TICK,1.0,processHandleBroadcastAction action:android.intent.action.SCREEN_ON,0.7753,onReceive action: android.intent.action.SCREEN_ON,0.4884,24.8,72
116,processHandleBroadcastAction action:android.intent.action.TIME_TICK,exact,processHandleBroadcastAction action:android.intent.action.TIME_TICK,1.0,processHandleBroadcastAction action:android.intent.action.SCREEN_ON,0.7753,onReceive action: android.intent.action.SCREEN_ON,0.4884,24.8,72
117,processHandleBroadcastAction action:android.intent.action.TIME_TICK,exact,processHandleBroadcastAction action:android.intent.action.TIME_TICK,1.0,processHandleBroadcastAction action:android.intent.action.SCREEN_ON,0.7753,onReceive action: android.intent.action.SCREEN_ON,0.4884,24.89,72
118,processHandleBroadcastAction action:android.intent.action.TIME_TICK,exact,processHandleBroadcastAction action:android.intent.action.TIME_TICK,1.0,processHandleBroadcastAction action:android.intent.action.SCREEN_ON,0.7753,onReceive action: android.intent.action.SCREEN_ON,0.4884,24.72,72
119,processHandleBroadcastAction action:android.intent.action.TIME_TICK,exact,processHandleBroadcastAction action:android.intent.action.TIME_TICK,1.0,processHandleBroadcastAction action:android.intent.action.SCREEN_ON,0.7753,onReceive action: android.intent.action.SCREEN_ON,0.4884,24.74,72
120,processHandleBroadcastAction action:android.intent.action.TIME_TICK,exact,processHandleBroadcastAction action:android.intent.action.TIME_TICK,1.0,processHandleBroadcastAction action:android.intent.action.SCREEN_ON,0.7753,onReceive action: android.intent.action.SCREEN_ON,0.4884,24.76,72
121,onStandStepChanged 3786,exact,onStandStepChanged <*>,0.9984,setBasicStandardSteps basicStandardStep=3786 restartSteps=0,0.3647,theDayChanged <*>,0.3576,24.49,72
122,onExtend:1514042944000 0 0 5,exact,onExtend<*> 0 0 4,0.9919,theDayChanged <*>,0.4891,REPORT : <*> 240,0.4104,24.76,72
123,getTodayTotalDetailSteps = 1514042520000##7214##549659##8661##16256##31243766,partial,getTodayTotalDetailSteps = <*>,0.9813,getTodayBasicStandardSteps= <*>,0.7621,getDiffTotalSteps= <*>,0.6642,26.14,72
124,setTodayTotalDetailSteps=1514042880000##7214##549659##8661##16256##31588757,partial,getTodayTotalDetailSteps = <*>,0.9795,getTodayBasicStandardSteps= <*>,0.7148,getDiffTotalSteps= <*>,0.5951,26.46,72
125,calculateCaloriesWithCache totalCalories=131208,partial,calculateCaloriesWithCache totalCalories<*>,0.9861,calculateAltitudeWithCache totalAltitude=240,0.7021,calculateAltitudeWithCache totalAltitude=0,0.6404,24.62,72
126,calculateAltitudeWithCache totalAltitude=240,exact,calculateAltitudeWithCache totalAltitude=240,1.0,calculateAltitudeWithCache totalAltitude=0,0.7669,calculateCaloriesWithCache totalCalories<*>,0.7052,24.55,72
127,onStandStepChanged 3786,exact,onStandStepChanged <*>,0.9985,setBasicStandardSteps basicStandardStep=3786 restartSteps=0,0.3647,theDayChanged <*>,0.3576,24.26,72
128,onExtend:1514042945000 0 0 0,partial,onExtend<*> 0 0 4,0.9854,theDayChanged <*>,0.4502,tryToReloadTodayBasicSteps1514044800223|3786|0|0,0.4049,24.61,72
129,getTodayTotalDetailSteps = 1514042880000##7214##549659##8661##16256##31588757,partial,getTodayTotalDetailSteps = <*>,0.9786,getTodayBasicStandardSteps= <*>,0.7457,getDiffTotalSteps= <*>,0.6459,26.19,72
130,setTodayTotalDetailSteps=1514042880000##7214##549659##8661##16256##31589757,partial,getTodayTotalDetailSteps = <*>,0.9801,getTodayBasicStandardSteps= <*>,0.7155,getDiffTotalSteps= <*>,0.5965,26.29,72
131,calculateCaloriesWithCache totalCalories=131208,partial,calculateCaloriesWithCache totalCalories<*>,0.9862,calculateAltitudeWithCache totalAltitude=240,0.7021,calculateAltitudeWithCache totalAltitude=0,0.6404,24.77,72
132,calculateAltitudeWithCache totalAltitude=240,exact,calculateAltitudeWithCache totalAltitude=240,1.0,calculateAltitudeWithCache totalAltitude=0,0.7669,calculateCaloriesWithCache totalCalories<*>,0.7052,24.91,72
133,processHandleBroadcastAction action:android.intent.action.TIME_TICK,exact,processHandleBroadcastAction action:android.intent.action.TIME_TICK,1.0,processHandleBroadcastAction action:android.intent.action.SCREEN_ON,0.7753,onReceive action: android.intent.action.SCREEN_ON,0.4884,25.0,72
134,processHandleBroadcastAction action:android.intent.action.TIME_TICK,exact,processHandleBroadcastAction action:android.intent.action.TIME_TICK,1.0,processHandleBroadcastAction action:android.intent.action.SCREEN_ON,0.7753,onReceive action: android.intent.action.SCREEN_ON,0.4884,24.99,72
135,processHandleBroadcastAction action:android.intent.action.TIME_TICK,exact,processHandleBroadcastAction action:android.intent.action.TIME_TICK,1.0,processHandleBroadcastAction action:android.intent.action.SCREEN_ON,0.7753,onReceive action: android.intent.action.SCREEN_ON,0.4884,24.8,72
136,startTimer start autoSync,exact,startTimer start autoSync,1.0,needAutoSync autoSyncSwitch is open,0.6096,"startInsertSportSync start auto sync,app is 1",0.588,24.59,72
137,"startSync hiSyncOption = HiSyncOption{syncAction=1, syncMethod=2, syncScope=0, syncDataType=20000, syncModel=2, pushAction=0},app = 1 who = 1",exact,"startSync hiSyncOption = HiSyncOption{syncAction=2, syncMethod=2, syncScope=0, syncDataType=20000, syncModel=2, pushAction=0},app = 1 who = 1",1.0,"startInsertSportSync start auto sync,app is 1",0.5536,"startInsertSportSync first 500 steps sync,do all sync",0.5482,32.52,72
138,stepSyncOrNot appSynTimes is 0,exact,"stepSyncOrNot appSynTimes is 0, statsyncTimes is 0",0.9927,"saveRealTimeHealthDatasStat() size = 1,totalTime = 48",0.4282,startTimer start autoSync,0.4106,35.36,72
139,needAutoSync autoSyncSwitch is open,exact,needAutoSync autoSyncSwitch is open,1.0,startTimer start autoSync,0.6096,"startInsertSportSync start auto sync,app is 1",0.4817,36.25,72
140,"initDataPrivacy the dataPrivacy switch is open, start push health data!",exact,"initDataPrivacy the dataPrivacy switch is open, start push health data!",1.0,"initUserPrivacy the userPrivacy switch is open, start push user data!",0.6072,"saveHealthDetailData() deviceID = 2,clientID=1,id=1",0.5083,27.26,72
141,initDataPrivacy the dataPrivacy is true,exact,initDataPrivacy the dataPrivacy is true,1.0,"initDataPrivacy the dataPrivacy switch is open, start push health data!",0.4928,initUserPrivacy the userPrivacy is true,0.4839,24.77,72
142,"initUserPrivacy the userPrivacy switch is open, start push user data!",exact,"initUserPrivacy the userPrivacy switch is open, start push user data!",1.0,"initDataPrivacy the dataPrivacy switch is open, start push health data!",0.6072,initUserPrivacy the userPrivacy is true,0.5936,25.41,72
143,initUserPrivacy the userPrivacy is true,exact,initUserPrivacy the userPrivacy is true,1.0,"initUserPrivacy the userPrivacy switch is open, start push user data!",0.5936,initDataPrivacy the dataPrivacy is true,0.4839,24.85,72
144,ifCanSync not! no cloud version,exact,ifCanSync not! no cloud version,1.0,tryToReloadTodayBasicSteps1514044800223|3786|0|0,0.3096,"startInsertSportSync start auto sync,app is 1",0.2797,24.67,72
145,sendSyncFailedBroadcast,exact,sendSyncFailedBroadcast,1.0,processHandleBroadcastAction action:android.intent.action.TIME_TICK,0.3896,processHandleBroadcastAction action:android.intent.action.SCREEN_ON,0.3404,24.5,72
146,processHandleBroadcastAction action:android.intent.action.TIME_TICK,exact,processHandleBroadcastAction action:android.intent.action.TIME_TICK,1.0,processHandleBroadcastAction action:android.intent.action.SCREEN_ON,0.7753,onReceive action: android.intent.action.SCREEN_ON,0.4884,25.28,72
147,processHandleBroadcastAction action:android.intent.action.TIME_TICK,exact,processHandleBroadcastAction action:android.intent.action.TIME_TICK,1.0,processHandleBroadcastAction action:android.intent.action.SCREEN_ON,0.7753,onReceive action: android.intent.action.SCREEN_ON,0.4884,25.12,72
148,processHandleBroadcastAction action:android.intent.action.TIME_TICK,exact,processHandleBroadcastAction action:android.intent.action.TIME_TICK,1.0,processHandleBroadcastAction action:android.intent.action.SCREEN_ON,0.7753,onReceive action: android.intent.action.SCREEN_ON,0.4884,24.91,72
149,processHandleBroadcastAction action:android.intent.action.TIME_TICK,exact,processHandleBroadcastAction action:android.intent.action.TIME_TICK,1.0,processHandleBroadcastAction action:android.intent.action.SCREEN_ON,0.7753,onReceive action: android.intent.action.SCREEN_ON,0.4884,24.86,72
150,processHandleBroadcastAction action:android.intent.action.TIME_TICK,exact,processHandleBroadcastAction action:android.intent.action.TIME_TICK,1.0,processHandleBroadcastAction action:android.intent.action.SCREEN_ON,0.7753,onReceive action: android.intent.action.SCREEN_ON,0.4884,25.0,72
151,onStandStepChanged 3786,exact,onStandStepChanged <*>,0.9985,setBasicStandardSteps basicStandardStep=3786 restartSteps=0,0.3647,theDayChanged <*>,0.3576,24.6,72
152,onExtend:1514043434000 0 0 5,partial,onExtend<*> 0 0 4,0.9833,theDayChanged <*>,0.4717,tryToReloadTodayBasicSteps1514044800223|3786|0|0,0.4099,25.06,72
153,getTodayTotalDetailSteps = 1514042880000##7214##549659##8661##16256##31589757,partial,getTodayTotalDetailSteps = <*>,0.979,getTodayBasicStandardSteps= <*>,0.7457,getDiffTotalSteps= <*>,0.647,26.66,72
154,setTodayTotalDetailSteps=1514043360000##7214##549659##8661##16256##32078759,partial,getTodayTotalDetailSteps = <*>,0.9804,getTodayBasicStandardSteps= <*>,0.7188,getDiffTotalSteps= <*>,0.6103,26.13,72
155,calculateCaloriesWithCache totalCalories=131208,partial,calculateCaloriesWithCache totalCalories<*>,0.9864,calculateAltitudeWithCache totalAltitude=240,0.7021,calculateAltitudeWithCache totalAltitude=0,0.6404,25.33,72
156,calculateAltitudeWithCache totalAltitude=240,exact,calculateAltitudeWithCache totalAltitude=240,1.0,calculateAltitudeWithCache totalAltitude=0,0.7669,calculateCaloriesWithCache totalCalories<*>,0.7052,25.2,72
157,onStandStepChanged 3786,exact,onStandStepChanged <*>,0.9985,setBasicStandardSteps basicStandardStep=3786 restartSteps=0,0.3647,theDayChanged <*>,0.3576,24.57,72
158,onExtend:1514043436000 0 0 0,partial,onExtend<*> 0 0 4,0.9797,theDayChanged <*>,0.4458,tryToReloadTodayBasicSteps1514044800223|3786|0|0,0.4076,24.74,72
159,getTodayTotalDetailSteps = 1514043360000##7214##549659##8661##16256##32078759,partial,getTodayTotalDetailSteps = <*>,0.9831,getTodayBasicStandardSteps= <*>,0.7515,getDiffTotalSteps= <*>,0.6595,26.32,72
160,setTodayTotalDetailSteps=1514043360000##7214##549659##8661##16256##32080760,partial,getTodayTotalDetailSteps = <*>,0.9786,getTodayBasicStandardSteps= <*>,0.7231,getDiffTotalSteps= <*>,0.6156,26.08,72
161,calculateCaloriesWithCache totalCalories=131208,partial,calculateCaloriesWithCache totalCalories<*>,0.9865,calculateAltitudeWithCache totalAltitude=240,0.7021,calculateAltitudeWithCache totalAltitude=0,0.6404,24.97,72
162,calculateAltitudeWithCache totalAltitude=240,exact,calculateAltitudeWithCache totalAltitude=240,1.0,calculateAltitudeWithCache totalAltitude=0,0.7669,calculateCaloriesWithCache totalCalories<*>,0.7053,24.9,72
163,processHandleBroadcastAction action:android.intent.action.TIME_TICK,exact,processHandleBroadcastAction action:android.intent.action.TIME_TICK,1.0,processHandleBroadcastAction action:android.intent.action.SCREEN_ON,0.7753,onReceive action: android.intent.action.SCREEN_ON,0.4884,25.1,72
164,processHandleBroadcastAction action:android.intent.action.TIME_TICK,exact,processHandleBroadcastAction action:android.intent.action.TIME_TICK,1.0,processHandleBroadcastAction action:android.intent.action.SCREEN_ON,0.7753,onReceive action: android.intent.action.SCREEN_ON,0.4884,24.97,72
165,processHandleBroadcastAction action:android.intent.action.TIME_TICK,exact,processHandleBroadcastAction action:android.intent.action.TIME_TICK,1.0,processHandleBroadcastAction action:android.intent.action.SCREEN_ON,0.7753,onReceive action: android.intent.action.SCREEN_ON,0.4884,25.05,72
166,onStandStepChanged 3786,exact,onStandStepChanged <*>,0.9985,setBasicStandardSteps basicStandardStep=3786 restartSteps=0,0.3647,theDayChanged <*>,0.3576,24.81,72
167,onExtend:1514043610000 0 0 5,partial,onExtend<*> 0 0 4,0.9859,theDayChanged <*>,0.4838,REPORT : <*> 240,0.4085,24.78,72
168,getTodayTotalDetailSteps = 1514043360000##7214##549659##8661##16256##32080760,partial,getTodayTotalDetailSteps = <*>,0.9826,getTodayBasicStandardSteps= <*>,0.7602,getDiffTotalSteps= <*>,0.6681,25.98,72
169,setTodayTotalDetailSteps=1514043540000##7214##549659##8661##16256##32254765,partial,getTodayTotalDetailSteps = <*>,0.9838,getTodayBasicStandardSteps= <*>,0.723,getDiffTotalSteps= <*>,0.607,25.95,72
170,calculateCaloriesWithCache totalCalories=131208,partial,calculateCaloriesWithCache totalCalories<*>,0.9866,calculateAltitudeWithCache totalAltitude=240,0.7021,calculateAltitudeWithCache totalAltitude=0,0.6404,24.84,72
171,calculateAltitudeWithCache totalAltitude=240,exact,calculateAltitudeWithCache totalAltitude=240,1.0,calculateAltitudeWithCache totalAltitude=0,0.7669,calculateCaloriesWithCache totalCalories<*>,0.7053,25.06,72
172,onStandStepChanged 3786,exact,onStandStepChanged <*>,0.9986,setBasicStandardSteps basicStandardStep=3786 restartSteps=0,0.3647,theDayChanged <*>,0.3576,24.96,72
173,onExtend:1514043614000 0 0 0,partial,onExtend<*> 0 0 4,0.9866,theDayChanged <*>,0.4539,tryToReloadTodayBasicSteps1514044800223|3786|0|0,0.4131,24.95,72
174,getTodayTotalDetailSteps = 1514043540000##7214##549659##8661##16256##32254765,partial,getTodayTotalDetailSteps = <*>,0.9794,getTodayBasicStandardSteps= <*>,0.7491,getDiffTotalSteps= <*>,0.6516,26.35,72
175,setTodayTotalDetailSteps=1514043540000##7214##549659##8661##16256##32258759,partial,getTodayTotalDetailSteps = <*>,0.9825,getTodayBasicStandardSteps= <*>,0.7228,getDiffTotalSteps= <*>,0.611,26.29,72
176,calculateCaloriesWithCache totalCalories=131208,partial,calculateCaloriesWithCache totalCalories<*>,0.9867,calculateAltitudeWithCache totalAltitude=240,0.7021,calculateAltitudeWithCache totalAltitude=0,0.6404,25.19,72
177,calculateAltitudeWithCache totalAltitude=240,exact,calculateAltitudeWithCache totalAltitude=240,1.0,calculateAltitudeWithCache totalAltitude=0,0.7669,calculateCaloriesWithCache totalCalories<*>,0.7053,24.96,72
178,processHandleBroadcastAction action:android.intent.action.TIME_TICK,exact,processHandleBroadcastAction action:android.intent.action.TIME_TICK,1.0,processHandleBroadcastAction action:android.intent.action.SCREEN_ON,0.7753,onReceive action: android.intent.action.SCREEN_ON,0.4884,25.24,72
179,processHandleBroadcastAction action:android.intent.action.TIME_TICK,exact,processHandleBroadcastAction action:android.intent.action.TIME_TICK,1.0,processHandleBroadcastAction action:android.intent.action.SCREEN_ON,0.7753,onReceive action: android.intent.action.SCREEN_ON,0.4884,24.85,72
180,onStandStepChanged 3786,exact,onStandStepChanged <*>,0.9986,setBasicStandardSteps basicStandardStep=3786 restartSteps=0,0.3647,theDayChanged <*>,0.3576,31.24,72
181,onExtend:1514043759000 0 0 0,partial,onExtend<*> 0 0 4,0.9869,theDayChanged <*>,0.4469,tryToReloadTodayBasicSteps1514044800223|3786|0|0,0.4164,24.71,72
182,getTodayTotalDetailSteps = 1514043540000##7214##549659##8661##16256##32258759,partial,getTodayTotalDetailSteps = <*>,0.981,getTodayBasicStandardSteps= <*>,0.7518,getDiffTotalSteps= <*>,0.6563,25.48,72
183,setTodayTotalDetailSteps=1514043660000##7214##549659##8661##16256##32403526,partial,getTodayTotalDetailSteps = <*>,0.9821,getTodayBasicStandardSteps= <*>,0.7257,getDiffTotalSteps= <*>,0.6185,25.94,72
184,calculateCaloriesWithCache totalCalories=131208,partial,calculateCaloriesWithCache totalCalories<*>,0.9869,calculateAltitudeWithCache totalAltitude=240,0.7021,calculateAltitudeWithCache totalAltitude=0,0.6404,24.64,72
185,calculateAltitudeWithCache totalAltitude=240,exact,calculateAltitudeWithCache totalAltitude=240,1.0,calculateAltitudeWithCache totalAltitude=0,0.7669,calculateCaloriesWithCache totalCalories<*>,0.7054,24.82,72
186,processHandleBroadcastAction action:android.intent.action.TIME_TICK,exact,processHandleBroadcastAction action:android.intent.action.TIME_TICK,1.0,processHandleBroadcastAction action:android.intent.action.SCREEN_ON,0.7753,onReceive action: android.intent.action.SCREEN_ON,0.4884,24.78,72
187,processHandleBroadcastAction action:android.intent.action.TIME_TICK,exact,processHandleBroadcastAction action:android.intent.action.TIME_TICK,1.0,processHandleBroadcastAction action:android.intent.action.SCREEN_ON,0.7753,onReceive action: android.intent.action.SCREEN_ON,0.4884,24.86,72
188,processHandleBroadcastAction action:android.intent.action.TIME_TICK,exact,processHandleBroadcastAction action:android.intent.action.TIME_TICK,1.0,processHandleBroadcastAction action:android.intent.action.SCREEN_ON,0.7753,onReceive action: android.intent.action.SCREEN_ON,0.4884,24.9,72
189,processHandleBroadcastAction action:android.intent.action.TIME_TICK,exact,processHandleBroadcastAction action:android.intent.action.TIME_TICK,1.0,processHandleBroadcastAction action:android.intent.action.SCREEN_ON,0.7753,onReceive action: android.intent.action.SCREEN_ON,0.4884,24.83,72
190,onStandStepChanged 3786,exact,onStandStepChanged <*>,0.9986,setBasicStandardSteps basicStandardStep=3786 restartSteps=0,0.3647,theDayChanged <*>,0.3576,24.36,72
191,onExtend:1514043967000 0 0 5,partial,onExtend<*> 0 0 4,0.9865,theDayChanged <*>,0.4935,REPORT : <*> 240,0.426,24.47,72
192,getTodayTotalDetailSteps = 1514043660000##7214##549659##8661##16256##32403526,partial,getTodayTotalDetailSteps = <*>,0.9792,getTodayBasicStandardSteps= <*>,0.756,getDiffTotalSteps= <*>,0.6667,25.89,72
193,setTodayTotalDetailSteps=1514043900000##7214##549659##8661##16256##32611763,partial,getTodayTotalDetailSteps = <*>,0.98,getTodayBasicStandardSteps= <*>,0.7366,getDiffTotalSteps= <*>,0.6084,26.02,72
194,calculateCaloriesWithCache totalCalories=131208,partial,calculateCaloriesWithCache totalCalories<*>,0.987,calculateAltitudeWithCache totalAltitude=240,0.7021,calculateAltitudeWithCache totalAltitude=0,0.6404,24.55,72
195,calculateAltitudeWithCache totalAltitude=240,exact,calculateAltitudeWithCache totalAltitude=240,1.0,calculateAltitudeWithCache totalAltitude=0,0.7669,calculateCaloriesWithCache totalCalories<*>,0.7054,24.67,72
196,onStandStepChanged 3786,exact,onStandStepChanged <*>,0.9986,setBasicStandardSteps basicStandardStep=3786 restartSteps=0,0.3647,theDayChanged <*>,0.3576,24.28,72
197,onExtend:1514043974000 0 0 0,partial,onExtend<*> 0 0 4,0.9897,theDayChanged <*>,0.4681,tryToReloadTodayBasicSteps1514044800223|3786|0|0,0.4141,24.64,72
198,getTodayTotalDetailSteps = 1514043900000##7214##549659##8661##16256##32611763,partial,getTodayTotalDetailSteps = <*>,0.9803,getTodayBasicStandardSteps= <*>,0.7664,getDiffTotalSteps= <*>,0.6595,26.13,72
199,setTodayTotalDetailSteps=1514043900000##7214##549659##8661##16256##32618758,partial,getTodayTotalDetailSteps = <*>,0.9804,getTodayBasicStandardSteps= <*>,0.7272,getDiffTotalSteps= <*>,0.6127,26.02,72
200,calculateCaloriesWithCache totalCalories=131208,partial,calculateCaloriesWithCache totalCalories<*>,0.9871,calculateAltitudeWithCache totalAltitude=240,0.7021,calculateAltitudeWithCache totalAltitude=0,0.6404,24.95,72
201,calculateAltitudeWithCache totalAltitude=240,exact,calculateAltitudeWithCache totalAltitude=240,1.0,calculateAltitudeWithCache totalAltitude=0,0.7669,calculateCaloriesWithCache totalCalories<*>,0.7054,24.77,72
202,processHandleBroadcastAction action:android.intent.action.TIME_TICK,exact,processHandleBroadcastAction action:android.intent.action.TIME_TICK,1.0,processHandleBroadcastAction action:android.intent.action.SCREEN_ON,0.7753,onReceive action: android.intent.action.SCREEN_ON,0.4884,26.12,72
203,processHandleBroadcastAction action:android.intent.action.TIME_TICK,exact,processHandleBroadcastAction action:android.intent.action.TIME_TICK,1.0,processHandleBroadcastAction action:android.intent.action.SCREEN_ON,0.7753,onReceive action: android.intent.action.SCREEN_ON,0.4884,26.14,72
204,processHandleBroadcastAction action:android.intent.action.TIME_TICK,exact,processHandleBroadcastAction action:android.intent.action.TIME_TICK,1.0,processHandleBroadcastAction action:android.intent.action.SCREEN_ON,0.7753,onReceive action: android.intent.action.SCREEN_ON,0.4884,24.91,72
205,processHandleBroadcastAction action:android.intent.action.TIME_TICK,exact,processHandleBroadcastAction action:android.intent.action.TIME_TICK,1.0,processHandleBroadcastAction action:android.intent.action.SCREEN_ON,0.7753,onReceive action: android.intent.action.SCREEN_ON,0.4884,24.85,72
206,onStandStepChanged 3786,exact,onStandStepChanged <*>,0.9987,setBasicStandardSteps basicStandardStep=3786 restartSteps=0,0.3647,theDayChanged <*>,0.3576,24.33,72
207,onExtend:1514044249000 0 0 0,exact,onExtend<*> 0 0 4,0.9912,theDayChanged <*>,0.4431,tryToReloadTodayBasicSteps1514044800223|3786|0|0,0.4136,24.41,72
208,getTodayTotalDetailSteps = 1514043900000##7214##549659##8661##16256##32618758,partial,getTodayTotalDetailSteps = <*>,0.9818,getTodayBasicStandardSteps= <*>,0.7585,getDiffTotalSteps= <*>,0.6615,25.88,72
209,setTodayTotalDetailSteps=1514044140000##7214##549659##8661##16256##32893026,partial,getTodayTotalDetailSteps = <*>,0.9799,getTodayBasicStandardSteps= <*>,0.7233,getDiffTotalSteps= <*>,0.6207,25.94,72
210,calculateCaloriesWithCache totalCalories=131208,partial,calculateCaloriesWithCache totalCalories<*>,0.9872,calculateAltitudeWithCache totalAltitude=240,0.7021,calculateAltitudeWithCache totalAltitude=0,0.6404,24.63,72
211,calculateAltitudeWithCache totalAltitude=240,exact,calculateAltitudeWithCache totalAltitude=240,1.0,calculateAltitudeWithCache totalAltitude=0,0.7669,calculateCaloriesWithCache totalCalories<*>,0.7054,24.82,72
212,processHandleBroadcastAction action:android.intent.action.TIME_TICK,exact,processHandleBroadcastAction action:android.intent.action.TIME_TICK,1.0,processHandleBroadcastAction action:android.intent.action.SCREEN_ON,0.7753,onReceive action: android.intent.action.SCREEN_ON,0.4884,24.92,72
213,processHandleBroadcastAction action:android.intent.action.TIME_TICK,exact,processHandleBroadcastAction action:android.intent.action.TIME_TICK,1.0,processHandleBroadcastAction action:android.intent.action.SCREEN_ON,0.7753,onReceive action: android.intent.action.SCREEN_ON,0.4884,24.9,72
214,onStandStepChanged 3786,exact,onStandStepChanged <*>,0.9987,setBasicStandardSteps basicStandardStep=3786 restartSteps=0,0.3647,theDayChanged <*>,0.3576,24.37,72
215,onExtend:1514044377000 0 0 5,exact,onExtend<*> 0 0 4,0.9902,theDayChanged <*>,0.4865,tryToReloadTodayBasicSteps1514044800223|3786|0|0,0.4263,24.57,72
216,getTodayTotalDetailSteps = 1514044140000##7214##549659##8661##16256##32893026,partial,getTodayTotalDetailSteps = <*>,0.9798,getTodayBasicStandardSteps= <*>,0.7534,getDiffTotalSteps= <*>,0.6686,25.99,72
217,setTodayTotalDetailSteps=1514044260000##7214##549659##8661##16256##33021763,partial,getTodayTotalDetailSteps = <*>,0.9803,getTodayBasicStandardSteps= <*>,0.7185,getDiffTotalSteps= <*>,0.6028,26.26,72
218,calculateCaloriesWithCache totalCalories=131208,partial,calculateCaloriesWithCache totalCalories<*>,0.9873,calculateAltitudeWithCache totalAltitude=240,0.7021,calculateAltitudeWithCache totalAltitude=0,0.6404,24.68,72
219,calculateAltitudeWithCache totalAltitude=240,exact,calculateAltitudeWithCache totalAltitude=240,1.0,calculateAltitudeWithCache totalAltitude=0,0.7669,calculateCaloriesWithCache totalCalories<*>,0.7055,24.69,72
220,processHandleBroadcastAction action:android.intent.action.TIME_TICK,exact,processHandleBroadcastAction action:android.intent.action.TIME_TICK,1.0,processHandleBroadcastAction action:android.intent.action.SCREEN_ON,0.7753,onReceive action: android.intent.action.SCREEN_ON,0.4884,24.85,72
221,onStandStepChanged 3786,exact,onStandStepChanged <*>,0.9987,setBasicStandardSteps basicStandardStep=3786 restartSteps=0,0.3647,theDayChanged <*>,0.3576,24.21,72
222,onExtend:1514044380000 0 0 0,partial,onExtend<*> 0 0 4,0.9767,tryToReloadTodayBasicSteps1514044800223|3786|0|0,0.3993,theDayChanged <*>,0.39,24.66,72
223,getTodayTotalDetailSteps = 1514044260000##7214##549659##8661##16256##33021763,partial,getTodayTotalDetailSteps = <*>,0.9784,getTodayBasicStandardSteps= <*>,0.7469,getDiffTotalSteps= <*>,0.6525,26.09,72
224,setTodayTotalDetailSteps=1514044320000##7214##549659##8661##16256##33024761,partial,getTodayTotalDetailSteps = <*>,0.9768,getTodayBasicStandardSteps= <*>,0.714,getDiffTotalSteps= <*>,0.6078,26.22,72
225,calculateCaloriesWithCache totalCalories=131208,partial,calculateCaloriesWithCache totalCalories<*>,0.9874,calculateAltitudeWithCache totalAltitude=240,0.7021,calculateAltitudeWithCache totalAltitude=0,0.6404,24.64,72
226,calculateAltitudeWithCache totalAltitude=240,exact,calculateAltitudeWithCache totalAltitude=240,1.0,calculateAltitudeWithCache totalAltitude=0,0.7669,calculateCaloriesWithCache totalCalories<*>,0.7055,24.77,72
227,onStandStepChanged 3786,exact,onStandStepChanged <*>,0.9987,setBasicStandardSteps basicStandardStep=3786 restartSteps=0,0.3647,theDayChanged <*>,0.3576,24.39,72
228,onExtend:1514044395000 0 0 5,exact,onExtend<*> 0 0 4,0.9928,theDayChanged <*>,0.4837,tryToReloadTodayBasicSteps1514044800223|3786|0|0,0.4127,24.5,72
229,getTodayTotalDetailSteps = 1514044320000##7214##549659##8661##16256##33024761,partial,getTodayTotalDetailSteps = <*>,0.9777,getTodayBasicStandardSteps= <*>,0.7463,getDiffTotalSteps= <*>,0.6587,26.03,72
230,setTodayTotalDetailSteps=1514044320000##7214##549659##8661##16256##33039758,partial,getTodayTotalDetailSteps = <*>,0.9791,getTodayBasicStandardSteps= <*>,0.7106,getDiffTotalSteps= <*>,0.6119,25.91,72
231,calculateCaloriesWithCache totalCalories=131208,partial,calculateCaloriesWithCache totalCalories<*>,0.9876,calculateAltitudeWithCache totalAltitude=240,0.7021,calculateAltitudeWithCache totalAltitude=0,0.6404,24.57,72
232,calculateAltitudeWithCache totalAltitude=240,exact,calculateAltitudeWithCache totalAltitude=240,1.0,calculateAltitudeWithCache totalAltitude=0,0.7669,calculateCaloriesWithCache totalCalories<*>,0.7055,24.66,72
233,onStandStepChanged 3786,exact,onStandStepChanged <*>,0.9988,setBasicStandardSteps basicStandardStep=3786 restartSteps=0,0.3647,theDayChanged <*>,0.3576,24.6,72
234,onExtend:1514044397000 0 0 0,partial,onExtend<*> 0 0 4,0.9868,theDayChanged <*>,0.4205,tryToReloadTodayBasicSteps1514044800223|3786|0|0,0.4078,24.44,72
235,getTodayTotalDetailSteps = 1514044320000##7214##549659##8661##16256##33039758,partial,getTodayTotalDetailSteps = <*>,0.9798,getTodayBasicStandardSteps= <*>,0.7431,getDiffTotalSteps= <*>,0.6603,25.92,72
236,setTodayTotalDetailSteps=1514044320000##7214##549659##8661##16256##33041763,partial,getTodayTotalDetailSteps = <*>,0.979,getTodayBasicStandardSteps= <*>,0.7161,getDiffTotalSteps= <*>,0.6122,25.92,72
237,calculateCaloriesWithCache totalCalories=131208,partial,calculateCaloriesWithCache totalCalories<*>,0.9877,calculateAltitudeWithCache totalAltitude=240,0.7021,calculateAltitudeWithCache totalAltitude=0,0.6404,24.54,72
238,calculateAltitudeWithCache totalAltitude=240,exact,calculateAltitudeWithCache totalAltitude=240,1.0,calculateAltitudeWithCache totalAltitude=0,0.7669,calculateCaloriesWithCache totalCalories<*>,0.7055,24.78,72
239,onStandStepChanged 3786,exact,onStandStepChanged <*>,0.9988,setBasicStandardSteps basicStandardStep=3786 restartSteps=0,0.3647,theDayChanged <*>,0.3576,24.55,72
240,onExtend:1514044405000 0 0 5,exact,onExtend<*> 0 0 4,0.9922,theDayChanged <*>,0.476,tryToReloadTodayBasicSteps1514044800223|3786|0|0,0.415,24.59,72
241,getTodayTotalDetailSteps = 1514044320000##7214##549659##8661##16256##33041763,partial,getTodayTotalDetailSteps = <*>,0.9778,getTodayBasicStandardSteps= <*>,0.7464,getDiffTotalSteps= <*>,0.662,25.94,72
242,setTodayTotalDetailSteps=1514044320000##7214##549659##8661##16256##33049759,partial,getTodayTotalDetailSteps = <*>,0.9794,getTodayBasicStandardSteps= <*>,0.7112,getDiffTotalSteps= <*>,0.6162,26.18,72
243,calculateCaloriesWithCache totalCalories=131208,partial,calculateCaloriesWithCache totalCalories<*>,0.9878,calculateAltitudeWithCache totalAltitude=240,0.7021,calculateAltitudeWithCache totalAltitude=0,0.6404,25.04,72
244,calculateAltitudeWithCache totalAltitude=240,exact,calculateAltitudeWithCache totalAltitude=240,1.0,calculateAltitudeWithCache totalAltitude=0,0.7669,calculateCaloriesWithCache totalCalories<*>,0.7056,24.86,72
245,onStandStepChanged 3786,exact,onStandStepChanged <*>,0.9988,setBasicStandardSteps basicStandardStep=3786 restartSteps=0,0.3647,theDayChanged <*>,0.3576,24.5,72
246,onExtend:1514044411000 0 0 0,partial,onExtend<*> 0 0 4,0.9892,theDayChanged <*>,0.4426,tryToReloadTodayBasicSteps1514044800223|3786|0|0,0.4096,24.73,72
247,getTodayTotalDetailSteps = 1514044320000##7214##549659##8661##16256##33049759,partial,getTodayTotalDetailSteps = <*>,0.9808,getTodayBasicStandardSteps= <*>,0.7439,getDiffTotalSteps= <*>,0.6641,26.24,72
248,setTodayTotalDetailSteps=1514044320000##7214##549659##8661##16256##33055760,partial,getTodayTotalDetailSteps = <*>,0.9793,getTodayBasicStandardSteps= <*>,0.7157,getDiffTotalSteps= <*>,0.6158,26.35,72
249,calculateCaloriesWithCache totalCalories=131208,partial,calculateCaloriesWithCache totalCalories<*>,0.9879,calculateAltitudeWithCache totalAltitude=240,0.7021,calculateAltitudeWithCache totalAltitude=0,0.6404,25.01,72
250,calculateAltitudeWithCache totalAltitude=240,exact,calculateAltitudeWithCache totalAltitude=240,1.0,calculateAltitudeWithCache totalAltitude=0,0.7669,calculateCaloriesWithCache totalCalories<*>,0.7056,24.77,72
251,onStandStepChanged 3786,exact,onStandStepChanged <*>,0.9988,setBasicStandardSteps basicStandardStep=3786 restartSteps=0,0.3647,theDayChanged <*>,0.3576,24.4,72
252,onExtend:1514044420000 0 0 5,partial,onExtend<*> 0 0 4,0.9897,theDayChanged <*>,0.4664,tryToReloadTodayBasicSteps1514044800223|3786|0|0,0.4013,24.95,72
253,getTodayTotalDetailSteps = 1514044320000##7214##549659##8661##16256##33055760,partial,getTodayTotalDetailSteps = <*>,0.9792,getTodayBasicStandardSteps= <*>,0.7488,getDiffTotalSteps= <*>,0.6658,25.88,72
254,setTodayTotalDetailSteps=1514044320000##7214##549659##8661##16256##33064766,partial,getTodayTotalDetailSteps = <*>,0.9802,getTodayBasicStandardSteps= <*>,0.7189,getDiffTotalSteps= <*>,0.6161,26.23,72
255,calculateCaloriesWithCache totalCalories=131208,partial,calculateCaloriesWithCache totalCalories<*>,0.988,calculateAltitudeWithCache totalAltitude=240,0.7021,calculateAltitudeWithCache totalAltitude=0,0.6404,24.8,72
256,calculateAltitudeWithCache totalAltitude=240,exact,calculateAltitudeWithCache totalAltitude=240,1.0,calculateAltitudeWithCache totalAltitude=0,0.7669,calculateCaloriesWithCache totalCalories<*>,0.7056,25.04,72
257,onStandStepChanged 3786,exact,onStandStepChanged <*>,0.9989,setBasicStandardSteps basicStandardStep=3786 restartSteps=0,0.3647,theDayChanged <*>,0.3576,24.72,72
258,onExtend:1514044422000 0 0 0,partial,onExtend<*> 0 0 4,0.988,theDayChanged <*>,0.4544,tryToReloadTodayBasicSteps1514044800223|3786|0|0,0.4043,24.66,72
259,getTodayTotalDetailSteps = 1514044320000##7214##549659##8661##16256##33064766,partial,getTodayTotalDetailSteps = <*>,0.9804,getTodayBasicStandardSteps= <*>,0.7523,getDiffTotalSteps= <*>,0.6658,26.14,72
260,setTodayTotalDetailSteps=1514044320000##7214##549659##8661##16256##33066759,partial,getTodayTotalDetailSteps = <*>,0.9806,getTodayBasicStandardSteps= <*>,0.7147,getDiffTotalSteps= <*>,0.6161,25.92,72
261,calculateCaloriesWithCache totalCalories=131208,partial,calculateCaloriesWithCache totalCalories<*>,0.9881,calculateAltitudeWithCache totalAltitude=240,0.7021,calculateAltitudeWithCache totalAltitude=0,0.6404,28.95,72
262,calculateAltitudeWithCache totalAltitude=240,exact,calculateAltitudeWithCache totalAltitude=240,1.0,calculateAltitudeWithCache totalAltitude=0,0.7669,calculateCaloriesWithCache totalCalories<*>,0.7056,24.8,72
263,onStandStepChanged 3786,exact,onStandStepChanged <*>,0.9989,setBasicStandardSteps basicStandardStep=3786 restartSteps=0,0.3647,theDayChanged <*>,0.3576,24.65,72
264,onExtend:1514044431000 0 0 5,exact,onExtend<*> 0 0 4,0.9906,theDayChanged <*>,0.4772,tryToReloadTodayBasicSteps1514044800223|3786|0|0,0.4122,24.69,72
265,getTodayTotalDetailSteps = 1514044320000##7214##549659##8661##16256##33066759,partial,getTodayTotalDetailSteps = <*>,0.9814,getTodayBasicStandardSteps= <*>,0.7456,getDiffTotalSteps= <*>,0.663,26.07,72
266,setTodayTotalDetailSteps=1514044320000##7214##549659##8661##16256##33075759,partial,getTodayTotalDetailSteps = <*>,0.9794,getTodayBasicStandardSteps= <*>,0.7097,getDiffTotalSteps= <*>,0.6157,25.98,72
267,calculateCaloriesWithCache totalCalories=131208,partial,calculateCaloriesWithCache totalCalories<*>,0.9882,calculateAltitudeWithCache totalAltitude=240,0.7021,calculateAltitudeWithCache totalAltitude=0,0.6404,24.82,72
268,calculateAltitudeWithCache totalAltitude=240,exact,calculateAltitudeWithCache totalAltitude=240,1.0,calculateAltitudeWithCache totalAltitude=0,0.7669,calculateCaloriesWithCache totalCalories<*>,0.7056,24.96,72
269,onStandStepChanged 3786,exact,onStandStepChanged <*>,0.9989,setBasicStandardSteps basicStandardStep=3786 restartSteps=0,0.3647,theDayChanged <*>,0.3576,24.63,72
270,onExtend:1514044437000 0 0 0,partial,onExtend<*> 0 0 4,0.9876,theDayChanged <*>,0.4381,tryToReloadTodayBasicSteps1514044800223|3786|0|0,0.4155,25.1,72
271,getTodayTotalDetailSteps = 1514044320000##7214##549659##8661##16256##33075759,partial,getTodayTotalDetailSteps = <*>,0.9815,getTodayBasicStandardSteps= <*>,0.7432,getDiffTotalSteps= <*>,0.663,26.44,72
272,setTodayTotalDetailSteps=1514044320000##7214##549659##8661##16256##33081765,partial,getTodayTotalDetailSteps = <*>,0.9783,getTodayBasicStandardSteps= <*>,0.7146,getDiffTotalSteps= <*>,0.611,26.77,72
273,calculateCaloriesWithCache totalCalories=131208,partial,calculateCaloriesWithCache totalCalories<*>,0.9883,calculateAltitudeWithCache totalAltitude=240,0.7021,calculateAltitudeWithCache totalAltitude=0,0.6404,24.99,72
274,calculateAltitudeWithCache totalAltitude=240,exact,calculateAltitudeWithCache totalAltitude=240,1.0,calculateAltitudeWithCache totalAltitude=0,0.7669,calculateCaloriesWithCache totalCalories<*>,0.7057,24.89,72
275,processHandleBroadcastAction action:android.intent.action.TIME_TICK,exact,processHandleBroadcastAction action:android.intent.action.TIME_TICK,1.0,processHandleBroadcastAction action:android.intent.action.SCREEN_ON,0.7753,onReceive action: android.intent.action.SCREEN_ON,0.4884,25.04,72
276,onStandStepChanged 3786,exact,onStandStepChanged <*>,0.9989,setBasicStandardSteps basicStandardStep=3786 restartSteps=0,0.3647,theDayChanged <*>,0.3576,24.6,72
277,onExtend:1514044468000 0 0 5,exact,onExtend<*> 0 0 4,0.9915,theDayChanged <*>,0.4872,tryToReloadTodayBasicSteps1514044800223|3786|0|0,0.4281,24.63,72
278,getTodayTotalDetailSteps = 1514044320000##7214##549659##8661##16256##33081765,partial,getTodayTotalDetailSteps = <*>,0.9789,getTodayBasicStandardSteps= <*>,0.7477,getDiffTotalSteps= <*>,0.6613,26.04,72
279,setTodayTotalDetailSteps=1514044380000##7214##549659##8661##16256##33112771,partial,getTodayTotalDetailSteps = <*>,0.9806,getTodayBasicStandardSteps= <*>,0.7248,getDiffTotalSteps= <*>,0.614,25.95,72
280,calculateCaloriesWithCache totalCalories=131208,partial,calculateCaloriesWithCache totalCalories<*>,0.9884,calculateAltitudeWithCache totalAltitude=240,0.7021,calculateAltitudeWithCache totalAltitude=0,0.6404,24.87,72
281,calculateAltitudeWithCache totalAltitude=240,exact,calculateAltitudeWithCache totalAltitude=240,1.0,calculateAltitudeWithCache totalAltitude=0,0.7669,calculateCaloriesWithCache totalCalories<*>,0.7057,24.9,72
282,onStandStepChanged 3786,exact,onStandStepChanged <*>,0.9989,setBasicStandardSteps basicStandardStep=3786 restartSteps=0,0.3647,theDayChanged <*>,0.3576,24.73,72
283,onExtend:1514044469000 0 0 0,exact,onExtend<*> 0 0 4,0.9925,theDayChanged <*>,0.4588,tryToReloadTodayBasicSteps1514044800223|3786|0|0,0.4158,24.88,72
284,getTodayTotalDetailSteps = 1514044380000##7214##549659##8661##16256##33112771,partial,getTodayTotalDetailSteps = <*>,0.9754,getTodayBasicStandardSteps= <*>,0.7526,getDiffTotalSteps= <*>,0.6628,26.34,72
285,setTodayTotalDetailSteps=1514044380000##7214##549659##8661##16256##33113758,partial,getTodayTotalDetailSteps = <*>,0.9816,getTodayBasicStandardSteps= <*>,0.7185,getDiffTotalSteps= <*>,0.6178,25.97,72
286,calculateCaloriesWithCache totalCalories=131208,partial,calculateCaloriesWithCache totalCalories<*>,0.9885,calculateAltitudeWithCache totalAltitude=240,0.7021,calculateAltitudeWithCache totalAltitude=0,0.6404,24.89,72
287,calculateAltitudeWithCache totalAltitude=240,exact,calculateAltitudeWithCache totalAltitude=240,1.0,calculateAltitudeWithCache totalAltitude=0,0.7669,calculateCaloriesWithCache totalCalories<*>,0.7057,24.62,72
288,onStandStepChanged 3786,exact,onStandStepChanged <*>,0.9989,setBasicStandardSteps basicStandardStep=3786 restartSteps=0,0.3647,theDayChanged <*>,0.3576,24.77,72
289,onExtend:1514044474000 0 0 5,partial,onExtend<*> 0 0 4,0.9898,theDayChanged <*>,0.4858,tryToReloadTodayBasicSteps1514044800223|3786|0|0,0.416,24.8,72
290,getTodayTotalDetailSteps = 1514044380000##7214##549659##8661##16256##33113758,partial,getTodayTotalDetailSteps = <*>,0.9786,getTodayBasicStandardSteps= <*>,0.7498,getDiffTotalSteps= <*>,0.6651,26.69,72
291,setTodayTotalDetailSteps=1514044380000##7214##549659##8661##16256##33118758,partial,getTodayTotalDetailSteps = <*>,0.982,getTodayBasicStandardSteps= <*>,0.7205,getDiffTotalSteps= <*>,0.6192,26.25,72
292,calculateCaloriesWithCache totalCalories=131208,partial,calculateCaloriesWithCache totalCalories<*>,0.9886,calculateAltitudeWithCache totalAltitude=240,0.7021,calculateAltitudeWithCache totalAltitude=0,0.6404,24.95,72
293,calculateAltitudeWithCache totalAltitude=240,exact,calculateAltitudeWithCache totalAltitude=240,1.0,calculateAltitudeWithCache totalAltitude=0,0.7669,calculateCaloriesWithCache totalCalories<*>,0.7057,24.86,72
294,onStandStepChanged 3786,exact,onStandStepChanged <*>,0.999,setBasicStandardSteps basicStandardStep=3786 restartSteps=0,0.3647,theDayChanged <*>,0.3576,24.94,72
295,onExtend:1514044475000 0 0 0,exact,onExtend<*> 0 0 4,0.992,theDayChanged <*>,0.4731,tryToReloadTodayBasicSteps1514044800223|3786|0|0,0.4147,25.17,72
296,getTodayTotalDetailSteps = 1514044380000##7214##549659##8661##16256##33118758,partial,getTodayTotalDetailSteps = <*>,0.9802,getTodayBasicStandardSteps= <*>,0.7522,getDiffTotalSteps= <*>,0.6664,26.23,72
297,setTodayTotalDetailSteps=1514044380000##7214##549659##8661##16256##33119761,partial,getTodayTotalDetailSteps = <*>,0.9815,getTodayBasicStandardSteps= <*>,0.7309,getDiffTotalSteps= <*>,0.6133,26.17,72
298,calculateCaloriesWithCache totalCalories=131208,partial,calculateCaloriesWithCache totalCalories<*>,0.9887,calculateAltitudeWithCache totalAltitude=240,0.7021,calculateAltitudeWithCache totalAltitude=0,0.6404,24.8,72
299,calculateAltitudeWithCache totalAltitude=240,exact,calculateAltitudeWithCache totalAltitude=240,1.0,calculateAltitudeWithCache totalAltitude=0,0.7669,calculateCaloriesWithCache totalCalories<*>,0.7057,24.82,72
300,onStandStepChanged 3786,exact,onStandStepChanged <*>,0.999,setBasicStandardSteps basicStandardStep=3786 restartSteps=0,0.3647,theDayChanged <*>,0.3576,24.63,72
301,onExtend:1514044485000 0 0 5,exact,onExtend<*> 0 0 4,0.9925,theDayChanged <*>,0.4769,tryToReloadTodayBasicSteps1514044800223|3786|0|0,0.4121,24.85,72
302,getTodayTotalDetailSteps = 1514044380000##7214##549659##8661##16256##33119761,partial,getTodayTotalDetailSteps = <*>,0.9777,getTodayBasicStandardSteps= <*>,0.7609,getDiffTotalSteps= <*>,0.6633,29.07,72
303,setTodayTotalDetailSteps=1514044380000##7214##549659##8661##16256##33129767,partial,getTodayTotalDetailSteps = <*>,0.9843,getTodayBasicStandardSteps= <*>,0.7244,getDiffTotalSteps= <*>,0.6149,27.21,72
304,calculateCaloriesWithCache totalCalories=131208,partial,calculateCaloriesWithCache totalCalories<*>,0.9888,calculateAltitudeWithCache totalAltitude=240,0.7021,calculateAltitudeWithCache totalAltitude=0,0.6404,24.81,72
305,calculateAltitudeWithCache totalAltitude=240,exact,calculateAltitudeWithCache totalAltitude=240,1.0,calculateAltitudeWithCache totalAltitude=0,0.7669,calculateCaloriesWithCache totalCalories<*>,0.7058,24.66,72
306,onStandStepChanged 3786,exact,onStandStepChanged <*>,0.999,setBasicStandardSteps basicStandardStep=3786 restartSteps=0,0.3647,theDayChanged <*>,0.3576,24.39,72
307,onExtend:1514044487000 0 0 0,partial,onExtend<*> 0 0 4,0.9891,theDayChanged <*>,0.4217,tryToReloadTodayBasicSteps1514044800223|3786|0|0,0.411,24.74,72
308,getTodayTotalDetailSteps = 1514044380000##7214##549659##8661##16256##33129767,partial,getTodayTotalDetailSteps = <*>,0.9782,getTodayBasicStandardSteps= <*>,0.7516,getDiffTotalSteps= <*>,0.6608,25.95,72
309,setTodayTotalDetailSteps=1514044380000##7214##549659##8661##16256##33131773,partial,getTodayTotalDetailSteps = <*>,0.9826,getTodayBasicStandardSteps= <*>,0.7256,getDiffTotalSteps= <*>,0.6166,26.12,72
310,calculateCaloriesWithCache totalCalories=131208,partial,calculateCaloriesWithCache totalCalories<*>,0.9889,calculateAltitudeWithCache totalAltitude=240,0.7021,calculateAltitudeWithCache totalAltitude=0,0.6404,24.84,72
311,calculateAltitudeWithCache totalAltitude=240,exact,calculateAltitudeWithCache totalAltitude=240,1.0,calculateAltitudeWithCache totalAltitude=0,0.7669,calculateCaloriesWithCache totalCalories<*>,0.7058,24.84,72
312,onStandStepChanged 3786,exact,onStandStepChanged <*>,0.999,setBasicStandardSteps basicStandardStep=3786 restartSteps=0,0.3647,theDayChanged <*>,0.3576,24.61,72
313,onExtend:1514044494000 0 0 5,exact,onExtend<*> 0 0 4,0.9913,theDayChanged <*>,0.4661,tryToReloadTodayBasicSteps1514044800223|3786|0|0,0.403,24.75,72
314,getTodayTotalDetailSteps = 1514044380000##7214##549659##8661##16256##33131773,partial,getTodayTotalDetailSteps = <*>,0.9785,getTodayBasicStandardSteps= <*>,0.7549,getDiffTotalSteps= <*>,0.6642,26.23,72
315,setTodayTotalDetailSteps=1514044380000##7214##549659##8661##16256##33138759,partial,getTodayTotalDetailSteps = <*>,0.9815,getTodayBasicStandardSteps= <*>,0.7181,getDiffTotalSteps= <*>,0.6187,25.94,72
316,calculateCaloriesWithCache totalCalories=131208,partial,calculateCaloriesWithCache totalCalories<*>,0.989,calculateAltitudeWithCache totalAltitude=240,0.7021,calculateAltitudeWithCache totalAltitude=0,0.6404,24.77,72
317,calculateAltitudeWithCache totalAltitude=240,exact,calculateAltitudeWithCache totalAltitude=240,1.0,calculateAltitudeWithCache totalAltitude=0,0.7669,calculateCaloriesWithCache totalCalories<*>,0.7058,25.59,72
318,onStandStepChanged 3786,exact,onStandStepChanged <*>,0.999,setBasicStandardSteps basicStandardStep=3786 restartSteps=0,0.3647,theDayChanged <*>,0.3576,25.11,72
319,onExtend:1514044496000 0 0 0,partial,onExtend<*> 0 0 4,0.9864,theDayChanged <*>,0.4303,tryToReloadTodayBasicSteps1514044800223|3786|0|0,0.398,24.91,72
320,getTodayTotalDetailSteps = 1514044380000##7214##549659##8661##16256##33138759,partial,getTodayTotalDetailSteps = <*>,0.9784,getTodayBasicStandardSteps= <*>,0.7501,getDiffTotalSteps= <*>,0.667,26.1,72
321,setTodayTotalDetailSteps=1514044380000##7214##549659##8661##16256##33140770,partial,getTodayTotalDetailSteps = <*>,0.9812,getTodayBasicStandardSteps= <*>,0.7235,getDiffTotalSteps= <*>,0.6239,25.92,72
322,calculateCaloriesWithCache totalCalories=131208,partial,calculateCaloriesWithCache totalCalories<*>,0.9891,calculateAltitudeWithCache totalAltitude=240,0.7021,calculateAltitudeWithCache totalAltitude=0,0.6404,24.79,72
323,calculateAltitudeWithCache totalAltitude=240,exact,calculateAltitudeWithCache totalAltitude=240,1.0,calculateAltitudeWithCache totalAltitude=0,0.7669,calculateCaloriesWithCache totalCalories<*>,0.7058,24.66,72
324,processHandleBroadcastAction action:android.intent.action.TIME_TICK,exact,processHandleBroadcastAction action:android.intent.action.TIME_TICK,1.0,processHandleBroadcastAction action:android.intent.action.SCREEN_ON,0.7753,onReceive action: android.intent.action.SCREEN_ON,0.4884,25.97,72
325,onStandStepChanged 3786,exact,onStandStepChanged <*>,0.999,setBasicStandardSteps basicStandardStep=3786 restartSteps=0,0.3647,theDayChanged <*>,0.3576,24.59,72
326,onExtend:1514044524000 0 0 5,exact,onExtend<*> 0 0 4,0.9907,theDayChanged <*>,0.4828,tryToReloadTodayBasicSteps1514044800223|3786|0|0,0.415,24.87,72
327,getTodayTotalDetailSteps = 1514044380000##7214##549659##8661##16256##33140770,partial,getTodayTotalDetailSteps = <*>,0.9779,getTodayBasicStandardSteps= <*>,0.7553,getDiffTotalSteps= <*>,0.6728,26.05,72
328,setTodayTotalDetailSteps=1514044440000##7214##549659##8661##16256##33168762,partial,getTodayTotalDetailSteps = <*>,0.9789,getTodayBasicStandardSteps= <*>,0.725,getDiffTotalSteps= <*>,0.6058,26.07,72
329,calculateCaloriesWithCache totalCalories=131208,partial,calculateCaloriesWithCache totalCalories<*>,0.9892,calculateAltitudeWithCache totalAltitude=240,0.7021,calculateAltitudeWithCache totalAltitude=0,0.6404,24.89,72
330,calculateAltitudeWithCache totalAltitude=240,exact,calculateAltitudeWithCache totalAltitude=240,1.0,calculateAltitudeWithCache totalAltitude=0,0.7669,calculateCaloriesWithCache totalCalories<*>,0.7058,24.83,72
331,onStandStepChanged 3786,exact,onStandStepChanged <*>,0.9991,setBasicStandardSteps basicStandardStep=3786 restartSteps=0,0.3647,theDayChanged <*>,0.3576,24.52,72
332,onExtend:1514044525000 0 0 0,partial,onExtend<*> 0 0 4,0.9875,theDayChanged <*>,0.4715,tryToReloadTodayBasicSteps1514044800223|3786|0|0,0.4111,24.86,72
333,getTodayTotalDetailSteps = 1514044440000##7214##549659##8661##16256##33168762,partial,getTodayTotalDetailSteps = <*>,0.9745,getTodayBasicStandardSteps= <*>,0.7494,getDiffTotalSteps= <*>,0.6515,26.21,72
334,setTodayTotalDetailSteps=1514044440000##7214##549659##8661##16256##33169760,partial,getTodayTotalDetailSteps = <*>,0.9798,getTodayBasicStandardSteps= <*>,0.7252,getDiffTotalSteps= <*>,0.6105,26.57,72
335,calculateCaloriesWithCache totalCalories=131208,partial,calculateCaloriesWithCache totalCalories<*>,0.9893,calculateAltitudeWithCache totalAltitude=240,0.7021,calculateAltitudeWithCache totalAltitude=0,0.6404,24.82,72
336,calculateAltitudeWithCache totalAltitude=240,exact,calculateAltitudeWithCache totalAltitude=240,1.0,calculateAltitudeWithCache totalAltitude=0,0.7669,calculateCaloriesWithCache totalCalories<*>,0.7058,25.1,72
337,processHandleBroadcastAction action:android.intent.action.TIME_TICK,exact,processHandleBroadcastAction action:android.intent.action.TIME_TICK,1.0,processHandleBroadcastAction action:android.intent.action.SCREEN_ON,0.7753,onReceive action: android.intent.action.SCREEN_ON,0.4884,24.85,72
338,onStandStepChanged 3786,exact,onStandStepChanged <*>,0.9991,setBasicStandardSteps basicStandardStep=3786 restartSteps=0,0.3647,theDayChanged <*>,0.3576,24.43,72
339,onExtend:1514044572000 0 0 5,partial,onExtend<*> 0 0 4,0.9881,theDayChanged <*>,0.4785,tryToReloadTodayBasicSteps1514044800223|3786|0|0,0.4181,24.7,72
340,getTodayTotalDetailSteps = 1514044440000##7214##549659##8661##16256##33169760,partial,getTodayTotalDetailSteps = <*>,0.9736,getTodayBasicStandardSteps= <*>,0.7485,getDiffTotalSteps= <*>,0.6557,26.2,72
341,setTodayTotalDetailSteps=1514044500000##7214##549659##8661##16256##33216767,partial,getTodayTotalDetailSteps = <*>,0.9787,getTodayBasicStandardSteps= <*>,0.7224,getDiffTotalSteps= <*>,0.6085,27.13,72
342,calculateCaloriesWithCache totalCalories=131208,partial,calculateCaloriesWithCache totalCalories<*>,0.9893,calculateAltitudeWithCache totalAltitude=240,0.7021,calculateAltitudeWithCache totalAltitude=0,0.6404,24.86,72
343,calculateAltitudeWithCache totalAltitude=240,exact,calculateAltitudeWithCache totalAltitude=240,1.0,calculateAltitudeWithCache totalAltitude=0,0.7669,calculateCaloriesWithCache totalCalories<*>,0.7059,24.92,72
344,onStandStepChanged 3786,exact,onStandStepChanged <*>,0.9991,setBasicStandardSteps basicStandardStep=3786 restartSteps=0,0.3647,theDayChanged <*>,0.3576,24.54,72
345,onExtend:1514044573000 0 0 0,partial,onExtend<*> 0 0 4,0.9894,theDayChanged <*>,0.4411,tryToReloadTodayBasicSteps1514044800223|3786|0|0,0.4073,24.73,72
346,getTodayTotalDetailSteps = 1514044500000##7214##549659##8661##16256##33216767,partial,getTodayTotalDetailSteps = <*>,0.9829,getTodayBasicStandardSteps= <*>,0.7541,getDiffTotalSteps= <*>,0.6584,26.01,72
347,setTodayTotalDetailSteps=1514044500000##7214##549659##8661##16256##33217764,partial,getTodayTotalDetailSteps = <*>,0.9782,getTodayBasicStandardSteps= <*>,0.7222,getDiffTotalSteps= <*>,0.6121,26.14,72
348,calculateCaloriesWithCache totalCalories=131208,partial,calculateCaloriesWithCache totalCalories<*>,0.9894,calculateAltitudeWithCache totalAltitude=240,0.7021,calculateAltitudeWithCache totalAltitude=0,0.6404,24.81,72
349,calculateAltitudeWithCache totalAltitude=240,exact,calculateAltitudeWithCache totalAltitude=240,1.0,calculateAltitudeWithCache totalAltitude=0,0.7669,calculateCaloriesWithCache totalCalories<*>,0.7059,24.68,72
350,onStandStepChanged 3786,exact,onStandStepChanged <*>,0.9991,setBasicStandardSteps basicStandardStep=3786 restartSteps=0,0.3647,theDayChanged <*>,0.3576,24.58,72
351,onExtend:1514044588000 0 0 5,exact,onExtend<*> 0 0 4,0.9935,theDayChanged <*>,0.4645,tryToReloadTodayBasicSteps1514044800223|3786|0|0,0.4175,24.61,72
352,getTodayTotalDetailSteps = 1514044500000##7214##549659##8661##16256##33217764,partial,getTodayTotalDetailSteps = <*>,0.9834,getTodayBasicStandardSteps= <*>,0.757,getDiffTotalSteps= <*>,0.6626,26.23,72
353,setTodayTotalDetailSteps=1514044500000##7214##549659##8661##16256##33232763,partial,getTodayTotalDetailSteps = <*>,0.977,getTodayBasicStandardSteps= <*>,0.7218,getDiffTotalSteps= <*>,0.6097,26.0,72
354,calculateCaloriesWithCache totalCalories=131208,partial,calculateCaloriesWithCache totalCalories<*>,0.9895,calculateAltitudeWithCache totalAltitude=240,0.7021,calculateAltitudeWithCache totalAltitude=0,0.6404,24.81,72
355,calculateAltitudeWithCache totalAltitude=240,exact,calculateAltitudeWithCache totalAltitude=240,1.0,calculateAltitudeWithCache totalAltitude=0,0.7669,calculateCaloriesWithCache totalCalories<*>,0.7059,24.99,72
356,onStandStepChanged 3786,exact,onStandStepChanged <*>,0.9991,setBasicStandardSteps basicStandardStep=3786 restartSteps=0,0.3647,theDayChanged <*>,0.3576,24.62,72
357,onExtend:1514044595000 0 0 0,partial,onExtend<*> 0 0 4,0.9869,theDayChanged <*>,0.4454,tryToReloadTodayBasicSteps1514044800223|3786|0|0,0.4113,24.66,72
358,getTodayTotalDetailSteps = 1514044500000##7214##549659##8661##16256##33232763,partial,getTodayTotalDetailSteps = <*>,0.9833,getTodayBasicStandardSteps= <*>,0.7565,getDiffTotalSteps= <*>,0.6603,26.12,72
359,setTodayTotalDetailSteps=1514044500000##7214##549659##8661##16256##33239758,partial,getTodayTotalDetailSteps = <*>,0.978,getTodayBasicStandardSteps= <*>,0.7142,getDiffTotalSteps= <*>,0.609,26.05,72
360,calculateCaloriesWithCache totalCalories=131208,partial,calculateCaloriesWithCache totalCalories<*>,0.9896,calculateAltitudeWithCache totalAltitude=240,0.7021,calculateAltitudeWithCache totalAltitude=0,0.6404,24.71,72
361,calculateAltitudeWithCache totalAltitude=240,exact,calculateAltitudeWithCache totalAltitude=240,1.0,calculateAltitudeWithCache totalAltitude=0,0.7669,calculateCaloriesWithCache totalCalories<*>,0.7059,25.0,72
362,processHandleBroadcastAction action:android.intent.action.TIME_TICK,exact,processHandleBroadcastAction action:android.intent.action.TIME_TICK,1.0,processHandleBroadcastAction action:android.intent.action.SCREEN_ON,0.7753,onReceive action: android.intent.action.SCREEN_ON,0.4884,24.91,72
363,onStandStepChanged 3786,exact,onStandStepChanged <*>,0.9991,setBasicStandardSteps basicStandardStep=3786 restartSteps=0,0.3647,theDayChanged <*>,0.3576,24.49,72
364,onExtend:1514044654000 0 0 5,exact,onExtend<*> 0 0 4,0.9904,theDayChanged <*>,0.465,tryToReloadTodayBasicSteps1514044800223|3786|0|0,0.4201,25.49,72
365,getTodayTotalDetailSteps = 1514044500000##7214##549659##8661##16256##33239758,partial,getTodayTotalDetailSteps = <*>,0.9844,getTodayBasicStandardSteps= <*>,0.7482,getDiffTotalSteps= <*>,0.6579,26.29,72
366,setTodayTotalDetailSteps=1514044560000##7214##549659##8661##16256##33298759,partial,getTodayTotalDetailSteps = <*>,0.9809,getTodayBasicStandardSteps= <*>,0.7184,getDiffTotalSteps= <*>,0.6106,26.21,72
367,calculateCaloriesWithCache totalCalories=131208,partial,calculateCaloriesWithCache totalCalories<*>,0.9897,calculateAltitudeWithCache totalAltitude=240,0.7021,calculateAltitudeWithCache totalAltitude=0,0.6404,24.75,72
368,calculateAltitudeWithCache totalAltitude=240,exact,calculateAltitudeWithCache totalAltitude=240,1.0,calculateAltitudeWithCache totalAltitude=0,0.7669,calculateCaloriesWithCache totalCalories<*>,0.7059,24.97,72
369,onStandStepChanged 3786,exact,onStandStepChanged <*>,0.9991,setBasicStandardSteps basicStandardStep=3786 restartSteps=0,0.3647,theDayChanged <*>,0.3576,24.61,72
370,onExtend:1514044662000 0 0 0,partial,onExtend<*> 0 0 4,0.9874,theDayChanged <*>,0.4457,tryToReloadTodayBasicSteps1514044800223|3786|0|0,0.4123,25.41,72
371,getTodayTotalDetailSteps = 1514044560000##7214##549659##8661##16256##33298759,partial,getTodayTotalDetailSteps = <*>,0.9826,getTodayBasicStandardSteps= <*>,0.747,getDiffTotalSteps= <*>,0.6579,39.55,72
372,setTodayTotalDetailSteps=1514044560000##7214##549659##8661##16256##33306763,partial,getTodayTotalDetailSteps = <*>,0.9785,getTodayBasicStandardSteps= <*>,0.726,getDiffTotalSteps= <*>,0.6053,26.94,72
373,calculateCaloriesWithCache totalCalories=131208,partial,calculateCaloriesWithCache totalCalories<*>,0.9898,calculateAltitudeWithCache totalAltitude=240,0.7021,calculateAltitudeWithCache totalAltitude=0,0.6404,29.47,72
374,calculateAltitudeWithCache totalAltitude=240,exact,calculateAltitudeWithCache totalAltitude=240,1.0,calculateAltitudeWithCache totalAltitude=0,0.7669,calculateCaloriesWithCache totalCalories<*>,0.7059,34.5,72
375,processHandleBroadcastAction action:android.intent.action.TIME_TICK,exact,processHandleBroadcastAction action:android.intent.action.TIME_TICK,1.0,processHandleBroadcastAction action:android.intent.action.SCREEN_ON,0.7753,onReceive action: android.intent.action.SCREEN_ON,0.4884,32.65,72
376,processHandleBroadcastAction action:android.intent.action.TIME_TICK,exact,processHandleBroadcastAction action:android.intent.action.TIME_TICK,1.0,processHandleBroadcastAction action:android.intent.action.SCREEN_ON,0.7753,onReceive action: android.intent.action.SCREEN_ON,0.4884,33.92,72
377,processHandleBroadcastAction action:android.intent.action.TIME_TICK,exact,processHandleBroadcastAction action:android.intent.action.TIME_TICK,1.0,processHandleBroadcastAction action:android.intent.action.SCREEN_ON,0.7753,onReceive action: android.intent.action.SCREEN_ON,0.4884,33.84,72
378,theDayChanged 1514044800216,exact,theDayChanged <*>,1.0,getTodayBasicStandardSteps= <*>,0.608,"checkCurrentDay a new day comes , reset basicSyncCondition, currentDay is <*> oldDay is <*>",0.5284,33.54,72
379,initEnviroument,exact,initEnviroument,1.0,isScreenOn true,0.3293,initDataPrivacy the dataPrivacy is true,0.2666,28.6,72
380,getStepCounterStatus,partial,getStepCounterStatus true,0.9861,reStartStepCounter,0.5874,getTodayBasicStandardSteps= <*>,0.3701,24.75,72
381,getStepCounterStatus= true,partial,getStepCounterStatus true,0.981,reStartStepCounter,0.5232,InsertCallBack() onSuccess type = 0 data=true,0.3785,24.66,72
382,reStartStepCounter,exact,reStartStepCounter,1.0,setBasicStandardSteps basicStandardStep=3786 restartSteps=0,0.6072,getStepCounterStatus true,0.5632,24.64,72
383,onStandStepChanged 3786,exact,onStandStepChanged <*>,0.9992,setBasicStandardSteps basicStandardStep=3786 restartSteps=0,0.3647,theDayChanged <*>,0.3576,24.31,72
384,registersensorsuccess: true,exact,registersensorsuccess: true,1.0,getStepCounterStatus true,0.3398,initDataPrivacy the dataPrivacy is true,0.2576,24.66,72
385,clear(),exact,clear(),1.0,closeNotification...,0.3411,deleteHealthNotification(),0.304,24.33,72
386,getTodayBasicStandardSteps= 1514018661124##0##3428,exact,getTodayBasicStandardSteps= <*>,0.9947,getTodayTotalDetailSteps = <*>,0.7534,tryToReloadTodayBasicSteps1514044800223|3786|0|0,0.631,25.6,72
387,tryToRecordAsBasicStepData bWrite true,exact,tryToRecordAsBasicStepData bWrite true,1.0,setWriteDBLastDataMinute success,0.4626,saveHealthDetailData() saveOneDetailData fail hiHealthData = <*> = <*>,0.4427,25.05,72
388,getDiffTotalSteps= 1513958400215##0,exact,getDiffTotalSteps= <*>,0.9955,setDiffTotalSteps=0,0.6777,getTodayTotalDetailSteps = <*>,0.6446,25.09,72
389,setBasicStandardSteps basicStandardStep=3786 restartSteps=0,exact,setBasicStandardSteps basicStandardStep=3786 restartSteps=0,1.0,reStartStepCounter,0.6072,tryToReloadTodayBasicSteps1514044800223|3786|0|0,0.4429,25.04,72
390,setDiffTotalSteps=0,exact,setDiffTotalSteps=0,1.0,getDiffTotalSteps= <*>,0.6743,calculateAltitudeWithCache totalAltitude=0,0.4933,24.49,72
391,getTodayTotalDetailSteps = 1514044560000##7214##549659##8661##16256##33306763,partial,getTodayTotalDetailSteps = <*>,0.9808,getTodayBasicStandardSteps= <*>,0.7553,getDiffTotalSteps= <*>,0.6549,26.11,72
392,getTodayBasicStandardSteps= 1514044800223##3786##0,exact,getTodayBasicStandardSteps= <*>,0.9928,getTodayTotalDetailSteps = <*>,0.7514,tryToReloadTodayBasicSteps1514044800223|3786|0|0,0.6896,25.45,72
393,getDiffTotalSteps= 1514044800231##0,exact,getDiffTotalSteps= <*>,0.9938,setDiffTotalSteps=0,0.6624,getTodayTotalDetailSteps = <*>,0.652,24.9,72
394,tryToReloadTodayBasicSteps1514044800223|3786|0|0,exact,tryToReloadTodayBasicSteps1514044800223|3786|0|0,1.0,getTodayBasicStandardSteps= <*>,0.6638,getTodayTotalDetailSteps = <*>,0.5595,25.18,72
395,reload : 3786 restar 0,exact,reload : <*> restar 0,1.0,setBasicStandardSteps basicStandardStep=3786 restartSteps=0,0.3756,reStartStepCounter,0.3533,24.65,72
396,getTodayTotalDetailSteps = 1514044560000##7214##549659##8661##16256##33306763,partial,getTodayTotalDetailSteps = <*>,0.9808,getTodayBasicStandardSteps= <*>,0.7554,getDiffTotalSteps= <*>,0.6559,26.07,72
397,setTodayTotalDetailSteps=1514044740000##0##549659##8661##16256##33444553,partial,getTodayTotalDetailSteps = <*>,0.9727,getTodayBasicStandardSteps= <*>,0.7103,getDiffTotalSteps= <*>,0.6106,26.24,72
398,calculateCaloriesWithCache totalCalories=0,partial,calculateCaloriesWithCache totalCalories<*>,0.8959,calculateAltitudeWithCache totalAltitude=0,0.7789,calculateAltitudeWithCache totalAltitude=240,0.5902,24.86,72
399,calculateAltitudeWithCache totalAltitude=0,exact,calculateAltitudeWithCache totalAltitude=0,1.0,calculateAltitudeWithCache totalAltitude=240,0.7669,calculateCaloriesWithCache totalCalories<*>,0.6749,24.83,72
400,REPORT : 0 0 0 0,exact,REPORT : 0 0 0 0,1.0,REPORT : <*> 240,0.3562,calculateAltitudeWithCache totalAltitude=0,0.3338,24.59,72
401,next day:steps0mLastReport7214,exact,next day:steps0mLastReport7214,1.0,theDayChanged <*>,0.4788,getTodayBasicStandardSteps= <*>,0.4777,24.86,72
402,setGoalNotifiShownRecord 1514044800237 false,exact,setGoalNotifiShownRecord <*> false,1.0,theDayChanged <*>,0.4683,setBasicStandardSteps basicStandardStep=3786 restartSteps=0,0.4245,29.29,72
403,closeNotification...,exact,closeNotification...,1.0,deleteHealthNotification(),0.4745,clear(),0.3411,28.01,72
404,deleteHealthNotification(),exact,deleteHealthNotification(),1.0,closeNotification...,0.4745,saveHealthDetailData() saveOneDetailData fail hiHealthData = <*> = <*>,0.4138,27.06,72
405,onStandStepChanged 3786,exact,onStandStepChanged <*>,0.9992,setBasicStandardSteps basicStandardStep=3786 restartSteps=0,0.3647,theDayChanged <*>,0.3576,26.92,72
406,onExtend:1514044801000 0 0 0,partial,onExtend<*> 0 0 4,0.9857,theDayChanged <*>,0.4317,tryToReloadTodayBasicSteps1514044800223|3786|0|0,0.4166,27.27,72
407,getTodayTotalDetailSteps = 1514044740000##0##549659##8661##16256##33444553,partial,getTodayTotalDetailSteps = <*>,0.9828,getTodayBasicStandardSteps= <*>,0.7495,getDiffTotalSteps= <*>,0.6647,28.38,72
408,setTodayTotalDetailSteps=1514044740000##0##549659##8661##16256##33444943,partial,getTodayTotalDetailSteps = <*>,0.9745,getTodayBasicStandardSteps= <*>,0.7143,getDiffTotalSteps= <*>,0.612,28.43,72
409,calculateCaloriesWithCache totalCalories=0,partial,calculateCaloriesWithCache totalCalories<*>,0.8967,calculateAltitudeWithCache totalAltitude=0,0.7789,calculateAltitudeWithCache totalAltitude=240,0.5902,28.38,72
410,calculateAltitudeWithCache totalAltitude=0,exact,calculateAltitudeWithCache totalAltitude=0,1.0,calculateAltitudeWithCache totalAltitude=240,0.7669,calculateCaloriesWithCache totalCalories<*>,0.6756,27.77,72
411,onStandStepChanged 3786,exact,onStandStepChanged <*>,0.9992,setBasicStandardSteps basicStandardStep=3786 restartSteps=0,0.3647,theDayChanged <*>,0.3576,27.27,72
412,onExtend:1514044805000 0 0 5,exact,onExtend<*> 0 0 4,0.9906,theDayChanged <*>,0.4764,tryToReloadTodayBasicSteps1514044800223|3786|0|0,0.4252,27.31,72
413,getTodayTotalDetailSteps = 1514044740000##0##549659##8661##16256##33444943,partial,getTodayTotalDetailSteps = <*>,0.9816,getTodayBasicStandardSteps= <*>,0.7499,getDiffTotalSteps= <*>,0.6621,28.36,72
414,setTodayTotalDetailSteps=1514044740000##0##549659##8661##16256##33449757,partial,getTodayTotalDetailSteps = <*>,0.974,getTodayBasicStandardSteps= <*>,0.7107,getDiffTotalSteps= <*>,0.6149,28.49,72
415,calculateCaloriesWithCache totalCalories=0,partial,calculateCaloriesWithCache totalCalories<*>,0.8975,calculateAltitudeWithCache totalAltitude=0,0.7789,calculateAltitudeWithCache totalAltitude=240,0.5902,27.21,72
416,calculateAltitudeWithCache totalAltitude=0,exact,calculateAltitudeWithCache totalAltitude=0,1.0,calculateAltitudeWithCache totalAltitude=240,0.7669,calculateCaloriesWithCache totalCalories<*>,0.6763,27.33,72
417,onStandStepChanged 3786,exact,onStandStepChanged <*>,0.9992,setBasicStandardSteps basicStandardStep=3786 restartSteps=0,0.3647,theDayChanged <*>,0.3576,27.0,72
418,onExtend:1514044806000 0 0 0,partial,onExtend<*> 0 0 4,0.9856,tryToReloadTodayBasicSteps1514044800223|3786|0|0,0.423,theDayChanged <*>,0.4227,27.33,72
419,getTodayTotalDetailSteps = 1514044740000##0##549659##8661##16256##33449757,partial,getTodayTotalDetailSteps = <*>,0.9835,getTodayBasicStandardSteps= <*>,0.7498,getDiffTotalSteps= <*>,0.6669,28.5,72
420,setTodayTotalDetailSteps=1514044740000##0##549659##8661##16256##33450764,partial,getTodayTotalDetailSteps = <*>,0.9737,getTodayBasicStandardSteps= <*>,0.7142,getDiffTotalSteps= <*>,0.6159,28.52,72
421,calculateCaloriesWithCache totalCalories=0,partial,calculateCaloriesWithCache totalCalories<*>,0.8983,calculateAltitudeWithCache totalAltitude=0,0.7789,calculateAltitudeWithCache totalAltitude=240,0.5902,27.1,72
422,calculateAltitudeWithCache totalAltitude=0,exact,calculateAltitudeWithCache totalAltitude=0,1.0,calculateAltitudeWithCache totalAltitude=240,0.7669,calculateCaloriesWithCache totalCalories<*>,0.677,27.22,72
423,processHandleBroadcastAction action:android.intent.action.TIME_TICK,exact,processHandleBroadcastAction action:android.intent.action.TIME_TICK,1.0,processHandleBroadcastAction action:android.intent.action.SCREEN_ON,0.7753,onReceive action: android.intent.action.SCREEN_ON,0.4884,27.45,72
424,processHandleBroadcastAction action:android.intent.action.TIME_TICK,exact,processHandleBroadcastAction action:android.intent.action.TIME_TICK,1.0,processHandleBroadcastAction action:android.intent.action.SCREEN_ON,0.7753,onReceive action: android.intent.action.SCREEN_ON,0.4884,27.61,72
425,processHandleBroadcastAction action:android.intent.action.TIME_TICK,exact,processHandleBroadcastAction action:android.intent.action.TIME_TICK,1.0,processHandleBroadcastAction action:android.intent.action.SCREEN_ON,0.7753,onReceive action: android.intent.action.SCREEN_ON,0.4884,27.46,72
426,processHandleBroadcastAction action:android.intent.action.TIME_TICK,exact,processHandleBroadcastAction action:android.intent.action.TIME_TICK,1.0,processHandleBroadcastAction action:android.intent.action.SCREEN_ON,0.7753,onReceive action: android.intent.action.SCREEN_ON,0.4884,27.43,72
427,processHandleBroadcastAction action:android.intent.action.TIME_TICK,exact,processHandleBroadcastAction action:android.intent.action.TIME_TICK,1.0,processHandleBroadcastAction action:android.intent.action.SCREEN_ON,0.7753,onReceive action: android.intent.action.SCREEN_ON,0.4884,27.46,72
428,onStandStepChanged 3786,exact,onStandStepChanged <*>,0.9992,setBasicStandardSteps basicStandardStep=3786 restartSteps=0,0.3647,theDayChanged <*>,0.3576,26.98,72
429,onExtend:1514045123000 0 0 0,partial,onExtend<*> 0 0 4,0.9845,theDayChanged <*>,0.441,tryToReloadTodayBasicSteps1514044800223|3786|0|0,0.4069,27.0,72
430,getTodayTotalDetailSteps = 1514044740000##0##549659##8661##16256##33450764,partial,getTodayTotalDetailSteps = <*>,0.9831,getTodayBasicStandardSteps= <*>,0.7573,getDiffTotalSteps= <*>,0.6724,29.0,72
431,setTodayTotalDetailSteps=1514045040000##0##549659##8661##16256##33767093,partial,getTodayTotalDetailSteps = <*>,0.9741,getTodayBasicStandardSteps= <*>,0.7224,getDiffTotalSteps= <*>,0.6093,29.05,72
432,calculateCaloriesWithCache totalCalories=0,partial,calculateCaloriesWithCache totalCalories<*>,0.8991,calculateAltitudeWithCache totalAltitude=0,0.7789,calculateAltitudeWithCache totalAltitude=240,0.5902,27.12,72
433,calculateAltitudeWithCache totalAltitude=0,exact,calculateAltitudeWithCache totalAltitude=0,1.0,calculateAltitudeWithCache totalAltitude=240,0.7669,calculateCaloriesWithCache totalCalories<*>,0.6777,27.36,72
434,processHandleBroadcastAction action:android.intent.action.TIME_TICK,exact,processHandleBroadcastAction action:android.intent.action.TIME_TICK,1.0,processHandleBroadcastAction action:android.intent.action.SCREEN_ON,0.7753,onReceive action: android.intent.action.SCREEN_ON,0.4884,27.43,72
435,onStandStepChanged 3786,exact,onStandStepChanged <*>,0.9992,setBasicStandardSteps basicStandardStep=3786 restartSteps=0,0.3647,theDayChanged <*>,0.3576,26.94,72
436,onExtend:1514045177000 0 0 0,partial,onExtend<*> 0 0 4,0.987,theDayChanged <*>,0.4277,tryToReloadTodayBasicSteps1514044800223|3786|0|0,0.4213,27.01,72
437,getTodayTotalDetailSteps = 1514045040000##0##549659##8661##16256##33767093,partial,getTodayTotalDetailSteps = <*>,0.9836,getTodayBasicStandardSteps= <*>,0.7628,getDiffTotalSteps= <*>,0.6662,28.56,72
438,setTodayTotalDetailSteps=1514045100000##0##549659##8661##16256##33821183,partial,getTodayTotalDetailSteps = <*>,0.971,getTodayBasicStandardSteps= <*>,0.7192,getDiffTotalSteps= <*>,0.6116,28.47,72
439,calculateCaloriesWithCache totalCalories=0,partial,calculateCaloriesWithCache totalCalories<*>,0.8998,calculateAltitudeWithCache totalAltitude=0,0.7789,calculateAltitudeWithCache totalAltitude=240,0.5902,27.2,72
440,calculateAltitudeWithCache totalAltitude=0,exact,calculateAltitudeWithCache totalAltitude=0,1.0,calculateAltitudeWithCache totalAltitude=240,0.7669,calculateCaloriesWithCache totalCalories<*>,0.6783,27.25,72
441,processHandleBroadcastAction action:android.intent.action.TIME_TICK,exact,processHandleBroadcastAction action:android.intent.action.TIME_TICK,1.0,processHandleBroadcastAction action:android.intent.action.SCREEN_ON,0.7753,onReceive action: android.intent.action.SCREEN_ON,0.4884,27.56,72
442,onStandStepChanged 3786,exact,onStandStepChanged <*>,0.9992,setBasicStandardSteps basicStandardStep=3786 restartSteps=0,0.3647,theDayChanged <*>,0.3576,26.93,72
443,onExtend:1514045222000 0 0 5,partial,onExtend<*> 0 0 4,0.9836,theDayChanged <*>,0.4729,tryToReloadTodayBasicSteps1514044800223|3786|0|0,0.4162,27.11,72
444,getTodayTotalDetailSteps = 1514045100000##0##549659##8661##16256##33821183,partial,getTodayTotalDetailSteps = <*>,0.9805,getTodayBasicStandardSteps= <*>,0.7634,getDiffTotalSteps= <*>,0.672,28.52,72
445,setTodayTotalDetailSteps=1514045160000##0##549659##8661##16256##33866758,partial,getTodayTotalDetailSteps = <*>,0.9757,getTodayBasicStandardSteps= <*>,0.7175,getDiffTotalSteps= <*>,0.616,28.46,72
446,calculateCaloriesWithCache totalCalories=0,partial,calculateCaloriesWithCache totalCalories<*>,0.9006,calculateAltitudeWithCache totalAltitude=0,0.7789,calculateAltitudeWithCache totalAltitude=240,0.5902,28.09,72
447,calculateAltitudeWithCache totalAltitude=0,exact,calculateAltitudeWithCache totalAltitude=0,1.0,calculateAltitudeWithCache totalAltitude=240,0.7669,calculateCaloriesWithCache totalCalories<*>,0.679,25.41,72
448,onStandStepChanged 3786,exact,onStandStepChanged <*>,0.9992,setBasicStandardSteps basicStandardStep=3786 restartSteps=0,0.3647,theDayChanged <*>,0.3576,24.64,72
449,onExtend:1514045224000 0 0 0,exact,onExtend<*> 0 0 4,0.9905,theDayChanged <*>,0.4412,tryToReloadTodayBasicSteps1514044800223|3786|0|0,0.4126,24.82,72
450,getTodayTotalDetailSteps = 1514045160000##0##549659##8661##16256##33866758,partial,getTodayTotalDetailSteps = <*>,0.9831,getTodayBasicStandardSteps= <*>,0.7591,getDiffTotalSteps= <*>,0.6722,26.24,72
451,setTodayTotalDetailSteps=1514045160000##0##549659##8661##16256##33868758,partial,getTodayTotalDetailSteps = <*>,0.9771,getTodayBasicStandardSteps= <*>,0.7196,getDiffTotalSteps= <*>,0.6108,26.33,72
452,calculateCaloriesWithCache totalCalories=0,partial,calculateCaloriesWithCache totalCalories<*>,0.9013,calculateAltitudeWithCache totalAltitude=0,0.7789,calculateAltitudeWithCache totalAltitude=240,0.5902,25.67,72
453,calculateAltitudeWithCache totalAltitude=0,exact,calculateAltitudeWithCache totalAltitude=0,1.0,calculateAltitudeWithCache totalAltitude=240,0.7669,calculateCaloriesWithCache totalCalories<*>,0.6797,25.37,72
454,onStandStepChanged 3786,exact,onStandStepChanged <*>,0.9992,setBasicStandardSteps basicStandardStep=3786 restartSteps=0,0.3647,theDayChanged <*>,0.3576,24.48,72
455,onExtend:1514045240000 0 0 5,partial,onExtend<*> 0 0 4,0.989,theDayChanged <*>,0.4576,tryToReloadTodayBasicSteps1514044800223|3786|0|0,0.4097,24.74,72
456,getTodayTotalDetailSteps = 1514045160000##0##549659##8661##16256##33868758,partial,getTodayTotalDetailSteps = <*>,0.9818,getTodayBasicStandardSteps= <*>,0.7594,getDiffTotalSteps= <*>,0.6665,26.23,72
457,setTodayTotalDetailSteps=1514045160000##0##549659##8661##16256##33884757,partial,getTodayTotalDetailSteps = <*>,0.9773,getTodayBasicStandardSteps= <*>,0.7215,getDiffTotalSteps= <*>,0.6106,26.01,72
458,calculateCaloriesWithCache totalCalories=0,partial,calculateCaloriesWithCache totalCalories<*>,0.9021,calculateAltitudeWithCache totalAltitude=0,0.7789,calculateAltitudeWithCache totalAltitude=240,0.5902,24.59,72
459,calculateAltitudeWithCache totalAltitude=0,exact,calculateAltitudeWithCache totalAltitude=0,1.0,calculateAltitudeWithCache totalAltitude=240,0.7669,calculateCaloriesWithCache totalCalories<*>,0.6803,24.91,72
460,onStandStepChanged 3786,exact,onStandStepChanged <*>,0.9993,setBasicStandardSteps basicStandardStep=3786 restartSteps=0,0.3647,theDayChanged <*>,0.3576,24.59,72
461,onExtend:1514045241000 0 0 0,partial,onExtend<*> 0 0 4,0.9871,theDayChanged <*>,0.4347,tryToReloadTodayBasicSteps1514044800223|3786|0|0,0.4038,24.63,72
462,getTodayTotalDetailSteps = 1514045160000##0##549659##8661##16256##33884757,partial,getTodayTotalDetailSteps = <*>,0.9816,getTodayBasicStandardSteps= <*>,0.7615,getDiffTotalSteps= <*>,0.666,26.01,72
463,setTodayTotalDetailSteps=1514045160000##0##549659##8661##16256##33885759,partial,getTodayTotalDetailSteps = <*>,0.9756,getTodayBasicStandardSteps= <*>,0.7189,getDiffTotalSteps= <*>,0.6176,25.9,72
464,calculateCaloriesWithCache totalCalories=0,partial,calculateCaloriesWithCache totalCalories<*>,0.9028,calculateAltitudeWithCache totalAltitude=0,0.7789,calculateAltitudeWithCache totalAltitude=240,0.5902,24.76,72
465,calculateAltitudeWithCache totalAltitude=0,exact,calculateAltitudeWithCache totalAltitude=0,1.0,calculateAltitudeWithCache totalAltitude=240,0.7669,calculateCaloriesWithCache totalCalories<*>,0.6809,24.73,72
466,processHandleBroadcastAction action:android.intent.action.TIME_TICK,exact,processHandleBroadcastAction action:android.intent.action.TIME_TICK,1.0,processHandleBroadcastAction action:android.intent.action.SCREEN_ON,0.7753,onReceive action: android.intent.action.SCREEN_ON,0.4884,25.01,72
467,processHandleBroadcastAction action:android.intent.action.TIME_TICK,exact,processHandleBroadcastAction action:android.intent.action.TIME_TICK,1.0,processHandleBroadcastAction action:android.intent.action.SCREEN_ON,0.7753,onReceive action: android.intent.action.SCREEN_ON,0.4884,24.85,72
468,onStandStepChanged 3786,exact,onStandStepChanged <*>,0.9993,setBasicStandardSteps basicStandardStep=3786 restartSteps=0,0.3647,theDayChanged <*>,0.3576,24.47,72
469,onExtend:1514045344000 0 0 5,exact,onExtend<*> 0 0 4,0.9909,theDayChanged <*>,0.4733,tryToReloadTodayBasicSteps1514044800223|3786|0|0,0.4168,24.73,72
470,getTodayTotalDetailSteps = 1514045160000##0##549659##8661##16256##33885759,partial,getTodayTotalDetailSteps = <*>,0.9827,getTodayBasicStandardSteps= <*>,0.7609,getDiffTotalSteps= <*>,0.6734,26.1,72
471,setTodayTotalDetailSteps=1514045280000##0##549659##8661##16256##33988760,partial,getTodayTotalDetailSteps = <*>,0.9756,getTodayBasicStandardSteps= <*>,0.7212,getDiffTotalSteps= <*>,0.6145,25.85,72
472,calculateCaloriesWithCache totalCalories=0,partial,calculateCaloriesWithCache totalCalories<*>,0.9035,calculateAltitudeWithCache totalAltitude=0,0.7789,calculateAltitudeWithCache totalAltitude=240,0.5902,24.51,72
473,calculateAltitudeWithCache totalAltitude=0,exact,calculateAltitudeWithCache totalAltitude=0,1.0,calculateAltitudeWithCache totalAltitude=240,0.7669,calculateCaloriesWithCache totalCalories<*>,0.6816,24.84,72
474,onStandStepChanged 3786,exact,onStandStepChanged <*>,0.9993,setBasicStandardSteps basicStandardStep=3786 restartSteps=0,0.3647,theDayChanged <*>,0.3576,24.41,72
475,onExtend:1514045346000 0 0 0,exact,onExtend<*> 0 0 4,0.9902,theDayChanged <*>,0.433,tryToReloadTodayBasicSteps1514044800223|3786|0|0,0.4136,24.68,72
476,getTodayTotalDetailSteps = 1514045280000##0##549659##8661##16256##33988760,partial,getTodayTotalDetailSteps = <*>,0.9813,getTodayBasicStandardSteps= <*>,0.7618,getDiffTotalSteps= <*>,0.6719,26.57,72
477,setTodayTotalDetailSteps=1514045280000##0##549659##8661##16256##33990761,partial,getTodayTotalDetailSteps = <*>,0.9752,getTodayBasicStandardSteps= <*>,0.7171,getDiffTotalSteps= <*>,0.6134,26.45,72
478,calculateCaloriesWithCache totalCalories=0,partial,calculateCaloriesWithCache totalCalories<*>,0.9043,calculateAltitudeWithCache totalAltitude=0,0.7789,calculateAltitudeWithCache totalAltitude=240,0.5902,24.94,72
479,calculateAltitudeWithCache totalAltitude=0,exact,calculateAltitudeWithCache totalAltitude=0,1.0,calculateAltitudeWithCache totalAltitude=240,0.7669,calculateCaloriesWithCache totalCalories<*>,0.6822,24.86,72
480,onStandStepChanged 3786,exact,onStandStepChanged <*>,0.9993,setBasicStandardSteps basicStandardStep=3786 restartSteps=0,0.3647,theDayChanged <*>,0.3576,24.92,72
481,onExtend:1514045374000 0 0 5,exact,onExtend<*> 0 0 4,0.9916,theDayChanged <*>,0.4743,tryToReloadTodayBasicSteps1514044800223|3786|0|0,0.4147,24.86,72
482,getTodayTotalDetailSteps = 1514045280000##0##549659##8661##16256##33990761,partial,getTodayTotalDetailSteps = <*>,0.9815,getTodayBasicStandardSteps= <*>,0.7586,getDiffTotalSteps= <*>,0.6718,26.13,72
483,setTodayTotalDetailSteps=1514045280000##0##549659##8661##16256##34018758,partial,getTodayTotalDetailSteps = <*>,0.9729,getTodayBasicStandardSteps= <*>,0.7142,getDiffTotalSteps= <*>,0.6177,25.98,72
484,calculateCaloriesWithCache totalCalories=0,partial,calculateCaloriesWithCache totalCalories<*>,0.905,calculateAltitudeWithCache totalAltitude=0,0.7789,calculateAltitudeWithCache totalAltitude=240,0.5902,24.71,72
485,calculateAltitudeWithCache totalAltitude=0,exact,calculateAltitudeWithCache totalAltitude=0,1.0,calculateAltitudeWithCache totalAltitude=240,0.7669,calculateCaloriesWithCache totalCalories<*>,0.6828,24.67,72
486,onStandStepChanged 3786,exact,onStandStepChanged <*>,0.9993,setBasicStandardSteps basicStandardStep=3786 restartSteps=0,0.3647,theDayChanged <*>,0.3576,24.41,72
487,onExtend:1514045375000 0 0 0,partial,onExtend<*> 0 0 4,0.9796,theDayChanged <*>,0.4622,tryToReloadTodayBasicSteps1514044800223|3786|0|0,0.4014,25.26,72
488,getTodayTotalDetailSteps = 1514045280000##0##549659##8661##16256##34018758,partial,getTodayTotalDetailSteps = <*>,0.9821,getTodayBasicStandardSteps= <*>,0.7578,getDiffTotalSteps= <*>,0.6736,26.28,72
489,setTodayTotalDetailSteps=1514045280000##0##549659##8661##16256##34019759,partial,getTodayTotalDetailSteps = <*>,0.9745,getTodayBasicStandardSteps= <*>,0.7199,getDiffTotalSteps= <*>,0.6155,25.79,72
490,calculateCaloriesWithCache totalCalories=0,partial,calculateCaloriesWithCache totalCalories<*>,0.9057,calculateAltitudeWithCache totalAltitude=0,0.7789,calculateAltitudeWithCache totalAltitude=240,0.5902,24.95,72
491,calculateAltitudeWithCache totalAltitude=0,exact,calculateAltitudeWithCache totalAltitude=0,1.0,calculateAltitudeWithCache totalAltitude=240,0.7669,calculateCaloriesWithCache totalCalories<*>,0.6835,24.84,72
492,processHandleBroadcastAction action:android.intent.action.TIME_TICK,exact,processHandleBroadcastAction action:android.intent.action.TIME_TICK,1.0,processHandleBroadcastAction action:android.intent.action.SCREEN_ON,0.7753,onReceive action: android.intent.action.SCREEN_ON,0.4884,24.87,72
493,onStandStepChanged 3786,exact,onStandStepChanged <*>,0.9993,setBasicStandardSteps basicStandardStep=3786 restartSteps=0,0.3647,theDayChanged <*>,0.3576,24.69,72
494,onExtend:1514045409000 0 0 5,partial,onExtend<*> 0 0 4,0.9874,theDayChanged <*>,0.4643,tryToReloadTodayBasicSteps1514044800223|3786|0|0,0.4183,24.7,72
495,getTodayTotalDetailSteps = 1514045280000##0##549659##8661##16256##34019759,partial,getTodayTotalDetailSteps = <*>,0.983,getTodayBasicStandardSteps= <*>,0.7624,getDiffTotalSteps= <*>,0.6701,26.02,72
496,setTodayTotalDetailSteps=1514045340000##0##549659##8661##16256##34053757,partial,getTodayTotalDetailSteps = <*>,0.975,getTodayBasicStandardSteps= <*>,0.7127,getDiffTotalSteps= <*>,0.6117,25.8,72
497,calculateCaloriesWithCache totalCalories=0,partial,calculateCaloriesWithCache totalCalories<*>,0.9064,calculateAltitudeWithCache totalAltitude=0,0.7789,calculateAltitudeWithCache totalAltitude=240,0.5902,24.93,72
498,calculateAltitudeWithCache totalAltitude=0,exact,calculateAltitudeWithCache totalAltitude=0,1.0,calculateAltitudeWithCache totalAltitude=240,0.7669,calculateCaloriesWithCache totalCalories<*>,0.6841,24.72,72
499,onStandStepChanged 3786,exact,onStandStepChanged <*>,0.9993,setBasicStandardSteps basicStandardStep=3786 restartSteps=0,0.3647,theDayChanged <*>,0.3576,24.67,72
500,onExtend:1514045410000 0 0 0,partial,onExtend<*> 0 0 4,0.9805,theDayChanged <*>,0.4155,tryToReloadTodayBasicSteps1514044800223|3786|0|0,0.4023,25.27,72
501,getTodayTotalDetailSteps = 1514045340000##0##549659##8661##16256##34053757,partial,getTodayTotalDetailSteps = <*>,0.9808,getTodayBasicStandardSteps= <*>,0.7551,getDiffTotalSteps= <*>,0.6695,26.82,72
502,setTodayTotalDetailSteps=1514045340000##0##549659##8661##16256##34054759,partial,getTodayTotalDetailSteps = <*>,0.976,getTodayBasicStandardSteps= <*>,0.7107,getDiffTotalSteps= <*>,0.612,29.0,72
503,calculateCaloriesWithCache totalCalories=0,partial,calculateCaloriesWithCache totalCalories<*>,0.907,calculateAltitudeWithCache totalAltitude=0,0.7789,calculateAltitudeWithCache totalAltitude=240,0.5902,25.87,72
504,calculateAltitudeWithCache totalAltitude=0,exact,calculateAltitudeWithCache totalAltitude=0,1.0,calculateAltitudeWithCache totalAltitude=240,0.7669,calculateCaloriesWithCache totalCalories<*>,0.6847,25.03,72
505,onStandStepChanged 3786,exact,onStandStepChanged <*>,0.9993,setBasicStandardSteps basicStandardStep=3786 restartSteps=0,0.3647,theDayChanged <*>,0.3576,24.51,72
506,onExtend:1514045442000 0 0 5,partial,onExtend<*> 0 0 4,0.9844,theDayChanged <*>,0.4715,tryToReloadTodayBasicSteps1514044800223|3786|0|0,0.4199,24.82,72
507,getTodayTotalDetailSteps = 1514045340000##0##549659##8661##16256##34054759,partial,getTodayTotalDetailSteps = <*>,0.9804,getTodayBasicStandardSteps= <*>,0.7498,getDiffTotalSteps= <*>,0.6667,26.15,72
508,setTodayTotalDetailSteps=1514045340000##0##549659##8661##16256##34086757,partial,getTodayTotalDetailSteps = <*>,0.976,getTodayBasicStandardSteps= <*>,0.7133,getDiffTotalSteps= <*>,0.6119,25.89,72
509,calculateCaloriesWithCache totalCalories=0,partial,calculateCaloriesWithCache totalCalories<*>,0.9077,calculateAltitudeWithCache totalAltitude=0,0.7789,calculateAltitudeWithCache totalAltitude=240,0.5902,24.76,72
510,calculateAltitudeWithCache totalAltitude=0,exact,calculateAltitudeWithCache totalAltitude=0,1.0,calculateAltitudeWithCache totalAltitude=240,0.7669,calculateCaloriesWithCache totalCalories<*>,0.6853,24.75,72
511,onStandStepChanged 3786,exact,onStandStepChanged <*>,0.9993,setBasicStandardSteps basicStandardStep=3786 restartSteps=0,0.3647,theDayChanged <*>,0.3576,24.66,72
512,onExtend:1514045443000 0 0 0,partial,onExtend<*> 0 0 4,0.9892,theDayChanged <*>,0.4433,tryToReloadTodayBasicSteps1514044800223|3786|0|0,0.4169,24.85,72
513,getTodayTotalDetailSteps = 1514045340000##0##549659##8661##16256##34086757,partial,getTodayTotalDetailSteps = <*>,0.9809,getTodayBasicStandardSteps= <*>,0.754,getDiffTotalSteps= <*>,0.6682,26.05,72
514,setTodayTotalDetailSteps=1514045340000##0##549659##8661##16256##34087759,partial,getTodayTotalDetailSteps = <*>,0.9771,getTodayBasicStandardSteps= <*>,0.7145,getDiffTotalSteps= <*>,0.6108,25.88,72
515,calculateCaloriesWithCache totalCalories=0,partial,calculateCaloriesWithCache totalCalories<*>,0.9084,calculateAltitudeWithCache totalAltitude=0,0.7789,calculateAltitudeWithCache totalAltitude=240,0.5902,24.87,72
516,calculateAltitudeWithCache totalAltitude=0,exact,calculateAltitudeWithCache totalAltitude=0,1.0,calculateAltitudeWithCache totalAltitude=240,0.7669,calculateCaloriesWithCache totalCalories<*>,0.6859,24.79,72
517,processHandleBroadcastAction action:android.intent.action.TIME_TICK,exact,processHandleBroadcastAction action:android.intent.action.TIME_TICK,1.0,processHandleBroadcastAction action:android.intent.action.SCREEN_ON,0.7753,onReceive action: android.intent.action.SCREEN_ON,0.4884,25.1,72
518,onStandStepChanged 3786,exact,onStandStepChanged <*>,0.9993,setBasicStandardSteps basicStandardStep=3786 restartSteps=0,0.3647,theDayChanged <*>,0.3576,24.36,72
519,onExtend:1514045516000 0 0 5,partial,onExtend<*> 0 0 4,0.9877,theDayChanged <*>,0.4546,tryToReloadTodayBasicSteps1514044800223|3786|0|0,0.4248,24.77,72
520,getTodayTotalDetailSteps = 1514045340000##0##549659##8661##16256##34087759,partial,getTodayTotalDetailSteps = <*>,0.9811,getTodayBasicStandardSteps= <*>,0.7533,getDiffTotalSteps= <*>,0.666,26.28,72
521,setTodayTotalDetailSteps=1514045400000##0##549659##8661##16256##34160765,partial,getTodayTotalDetailSteps = <*>,0.9715,getTodayBasicStandardSteps= <*>,0.7121,getDiffTotalSteps= <*>,0.6044,25.88,72
522,calculateCaloriesWithCache totalCalories=0,partial,calculateCaloriesWithCache totalCalories<*>,0.9091,calculateAltitudeWithCache totalAltitude=0,0.7789,calculateAltitudeWithCache totalAltitude=240,0.5902,24.8,72
523,calculateAltitudeWithCache totalAltitude=0,exact,calculateAltitudeWithCache totalAltitude=0,1.0,calculateAltitudeWithCache totalAltitude=240,0.7669,calculateCaloriesWithCache totalCalories<*>,0.6865,24.9,72
524,onStandStepChanged 3786,exact,onStandStepChanged <*>,0.9993,setBasicStandardSteps basicStandardStep=3786 restartSteps=0,0.3647,theDayChanged <*>,0.3576,25.07,72
525,onExtend:1514045517000 0 0 0,partial,onExtend<*> 0 0 4,0.9826,theDayChanged <*>,0.4155,tryToReloadTodayBasicSteps1514044800223|3786|0|0,0.4152,24.65,72
526,getTodayTotalDetailSteps = 1514045400000##0##549659##8661##16256##34160765,partial,getTodayTotalDetailSteps = <*>,0.9793,getTodayBasicStandardSteps= <*>,0.7545,getDiffTotalSteps= <*>,0.661,26.63,72
527,setTodayTotalDetailSteps=1514045400000##0##549659##8661##16256##34161762,partial,getTodayTotalDetailSteps = <*>,0.9733,getTodayBasicStandardSteps= <*>,0.7201,getDiffTotalSteps= <*>,0.6047,26.52,72
528,calculateCaloriesWithCache totalCalories=0,partial,calculateCaloriesWithCache totalCalories<*>,0.9097,calculateAltitudeWithCache totalAltitude=0,0.7789,calculateAltitudeWithCache totalAltitude=240,0.5902,24.81,72
529,calculateAltitudeWithCache totalAltitude=0,exact,calculateAltitudeWithCache totalAltitude=0,1.0,calculateAltitudeWithCache totalAltitude=240,0.7669,calculateCaloriesWithCache totalCalories<*>,0.687,25.05,72
530,processHandleBroadcastAction action:android.intent.action.TIME_TICK,exact,processHandleBroadcastAction action:android.intent.action.TIME_TICK,1.0,processHandleBroadcastAction action:android.intent.action.SCREEN_ON,0.7753,onReceive action: android.intent.action.SCREEN_ON,0.4884,25.28,72
531,processHandleBroadcastAction action:android.intent.action.TIME_TICK,exact,processHandleBroadcastAction action:android.intent.action.TIME_TICK,1.0,processHandleBroadcastAction action:android.intent.action.SCREEN_ON,0.7753,onReceive action: android.intent.action.SCREEN_ON,0.4884,25.03,72
532,processHandleBroadcastAction action:android.intent.action.TIME_TICK,exact,processHandleBroadcastAction action:android.intent.action.TIME_TICK,1.0,processHandleBroadcastAction action:android.intent.action.SCREEN_ON,0.7753,onReceive action: android.intent.action.SCREEN_ON,0.4884,24.87,72
533,processHandleBroadcastAction action:android.intent.action.TIME_TICK,exact,processHandleBroadcastAction action:android.intent.action.TIME_TICK,1.0,processHandleBroadcastAction action:android.intent.action.SCREEN_ON,0.7753,onReceive action: android.intent.action.SCREEN_ON,0.4884,25.03,72
534,onStandStepChanged 3786,exact,onStandStepChanged <*>,0.9994,setBasicStandardSteps basicStandardStep=3786 restartSteps=0,0.3647,theDayChanged <*>,0.3576,24.55,72
535,onExtend:1514045753000 0 0 0,partial,onExtend<*> 0 0 4,0.9887,theDayChanged <*>,0.4352,tryToReloadTodayBasicSteps1514044800223|3786|0|0,0.4158,24.79,72
536,getTodayTotalDetailSteps = 1514045400000##0##549659##8661##16256##34161762,partial,getTodayTotalDetailSteps = <*>,0.9827,getTodayBasicStandardSteps= <*>,0.7618,getDiffTotalSteps= <*>,0.6609,26.1,72
537,setTodayTotalDetailSteps=1514045640000##0##549659##8661##16256##34397604,partial,getTodayTotalDetailSteps = <*>,0.9731,getTodayBasicStandardSteps= <*>,0.7324,getDiffTotalSteps= <*>,0.6166,25.93,72
538,calculateCaloriesWithCache totalCalories=0,partial,calculateCaloriesWithCache totalCalories<*>,0.9104,calculateAltitudeWithCache totalAltitude=0,0.7789,calculateAltitudeWithCache totalAltitude=240,0.5902,24.66,72
539,calculateAltitudeWithCache totalAltitude=0,exact,calculateAltitudeWithCache totalAltitude=0,1.0,calculateAltitudeWithCache totalAltitude=240,0.7669,calculateCaloriesWithCache totalCalories<*>,0.6876,24.98,72
540,processHandleBroadcastAction action:android.intent.action.TIME_TICK,exact,processHandleBroadcastAction action:android.intent.action.TIME_TICK,1.0,processHandleBroadcastAction action:android.intent.action.SCREEN_ON,0.7753,onReceive action: android.intent.action.SCREEN_ON,0.4884,25.06,72
541,processHandleBroadcastAction action:android.intent.action.TIME_TICK,exact,processHandleBroadcastAction action:android.intent.action.TIME_TICK,1.0,processHandleBroadcastAction action:android.intent.action.SCREEN_ON,0.7753,onReceive action: android.intent.action.SCREEN_ON,0.4884,25.01,72
542,processHandleBroadcastAction action:android.intent.action.TIME_TICK,exact,processHandleBroadcastAction action:android.intent.action.TIME_TICK,1.0,processHandleBroadcastAction action:android.intent.action.SCREEN_ON,0.7753,onReceive action: android.intent.action.SCREEN_ON,0.4884,24.85,72
543,processHandleBroadcastAction action:android.intent.action.TIME_TICK,exact,processHandleBroadcastAction action:android.intent.action.TIME_TICK,1.0,processHandleBroadcastAction action:android.intent.action.SCREEN_ON,0.7753,onReceive action: android.intent.action.SCREEN_ON,0.4884,24.97,72
544,processHandleBroadcastAction action:android.intent.action.TIME_TICK,exact,processHandleBroadcastAction action:android.intent.action.TIME_TICK,1.0,processHandleBroadcastAction action:android.intent.action.SCREEN_ON,0.7753,onReceive action: android.intent.action.SCREEN_ON,0.4884,24.91,72
545,processHandleBroadcastAction action:android.intent.action.TIME_TICK,exact,processHandleBroadcastAction action:android.intent.action.TIME_TICK,1.0,processHandleBroadcastAction action:android.intent.action.SCREEN_ON,0.7753,onReceive action: android.intent.action.SCREEN_ON,0.4884,25.14,72
546,processHandleBroadcastAction action:android.intent.action.TIME_TICK,exact,processHandleBroadcastAction action:android.intent.action.TIME_TICK,1.0,processHandleBroadcastAction action:android.intent.action.SCREEN_ON,0.7753,onReceive action: android.intent.action.SCREEN_ON,0.4884,24.89,72
547,processHandleBroadcastAction action:android.intent.action.TIME_TICK,exact,processHandleBroadcastAction action:android.intent.action.TIME_TICK,1.0,processHandleBroadcastAction action:android.intent.action.SCREEN_ON,0.7753,onReceive action: android.intent.action.SCREEN_ON,0.4884,25.89,72
548,processHandleBroadcastAction action:android.intent.action.TIME_TICK,exact,processHandleBroadcastAction action:android.intent.action.TIME_TICK,1.0,processHandleBroadcastAction action:android.intent.action.SCREEN_ON,0.7753,onReceive action: android.intent.action.SCREEN_ON,0.4884,25.39,72
549,processHandleBroadcastAction action:android.intent.action.TIME_TICK,exact,processHandleBroadcastAction action:android.intent.action.TIME_TICK,1.0,processHandleBroadcastAction action:android.intent.action.SCREEN_ON,0.7753,onReceive action: android.intent.action.SCREEN_ON,0.4884,24.91,72
550,onStandStepChanged 3786,exact,onStandStepChanged <*>,0.9994,setBasicStandardSteps basicStandardStep=3786 restartSteps=0,0.3647,theDayChanged <*>,0.3576,24.62,72
551,onExtend:1514046316000 0 0 5,partial,onExtend<*> 0 0 4,0.9884,theDayChanged <*>,0.4772,tryToReloadTodayBasicSteps1514044800223|3786|0|0,0.4154,24.74,72
552,getTodayTotalDetailSteps = 1514045640000##0##549659##8661##16256##34397604,partial,getTodayTotalDetailSteps = <*>,0.9783,getTodayBasicStandardSteps= <*>,0.7774,getDiffTotalSteps= <*>,0.6788,26.15,72
553,setTodayTotalDetailSteps=1514046240000##0##549659##8661##16256##34960758,partial,getTodayTotalDetailSteps = <*>,0.9756,getTodayBasicStandardSteps= <*>,0.7268,getDiffTotalSteps= <*>,0.6131,25.99,72
554,calculateCaloriesWithCache totalCalories=0,partial,calculateCaloriesWithCache totalCalories<*>,0.911,calculateAltitudeWithCache totalAltitude=0,0.7789,calculateAltitudeWithCache totalAltitude=240,0.5902,24.88,72
555,calculateAltitudeWithCache totalAltitude=0,exact,calculateAltitudeWithCache totalAltitude=0,1.0,calculateAltitudeWithCache totalAltitude=240,0.7669,calculateCaloriesWithCache totalCalories<*>,0.6882,25.03,72
556,onStandStepChanged 3786,exact,onStandStepChanged <*>,0.9994,setBasicStandardSteps basicStandardStep=3786 restartSteps=0,0.3647,theDayChanged <*>,0.3576,24.65,72
557,onExtend:1514046317000 0 0 0,exact,onExtend<*> 0 0 4,0.9915,theDayChanged <*>,0.4435,tryToReloadTodayBasicSteps1514044800223|3786|0|0,0.4134,24.48,72
558,getTodayTotalDetailSteps = 1514046240000##0##549659##8661##16256##34960758,partial,getTodayTotalDetailSteps = <*>,0.9826,getTodayBasicStandardSteps= <*>,0.7675,getDiffTotalSteps= <*>,0.674,26.09,72
559,setTodayTotalDetailSteps=1514046240000##0##549659##8661##16256##34961757,partial,getTodayTotalDetailSteps = <*>,0.9764,getTodayBasicStandardSteps= <*>,0.7309,getDiffTotalSteps= <*>,0.6158,26.01,72
560,calculateCaloriesWithCache totalCalories=0,partial,calculateCaloriesWithCache totalCalories<*>,0.9116,calculateAltitudeWithCache totalAltitude=0,0.7789,calculateAltitudeWithCache totalAltitude=240,0.5902,24.64,72
561,calculateAltitudeWithCache totalAltitude=0,exact,calculateAltitudeWithCache totalAltitude=0,1.0,calculateAltitudeWithCache totalAltitude=240,0.7669,calculateCaloriesWithCache totalCalories<*>,0.6888,24.69,72
562,processHandleBroadcastAction action:android.intent.action.TIME_TICK,exact,processHandleBroadcastAction action:android.intent.action.TIME_TICK,1.0,processHandleBroadcastAction action:android.intent.action.SCREEN_ON,0.7753,onReceive action: android.intent.action.SCREEN_ON,0.4884,24.93,72
563,processHandleBroadcastAction action:android.intent.action.TIME_TICK,exact,processHandleBroadcastAction action:android.intent.action.TIME_TICK,1.0,processHandleBroadcastAction action:android.intent.action.SCREEN_ON,0.7753,onReceive action: android.intent.action.SCREEN_ON,0.4884,24.98,72
564,processHandleBroadcastAction action:android.intent.action.TIME_TICK,exact,processHandleBroadcastAction action:android.intent.action.TIME_TICK,1.0,processHandleBroadcastAction action:android.intent.action.SCREEN_ON,0.7753,onReceive action: android.intent.action.SCREEN_ON,0.4884,25.01,72
565,onStandStepChanged 3786,exact,onStandStepChanged <*>,0.9994,setBasicStandardSteps basicStandardStep=3786 restartSteps=0,0.3647,theDayChanged <*>,0.3576,24.49,72
566,onExtend:1514046505000 0 0 5,partial,onExtend<*> 0 0 4,0.9858,theDayChanged <*>,0.4635,tryToReloadTodayBasicSteps1514044800223|3786|0|0,0.4106,24.87,72
567,getTodayTotalDetailSteps = 1514046240000##0##549659##8661##16256##34961757,partial,getTodayTotalDetailSteps = <*>,0.9824,getTodayBasicStandardSteps= <*>,0.7702,getDiffTotalSteps= <*>,0.676,26.33,72
568,setTodayTotalDetailSteps=1514046420000##0##549659##8661##16256##35149773,partial,getTodayTotalDetailSteps = <*>,0.9752,getTodayBasicStandardSteps= <*>,0.7276,getDiffTotalSteps= <*>,0.6107,26.46,72
569,calculateCaloriesWithCache totalCalories=0,partial,calculateCaloriesWithCache totalCalories<*>,0.9123,calculateAltitudeWithCache totalAltitude=0,0.7789,calculateAltitudeWithCache totalAltitude=240,0.5902,24.94,72
570,calculateAltitudeWithCache totalAltitude=0,exact,calculateAltitudeWithCache totalAltitude=0,1.0,calculateAltitudeWithCache totalAltitude=240,0.7669,calculateCaloriesWithCache totalCalories<*>,0.6893,24.97,72
571,onReceive action: android.intent.action.SCREEN_OFF,partial,onReceive action: android.intent.action.SCREEN_ON,0.9817,processHandleBroadcastAction action:android.intent.action.SCREEN_ON,0.7426,processHandleBroadcastAction action:android.intent.action.TIME_TICK,0.4736,25.37,72
572,processHandleBroadcastAction action:android.intent.action.TIME_TICK,exact,processHandleBroadcastAction action:android.intent.action.TIME_TICK,1.0,processHandleBroadcastAction action:android.intent.action.SCREEN_ON,0.7753,onReceive action: android.intent.action.SCREEN_ON,0.4879,25.64,72
573,startTimer start autoSync,exact,startTimer start autoSync,1.0,needAutoSync autoSyncSwitch is open,0.6096,"startInsertSportSync start auto sync,app is 1",0.588,24.59,72
574,"startSync hiSyncOption = HiSyncOption{syncAction=1, syncMethod=2, syncScope=0, syncDataType=20000, syncModel=2, pushAction=0},app = 1 who = 1",exact,"startSync hiSyncOption = HiSyncOption{syncAction=2, syncMethod=2, syncScope=0, syncDataType=20000, syncModel=2, pushAction=0},app = 1 who = 1",1.0,"startInsertSportSync start auto sync,app is 1",0.5536,"startInsertSportSync first 500 steps sync,do all sync",0.5482,27.57,72
575,"checkCurrentDay a new day comes , reset basicSyncCondition, currentDay is 20171224 oldDay is 20171223",exact,"checkCurrentDay a new day comes , reset basicSyncCondition, currentDay is <*> oldDay is <*>",1.0,new date <*> type<*>,0.5505,getTodayBasicStandardSteps= <*>,0.5485,25.83,72
576,stepSyncOrNot appSynTimes is 0,exact,"stepSyncOrNot appSynTimes is 0, statsyncTimes is 0",0.9949,"saveRealTimeHealthDatasStat() size = 1,totalTime = 48",0.4282,startTimer start autoSync,0.4106,25.05,72
577,needAutoSync autoSyncSwitch is open,exact,needAutoSync autoSyncSwitch is open,1.0,startTimer start autoSync,0.6096,"startInsertSportSync start auto sync,app is 1",0.4817,24.85,72
578,"initDataPrivacy the dataPrivacy switch is open, start push health data!",exact,"initDataPrivacy the dataPrivacy switch is open, start push health data!",1.0,"initUserPrivacy the userPrivacy switch is open, start push user data!",0.6072,"saveHealthDetailData() deviceID = 2,clientID=1,id=1",0.5083,25.27,72
579,initDataPrivacy the dataPrivacy is true,exact,initDataPrivacy the dataPrivacy is true,1.0,"initDataPrivacy the dataPrivacy switch is open, start push health data!",0.4928,initUserPrivacy the userPrivacy is true,0.4839,24.82,72
580,"initUserPrivacy the userPrivacy switch is open, start push user data!",exact,"initUserPrivacy the userPrivacy switch is open, start push user data!",1.0,"initDataPrivacy the dataPrivacy switch is open, start push health data!",0.6072,initUserPrivacy the userPrivacy is true,0.5936,25.14,72
581,initUserPrivacy the userPrivacy is true,exact,initUserPrivacy the userPrivacy is true,1.0,"initUserPrivacy the userPrivacy switch is open, start push user data!",0.5936,initDataPrivacy the dataPrivacy is true,0.4839,24.68,72
582,ifCanSync not! no cloud version,exact,ifCanSync not! no cloud version,1.0,tryToReloadTodayBasicSteps1514044800223|3786|0|0,0.3096,"startInsertSportSync start auto sync,app is 1",0.2797,24.6,72
583,sendSyncFailedBroadcast,exact,sendSyncFailedBroadcast,1.0,processHandleBroadcastAction action:android.intent.action.TIME_TICK,0.3896,processHandleBroadcastAction action:android.intent.action.SCREEN_ON,0.3404,24.53,72
584,processHandleBroadcastAction action:android.intent.action.TIME_TICK,exact,processHandleBroadcastAction action:android.intent.action.TIME_TICK,1.0,processHandleBroadcastAction action:android.intent.action.SCREEN_ON,0.7753,onReceive action: android.intent.action.SCREEN_ON,0.4879,25.06,72
585,processHandleBroadcastAction action:android.intent.action.TIME_TICK,exact,processHandleBroadcastAction action:android.intent.action.TIME_TICK,1.0,processHandleBroadcastAction action:android.intent.action.SCREEN_ON,0.7753,onReceive action: android.intent.action.SCREEN_ON,0.4879,24.93,72
586,processHandleBroadcastAction action:android.intent.action.TIME_TICK,exact,processHandleBroadcastAction action:android.intent.action.TIME_TICK,1.0,processHandleBroadcastAction action:android.intent.action.SCREEN_ON,0.7753,onReceive action: android.intent.action.SCREEN_ON,0.4879,24.78,72
587,processHandleBroadcastAction action:android.intent.action.TIME_TICK,exact,processHandleBroadcastAction action:android.intent.action.TIME_TICK,1.0,processHandleBroadcastAction action:android.intent.action.SCREEN_ON,0.7753,onReceive action: android.intent.action.SCREEN_ON,0.4879,24.91,72
588,processHandleBroadcastAction action:android.intent.action.TIME_TICK,exact,processHandleBroadcastAction action:android.intent.action.TIME_TICK,1.0,processHandleBroadcastAction action:android.intent.action.SCREEN_ON,0.7753,onReceive action: android.intent.action.SCREEN_ON,0.4879,24.76,72
589,processHandleBroadcastAction action:android.intent.action.TIME_TICK,exact,processHandleBroadcastAction action:android.intent.action.TIME_TICK,1.0,processHandleBroadcastAction action:android.intent.action.SCREEN_ON,0.7753,onReceive action: android.intent.action.SCREEN_ON,0.4879,24.81,72
590,processHandleBroadcastAction action:android.intent.action.TIME_TICK,exact,processHandleBroadcastAction action:android.intent.action.TIME_TICK,1.0,processHandleBroadcastAction action:android.intent.action.SCREEN_ON,0.7753,onReceive action: android.intent.action.SCREEN_ON,0.4879,24.81,72
591,processHandleBroadcastAction action:android.intent.action.TIME_TICK,exact,processHandleBroadcastAction action:android.intent.action.TIME_TICK,1.0,processHandleBroadcastAction action:android.intent.action.SCREEN_ON,0.7753,onReceive action: android.intent.action.SCREEN_ON,0.4879,25.17,72
592,processHandleBroadcastAction action:android.intent.action.TIME_TICK,exact,processHandleBroadcastAction action:android.intent.action.TIME_TICK,1.0,processHandleBroadcastAction action:android.intent.action.SCREEN_ON,0.7753,onReceive action: android.intent.action.SCREEN_ON,0.4879,24.89,72
593,processHandleBroadcastAction action:android.intent.action.TIME_TICK,exact,processHandleBroadcastAction action:android.intent.action.TIME_TICK,1.0,processHandleBroadcastAction action:android.intent.action.SCREEN_ON,0.7753,onReceive action: android.intent.action.SCREEN_ON,0.4879,25.08,72
594,processHandleBroadcastAction action:android.intent.action.TIME_TICK,exact,processHandleBroadcastAction action:android.intent.action.TIME_TICK,1.0,processHandleBroadcastAction action:android.intent.action.SCREEN_ON,0.7753,onReceive action: android.intent.action.SCREEN_ON,0.4879,24.98,72
595,processHandleBroadcastAction action:android.intent.action.TIME_TICK,exact,processHandleBroadcastAction action:android.intent.action.TIME_TICK,1.0,processHandleBroadcastAction action:android.intent.action.SCREEN_ON,0.7753,onReceive action: android.intent.action.SCREEN_ON,0.4879,25.51,72
596,processHandleBroadcastAction action:android.intent.action.TIME_TICK,exact,processHandleBroadcastAction action:android.intent.action.TIME_TICK,1.0,processHandleBroadcastAction action:android.intent.action.SCREEN_ON,0.7753,onReceive action: android.intent.action.SCREEN_ON,0.4879,24.97,72
597,processHandleBroadcastAction action:android.intent.action.TIME_TICK,exact,processHandleBroadcastAction action:android.intent.action.TIME_TICK,1.0,processHandleBroadcastAction action:android.intent.action.SCREEN_ON,0.7753,onReceive action: android.intent.action.SCREEN_ON,0.4879,25.06,72
598,processHandleBroadcastAction action:android.intent.action.TIME_TICK,exact,processHandleBroadcastAction action:android.intent.action.TIME_TICK,1.0,processHandleBroadcastAction action:android.intent.action.SCREEN_ON,0.7753,onReceive action: android.intent.action.SCREEN_ON,0.4879,25.07,72
599,processHandleBroadcastAction action:android.intent.action.TIME_TICK,exact,processHandleBroadcastAction action:android.intent.action.TIME_TICK,1.0,processHandleBroadcastAction action:android.intent.action.SCREEN_ON,0.7753,onReceive action: android.intent.action.SCREEN_ON,0.4879,24.84,72
600,processHandleBroadcastAction action:android.intent.action.TIME_TICK,exact,processHandleBroadcastAction action:android.intent.action.TIME_TICK,1.0,processHandleBroadcastAction action:android.intent.action.SCREEN_ON,0.7753,onReceive action: android.intent.action.SCREEN_ON,0.4879,24.97,72
