log_id,normalised,match_type,top1_template,top1_score,top2_template,top2_score,top3_template,top3_score,latency_ms,store_size
1,"NETWORK: requery, 0, 0, 0, 0, 291, items, fQueryRetries, 0, fLastRetryTimestamp, 521048893.3",exact,"NETWORK: requery, 0, 0, 0, 0, <*> items, fQueryRetries, 0, fLastRetryTimestamp, <*>",0.9971,"NETWORK: no response from server, reachability, 2, queryRetries, <*>",0.5525,-[NetworkAnalyticsEngine _writeJournalRecord:fromCellFingerprint:key:atLOI:ofKind:lqm:isFaulty:] Hashing of the primary key failed. Dropping the journal record.,0.3967,132.75,418
2,-[SFLListManager(ServiceReplyProtocol) notifyChanges:toListWithIdentifier:] Notified of item changes to list with identifier <*>,exact,-[SFLListManager(ServiceReplyProtocol) notifyChanges:toListWithIdentifier:] Notified of item changes to list with identifier com.apple.LSSharedFileList.RecentApplications<*>,1.0,-[UABestAppSuggestionManager notifyBestAppChanged:type:options:bundleIdentifier:activityType:dynamicIdentifier:when:confidence:deviceName:deviceIdentifier:deviceType:] (null) UASuggestedActionType=0 (null)/(null) opts=(null) when<*> <*> +0000 confidence=1 from=(null)/(null) (UABestAppSuggestionManager.m #319),0.4636,CCXPCService::setStreamEventHandler Registered for notification callback.,0.4262,118.26,418
3,FA||Url||taskID[2019353614] dealloc,exact,FA||Url||taskID[2019353614] dealloc,1.0,FA||Url||taskID[2019353666] dealloc,0.9975,FA||Url||taskID[2019353677] dealloc,0.997,130.55,418
4,2017-07-06 09:24:14.417 ksfetch[36728/0x7fff79824000] [lvl=2] main() ksfetch fetching URL (<NSMutableURLRequest: 0x100602220> { URL: https://<*>/service/update2?cup2hreq=f5e83ec64ff3fc5533a3c206134a6517e274f9e1cb53df857e15049b6e4c9f8e&cup2key=7:1721929288 }) to folder:/tmp/KSOutOfProcessFetcher.aPWod5QMh1/download,exact,<*> ksfetch[36728/0x7fff79824000] [lvl=2] main() ksfetch fetching URL (<NSMutableURLRequest: <*> { URL: https://<*>/service/update2?cup2hreq=f5e83ec64ff3fc5533a3c206134a6517e274f9e1cb53df857e15049b6e4c9f8e&cup2key=7:1721929288 }) to folder:/tmp/KSOutOfProcessFetcher.aPWod5QMh1/download,1.0,<*> ksfetch[32435/0x7fff79824000] [lvl=2] main() ksfetch fetching URL (<NSMutableURLRequest: <*> { URL: https://<*>/service/update2?cup2hreq=53f725cf03f511fab16f19e789ce64aa1eed72395fc246e9f1100748325002f4&cup2key=7:1132320327 }) to folder:/tmp/KSOutOfProcessFetcher.YH2CjY1tnx/download,0.9829,<*> ksfetch[35863/0x7fff79824000] [lvl=2] main() Fetcher received a request: <NSMutableURLRequest: <*> { URL: https://<*>/service/update2?cup2hreq=a7873a51b1cb55518e420d20dff47d463781ed3f7aa83c3153129eefb148070b&cup2key=7:2501762722 },0.8404,127.38,418
5,2017-07-06 09:24:14.733 GoogleSoftwareUpdateAgent[36726/0x7000002a0000] [lvl=2] -[KSMultiUpdateAction performAction] KSPromptAction had no updates to apply.,exact,<*> GoogleSoftwareUpdateAgent[36726/0x7000002a0000] [lvl=2] -[KSMultiUpdateAction performAction] KSPromptAction had no updates to apply.,1.0,"<*> GoogleSoftwareUpdateAgent[32432/0x7000002a0000] [lvl=2] -[KSUpdateEngine updateAllExceptProduct:] KSUpdateEngine updating all installed products, except:'<*>'.",0.8406,<*> GoogleSoftwareUpdateAgent[35861/0x700000323000] [lvl=2] -[KSPrefetchAction performAction] KSPrefetchAction no updates to prefetch.,0.8395,133.36,418
6,no sleep images for WillPowerOffWithImages,exact,no sleep images for WillPowerOffWithImages,1.0,hibernate image path: /var/vm/sleepimage,0.5572,"ARPT: <*> IOPMPowerSource Information: <*> SleepType: Normal Sleep, 'ExternalConnected': <*> 'TimeRemaining': <*>",0.4976,161.04,418
7,AppleCamIn::systemWakeCall - messageType = 0xE0000340,exact,AppleCamIn::systemWakeCall - messageType = <*>,0.999,AppleCamIn::handleWakeEvent_gated,0.711,AppleCamIn::wakeEventHandlerThread,0.6906,125.67,418
8,button report: 0x8002be0,partial,button report: <*>,0.9532,"pages <*> wire <*> act <*> inact <*> cleaned 0 spec <*> zf <*> throt 0, compr <*> xpmapped <*>",0.3532,**** [IOBluetoothHostControllerUSBTransport][start] -- completed -- result = TRUE -- <*> ****,0.3421,125.63,418
9,"<*>: scheduler_evaluate_activity told me to run this job; however, but the start time isn't for 12754 seconds. Ignoring.",partial,"<*>: scheduler_evaluate_activity told me to run this job; however, but the start time isn't for <*> seconds. Ignoring.",0.9435,"<*>: scheduler_evaluate_activity told me to run this job; however, but the start time isn't for 6 seconds. Ignoring.",0.9295,"<*>://DB05755C-483D-44B7-B93B-ED06E57FF420/CalDAVPrincipal/p11: scheduler_evaluate_activity told me to run this job; however, but the start time isn't for 59 seconds. Ignoring.",0.8711,122.72,418
10,ChromeExistion main isUndetectWithCommand = 1,exact,ChromeExistion main isUndetectWithCommand = 1,1.0,"ChromeExistion main strSendMsg = {""websitekey"":false,""commandkey"":true,""browserkey"":true}",0.6383,<*> GoogleSoftwareUpdateAgent[37924/0x7000002a0000] [lvl=2] -[KSUpdateCheckAction performAction] KSUpdateCheckAction starting update check for ticket(s): {( <KSTicket:0x100365950 productID=<*> version=<*> xc=<KSPathExistenceChecker:0x10036e950 path=/Applications/Google Chrome.app> serverType=Omaha url=https://<*>/service/update2 creationDate=2017-02-18 <*> tagPath=/Applications/Google Chrome.app/Contents/Info.plist tagKey=KSChannelID brandPath=/Users/xpc/Library/Google/Google Chrome Brand.plist brandKey=KSBrandID versionPath=/Applications/Google Chrome.app/Contents/Info.plist versionKey=KSVersion cohort=1:1y5: cohortName=Stable ticketVersion=1 > )} Using server: <KSOmahaServer:0x100243f20 engine=<KSUpdateEngine:0x1007161b0> >,0.4627,137.63,418
11,after trim url = https://<*>/_/chrome/newtab?rlz=1C5CHFA_enHK732HK732&espv=2&ie=UTF-8,exact,after trim url = https://<*>/_/chrome/newtab?rlz=1C5CHFA_enHK732HK732&espv=2&ie=UTF-8,1.0,"ChromeExistion main strSendMsg = {""websitekey"":false,""commandkey"":true,""browserkey"":true}",0.462,url host = www.baidu.com<*>,0.4354,123.0,418
12,send_datagram_available_ping: pid 445 failed to act on a ping it dequeued before timing out.,exact,send_datagram_available_ping: pid 445 failed to act on a ping it dequeued before timing out.,1.0,tcp_connection_destination_perform_socket_connect <*> connectx to <*>:993@0 failed: [50] Network is down,0.4792,tcp_connection_destination_perform_socket_connect <*> connectx to <*>:143@0 failed: [50] Network is down,0.4696,124.67,418
13,"ChromeExistion main strSendMsg = {""websitekey"":false,""commandkey"":true,""browserkey"":true}",exact,"ChromeExistion main strSendMsg = {""websitekey"":false,""commandkey"":true,""browserkey"":true}",1.0,ChromeExistion main isUndetectWithCommand = 1,0.6383,after trim url = https://<*>/_/chrome/newtab?rlz=1C5CHFA_enHK732HK732&espv=2&ie=UTF-8,0.462,134.51,418
14,Location icon should now be in state 'Active',exact,Location icon should now be in state 'Active',1.0,Location icon should now be in state 'Inactive',0.9243,Error returned from iconservicesagent: (null),0.4088,126.21,418
15,ChromeExistion main isUndetectWithCommand = 1,exact,ChromeExistion main isUndetectWithCommand = 1,1.0,"ChromeExistion main strSendMsg = {""websitekey"":false,""commandkey"":true,""browserkey"":true}",0.6383,<*> GoogleSoftwareUpdateAgent[37924/0x7000002a0000] [lvl=2] -[KSUpdateCheckAction performAction] KSUpdateCheckAction starting update check for ticket(s): {( <KSTicket:0x100365950 productID=<*> version=<*> xc=<KSPathExistenceChecker:0x10036e950 path=/Applications/Google Chrome.app> serverType=Omaha url=https://<*>/service/update2 creationDate=2017-02-18 <*> tagPath=/Applications/Google Chrome.app/Contents/Info.plist tagKey=KSChannelID brandPath=/Users/xpc/Library/Google/Google Chrome Brand.plist brandKey=KSBrandID versionPath=/Applications/Google Chrome.app/Contents/Info.plist versionKey=KSVersion cohort=1:1y5: cohortName=Stable ticketVersion=1 > )} Using server: <KSOmahaServer:0x100243f20 engine=<KSUpdateEngine:0x1007161b0> >,0.4627,135.05,418
16,url host = <*>,exact,url host = www.baidu.com<*>,1.0,"setting hostname to ""<*>""",0.7101,the url = http://<*>/item/%E8%93%9D%E9%87%87%E5%92%8C/462624?fr=aladdin,0.4581,133.95,418
17,the url = http://<*>/item/%E8%93%9D%E9%87%87%E5%92%8C/462624?fr=aladdin,exact,the url = http://<*>/item/%E8%93%9D%E9%87%87%E5%92%8C/462624?fr=aladdin,1.0,url host = www.baidu.com<*>,0.4581,after trim url = https://<*>/_/chrome/newtab?rlz=1C5CHFA_enHK732HK732&espv=2&ie=UTF-8,0.368,126.89,418
18,11:07:29.673 : Purged contact hashes,exact,<*> : Purged contact hashes,1.0,<*> : Finished generating hashes,0.6534,<*> : Started generating hashes,0.6507,130.79,418
19,IO80211AWDLPeerManager::setAwdlOperatingMode Setting the AWDL operation mode from AUTO to SUSPENDED,exact,IO80211AWDLPeerManager::setAwdlOperatingMode Setting the AWDL operation mode from <*> to <*>,0.9983,"IO80211AWDLPeerManager::setAwdlSuspendedMode() Suspending AWDL, enterQuietMode(true)",0.8906,IO80211AWDLPeerManager::setAwdlAutoMode Resuming AWDL,0.789,137.61,418
20,-[NETClientConnection effectiveBundleID] using process name apsd as bundle ID (this is expected for daemons without bundle ID,exact,-[NETClientConnection effectiveBundleID] using process name apsd as bundle ID (this is expected for daemons without bundle ID,1.0,-[NETClientConnection effectiveBundleID] using process name CalendarAgent as bundle ID (this is expected for daemons without bundle ID,0.7785,Daemon connection invalidated!,0.4278,123.05,418
21,ARPT: 739017.747240: ARPT: Wake Reason: Wake on Scan offload,partial,ARPT: <*> ARPT: Wake Reason: Wake on Scan offload,0.9818,ARPT: <*> ARPT: Wake Reason: Wake on TCP Timeout,0.7298,Wake reason: ARPT (Network),0.686,136.06,418
22,en0: channel changed to 1,exact,en0: channel changed to 1,1.0,en0: channel changed to 6,0.8919,"en0: channel changed to 36,+1",0.8799,125.85,418
23,AirPort: Link Up on awdl0,exact,AirPort: Link Up on awdl0,1.0,AirPort: Link Down on awdl0. Reason 1 (Unspecified).,0.8787,AirPort: Link Up on en0,0.8013,125.93,418
24,-[NETClientConnection effectiveBundleID] using process name apsd as bundle ID (this is expected for daemons without bundle ID,exact,-[NETClientConnection effectiveBundleID] using process name apsd as bundle ID (this is expected for daemons without bundle ID,1.0,-[NETClientConnection effectiveBundleID] using process name CalendarAgent as bundle ID (this is expected for daemons without bundle ID,0.7785,Daemon connection invalidated!,0.4278,126.18,418
25,network changed: DNS* Proxy,exact,network changed: DNS* Proxy,1.0,network changed: v6(en0-:2607:f140:6000:8:d8d1:d506:6046:43e4) DNS- Proxy-,0.8496,network changed: <*> DNS<*> <*> Proxy-,0.8182,133.2,418
26,"en0: channel changed to 36,+1",exact,"en0: channel changed to 36,+1",1.0,en0: channel changed to <*>,0.8859,en0: channel changed to 1,0.8799,131.67,418
27,<*>(36919) deny network-outbound /private/var/run/mDNSResponder,exact,<*>(36919) deny network-outbound /private/var/run/mDNSResponder,1.0,<*>(36227) deny network-outbound /private/var/run/mDNSResponder,0.9948,<*>(36332) deny network-outbound /private/var/run/mDNSResponder,0.993,126.9,418
28,[<*>] [Adding [<CalDAVAccountRefreshQueueableOperation: 0x7fa11d67f3b0; Sequence: 0>] to failed operations.],exact,[<*>] [Adding [<CalDAVAccountRefreshQueueableOperation: <*> Sequence: 0>] to failed operations.],0.9997,[<*>] [Account xpc_ben@163.com@https://<*>/caldav/principals/users/xpc_ben%40163.com/ timed out when executing operation: <CalDAVAccountRefreshQueueableOperation: 0x7fa11f9f2290; Sequence: 0>],0.7531,"[<*>] [Account refresh failed with error: Error Domain=CoreDAVHTTPStatusErrorDomain Code=502 ""(null)"" UserInfo={AccountName=163, CalDAVErrFromRefresh=YES, CoreDAVHTTPHeaders=<CFBasicHash <*> [0x7fff7abc1440]>{type = immutable dict, count = 5, entries => 0 : Connection = <CFString <*> [0x7fff7abc1440]>{contents = ""keep-alive""} 3 : Content-Type = text/html 4 : Content-Length = 166 5 : Server = nginx 6 : Date = <CFString <*> [0x7fff7abc1440]>{contents = ""Fri, 07 Jul <*> GMT""} } }]",0.4947,135.24,418
29,Received Capture Event,exact,Received Capture Event,1.0,CCFile::captureLog Received Capture notice id: <*> reason = AuthFail:sts:5_rsn:0,0.5165,CCFile::captureLog Received Capture notice id: <*> reason = RoamFail:sts:1_rsn:1,0.4903,180.08,418
30,"CCFile::captureLogRun Skipping current file Dir file [2017-07-06_12,00,58.629029]-AirPortBrcm4360_Logs-007.txt, Current File [2017-07-06_12,00,58.629029]-AirPortBrcm4360_Logs-007.txt",partial,CCFile::captureLogRun Skipping current file Dir file <*> Current File <*>,0.8597,CCFile::captureLog,0.7416,CCFile::captureLogRun() Exiting CCFile::captureLogRun,0.7181,135.68,418
31,ARPT: 739157.867474: wlc_dump_aggfifo:,exact,ARPT: <*> wlc_dump_aggfifo:,0.9929,ARPT: <*> wl0: setup_keepalive: Seq: <*> Ack: <*> Win size: <*>,0.5701,ARPT: <*> wl0: wl_update_tcpkeep_seq: Original Seq: <*> Ack: <*> Win size: <*>,0.5681,134.17,418
32,CCFile::captureLogRun() Exiting CCFile::captureLogRun,exact,CCFile::captureLogRun() Exiting CCFile::captureLogRun,1.0,CCFile::captureLog,0.8574,CCFile::captureLogRun Skipping current file Dir file <*> Current File <*>,0.7567,211.59,418
33,ARPT: 739163.832381: AQM agg results 0x8001 len hi/lo: 0x0 0x26 BAbitmap(0-3) 0 0 0 0,exact,ARPT: <*> AQM agg results <*> len hi/lo: <*> BAbitmap(0-3) 0 0 0 0,0.9974,ARPT: <*> AQM agg params <*> maxlen hi/lo <*> minlen <*> adjlen <*>,0.7812,ARPT: <*> wlc_dump_aggfifo:,0.461,130.42,418
34,IO80211AWDLPeerManager::setAwdlAutoMode Resuming AWDL,exact,IO80211AWDLPeerManager::setAwdlAutoMode Resuming AWDL,1.0,IO80211AWDLPeerManager::setAwdlOperatingMode Setting the AWDL operation mode from <*> to <*>,0.7934,"IO80211AWDLPeerManager::setAwdlSuspendedMode() Suspending AWDL, enterQuietMode(true)",0.7902,132.15,418
35,nw_nat64_post_new_ifstate successfully changed NAT64 ifstate from 0x4 to 0x8000000000000000,exact,nw_nat64_post_new_ifstate successfully changed NAT64 ifstate from <*> to <*>,0.9997,en0::IO80211Interface::postMessage bssid changed,0.4405,host connection <NSXPCConnection: 0x7fddbbb015c0> connection from pid <*> invalidated,0.4224,209.48,418
36,network changed: v6(en0-:2607:f140:6000:8:c6b3:1ff:fecd:467f) DNS- Proxy-,exact,network changed: <*> DNS<*> <*> Proxy-,0.9902,network changed: v6(en0-:2607:f140:6000:8:d8d1:d506:6046:43e4) DNS- Proxy-,0.9309,network changed: <*> DNS<*> Proxy SMB,0.8469,134.73,418
37,CCFile::captureLogRun() Exiting CCFile::captureLogRun,exact,CCFile::captureLogRun() Exiting CCFile::captureLogRun,1.0,CCFile::captureLog,0.8574,CCFile::captureLogRun Skipping current file Dir file <*> Current File <*>,0.7567,125.6,418
38,"CCFile::captureLogRun Skipping current file Dir file [2017-07-06_12,03,00.133649]-CCIOReporter-028.xml, Current File [2017-07-06_12,03,00.133649]-CCIOReporter-028.xml",partial,CCFile::captureLogRun Skipping current file Dir file <*> Current File <*>,0.8803,CCFile::captureLogRun() Exiting CCFile::captureLogRun,0.7805,CCFile::captureLog,0.7517,136.92,418
39,ARPT: 739241.687186: AQM agg results 0x8001 len hi/lo: 0x0 0x26 BAbitmap(0-3) 0 0 0 0,exact,ARPT: <*> AQM agg results <*> len hi/lo: <*> BAbitmap(0-3) 0 0 0 0,0.9987,ARPT: <*> AQM agg params <*> maxlen hi/lo <*> minlen <*> adjlen <*>,0.7732,ARPT: <*> wlc_dump_aggfifo:,0.447,132.75,418
40,CCIOReporterFormatter::addRegistryChildToChannelDictionary streams 7,exact,CCIOReporterFormatter::addRegistryChildToChannelDictionary streams 7,1.0,CCIOReporterFormatter::refreshSubscriptionsFromStreamRegistry clearing out any previous subscriptions,0.5591,CCProfileMonitor::setStreamEventHandler,0.4634,134.58,418
41,"CCFile::captureLogRun Skipping current file Dir file [2017-07-06_12,03,02.449748]-AirPortBrcm4360_Logs-037.txt, Current File [2017-07-06_12,03,02.449748]-AirPortBrcm4360_Logs-037.txt",partial,CCFile::captureLogRun Skipping current file Dir file <*> Current File <*>,0.9041,CCFile::captureLog,0.7439,CCFile::captureLogRun() Exiting CCFile::captureLogRun,0.7155,131.2,418
42,"CCFile::captureLog Received Capture notice id: 1499367785.097211, reason = AuthFail:sts:5_rsn:0",exact,CCFile::captureLog Received Capture notice id: <*> reason = AuthFail:sts:5_rsn:0,0.9982,CCFile::captureLog Received Capture notice id: <*> reason = RoamFail:sts:1_rsn:1,0.9097,CCFile::captureLog,0.7905,210.14,418
43,dnssd_clientstub ConnectToServer: connect()-> No of tries: 1,exact,dnssd_clientstub ConnectToServer: connect()-> No of tries: <*>,0.9992,dnssd_clientstub ConnectToServer: connect() failed path:/var/run/mDNSResponder Socket:4 Err:-1 Errno:1 Operation not permitted,0.8397,[0706/011106:WARNING:dns_config_service_posix.cc(306)] Failed to read DnsConfig.,0.5321,149.12,418
44,__42-[NETClientConnection evaluateCrazyIvan46]_block_invoke CI46 - Hit by torpedo! QQ.10018 tc24039 <*>:8080,exact,__42-[NETClientConnection evaluateCrazyIvan46]_block_invoke CI46 - Hit by torpedo! QQ.<*> tc<*> <*>,0.9911,__42-[NETClientConnection evaluateCrazyIvan46]_block_invoke CI46 - Hit by torpedo! NeteaseMusic.17988 <*> <*>:80,0.8304,-[NETClientConnection evaluateCrazyIvan46] CI46 - Perform CrazyIvan46! QQ.<*> tc<*> <*>:80,0.7885,118.09,418
45,[0706/120312:WARNING:dns_config_service_posix.cc(306)] Failed to read DnsConfig.,exact,[0706/120312:WARNING:dns_config_service_posix.cc(306)] Failed to read DnsConfig.,1.0,[0706/011106:WARNING:dns_config_service_posix.cc(306)] Failed to read DnsConfig.,0.9953,[0701/114930:WARNING:dns_config_service_posix.cc(306)] Failed to read DnsConfig.,0.993,130.04,418
46,ARPT: 739253.582611: wlc_dump_aggfifo:,exact,ARPT: <*> wlc_dump_aggfifo:,0.9917,ARPT: <*> wl0: setup_keepalive: Seq: <*> Ack: <*> Win size: <*>,0.5815,ARPT: <*> wl0: wl_update_tcpkeep_seq: Original Seq: <*> Ack: <*> Win size: <*>,0.5779,232.62,418
47,"CCFile::captureLog Received Capture notice id: 1499367792.155080, reason = AuthFail:sts:5_rsn:0",exact,CCFile::captureLog Received Capture notice id: <*> reason = AuthFail:sts:5_rsn:0,0.9979,CCFile::captureLog Received Capture notice id: <*> reason = RoamFail:sts:1_rsn:1,0.9075,CCFile::captureLog,0.7973,121.76,418
48,"CCFile::captureLogRun Skipping current file Dir file [2017-07-06_12,03,12.289973]-CCIOReporter-041.xml, Current File [2017-07-06_12,03,12.289973]-CCIOReporter-041.xml",partial,CCFile::captureLogRun Skipping current file Dir file <*> Current File <*>,0.9054,CCFile::captureLogRun() Exiting CCFile::captureLogRun,0.7786,CCFile::captureLog,0.7475,314.06,418
49,AppleThunderboltNHIType2::waitForOk2Go2Sx - retries = 5,exact,AppleThunderboltNHIType2::waitForOk2Go2Sx - retries = <*>,0.9945,AppleThunderboltNHIType2::waitForOk2Go2Sx - intel_rp = 1 dlla_reporting_supported = 0,0.7938,AppleThunderboltGenericHAL::earlyWake - complete - took <*> milliseconds,0.6183,118.84,418
50,IO80211AWDLPeerManager::setAwdlOperatingMode Setting the AWDL operation mode from AUTO to SUSPENDED,exact,IO80211AWDLPeerManager::setAwdlOperatingMode Setting the AWDL operation mode from <*> to <*>,0.999,"IO80211AWDLPeerManager::setAwdlSuspendedMode() Suspending AWDL, enterQuietMode(true)",0.8906,IO80211AWDLPeerManager::setAwdlAutoMode Resuming AWDL,0.789,139.26,418
51,"ARPT: 739295.354731: wl0: Roamed or switched channel, reason #4, bssid f8:4f:57:3b:ea:b2, last RSSI -77",partial,"ARPT: <*> wl0: Roamed or switched channel, reason <*> bssid <*> last RSSI <*>",0.9876,ARPT: <*> wl0: wl_update_tcpkeep_seq: Original Seq: <*> Ack: <*> Win size: <*>,0.6269,ARPT: <*> wl0: leaveModulePoweredForOffloads: Wi-Fi will stay on.,0.6157,133.83,418
52,en0: BSSID changed to f8:4f:57:3b:ea:b2,exact,en0: BSSID changed to f8:4f:57:3b:ea:b2,1.0,en0: BSSID changed to 64:d9:89:6b:b5:33,0.9189,en0: BSSID changed to 00:a2:ee:1a:71:8c,0.9013,133.88,418
53,in6_unlink_ifa: IPv6 address 0x77c911454f1523ab has no prefix,exact,in6_unlink_ifa: IPv6 address <*> has no prefix,0.995,ARPT: <*> wl0: MDNS: IPV6 Addr: <*>,0.5227,ARPT: <*> wl0: MDNS: IPV6 Addr: fe<*>,0.5082,133.37,418
54,tcp_connection_tls_session_error_callback_imp 2375 __tcp_connection_tls_session_callback_write_block_invoke.434 error 22,exact,tcp_connection_tls_session_error_callback_imp <*> __tcp_connection_tls_session_callback_write_block_invoke.434 error 22,0.9981,tcp_connection_tls_session_error_callback_imp <*> tcp_connection_tls_session_handle_read_error.790 error 60,0.8462,tcp_connection_destination_handle_tls_close_notify 111 closing socket due to TLS CLOSE_NOTIFY alert,0.5631,131.73,418
55,"ARPT: 739357.156234: wl0: setup_keepalive: Seq: 1852166454, Ack: 1229910694, Win size: 4096",exact,ARPT: <*> wl0: setup_keepalive: Seq: <*> Ack: <*> Win size: <*>,0.9944,ARPT: <*> wl0: setup_keepalive: Local port: <*> Remote port: <*>,0.8005,ARPT: <*> wl0: setup_keepalive: Local IP: <*>,0.791,151.4,418
56,ARPT: 739359.663674: wl0: leaveModulePoweredForOffloads: Wi-Fi will stay on.,exact,ARPT: <*> wl0: leaveModulePoweredForOffloads: Wi-Fi will stay on.,0.9956,"ARPT: <*> wl0: Roamed or switched channel, reason <*> bssid <*> last RSSI <*>",0.6556,ARPT: <*> wl0: setup_keepalive: Local IP: <*>,0.6375,134.44,418
57,en0: BSSID changed to 88:75:56:a0:95:ed,exact,en0: BSSID changed to 88:75:56:a0:95:ed,1.0,en0: BSSID changed to 00:a2:ee:1a:71:8c,0.9348,en0: BSSID changed to <*>,0.9204,139.68,418
58,ARPT: 739420.595498: AirPort_Brcm43xx::syncPowerState: WWEN[enabled],exact,ARPT: <*> AirPort_Brcm43xx::syncPowerState: WWEN[enabled],0.9961,ARPT: <*> AirPort_Brcm43xx::platformWoWEnable: WWEN[enable],0.9157,ARPT: <*> AirPort_Brcm43xx::platformWoWEnable: WWEN[disable],0.8731,172.02,418
59,ARPT: 739481.576701: wl0: MDNS: IPV6 Addr: 2607:f140:6000:8:c6b3:1ff:fecd:467f,exact,ARPT: <*> wl0: MDNS: IPV6 Addr: fe<*>,0.9931,ARPT: <*> wl0: MDNS: IPV6 Addr: <*>,0.9381,ARPT: <*> wl0: MDNS: IPV4 Addr: <*>,0.8407,123.08,418
60,ARPT: 739549.504820: AirPort_Brcm43xx::powerChange: System Wake - Full Wake/ Dark Wake / Maintenance wake,exact,ARPT: <*> AirPort_Brcm43xx::powerChange: System Wake - Full Wake/ Dark Wake / Maintenance wake,0.995,ARPT: <*> AirPort_Brcm43xx::powerChange: System Sleep,0.8772,ARPT: <*> AirPort_Brcm43xx::syncPowerState: WWEN[enabled],0.7241,134.06,418
61,ARPT: 739605.015490: wl0: MDNS: IPV6 Addr: 2607:f140:6000:8:cc53:3e31:ccd8:11d4,partial,ARPT: <*> wl0: MDNS: IPV6 Addr: <*>,0.9879,ARPT: <*> wl0: MDNS: IPV6 Addr: fe<*>,0.9276,ARPT: <*> wl0: MDNS: IPV4 Addr: <*>,0.9012,199.91,418
62,Previous sleep cause: 5,exact,Previous sleep cause: 5,1.0,Wake reason: EC.SleepTimer (SleepTimer),0.4608,Wake reason: ?,0.4587,200.48,418
63,ARPT: 739668.778627: AirPort_Brcm43xx::powerChange: System Sleep,exact,ARPT: <*> AirPort_Brcm43xx::powerChange: System Sleep,0.9954,ARPT: <*> AirPort_Brcm43xx::powerChange: System Wake - Full Wake/ Dark Wake / Maintenance wake,0.8829,ARPT: <*> AirPort_Brcm43xx::syncPowerState: WWEN[enabled],0.7753,134.92,418
64,tcp_connection_destination_perform_socket_connect 45238 connectx to <*>:993@0 failed: [50] Network is down,exact,tcp_connection_destination_perform_socket_connect <*> connectx to <*>:993@0 failed: [50] Network is down,1.0,tcp_connection_destination_perform_socket_connect <*> connectx to <*>:143@0 failed: [50] Network is down,0.9088,tcp_connection_destination_perform_socket_connect <*> connectx to <*>:80@0 failed: [50] Network is down,0.8651,132.18,418
65,tcp_connection_handle_connect_conditions_bad 24150 failed: 3 - No network route,partial,tcp_connection_handle_connect_conditions_bad <*> failed: 3 - No network route,0.956,tcp_connection_destination_perform_socket_connect <*> connectx to <*>:143@0 failed: [50] Network is down,0.6055,tcp_connection_destination_perform_socket_connect <*> connectx to <*>:8080@0 failed: [51] Network is unreachable,0.6016,125.98,418
66,hibernate_rebuild started,exact,hibernate_rebuild started,1.0,hibernate_rebuild completed - took <*> msecs,0.7145,hibernate_teardown completed - discarded <*>,0.6481,140.99,418
67,INIT -- Host controller is published,exact,INIT -- Host controller is published,1.0,Host controller terminated,0.6003,hibernate_machine_init reading,0.4026,131.74,418
68,Received Capture Event,exact,Received Capture Event,1.0,CCFile::captureLog Received Capture notice id: <*> reason = AuthFail:sts:5_rsn:0,0.5162,CCFile::captureLog Received Capture notice id: <*> reason = RoamFail:sts:1_rsn:1,0.4903,133.78,418
69,CCFile::captureLogRun() Exiting CCFile::captureLogRun,exact,CCFile::captureLogRun() Exiting CCFile::captureLogRun,1.0,CCFile::captureLog,0.8574,CCFile::captureLogRun Skipping current file Dir file <*> Current File <*>,0.7807,212.89,418
70,[<*>] [Adding [<CalDAVAccountRefreshQueueableOperation: 0x7fa11d67f3b0; Sequence: 0>] to failed operations.],exact,[<*>] [Adding [<CalDAVAccountRefreshQueueableOperation: <*> Sequence: 0>] to failed operations.],0.9998,[<*>] [Account xpc_ben@163.com@https://<*>/caldav/principals/users/xpc_ben%40163.com/ timed out when executing operation: <CalDAVAccountRefreshQueueableOperation: 0x7fa11f9f2290; Sequence: 0>],0.7531,"[<*>] [Account refresh failed with error: Error Domain=CoreDAVHTTPStatusErrorDomain Code=502 ""(null)"" UserInfo={AccountName=163, CalDAVErrFromRefresh=YES, CoreDAVHTTPHeaders=<CFBasicHash <*> [0x7fff7abc1440]>{type = immutable dict, count = 5, entries => 0 : Connection = <CFString <*> [0x7fff7abc1440]>{contents = ""keep-alive""} 3 : Content-Type = text/html 4 : Content-Length = 166 5 : Server = nginx 6 : Date = <CFString <*> [0x7fff7abc1440]>{contents = ""Fri, 07 Jul <*> GMT""} } }]",0.4947,210.11,418
71,Received Capture Event,exact,Received Capture Event,1.0,CCFile::captureLog Received Capture notice id: <*> reason = AuthFail:sts:5_rsn:0,0.5162,CCFile::captureLog Received Capture notice id: <*> reason = RoamFail:sts:1_rsn:1,0.4903,136.73,418
72,"CCFile::captureLogRun Skipping current file Dir file [2017-07-06_14,15,59.644892]-CCIOReporter-007.xml, Current File [2017-07-06_14,15,59.644892]-CCIOReporter-007.xml",partial,CCFile::captureLogRun Skipping current file Dir file <*> Current File <*>,0.9273,CCFile::captureLogRun() Exiting CCFile::captureLogRun,0.7819,CCFile::captureLog,0.7452,134.39,418
73,"CCFile::captureLogRun Skipping current file Dir file [2017-07-06_14,15,59.726497]-io80211Family-008.pcapng, Current File [2017-07-06_14,15,59.726497]-io80211Family-008.pcapng",partial,CCFile::captureLogRun Skipping current file Dir file <*> Current File <*>,0.9695,CCFile::captureLogRun() Exiting CCFile::captureLogRun,0.7426,CCFile::captureLog,0.7271,195.0,418
74,14:16:06.179 : Scanning mode Contacts Only,partial,<*> : Scanning mode Contacts Only,0.9039,<*> : BTLE scanning started,0.5175,<*> : Discoverable mode changed to Off,0.4864,237.71,418
75,Sandbox: <*>(37034) deny(1) network-outbound /private/var/run/mDNSResponder,exact,Sandbox: com.apple.Addres<*> deny(1) network-outbound /private/var/run/mDNSResponder,0.9983,<*>(38179) deny network-outbound /private/var/run/mDNSResponder,0.9061,<*>(36491) deny network-outbound /private/var/run/mDNSResponder,0.9039,131.56,418
76,"Service ""<*>"" tried to hijack endpoint ""<*>"" from owner: <*>",exact,"Service ""<*>"" tried to hijack endpoint ""<*>"" from owner: com.apple.SystemUIServer.agent<*>",1.0,Service exited with abnormal code: 1,0.5965,ARPT: <*> wl0: setup_keepalive: Local IP: <*>,0.446,132.67,418
77,"ARPT: 740034.911245: wl0: setup_keepalive: interval 900, retry_interval 30, retry_count 10",partial,"ARPT: <*> wl0: setup_keepalive: interval 900, retry_interval 30, retry_count 10",0.9879,ARPT: <*> wl0: setup_keepalive: Local port: <*> Remote port: <*>,0.7654,ARPT: <*> wl0: setup_keepalive: Local IP: <*>,0.7471,164.56,418
78,AppleCamIn::systemWakeCall - messageType = 0xE0000340,exact,AppleCamIn::systemWakeCall - messageType = <*>,0.9993,AppleCamIn::handleWakeEvent_gated,0.711,AppleCamIn::wakeEventHandlerThread,0.6906,138.27,418
79,"USBMSC Identifier (non-unique): 000000000820 0x5ac 0x8406 0x820, 3",exact,USBMSC Identifier (non-unique): <*> 3,1.0,device_generate_desktop_screenshot: authw <*> shield <*>,0.4438,ARPT: <*> framerdy <*> bmccmd 3 framecnt <*>,0.4282,133.15,418
80,dnssd_clientstub ConnectToServer: connect() failed path:/var/run/mDNSResponder Socket:4 Err:-1 Errno:1 Operation not permitted,exact,dnssd_clientstub ConnectToServer: connect() failed path:/var/run/mDNSResponder Socket:4 Err:-1 Errno:1 Operation not permitted,1.0,dnssd_clientstub ConnectToServer: connect()-> No of tries: <*>,0.841,[0706/011106:WARNING:dns_config_service_posix.cc(306)] Failed to read DnsConfig.,0.5716,154.86,418
81,"PM response took 1999 ms (54, powerd)",partial,"PM response took <*> ms (54, powerd)",0.8878,PM response took 129 ms <*> QQ),0.6347,PM response took 113 ms <*> WeChat),0.5451,123.72,418
82,"en0: channel changed to 36,+1",exact,"en0: channel changed to 36,+1",1.0,en0: channel changed to <*>,0.8859,en0: channel changed to 1,0.8799,126.24,418
83,"RTC: Maintenance 2017/7/6 21:56:47, sleep 2017/7/6 21:44:10",exact,RTC: Maintenance <*> sleep <*>,0.9978,Wake reason: RTC (Alarm),0.5717,wake time set <*> s,0.5206,160.3,418
84,Previous sleep cause: 5,exact,Previous sleep cause: 5,1.0,Wake reason: EC.SleepTimer (SleepTimer),0.4608,Wake reason: ?,0.4587,127.81,418
85,2017-07-06 14:57:16.261 ksfetch[37061/0x7fff79824000] [lvl=2] KSHelperReceiveAllData() KSHelperTool read 1999 bytes from stdin.,exact,<*> ksfetch[37061/0x7fff79824000] [lvl=2] KSHelperReceiveAllData() KSHelperTool read <*> bytes from stdin.,1.0,<*> ksfetch[37925/0x7fff79824000] [lvl=2] KSHelperReceiveAllData() KSHelperTool read <*> bytes from stdin.,0.9537,<*> ksfetch[32776/0x7fff79824000] [lvl=2] KSHelperReceiveAllData() KSHelperTool read <*> bytes from stdin.,0.9491,247.05,418
86,"2017-07-06 14:57:16.661 GoogleSoftwareUpdateAgent[37059/0x7000002a0000] [lvl=2] -[KSOutOfProcessFetcher(PrivateMethods) helperDidTerminate:] KSOutOfProcessFetcher fetch ended for URL: ""https://<*>/service/update2?cup2hreq=37fbcb7ab6829be04567976e3212d7a67627aef11546f8b7013d4cffaf51f739&cup2key=7:4200177539""",exact,"<*> GoogleSoftwareUpdateAgent[37059/0x7000002a0000] [lvl=2] -[KSOutOfProcessFetcher(PrivateMethods) helperDidTerminate:] KSOutOfProcessFetcher fetch ended for URL: ""https://<*>/service/update2?cup2hreq=37fbcb7ab6829be04567976e3212d7a67627aef11546f8b7013d4cffaf51f739&cup2key=7:4200177539""",1.0,"<*> GoogleSoftwareUpdateAgent[35861/0x700000323000] [lvl=2] -[KSOutOfProcessFetcher(PrivateMethods) helperDidTerminate:] KSOutOfProcessFetcher fetch ended for URL: ""https://<*>/service/update2?cup2hreq=d297a7e5b56d6bd4faa75860fff6e485c301bf4e943a561afff6c8b3707ce948&cup2key=7:2988503627""",0.9964,"<*> GoogleSoftwareUpdateAgent[35018/0x7000002a0000] [lvl=2] -[KSOutOfProcessFetcher(PrivateMethods) helperDidTerminate:] KSOutOfProcessFetcher fetch ended for URL: ""https://<*>/service/update2?cup2hreq=a70d6372a4e45a6cbba61cd7f057c79bf73c79db1b1951dc17c605e870f0419b&cup2key=7:934679018""",0.9929,140.46,418
87,2017-07-06 14:57:16.667 GoogleSoftwareUpdateAgent[37059/0x7000002a0000] [lvl=2] -[KSAgentApp(KeystoneDelegate) updateEngineFinishedWithErrors:] Keystone finished: errors=0,exact,<*> GoogleSoftwareUpdateAgent[37059/0x7000002a0000] [lvl=2] -[KSAgentApp(KeystoneDelegate) updateEngineFinishedWithErrors:] Keystone finished: errors=0,1.0,<*> GoogleSoftwareUpdateAgent[39159/0x7000002a0000] [lvl=2] -[KSAgentApp(KeystoneDelegate) updateEngineFinishedWithErrors:] Keystone finished: errors=0,0.9979,"<*> GoogleSoftwareUpdateAgent[35018/0x7000002a0000] [lvl=2] -[KSOutOfProcessFetcher(PrivateMethods) helperDidTerminate:] KSOutOfProcessFetcher fetch ended for URL: ""https://<*>/service/update2?cup2hreq=a70d6372a4e45a6cbba61cd7f057c79bf73c79db1b1951dc17c605e870f0419b&cup2key=7:934679018""",0.7495,122.61,418
88,"ARPT: 740174.102665: wl0: MDNS: 0 SRV Recs, 0 TXT Recs",partial,"ARPT: <*> wl0: MDNS: 0 SRV Recs, 0 TXT Recs",0.9838,ARPT: <*> wl0: MDNS: IPV4 Addr: <*>,0.7517,ARPT: <*> wl0: MDNS: IPV6 Addr: fe<*>,0.7062,124.59,418
89,Thermal pressure state: 1 Memory pressure state: 0,exact,Thermal pressure state: <*> Memory pressure state: 0,0.9917,Session <*> destroyed,0.2646,"Opened file /var/vm/sleepimage, size <*> extents 3, maxio <*> ssd 1",0.2522,134.82,418
90,AppleThunderboltNHIType2::prePCIWake - power up complete - took 1 us,exact,AppleThunderboltNHIType2::prePCIWake - power up complete - took <*> us,0.9949,AppleThunderboltGenericHAL::earlyWake - complete - took <*> milliseconds,0.6377,AppleThunderboltNHIType2::waitForOk2Go2Sx - retries = <*>,0.5369,121.57,418
91,ARPT: 740226.968934: AirPort_Brcm43xx::platformWoWEnable: WWEN[disable],partial,ARPT: <*> AirPort_Brcm43xx::platformWoWEnable: WWEN[enable],0.9684,ARPT: <*> AirPort_Brcm43xx::platformWoWEnable: WWEN[disable],0.9523,ARPT: <*> AirPort_Brcm43xx::syncPowerState: WWEN[enabled],0.8931,133.73,418
92,ARPT: 740345.497593: AirPort_Brcm43xx::syncPowerState: WWEN[enabled],partial,ARPT: <*> AirPort_Brcm43xx::syncPowerState: WWEN[enabled],0.9897,ARPT: <*> AirPort_Brcm43xx::platformWoWEnable: WWEN[enable],0.9123,ARPT: <*> AirPort_Brcm43xx::platformWoWEnable: WWEN[disable],0.8626,152.8,418
93,IOThunderboltSwitch<0>(0x0)::listenerCallback - Thunderbolt HPD packet for route = 0x0 port = 11 unplug = 0,exact,IOThunderboltSwitch<0>(0x0)::listenerCallback - Thunderbolt HPD packet for route = <*> port = <*> unplug = 0,0.9974,AppleThunderboltNHIType2::waitForOk2Go2Sx - intel_rp = 1 dlla_reporting_supported = 0,0.4178,[HID] [ATC] AppleDeviceManagementHIDEventService::processWakeReason Wake reason: Host (0x01),0.4163,201.97,418
94,in6_unlink_ifa: IPv6 address 0x77c911454f152b8b has no prefix,exact,in6_unlink_ifa: IPv6 address <*> has no prefix,0.9962,ARPT: <*> wl0: MDNS: IPV6 Addr: <*>,0.5139,ARPT: <*> wl0: MDNS: IPV6 Addr: fe<*>,0.4984,141.49,418
95,ARPT: 740352.115529: AirPort_Brcm43xx::platformWoWEnable: WWEN[enable],partial,ARPT: <*> AirPort_Brcm43xx::platformWoWEnable: WWEN[enable],0.987,ARPT: <*> AirPort_Brcm43xx::platformWoWEnable: WWEN[disable],0.9211,ARPT: <*> AirPort_Brcm43xx::syncPowerState: WWEN[enabled],0.9078,124.77,418
96,AppleThunderboltNHIType2::prePCIWake - power up complete - took 1 us,exact,AppleThunderboltNHIType2::prePCIWake - power up complete - took <*> us,0.9968,AppleThunderboltGenericHAL::earlyWake - complete - took <*> milliseconds,0.6377,AppleThunderboltNHIType2::waitForOk2Go2Sx - retries = <*>,0.5369,187.54,418
97,Previous sleep cause: 5,exact,Previous sleep cause: 5,1.0,Wake reason: EC.SleepTimer (SleepTimer),0.4608,Wake reason: ?,0.4587,137.43,418
98,-[UABestAppSuggestionManager notifyBestAppChanged:type:options:bundleIdentifier:activityType:dynamicIdentifier:when:confidence:deviceName:deviceIdentifier:deviceType:] (null) UASuggestedActionType=0 (null)/(null) opts=(null) when=2017-07-06 23:12:15 +0000 confidence=1 from=(null)/(null) (UABestAppSuggestionManager.m #319),exact,-[UABestAppSuggestionManager notifyBestAppChanged:type:options:bundleIdentifier:activityType:dynamicIdentifier:when:confidence:deviceName:deviceIdentifier:deviceType:] (null) UASuggestedActionType=0 (null)/(null) opts=(null) when<*> <*> +0000 confidence=1 from=(null)/(null) (UABestAppSuggestionManager.m #319),0.9998,-[SFLListManager(ServiceReplyProtocol) notifyChanges:toListWithIdentifier:] Notified of item changes to list with identifier com.apple.LSSharedFileList.RecentApplications<*>,0.4651,[BluetoothHIDDeviceController] <*>,0.4373,136.91,418
99,AppleCamIn::handleWakeEvent_gated,exact,AppleCamIn::handleWakeEvent_gated,1.0,AppleCamIn::wakeEventHandlerThread,0.7262,AppleCamIn::systemWakeCall - messageType = <*>,0.7083,142.02,418
100,IOThunderboltSwitch<0>(0x0)::listenerCallback - Thunderbolt HPD packet for route = 0x0 port = 11 unplug = 0,exact,IOThunderboltSwitch<0>(0x0)::listenerCallback - Thunderbolt HPD packet for route = <*> port = <*> unplug = 0,0.9985,AppleThunderboltNHIType2::waitForOk2Go2Sx - intel_rp = 1 dlla_reporting_supported = 0,0.4178,[HID] [ATC] AppleDeviceManagementHIDEventService::processWakeReason Wake reason: Host (0x01),0.4163,119.13,418
101,Thermal pressure state: 0 Memory pressure state: 0,partial,Thermal pressure state: <*> Memory pressure state: 0,0.9871,en0: BSSID changed to 0c:68:03:d6:c5:1c,0.2702,IOHibernatePollerOpen(0),0.2652,254.84,418
102,AppleCamIn::wakeEventHandlerThread,exact,AppleCamIn::wakeEventHandlerThread,1.0,AppleCamIn::handleWakeEvent_gated,0.7262,AppleCamIn::systemWakeCall - messageType = <*>,0.6907,125.63,418
103,__73-[NetworkAnalyticsEngine observeValueForKeyPath:ofObject:change:context:]_block_invoke unexpected switch value 2,exact,__73-[NetworkAnalyticsEngine observeValueForKeyPath:ofObject:change:context:]_block_invoke unexpected switch value 2,1.0,-[NetworkAnalyticsEngine _writeJournalRecord:fromCellFingerprint:key:atLOI:ofKind:lqm:isFaulty:] Hashing of the primary key failed. Dropping the journal record.,0.5176,__42-[NETClientConnection evaluateCrazyIvan46]_block_invoke CI46 - Hit by torpedo! QQ.<*> tc<*> <*>,0.4286,159.15,418
104,ARPT: 740501.982555: wl0: MDNS: IPV6 Addr: fe80:0:0:0:c6b3:1ff:fecd:467f,partial,ARPT: <*> wl0: MDNS: IPV6 Addr: fe<*>,0.9819,ARPT: <*> wl0: MDNS: IPV6 Addr: <*>,0.927,ARPT: <*> wl0: MDNS: IPV4 Addr: <*>,0.869,131.98,418
105,ARPT: 740504.547655: AirPort_Brcm43xx::syncPowerState: WWEN[enabled],partial,ARPT: <*> AirPort_Brcm43xx::syncPowerState: WWEN[enabled],0.9898,ARPT: <*> AirPort_Brcm43xx::platformWoWEnable: WWEN[enable],0.9104,ARPT: <*> AirPort_Brcm43xx::platformWoWEnable: WWEN[disable],0.8644,136.74,418
106,RTC: PowerByCalendarDate setting ignored,exact,RTC: PowerByCalendarDate setting ignored,1.0,RTC: Maintenance <*> sleep <*>,0.4579,"ARPT: <*> IOPMPowerSource Information: onSleep, SleepType: Standby, 'ExternalConnected': No, 'TimeRemaining': 578,",0.4482,148.26,418
107,__42-[NETClientConnection evaluateCrazyIvan46]_block_invoke CI46 - Hit by torpedo! QQ.10018 tc24283 <*>:80,exact,__42-[NETClientConnection evaluateCrazyIvan46]_block_invoke CI46 - Hit by torpedo! QQ.<*> tc<*> <*>,0.9937,__42-[NETClientConnection evaluateCrazyIvan46]_block_invoke CI46 - Hit by torpedo! NeteaseMusic.17988 <*> <*>:80,0.8344,-[NETClientConnection evaluateCrazyIvan46] CI46 - Perform CrazyIvan46! QQ.<*> tc<*> <*>:80,0.7899,130.14,418
108,-[NetworkAnalyticsEngine _writeJournalRecord:fromCellFingerprint:key:atLOI:ofKind:lqm:isFaulty:] Hashing of the primary key failed. Dropping the journal record.,exact,-[NetworkAnalyticsEngine _writeJournalRecord:fromCellFingerprint:key:atLOI:ofKind:lqm:isFaulty:] Hashing of the primary key failed. Dropping the journal record.,1.0,__73-[NetworkAnalyticsEngine observeValueForKeyPath:ofObject:change:context:]_block_invoke unexpected switch value 2,0.5176,doSaveChannels@286: Will write to: <*> - AuthFail:sts:5_rsn:0.xml,0.4278,128.91,418
109,CCFile::captureLogRun() Exiting CCFile::captureLogRun,exact,CCFile::captureLogRun() Exiting CCFile::captureLogRun,1.0,CCFile::captureLog,0.8574,CCFile::captureLogRun Skipping current file Dir file <*> Current File <*>,0.784,130.05,418
110,CCFile::captureLogRun() Exiting CCFile::captureLogRun,exact,CCFile::captureLogRun() Exiting CCFile::captureLogRun,1.0,CCFile::captureLog,0.8574,CCFile::captureLogRun Skipping current file Dir file <*> Current File <*>,0.784,121.17,418
111,nw_nat64_post_new_ifstate successfully changed NAT64 ifstate from 0x8000000000000000 to 0x4,exact,nw_nat64_post_new_ifstate successfully changed NAT64 ifstate from <*> to <*>,0.9995,en0::IO80211Interface::postMessage bssid changed,0.4332,host connection <NSXPCConnection: 0x7fddbbb015c0> connection from pid <*> invalidated,0.4181,123.77,418
112,Thermal pressure state: 0 Memory pressure state: 0,exact,Thermal pressure state: <*> Memory pressure state: 0,0.9917,en0: BSSID changed to 0c:68:03:d6:c5:1c,0.2702,IOHibernatePollerOpen(0),0.2652,121.11,418
113,in6_unlink_ifa: IPv6 address 0x77c911453a6db3ab has no prefix,partial,in6_unlink_ifa: IPv6 address <*> has no prefix,0.9859,ARPT: <*> wl0: MDNS: IPV6 Addr: <*>,0.5179,ARPT: <*> wl0: MDNS: IPV6 Addr: fe<*>,0.5078,148.32,418
114,Thermal pressure state: 1 Memory pressure state: 0,partial,Thermal pressure state: <*> Memory pressure state: 0,0.9887,Session <*> destroyed,0.2646,"Opened file /var/vm/sleepimage, size <*> extents 3, maxio <*> ssd 1",0.2522,129.76,418
115,"ARPT: 740631.402908: IOPMPowerSource Information: onWake, SleepType: Normal Sleep, 'ExternalConnected': No, 'TimeRemaining': 5802,",partial,"ARPT: <*> IOPMPowerSource Information: <*> SleepType: Normal Sleep, 'ExternalConnected': <*> 'TimeRemaining': <*>",0.979,"ARPT: <*> IOPMPowerSource Information: onSleep, SleepType: Standby, 'ExternalConnected': No, 'TimeRemaining': 578,",0.946,ARPT: <*> AirPort_Brcm43xx::powerChange: System Sleep,0.648,137.22,418
116,17:23:43.193 : Scanning mode Contacts Only,partial,<*> : Scanning mode Contacts Only,0.9893,<*> : Discoverable mode changed to Off,0.526,<*> : BTLE scanning started,0.5158,128.44,418
117,"DB Error: 1 ""no such table: tb_c2cMsg_2658655094""",exact,"DB Error: 1 ""no such table: tb_c<*>",0.997,Got an XPC error: Connection invalid,0.4284,assertion failed: <*> com.apple.telemetry<*> + <*> [10D2E324-788C-30CC-A749-55AE67AEC7BC]: <*>,0.3442,131.0,418
118,"Path not allowed in target domain: type = pid, path = /System/Library/StagedFrameworks/Safari/SafariShared.framework/Versions/A/XPCServices/<*>/Contents/MacOS/<*> error = 147: The specified service did not ship in the requestor's bundle, origin = /System/Library/StagedFrameworks/Safari/WebKit.framework/Versions/A/XPCServices/<*>",exact,"Path not allowed in target domain: type = pid, path = /System/Library/StagedFrameworks/Safari/SafariShared.framework/Versions/A/XPCServices/<*>/Contents/MacOS/<*> error = 147: The specified service did not ship in the requestor's bundle, origin = /System/Library/StagedFrameworks/Safari/WebKit.framework/Versions/A/XPCServices/<*>",1.0,"securityd_xpc_dictionary_handler cloudd[326] copy_matching Error Domain=NSOSStatusErrorDomain Code=-50 ""query missing class name"" (paramErr: error in user parameter list) UserInfo={NSDescription=query missing class name}",0.4209,"PBRequester failed with Error Error Domain=NSURLErrorDomain Code=-1001 ""The request timed out."" UserInfo={NSUnderlyingError=0x7fb7ed616c80 {Error Domain=kCFErrorDomainCFNetwork Code=-1001 ""The request timed out."" UserInfo={NSErrorFailingURLStringKey=https://<*>/clls/wloc, NSErrorFailingURLKey=https://<*>/clls/wloc, _kCFStreamErrorCodeKey=-2102, _kCFStreamErrorDomainKey=4, NSLocalizedDescription=The request timed out.}}, NSErrorFailingURLStringKey=https://<*>/clls/wloc, NSErrorFailingURLKey=https://<*>/clls/wloc, _kCFStreamErrorDomainKey=4, _kCFStreamErrorCodeKey=-2102, NSLocalizedDescription=The request timed out.}",0.4119,183.42,418
119,FA||Url||taskID[2019353659] dealloc,exact,FA||Url||taskID[2019353659] dealloc,1.0,FA||Url||taskID[2019353666] dealloc,0.9971,FA||Url||taskID[2019353517] dealloc,0.9952,122.72,418
120,"NETWORK: requery, 0, 0, 0, 0, 302, items, fQueryRetries, 0, fLastRetryTimestamp, 521080983.6",partial,"NETWORK: requery, 0, 0, 0, 0, <*> items, fQueryRetries, 0, fLastRetryTimestamp, <*>",0.984,"NETWORK: no response from server, reachability, 2, queryRetries, <*>",0.5755,-[NetworkAnalyticsEngine _writeJournalRecord:fromCellFingerprint:key:atLOI:ofKind:lqm:isFaulty:] Hashing of the primary key failed. Dropping the journal record.,0.3959,126.62,418
121,"NETWORK: requery, 0, 0, 0, 0, 300, items, fQueryRetries, 0, fLastRetryTimestamp, 521081581.2",exact,"NETWORK: requery, 0, 0, 0, 0, <*> items, fQueryRetries, 0, fLastRetryTimestamp, <*>",0.9974,"NETWORK: no response from server, reachability, 2, queryRetries, <*>",0.5572,-[NetworkAnalyticsEngine _writeJournalRecord:fromCellFingerprint:key:atLOI:ofKind:lqm:isFaulty:] Hashing of the primary key failed. Dropping the journal record.,0.3861,195.34,418
122,send_datagram_available_ping: pid 445 failed to act on a ping it dequeued before timing out.,exact,send_datagram_available_ping: pid 445 failed to act on a ping it dequeued before timing out.,1.0,tcp_connection_destination_perform_socket_connect <*> connectx to <*>:993@0 failed: [50] Network is down,0.4792,tcp_connection_destination_perform_socket_connect <*> connectx to <*>:143@0 failed: [50] Network is down,0.4696,202.73,418
123,-[ISGenerateImageOp generateImageWithCompletion:] Failed to composit image for descriptor <ISBindingImageDescriptor: 0x7f995050b170>.,exact,-[ISGenerateImageOp generateImageWithCompletion:] Failed to composit image for descriptor <ISBindingImageDescriptor: <*>,0.9996,<*> FigAgglomeratorSetObjectForKey signalled err=-16020 (kFigStringConformerError_ParamErr) (NULL key) at /Library/Caches/<*>/Sources/CoreMedia/<*>/Prototypes/LegibleOutput/FigAgglomerator.c line 92,0.4653,<IMMacNotificationCenterManager: <*> NC Disabled: NO,0.3835,258.74,418
124,Sandbox: <*>(9854) deny(1) file-read-data /private/etc/hosts,exact,Sandbox: <*>(9854) deny(1) file-read-data /private/etc/hosts,1.0,Sandbox: com.apple.Addres<*> deny(1) network-outbound /private/var/run/mDNSResponder,0.6702,Sandbox: SpotlightNetHelp(352) deny(1) ipc-posix-shm-read-data CFPBS:186A7:,0.5509,198.33,418
125,FA||Url||taskID[2019353666] dealloc,exact,FA||Url||taskID[2019353666] dealloc,1.0,FA||Url||taskID[2019353614] dealloc,0.9975,FA||Url||taskID[2019353659] dealloc,0.9971,192.82,418
126,2017-07-06 06:22:57.163367 PM [AirPlayUIAgent] BecomingInactive: NSWorkspaceWillSleepNotification,exact,<*> PM [AirPlayUIAgent] BecomingInactive: NSWorkspaceWillSleepNotification,1.0,<*> | I | VoipWrapper | DAVEngineImpl.cpp:1400:Close | close video chat. llFriendUIN = ******2341.,0.4589,RTC: Maintenance <*> sleep <*>,0.4561,118.29,418
127,2017/07/06 18:22:57.953 | I | VoipWrapper | DAVEngineImpl.cpp:1400:Close | close video chat. llFriendUIN = 1742124257.,partial,<*> | I | VoipWrapper | DAVEngineImpl.cpp:1400:Close | close video chat. llFriendUIN = <*>,0.9836,<*> | I | VoipWrapper | DAVEngineImpl.cpp:1400:Close | close video chat. llFriendUIN = ******2341.,0.9757,<*> PM [AirPlayUIAgent] BecomingInactive: NSWorkspaceWillSleepNotification,0.4789,128.38,418
128,"<*>: scheduler_evaluate_activity told me to run this job; however, but the start time isn't for 7518 seconds. Ignoring.",partial,"<*>: scheduler_evaluate_activity told me to run this job; however, but the start time isn't for <*> seconds. Ignoring.",0.9603,"<*>: scheduler_evaluate_activity told me to run this job; however, but the start time isn't for 6 seconds. Ignoring.",0.9507,"<*>://DB05755C-483D-44B7-B93B-ED06E57FF420/CalDAVPrincipal/p11: scheduler_evaluate_activity told me to run this job; however, but the start time isn't for 59 seconds. Ignoring.",0.8916,187.08,418
129,"<*>: scheduler_evaluate_activity told me to run this job; however, but the start time isn't for 258 seconds. Ignoring.",partial,"<*>: scheduler_evaluate_activity told me to run this job; however, but the start time isn't for <*> seconds. Ignoring.",0.9732,"<*>: scheduler_evaluate_activity told me to run this job; however, but the start time isn't for 6 seconds. Ignoring.",0.952,"<*>://DB05755C-483D-44B7-B93B-ED06E57FF420/CalDAVPrincipal/p11: scheduler_evaluate_activity told me to run this job; however, but the start time isn't for 59 seconds. Ignoring.",0.8752,174.52,418
130,[HID] [ATC] AppleDeviceManagementHIDEventService::processWakeReason Wake reason: Host (0x01),exact,[HID] [ATC] AppleDeviceManagementHIDEventService::processWakeReason Wake reason: Host (0x01),1.0,[HID] [ATC] [Error] AppleDeviceManagementHIDEventService::start Could not make a string from out connection notification key,0.7673,[HID] [MT] AppleMultitouchDevice::start entered,0.5978,135.7,418
131,Sandbox: <*>(37204) deny(1) network-outbound /private/var/run/mDNSResponder,exact,Sandbox: com.apple.Addres<*> deny(1) network-outbound /private/var/run/mDNSResponder,0.9966,<*>(38179) deny network-outbound /private/var/run/mDNSResponder,0.9031,<*>(37725) deny network-outbound /private/var/run/mDNSResponder,0.902,134.55,418
132,full wake request (reason 2) 30914 ms,exact,full wake request (reason 2) <*> ms,1.0,full wake promotion (reason 1) 374 ms,0.7643,Wake reason: ?,0.7088,134.29,418
133,18:37:30.916 : BTLE scanner Powered Off,partial,<*> : BTLE scanner Powered Off,0.953,<*> : BTLE scanner Powered On,0.9118,<*> : BTLE scanning started,0.7719,201.44,418
134,############################## _getSysMsgList,exact,############################## _getSysMsgList,1.0,<*> ksfetch[32776/0x7fff79824000] [lvl=2] KSHelperReceiveAllData() KSHelperTool read <*> bytes from stdin.,0.3016,<*> ksfetch[37925/0x7fff79824000] [lvl=2] KSHelperReceiveAllData() KSHelperTool read <*> bytes from stdin.,0.2968,132.87,418
135,"ARPT: 744319.484045: wl0: wl_update_tcpkeep_seq: Original Seq: 1092633597, Ack: 2572586285, Win size: 4096",partial,ARPT: <*> wl0: wl_update_tcpkeep_seq: Original Seq: <*> Ack: <*> Win size: <*>,0.9896,ARPT: <*> wl0: wl_update_tcpkeep_seq: Updated seq/ack/win from UserClient Seq <*> Ack <*> Win size 278,0.9322,ARPT: <*> wl0: setup_keepalive: Seq: <*> Ack: <*> Win size: <*>,0.7704,142.37,418
136,"<*>: scheduler_evaluate_activity told me to run this job; however, but the start time isn't for 65594 seconds. Ignoring.",partial,"<*>: scheduler_evaluate_activity told me to run this job; however, but the start time isn't for <*> seconds. Ignoring.",0.9841,"<*>: scheduler_evaluate_activity told me to run this job; however, but the start time isn't for 6 seconds. Ignoring.",0.9519,"<*>://DB05755C-483D-44B7-B93B-ED06E57FF420/CalDAVPrincipal/p11: scheduler_evaluate_activity told me to run this job; however, but the start time isn't for 59 seconds. Ignoring.",0.896,134.09,418
137,"<*>: scheduler_evaluate_activity told me to run this job; however, but the start time isn't for 5880 seconds. Ignoring.",partial,"<*>: scheduler_evaluate_activity told me to run this job; however, but the start time isn't for <*> seconds. Ignoring.",0.9786,"<*>: scheduler_evaluate_activity told me to run this job; however, but the start time isn't for 6 seconds. Ignoring.",0.9487,"<*>://DB05755C-483D-44B7-B93B-ED06E57FF420/CalDAVPrincipal/p11: scheduler_evaluate_activity told me to run this job; however, but the start time isn't for 59 seconds. Ignoring.",0.9043,132.66,418
138,"<*>: scheduler_evaluate_activity told me to run this job; however, but the start time isn't for 16680 seconds. Ignoring.",partial,"<*>: scheduler_evaluate_activity told me to run this job; however, but the start time isn't for <*> seconds. Ignoring.",0.9889,"<*>: scheduler_evaluate_activity told me to run this job; however, but the start time isn't for 6 seconds. Ignoring.",0.9413,"<*>://DB05755C-483D-44B7-B93B-ED06E57FF420/CalDAVPrincipal/p11: scheduler_evaluate_activity told me to run this job; however, but the start time isn't for 59 seconds. Ignoring.",0.8821,149.93,418
139,kern_open_file_for_direct_io(0),exact,kern_open_file_for_direct_io(0),1.0,kern_open_file_for_direct_io took 6 ms,0.7713,IOPolledFilePollersOpen(0) 6 ms,0.4684,132.72,418
140,############################## _getSysMsgList,exact,############################## _getSysMsgList,1.0,<*> ksfetch[32776/0x7fff79824000] [lvl=2] KSHelperReceiveAllData() KSHelperTool read <*> bytes from stdin.,0.3016,<*> ksfetch[37925/0x7fff79824000] [lvl=2] KSHelperReceiveAllData() KSHelperTool read <*> bytes from stdin.,0.2968,129.57,418
141,IOThunderboltSwitch<0>(0x0)::listenerCallback - Thunderbolt HPD packet for route = 0x0 port = 12 unplug = 0,exact,IOThunderboltSwitch<0>(0x0)::listenerCallback - Thunderbolt HPD packet for route = <*> port = <*> unplug = 0,0.9948,AppleThunderboltNHIType2::waitForOk2Go2Sx - intel_rp = 1 dlla_reporting_supported = 0,0.4202,[HID] [ATC] AppleDeviceManagementHIDEventService::processWakeReason Wake reason: Host (0x01),0.4127,135.78,418
142,"<*>: scheduler_evaluate_activity told me to run this job; however, but the start time isn't for 15823 seconds. Ignoring.",partial,"<*>: scheduler_evaluate_activity told me to run this job; however, but the start time isn't for <*> seconds. Ignoring.",0.9893,"<*>: scheduler_evaluate_activity told me to run this job; however, but the start time isn't for 6 seconds. Ignoring.",0.9501,"<*>://DB05755C-483D-44B7-B93B-ED06E57FF420/CalDAVPrincipal/p11: scheduler_evaluate_activity told me to run this job; however, but the start time isn't for 59 seconds. Ignoring.",0.88,131.29,418
143,Wake reason: RTC (Alarm),exact,Wake reason: RTC (Alarm),1.0,Wake reason: ?,0.6918,Wake reason: EC.SleepTimer (SleepTimer),0.6685,132.35,418
144,19:17:46.405 : BTLE scanner Powered Off,partial,<*> : BTLE scanner Powered Off,0.9753,<*> : BTLE scanner Powered On,0.9119,<*> : BTLE scanning started,0.7734,148.12,418
145,ARPT: 744472.877165: AirPort_Brcm43xx::platformWoWEnable: WWEN[disable],partial,ARPT: <*> AirPort_Brcm43xx::platformWoWEnable: WWEN[enable],0.9667,ARPT: <*> AirPort_Brcm43xx::platformWoWEnable: WWEN[disable],0.9572,ARPT: <*> AirPort_Brcm43xx::syncPowerState: WWEN[enabled],0.8982,138.33,418
146,"<*>: scheduler_evaluate_activity told me to run this job; however, but the start time isn't for 15002 seconds. Ignoring.",partial,"<*>: scheduler_evaluate_activity told me to run this job; however, but the start time isn't for <*> seconds. Ignoring.",0.9698,"<*>: scheduler_evaluate_activity told me to run this job; however, but the start time isn't for 6 seconds. Ignoring.",0.9221,"<*>://DB05755C-483D-44B7-B93B-ED06E57FF420/CalDAVPrincipal/p11: scheduler_evaluate_activity told me to run this job; however, but the start time isn't for 59 seconds. Ignoring.",0.8539,122.54,418
147,ARPT: 744589.508896: wl0: setup_keepalive: Remote IP: <*>,exact,ARPT: <*> wl0: setup_keepalive: Remote IP: <*>,0.9937,ARPT: <*> wl0: setup_keepalive: Local IP: <*>,0.963,ARPT: <*> wl0: setup_keepalive: Local port: <*> Remote port: <*>,0.9343,197.75,418
148,"ARPT: 744593.160590: wl0: wl_update_tcpkeep_seq: Updated seq/ack/win from UserClient Seq 1529267953, Ack 4054195714, Win size 380",partial,ARPT: <*> wl0: wl_update_tcpkeep_seq: Updated seq/ack/win from UserClient Seq <*> Ack <*> Win size 278,0.9873,ARPT: <*> wl0: wl_update_tcpkeep_seq: Original Seq: <*> Ack: <*> Win size: <*>,0.9148,ARPT: <*> wl0: setup_keepalive: Seq: <*> Ack: <*> Win size: <*>,0.6933,193.06,418
149,IOThunderboltSwitch<0>(0x0)::listenerCallback - Thunderbolt HPD packet for route = 0x0 port = 12 unplug = 0,exact,IOThunderboltSwitch<0>(0x0)::listenerCallback - Thunderbolt HPD packet for route = <*> port = <*> unplug = 0,0.9964,AppleThunderboltNHIType2::waitForOk2Go2Sx - intel_rp = 1 dlla_reporting_supported = 0,0.4202,[HID] [ATC] AppleDeviceManagementHIDEventService::processWakeReason Wake reason: Host (0x01),0.4127,209.01,418
150,IOThunderboltSwitch<0>(0x0)::listenerCallback - Thunderbolt HPD packet for route = 0x0 port = 12 unplug = 0,exact,IOThunderboltSwitch<0>(0x0)::listenerCallback - Thunderbolt HPD packet for route = <*> port = <*> unplug = 0,0.9974,AppleThunderboltNHIType2::waitForOk2Go2Sx - intel_rp = 1 dlla_reporting_supported = 0,0.4202,[HID] [ATC] AppleDeviceManagementHIDEventService::processWakeReason Wake reason: Host (0x01),0.4127,130.21,418
151,ARPT: 744595.284508: AirPort_Brcm43xx::platformWoWEnable: WWEN[disable],partial,ARPT: <*> AirPort_Brcm43xx::platformWoWEnable: WWEN[enable],0.9712,ARPT: <*> AirPort_Brcm43xx::platformWoWEnable: WWEN[disable],0.9562,ARPT: <*> AirPort_Brcm43xx::syncPowerState: WWEN[enabled],0.8998,125.38,418
152,"<*>: scheduler_evaluate_activity told me to run this job; however, but the start time isn't for 524667 seconds. Ignoring.",partial,"<*>: scheduler_evaluate_activity told me to run this job; however, but the start time isn't for <*> seconds. Ignoring.",0.9853,"<*>: scheduler_evaluate_activity told me to run this job; however, but the start time isn't for 6 seconds. Ignoring.",0.9499,"<*>://DB05755C-483D-44B7-B93B-ED06E57FF420/CalDAVPrincipal/p11: scheduler_evaluate_activity told me to run this job; however, but the start time isn't for 59 seconds. Ignoring.",0.9012,180.41,418
153,"<*>: scheduler_evaluate_activity told me to run this job; however, but the start time isn't for 63122 seconds. Ignoring.",partial,"<*>: scheduler_evaluate_activity told me to run this job; however, but the start time isn't for <*> seconds. Ignoring.",0.983,"<*>: scheduler_evaluate_activity told me to run this job; however, but the start time isn't for 6 seconds. Ignoring.",0.9629,"<*>://DB05755C-483D-44B7-B93B-ED06E57FF420/CalDAVPrincipal/p11: scheduler_evaluate_activity told me to run this job; however, but the start time isn't for 59 seconds. Ignoring.",0.8964,128.93,418
154,Thermal pressure state: 0 Memory pressure state: 0,exact,Thermal pressure state: <*> Memory pressure state: 0,0.9917,en0: BSSID changed to 0c:68:03:d6:c5:1c,0.2702,IOHibernatePollerOpen(0),0.2652,182.46,418
155,"<*>: scheduler_evaluate_activity told me to run this job; however, but the start time isn't for 524657 seconds. Ignoring.",partial,"<*>: scheduler_evaluate_activity told me to run this job; however, but the start time isn't for <*> seconds. Ignoring.",0.9881,"<*>: scheduler_evaluate_activity told me to run this job; however, but the start time isn't for 6 seconds. Ignoring.",0.9458,"<*>://DB05755C-483D-44B7-B93B-ED06E57FF420/CalDAVPrincipal/p11: scheduler_evaluate_activity told me to run this job; however, but the start time isn't for 59 seconds. Ignoring.",0.9073,232.27,418
156,ARPT: 744650.016431: wl0: MDNS: IPV6 Addr: 2607:f140:6000:8:f882:21d2:d1af:f093,partial,ARPT: <*> wl0: MDNS: IPV6 Addr: <*>,0.9898,ARPT: <*> wl0: MDNS: IPV6 Addr: fe<*>,0.9437,ARPT: <*> wl0: MDNS: IPV4 Addr: <*>,0.9136,148.67,418
157,IOThunderboltSwitch<0>(0x0)::listenerCallback - Thunderbolt HPD packet for route = 0x0 port = 11 unplug = 0,exact,IOThunderboltSwitch<0>(0x0)::listenerCallback - Thunderbolt HPD packet for route = <*> port = <*> unplug = 0,0.9967,AppleThunderboltNHIType2::waitForOk2Go2Sx - intel_rp = 1 dlla_reporting_supported = 0,0.4178,[HID] [ATC] AppleDeviceManagementHIDEventService::processWakeReason Wake reason: Host (0x01),0.4163,129.94,418
158,"<*>: scheduler_evaluate_activity told me to run this job; however, but the start time isn't for 2593 seconds. Ignoring.",partial,"<*>: scheduler_evaluate_activity told me to run this job; however, but the start time isn't for <*> seconds. Ignoring.",0.9871,"<*>: scheduler_evaluate_activity told me to run this job; however, but the start time isn't for 6 seconds. Ignoring.",0.9486,"<*>://DB05755C-483D-44B7-B93B-ED06E57FF420/CalDAVPrincipal/p11: scheduler_evaluate_activity told me to run this job; however, but the start time isn't for 59 seconds. Ignoring.",0.8734,125.42,418
159,"<*>: scheduler_evaluate_activity told me to run this job; however, but the start time isn't for 523840 seconds. Ignoring.",partial,"<*>: scheduler_evaluate_activity told me to run this job; however, but the start time isn't for <*> seconds. Ignoring.",0.989,"<*>: scheduler_evaluate_activity told me to run this job; however, but the start time isn't for 6 seconds. Ignoring.",0.9396,"<*>://DB05755C-483D-44B7-B93B-ED06E57FF420/CalDAVPrincipal/p11: scheduler_evaluate_activity told me to run this job; however, but the start time isn't for 59 seconds. Ignoring.",0.9052,155.5,418
160,"<*>: scheduler_evaluate_activity told me to run this job; however, but the start time isn't for 62280 seconds. Ignoring.",partial,"<*>: scheduler_evaluate_activity told me to run this job; however, but the start time isn't for <*> seconds. Ignoring.",0.9893,"<*>: scheduler_evaluate_activity told me to run this job; however, but the start time isn't for 6 seconds. Ignoring.",0.95,"<*>://DB05755C-483D-44B7-B93B-ED06E57FF420/CalDAVPrincipal/p11: scheduler_evaluate_activity told me to run this job; however, but the start time isn't for 59 seconds. Ignoring.",0.8981,214.49,418
161,"PM response took 129 ms (10018, QQ)",exact,PM response took 129 ms <*> QQ),1.0,PM response took 113 ms <*> WeChat),0.6788,"PM response took <*> ms (54, powerd)",0.6488,188.15,418
162,RTC: PowerByCalendarDate setting ignored,exact,RTC: PowerByCalendarDate setting ignored,1.0,RTC: Maintenance <*> sleep <*>,0.4579,"ARPT: <*> IOPMPowerSource Information: onSleep, SleepType: Standby, 'ExternalConnected': No, 'TimeRemaining': 578,",0.4482,211.21,418
163,20:03:05.179 : BTLE scanner Powered Off,exact,<*> : BTLE scanner Powered Off,0.9902,<*> : BTLE scanner Powered On,0.8796,<*> : BTLE scanning started,0.766,137.35,418
164,button report: 0x80039B7,exact,button report: <*>,0.9915,"pages <*> wire <*> act <*> inact <*> cleaned 0 spec <*> zf <*> throt 0, compr <*> xpmapped <*>",0.3294,ARPT: <*> framerdy <*> bmccmd 3 framecnt <*>,0.3234,144.02,418
165,dnssd_clientstub ConnectToServer: connect()-> No of tries: 1,exact,dnssd_clientstub ConnectToServer: connect()-> No of tries: <*>,0.9995,dnssd_clientstub ConnectToServer: connect() failed path:/var/run/mDNSResponder Socket:4 Err:-1 Errno:1 Operation not permitted,0.8397,[0706/011106:WARNING:dns_config_service_posix.cc(306)] Failed to read DnsConfig.,0.5321,133.65,418
166,"SOSAccountThisDeviceCanSyncWithCircle sync with device failure: Error Domain=<*> Code=1035 ""Account identity not set"" UserInfo={NSDescription=Account identity not set}",exact,"SOSAccountThisDeviceCanSyncWithCircle sync with device failure: Error Domain=<*> Code=1035 ""Account identity not set"" UserInfo={NSDescription=Account identity not set}",1.0,"[Accounts] Current connection, <NSXPCConnection: <*> connection from pid <*> doesn't have account access.",0.4992,"[Accounts] Current connection, <NSXPCConnection: 0x7fda74805bf0> connection from pid 487, doesn't have account access.",0.496,134.81,418
167,jemmytest,exact,jemmytest,1.0,"<<<< FigByteStream >>>> FigByteStreamStatsLogOneRead: ByteStream read of <*> bytes @ <*> took <*> secs. to complete, 5 reads >= 1 sec.",0.2747,<*> : Finished generating hashes,0.2699,130.73,418
168,KeychainGetICDPStatus: status: off,exact,KeychainGetICDPStatus: status: off,1.0,KeychainGetICDPStatus: keychain: <*>,0.7885,"<*> GoogleSoftwareUpdateAgent[31702/0x7000002a0000] [lvl=2] -[KSAgentApp(KeystoneThread) runKeystonesInThreadWithArg:] Checking with local engine: <KSUpdateEngine:0x100259c60 ticketStore=<KSPersistentTicketStore:0x100253770 store=<KSKeyedPersistentStore:0x100254d10 path=""/Users/xpc/Library/Google/GoogleSoftwareUpdate/TicketStore/Keystone.ticketstore"" lockFile=<KSLockFile:0x100254d80 path=""/Users/xpc/Library/Google/GoogleSoftwareUpdate/TicketStore/<*>"" locked=NO > >> processor=<KSActionProcessor:0x100259e70 delegate=<KSUpdateEngine:0x100259c60> isProcessing=NO actionsCompleted=0 progress=0.00 errors=0 currentActionErrors=0 events=0 currentActionEvents=0 actionQueue=( ) > delegate=(null) serverInfoStore=<KSServerPrivateInfoStore:0x1002594d0 path=""/Users/xpc/Library/Google/GoogleSoftwareUpdate/Servers""> errors=0 >",0.4231,175.66,418
169,[<*>] [Adding [<CalDAVAccountRefreshQueueableOperation: 0x7fa11d73f960; Sequence: 0>] to failed operations.],exact,[<*>] [Adding [<CalDAVAccountRefreshQueueableOperation: <*> Sequence: 0>] to failed operations.],0.9995,[<*>] [Account xpc_ben@163.com@https://<*>/caldav/principals/users/xpc_ben%40163.com/ timed out when executing operation: <CalDAVAccountRefreshQueueableOperation: 0x7fa11f9f2290; Sequence: 0>],0.7587,"[<*>] [Account refresh failed with error: Error Domain=CoreDAVHTTPStatusErrorDomain Code=502 ""(null)"" UserInfo={AccountName=163, CalDAVErrFromRefresh=YES, CoreDAVHTTPHeaders=<CFBasicHash <*> [0x7fff7abc1440]>{type = immutable dict, count = 5, entries => 0 : Connection = <CFString <*> [0x7fff7abc1440]>{contents = ""keep-alive""} 3 : Content-Type = text/html 4 : Content-Length = 166 5 : Server = nginx 6 : Date = <CFString <*> [0x7fff7abc1440]>{contents = ""Fri, 07 Jul <*> GMT""} } }]",0.4991,119.55,418
170,FA||Url||taskID[2019353677] dealloc,exact,FA||Url||taskID[2019353677] dealloc,1.0,FA||Url||taskID[2019353376] dealloc,0.9972,FA||Url||taskID[2019353614] dealloc,0.997,134.87,418
171,send_datagram_available_ping: pid 445 failed to act on a ping it dequeued before timing out.,exact,send_datagram_available_ping: pid 445 failed to act on a ping it dequeued before timing out.,1.0,tcp_connection_destination_perform_socket_connect <*> connectx to <*>:993@0 failed: [50] Network is down,0.4792,tcp_connection_destination_perform_socket_connect <*> connectx to <*>:143@0 failed: [50] Network is down,0.4696,130.75,418
172,jemmytest,exact,jemmytest,1.0,"<<<< FigByteStream >>>> FigByteStreamStatsLogOneRead: ByteStream read of <*> bytes @ <*> took <*> secs. to complete, 5 reads >= 1 sec.",0.2747,<*> : Finished generating hashes,0.2699,127.83,418
173,Location icon should now be in state 'Active',exact,Location icon should now be in state 'Active',1.0,Location icon should now be in state 'Inactive',0.9243,Error returned from iconservicesagent: (null),0.4088,128.15,418
174,"2017-07-06 20:46:03.869 GoogleSoftwareUpdateAgent[37316/0x7000002a0000] [lvl=2] -[KSOutOfProcessFetcher beginFetchWithDelegate:] KSOutOfProcessFetcher start fetch from URL: ""https://<*>/service/update2?cup2hreq=5e15fbe422c816bef7c133cfffdb516e16923579b9be2dfae4d7d8d211b25017&cup2key=7:780377214""",exact,"<*> GoogleSoftwareUpdateAgent[37316/0x7000002a0000] [lvl=2] -[KSOutOfProcessFetcher beginFetchWithDelegate:] KSOutOfProcessFetcher start fetch from URL: ""https://<*>/service/update2?cup2hreq=5e15fbe422c816bef7c133cfffdb516e16923579b9be2dfae4d7d8d211b25017&cup2key=7:780377214""",1.0,"<*> GoogleSoftwareUpdateAgent[37644/0x7000002a0000] [lvl=2] -[KSOutOfProcessFetcher beginFetchWithDelegate:] KSOutOfProcessFetcher start fetch from URL: ""https://<*>/service/update2?cup2hreq=c30943ccd5e0a03e93b6be3e2b7e2127989f08f1bde99263ffee091de8b8bc39&cup2key=7:1039900771""",0.9933,"<*> GoogleSoftwareUpdateAgent[36128/0x7000002a0000] [lvl=2] -[KSOutOfProcessFetcher beginFetchWithDelegate:] KSOutOfProcessFetcher fetching from URL: ""https://<*>/service/update2?cup2hreq=ac844e04cbb398fcef4cf81b4ffc44a3ebc863e89d19c0b5d39d02d78d26675b&cup2key=7:677488741""",0.9873,137.39,418
175,"NETWORK: requery, 0, 0, 0, 0, 291, items, fQueryRetries, 0, fLastRetryTimestamp, 521092126.3",exact,"NETWORK: requery, 0, 0, 0, 0, <*> items, fQueryRetries, 0, fLastRetryTimestamp, <*>",0.9971,"NETWORK: no response from server, reachability, 2, queryRetries, <*>",0.5545,-[NetworkAnalyticsEngine _writeJournalRecord:fromCellFingerprint:key:atLOI:ofKind:lqm:isFaulty:] Hashing of the primary key failed. Dropping the journal record.,0.393,163.54,418
176,"NETWORK: no response from server, reachability, 2, queryRetries, 2",exact,"NETWORK: no response from server, reachability, 2, queryRetries, <*>",0.997,"NETWORK: requery, 0, 0, 0, 0, <*> items, fQueryRetries, 0, fLastRetryTimestamp, <*>",0.5474,Saw change in network reachability <*>,0.531,131.22,418
177,send_datagram_available_ping: pid 445 failed to act on a ping it dequeued before timing out.,exact,send_datagram_available_ping: pid 445 failed to act on a ping it dequeued before timing out.,1.0,tcp_connection_destination_perform_socket_connect <*> connectx to <*>:993@0 failed: [50] Network is down,0.4792,tcp_connection_destination_perform_socket_connect <*> connectx to <*>:143@0 failed: [50] Network is down,0.4696,135.93,418
178,"Page bounds {{0, 0} {400, 400}}",exact,"Page bounds {{0, 0} {400, 400}}",1.0,"bitmap_size 0x7f0fc, previewSize <*> writing <*> pages @ <*>",0.3742,hibernate_page_list_setall found pageCount <*>,0.3005,158.52,418
179,Failed to connect (titleField) outlet from (MMSessionPickerChoosenRowView) to (NSTextField): missing setter or instance variable,exact,Failed to connect (titleField) outlet from (MMSessionPickerChoosenRowView) to (NSTextField): missing setter or instance variable,1.0,Failed to connect (view) outlet from (NSApplication) to (NSColorPickerGridView): missing setter or instance variable,0.6912,"[Accounts] Current connection, <NSXPCConnection: 0x7fda74805bf0> connection from pid 487, doesn't have account access.",0.4343,134.04,418
180,[<*>] [Account xpc_ben@163.com@https://<*>/caldav/principals/users/xpc_ben%40163.com/ timed out when executing operation: <CalDAVAccountRefreshQueueableOperation: 0x7fa11f9f2290; Sequence: 0>],exact,[<*>] [Account xpc_ben@163.com@https://<*>/caldav/principals/users/xpc_ben%40163.com/ timed out when executing operation: <CalDAVAccountRefreshQueueableOperation: 0x7fa11f9f2290; Sequence: 0>],1.0,[<*>] [Adding [<CalDAVAccountRefreshQueueableOperation: <*> Sequence: 0>] to failed operations.],0.7557,"[CardDAVPlugin-ERROR] -getPrincipalInfo:[_controller supportsRequestCompressionAtURL:https://13957525385%40163.com@<*>/874161398/principal/] Error Domain=NSURLErrorDomain Code=-1001 ""The request timed out."" UserInfo={NSUnderlyingError=0x7f9af3646900 {Error Domain=kCFErrorDomainCFNetwork Code=-1001 ""The request timed out."" UserInfo={NSErrorFailingURLStringKey=https://13957525385%40163.com@<*>/874161398/principal/, NSErrorFailingURLKey=https://13957525385%40163.com@<*>/874161398/principal/, _kCFStreamErrorCodeKey=-2102, _kCFStreamErrorDomainKey=4, NSLocalizedDescription=The request timed out.}}, NSErrorFailingURLStringKey=https://13957525385%40163.com@<*>/874161398/principal/, NSErrorFailingURLKey=https://13957525385%40163.com@<*>/874161398/principal/, _kCFStreamErrorDomainKey=4, _kCFStreamErrorCodeKey=-2102, NSLocalizedDescription=The request timed out.}",0.5525,132.42,418
181,send_datagram_available_ping: pid 445 failed to act on a ping it dequeued before timing out.,exact,send_datagram_available_ping: pid 445 failed to act on a ping it dequeued before timing out.,1.0,tcp_connection_destination_perform_socket_connect <*> connectx to <*>:993@0 failed: [50] Network is down,0.4792,tcp_connection_destination_perform_socket_connect <*> connectx to <*>:143@0 failed: [50] Network is down,0.4696,150.43,418
182,"[<*>] [Account refresh failed with error: Error Domain=CoreDAVHTTPStatusErrorDomain Code=502 ""(null)"" UserInfo={AccountName=163, CalDAVErrFromRefresh=YES, CoreDAVHTTPHeaders=<CFBasicHash 0x7fa11fe7a810 [0x7fff7abc1440]>{type = immutable dict, count = 5, entries => 0 : Connection = <CFString 0x7fff7ab1aea0 [0x7fff7abc1440]>{contents = ""keep-alive""} 3 : Content-Type = text/html 4 : Content-Length = 166 5 : Server = nginx 6 : Date = <CFString 0x7fa11ac2ab80 [0x7fff7abc1440]>{contents = ""Fri, 07 Jul 2017 05:32:43 GMT""} } }]",exact,"[<*>] [Account refresh failed with error: Error Domain=CoreDAVHTTPStatusErrorDomain Code=502 ""(null)"" UserInfo={AccountName=163, CalDAVErrFromRefresh=YES, CoreDAVHTTPHeaders=<CFBasicHash <*> [0x7fff7abc1440]>{type = immutable dict, count = 5, entries => 0 : Connection = <CFString <*> [0x7fff7abc1440]>{contents = ""keep-alive""} 3 : Content-Type = text/html 4 : Content-Length = 166 5 : Server = nginx 6 : Date = <CFString <*> [0x7fff7abc1440]>{contents = ""Fri, 07 Jul <*> GMT""} } }]",1.0,[<*>] [Adding [<CalDAVAccountRefreshQueueableOperation: <*> Sequence: 0>] to failed operations.],0.4967,[<*>] [Account xpc_ben@163.com@https://<*>/caldav/principals/users/xpc_ben%40163.com/ timed out when executing operation: <CalDAVAccountRefreshQueueableOperation: 0x7fa11f9f2290; Sequence: 0>],0.4891,143.24,418
183,send_datagram_available_ping: pid 445 failed to act on a ping it dequeued before timing out.,exact,send_datagram_available_ping: pid 445 failed to act on a ping it dequeued before timing out.,1.0,tcp_connection_destination_perform_socket_connect <*> connectx to <*>:993@0 failed: [50] Network is down,0.4792,tcp_connection_destination_perform_socket_connect <*> connectx to <*>:143@0 failed: [50] Network is down,0.4696,127.22,418
184,KeychainGetICDPStatus: keychain: -25300,exact,KeychainGetICDPStatus: keychain: <*>,1.0,KeychainGetICDPStatus: status: off,0.7885,CGXDisplayDidWakeNotification <*> posting kCGSDisplayDidWake,0.39,130.75,418
185,Location icon should now be in state 'Inactive',exact,Location icon should now be in state 'Inactive',1.0,Location icon should now be in state 'Active',0.9243,Error returned from iconservicesagent: (null),0.4138,134.66,418
186,"Page bounds {{0, 0} {400, 400}}",exact,"Page bounds {{0, 0} {400, 400}}",1.0,"bitmap_size 0x7f0fc, previewSize <*> writing <*> pages @ <*>",0.3742,hibernate_page_list_setall found pageCount <*>,0.3005,144.09,418
187,"CFPasteboardRef CFPasteboardCreate(CFAllocatorRef, CFStringRef) : failed to create global data",exact,"CFPasteboardRef CFPasteboardCreate(CFAllocatorRef, CFStringRef) : failed to create global data",1.0,CFNetwork SSLHandshake failed (-9802),0.3808,"[Accounts] Failed to update account with identifier 76FE6715-3D27-4F21-AA35-C88C1EA820E8, error: Error Domain=ABAddressBookErrorDomain Code=1002 ""(null)""",0.3385,137.23,418
188,Sandbox: SpotlightNetHelp(352) deny(1) ipc-posix-shm-read-data CFPBS:186A7:,exact,Sandbox: SpotlightNetHelp(352) deny(1) ipc-posix-shm-read-data CFPBS:186A7:,1.0,Sandbox: com.apple.Addres<*> deny(1) network-outbound /private/var/run/mDNSResponder,0.5879,Sandbox: <*>(9854) deny(1) file-read-data /private/etc/hosts,0.5509,129.11,418
189,tcp_connection_tls_session_error_callback_imp 2438 __tcp_connection_tls_session_callback_write_block_invoke.434 error 22,exact,tcp_connection_tls_session_error_callback_imp <*> __tcp_connection_tls_session_callback_write_block_invoke.434 error 22,0.996,tcp_connection_tls_session_error_callback_imp <*> tcp_connection_tls_session_handle_read_error.790 error 60,0.8396,tcp_connection_destination_handle_tls_close_notify 111 closing socket due to TLS CLOSE_NOTIFY alert,0.5548,136.23,418
190,FA||Url||taskID[2019353724] dealloc,exact,FA||Url||taskID[2019353724] dealloc,1.0,FA||Url||taskID[2019353517] dealloc,0.9957,FA||Url||taskID[2019353444] dealloc,0.9953,135.51,418
191,"no application identifier provided, can't use provisioning profiles [pid=37563]",exact,"no application identifier provided, can't use provisioning profiles [pid=37563]",1.0,enabling pid=30298 for plug-in <*>(1.0) <*> /System/Library/CoreServices/Weather.app/Contents/PlugIns/<*>,0.4253,"[Accounts] Failed to update account with identifier 76FE6715-3D27-4F21-AA35-C88C1EA820E8, error: Error Domain=ABAddressBookErrorDomain Code=1002 ""(null)""",0.4099,143.36,418
192,tcp_connection_destination_handle_tls_close_notify 111 closing socket due to TLS CLOSE_NOTIFY alert,exact,tcp_connection_destination_handle_tls_close_notify 111 closing socket due to TLS CLOSE_NOTIFY alert,1.0,tcp_connection_tls_session_error_callback_imp <*> tcp_connection_tls_session_handle_read_error.790 error 60,0.615,tcp_connection_tls_session_error_callback_imp <*> __tcp_connection_tls_session_callback_write_block_invoke.434 error 22,0.5633,131.54,418
193,CFNetwork SSLHandshake failed (-9802),exact,CFNetwork SSLHandshake failed (-9802),1.0,tcp_connection_tls_session_error_callback_imp <*> tcp_connection_tls_session_handle_read_error.790 error 60,0.4808,tcp_connection_tls_session_error_callback_imp <*> __tcp_connection_tls_session_callback_write_block_invoke.434 error 22,0.4627,126.31,418
194,"Unable to simultaneously satisfy constraints: ( ""<NSLayoutConstraint:0x7f8efa7db140 H:[NSImageView:0x7f8efa7db900(38)]>"", ""<NSLayoutConstraint:0x7f8efa7cbe00 H:|-(14)-[NSImageView:0x7f8efa7db900] (Names: PageItemCell:0x7f8efa7cb450, '|':PageItemCell:0x7f8efa7cb450 )>"", ""<NSLayoutConstraint:0x7f8f17556f20 'NSView-Encapsulated-Layout-Width' H:[PageItemCell(73)] (Names: PageItemCell:0x7f8efa7cb450 )>"", ""<NSLayoutConstraint:0x7f8efa7dc1c0 H:[NSImageView:0x7f8efa7db900]-(10)-[NSTextField:0x7f8efa7da9a0]>"", ""<NSLayoutConstraint:0x7f8efa7cbf70 H:[NSTextField:0x7f8f02f1da90]-(14)-| (Names: PageItemCell:0x7f8efa7cb450, '|':PageItemCell:0x7f8efa7cb450 )>"", ""<NSLayoutConstraint:0x7f8efa7dc350 H:[NSTextField:0x7f8efa7da9a0]-(>=NSSpace(8))-[NSTextField:0x7f8f02f1da90]>"" ) Will attempt to recover by breaking constraint <NSLayoutConstraint:0x7f8efa7db140 H:[NSImageView:0x7f8efa7db900(38)]> Set the NSUserDefault NSConstraintBasedLayoutVisualizeMutuallyExclusiveConstraints to YES to have -[NSWindow visualizeConstraints:] automatically called when this happens. And/or, break on objc_exception_throw to catch this in the debugger.",exact,"Unable to simultaneously satisfy constraints: ( <*> (Names: PageItemCell<*> <*> )>"", <*> 'NSView-Encapsulated-Layout-Width' H:[PageItemCell(73)] (Names: PageItemCell<*> )>"", <*> (Names: PageItemCell<*> <*> )>"", <*> ) Will attempt to recover by breaking constraint <*> Set the NSUserDefault NSConstraintBasedLayoutVisualizeMutuallyExclusiveConstraints to YES to have -[NSWindow visualizeConstraints:] automatically called when this happens. And/or, break on objc_exception_throw to catch this in the debugger.",0.9979,"Unable to simultaneously satisfy constraints: ( ""<NSAutoresizingMaskLayoutConstraint:0x7f9d574e5370 h=-&- v=-&- V:[NSScrollView:0x7f9d64abe480]-(11)-| (Names: '|':NSView:0x7f9d6a9cc340 )>"", ""<NSAutoresizingMaskLayoutConstraint:0x7f9d7561a270 h=-&- v=-&- V:|-(45)-[NSScrollView:0x7f9d64abe480] (Names: '|':NSView:0x7f9d6a9cc340 )>"", ""<NSAutoresizingMaskLayoutConstraint:0x7f9d6aa2cf10 h=-&- v=--& V:[NSView:0x7f9d53160e30(0)]>"", ""<NSAutoresizingMaskLayoutConstraint:0x7f9d75652870 h=-&- v=-&- V:|-(0)-[NSView:0x7f9d6a9cc340] (Names: '|':NSView:0x7f9d53160e30 )>"", ""<NSAutoresizingMaskLayoutConstraint:0x7f9d77ef8f50 h=-&- v=-&- V:[NSView:0x7f9d6a9cc340]-(0)-| (Names: '|':NSView:0x7f9d53160e30 )>"" ) Will attempt to recover by breaking constraint <NSAutoresizingMaskLayoutConstraint:0x7f9d7561a270 h=-&- v=-&- V:|-(45)-[NSScrollView:0x7f9d64abe480] (Names: '|':NSView:0x7f9d6a9cc340 )> Set the NSUserDefault NSConstraintBasedLayoutVisualizeMutuallyExclusiveConstraints to YES to have -[NSWindow visualizeConstraints:] automatically called when this happens. And/or, break on objc_exception_throw to catch this in the debugger.",0.8189,Cocoa scripting error for <*> four character codes must be four characters long.,0.3562,165.57,418
195,"Unable to simultaneously satisfy constraints: ( ""<NSLayoutConstraint:0x7f8efb89e920 H:[NSImageView:0x7f8efb89d5d0(38)]>"", ""<NSLayoutConstraint:0x7f8efb89aac0 H:|-(14)-[NSImageView:0x7f8efb89d5d0] (Names: PageItemCell:0x7f8efb898930, '|':PageItemCell:0x7f8efb898930 )>"", ""<NSLayoutConstraint:0x7f8f071a6c20 'NSView-Encapsulated-Layout-Width' H:[PageItemCell(73)] (Names: PageItemCell:0x7f8efb898930 )>"", ""<NSLayoutConstraint:0x7f8efb89d8a0 H:[NSImageView:0x7f8efb89d5d0]-(10)-[NSTextField:0x7f8efb89d250]>"", ""<NSLayoutConstraint:0x7f8efb8980e0 H:[NSTextField:0x7f8efb89e7a0]-(14)-| (Names: PageItemCell:0x7f8efb898930, '|':PageItemCell:0x7f8efb898930 )>"", ""<NSLayoutConstraint:0x7f8efb89ba20 H:[NSTextField:0x7f8efb89d250]-(>=NSSpace(8))-[NSTextField:0x7f8efb89e7a0]>"" ) Will attempt to recover by breaking constraint <NSLayoutConstraint:0x7f8efb89e920 H:[NSImageView:0x7f8efb89d5d0(38)]> Set the NSUserDefault NSConstraintBasedLayoutVisualizeMutuallyExclusiveConstraints to YES to have -[NSWindow visualizeConstraints:] automatically called when this happens. And/or, break on objc_exception_throw to catch this in the debugger.",exact,"Unable to simultaneously satisfy constraints: ( <*> (Names: PageItemCell<*> <*> )>"", <*> 'NSView-Encapsulated-Layout-Width' H:[PageItemCell(73)] (Names: PageItemCell<*> )>"", <*> (Names: PageItemCell<*> <*> )>"", <*> ) Will attempt to recover by breaking constraint <*> Set the NSUserDefault NSConstraintBasedLayoutVisualizeMutuallyExclusiveConstraints to YES to have -[NSWindow visualizeConstraints:] automatically called when this happens. And/or, break on objc_exception_throw to catch this in the debugger.",0.9968,"Unable to simultaneously satisfy constraints: ( ""<NSAutoresizingMaskLayoutConstraint:0x7f9d574e5370 h=-&- v=-&- V:[NSScrollView:0x7f9d64abe480]-(11)-| (Names: '|':NSView:0x7f9d6a9cc340 )>"", ""<NSAutoresizingMaskLayoutConstraint:0x7f9d7561a270 h=-&- v=-&- V:|-(45)-[NSScrollView:0x7f9d64abe480] (Names: '|':NSView:0x7f9d6a9cc340 )>"", ""<NSAutoresizingMaskLayoutConstraint:0x7f9d6aa2cf10 h=-&- v=--& V:[NSView:0x7f9d53160e30(0)]>"", ""<NSAutoresizingMaskLayoutConstraint:0x7f9d75652870 h=-&- v=-&- V:|-(0)-[NSView:0x7f9d6a9cc340] (Names: '|':NSView:0x7f9d53160e30 )>"", ""<NSAutoresizingMaskLayoutConstraint:0x7f9d77ef8f50 h=-&- v=-&- V:[NSView:0x7f9d6a9cc340]-(0)-| (Names: '|':NSView:0x7f9d53160e30 )>"" ) Will attempt to recover by breaking constraint <NSAutoresizingMaskLayoutConstraint:0x7f9d7561a270 h=-&- v=-&- V:|-(45)-[NSScrollView:0x7f9d64abe480] (Names: '|':NSView:0x7f9d6a9cc340 )> Set the NSUserDefault NSConstraintBasedLayoutVisualizeMutuallyExclusiveConstraints to YES to have -[NSWindow visualizeConstraints:] automatically called when this happens. And/or, break on objc_exception_throw to catch this in the debugger.",0.8181,"Arranged view frame: {{0, 0} {260, 877}}",0.3511,165.58,418
196,"Configuration Notice: ASL Module ""<*>"" sharing output destination ""/var/log/Accounts"" with ASL Module ""<*>"". Output parameters from ASL Module ""<*>"" override any specified in ASL Module ""<*>"".",exact,"Configuration Notice: ASL Module ""<*>"" sharing output destination ""/var/log/Accounts"" with ASL Module ""<*>"". Output parameters from ASL Module ""<*>"" override any specified in ASL Module ""<*>"".",1.0,"Configuration Notice: ASL Module ""<*>"" claims selected messages. Those messages may not appear in standard system log files or in the ASL database.",0.6048,CCFile::captureLog,0.3223,141.44,418
197,send_datagram_available_ping: pid 445 failed to act on a ping it dequeued before timing out.,exact,send_datagram_available_ping: pid 445 failed to act on a ping it dequeued before timing out.,1.0,tcp_connection_destination_perform_socket_connect <*> connectx to <*>:993@0 failed: [50] Network is down,0.4792,tcp_connection_destination_perform_socket_connect <*> connectx to <*>:143@0 failed: [50] Network is down,0.4696,141.56,418
198,<IMMacNotificationCenterManager: 0x7fdcc9d16380>: NC Disabled: NO,exact,<IMMacNotificationCenterManager: <*> NC Disabled: NO,0.9968,"<IMMacNotificationCenterManager: <*> Updating enabled: <*> (Topics: ( <*> ""<*>"", ""<*>"", ""<*>"", ""<*>"", ""<*>"", ""<*>"", ""<*>"", ""<*>"", ""<*>"", ""<*>"", ""<*>"", ""<*>"", ""<*>"", ""<*>"", ""<*>"" ))",0.7671,<IMMacNotificationCenterManager: <*> DND Enabled: <*>,0.7383,160.96,418
199,<IMMacNotificationCenterManager: 0x7ff1b2d17980>: NC Disabled: NO,exact,<IMMacNotificationCenterManager: <*> NC Disabled: NO,0.9949,"<IMMacNotificationCenterManager: <*> Updating enabled: <*> (Topics: ( <*> ""<*>"", ""<*>"", ""<*>"", ""<*>"", ""<*>"", ""<*>"", ""<*>"", ""<*>"", ""<*>"", ""<*>"", ""<*>"", ""<*>"", ""<*>"", ""<*>"", ""<*>"" ))",0.7632,<IMMacNotificationCenterManager: <*> DND Enabled: <*>,0.7364,133.31,418
200,"CCFile::copyFile fileName is [2017-07-07_00,52,55.450817]-CCIOReporter-001.xml, source path:/var/log/CoreCapture/<*>/OneStats//[2017-07-07_00,52,55.450817]-CCIOReporter-001.xml, dest path:/Library/Logs/CrashReporter/CoreCapture/<*>/[2017-07-07_00,52,54.449889]=AuthFail:sts:5_rsn:0/OneStats//[2017-07-07_00,52,55.450817]-CCIOReporter-001.xml",exact,CCFile::copyFile fileName is <*> source path<*> dest path<*>,0.9958,doSaveChannels@286: Will write to: <*> - AuthFail:sts:5_rsn:0.xml,0.7235,CCFile::captureLog Received Capture notice id: <*> reason = AuthFail:sts:5_rsn:0,0.6874,136.4,418
201,-[NetworkAnalyticsEngine _writeJournalRecord:fromCellFingerprint:key:atLOI:ofKind:lqm:isFaulty:] Hashing of the primary key failed. Dropping the journal record.,exact,-[NetworkAnalyticsEngine _writeJournalRecord:fromCellFingerprint:key:atLOI:ofKind:lqm:isFaulty:] Hashing of the primary key failed. Dropping the journal record.,1.0,__73-[NetworkAnalyticsEngine observeValueForKeyPath:ofObject:change:context:]_block_invoke unexpected switch value 2,0.5176,doSaveChannels@286: Will write to: <*> - AuthFail:sts:5_rsn:0.xml,0.4278,186.95,418
202,Captive: [CNInfoNetworkActive:1748] en0: SSID 'CalVisitor' making interface primary (cache indicates network not captive),exact,Captive: [CNInfoNetworkActive:1748] en0: SSID 'CalVisitor' making interface primary (cache indicates network not captive),1.0,Captive: CNPluginHandler en0: Inactive,0.6857,Captive: CNPluginHandler en0: Authenticated,0.6103,186.89,418
203,"<*>: scheduler_evaluate_activity told me to run this job; however, but the start time isn't for 43840 seconds. Ignoring.",partial,"<*>: scheduler_evaluate_activity told me to run this job; however, but the start time isn't for <*> seconds. Ignoring.",0.9857,"<*>: scheduler_evaluate_activity told me to run this job; however, but the start time isn't for 6 seconds. Ignoring.",0.9346,"<*>://DB05755C-483D-44B7-B93B-ED06E57FF420/CalDAVPrincipal/p11: scheduler_evaluate_activity told me to run this job; however, but the start time isn't for 59 seconds. Ignoring.",0.8867,127.33,418
204,(DiskStore.Normal:2382) 20cb04f 1.000086,exact,(DiskStore.Normal:2382) 20cb04f <*>,1.0,en0: BSSID changed to f8:4f:57:3b:ea:b2,0.4225,en0: BSSID changed to 0c:68:03:d6:c5:1c,0.4085,125.21,418
205,<*>(37617) deny network-outbound /private/var/run/mDNSResponder,exact,<*>(37617) deny network-outbound /private/var/run/mDNSResponder,1.0,<*>(37725) deny network-outbound /private/var/run/mDNSResponder,0.9927,<*>(37682) deny network-outbound /private/var/run/mDNSResponder,0.9921,168.51,418
206,"<*>: scheduler_evaluate_activity told me to run this job; however, but the start time isn't for 5703 seconds. Ignoring.",partial,"<*>: scheduler_evaluate_activity told me to run this job; however, but the start time isn't for <*> seconds. Ignoring.",0.9851,"<*>: scheduler_evaluate_activity told me to run this job; however, but the start time isn't for 6 seconds. Ignoring.",0.9402,"<*>://DB05755C-483D-44B7-B93B-ED06E57FF420/CalDAVPrincipal/p11: scheduler_evaluate_activity told me to run this job; however, but the start time isn't for 59 seconds. Ignoring.",0.8861,133.13,418
207,AppleCamIn::systemWakeCall - messageType = 0xE0000340,exact,AppleCamIn::systemWakeCall - messageType = <*>,0.9995,AppleCamIn::handleWakeEvent_gated,0.711,AppleCamIn::wakeEventHandlerThread,0.6906,126.3,418
208,[HID] [ATC] AppleDeviceManagementHIDEventService::processWakeReason Wake reason: Host (0x01),exact,[HID] [ATC] AppleDeviceManagementHIDEventService::processWakeReason Wake reason: Host (0x01),1.0,[HID] [ATC] [Error] AppleDeviceManagementHIDEventService::start Could not make a string from out connection notification key,0.7673,[HID] [MT] AppleMultitouchDevice::start entered,0.5978,139.11,418
209,ARPT: 761864.513194: AirPort_Brcm43xx::powerChange: System Sleep,exact,ARPT: <*> AirPort_Brcm43xx::powerChange: System Sleep,0.9924,ARPT: <*> AirPort_Brcm43xx::powerChange: System Wake - Full Wake/ Dark Wake / Maintenance wake,0.8828,ARPT: <*> AirPort_Brcm43xx::syncPowerState: WWEN[enabled],0.8006,135.68,418
210,"2017-07-07 01:47:40.090 GoogleSoftwareUpdateAgent[37644/0x7000002a0000] [lvl=2] -[KSOutOfProcessFetcher beginFetchWithDelegate:] KSOutOfProcessFetcher start fetch from URL: ""https://<*>/service/update2?cup2hreq=c30943ccd5e0a03e93b6be3e2b7e2127989f08f1bde99263ffee091de8b8bc39&cup2key=7:1039900771""",exact,"<*> GoogleSoftwareUpdateAgent[37644/0x7000002a0000] [lvl=2] -[KSOutOfProcessFetcher beginFetchWithDelegate:] KSOutOfProcessFetcher start fetch from URL: ""https://<*>/service/update2?cup2hreq=c30943ccd5e0a03e93b6be3e2b7e2127989f08f1bde99263ffee091de8b8bc39&cup2key=7:1039900771""",1.0,"<*> GoogleSoftwareUpdateAgent[37316/0x7000002a0000] [lvl=2] -[KSOutOfProcessFetcher beginFetchWithDelegate:] KSOutOfProcessFetcher start fetch from URL: ""https://<*>/service/update2?cup2hreq=5e15fbe422c816bef7c133cfffdb516e16923579b9be2dfae4d7d8d211b25017&cup2key=7:780377214""",0.9933,"<*> GoogleSoftwareUpdateAgent[36128/0x7000002a0000] [lvl=2] -[KSOutOfProcessFetcher beginFetchWithDelegate:] KSOutOfProcessFetcher fetching from URL: ""https://<*>/service/update2?cup2hreq=ac844e04cbb398fcef4cf81b4ffc44a3ebc863e89d19c0b5d39d02d78d26675b&cup2key=7:677488741""",0.991,162.33,418
211,AppleThunderboltGenericHAL::earlyWake - complete - took 1 milliseconds,exact,AppleThunderboltGenericHAL::earlyWake - complete - took <*> milliseconds,0.9978,AppleThunderboltNHIType2::prePCIWake - power up complete - took <*> us,0.633,AppleThunderboltNHIType2::waitForOk2Go2Sx - retries = <*>,0.611,151.57,418
212,AppleCamIn::systemWakeCall - messageType = 0xE0000340,exact,AppleCamIn::systemWakeCall - messageType = <*>,0.9997,AppleCamIn::handleWakeEvent_gated,0.711,AppleCamIn::wakeEventHandlerThread,0.6906,151.48,418
213,"<*>: scheduler_evaluate_activity told me to run this job; however, but the start time isn't for 38922 seconds. Ignoring.",exact,"<*>: scheduler_evaluate_activity told me to run this job; however, but the start time isn't for <*> seconds. Ignoring.",0.9915,"<*>: scheduler_evaluate_activity told me to run this job; however, but the start time isn't for 6 seconds. Ignoring.",0.9465,"<*>://DB05755C-483D-44B7-B93B-ED06E57FF420/CalDAVPrincipal/p11: scheduler_evaluate_activity told me to run this job; however, but the start time isn't for 59 seconds. Ignoring.",0.8931,159.0,418
214,"<*>: scheduler_evaluate_activity told me to run this job; however, but the start time isn't for 893 seconds. Ignoring.",partial,"<*>: scheduler_evaluate_activity told me to run this job; however, but the start time isn't for <*> seconds. Ignoring.",0.9831,"<*>: scheduler_evaluate_activity told me to run this job; however, but the start time isn't for 6 seconds. Ignoring.",0.9488,"<*>://DB05755C-483D-44B7-B93B-ED06E57FF420/CalDAVPrincipal/p11: scheduler_evaluate_activity told me to run this job; however, but the start time isn't for 59 seconds. Ignoring.",0.8832,135.93,418
215,AppleCamIn::systemWakeCall - messageType = 0xE0000340,exact,AppleCamIn::systemWakeCall - messageType = <*>,0.9997,AppleCamIn::handleWakeEvent_gated,0.711,AppleCamIn::wakeEventHandlerThread,0.6906,127.48,418
216,<*>(37682) deny network-outbound /private/var/run/mDNSResponder,exact,<*>(37682) deny network-outbound /private/var/run/mDNSResponder,1.0,<*>(37617) deny network-outbound /private/var/run/mDNSResponder,0.9921,<*>(37725) deny network-outbound /private/var/run/mDNSResponder,0.992,140.58,418
217,dnssd_clientstub ConnectToServer: connect()-> No of tries: 2,exact,dnssd_clientstub ConnectToServer: connect()-> No of tries: <*>,0.9991,dnssd_clientstub ConnectToServer: connect() failed path:/var/run/mDNSResponder Socket:4 Err:-1 Errno:1 Operation not permitted,0.8397,[0706/011106:WARNING:dns_config_service_posix.cc(306)] Failed to read DnsConfig.,0.5316,147.27,418
218,Thermal pressure state: 1 Memory pressure state: 0,partial,Thermal pressure state: <*> Memory pressure state: 0,0.9895,Session <*> destroyed,0.2646,"Opened file /var/vm/sleepimage, size <*> extents 3, maxio <*> ssd 1",0.2522,127.64,418
219,"<*>: scheduler_evaluate_activity told me to run this job; however, but the start time isn't for 498005 seconds. Ignoring.",partial,"<*>: scheduler_evaluate_activity told me to run this job; however, but the start time isn't for <*> seconds. Ignoring.",0.9849,"<*>: scheduler_evaluate_activity told me to run this job; however, but the start time isn't for 6 seconds. Ignoring.",0.9385,"<*>://DB05755C-483D-44B7-B93B-ED06E57FF420/CalDAVPrincipal/p11: scheduler_evaluate_activity told me to run this job; however, but the start time isn't for 59 seconds. Ignoring.",0.8898,122.86,418
220,ARPT: 762302.122693: wl0: leaveModulePoweredForOffloads: Wi-Fi will stay on.,exact,ARPT: <*> wl0: leaveModulePoweredForOffloads: Wi-Fi will stay on.,0.993,ARPT: <*> wl0: setup_keepalive: Local IP: <*>,0.6499,"ARPT: <*> wl0: Roamed or switched channel, reason <*> bssid <*> last RSSI <*>",0.6453,173.12,418
221,"<*>: scheduler_evaluate_activity told me to run this job; however, but the start time isn't for 35733 seconds. Ignoring.",partial,"<*>: scheduler_evaluate_activity told me to run this job; however, but the start time isn't for <*> seconds. Ignoring.",0.9851,"<*>: scheduler_evaluate_activity told me to run this job; however, but the start time isn't for 6 seconds. Ignoring.",0.9375,"<*>://DB05755C-483D-44B7-B93B-ED06E57FF420/CalDAVPrincipal/p11: scheduler_evaluate_activity told me to run this job; however, but the start time isn't for 59 seconds. Ignoring.",0.8977,128.54,418
222,ARPT: 762363.637095: AirPort_Brcm43xx::powerChange: System Sleep,exact,ARPT: <*> AirPort_Brcm43xx::powerChange: System Sleep,0.9954,ARPT: <*> AirPort_Brcm43xx::powerChange: System Wake - Full Wake/ Dark Wake / Maintenance wake,0.8828,ARPT: <*> AirPort_Brcm43xx::syncPowerState: WWEN[enabled],0.7915,148.75,418
223,RTC: PowerByCalendarDate setting ignored,exact,RTC: PowerByCalendarDate setting ignored,1.0,RTC: Maintenance <*> sleep <*>,0.4579,"ARPT: <*> IOPMPowerSource Information: onSleep, SleepType: Standby, 'ExternalConnected': No, 'TimeRemaining': 578,",0.4482,173.7,418
224,ARPT: 762366.143164: AirPort_Brcm43xx::powerChange: System Wake - Full Wake/ Dark Wake / Maintenance wake,exact,ARPT: <*> AirPort_Brcm43xx::powerChange: System Wake - Full Wake/ Dark Wake / Maintenance wake,0.9948,ARPT: <*> AirPort_Brcm43xx::powerChange: System Sleep,0.89,ARPT: <*> AirPort_Brcm43xx::syncPowerState: WWEN[enabled],0.7401,138.42,418
225,dnssd_clientstub ConnectToServer: connect()-> No of tries: 2,exact,dnssd_clientstub ConnectToServer: connect()-> No of tries: <*>,0.9993,dnssd_clientstub ConnectToServer: connect() failed path:/var/run/mDNSResponder Socket:4 Err:-1 Errno:1 Operation not permitted,0.8397,[0706/011106:WARNING:dns_config_service_posix.cc(306)] Failed to read DnsConfig.,0.5316,144.72,418
226,IOThunderboltSwitch<0>(0x0)::listenerCallback - Thunderbolt HPD packet for route = 0x0 port = 11 unplug = 0,exact,IOThunderboltSwitch<0>(0x0)::listenerCallback - Thunderbolt HPD packet for route = <*> port = <*> unplug = 0,0.9974,AppleThunderboltNHIType2::waitForOk2Go2Sx - intel_rp = 1 dlla_reporting_supported = 0,0.4178,[HID] [ATC] AppleDeviceManagementHIDEventService::processWakeReason Wake reason: Host (0x01),0.4163,149.26,418
227,AppleCamIn::wakeEventHandlerThread,exact,AppleCamIn::wakeEventHandlerThread,1.0,AppleCamIn::handleWakeEvent_gated,0.7262,AppleCamIn::systemWakeCall - messageType = <*>,0.6907,129.37,418
228,ARPT: 762484.281874: AirPort_Brcm43xx::powerChange: System Wake - Full Wake/ Dark Wake / Maintenance wake,exact,ARPT: <*> AirPort_Brcm43xx::powerChange: System Wake - Full Wake/ Dark Wake / Maintenance wake,0.9918,ARPT: <*> AirPort_Brcm43xx::powerChange: System Sleep,0.8858,ARPT: <*> AirPort_Brcm43xx::syncPowerState: WWEN[enabled],0.7444,131.54,418
229,"<*>: scheduler_evaluate_activity told me to run this job; however, but the start time isn't for 33204 seconds. Ignoring.",exact,"<*>: scheduler_evaluate_activity told me to run this job; however, but the start time isn't for <*> seconds. Ignoring.",0.9909,"<*>: scheduler_evaluate_activity told me to run this job; however, but the start time isn't for 6 seconds. Ignoring.",0.9441,"<*>://DB05755C-483D-44B7-B93B-ED06E57FF420/CalDAVPrincipal/p11: scheduler_evaluate_activity told me to run this job; however, but the start time isn't for 59 seconds. Ignoring.",0.8793,187.85,418
230,"<*>: scheduler_evaluate_activity told me to run this job; however, but the start time isn't for 33282 seconds. Ignoring.",exact,"<*>: scheduler_evaluate_activity told me to run this job; however, but the start time isn't for <*> seconds. Ignoring.",0.9914,"<*>: scheduler_evaluate_activity told me to run this job; however, but the start time isn't for 6 seconds. Ignoring.",0.9441,"<*>://DB05755C-483D-44B7-B93B-ED06E57FF420/CalDAVPrincipal/p11: scheduler_evaluate_activity told me to run this job; however, but the start time isn't for 59 seconds. Ignoring.",0.8833,143.66,418
231,"ARPT: 762543.171617: IOPMPowerSource Information: onSleep, SleepType: Normal Sleep, 'ExternalConnected': Yes, 'TimeRemaining': 0,",partial,"ARPT: <*> IOPMPowerSource Information: <*> SleepType: Normal Sleep, 'ExternalConnected': <*> 'TimeRemaining': <*>",0.9856,"ARPT: <*> IOPMPowerSource Information: onSleep, SleepType: Standby, 'ExternalConnected': No, 'TimeRemaining': 578,",0.9542,ARPT: <*> AirPort_Brcm43xx::powerChange: System Sleep,0.6768,211.18,418
232,"<*>: scheduler_evaluate_activity told me to run this job; however, but the start time isn't for 106 seconds. Ignoring.",partial,"<*>: scheduler_evaluate_activity told me to run this job; however, but the start time isn't for <*> seconds. Ignoring.",0.9791,"<*>: scheduler_evaluate_activity told me to run this job; however, but the start time isn't for 6 seconds. Ignoring.",0.9674,"<*>://DB05755C-483D-44B7-B93B-ED06E57FF420/CalDAVPrincipal/p11: scheduler_evaluate_activity told me to run this job; however, but the start time isn't for 59 seconds. Ignoring.",0.8913,274.67,418
233,"ARPT: 762603.017378: wl0: setup_keepalive: Local port: 62991, Remote port: 443",exact,ARPT: <*> wl0: setup_keepalive: Local port: <*> Remote port: 443,0.9958,ARPT: <*> wl0: setup_keepalive: Local port: <*> Remote port: <*>,0.954,ARPT: <*> wl0: setup_keepalive: Remote IP: <*>,0.9101,126.28,418
234,AppleCamIn::wakeEventHandlerThread,exact,AppleCamIn::wakeEventHandlerThread,1.0,AppleCamIn::handleWakeEvent_gated,0.7262,AppleCamIn::systemWakeCall - messageType = <*>,0.6907,138.41,418
235,"<*>: scheduler_evaluate_activity told me to run this job; however, but the start time isn't for 31570 seconds. Ignoring.",partial,"<*>: scheduler_evaluate_activity told me to run this job; however, but the start time isn't for <*> seconds. Ignoring.",0.9877,"<*>: scheduler_evaluate_activity told me to run this job; however, but the start time isn't for 6 seconds. Ignoring.",0.9341,"<*>://DB05755C-483D-44B7-B93B-ED06E57FF420/CalDAVPrincipal/p11: scheduler_evaluate_activity told me to run this job; however, but the start time isn't for 59 seconds. Ignoring.",0.8889,129.34,418
236,Location icon should now be in state 'Active',exact,Location icon should now be in state 'Active',1.0,Location icon should now be in state 'Inactive',0.9243,Error returned from iconservicesagent: (null),0.4088,131.1,418
237,<*>(37725) deny network-outbound /private/var/run/mDNSResponder,exact,<*>(37725) deny network-outbound /private/var/run/mDNSResponder,1.0,<*>(37745) deny network-outbound /private/var/run/mDNSResponder,0.9948,<*>(37617) deny network-outbound /private/var/run/mDNSResponder,0.9927,128.84,418
238,AirPort: Link Down on awdl0. Reason 1 (Unspecified).,exact,AirPort: Link Down on awdl0. Reason 1 (Unspecified).,1.0,AirPort: Link Up on awdl0,0.8787,AirPort: Link Down on en0. Reason 8 (Disassociated because station leaving).,0.7418,138.19,418
239,"<*>: scheduler_evaluate_activity told me to run this job; however, but the start time isn't for 491488 seconds. Ignoring.",partial,"<*>: scheduler_evaluate_activity told me to run this job; however, but the start time isn't for <*> seconds. Ignoring.",0.9838,"<*>: scheduler_evaluate_activity told me to run this job; however, but the start time isn't for 6 seconds. Ignoring.",0.9307,"<*>://DB05755C-483D-44B7-B93B-ED06E57FF420/CalDAVPrincipal/p11: scheduler_evaluate_activity told me to run this job; however, but the start time isn't for 59 seconds. Ignoring.",0.8897,131.02,418
240,"<*>: scheduler_evaluate_activity told me to run this job; however, but the start time isn't for 1002 seconds. Ignoring.",partial,"<*>: scheduler_evaluate_activity told me to run this job; however, but the start time isn't for <*> seconds. Ignoring.",0.9717,"<*>: scheduler_evaluate_activity told me to run this job; however, but the start time isn't for 6 seconds. Ignoring.",0.9334,"<*>://DB05755C-483D-44B7-B93B-ED06E57FF420/CalDAVPrincipal/p11: scheduler_evaluate_activity told me to run this job; however, but the start time isn't for 59 seconds. Ignoring.",0.8729,188.91,418
241,"<*>: scheduler_evaluate_activity told me to run this job; however, but the start time isn't for 1002 seconds. Ignoring.",partial,"<*>: scheduler_evaluate_activity told me to run this job; however, but the start time isn't for <*> seconds. Ignoring.",0.9736,"<*>: scheduler_evaluate_activity told me to run this job; however, but the start time isn't for 6 seconds. Ignoring.",0.9334,"<*>://DB05755C-483D-44B7-B93B-ED06E57FF420/CalDAVPrincipal/p11: scheduler_evaluate_activity told me to run this job; however, but the start time isn't for 59 seconds. Ignoring.",0.8729,181.27,418
242,AppleThunderboltGenericHAL::earlyWake - complete - took 0 milliseconds,exact,AppleThunderboltGenericHAL::earlyWake - complete - took <*> milliseconds,0.9966,AppleThunderboltNHIType2::prePCIWake - power up complete - took <*> us,0.6451,AppleThunderboltNHIType2::waitForOk2Go2Sx - retries = <*>,0.6255,195.46,418
243,IOThunderboltSwitch<0>(0x0)::listenerCallback - Thunderbolt HPD packet for route = 0x0 port = 11 unplug = 0,exact,IOThunderboltSwitch<0>(0x0)::listenerCallback - Thunderbolt HPD packet for route = <*> port = <*> unplug = 0,0.9979,AppleThunderboltNHIType2::waitForOk2Go2Sx - intel_rp = 1 dlla_reporting_supported = 0,0.4178,[HID] [ATC] AppleDeviceManagementHIDEventService::processWakeReason Wake reason: Host (0x01),0.4163,201.68,418
244,AirPort: Link Up on awdl0,exact,AirPort: Link Up on awdl0,1.0,AirPort: Link Down on awdl0. Reason 1 (Unspecified).,0.8787,AirPort: Link Up on en0,0.8013,126.45,418
245,"<*>: scheduler_evaluate_activity told me to run this job; however, but the start time isn't for 29108 seconds. Ignoring.",partial,"<*>: scheduler_evaluate_activity told me to run this job; however, but the start time isn't for <*> seconds. Ignoring.",0.9857,"<*>: scheduler_evaluate_activity told me to run this job; however, but the start time isn't for 6 seconds. Ignoring.",0.9318,"<*>://DB05755C-483D-44B7-B93B-ED06E57FF420/CalDAVPrincipal/p11: scheduler_evaluate_activity told me to run this job; however, but the start time isn't for 59 seconds. Ignoring.",0.8798,134.07,418
246,dnssd_clientstub ConnectToServer: connect()-> No of tries: 3,exact,dnssd_clientstub ConnectToServer: connect()-> No of tries: <*>,0.9979,dnssd_clientstub ConnectToServer: connect() failed path:/var/run/mDNSResponder Socket:4 Err:-1 Errno:1 Operation not permitted,0.8418,[0706/011106:WARNING:dns_config_service_posix.cc(306)] Failed to read DnsConfig.,0.5466,148.3,418
247,<*>(37745) deny network-outbound /private/var/run/mDNSResponder,exact,<*>(37745) deny network-outbound /private/var/run/mDNSResponder,1.0,<*>(37725) deny network-outbound /private/var/run/mDNSResponder,0.9948,<*>(37617) deny network-outbound /private/var/run/mDNSResponder,0.9915,142.99,418
248,AppleCamIn::wakeEventHandlerThread,exact,AppleCamIn::wakeEventHandlerThread,1.0,AppleCamIn::handleWakeEvent_gated,0.7262,AppleCamIn::systemWakeCall - messageType = <*>,0.6907,132.46,418
249,ARPT: 762900.518967: wl0: MDNS: IPV6 Addr: 2607:f140:6000:8:3065:65eb:758e:972a,partial,ARPT: <*> wl0: MDNS: IPV6 Addr: <*>,0.9862,ARPT: <*> wl0: MDNS: IPV6 Addr: fe<*>,0.9396,ARPT: <*> wl0: MDNS: IPV4 Addr: <*>,0.9064,132.28,418
250,"<*>: scheduler_evaluate_activity told me to run this job; however, but the start time isn't for 1065 seconds. Ignoring.",partial,"<*>: scheduler_evaluate_activity told me to run this job; however, but the start time isn't for <*> seconds. Ignoring.",0.9788,"<*>: scheduler_evaluate_activity told me to run this job; however, but the start time isn't for 6 seconds. Ignoring.",0.9544,"<*>://DB05755C-483D-44B7-B93B-ED06E57FF420/CalDAVPrincipal/p11: scheduler_evaluate_activity told me to run this job; however, but the start time isn't for 59 seconds. Ignoring.",0.8849,126.89,418
251,ARPT: 762962.511796: AirPort_Brcm43xx::powerChange: System Sleep,exact,ARPT: <*> AirPort_Brcm43xx::powerChange: System Sleep,0.9942,ARPT: <*> AirPort_Brcm43xx::powerChange: System Wake - Full Wake/ Dark Wake / Maintenance wake,0.8844,ARPT: <*> AirPort_Brcm43xx::syncPowerState: WWEN[enabled],0.7982,211.88,418
252,"<*>: scheduler_evaluate_activity told me to run this job; however, but the start time isn't for 26744 seconds. Ignoring.",exact,"<*>: scheduler_evaluate_activity told me to run this job; however, but the start time isn't for <*> seconds. Ignoring.",0.9907,"<*>: scheduler_evaluate_activity told me to run this job; however, but the start time isn't for 6 seconds. Ignoring.",0.9458,"<*>://DB05755C-483D-44B7-B93B-ED06E57FF420/CalDAVPrincipal/p11: scheduler_evaluate_activity told me to run this job; however, but the start time isn't for 59 seconds. Ignoring.",0.8897,129.01,418
253,"<*>: scheduler_evaluate_activity told me to run this job; however, but the start time isn't for 26656 seconds. Ignoring.",exact,"<*>: scheduler_evaluate_activity told me to run this job; however, but the start time isn't for <*> seconds. Ignoring.",0.9902,"<*>: scheduler_evaluate_activity told me to run this job; however, but the start time isn't for 6 seconds. Ignoring.",0.949,"<*>://DB05755C-483D-44B7-B93B-ED06E57FF420/CalDAVPrincipal/p11: scheduler_evaluate_activity told me to run this job; however, but the start time isn't for 59 seconds. Ignoring.",0.8951,133.69,418
254,"<*>: scheduler_evaluate_activity told me to run this job; however, but the start time isn't for 488163 seconds. Ignoring.",partial,"<*>: scheduler_evaluate_activity told me to run this job; however, but the start time isn't for <*> seconds. Ignoring.",0.9869,"<*>: scheduler_evaluate_activity told me to run this job; however, but the start time isn't for 6 seconds. Ignoring.",0.9397,"<*>://DB05755C-483D-44B7-B93B-ED06E57FF420/CalDAVPrincipal/p11: scheduler_evaluate_activity told me to run this job; however, but the start time isn't for 59 seconds. Ignoring.",0.8885,171.49,418
255,ARPT: 763023.568413: AirPort_Brcm43xx::syncPowerState: WWEN[enabled],exact,ARPT: <*> AirPort_Brcm43xx::syncPowerState: WWEN[enabled],0.9953,ARPT: <*> AirPort_Brcm43xx::platformWoWEnable: WWEN[enable],0.9235,ARPT: <*> AirPort_Brcm43xx::platformWoWEnable: WWEN[disable],0.884,215.56,418
256,"<*>: scheduler_evaluate_activity told me to run this job; however, but the start time isn't for 25947 seconds. Ignoring.",partial,"<*>: scheduler_evaluate_activity told me to run this job; however, but the start time isn't for <*> seconds. Ignoring.",0.9885,"<*>: scheduler_evaluate_activity told me to run this job; however, but the start time isn't for 6 seconds. Ignoring.",0.9475,"<*>://DB05755C-483D-44B7-B93B-ED06E57FF420/CalDAVPrincipal/p11: scheduler_evaluate_activity told me to run this job; however, but the start time isn't for 59 seconds. Ignoring.",0.8793,211.91,418
257,AppleThunderboltNHIType2::prePCIWake - power up complete - took 1 us,exact,AppleThunderboltNHIType2::prePCIWake - power up complete - took <*> us,0.9977,AppleThunderboltGenericHAL::earlyWake - complete - took <*> milliseconds,0.6377,AppleThunderboltNHIType2::waitForOk2Go2Sx - retries = <*>,0.5369,212.69,418
258,"<*>: scheduler_evaluate_activity told me to run this job; however, but the start time isn't for 25042 seconds. Ignoring.",partial,"<*>: scheduler_evaluate_activity told me to run this job; however, but the start time isn't for <*> seconds. Ignoring.",0.9829,"<*>: scheduler_evaluate_activity told me to run this job; however, but the start time isn't for 6 seconds. Ignoring.",0.9332,"<*>://DB05755C-483D-44B7-B93B-ED06E57FF420/CalDAVPrincipal/p11: scheduler_evaluate_activity told me to run this job; however, but the start time isn't for 59 seconds. Ignoring.",0.8624,133.61,418
259,"<*>: scheduler_evaluate_activity told me to run this job; however, but the start time isn't for 25077 seconds. Ignoring.",partial,"<*>: scheduler_evaluate_activity told me to run this job; however, but the start time isn't for <*> seconds. Ignoring.",0.9846,"<*>: scheduler_evaluate_activity told me to run this job; however, but the start time isn't for 6 seconds. Ignoring.",0.94,"<*>://DB05755C-483D-44B7-B93B-ED06E57FF420/CalDAVPrincipal/p11: scheduler_evaluate_activity told me to run this job; however, but the start time isn't for 59 seconds. Ignoring.",0.8628,151.26,418
260,CCFile::captureLogRun() Exiting CCFile::captureLogRun,exact,CCFile::captureLogRun() Exiting CCFile::captureLogRun,1.0,CCFile::captureLog,0.8574,CCFile::captureLogRun Skipping current file Dir file <*> Current File <*>,0.784,133.06,418
261,"<*>: scheduler_evaluate_activity told me to run this job; however, but the start time isn't for 21754 seconds. Ignoring.",exact,"<*>: scheduler_evaluate_activity told me to run this job; however, but the start time isn't for <*> seconds. Ignoring.",0.9908,"<*>: scheduler_evaluate_activity told me to run this job; however, but the start time isn't for 6 seconds. Ignoring.",0.9382,"<*>://DB05755C-483D-44B7-B93B-ED06E57FF420/CalDAVPrincipal/p11: scheduler_evaluate_activity told me to run this job; however, but the start time isn't for 59 seconds. Ignoring.",0.8909,118.58,418
262,"CCFile::captureLogRun Skipping current file Dir file [2017-07-07_07,01,14.472939]-CCIOReporter-002.xml, Current File [2017-07-07_07,01,14.472939]-CCIOReporter-002.xml",partial,CCFile::captureLogRun Skipping current file Dir file <*> Current File <*>,0.9334,CCFile::captureLogRun() Exiting CCFile::captureLogRun,0.7817,CCFile::captureLog,0.7515,149.94,418
263,ARPT: 763490.115579: wl0: MDNS: IPV6 Addr: 2607:f140:6000:8:c6b3:1ff:fecd:467f,exact,ARPT: <*> wl0: MDNS: IPV6 Addr: fe<*>,0.9935,ARPT: <*> wl0: MDNS: IPV6 Addr: <*>,0.9507,ARPT: <*> wl0: MDNS: IPV4 Addr: <*>,0.8641,229.92,418
264,"setting hostname to ""authorMacBook-Pro.local""",exact,"setting hostname to ""authorMacBook-Pro.local""",1.0,"setting hostname to ""<*>""",0.4878,Unable to start NetBIOS name service:,0.3541,122.84,418
265,"CCDataTap::profileRemoved, Owner: <*>, Name: StateSnapshots",exact,"CCDataTap::profileRemoved, Owner: <*>, Name: StateSnapshots",1.0,"CCDataTap::profileRemoved, Owner: <*>, Name: AssociationEventHistory",0.7692,"CCLogTap::profileRemoved, Owner: <*>, Name: OneStats",0.7012,132.66,418
266,"<*>: scheduler_evaluate_activity told me to run this job; however, but the start time isn't for 20786 seconds. Ignoring.",partial,"<*>: scheduler_evaluate_activity told me to run this job; however, but the start time isn't for <*> seconds. Ignoring.",0.9883,"<*>: scheduler_evaluate_activity told me to run this job; however, but the start time isn't for 6 seconds. Ignoring.",0.9389,"<*>://DB05755C-483D-44B7-B93B-ED06E57FF420/CalDAVPrincipal/p11: scheduler_evaluate_activity told me to run this job; however, but the start time isn't for 59 seconds. Ignoring.",0.8818,128.58,418
267,AppleThunderboltGenericHAL::earlyWake - complete - took 1 milliseconds,exact,AppleThunderboltGenericHAL::earlyWake - complete - took <*> milliseconds,0.9978,AppleThunderboltNHIType2::prePCIWake - power up complete - took <*> us,0.6326,AppleThunderboltNHIType2::waitForOk2Go2Sx - retries = <*>,0.611,135.39,418
268,IOThunderboltSwitch<0>(0x0)::listenerCallback - Thunderbolt HPD packet for route = 0x0 port = 12 unplug = 0,exact,IOThunderboltSwitch<0>(0x0)::listenerCallback - Thunderbolt HPD packet for route = <*> port = <*> unplug = 0,0.9963,AppleThunderboltNHIType2::waitForOk2Go2Sx - intel_rp = 1 dlla_reporting_supported = 0,0.4202,[HID] [ATC] AppleDeviceManagementHIDEventService::processWakeReason Wake reason: Host (0x01),0.4127,129.86,418
269,"<*>: scheduler_evaluate_activity told me to run this job; however, but the start time isn't for 481541 seconds. Ignoring.",partial,"<*>: scheduler_evaluate_activity told me to run this job; however, but the start time isn't for <*> seconds. Ignoring.",0.9828,"<*>: scheduler_evaluate_activity told me to run this job; however, but the start time isn't for 6 seconds. Ignoring.",0.9316,"<*>://DB05755C-483D-44B7-B93B-ED06E57FF420/CalDAVPrincipal/p11: scheduler_evaluate_activity told me to run this job; however, but the start time isn't for 59 seconds. Ignoring.",0.8999,171.47,418
270,Thermal pressure state: 0 Memory pressure state: 0,exact,Thermal pressure state: <*> Memory pressure state: 0,0.9917,en0: BSSID changed to 0c:68:03:d6:c5:1c,0.2702,IOHibernatePollerOpen(0),0.2652,123.72,418
271,AppleThunderboltNHIType2::prePCIWake - power up complete - took 1 us,exact,AppleThunderboltNHIType2::prePCIWake - power up complete - took <*> us,0.9983,AppleThunderboltGenericHAL::earlyWake - complete - took <*> milliseconds,0.6365,AppleThunderboltNHIType2::waitForOk2Go2Sx - retries = <*>,0.5369,142.05,418
272,"setting hostname to ""authorMacBook-Pro.local""",exact,"setting hostname to ""authorMacBook-Pro.local""",1.0,"setting hostname to ""<*>""",0.4878,Unable to start NetBIOS name service:,0.3541,184.45,418
273,IO80211AWDLPeerManager::setAwdlOperatingMode Setting the AWDL operation mode from AUTO to SUSPENDED,exact,IO80211AWDLPeerManager::setAwdlOperatingMode Setting the AWDL operation mode from <*> to <*>,0.9994,"IO80211AWDLPeerManager::setAwdlSuspendedMode() Suspending AWDL, enterQuietMode(true)",0.8906,IO80211AWDLPeerManager::setAwdlAutoMode Resuming AWDL,0.789,121.16,418
274,QQ(10018) deny mach-lookup <*>,exact,QQ(10018) deny mach-lookup com.apple.networking.captivenetworksupport<*>,1.0,Sandbox: QQ(10018) deny(1) mach-lookup com.apple.networking.captivenetworksupport<*>,0.8834,Sandbox: QuickLookSatelli(38418) deny(1) mach-lookup com.apple.networkd<*>,0.5987,117.89,418
275,"<*>: scheduler_evaluate_activity told me to run this job; however, but the start time isn't for 479780 seconds. Ignoring.",exact,"<*>: scheduler_evaluate_activity told me to run this job; however, but the start time isn't for <*> seconds. Ignoring.",0.9924,"<*>: scheduler_evaluate_activity told me to run this job; however, but the start time isn't for 6 seconds. Ignoring.",0.9416,"<*>://DB05755C-483D-44B7-B93B-ED06E57FF420/CalDAVPrincipal/p11: scheduler_evaluate_activity told me to run this job; however, but the start time isn't for 59 seconds. Ignoring.",0.8938,125.0,418
276,__73-[NetworkAnalyticsEngine observeValueForKeyPath:ofObject:change:context:]_block_invoke unexpected switch value 2,exact,__73-[NetworkAnalyticsEngine observeValueForKeyPath:ofObject:change:context:]_block_invoke unexpected switch value 2,1.0,-[NetworkAnalyticsEngine _writeJournalRecord:fromCellFingerprint:key:atLOI:ofKind:lqm:isFaulty:] Hashing of the primary key failed. Dropping the journal record.,0.5176,__42-[NETClientConnection evaluateCrazyIvan46]_block_invoke CI46 - Hit by torpedo! QQ.<*> tc<*> <*>,0.429,143.31,418
277,nw_nat64_post_new_ifstate successfully changed NAT64 ifstate from 0x4 to 0x8000000000000000,exact,nw_nat64_post_new_ifstate successfully changed NAT64 ifstate from <*> to <*>,0.9997,en0::IO80211Interface::postMessage bssid changed,0.4405,host connection <NSXPCConnection: 0x7fddbbb015c0> connection from pid <*> invalidated,0.4224,127.58,418
278,Thermal pressure state: 0 Memory pressure state: 0,exact,Thermal pressure state: <*> Memory pressure state: 0,0.9933,en0: BSSID changed to 0c:68:03:d6:c5:1c,0.2702,IOHibernatePollerOpen(0),0.2652,133.87,418
279,-[UABestAppSuggestionManager notifyBestAppChanged:type:options:bundleIdentifier:activityType:dynamicIdentifier:when:confidence:deviceName:deviceIdentifier:deviceType:] (null) UASuggestedActionType=0 (null)/(null) opts=(null) when=2017-07-07 16:09:36 +0000 confidence=1 from=(null)/(null) (UABestAppSuggestionManager.m #319),exact,-[UABestAppSuggestionManager notifyBestAppChanged:type:options:bundleIdentifier:activityType:dynamicIdentifier:when:confidence:deviceName:deviceIdentifier:deviceType:] (null) UASuggestedActionType=0 (null)/(null) opts=(null) when<*> <*> +0000 confidence=1 from=(null)/(null) (UABestAppSuggestionManager.m #319),0.9999,-[SFLListManager(ServiceReplyProtocol) notifyChanges:toListWithIdentifier:] Notified of item changes to list with identifier com.apple.LSSharedFileList.RecentApplications<*>,0.4634,[BluetoothHIDDeviceController] <*>,0.4353,133.43,418
280,"<*>: scheduler_evaluate_activity told me to run this job; however, but the start time isn't for 14028 seconds. Ignoring.",partial,"<*>: scheduler_evaluate_activity told me to run this job; however, but the start time isn't for <*> seconds. Ignoring.",0.9848,"<*>: scheduler_evaluate_activity told me to run this job; however, but the start time isn't for 6 seconds. Ignoring.",0.9314,"<*>://DB05755C-483D-44B7-B93B-ED06E57FF420/CalDAVPrincipal/p11: scheduler_evaluate_activity told me to run this job; however, but the start time isn't for 59 seconds. Ignoring.",0.8757,134.2,418
281,AppleCamIn::systemWakeCall - messageType = 0xE0000340,exact,AppleCamIn::systemWakeCall - messageType = <*>,0.9998,AppleCamIn::handleWakeEvent_gated,0.711,AppleCamIn::wakeEventHandlerThread,0.6906,135.03,418
282,"<*>: scheduler_evaluate_activity told me to run this job; however, but the start time isn't for 474773 seconds. Ignoring.",exact,"<*>: scheduler_evaluate_activity told me to run this job; however, but the start time isn't for <*> seconds. Ignoring.",0.9914,"<*>: scheduler_evaluate_activity told me to run this job; however, but the start time isn't for 6 seconds. Ignoring.",0.9444,"<*>://DB05755C-483D-44B7-B93B-ED06E57FF420/CalDAVPrincipal/p11: scheduler_evaluate_activity told me to run this job; however, but the start time isn't for 59 seconds. Ignoring.",0.8948,126.66,418
283,"<*>: scheduler_evaluate_activity told me to run this job; however, but the start time isn't for 473935 seconds. Ignoring.",exact,"<*>: scheduler_evaluate_activity told me to run this job; however, but the start time isn't for <*> seconds. Ignoring.",0.9926,"<*>: scheduler_evaluate_activity told me to run this job; however, but the start time isn't for 6 seconds. Ignoring.",0.9428,"<*>://DB05755C-483D-44B7-B93B-ED06E57FF420/CalDAVPrincipal/p11: scheduler_evaluate_activity told me to run this job; however, but the start time isn't for 59 seconds. Ignoring.",0.896,200.11,418
284,"<*>: scheduler_evaluate_activity told me to run this job; however, but the start time isn't for 11575 seconds. Ignoring.",partial,"<*>: scheduler_evaluate_activity told me to run this job; however, but the start time isn't for <*> seconds. Ignoring.",0.9832,"<*>: scheduler_evaluate_activity told me to run this job; however, but the start time isn't for 6 seconds. Ignoring.",0.9339,"<*>://DB05755C-483D-44B7-B93B-ED06E57FF420/CalDAVPrincipal/p11: scheduler_evaluate_activity told me to run this job; however, but the start time isn't for 59 seconds. Ignoring.",0.8868,215.64,418
285,ARPT: 764299.017125: wl0: MDNS: IPV6 Addr: 2607:f140:6000:8:9cb8:f7f2:7c03:f956,exact,ARPT: <*> wl0: MDNS: IPV6 Addr: <*>,0.9949,ARPT: <*> wl0: MDNS: IPV6 Addr: fe<*>,0.9417,ARPT: <*> wl0: MDNS: IPV4 Addr: <*>,0.9021,201.05,418
286,"<*>: scheduler_evaluate_activity told me to run this job; however, but the start time isn't for 472301 seconds. Ignoring.",partial,"<*>: scheduler_evaluate_activity told me to run this job; however, but the start time isn't for <*> seconds. Ignoring.",0.9874,"<*>: scheduler_evaluate_activity told me to run this job; however, but the start time isn't for 6 seconds. Ignoring.",0.9341,"<*>://DB05755C-483D-44B7-B93B-ED06E57FF420/CalDAVPrincipal/p11: scheduler_evaluate_activity told me to run this job; however, but the start time isn't for 59 seconds. Ignoring.",0.8967,181.48,418
287,"<*>: scheduler_evaluate_activity told me to run this job; however, but the start time isn't for 845 seconds. Ignoring.",partial,"<*>: scheduler_evaluate_activity told me to run this job; however, but the start time isn't for <*> seconds. Ignoring.",0.9827,"<*>: scheduler_evaluate_activity told me to run this job; however, but the start time isn't for 6 seconds. Ignoring.",0.9459,"<*>://DB05755C-483D-44B7-B93B-ED06E57FF420/CalDAVPrincipal/p11: scheduler_evaluate_activity told me to run this job; however, but the start time isn't for 59 seconds. Ignoring.",0.8792,125.06,418
288,ARPT: 764361.057441: wl0: MDNS: IPV6 Addr: 2607:f140:6000:8:9cb8:f7f2:7c03:f956,exact,ARPT: <*> wl0: MDNS: IPV6 Addr: <*>,0.9926,ARPT: <*> wl0: MDNS: IPV6 Addr: fe<*>,0.9472,ARPT: <*> wl0: MDNS: IPV4 Addr: <*>,0.8987,130.52,418
289,"<*>: scheduler_evaluate_activity told me to run this job; however, but the start time isn't for 9959 seconds. Ignoring.",partial,"<*>: scheduler_evaluate_activity told me to run this job; however, but the start time isn't for <*> seconds. Ignoring.",0.9818,"<*>: scheduler_evaluate_activity told me to run this job; however, but the start time isn't for 6 seconds. Ignoring.",0.9505,"<*>://DB05755C-483D-44B7-B93B-ED06E57FF420/CalDAVPrincipal/p11: scheduler_evaluate_activity told me to run this job; however, but the start time isn't for 59 seconds. Ignoring.",0.8895,206.9,418
290,AirPort: Link Up on awdl0,exact,AirPort: Link Up on awdl0,1.0,AirPort: Link Down on awdl0. Reason 1 (Unspecified).,0.8787,AirPort: Link Up on en0,0.8013,141.22,418
291,"<*>: scheduler_evaluate_activity told me to run this job; however, but the start time isn't for 10028 seconds. Ignoring.",partial,"<*>: scheduler_evaluate_activity told me to run this job; however, but the start time isn't for <*> seconds. Ignoring.",0.9795,"<*>: scheduler_evaluate_activity told me to run this job; however, but the start time isn't for 6 seconds. Ignoring.",0.9346,"<*>://DB05755C-483D-44B7-B93B-ED06E57FF420/CalDAVPrincipal/p11: scheduler_evaluate_activity told me to run this job; however, but the start time isn't for 59 seconds. Ignoring.",0.8744,129.48,418
292,"ARPT: 764427.640542: wl0: setup_keepalive: Seq: 204730741, Ack: 2772623181, Win size: 4096",exact,ARPT: <*> wl0: setup_keepalive: Seq: <*> Ack: <*> Win size: <*>,0.9921,ARPT: <*> wl0: setup_keepalive: Local port: <*> Remote port: <*>,0.8349,ARPT: <*> wl0: setup_keepalive: Local IP: <*>,0.8304,138.97,418
293,AppleThunderboltGenericHAL::earlyWake - complete - took 0 milliseconds,exact,AppleThunderboltGenericHAL::earlyWake - complete - took <*> milliseconds,0.997,AppleThunderboltNHIType2::prePCIWake - power up complete - took <*> us,0.6448,AppleThunderboltNHIType2::waitForOk2Go2Sx - retries = <*>,0.6255,140.34,418
294,"RTC: Maintenance 2017/7/7 17:31:21, sleep 2017/7/7 17:18:49",exact,RTC: Maintenance <*> sleep <*>,0.9965,Wake reason: RTC (Alarm),0.5695,wake time set <*> s,0.4998,144.9,418
295,"<*>: scheduler_evaluate_activity told me to run this job; however, but the start time isn't for 9219 seconds. Ignoring.",partial,"<*>: scheduler_evaluate_activity told me to run this job; however, but the start time isn't for <*> seconds. Ignoring.",0.9853,"<*>: scheduler_evaluate_activity told me to run this job; however, but the start time isn't for 6 seconds. Ignoring.",0.9453,"<*>://DB05755C-483D-44B7-B93B-ED06E57FF420/CalDAVPrincipal/p11: scheduler_evaluate_activity told me to run this job; however, but the start time isn't for 59 seconds. Ignoring.",0.8868,130.64,418
296,RTC: PowerByCalendarDate setting ignored,exact,RTC: PowerByCalendarDate setting ignored,1.0,RTC: Maintenance <*> sleep <*>,0.4577,"ARPT: <*> IOPMPowerSource Information: onSleep, SleepType: Standby, 'ExternalConnected': No, 'TimeRemaining': 578,",0.4482,132.92,418
297,############################## _getSysMsgList,exact,############################## _getSysMsgList,1.0,<*> ksfetch[32776/0x7fff79824000] [lvl=2] KSHelperReceiveAllData() KSHelperTool read <*> bytes from stdin.,0.3016,<*> ksfetch[37925/0x7fff79824000] [lvl=2] KSHelperReceiveAllData() KSHelperTool read <*> bytes from stdin.,0.2968,131.09,418
298,IOThunderboltSwitch<0>(0x0)::listenerCallback - Thunderbolt HPD packet for route = 0x0 port = 12 unplug = 0,exact,IOThunderboltSwitch<0>(0x0)::listenerCallback - Thunderbolt HPD packet for route = <*> port = <*> unplug = 0,0.9969,AppleThunderboltNHIType2::waitForOk2Go2Sx - intel_rp = 1 dlla_reporting_supported = 0,0.4202,[HID] [ATC] AppleDeviceManagementHIDEventService::processWakeReason Wake reason: Host (0x01),0.4127,144.56,418
299,en0: channel changed to 1,exact,en0: channel changed to 1,1.0,en0: channel changed to 6,0.8919,"en0: channel changed to 36,+1",0.8799,125.81,418
300,Unrecognized XSSimpleTypeDefinition: OneOff,exact,Unrecognized XSSimpleTypeDefinition: OneOff,1.0,-[SOAPParser:0x7f82b1f24e50 parser:didStartElement:namespaceURI:qualifiedName:attributes:] Type not found in EWSItemType for ExchangePersonIdGuid (t:ExchangePersonIdGuid),0.404,-[SOAPParser:0x7f84bad89660 parser:didStartElement:namespaceURI:qualifiedName:attributes:] Type not found in EWSItemType for ExchangePersonIdGuid (t:ExchangePersonIdGuid),0.4017,120.98,418
301,DB Path: /Users/xpc/Library/Containers/<*>/Data/Documents/contents/916639562/QQ.db,exact,DB Path: /Users/xpc/Library/Containers/<*>/Data/Documents/contents/916639562/QQ.db,1.0,"DB Error: 1 ""no such table: tb_c<*>",0.2856,"[QL] No sandbox token for request <QLThumbnailRequest vmware-usbarb-25037.log>, it will probably fail",0.2812,131.35,418
302,Could not get event name for stream/token: <*>/4505: 132: Request for stale data,exact,Could not get event name for stream/token: <*>/4505: 132: Request for stale data,1.0,<*> ksfetch[35863/0x7fff79824000] [lvl=2] main() Fetcher received a request: <NSMutableURLRequest: <*> { URL: https://<*>/service/update2?cup2hreq=a7873a51b1cb55518e420d20dff47d463781ed3f7aa83c3153129eefb148070b&cup2key=7:2501762722 },0.444,CCProfileMonitor::setStreamEventHandler,0.4175,137.3,418
303,2017-07-07 10:54:41.296 ksfetch[37925/0x7fff79824000] [lvl=2] KSHelperReceiveAllData() KSHelperTool read 1926 bytes from stdin.,exact,<*> ksfetch[37925/0x7fff79824000] [lvl=2] KSHelperReceiveAllData() KSHelperTool read <*> bytes from stdin.,1.0,<*> ksfetch[32776/0x7fff79824000] [lvl=2] KSHelperReceiveAllData() KSHelperTool read <*> bytes from stdin.,0.9928,<*> ksfetch[37061/0x7fff79824000] [lvl=2] KSHelperReceiveAllData() KSHelperTool read <*> bytes from stdin.,0.9537,128.86,418
304,2017-07-07 10:54:41.875 GoogleSoftwareUpdateAgent[37924/0x7000002a0000] [lvl=2] -[KSUpdateCheckAction performAction] KSUpdateCheckAction starting update check for ticket(s): {( <KSTicket:0x100365950 productID=<*> version=<*> xc=<KSPathExistenceChecker:0x10036e950 path=/Applications/Google Chrome.app> serverType=Omaha url=https://<*>/service/update2 creationDate=2017-02-18 15:41:18 tagPath=/Applications/Google Chrome.app/Contents/Info.plist tagKey=KSChannelID brandPath=/Users/xpc/Library/Google/Google Chrome Brand.plist brandKey=KSBrandID versionPath=/Applications/Google Chrome.app/Contents/Info.plist versionKey=KSVersion cohort=1:1y5: cohortName=Stable ticketVersion=1 > )} Using server: <KSOmahaServer:0x100243f20 engine=<KSUpdateEngine:0x1007161b0> >,exact,<*> GoogleSoftwareUpdateAgent[37924/0x7000002a0000] [lvl=2] -[KSUpdateCheckAction performAction] KSUpdateCheckAction starting update check for ticket(s): {( <KSTicket:0x100365950 productID=<*> version=<*> xc=<KSPathExistenceChecker:0x10036e950 path=/Applications/Google Chrome.app> serverType=Omaha url=https://<*>/service/update2 creationDate=2017-02-18 <*> tagPath=/Applications/Google Chrome.app/Contents/Info.plist tagKey=KSChannelID brandPath=/Users/xpc/Library/Google/Google Chrome Brand.plist brandKey=KSBrandID versionPath=/Applications/Google Chrome.app/Contents/Info.plist versionKey=KSVersion cohort=1:1y5: cohortName=Stable ticketVersion=1 > )} Using server: <KSOmahaServer:0x100243f20 engine=<KSUpdateEngine:0x1007161b0> >,1.0,<*> GoogleSoftwareUpdateAgent[33847/0x7000002a0000] [lvl=2] -[KSUpdateCheckAction performAction] KSUpdateCheckAction starting update check for ticket(s): {( <KSTicket:0x10053b310 productID=<*> version=<*> xc=<KSPathExistenceChecker:0x10053ac30 path=/Users/xpc/Library/Google/GoogleSoftwareUpdate/GoogleSoftwareUpdate.bundle> url=https://<*>/service/update2 creationDate=2017-02-18 <*> ticketVersion=1 > )} Using server: <KSOmahaServer:0x100248090 engine=<KSUpdateEngine:0x1007249c0> >,0.8457,"<*> GoogleSoftwareUpdateAgent[32012/0x7000002a0000] [lvl=2] -[KSAgentApp updateProductWithProductID:usingEngine:] Checking for updates for ""<*>"" using engine <KSUpdateEngine:0x100313e70 ticketStore=<KSPersistentTicketStore:0x100332a60 store=<KSKeyedPersistentStore:0x100315fa0 path=""/Users/xpc/Library/Google/GoogleSoftwareUpdate/TicketStore/Keystone.ticketstore"" lockFile=<KSLockFile:0x1003176d0 path=""/Users/xpc/Library/Google/GoogleSoftwareUpdate/TicketStore/<*>"" locked=NO > >> processor=<KSActionProcessor:0x1003143e0 delegate=<KSUpdateEngine:0x100313e70> isProcessing=NO actionsCompleted=0 progress=0.00 errors=0 currentActionErrors=0 events=0 currentActionEvents=0 actionQueue=( ) > delegate=(null) serverInfoStore=<KSServerPrivateInfoStore:0x100311a10 path=""/Users/xpc/Library/Google/GoogleSoftwareUpdate/Servers""> errors=0 >",0.7886,134.89,418
305,Location icon should now be in state 'Inactive',exact,Location icon should now be in state 'Inactive',1.0,Location icon should now be in state 'Active',0.9243,Error returned from iconservicesagent: (null),0.4138,121.21,418
306,send_datagram_available_ping: pid 445 failed to act on a ping it dequeued before timing out.,exact,send_datagram_available_ping: pid 445 failed to act on a ping it dequeued before timing out.,1.0,tcp_connection_destination_perform_socket_connect <*> connectx to <*>:993@0 failed: [50] Network is down,0.4792,tcp_connection_destination_perform_socket_connect <*> connectx to <*>:143@0 failed: [50] Network is down,0.4696,136.49,418
307,"NETWORK: requery, 0, 0, 0, 0, 294, items, fQueryRetries, 0, fLastRetryTimestamp, 521144227.4",exact,"NETWORK: requery, 0, 0, 0, 0, <*> items, fQueryRetries, 0, fLastRetryTimestamp, <*>",0.9965,"NETWORK: no response from server, reachability, 2, queryRetries, <*>",0.5481,-[NetworkAnalyticsEngine _writeJournalRecord:fromCellFingerprint:key:atLOI:ofKind:lqm:isFaulty:] Hashing of the primary key failed. Dropping the journal record.,0.401,130.89,418
308,Error in CoreDragRemoveTrackingHandler: -1856,exact,Error in CoreDragRemoveTrackingHandler: -1856,1.0,Error in CoreDragRemoveReceiveHandler: -1856,0.9219,CCFile::copyFile fileName is <*> source path<*> dest path<*>,0.4314,246.28,418
309,"Path not allowed in target domain: type = pid, path = /System/Library/StagedFrameworks/Safari/SafariShared.framework/Versions/A/XPCServices/<*>/Contents/MacOS/<*> error = 147: The specified service did not ship in the requestor's bundle, origin = /System/Library/StagedFrameworks/Safari/WebKit.framework/Versions/A/XPCServices/<*>",exact,"Path not allowed in target domain: type = pid, path = /System/Library/StagedFrameworks/Safari/SafariShared.framework/Versions/A/XPCServices/<*>/Contents/MacOS/<*> error = 147: The specified service did not ship in the requestor's bundle, origin = /System/Library/StagedFrameworks/Safari/WebKit.framework/Versions/A/XPCServices/<*>",1.0,"securityd_xpc_dictionary_handler cloudd[326] copy_matching Error Domain=NSOSStatusErrorDomain Code=-50 ""query missing class name"" (paramErr: error in user parameter list) UserInfo={NSDescription=query missing class name}",0.4209,"PBRequester failed with Error Error Domain=NSURLErrorDomain Code=-1001 ""The request timed out."" UserInfo={NSUnderlyingError=0x7fb7ed616c80 {Error Domain=kCFErrorDomainCFNetwork Code=-1001 ""The request timed out."" UserInfo={NSErrorFailingURLStringKey=https://<*>/clls/wloc, NSErrorFailingURLKey=https://<*>/clls/wloc, _kCFStreamErrorCodeKey=-2102, _kCFStreamErrorDomainKey=4, NSLocalizedDescription=The request timed out.}}, NSErrorFailingURLStringKey=https://<*>/clls/wloc, NSErrorFailingURLKey=https://<*>/clls/wloc, _kCFStreamErrorDomainKey=4, _kCFStreamErrorCodeKey=-2102, NSLocalizedDescription=The request timed out.}",0.4119,136.54,418
310,[11:48:06.869] FigAgglomeratorSetObjectForKey signalled err=-16020 (kFigStringConformerError_ParamErr) (NULL key) at /Library/Caches/<*>/Sources/CoreMedia/<*>/Prototypes/LegibleOutput/FigAgglomerator.c line 92,exact,<*> FigAgglomeratorSetObjectForKey signalled err=-16020 (kFigStringConformerError_ParamErr) (NULL key) at /Library/Caches/<*>/Sources/CoreMedia/<*>/Prototypes/LegibleOutput/FigAgglomerator.c line 92,1.0,<*> itemasync_SetProperty signalled err=-12785 (kFigBaseObjectError_Invalidated) (invalidated) at /Library/Caches/<*>/Sources/CoreMedia/<*>/Prototypes/Player/FigPlayer_Async.c line <*>,0.5819,<*> itemasync_CopyProperty signalled err=-12785 (kFigBaseObjectError_Invalidated) (invalidated) at /Library/Caches/<*>/Sources/CoreMedia/<*>/Prototypes/Player/FigPlayer_Async.c line <*>,0.5277,143.23,418
311,"Path not allowed in target domain: type = pid, path = /System/Library/StagedFrameworks/Safari/SafariShared.framework/Versions/A/XPCServices/<*>/Contents/MacOS/<*> error = 147: The specified service did not ship in the requestor's bundle, origin = /System/Library/StagedFrameworks/Safari/WebKit.framework/Versions/A/XPCServices/<*>",exact,"Path not allowed in target domain: type = pid, path = /System/Library/StagedFrameworks/Safari/SafariShared.framework/Versions/A/XPCServices/<*>/Contents/MacOS/<*> error = 147: The specified service did not ship in the requestor's bundle, origin = /System/Library/StagedFrameworks/Safari/WebKit.framework/Versions/A/XPCServices/<*>",1.0,"securityd_xpc_dictionary_handler cloudd[326] copy_matching Error Domain=NSOSStatusErrorDomain Code=-50 ""query missing class name"" (paramErr: error in user parameter list) UserInfo={NSDescription=query missing class name}",0.4209,"PBRequester failed with Error Error Domain=NSURLErrorDomain Code=-1001 ""The request timed out."" UserInfo={NSUnderlyingError=0x7fb7ed616c80 {Error Domain=kCFErrorDomainCFNetwork Code=-1001 ""The request timed out."" UserInfo={NSErrorFailingURLStringKey=https://<*>/clls/wloc, NSErrorFailingURLKey=https://<*>/clls/wloc, _kCFStreamErrorCodeKey=-2102, _kCFStreamErrorDomainKey=4, NSLocalizedDescription=The request timed out.}}, NSErrorFailingURLStringKey=https://<*>/clls/wloc, NSErrorFailingURLKey=https://<*>/clls/wloc, _kCFStreamErrorDomainKey=4, _kCFStreamErrorCodeKey=-2102, NSLocalizedDescription=The request timed out.}",0.4119,135.38,418
312,Location icon should now be in state 'Active',exact,Location icon should now be in state 'Active',1.0,Location icon should now be in state 'Inactive',0.9243,Error returned from iconservicesagent: (null),0.4088,129.87,418
313,"Service ""<*>"" tried to hijack endpoint ""<*>"" from owner: <*>",exact,"Service ""<*>"" tried to hijack endpoint ""<*>"" from owner: com.apple.SystemUIServer.agent<*>",1.0,Service exited with abnormal code: 1,0.5965,ARPT: <*> wl0: setup_keepalive: Local IP: <*>,0.446,117.97,418
314,Location icon should now be in state 'Active',exact,Location icon should now be in state 'Active',1.0,Location icon should now be in state 'Inactive',0.9243,Error returned from iconservicesagent: (null),0.4088,149.53,418
315,"ARPT: 770226.223664: IOPMPowerSource Information: onWake, SleepType: Normal Sleep, 'ExternalConnected': Yes, 'TimeRemaining': 0,",partial,"ARPT: <*> IOPMPowerSource Information: <*> SleepType: Normal Sleep, 'ExternalConnected': <*> 'TimeRemaining': <*>",0.9807,"ARPT: <*> IOPMPowerSource Information: onSleep, SleepType: Standby, 'ExternalConnected': No, 'TimeRemaining': 578,",0.9434,ARPT: <*> AirPort_Brcm43xx::powerChange: System Sleep,0.6071,220.95,418
316,Session 101800 destroyed,partial,Session <*> destroyed,0.9289,Session <*> created,0.7209,"hibernate_teardown: wired_pages <*> free_pages <*> active_pages <*> inactive_pages 0, speculative_pages 0, cleaned_pages 0, compressor_pages 112",0.4116,150.81,418
317,Error returned from iconservicesagent: (null),exact,Error returned from iconservicesagent: (null),1.0,Service exited with abnormal code: 1,0.4885,Location icon should now be in state 'Inactive',0.4138,120.58,418
318,Error returned from iconservicesagent: (null),exact,Error returned from iconservicesagent: (null),1.0,Service exited with abnormal code: 1,0.4885,Location icon should now be in state 'Inactive',0.4138,143.83,418
319,send_datagram_available_ping: pid 445 failed to act on a ping it dequeued before timing out.,exact,send_datagram_available_ping: pid 445 failed to act on a ping it dequeued before timing out.,1.0,tcp_connection_destination_perform_socket_connect <*> connectx to <*>:993@0 failed: [50] Network is down,0.4792,tcp_connection_destination_perform_socket_connect <*> connectx to <*>:143@0 failed: [50] Network is down,0.4696,132.47,418
320,-[ISGenerateImageOp generateImageWithCompletion:] Failed to composit image for descriptor <ISBindingImageDescriptor: 0x7f995070be80>.,exact,-[ISGenerateImageOp generateImageWithCompletion:] Failed to composit image for descriptor <ISBindingImageDescriptor: <*>,0.9992,<*> FigAgglomeratorSetObjectForKey signalled err=-16020 (kFigStringConformerError_ParamErr) (NULL key) at /Library/Caches/<*>/Sources/CoreMedia/<*>/Prototypes/LegibleOutput/FigAgglomerator.c line 92,0.4637,Error returned from iconservicesagent: (null),0.3811,137.38,418
321,Error returned from iconservicesagent: (null),exact,Error returned from iconservicesagent: (null),1.0,Service exited with abnormal code: 1,0.4885,Location icon should now be in state 'Inactive',0.4138,131.01,418
322,-[ISGenerateImageOp generateImageWithCompletion:] Failed to composit image for descriptor <ISBindingImageDescriptor: 0x7f995060a270>.,exact,-[ISGenerateImageOp generateImageWithCompletion:] Failed to composit image for descriptor <ISBindingImageDescriptor: <*>,0.9994,<*> FigAgglomeratorSetObjectForKey signalled err=-16020 (kFigStringConformerError_ParamErr) (NULL key) at /Library/Caches/<*>/Sources/CoreMedia/<*>/Prototypes/LegibleOutput/FigAgglomerator.c line 92,0.4685,<IMMacNotificationCenterManager: <*> NC Disabled: NO,0.3849,128.94,418
323,AppleCamIn::systemWakeCall - messageType = 0xE0000340,exact,AppleCamIn::systemWakeCall - messageType = <*>,0.9998,AppleCamIn::handleWakeEvent_gated,0.711,AppleCamIn::wakeEventHandlerThread,0.6906,132.33,418
324,TBT W (2): 0x0040 [x],exact,TBT W (2): <*> [x],1.0,ARPT: <*> wl0: setup_keepalive: Seq: <*> Ack: <*> Win size: <*>,0.3872,ARPT: <*> wl0: wl_update_tcpkeep_seq: Original Seq: <*> Ack: <*> Win size: <*>,0.3717,126.59,418
325,AppleCamIn::handleWakeEvent_gated,exact,AppleCamIn::handleWakeEvent_gated,1.0,AppleCamIn::wakeEventHandlerThread,0.7262,AppleCamIn::systemWakeCall - messageType = <*>,0.7096,130.95,418
326,-[SOAPParser:0x7f84bad89660 parser:didStartElement:namespaceURI:qualifiedName:attributes:] Type not found in EWSItemType for ExchangePersonIdGuid (t:ExchangePersonIdGuid),exact,-[SOAPParser:0x7f84bad89660 parser:didStartElement:namespaceURI:qualifiedName:attributes:] Type not found in EWSItemType for ExchangePersonIdGuid (t:ExchangePersonIdGuid),1.0,-[SOAPParser:0x7fc7025b2810 parser:didStartElement:namespaceURI:qualifiedName:attributes:] Type not found in EWSItemType for ExchangePersonIdGuid (t:ExchangePersonIdGuid),0.9973,-[SOAPParser:0x7f82b1f24e50 parser:didStartElement:namespaceURI:qualifiedName:attributes:] Type not found in EWSItemType for ExchangePersonIdGuid (t:ExchangePersonIdGuid),0.9969,151.28,418
327,<IMMacNotificationCenterManager: 0x7fdcc9d16380>: NC Disabled: NO,exact,<IMMacNotificationCenterManager: <*> NC Disabled: NO,0.9968,"<IMMacNotificationCenterManager: <*> Updating enabled: <*> (Topics: ( <*> ""<*>"", ""<*>"", ""<*>"", ""<*>"", ""<*>"", ""<*>"", ""<*>"", ""<*>"", ""<*>"", ""<*>"", ""<*>"", ""<*>"", ""<*>"", ""<*>"", ""<*>"" ))",0.7671,<IMMacNotificationCenterManager: <*> DND Enabled: <*>,0.7383,216.58,418
328,in6_unlink_ifa: IPv6 address 0x77c911453a6dbcdb has no prefix,partial,in6_unlink_ifa: IPv6 address <*> has no prefix,0.9762,ARPT: <*> wl0: MDNS: IPV6 Addr: fe<*>,0.5309,ARPT: <*> wl0: MDNS: IPV6 Addr: <*>,0.5145,207.14,418
329,ARPT: 770518.944345: framerdy 0x0 bmccmd 3 framecnt 1024,partial,ARPT: <*> framerdy <*> bmccmd 3 framecnt <*>,0.9423,ARPT: <*> wl0: setup_keepalive: Seq: <*> Ack: <*> Win size: <*>,0.5734,ARPT: <*> AirPort_Brcm43xx::platformWoWEnable: WWEN[enable],0.5727,230.94,418
330,Received Capture Event,exact,Received Capture Event,1.0,CCFile::captureLog Received Capture notice id: <*> reason = AuthFail:sts:5_rsn:0,0.5162,CCFile::captureLog Received Capture notice id: <*> reason = RoamFail:sts:1_rsn:1,0.4903,199.3,418
331,"CCFile::copyFile fileName is [2017-07-07_12,24,25.108710]-io80211Family-007.pcapng, source path:/var/log/CoreCapture/<*>/IO80211AWDLPeerManager//[2017-07-07_12,24,25.108710]-io80211Family-007.pcapng, dest path:/Library/Logs/CrashReporter/CoreCapture/<*>/[2017-07-07_12,24,29.298901]=AuthFail:sts:5_rsn:0/IO80211AWDLPeerManager//[2017-07-07_12,24,25.108710]-io80211Family-007.pcapng",partial,CCFile::copyFile fileName is <*> source path<*> dest path<*>,0.8794,doSaveChannels@286: Will write to: <*> - AuthFail:sts:5_rsn:0.xml,0.6712,doSaveChannels@286: Will write to: <*> - AssocFail<*>,0.6442,143.17,418
332,ARPT: 770597.394609: AQM agg params 0xfc0 maxlen hi/lo 0x0 0xffff minlen 0x0 adjlen 0x0,exact,ARPT: <*> AQM agg params <*> maxlen hi/lo <*> minlen <*> adjlen <*>,0.9963,ARPT: <*> AQM agg results <*> len hi/lo: <*> BAbitmap(0-3) 0 0 0 0,0.7704,ARPT: <*> wl0: setup_keepalive: Seq: <*> Ack: <*> Win size: <*>,0.5741,146.97,418
333,CCFile::captureLog,exact,CCFile::captureLog,1.0,CCFile::captureLogRun() Exiting CCFile::captureLogRun,0.8574,CCFile::captureLog Received Capture notice id: <*> reason = AuthFail:sts:5_rsn:0,0.7945,164.72,418
334,"CCFile::captureLogRun Skipping current file Dir file [2017-07-07_12,24,31.376032]-AirPortBrcm4360_Logs-011.txt, Current File [2017-07-07_12,24,31.376032]-AirPortBrcm4360_Logs-011.txt",partial,CCFile::captureLogRun Skipping current file Dir file <*> Current File <*>,0.9144,CCFile::captureLog,0.7409,CCFile::captureLogRun() Exiting CCFile::captureLogRun,0.7197,139.83,418
335,CCFile::captureLogRun() Exiting CCFile::captureLogRun,exact,CCFile::captureLogRun() Exiting CCFile::captureLogRun,1.0,CCFile::captureLog,0.8574,CCFile::captureLogRun Skipping current file Dir file <*> Current File <*>,0.7874,132.69,418
336,CCFile::captureLog,exact,CCFile::captureLog,1.0,CCFile::captureLogRun() Exiting CCFile::captureLogRun,0.8574,CCFile::captureLog Received Capture notice id: <*> reason = AuthFail:sts:5_rsn:0,0.7945,144.19,418
337,ARPT: 770602.528852: AirPort_Brcm43xx::platformWoWEnable: WWEN[enable],partial,ARPT: <*> AirPort_Brcm43xx::platformWoWEnable: WWEN[enable],0.9875,ARPT: <*> AirPort_Brcm43xx::platformWoWEnable: WWEN[disable],0.9284,ARPT: <*> AirPort_Brcm43xx::syncPowerState: WWEN[enabled],0.9163,130.86,418
338,TBT W (2): 0x0040 [x],exact,TBT W (2): <*> [x],1.0,ARPT: <*> wl0: setup_keepalive: Seq: <*> Ack: <*> Win size: <*>,0.3872,ARPT: <*> wl0: wl_update_tcpkeep_seq: Original Seq: <*> Ack: <*> Win size: <*>,0.3717,128.0,418
339,ARPT: 770605.092581: ARPT: Wake Reason: Wake on Scan offload,exact,ARPT: <*> ARPT: Wake Reason: Wake on Scan offload,0.9911,ARPT: <*> ARPT: Wake Reason: Wake on TCP Timeout,0.7497,Wake reason: ARPT (Network),0.6824,130.96,418
340,AppleCamIn::handleWakeEvent_gated,exact,AppleCamIn::handleWakeEvent_gated,1.0,AppleCamIn::wakeEventHandlerThread,0.7262,AppleCamIn::systemWakeCall - messageType = <*>,0.7096,135.85,418
341,IO80211AWDLPeerManager::setAwdlOperatingMode Setting the AWDL operation mode from AUTO to SUSPENDED,exact,IO80211AWDLPeerManager::setAwdlOperatingMode Setting the AWDL operation mode from <*> to <*>,0.9996,"IO80211AWDLPeerManager::setAwdlSuspendedMode() Suspending AWDL, enterQuietMode(true)",0.8906,IO80211AWDLPeerManager::setAwdlAutoMode Resuming AWDL,0.789,127.21,418
342,IO80211AWDLPeerManager::setAwdlAutoMode Resuming AWDL,exact,IO80211AWDLPeerManager::setAwdlAutoMode Resuming AWDL,1.0,IO80211AWDLPeerManager::setAwdlOperatingMode Setting the AWDL operation mode from <*> to <*>,0.7917,"IO80211AWDLPeerManager::setAwdlSuspendedMode() Suspending AWDL, enterQuietMode(true)",0.7902,141.33,418
343,CCIOReporterFormatter::addRegistryChildToChannelDictionary streams 7,exact,CCIOReporterFormatter::addRegistryChildToChannelDictionary streams 7,1.0,CCIOReporterFormatter::refreshSubscriptionsFromStreamRegistry clearing out any previous subscriptions,0.5591,CCProfileMonitor::setStreamEventHandler,0.4634,142.63,418
344,"doSaveChannels@286: Will write to: /Library/Logs/CrashReporter/CoreCapture/IOReporters/[2017-07-07_13,38,22.072050] - AssocFail:sts:2_rsn:0.xml",exact,doSaveChannels@286: Will write to: <*> - AssocFail<*>,0.9985,doSaveChannels@286: Will write to: <*> - AuthFail:sts:5_rsn:0.xml,0.9294,CCFile::copyFile fileName is <*> source path<*> dest path<*>,0.6944,134.34,418
345,"CCFile::captureLogRun Skipping current file Dir file [2017-07-07_13,38,23.338868]-AirPortBrcm4360_Logs-013.txt, Current File [2017-07-07_13,38,23.338868]-AirPortBrcm4360_Logs-013.txt",partial,CCFile::captureLogRun Skipping current file Dir file <*> Current File <*>,0.935,CCFile::captureLog,0.7475,CCFile::captureLogRun() Exiting CCFile::captureLogRun,0.729,209.08,418
346,CCIOReporterFormatter::addRegistryChildToChannelDictionary streams 7,exact,CCIOReporterFormatter::addRegistryChildToChannelDictionary streams 7,1.0,CCIOReporterFormatter::refreshSubscriptionsFromStreamRegistry clearing out any previous subscriptions,0.5591,CCProfileMonitor::setStreamEventHandler,0.4634,129.73,418
347,"CCFile::captureLog Received Capture notice id: 1499459904.126805, reason = AuthFail:sts:5_rsn:0",exact,CCFile::captureLog Received Capture notice id: <*> reason = AuthFail:sts:5_rsn:0,0.9983,CCFile::captureLog Received Capture notice id: <*> reason = RoamFail:sts:1_rsn:1,0.9087,CCFile::captureLog,0.7804,134.64,418
348,"CCFile::captureLogRun Skipping current file Dir file [2017-07-07_13,38,24.371339]-CCIOReporter-019.xml, Current File [2017-07-07_13,38,24.371339]-CCIOReporter-019.xml",partial,CCFile::captureLogRun Skipping current file Dir file <*> Current File <*>,0.9417,CCFile::captureLogRun() Exiting CCFile::captureLogRun,0.7838,CCFile::captureLog,0.7513,143.18,418
349,-[NETClientConnection evaluateCrazyIvan46] CI46 - Perform CrazyIvan46! NeteaseMusic.17988 tc12042 <*>:80,exact,-[NETClientConnection evaluateCrazyIvan46] CI46 - Perform CrazyIvan46! NeteaseMusic.17988 <*> <*>:80,1.0,__42-[NETClientConnection evaluateCrazyIvan46]_block_invoke CI46 - Hit by torpedo! NeteaseMusic.17988 <*> <*>:80,0.8124,-[NETClientConnection evaluateCrazyIvan46] CI46 - Perform CrazyIvan46! QQ.<*> tc<*> <*>:80,0.7864,142.34,418
350,<*>(38132) deny network-outbound /private/var/run/mDNSResponder,exact,<*>(38132) deny network-outbound /private/var/run/mDNSResponder,1.0,<*>(38179) deny network-outbound /private/var/run/mDNSResponder,0.9924,<*>(36461) deny network-outbound /private/var/run/mDNSResponder,0.9828,134.73,418
351,Bluetooth -- LE is supported - Disable LE meta event,exact,Bluetooth -- LE is supported - Disable LE meta event,1.0,[BluetoothHIDDeviceController] <*>,0.5072,[IOBluetoothFamily][staticBluetoothTransportShowsUp] -- Received Bluetooth Controller register service notification -- <*>,0.4377,129.4,418
352,-[NETClientConnection effectiveBundleID] using process name CalendarAgent as bundle ID (this is expected for daemons without bundle ID,exact,-[NETClientConnection effectiveBundleID] using process name CalendarAgent as bundle ID (this is expected for daemons without bundle ID,1.0,-[NETClientConnection effectiveBundleID] using process name apsd as bundle ID (this is expected for daemons without bundle ID,0.7785,Daemon connection invalidated!,0.3935,186.89,418
353,CCFile::captureLog,exact,CCFile::captureLog,1.0,CCFile::captureLogRun() Exiting CCFile::captureLogRun,0.8574,CCFile::captureLog Received Capture notice id: <*> reason = AuthFail:sts:5_rsn:0,0.7939,134.02,418
354,Received Capture Event,exact,Received Capture Event,1.0,CCFile::captureLog Received Capture notice id: <*> reason = AuthFail:sts:5_rsn:0,0.5161,CCFile::captureLog Received Capture notice id: <*> reason = RoamFail:sts:1_rsn:1,0.4903,132.23,418
355,CCFile::captureLog,exact,CCFile::captureLog,1.0,CCFile::captureLogRun() Exiting CCFile::captureLogRun,0.8574,CCFile::captureLog Received Capture notice id: <*> reason = AuthFail:sts:5_rsn:0,0.7939,117.67,418
356,"CCFile::captureLogRun Skipping current file Dir file [2017-07-07_13,40,35.857095]-AirPortBrcm4360_Logs-022.txt, Current File [2017-07-07_13,40,35.857095]-AirPortBrcm4360_Logs-022.txt",partial,CCFile::captureLogRun Skipping current file Dir file <*> Current File <*>,0.9333,CCFile::captureLog,0.7372,CCFile::captureLogRun() Exiting CCFile::captureLogRun,0.712,125.83,418
357,"CCFile::captureLogRun Skipping current file Dir file [2017-07-07_13,40,35.961495]-io80211Family-023.pcapng, Current File [2017-07-07_13,40,35.961495]-io80211Family-023.pcapng",partial,CCFile::captureLogRun Skipping current file Dir file <*> Current File <*>,0.9603,CCFile::captureLogRun() Exiting CCFile::captureLogRun,0.7458,CCFile::captureLog,0.7355,143.09,418
358,ARPT: 770712.519828: framerdy 0x0 bmccmd 3 framecnt 1024,partial,ARPT: <*> framerdy <*> bmccmd 3 framecnt <*>,0.9768,ARPT: <*> wl0: setup_keepalive: Seq: <*> Ack: <*> Win size: <*>,0.581,ARPT: <*> AirPort_Brcm43xx::platformWoWEnable: WWEN[enable],0.5807,134.69,418
359,"CCFile::captureLog Received Capture notice id: 1499460036.519390, reason = AuthFail:sts:5_rsn:0",exact,CCFile::captureLog Received Capture notice id: <*> reason = AuthFail:sts:5_rsn:0,0.9986,CCFile::captureLog Received Capture notice id: <*> reason = RoamFail:sts:1_rsn:1,0.9072,CCFile::captureLog,0.79,156.94,418
360,"CCFile::copyFile fileName is [2017-07-07_13,40,37.052249]-io80211Family-031.pcapng, source path:/var/log/CoreCapture/<*>/IO80211AWDLPeerManager//[2017-07-07_13,40,37.052249]-io80211Family-031.pcapng, dest path:/Library/Logs/CrashReporter/CoreCapture/<*>/[2017-07-07_13,40,37.192896]=AuthFail:sts:5_rsn:0/IO80211AWDLPeerManager//[2017-07-07_13,40,37.052249]-io80211Family-031.pcapng",partial,CCFile::copyFile fileName is <*> source path<*> dest path<*>,0.8991,doSaveChannels@286: Will write to: <*> - AuthFail:sts:5_rsn:0.xml,0.6632,doSaveChannels@286: Will write to: <*> - AssocFail<*>,0.6336,143.26,418
361,CCIOReporterFormatter::refreshSubscriptionsFromStreamRegistry clearing out any previous subscriptions,exact,CCIOReporterFormatter::refreshSubscriptionsFromStreamRegistry clearing out any previous subscriptions,1.0,CCIOReporterFormatter::addRegistryChildToChannelDictionary streams 7,0.5591,CCXPCService::setStreamEventHandler Registered for notification callback.,0.4475,130.3,418
362,"doSaveChannels@286: Will write to: /Library/Logs/CrashReporter/CoreCapture/IOReporters/[2017-07-07_13,40,35.959475] - AuthFail:sts:5_rsn:0.xml",exact,doSaveChannels@286: Will write to: <*> - AuthFail:sts:5_rsn:0.xml,0.9995,doSaveChannels@286: Will write to: <*> - AssocFail<*>,0.9323,CCFile::copyFile fileName is <*> source path<*> dest path<*>,0.7267,128.6,418
363,nw_nat64_post_new_ifstate successfully changed NAT64 ifstate from 0x4 to 0x8000000000000000,exact,nw_nat64_post_new_ifstate successfully changed NAT64 ifstate from <*> to <*>,0.9998,en0::IO80211Interface::postMessage bssid changed,0.4405,host connection <NSXPCConnection: 0x7fddbbb015c0> connection from pid <*> invalidated,0.4224,144.92,418
364,############################## _getSysMsgList,exact,############################## _getSysMsgList,1.0,<*> ksfetch[32776/0x7fff79824000] [lvl=2] KSHelperReceiveAllData() KSHelperTool read <*> bytes from stdin.,0.3016,<*> ksfetch[37925/0x7fff79824000] [lvl=2] KSHelperReceiveAllData() KSHelperTool read <*> bytes from stdin.,0.2968,202.66,418
365,TBT W (2): 0x0040 [x],exact,TBT W (2): <*> [x],1.0,ARPT: <*> wl0: setup_keepalive: Seq: <*> Ack: <*> Win size: <*>,0.3872,ARPT: <*> wl0: wl_update_tcpkeep_seq: Original Seq: <*> Ack: <*> Win size: <*>,0.3717,132.35,418
366,nw_nat64_post_new_ifstate successfully changed NAT64 ifstate from 0x8000000000000000 to 0x4,exact,nw_nat64_post_new_ifstate successfully changed NAT64 ifstate from <*> to <*>,0.9995,en0::IO80211Interface::postMessage bssid changed,0.4332,host connection <NSXPCConnection: 0x7fddbbb015c0> connection from pid <*> invalidated,0.4181,146.96,418
367,ARPT: 770772.533370: AQM agg params 0xfc0 maxlen hi/lo 0x0 0xffff minlen 0x0 adjlen 0x0,exact,ARPT: <*> AQM agg params <*> maxlen hi/lo <*> minlen <*> adjlen <*>,0.9959,ARPT: <*> AQM agg results <*> len hi/lo: <*> BAbitmap(0-3) 0 0 0 0,0.7611,ARPT: <*> wl0: setup_keepalive: Seq: <*> Ack: <*> Win size: <*>,0.5727,312.03,418
368,-[NETClientConnection effectiveBundleID] using process name apsd as bundle ID (this is expected for daemons without bundle ID,exact,-[NETClientConnection effectiveBundleID] using process name apsd as bundle ID (this is expected for daemons without bundle ID,1.0,-[NETClientConnection effectiveBundleID] using process name CalendarAgent as bundle ID (this is expected for daemons without bundle ID,0.7785,Daemon connection invalidated!,0.4278,198.9,418
369,Captive: CNPluginHandler en0: Authenticated,exact,Captive: CNPluginHandler en0: Authenticated,1.0,Captive: CNPluginHandler en0: Evaluating,0.8861,Captive: CNPluginHandler en0: Inactive,0.8645,124.58,418
370,network changed: v4(en0+:<*>) v6(en0:2607:f140:6000:8:c6b3:1ff:fecd:467f) DNS! Proxy SMB,exact,network changed: <*> DNS<*> Proxy SMB,0.9984,network changed: v4(en0!:<*>) DNS+ Proxy+ SMB,0.9231,network changed: <*> DNS<*> <*> Proxy-,0.8687,125.1,418
371,ARPT: 770786.961436: AQM agg params 0xfc0 maxlen hi/lo 0x0 0xffff minlen 0x0 adjlen 0x0,exact,ARPT: <*> AQM agg params <*> maxlen hi/lo <*> minlen <*> adjlen <*>,0.9956,ARPT: <*> AQM agg results <*> len hi/lo: <*> BAbitmap(0-3) 0 0 0 0,0.7724,ARPT: <*> wl0: setup_keepalive: Seq: <*> Ack: <*> Win size: <*>,0.5458,124.67,418
372,CCFile::captureLog,exact,CCFile::captureLog,1.0,CCFile::captureLogRun() Exiting CCFile::captureLogRun,0.8574,CCFile::captureLog Received Capture notice id: <*> reason = AuthFail:sts:5_rsn:0,0.7938,141.28,418
373,"CCFile::captureLogRun Skipping current file Dir file [2017-07-07_13,42,34.831310]-AirPortBrcm4360_Logs-041.txt, Current File [2017-07-07_13,42,34.831310]-AirPortBrcm4360_Logs-041.txt",partial,CCFile::captureLogRun Skipping current file Dir file <*> Current File <*>,0.9393,CCFile::captureLog,0.7411,CCFile::captureLogRun() Exiting CCFile::captureLogRun,0.7187,186.52,418
374,ARPT: 770798.478026: framerdy 0x0 bmccmd 3 framecnt 1024,partial,ARPT: <*> framerdy <*> bmccmd 3 framecnt <*>,0.9862,ARPT: <*> AirPort_Brcm43xx::platformWoWEnable: WWEN[enable],0.5806,ARPT: <*> AirPort_Brcm43xx::platformWoWEnable: WWEN[disable],0.5753,123.96,418
375,ARPT: 770802.879782: wlc_dump_aggfifo:,exact,ARPT: <*> wlc_dump_aggfifo:,0.9925,ARPT: <*> wl0: setup_keepalive: Seq: <*> Ack: <*> Win size: <*>,0.5808,ARPT: <*> wl0: wl_update_tcpkeep_seq: Original Seq: <*> Ack: <*> Win size: <*>,0.5713,154.88,418
376,Received Capture Event,exact,Received Capture Event,1.0,CCFile::captureLog Received Capture notice id: <*> reason = AuthFail:sts:5_rsn:0,0.516,CCFile::captureLog Received Capture notice id: <*> reason = RoamFail:sts:1_rsn:1,0.4903,141.16,418
377,CCFile::captureLog,exact,CCFile::captureLog,1.0,CCFile::captureLogRun() Exiting CCFile::captureLogRun,0.8574,CCFile::captureLog Received Capture notice id: <*> reason = AuthFail:sts:5_rsn:0,0.7938,209.18,418
378,AppleThunderboltGenericHAL::earlyWake - complete - took 0 milliseconds,exact,AppleThunderboltGenericHAL::earlyWake - complete - took <*> milliseconds,0.9978,AppleThunderboltNHIType2::prePCIWake - power up complete - took <*> us,0.6448,AppleThunderboltNHIType2::waitForOk2Go2Sx - retries = <*>,0.6255,299.33,418
379,ARPT: 770812.035971: AirPort_Brcm43xx::powerChange: System Wake - Full Wake/ Dark Wake / Maintenance wake,exact,ARPT: <*> AirPort_Brcm43xx::powerChange: System Wake - Full Wake/ Dark Wake / Maintenance wake,0.9907,ARPT: <*> AirPort_Brcm43xx::powerChange: System Sleep,0.8761,ARPT: <*> AirPort_Brcm43xx::syncPowerState: WWEN[enabled],0.7255,232.32,418
380,Saw change in network reachability (isReachable=2),exact,Saw change in network reachability <*>,0.9904,"NETWORK: no response from server, reachability, 2, queryRetries, <*>",0.5231,"network_reachability_changed : network is not reachable, netbiosd is shutting down",0.504,127.09,418
381,dnssd_clientstub ConnectToServer: connect()-> No of tries: 1,exact,dnssd_clientstub ConnectToServer: connect()-> No of tries: <*>,0.9993,dnssd_clientstub ConnectToServer: connect() failed path:/var/run/mDNSResponder Socket:4 Err:-1 Errno:1 Operation not permitted,0.8397,[0706/011106:WARNING:dns_config_service_posix.cc(306)] Failed to read DnsConfig.,0.5321,154.8,418
382,__73-[NetworkAnalyticsEngine observeValueForKeyPath:ofObject:change:context:]_block_invoke unexpected switch value 2,exact,__73-[NetworkAnalyticsEngine observeValueForKeyPath:ofObject:change:context:]_block_invoke unexpected switch value 2,1.0,-[NetworkAnalyticsEngine _writeJournalRecord:fromCellFingerprint:key:atLOI:ofKind:lqm:isFaulty:] Hashing of the primary key failed. Dropping the journal record.,0.5176,__42-[NETClientConnection evaluateCrazyIvan46]_block_invoke CI46 - Hit by torpedo! QQ.<*> tc<*> <*>,0.429,129.29,418
383,-[NETClientConnection effectiveBundleID] using process name CalendarAgent as bundle ID (this is expected for daemons without bundle ID,exact,-[NETClientConnection effectiveBundleID] using process name CalendarAgent as bundle ID (this is expected for daemons without bundle ID,1.0,-[NETClientConnection effectiveBundleID] using process name apsd as bundle ID (this is expected for daemons without bundle ID,0.7785,Daemon connection invalidated!,0.3935,132.37,418
384,AppleThunderboltNHIType2::prePCIWake - power up complete - took 1 us,exact,AppleThunderboltNHIType2::prePCIWake - power up complete - took <*> us,0.9987,AppleThunderboltGenericHAL::earlyWake - complete - took <*> milliseconds,0.6385,AppleThunderboltNHIType2::waitForOk2Go2Sx - retries = <*>,0.5369,193.28,418
385,AppleCamIn::handleWakeEvent_gated,exact,AppleCamIn::handleWakeEvent_gated,1.0,AppleCamIn::wakeEventHandlerThread,0.7262,AppleCamIn::systemWakeCall - messageType = <*>,0.7096,190.77,418
386,<*>(38179) deny network-outbound /private/var/run/mDNSResponder,exact,<*>(38179) deny network-outbound /private/var/run/mDNSResponder,1.0,<*>(38132) deny network-outbound /private/var/run/mDNSResponder,0.9924,<*>(33562) deny network-outbound /private/var/run/mDNSResponder,0.99,197.92,418
387,[14:07:21.190] <<<< Boss >>>> figPlaybackBossPrerollCompleted: unexpected preroll-complete notification,exact,<*> <<<< Boss >>>> figPlaybackBossPrerollCompleted: unexpected preroll-complete notification,0.9951,<*> FigAgglomeratorSetObjectForKey signalled err=-16020 (kFigStringConformerError_ParamErr) (NULL key) at /Library/Caches/<*>/Sources/CoreMedia/<*>/Prototypes/LegibleOutput/FigAgglomerator.c line 92,0.4158,-_continuousScroll is deprecated for NSScrollWheel. Please use -hasPreciseScrollingDeltas.,0.4115,154.4,418
388,"SecOSStatusWith error:[-50] Error Domain=NSOSStatusErrorDomain Code=-50 ""query missing class name"" (paramErr: error in user parameter list) UserInfo={NSDescription=query missing class name}",exact,"SecOSStatusWith error:[-50] Error Domain=NSOSStatusErrorDomain Code=-50 ""query missing class name"" (paramErr: error in user parameter list) UserInfo={NSDescription=query missing class name}",1.0,"securityd_xpc_dictionary_handler cloudd[326] copy_matching Error Domain=NSOSStatusErrorDomain Code=-50 ""query missing class name"" (paramErr: error in user parameter list) UserInfo={NSDescription=query missing class name}",0.7506,"[Accounts] Current connection, <NSXPCConnection: <*> connection from pid <*> doesn't have account access.",0.4842,203.71,418
389,"Service ""<*>"" tried to hijack endpoint ""<*>"" from owner: <*>",exact,"Service ""<*>"" tried to hijack endpoint ""<*>"" from owner: com.apple.SystemUIServer.agent<*>",1.0,Service exited with abnormal code: 1,0.5965,ARPT: <*> wl0: setup_keepalive: Local IP: <*>,0.446,166.26,418
390,ASL Sender Statistics,exact,ASL Sender Statistics,1.0,"Configuration Notice: ASL Module ""<*>"" claims selected messages. Those messages may not appear in standard system log files or in the ASL database.",0.3592,Received Capture Event,0.2999,125.59,418
391,in6_unlink_ifa: IPv6 address 0x77c911454f15210b has no prefix,exact,in6_unlink_ifa: IPv6 address <*> has no prefix,0.9939,ARPT: <*> wl0: MDNS: IPV6 Addr: <*>,0.5214,ARPT: <*> wl0: MDNS: IPV6 Addr: fe<*>,0.5045,124.63,418
392,"ARPT: 771388.849884: wl0: setup_keepalive: interval 900, retry_interval 30, retry_count 10",exact,"ARPT: <*> wl0: setup_keepalive: interval 900, retry_interval 30, retry_count 10",0.9931,ARPT: <*> wl0: setup_keepalive: Local port: <*> Remote port: <*>,0.7804,ARPT: <*> wl0: setup_keepalive: Seq: <*> Ack: <*> Win size: <*>,0.7689,168.9,418
393,ASL Sender Statistics,exact,ASL Sender Statistics,1.0,"Configuration Notice: ASL Module ""<*>"" claims selected messages. Those messages may not appear in standard system log files or in the ASL database.",0.3592,Received Capture Event,0.2999,130.26,418
394,Previous sleep cause: 5,exact,Previous sleep cause: 5,1.0,Wake reason: EC.SleepTimer (SleepTimer),0.4608,Wake reason: ?,0.4587,123.48,418
395,ARPT: 771393.363637: AirPort_Brcm43xx::powerChange: System Wake - Full Wake/ Dark Wake / Maintenance wake,exact,ARPT: <*> AirPort_Brcm43xx::powerChange: System Wake - Full Wake/ Dark Wake / Maintenance wake,0.9947,ARPT: <*> AirPort_Brcm43xx::powerChange: System Sleep,0.8788,ARPT: <*> AirPort_Brcm43xx::syncPowerState: WWEN[enabled],0.7353,186.33,418
396,ARPT: 771456.438849: AirPort_Brcm43xx::platformWoWEnable: WWEN[disable],partial,ARPT: <*> AirPort_Brcm43xx::platformWoWEnable: WWEN[enable],0.9782,ARPT: <*> AirPort_Brcm43xx::platformWoWEnable: WWEN[disable],0.9595,ARPT: <*> AirPort_Brcm43xx::syncPowerState: WWEN[enabled],0.899,137.83,418
397,ARPT: 771516.615152: AirPort_Brcm43xx::platformWoWEnable: WWEN[disable],partial,ARPT: <*> AirPort_Brcm43xx::platformWoWEnable: WWEN[enable],0.9714,ARPT: <*> AirPort_Brcm43xx::platformWoWEnable: WWEN[disable],0.9544,ARPT: <*> AirPort_Brcm43xx::syncPowerState: WWEN[enabled],0.8911,131.44,418
398,<*>(38210) deny network-outbound /private/var/run/mDNSResponder,exact,<*>(38210) deny network-outbound /private/var/run/mDNSResponder,1.0,<*>(37725) deny network-outbound /private/var/run/mDNSResponder,0.9709,<*>(37617) deny network-outbound /private/var/run/mDNSResponder,0.9697,165.9,418
399,<*>(38210) deny network-outbound /private/var/run/mDNSResponder,exact,<*>(38210) deny network-outbound /private/var/run/mDNSResponder,1.0,<*>(37725) deny network-outbound /private/var/run/mDNSResponder,0.9709,<*>(37617) deny network-outbound /private/var/run/mDNSResponder,0.9697,131.03,418
400,AirPort: Link Down on awdl0. Reason 1 (Unspecified).,exact,AirPort: Link Down on awdl0. Reason 1 (Unspecified).,1.0,AirPort: Link Up on awdl0,0.8787,AirPort: Link Down on en0. Reason 8 (Disassociated because station leaving).,0.7418,125.28,418
401,IOThunderboltSwitch<0>(0x0)::listenerCallback - Thunderbolt HPD packet for route = 0x0 port = 11 unplug = 0,exact,IOThunderboltSwitch<0>(0x0)::listenerCallback - Thunderbolt HPD packet for route = <*> port = <*> unplug = 0,0.9974,AppleThunderboltNHIType2::waitForOk2Go2Sx - intel_rp = 1 dlla_reporting_supported = 0,0.4178,[HID] [ATC] AppleDeviceManagementHIDEventService::processWakeReason Wake reason: Host (0x01),0.4163,160.44,418
402,ASL Sender Statistics,exact,ASL Sender Statistics,1.0,"Configuration Notice: ASL Module ""<*>"" claims selected messages. Those messages may not appear in standard system log files or in the ASL database.",0.3592,Received Capture Event,0.2999,126.34,418
403,"ARPT: 771631.938256: IOPMPowerSource Information: onSleep, SleepType: Normal Sleep, 'ExternalConnected': No, 'TimeRemaining': 9235,",partial,"ARPT: <*> IOPMPowerSource Information: <*> SleepType: Normal Sleep, 'ExternalConnected': <*> 'TimeRemaining': <*>",0.9878,"ARPT: <*> IOPMPowerSource Information: onSleep, SleepType: Standby, 'ExternalConnected': No, 'TimeRemaining': 578,",0.966,ARPT: <*> AirPort_Brcm43xx::powerChange: System Sleep,0.6926,131.08,418
404,AppleCamIn::wakeEventHandlerThread,exact,AppleCamIn::wakeEventHandlerThread,1.0,AppleCamIn::handleWakeEvent_gated,0.7262,AppleCamIn::systemWakeCall - messageType = <*>,0.6907,204.27,418
405,en0: channel changed to 1,exact,en0: channel changed to 1,1.0,en0: channel changed to 6,0.8919,"en0: channel changed to 36,+1",0.8799,209.07,418
406,-[NetworkAnalyticsEngine _writeJournalRecord:fromCellFingerprint:key:atLOI:ofKind:lqm:isFaulty:] Hashing of the primary key failed. Dropping the journal record.,exact,-[NetworkAnalyticsEngine _writeJournalRecord:fromCellFingerprint:key:atLOI:ofKind:lqm:isFaulty:] Hashing of the primary key failed. Dropping the journal record.,1.0,__73-[NetworkAnalyticsEngine observeValueForKeyPath:ofObject:change:context:]_block_invoke unexpected switch value 2,0.5176,doSaveChannels@286: Will write to: <*> - AuthFail:sts:5_rsn:0.xml,0.4283,178.89,418
407,"Setting BTCoex Config: enable_2G:1, profile_2g:0, enable_5G:1, profile_5G:0",exact,"Setting BTCoex Config: enable_2G:1, profile_2g:0, enable_5G:1, profile_5G:0",1.0,en0: BSSID changed to <*>,0.4364,<*> : BTLE scanning started,0.4234,120.0,418
408,tcp_connection_handle_connect_conditions_bad 25340 failed: 3 - No network route,partial,tcp_connection_handle_connect_conditions_bad <*> failed: 3 - No network route,0.9107,tcp_connection_destination_perform_socket_connect <*> connectx to <*>:8080@0 failed: [51] Network is unreachable,0.5824,tcp_connection_destination_perform_socket_connect <*> connectx to <*>:143@0 failed: [50] Network is down,0.5765,124.9,418
409,Unable to start NetBIOS name service:,exact,Unable to start NetBIOS name service:,1.0,"network_reachability_changed : network is not reachable, netbiosd is shutting down",0.6338,Internal name did not resolve to internal address!,0.3858,194.05,418
410,-[NETClientConnection evaluateCrazyIvan46] CI46 - Perform CrazyIvan46! QQ.10018 tc25354 <*>:80,exact,-[NETClientConnection evaluateCrazyIvan46] CI46 - Perform CrazyIvan46! QQ.<*> tc<*> <*>:80,0.9963,-[NETClientConnection evaluateCrazyIvan46] CI46 - Perform CrazyIvan46! NeteaseMusic.17988 <*> <*>:80,0.7807,__42-[NETClientConnection evaluateCrazyIvan46]_block_invoke CI46 - Hit by torpedo! QQ.<*> tc<*> <*>,0.7793,202.75,418
411,"ARPT: 771663.085756: wl0: Roamed or switched channel, reason #8, bssid 00:a6:ca:db:93:cc, last RSSI -60",partial,"ARPT: <*> wl0: Roamed or switched channel, reason <*> bssid <*> last RSSI <*>",0.9897,ARPT: <*> wl0: wl_update_tcpkeep_seq: Original Seq: <*> Ack: <*> Win size: <*>,0.6627,ARPT: <*> wl0: leaveModulePoweredForOffloads: Wi-Fi will stay on.,0.6321,192.75,418
412,Captive: CNPluginHandler en0: Inactive,exact,Captive: CNPluginHandler en0: Inactive,1.0,Captive: CNPluginHandler en0: Authenticated,0.8645,Captive: CNPluginHandler en0: Evaluating,0.8611,191.08,418
413,en0: BSSID changed to 0c:68:03:d6:c5:1c,exact,en0: BSSID changed to 0c:68:03:d6:c5:1c,1.0,en0: BSSID changed to <*>,0.9495,en0: BSSID changed to 64:d9:89:6b:b5:33,0.9273,277.66,418
414,AppleCamIn::handleWakeEvent_gated,exact,AppleCamIn::handleWakeEvent_gated,1.0,AppleCamIn::wakeEventHandlerThread,0.7262,AppleCamIn::systemWakeCall - messageType = <*>,0.7096,166.11,418
415,"PBRequester failed with Error Error Domain=NSURLErrorDomain Code=-1009 ""The Internet connection appears to be offline."" UserInfo={NSUnderlyingError=0x7fb7f0035dc0 {Error Domain=kCFErrorDomainCFNetwork Code=-1009 ""The Internet connection appears to be offline."" UserInfo={NSErrorFailingURLStringKey=https://<*>/clls/wloc, NSErrorFailingURLKey=https://<*>/clls/wloc, _kCFStreamErrorCodeKey=8, _kCFStreamErrorDomainKey=12, NSLocalizedDescription=The Internet connection appears to be offline.}}, NSErrorFailingURLStringKey=https://<*>/clls/wloc, NSErrorFailingURLKey=https://<*>/clls/wloc, _kCFStreamErrorDomainKey=12, _kCFStreamErrorCodeKey=8, NSLocalizedDescription=The Internet connection appears to be offline.}",exact,"PBRequester failed with Error Error Domain=NSURLErrorDomain Code=-1009 ""The Internet connection appears to be offline."" UserInfo={NSUnderlyingError=0x7fb7f0035dc0 {Error Domain=kCFErrorDomainCFNetwork Code=-1009 ""The Internet connection appears to be offline."" UserInfo={NSErrorFailingURLStringKey=https://<*>/clls/wloc, NSErrorFailingURLKey=https://<*>/clls/wloc, _kCFStreamErrorCodeKey=8, _kCFStreamErrorDomainKey=12, NSLocalizedDescription=The Internet connection appears to be offline.}}, NSErrorFailingURLStringKey=https://<*>/clls/wloc, NSErrorFailingURLKey=https://<*>/clls/wloc, _kCFStreamErrorDomainKey=12, _kCFStreamErrorCodeKey=8, NSLocalizedDescription=The Internet connection appears to be offline.}",1.0,"PBRequester failed with Error Error Domain=NSURLErrorDomain Code=-1009 ""The Internet connection appears to be offline."" UserInfo<*> {Error Domain=kCFErrorDomainCFNetwork Code=-1009 ""The Internet connection appears to be offline."" UserInfo={NSErrorFailingURLStringKey=https://<*>/dispatcher.arpc, NSErrorFailingURLKey=https://<*>/dispatcher.arpc, _kCFStreamErrorCodeKey=8, _kCFStreamErrorDomainKey=12, NSLocalizedDescription=The Internet connection appears to be offline.}}, NSErrorFailingURLStringKey=https://<*>/dispatcher.arpc, NSErrorFailingURLKey=https://<*>/dispatcher.arpc, _kCFStreamErrorDomainKey=12, _kCFStreamErrorCodeKey=8, NSLocalizedDescription=The Internet connection appears to be offline.}",0.943,"PBRequester failed with Error Error Domain=NSURLErrorDomain Code=-1001 ""The request timed out."" UserInfo={NSUnderlyingError=0x7fb7ed616c80 {Error Domain=kCFErrorDomainCFNetwork Code=-1001 ""The request timed out."" UserInfo={NSErrorFailingURLStringKey=https://<*>/clls/wloc, NSErrorFailingURLKey=https://<*>/clls/wloc, _kCFStreamErrorCodeKey=-2102, _kCFStreamErrorDomainKey=4, NSLocalizedDescription=The request timed out.}}, NSErrorFailingURLStringKey=https://<*>/clls/wloc, NSErrorFailingURLKey=https://<*>/clls/wloc, _kCFStreamErrorDomainKey=4, _kCFStreamErrorCodeKey=-2102, NSLocalizedDescription=The request timed out.}",0.9113,265.46,418
416,"CCFile::copyFile fileName is [2017-07-07_16,24,11.442212]-AirPortBrcm4360_Logs-001.txt, source path:/var/log/CoreCapture/<*>/DriverLogs//[2017-07-07_16,24,11.442212]-AirPortBrcm4360_Logs-001.txt, dest path:/Library/Logs/CrashReporter/CoreCapture/<*>/[2017-07-07_16,24,11.124183]=AssocFail:sts:2_rsn:0/DriverLogs//[2017-07-07_16,24,11.442212]-AirPortBrcm4360_Logs-001.txt",partial,CCFile::copyFile fileName is <*> source path<*> dest path<*>,0.8186,CCFile::captureLogRun Skipping current file Dir file <*> Current File <*>,0.6492,CCFile::captureLog Received Capture notice id: <*> reason = AuthFail:sts:5_rsn:0,0.6212,140.24,418
417,CCIOReporterFormatter::refreshSubscriptionsFromStreamRegistry clearing out any previous subscriptions,exact,CCIOReporterFormatter::refreshSubscriptionsFromStreamRegistry clearing out any previous subscriptions,1.0,CCIOReporterFormatter::addRegistryChildToChannelDictionary streams 7,0.5591,CCXPCService::setStreamEventHandler Registered for notification callback.,0.4475,129.32,418
418,"CCFile::captureLog Received Capture notice id: 1499469856.145137, reason = AssocFail:sts:2_rsn:0",partial,CCFile::captureLog Received Capture notice id: <*> reason = AuthFail:sts:5_rsn:0,0.9725,CCFile::captureLog Received Capture notice id: <*> reason = RoamFail:sts:1_rsn:1,0.9184,CCFile::captureLog,0.7983,199.48,418
419,CCIOReporterFormatter::refreshSubscriptionsFromStreamRegistry clearing out any previous subscriptions,exact,CCIOReporterFormatter::refreshSubscriptionsFromStreamRegistry clearing out any previous subscriptions,1.0,CCIOReporterFormatter::addRegistryChildToChannelDictionary streams 7,0.5591,CCXPCService::setStreamEventHandler Registered for notification callback.,0.4475,219.11,418
420,Received Capture Event,exact,Received Capture Event,1.0,CCFile::captureLog Received Capture notice id: <*> reason = AuthFail:sts:5_rsn:0,0.5169,CCFile::captureLog Received Capture notice id: <*> reason = RoamFail:sts:1_rsn:1,0.4903,124.33,418
421,-[NETClientConnection effectiveBundleID] using process name apsd as bundle ID (this is expected for daemons without bundle ID,exact,-[NETClientConnection effectiveBundleID] using process name apsd as bundle ID (this is expected for daemons without bundle ID,1.0,-[NETClientConnection effectiveBundleID] using process name CalendarAgent as bundle ID (this is expected for daemons without bundle ID,0.7785,Daemon connection invalidated!,0.4278,130.34,418
422,############################## _getSysMsgList,exact,############################## _getSysMsgList,1.0,<*> ksfetch[32776/0x7fff79824000] [lvl=2] KSHelperReceiveAllData() KSHelperTool read <*> bytes from stdin.,0.3016,<*> ksfetch[37925/0x7fff79824000] [lvl=2] KSHelperReceiveAllData() KSHelperTool read <*> bytes from stdin.,0.2968,247.53,418
423,dnssd_clientstub ConnectToServer: connect()-> No of tries: 3,exact,dnssd_clientstub ConnectToServer: connect()-> No of tries: <*>,0.9982,dnssd_clientstub ConnectToServer: connect() failed path:/var/run/mDNSResponder Socket:4 Err:-1 Errno:1 Operation not permitted,0.8418,[0706/011106:WARNING:dns_config_service_posix.cc(306)] Failed to read DnsConfig.,0.5466,251.51,418
424,CGXDisplayDidWakeNotification [771797848593539]: posting kCGSDisplayDidWake,exact,CGXDisplayDidWakeNotification <*> posting kCGSDisplayDidWake,0.9964,<*> ksfetch[36728/0x7fff79824000] [lvl=2] main() ksfetch fetching URL (<NSMutableURLRequest: <*> { URL: https://<*>/service/update2?cup2hreq=f5e83ec64ff3fc5533a3c206134a6517e274f9e1cb53df857e15049b6e4c9f8e&cup2key=7:1721929288 }) to folder:/tmp/KSOutOfProcessFetcher.aPWod5QMh1/download,0.4884,<*> ksfetch[35863/0x7fff79824000] [lvl=2] main() Fetcher received a request: <NSMutableURLRequest: <*> { URL: https://<*>/service/update2?cup2hreq=a7873a51b1cb55518e420d20dff47d463781ed3f7aa83c3153129eefb148070b&cup2key=7:2501762722 },0.4802,179.41,418
425,dnssd_clientstub ConnectToServer: connect()-> No of tries: 3,exact,dnssd_clientstub ConnectToServer: connect()-> No of tries: <*>,0.9986,dnssd_clientstub ConnectToServer: connect() failed path:/var/run/mDNSResponder Socket:4 Err:-1 Errno:1 Operation not permitted,0.8418,[0706/011106:WARNING:dns_config_service_posix.cc(306)] Failed to read DnsConfig.,0.5466,192.82,418
426,Location icon should now be in state 'Inactive',exact,Location icon should now be in state 'Inactive',1.0,Location icon should now be in state 'Active',0.9243,Error returned from iconservicesagent: (null),0.4138,127.46,418
427,Session 102106 destroyed,exact,Session <*> destroyed,0.9921,Session <*> created,0.7117,hibernate_teardown completed - discarded <*>,0.4461,129.43,418
428,[16:57:09.235] <<<< Boss >>>> figPlaybackBossPrerollCompleted: unexpected preroll-complete notification,exact,<*> <<<< Boss >>>> figPlaybackBossPrerollCompleted: unexpected preroll-complete notification,0.9995,<*> FigAgglomeratorSetObjectForKey signalled err=-16020 (kFigStringConformerError_ParamErr) (NULL key) at /Library/Caches/<*>/Sources/CoreMedia/<*>/Prototypes/LegibleOutput/FigAgglomerator.c line 92,0.4182,-_continuousScroll is deprecated for NSScrollWheel. Please use -hasPreciseScrollingDeltas.,0.4072,128.28,418
429,KeychainGetICDPStatus: keychain: -25300,exact,KeychainGetICDPStatus: keychain: <*>,1.0,KeychainGetICDPStatus: status: off,0.7885,CGXDisplayDidWakeNotification <*> posting kCGSDisplayDidWake,0.3898,126.51,418
430,"Path not allowed in target domain: type = pid, path = /System/Library/StagedFrameworks/Safari/SafariShared.framework/Versions/A/XPCServices/<*>/Contents/MacOS/<*> error = 147: The specified service did not ship in the requestor's bundle, origin = /System/Library/StagedFrameworks/Safari/WebKit.framework/Versions/A/XPCServices/<*>",exact,"Path not allowed in target domain: type = pid, path = /System/Library/StagedFrameworks/Safari/SafariShared.framework/Versions/A/XPCServices/<*>/Contents/MacOS/<*> error = 147: The specified service did not ship in the requestor's bundle, origin = /System/Library/StagedFrameworks/Safari/WebKit.framework/Versions/A/XPCServices/<*>",1.0,"securityd_xpc_dictionary_handler cloudd[326] copy_matching Error Domain=NSOSStatusErrorDomain Code=-50 ""query missing class name"" (paramErr: error in user parameter list) UserInfo={NSDescription=query missing class name}",0.4209,"PBRequester failed with Error Error Domain=NSURLErrorDomain Code=-1001 ""The request timed out."" UserInfo={NSUnderlyingError=0x7fb7ed616c80 {Error Domain=kCFErrorDomainCFNetwork Code=-1001 ""The request timed out."" UserInfo={NSErrorFailingURLStringKey=https://<*>/clls/wloc, NSErrorFailingURLKey=https://<*>/clls/wloc, _kCFStreamErrorCodeKey=-2102, _kCFStreamErrorDomainKey=4, NSLocalizedDescription=The request timed out.}}, NSErrorFailingURLStringKey=https://<*>/clls/wloc, NSErrorFailingURLKey=https://<*>/clls/wloc, _kCFStreamErrorDomainKey=4, _kCFStreamErrorCodeKey=-2102, NSLocalizedDescription=The request timed out.}",0.4119,141.85,418
431,send_datagram_available_ping: pid 445 failed to act on a ping it dequeued before timing out.,exact,send_datagram_available_ping: pid 445 failed to act on a ping it dequeued before timing out.,1.0,tcp_connection_destination_perform_socket_connect <*> connectx to <*>:993@0 failed: [50] Network is down,0.4792,tcp_connection_destination_perform_socket_connect <*> connectx to <*>:143@0 failed: [50] Network is down,0.4696,228.88,418
432,Sandbox: QuickLookSatelli(38418) deny(1) mach-lookup <*>,exact,Sandbox: QuickLookSatelli(38418) deny(1) mach-lookup com.apple.networkd<*>,1.0,Sandbox: QQ(10018) deny(1) mach-lookup com.apple.networking.captivenetworksupport<*>,0.746,QQ(10018) deny mach-lookup com.apple.networking.captivenetworksupport<*>,0.5987,147.28,418
433,"nw_path_evaluator_start_helper_connection net_helper_path_evaluation_start failed, dumping backtrace: [x86_64] <*> 0 libsystem_network.dylib 0x00007fff92fabde9 __nw_create_backtrace_string + 123 1 libsystem_network.dylib 0x00007fff92fc289f nw_path_evaluator_start_helper_connection + 196 2 libdispatch.dylib 0x00007fff980fa93d _dispatch_call_block_and_release + 12 3 libdispatch.dylib 0x00007fff980ef40b _dispatch_client_callout + 8 4 libdispatch.dylib 0x00007fff980f403b _dispatch_queue_drain + 754 5 libdispatch.dylib 0x00007fff980fa707 _dispatch_queue_invoke + 549 6 libdispatch.dylib 0x00007fff980f2d53 _dispatch_root_queue_drain + 538 7 libdispatch.dylib 0x00007fff980f2b00 _dispatch_worker_thread3 + 91 8 libsystem_pthread.dylib 0x00007fff8ebc44de _pthread_wqthread + 1129 9 libsystem_pthread.dylib 0x00007fff8ebc2341 start_wqthread + 13",exact,"nw_path_evaluator_start_helper_connection net_helper_path_evaluation_start failed, dumping backtrace: [x86_64] libnetcore<*> 0 libsystem_network.dylib <*> __nw_create_backtrace_string + 123 1 libsystem_network.dylib <*> nw_path_evaluator_start_helper_connection + 196 2 libdispatch.dylib <*> _dispatch_call_block_and_release + 12 3 libdispatch.dylib <*> _dispatch_client_callout + 8 4 libdispatch.dylib <*> _dispatch_queue_drain + 754 5 libdispatch.dylib <*> _dispatch_queue_invoke + 549 6 libdispatch.dylib <*> _dispatch_root_queue_drain + 538 7 libdispatch.dylib <*> _dispatch_worker_thread3 + 91 8 libsystem_pthread.dylib <*> _pthread_wqthread + <*> 9 libsystem_pthread.dylib <*> start_wqthread + 13",1.0,"PBRequester failed with Error Error Domain=NSURLErrorDomain Code=-1009 ""The Internet connection appears to be offline."" UserInfo<*> {Error Domain=kCFErrorDomainCFNetwork Code=-1009 ""The Internet connection appears to be offline."" UserInfo={NSErrorFailingURLStringKey=https://<*>/dispatcher.arpc, NSErrorFailingURLKey=https://<*>/dispatcher.arpc, _kCFStreamErrorCodeKey=8, _kCFStreamErrorDomainKey=12, NSLocalizedDescription=The Internet connection appears to be offline.}}, NSErrorFailingURLStringKey=https://<*>/dispatcher.arpc, NSErrorFailingURLKey=https://<*>/dispatcher.arpc, _kCFStreamErrorDomainKey=12, _kCFStreamErrorCodeKey=8, NSLocalizedDescription=The Internet connection appears to be offline.}",0.4972,ARPT: <*> wl0: wl_update_tcpkeep_seq: Original Seq: <*> Ack: <*> Win size: <*>,0.4861,148.52,418
434,KeychainGetICDPStatus: status: off,exact,KeychainGetICDPStatus: status: off,1.0,KeychainGetICDPStatus: keychain: <*>,0.7885,"<*> GoogleSoftwareUpdateAgent[31702/0x7000002a0000] [lvl=2] -[KSAgentApp(KeystoneThread) runKeystonesInThreadWithArg:] Checking with local engine: <KSUpdateEngine:0x100259c60 ticketStore=<KSPersistentTicketStore:0x100253770 store=<KSKeyedPersistentStore:0x100254d10 path=""/Users/xpc/Library/Google/GoogleSoftwareUpdate/TicketStore/Keystone.ticketstore"" lockFile=<KSLockFile:0x100254d80 path=""/Users/xpc/Library/Google/GoogleSoftwareUpdate/TicketStore/<*>"" locked=NO > >> processor=<KSActionProcessor:0x100259e70 delegate=<KSUpdateEngine:0x100259c60> isProcessing=NO actionsCompleted=0 progress=0.00 errors=0 currentActionErrors=0 events=0 currentActionEvents=0 actionQueue=( ) > delegate=(null) serverInfoStore=<KSServerPrivateInfoStore:0x1002594d0 path=""/Users/xpc/Library/Google/GoogleSoftwareUpdate/Servers""> errors=0 >",0.4231,135.73,418
435,"CoreAnimation: warning, deleted thread with uncommitted CATransaction; set CA_DEBUG_TRANSACTIONS=1 in environment to log backtraces.",exact,"CoreAnimation: warning, deleted thread with uncommitted CATransaction; set CA_DEBUG_TRANSACTIONS=1 in environment to log backtraces.",1.0,CCFile::copyFile fileName is <*> source path<*> dest path<*>,0.4211,CoreAnimation: timed out fence 5fe83,0.4149,128.67,418
436,RTC: PowerByCalendarDate setting ignored,exact,RTC: PowerByCalendarDate setting ignored,1.0,RTC: Maintenance <*> sleep <*>,0.4577,"ARPT: <*> IOPMPowerSource Information: onSleep, SleepType: Standby, 'ExternalConnected': No, 'TimeRemaining': 578,",0.4482,167.57,418
437,IOThunderboltSwitch<0>(0x0)::listenerCallback - Thunderbolt HPD packet for route = 0x0 port = 12 unplug = 0,exact,IOThunderboltSwitch<0>(0x0)::listenerCallback - Thunderbolt HPD packet for route = <*> port = <*> unplug = 0,0.997,AppleThunderboltNHIType2::waitForOk2Go2Sx - intel_rp = 1 dlla_reporting_supported = 0,0.4202,[HID] [ATC] AppleDeviceManagementHIDEventService::processWakeReason Wake reason: Host (0x01),0.4127,120.75,418
438,Sandbox: <*>(38449) deny(1) network-outbound /private/var/run/mDNSResponder,exact,Sandbox: com.apple.Addres<*> deny(1) network-outbound /private/var/run/mDNSResponder,0.9972,<*>(38179) deny network-outbound /private/var/run/mDNSResponder,0.9043,<*>(36491) deny network-outbound /private/var/run/mDNSResponder,0.9027,127.17,418
439,AppleCamIn::systemWakeCall - messageType = 0xE0000340,exact,AppleCamIn::systemWakeCall - messageType = <*>,0.9999,AppleCamIn::handleWakeEvent_gated,0.711,AppleCamIn::wakeEventHandlerThread,0.6906,134.5,418
440,en0: channel changed to 1,exact,en0: channel changed to 1,1.0,en0: channel changed to 6,0.8919,"en0: channel changed to 36,+1",0.8799,125.08,418
441,[HID] [ATC] AppleDeviceManagementHIDEventService::processWakeReason Wake reason: Host (0x01),exact,[HID] [ATC] AppleDeviceManagementHIDEventService::processWakeReason Wake reason: Host (0x01),1.0,[HID] [ATC] [Error] AppleDeviceManagementHIDEventService::start Could not make a string from out connection notification key,0.7673,[HID] [MT] AppleMultitouchDevice::start entered,0.5978,149.03,418
442,Saw change in network reachability (isReachable=0),partial,Saw change in network reachability <*>,0.985,"NETWORK: no response from server, reachability, 2, queryRetries, <*>",0.5258,"network_reachability_changed : network is not reachable, netbiosd is shutting down",0.5204,144.16,418
443,CCFile::captureLogRun() Exiting CCFile::captureLogRun,exact,CCFile::captureLogRun() Exiting CCFile::captureLogRun,1.0,CCFile::captureLog,0.8574,CCFile::captureLogRun Skipping current file Dir file <*> Current File <*>,0.7855,157.41,418
444,"<*>: scheduler_evaluate_activity told me to run this job; however, but the start time isn't for 40 seconds. Ignoring.",partial,"<*>: scheduler_evaluate_activity told me to run this job; however, but the start time isn't for <*> seconds. Ignoring.",0.9688,"<*>: scheduler_evaluate_activity told me to run this job; however, but the start time isn't for 6 seconds. Ignoring.",0.9334,"<*>://DB05755C-483D-44B7-B93B-ED06E57FF420/CalDAVPrincipal/p11: scheduler_evaluate_activity told me to run this job; however, but the start time isn't for 59 seconds. Ignoring.",0.8776,126.57,418
445,IO80211AWDLPeerManager::setAwdlOperatingMode Setting the AWDL operation mode from AUTO to SUSPENDED,exact,IO80211AWDLPeerManager::setAwdlOperatingMode Setting the AWDL operation mode from <*> to <*>,0.9997,"IO80211AWDLPeerManager::setAwdlSuspendedMode() Suspending AWDL, enterQuietMode(true)",0.8906,IO80211AWDLPeerManager::setAwdlAutoMode Resuming AWDL,0.789,133.12,418
446,en0::IO80211Interface::postMessage bssid changed,exact,en0::IO80211Interface::postMessage bssid changed,1.0,en0: BSSID changed to f8:4f:57:3b:ea:b2,0.6874,en0: BSSID changed to 64:d9:89:6b:b5:33,0.6873,132.18,418
447,Previous sleep cause: 5,exact,Previous sleep cause: 5,1.0,Wake reason: EC.SleepTimer (SleepTimer),0.4608,Wake reason: ?,0.4587,128.6,418
448,"<*>: scheduler_evaluate_activity told me to run this job; however, but the start time isn't for 68031 seconds. Ignoring.",partial,"<*>: scheduler_evaluate_activity told me to run this job; however, but the start time isn't for <*> seconds. Ignoring.",0.9822,"<*>: scheduler_evaluate_activity told me to run this job; however, but the start time isn't for 6 seconds. Ignoring.",0.9549,"<*>://DB05755C-483D-44B7-B93B-ED06E57FF420/CalDAVPrincipal/p11: scheduler_evaluate_activity told me to run this job; however, but the start time isn't for 59 seconds. Ignoring.",0.8915,279.95,418
449,"<*>: scheduler_evaluate_activity told me to run this job; however, but the start time isn't for 2889 seconds. Ignoring.",partial,"<*>: scheduler_evaluate_activity told me to run this job; however, but the start time isn't for <*> seconds. Ignoring.",0.9891,"<*>: scheduler_evaluate_activity told me to run this job; however, but the start time isn't for 6 seconds. Ignoring.",0.9498,"<*>://DB05755C-483D-44B7-B93B-ED06E57FF420/CalDAVPrincipal/p11: scheduler_evaluate_activity told me to run this job; however, but the start time isn't for 59 seconds. Ignoring.",0.8774,127.01,418
450,"IO80211AWDLPeerManager::setAwdlSuspendedMode() Suspending AWDL, enterQuietMode(true)",exact,"IO80211AWDLPeerManager::setAwdlSuspendedMode() Suspending AWDL, enterQuietMode(true)",1.0,IO80211AWDLPeerManager::setAwdlOperatingMode Setting the AWDL operation mode from <*> to <*>,0.8898,IO80211AWDLPeerManager::setAwdlAutoMode Resuming AWDL,0.7902,184.83,418
451,AppleThunderboltGenericHAL::earlyWake - complete - took 0 milliseconds,exact,AppleThunderboltGenericHAL::earlyWake - complete - took <*> milliseconds,0.9983,AppleThunderboltNHIType2::prePCIWake - power up complete - took <*> us,0.6447,AppleThunderboltNHIType2::waitForOk2Go2Sx - retries = <*>,0.6255,126.83,418
452,"IO80211AWDLPeerManager::setAwdlSuspendedMode() Suspending AWDL, enterQuietMode(true)",exact,"IO80211AWDLPeerManager::setAwdlSuspendedMode() Suspending AWDL, enterQuietMode(true)",1.0,IO80211AWDLPeerManager::setAwdlOperatingMode Setting the AWDL operation mode from <*> to <*>,0.8898,IO80211AWDLPeerManager::setAwdlAutoMode Resuming AWDL,0.7902,126.71,418
453,"<*>: scheduler_evaluate_activity told me to run this job; however, but the start time isn't for 67203 seconds. Ignoring.",partial,"<*>: scheduler_evaluate_activity told me to run this job; however, but the start time isn't for <*> seconds. Ignoring.",0.9889,"<*>: scheduler_evaluate_activity told me to run this job; however, but the start time isn't for 6 seconds. Ignoring.",0.9569,"<*>://DB05755C-483D-44B7-B93B-ED06E57FF420/CalDAVPrincipal/p11: scheduler_evaluate_activity told me to run this job; however, but the start time isn't for 59 seconds. Ignoring.",0.8954,142.38,418
454,"<*>: scheduler_evaluate_activity told me to run this job; however, but the start time isn't for 442301 seconds. Ignoring.",partial,"<*>: scheduler_evaluate_activity told me to run this job; however, but the start time isn't for <*> seconds. Ignoring.",0.9796,"<*>: scheduler_evaluate_activity told me to run this job; however, but the start time isn't for 6 seconds. Ignoring.",0.9296,"<*>://DB05755C-483D-44B7-B93B-ED06E57FF420/CalDAVPrincipal/p11: scheduler_evaluate_activity told me to run this job; however, but the start time isn't for 59 seconds. Ignoring.",0.8937,134.12,418
455,-[SOAPParser:0x7fca6040cb50 parser:didStartElement:namespaceURI:qualifiedName:attributes:] Type not found in EWSItemType for ExchangePersonIdGuid (t:ExchangePersonIdGuid),exact,-[SOAPParser:0x7fca6040cb50 parser:didStartElement:namespaceURI:qualifiedName:attributes:] Type not found in EWSItemType for ExchangePersonIdGuid (t:ExchangePersonIdGuid),1.0,-[SOAPParser:0x7fc7025b2810 parser:didStartElement:namespaceURI:qualifiedName:attributes:] Type not found in EWSItemType for ExchangePersonIdGuid (t:ExchangePersonIdGuid),0.998,-[SOAPParser:0x7f84bad89660 parser:didStartElement:namespaceURI:qualifiedName:attributes:] Type not found in EWSItemType for ExchangePersonIdGuid (t:ExchangePersonIdGuid),0.9953,132.1,418
456,"<*>: scheduler_evaluate_activity told me to run this job; however, but the start time isn't for 441483 seconds. Ignoring.",partial,"<*>: scheduler_evaluate_activity told me to run this job; however, but the start time isn't for <*> seconds. Ignoring.",0.9697,"<*>: scheduler_evaluate_activity told me to run this job; however, but the start time isn't for 6 seconds. Ignoring.",0.9084,"<*>://DB05755C-483D-44B7-B93B-ED06E57FF420/CalDAVPrincipal/p11: scheduler_evaluate_activity told me to run this job; however, but the start time isn't for 59 seconds. Ignoring.",0.8677,182.13,418
457,"ARPT: 775899.188954: wl0: wl_update_tcpkeep_seq: Updated seq/ack/win from UserClient Seq 2863091569, Ack 159598625, Win size 278",partial,ARPT: <*> wl0: wl_update_tcpkeep_seq: Updated seq/ack/win from UserClient Seq <*> Ack <*> Win size 278,0.9878,ARPT: <*> wl0: wl_update_tcpkeep_seq: Original Seq: <*> Ack: <*> Win size: <*>,0.9242,ARPT: <*> wl0: setup_keepalive: Seq: <*> Ack: <*> Win size: <*>,0.6906,137.52,418
458,18:50:46.109 : BTLE scanner Powered On,partial,<*> : BTLE scanner Powered Off,0.9378,<*> : BTLE scanner Powered On,0.9274,<*> : BTLE scanning started,0.748,136.94,418
459,"<*>: scheduler_evaluate_activity told me to run this job; however, but the start time isn't for 4223 seconds. Ignoring.",partial,"<*>: scheduler_evaluate_activity told me to run this job; however, but the start time isn't for <*> seconds. Ignoring.",0.9788,"<*>: scheduler_evaluate_activity told me to run this job; however, but the start time isn't for 6 seconds. Ignoring.",0.9291,"<*>://DB05755C-483D-44B7-B93B-ED06E57FF420/CalDAVPrincipal/p11: scheduler_evaluate_activity told me to run this job; however, but the start time isn't for 59 seconds. Ignoring.",0.8683,160.68,418
460,"<*>: scheduler_evaluate_activity told me to run this job; however, but the start time isn't for 65558 seconds. Ignoring.",partial,"<*>: scheduler_evaluate_activity told me to run this job; however, but the start time isn't for <*> seconds. Ignoring.",0.986,"<*>: scheduler_evaluate_activity told me to run this job; however, but the start time isn't for 6 seconds. Ignoring.",0.9492,"<*>://DB05755C-483D-44B7-B93B-ED06E57FF420/CalDAVPrincipal/p11: scheduler_evaluate_activity told me to run this job; however, but the start time isn't for 59 seconds. Ignoring.",0.9034,129.56,418
461,AppleCamIn::systemWakeCall - messageType = 0xE0000340,exact,AppleCamIn::systemWakeCall - messageType = <*>,0.9999,AppleCamIn::handleWakeEvent_gated,0.711,AppleCamIn::wakeEventHandlerThread,0.6906,119.85,418
462,dnssd_clientstub ConnectToServer: connect()-> No of tries: 1,exact,dnssd_clientstub ConnectToServer: connect()-> No of tries: <*>,0.9992,dnssd_clientstub ConnectToServer: connect() failed path:/var/run/mDNSResponder Socket:4 Err:-1 Errno:1 Operation not permitted,0.8397,[0706/011106:WARNING:dns_config_service_posix.cc(306)] Failed to read DnsConfig.,0.5321,137.12,418
463,AppleCamIn::handleWakeEvent_gated,exact,AppleCamIn::handleWakeEvent_gated,1.0,AppleCamIn::wakeEventHandlerThread,0.7262,AppleCamIn::systemWakeCall - messageType = <*>,0.7098,140.84,418
464,-[UABestAppSuggestionManager notifyBestAppChanged:type:options:bundleIdentifier:activityType:dynamicIdentifier:when:confidence:deviceName:deviceIdentifier:deviceType:] (null) UASuggestedActionType=0 (null)/(null) opts=(null) when=2017-07-08 02:21:28 +0000 confidence=1 from=(null)/(null) (UABestAppSuggestionManager.m #319),exact,-[UABestAppSuggestionManager notifyBestAppChanged:type:options:bundleIdentifier:activityType:dynamicIdentifier:when:confidence:deviceName:deviceIdentifier:deviceType:] (null) UASuggestedActionType=0 (null)/(null) opts=(null) when<*> <*> +0000 confidence=1 from=(null)/(null) (UABestAppSuggestionManager.m #319),0.9999,-[SFLListManager(ServiceReplyProtocol) notifyChanges:toListWithIdentifier:] Notified of item changes to list with identifier com.apple.LSSharedFileList.RecentApplications<*>,0.4628,[BluetoothHIDDeviceController] <*>,0.4354,132.93,418
465,full wake promotion (reason 1) 374 ms,exact,full wake promotion (reason 1) 374 ms,1.0,full wake request (reason 2) <*> ms,0.7643,Wake reason: ?,0.6382,126.87,418
466,[<*>] [Refusing to parse response to PROPPATCH because of content-type: [text/html; charset=UTF-8].],exact,[<*>] [Refusing to parse response to PROPPATCH because of content-type: [text/html; charset=UTF-8].],1.0,url host = www.baidu.com<*>,0.3783,after trim url = https://<*>/_/chrome/newtab?rlz=1C5CHFA_enHK732HK732&espv=2&ie=UTF-8,0.3403,123.81,418
467,"securityd_xpc_dictionary_handler cloudd[326] copy_matching Error Domain=NSOSStatusErrorDomain Code=-50 ""query missing class name"" (paramErr: error in user parameter list) UserInfo={NSDescription=query missing class name}",exact,"securityd_xpc_dictionary_handler cloudd[326] copy_matching Error Domain=NSOSStatusErrorDomain Code=-50 ""query missing class name"" (paramErr: error in user parameter list) UserInfo={NSDescription=query missing class name}",1.0,"SecOSStatusWith error:[-50] Error Domain=NSOSStatusErrorDomain Code=-50 ""query missing class name"" (paramErr: error in user parameter list) UserInfo={NSDescription=query missing class name}",0.7506,"[Accounts] Current connection, <NSXPCConnection: <*> connection from pid <*> doesn't have account access.",0.4834,141.64,418
468,-[ISGenerateImageOp generateImageWithCompletion:] Failed to composit image for descriptor <ISBindingImageDescriptor: 0x7f9951217bb0>.,exact,-[ISGenerateImageOp generateImageWithCompletion:] Failed to composit image for descriptor <ISBindingImageDescriptor: <*>,0.9995,<*> FigAgglomeratorSetObjectForKey signalled err=-16020 (kFigStringConformerError_ParamErr) (NULL key) at /Library/Caches/<*>/Sources/CoreMedia/<*>/Prototypes/LegibleOutput/FigAgglomerator.c line 92,0.4625,<IMMacNotificationCenterManager: <*> DND Enabled: <*>,0.3831,173.21,418
469,Error returned from iconservicesagent: (null),exact,Error returned from iconservicesagent: (null),1.0,Service exited with abnormal code: 1,0.4885,Location icon should now be in state 'Inactive',0.4138,124.86,418
470,"securityd_xpc_dictionary_handler cloudd[326] copy_matching Error Domain=NSOSStatusErrorDomain Code=-50 ""query missing class name"" (paramErr: error in user parameter list) UserInfo={NSDescription=query missing class name}",exact,"securityd_xpc_dictionary_handler cloudd[326] copy_matching Error Domain=NSOSStatusErrorDomain Code=-50 ""query missing class name"" (paramErr: error in user parameter list) UserInfo={NSDescription=query missing class name}",1.0,"SecOSStatusWith error:[-50] Error Domain=NSOSStatusErrorDomain Code=-50 ""query missing class name"" (paramErr: error in user parameter list) UserInfo={NSDescription=query missing class name}",0.7506,"[Accounts] Current connection, <NSXPCConnection: <*> connection from pid <*> doesn't have account access.",0.4834,132.38,418
471,-[ISGenerateImageOp generateImageWithCompletion:] Failed to composit image for descriptor <ISBindingImageDescriptor: 0x7f9950712080>.,exact,-[ISGenerateImageOp generateImageWithCompletion:] Failed to composit image for descriptor <ISBindingImageDescriptor: <*>,0.9997,<*> FigAgglomeratorSetObjectForKey signalled err=-16020 (kFigStringConformerError_ParamErr) (NULL key) at /Library/Caches/<*>/Sources/CoreMedia/<*>/Prototypes/LegibleOutput/FigAgglomerator.c line 92,0.4647,Error returned from iconservicesagent: (null),0.3807,194.31,418
472,-[ISGenerateImageOp generateImageWithCompletion:] Failed to composit image for descriptor <ISBindingImageDescriptor: 0x7f9951214ca0>.,exact,-[ISGenerateImageOp generateImageWithCompletion:] Failed to composit image for descriptor <ISBindingImageDescriptor: <*>,0.9989,<*> FigAgglomeratorSetObjectForKey signalled err=-16020 (kFigStringConformerError_ParamErr) (NULL key) at /Library/Caches/<*>/Sources/CoreMedia/<*>/Prototypes/LegibleOutput/FigAgglomerator.c line 92,0.4639,<IMMacNotificationCenterManager: <*> NC Disabled: NO,0.3832,135.58,418
473,"NETWORK: requery, 0, 0, 0, 0, 328, items, fQueryRetries, 0, fLastRetryTimestamp, 521177334.4",exact,"NETWORK: requery, 0, 0, 0, 0, <*> items, fQueryRetries, 0, fLastRetryTimestamp, <*>",0.997,"NETWORK: no response from server, reachability, 2, queryRetries, <*>",0.5479,-[NetworkAnalyticsEngine _writeJournalRecord:fromCellFingerprint:key:atLOI:ofKind:lqm:isFaulty:] Hashing of the primary key failed. Dropping the journal record.,0.3973,121.19,418
474,"NSURLSession/NSURLConnection HTTP load failed (kCFStreamErrorDomainSSL, -9806)",exact,"NSURLSession/NSURLConnection HTTP load failed (kCFStreamErrorDomainSSL, <*>",1.0,"[CardDAVPlugin-ERROR] -getPrincipalInfo:[_controller supportsRequestCompressionAtURL:https://13957525385%40163.com@<*>/874161398/principal/] Error Domain=NSURLErrorDomain Code=-1009 ""The Internet connection appears to be offline."" UserInfo={NSUnderlyingError=0x7f8de0c0dc70 {Error Domain=kCFErrorDomainCFNetwork Code=-1009 ""The Internet connection appears to be offline."" UserInfo={NSErrorFailingURLStringKey=https://13957525385%40163.com@<*>/874161398/principal/, NSErrorFailingURLKey=https://13957525385%40163.com@<*>/874161398/principal/, _kCFStreamErrorCodeKey=8, _kCFStreamErrorDomainKey=12, NSLocalizedDescription=The Internet connection appears to be offline.}}, NSErrorFailingURLStringKey=https://13957525385%40163.com@<*>/874161398/principal/, NSErrorFailingURLKey=https://13957525385%40163.com@<*>/874161398/principal/, _kCFStreamErrorDomainKey=12, _kCFStreamErrorCodeKey=8, NSLocalizedDescription=The Internet connection appears to be offline.}",0.6663,"PBRequester failed with Error Error Domain=NSURLErrorDomain Code=-1001 ""The request timed out."" UserInfo={NSUnderlyingError=0x7fb7ed616c80 {Error Domain=kCFErrorDomainCFNetwork Code=-1001 ""The request timed out."" UserInfo={NSErrorFailingURLStringKey=https://<*>/clls/wloc, NSErrorFailingURLKey=https://<*>/clls/wloc, _kCFStreamErrorCodeKey=-2102, _kCFStreamErrorDomainKey=4, NSLocalizedDescription=The request timed out.}}, NSErrorFailingURLStringKey=https://<*>/clls/wloc, NSErrorFailingURLKey=https://<*>/clls/wloc, _kCFStreamErrorDomainKey=4, _kCFStreamErrorCodeKey=-2102, NSLocalizedDescription=The request timed out.}",0.6623,120.95,418
475,"[QL] No sandbox token for request <QLThumbnailRequest vmware-usbarb-25037.log>, it will probably fail",exact,"[QL] No sandbox token for request <QLThumbnailRequest vmware-usbarb-25037.log>, it will probably fail",1.0,Sandbox: QQ(10018) deny(1) mach-lookup com.apple.networking.captivenetworksupport<*>,0.3672,doSaveChannels@286: Will write to: <*> - AuthFail:sts:5_rsn:0.xml,0.3464,207.11,418
476,"schedule invalidation <DYTransport 0x7f89e8c00520, error: lost transport connection (31)>",exact,schedule invalidation <DYTransport <*> error: lost transport connection (31)>,1.0,**** [IOBluetoothFamily][ProcessBluetoothTransportShowsUpActionWL] -- Connected to the transport successfully -- <*> -- <*> -- <*> ****,0.4991,tcp_connection_handle_connect_conditions_bad <*> failed: 3 - No network route,0.4813,160.11,418
477,send_datagram_available_ping: pid 445 failed to act on a ping it dequeued before timing out.,exact,send_datagram_available_ping: pid 445 failed to act on a ping it dequeued before timing out.,1.0,tcp_connection_destination_perform_socket_connect <*> connectx to <*>:993@0 failed: [50] Network is down,0.4792,tcp_connection_destination_perform_socket_connect <*> connectx to <*>:143@0 failed: [50] Network is down,0.4696,117.34,418
478,KeychainGetICDPStatus: keychain: -25300,exact,KeychainGetICDPStatus: keychain: <*>,1.0,KeychainGetICDPStatus: status: off,0.7885,CGXDisplayDidWakeNotification <*> posting kCGSDisplayDidWake,0.3898,136.21,418
479,Thermal pressure state: 0 Memory pressure state: 0,exact,Thermal pressure state: <*> Memory pressure state: 0,0.9945,en0: BSSID changed to 0c:68:03:d6:c5:1c,0.2702,Session <*> destroyed,0.2671,202.54,418
480,KeychainGetICDPStatus: status: off,exact,KeychainGetICDPStatus: status: off,1.0,KeychainGetICDPStatus: keychain: <*>,0.7885,"<*> GoogleSoftwareUpdateAgent[31702/0x7000002a0000] [lvl=2] -[KSAgentApp(KeystoneThread) runKeystonesInThreadWithArg:] Checking with local engine: <KSUpdateEngine:0x100259c60 ticketStore=<KSPersistentTicketStore:0x100253770 store=<KSKeyedPersistentStore:0x100254d10 path=""/Users/xpc/Library/Google/GoogleSoftwareUpdate/TicketStore/Keystone.ticketstore"" lockFile=<KSLockFile:0x100254d80 path=""/Users/xpc/Library/Google/GoogleSoftwareUpdate/TicketStore/<*>"" locked=NO > >> processor=<KSActionProcessor:0x100259e70 delegate=<KSUpdateEngine:0x100259c60> isProcessing=NO actionsCompleted=0 progress=0.00 errors=0 currentActionErrors=0 events=0 currentActionEvents=0 actionQueue=( ) > delegate=(null) serverInfoStore=<KSServerPrivateInfoStore:0x1002594d0 path=""/Users/xpc/Library/Google/GoogleSoftwareUpdate/Servers""> errors=0 >",0.4231,209.47,418
481,Error returned from iconservicesagent: (null),exact,Error returned from iconservicesagent: (null),1.0,Service exited with abnormal code: 1,0.4885,Location icon should now be in state 'Inactive',0.4138,141.05,418
482,jemmytest,exact,jemmytest,1.0,"<<<< FigByteStream >>>> FigByteStreamStatsLogOneRead: ByteStream read of <*> bytes @ <*> took <*> secs. to complete, 5 reads >= 1 sec.",0.2747,<*> : Finished generating hashes,0.2699,126.08,418
483,KeychainGetICDPStatus: keychain: -25300,exact,KeychainGetICDPStatus: keychain: <*>,1.0,KeychainGetICDPStatus: status: off,0.7885,CGXDisplayDidWakeNotification <*> posting kCGSDisplayDidWake,0.3898,128.62,418
484,"Path not allowed in target domain: type = pid, path = /System/Library/StagedFrameworks/Safari/SafariShared.framework/Versions/A/XPCServices/<*>/Contents/MacOS/<*> error = 147: The specified service did not ship in the requestor's bundle, origin = /System/Library/StagedFrameworks/Safari/WebKit.framework/Versions/A/XPCServices/<*>",exact,"Path not allowed in target domain: type = pid, path = /System/Library/StagedFrameworks/Safari/SafariShared.framework/Versions/A/XPCServices/<*>/Contents/MacOS/<*> error = 147: The specified service did not ship in the requestor's bundle, origin = /System/Library/StagedFrameworks/Safari/WebKit.framework/Versions/A/XPCServices/<*>",1.0,"securityd_xpc_dictionary_handler cloudd[326] copy_matching Error Domain=NSOSStatusErrorDomain Code=-50 ""query missing class name"" (paramErr: error in user parameter list) UserInfo={NSDescription=query missing class name}",0.4209,"PBRequester failed with Error Error Domain=NSURLErrorDomain Code=-1001 ""The request timed out."" UserInfo={NSUnderlyingError=0x7fb7ed616c80 {Error Domain=kCFErrorDomainCFNetwork Code=-1001 ""The request timed out."" UserInfo={NSErrorFailingURLStringKey=https://<*>/clls/wloc, NSErrorFailingURLKey=https://<*>/clls/wloc, _kCFStreamErrorCodeKey=-2102, _kCFStreamErrorDomainKey=4, NSLocalizedDescription=The request timed out.}}, NSErrorFailingURLStringKey=https://<*>/clls/wloc, NSErrorFailingURLKey=https://<*>/clls/wloc, _kCFStreamErrorDomainKey=4, _kCFStreamErrorCodeKey=-2102, NSLocalizedDescription=The request timed out.}",0.4119,151.68,418
485,[21:22:43.147] mv_LowLevelCheckIfVideoPlayableUsingDecoder signalled err=-12956 (kFigMediaValidatorError_VideoCodecNotSupported) (video codec 1) at line 1921,exact,<*> mv_LowLevelCheckIfVideoPlayableUsingDecoder signalled err=-12956 (kFigMediaValidatorError_VideoCodecNotSupported) (video codec 1) at line <*>,1.0,<<<< MediaValidator >>>> mv_ValidateRFC4281CodecId: Unrecognized codec 1.(null). Failed codec specific check.,0.6024,<*> itemasync_SetProperty signalled err=-12785 (kFigBaseObjectError_Invalidated) (invalidated) at /Library/Caches/<*>/Sources/CoreMedia/<*>/Prototypes/Player/FigPlayer_Async.c line <*>,0.5277,136.53,418
486,<<<< MediaValidator >>>> mv_LookupCodecSupport: Unrecognized codec 1,exact,<<<< MediaValidator >>>> mv_LookupCodecSupport: Unrecognized codec 1,1.0,<<<< MediaValidator >>>> mv_ValidateRFC4281CodecId: Unrecognized codec 1.(null). Failed codec specific check.,0.8368,<*> mv_LowLevelCheckIfVideoPlayableUsingDecoder signalled err=-12956 (kFigMediaValidatorError_VideoCodecNotSupported) (video codec 1) at line <*>,0.5134,209.6,418
487,<<<< MediaValidator >>>> mv_ValidateRFC4281CodecId: Unrecognized codec 1.(null). Failed codec specific check.,exact,<<<< MediaValidator >>>> mv_ValidateRFC4281CodecId: Unrecognized codec 1.(null). Failed codec specific check.,1.0,<<<< MediaValidator >>>> mv_LookupCodecSupport: Unrecognized codec 1,0.8368,<*> mv_LowLevelCheckIfVideoPlayableUsingDecoder signalled err=-12956 (kFigMediaValidatorError_VideoCodecNotSupported) (video codec 1) at line <*>,0.6024,137.83,418
488,CoreAnimation: timed out fence 5fe83,exact,CoreAnimation: timed out fence 5fe83,1.0,"CoreAnimation: warning, deleted thread with uncommitted CATransaction; set CA_DEBUG_TRANSACTIONS=1 in environment to log backtraces.",0.4149,<*> ERROR: 177: timed out after <*> (0 0); mMajorChangePending=0,0.3948,129.99,418
489,KeychainGetICDPStatus: keychain: -25300,exact,KeychainGetICDPStatus: keychain: <*>,1.0,KeychainGetICDPStatus: status: off,0.7885,CGXDisplayDidWakeNotification <*> posting kCGSDisplayDidWake,0.3898,127.7,418
490,tcp_connection_tls_session_error_callback_imp 2515 __tcp_connection_tls_session_callback_write_block_invoke.434 error 22,partial,tcp_connection_tls_session_error_callback_imp <*> __tcp_connection_tls_session_callback_write_block_invoke.434 error 22,0.9864,tcp_connection_tls_session_error_callback_imp <*> tcp_connection_tls_session_handle_read_error.790 error 60,0.831,tcp_connection_destination_handle_tls_close_notify 111 closing socket due to TLS CLOSE_NOTIFY alert,0.5643,132.53,418
491,KeychainGetICDPStatus: keychain: -25300,exact,KeychainGetICDPStatus: keychain: <*>,1.0,KeychainGetICDPStatus: status: off,0.7885,CGXDisplayDidWakeNotification <*> posting kCGSDisplayDidWake,0.3898,149.11,418
492,Failed to connect (view) outlet from (NSApplication) to (NSColorPickerGridView): missing setter or instance variable,exact,Failed to connect (view) outlet from (NSApplication) to (NSColorPickerGridView): missing setter or instance variable,1.0,Failed to connect (titleField) outlet from (MMSessionPickerChoosenRowView) to (NSTextField): missing setter or instance variable,0.6912,"[Accounts] Current connection, <NSXPCConnection: <*> connection from pid <*> doesn't have account access.",0.4061,130.89,418
493,Location icon should now be in state 'Inactive',exact,Location icon should now be in state 'Inactive',1.0,Location icon should now be in state 'Active',0.9243,Error returned from iconservicesagent: (null),0.4138,129.11,418
494,2017/07/07 21:47:20.392 | I | VoipWrapper | DAVEngineImpl.cpp:1400:Close | close video chat. llFriendUIN = 515629905.,exact,<*> | I | VoipWrapper | DAVEngineImpl.cpp:1400:Close | close video chat. llFriendUIN = <*>,0.9982,<*> | I | VoipWrapper | DAVEngineImpl.cpp:1400:Close | close video chat. llFriendUIN = ******2341.,0.9775,<*> PM [AirPlayUIAgent] BecomingInactive: NSWorkspaceWillSleepNotification,0.4506,123.23,418
495,ARPT: 783667.697957: AirPort_Brcm43xx::powerChange: System Sleep,exact,ARPT: <*> AirPort_Brcm43xx::powerChange: System Sleep,0.9929,ARPT: <*> AirPort_Brcm43xx::powerChange: System Wake - Full Wake/ Dark Wake / Maintenance wake,0.8841,ARPT: <*> AirPort_Brcm43xx::syncPowerState: WWEN[enabled],0.8001,134.6,418
496,Bluetooth -- LE is supported - Disable LE meta event,exact,Bluetooth -- LE is supported - Disable LE meta event,1.0,[BluetoothHIDDeviceController] <*>,0.5072,[IOBluetoothFamily][staticBluetoothTransportShowsUp] -- Received Bluetooth Controller register service notification -- <*>,0.4377,174.31,418
497,send_datagram_available_ping: pid 445 failed to act on a ping it dequeued before timing out.,exact,send_datagram_available_ping: pid 445 failed to act on a ping it dequeued before timing out.,1.0,tcp_connection_destination_perform_socket_connect <*> connectx to <*>:993@0 failed: [50] Network is down,0.4792,tcp_connection_destination_perform_socket_connect <*> connectx to <*>:143@0 failed: [50] Network is down,0.4696,128.61,418
498,"IOPMrootDomain: idle cancel, state 1",exact,"IOPMrootDomain: idle cancel, state 1",1.0,"ARPT: <*> IOPMPowerSource Information: <*> SleepType: Normal Sleep, 'ExternalConnected': <*> 'TimeRemaining': <*>",0.5415,"ARPT: <*> IOPMPowerSource Information: onSleep, SleepType: Standby, 'ExternalConnected': No, 'TimeRemaining': 578,",0.5337,141.64,418
499,21:58:33.765 ERROR: 177: timed out after 15.000s (0 0); mMajorChangePending=0,exact,<*> ERROR: 177: timed out after <*> (0 0); mMajorChangePending=0,1.0,ARPT: <*> ARPT: Wake Reason: Wake on TCP Timeout,0.4554,<*> <<<< CRABS >>>> crabsWaitForLoad: [0x7fbc7ac683a0] Wait time out - -1001 (msRequestTimeout -1),0.4537,149.4,418
500,ARPT: 783790.553857: wl0: MDNS: IPV6 Addr: 2607:f140:6000:8:c6b3:1ff:fecd:467f,exact,ARPT: <*> wl0: MDNS: IPV6 Addr: fe<*>,0.9931,ARPT: <*> wl0: MDNS: IPV6 Addr: <*>,0.9497,ARPT: <*> wl0: MDNS: IPV4 Addr: <*>,0.8668,131.17,418
501,ARPT: 783795.288172: AirPort_Brcm43xx::powerChange: System Wake - Full Wake/ Dark Wake / Maintenance wake,exact,ARPT: <*> AirPort_Brcm43xx::powerChange: System Wake - Full Wake/ Dark Wake / Maintenance wake,0.9924,ARPT: <*> AirPort_Brcm43xx::powerChange: System Sleep,0.8747,ARPT: <*> AirPort_Brcm43xx::syncPowerState: WWEN[enabled],0.7158,131.96,418
502,button report: 0x8002be0,partial,button report: <*>,0.9698,"pages <*> wire <*> act <*> inact <*> cleaned 0 spec <*> zf <*> throt 0, compr <*> xpmapped <*>",0.3532,**** [IOBluetoothHostControllerUSBTransport][start] -- completed -- result = TRUE -- <*> ****,0.3421,163.1,418
503,22:24:31.135 : BTLE scanner Powered On,exact,<*> : BTLE scanner Powered On,1.0,<*> : BTLE scanner Powered Off,0.915,<*> : BTLE scanning started,0.7486,143.46,418
504,-[UABestAppSuggestionManager notifyBestAppChanged:type:options:bundleIdentifier:activityType:dynamicIdentifier:when:confidence:deviceName:deviceIdentifier:deviceType:] (null) UASuggestedActionType=0 (null)/(null) opts=(null) when=2017-07-08 05:32:31 +0000 confidence=1 from=(null)/(null) (UABestAppSuggestionManager.m #319),exact,-[UABestAppSuggestionManager notifyBestAppChanged:type:options:bundleIdentifier:activityType:dynamicIdentifier:when:confidence:deviceName:deviceIdentifier:deviceType:] (null) UASuggestedActionType=0 (null)/(null) opts=(null) when<*> <*> +0000 confidence=1 from=(null)/(null) (UABestAppSuggestionManager.m #319),0.9999,-[SFLListManager(ServiceReplyProtocol) notifyChanges:toListWithIdentifier:] Notified of item changes to list with identifier com.apple.LSSharedFileList.RecentApplications<*>,0.4631,[BluetoothHIDDeviceController] <*>,0.4341,146.64,418
505,button report: 0x8002be0,partial,button report: <*>,0.979,"pages <*> wire <*> act <*> inact <*> cleaned 0 spec <*> zf <*> throt 0, compr <*> xpmapped <*>",0.3532,**** [IOBluetoothHostControllerUSBTransport][start] -- completed -- result = TRUE -- <*> ****,0.3421,151.85,418
506,"ARPT: 783991.995027: wl0: setup_keepalive: interval 900, retry_interval 30, retry_count 10",exact,"ARPT: <*> wl0: setup_keepalive: interval 900, retry_interval 30, retry_count 10",0.9963,ARPT: <*> wl0: setup_keepalive: Local port: <*> Remote port: <*>,0.778,ARPT: <*> wl0: setup_keepalive: Local IP: <*>,0.7571,130.46,418
507,"ARPT: 784053.579480: wl0: setup_keepalive: Local port: 59927, Remote port: 443",exact,ARPT: <*> wl0: setup_keepalive: Local port: <*> Remote port: 443,0.9947,ARPT: <*> wl0: setup_keepalive: Local port: <*> Remote port: <*>,0.9583,ARPT: <*> wl0: setup_keepalive: Remote IP: <*>,0.9128,131.23,418
508,"ARPT: 784055.560270: IOPMPowerSource Information: onSleep, SleepType: Normal Sleep, 'ExternalConnected': No, 'TimeRemaining': 5600,",partial,"ARPT: <*> IOPMPowerSource Information: <*> SleepType: Normal Sleep, 'ExternalConnected': <*> 'TimeRemaining': <*>",0.9761,"ARPT: <*> IOPMPowerSource Information: onSleep, SleepType: Standby, 'ExternalConnected': No, 'TimeRemaining': 578,",0.9597,ARPT: <*> AirPort_Brcm43xx::powerChange: System Sleep,0.6957,201.21,418
509,ARPT: 784117.089800: AirPort_Brcm43xx::powerChange: System Sleep,exact,ARPT: <*> AirPort_Brcm43xx::powerChange: System Sleep,0.9912,ARPT: <*> AirPort_Brcm43xx::powerChange: System Wake - Full Wake/ Dark Wake / Maintenance wake,0.8833,ARPT: <*> AirPort_Brcm43xx::syncPowerState: WWEN[enabled],0.7928,209.9,418
510,ARPT: 784117.625615: wl0: leaveModulePoweredForOffloads: Wi-Fi will stay on.,exact,ARPT: <*> wl0: leaveModulePoweredForOffloads: Wi-Fi will stay on.,0.9926,ARPT: <*> wl0: setup_keepalive: Local IP: <*>,0.6195,"ARPT: <*> wl0: Roamed or switched channel, reason <*> bssid <*> last RSSI <*>",0.6185,193.98,418
511,ARPT: 784178.158614: AirPort_Brcm43xx::platformWoWEnable: WWEN[enable],partial,ARPT: <*> AirPort_Brcm43xx::platformWoWEnable: WWEN[enable],0.9839,ARPT: <*> AirPort_Brcm43xx::platformWoWEnable: WWEN[disable],0.9346,ARPT: <*> AirPort_Brcm43xx::syncPowerState: WWEN[enabled],0.9122,128.23,418
512,en0::IO80211Interface::postMessage bssid changed,exact,en0::IO80211Interface::postMessage bssid changed,1.0,en0: BSSID changed to f8:4f:57:3b:ea:b2,0.6874,en0: BSSID changed to 64:d9:89:6b:b5:33,0.6873,129.22,418
513,in6_unlink_ifa: IPv6 address 0x77c911454f1523ab has no prefix,exact,in6_unlink_ifa: IPv6 address <*> has no prefix,0.9943,ARPT: <*> wl0: MDNS: IPV6 Addr: <*>,0.5217,ARPT: <*> wl0: MDNS: IPV6 Addr: fe<*>,0.5077,168.6,418
514,-[NETClientConnection evaluateCrazyIvan46] CI46 - Perform CrazyIvan46! QQ.10018 tc25805 <*>:80,exact,-[NETClientConnection evaluateCrazyIvan46] CI46 - Perform CrazyIvan46! QQ.<*> tc<*> <*>:80,0.9927,__42-[NETClientConnection evaluateCrazyIvan46]_block_invoke CI46 - Hit by torpedo! QQ.<*> tc<*> <*>,0.7758,-[NETClientConnection evaluateCrazyIvan46] CI46 - Perform CrazyIvan46! NeteaseMusic.17988 <*> <*>:80,0.7651,129.64,418
515,__73-[NetworkAnalyticsEngine observeValueForKeyPath:ofObject:change:context:]_block_invoke unexpected switch value 2,exact,__73-[NetworkAnalyticsEngine observeValueForKeyPath:ofObject:change:context:]_block_invoke unexpected switch value 2,1.0,-[NetworkAnalyticsEngine _writeJournalRecord:fromCellFingerprint:key:atLOI:ofKind:lqm:isFaulty:] Hashing of the primary key failed. Dropping the journal record.,0.5176,__42-[NETClientConnection evaluateCrazyIvan46]_block_invoke CI46 - Hit by torpedo! QQ.<*> tc<*> <*>,0.429,131.31,418
516,ARPT: 784287.966851: AirPort_Brcm43xx::platformWoWEnable: WWEN[enable],exact,ARPT: <*> AirPort_Brcm43xx::platformWoWEnable: WWEN[enable],0.9929,ARPT: <*> AirPort_Brcm43xx::platformWoWEnable: WWEN[disable],0.9317,ARPT: <*> AirPort_Brcm43xx::syncPowerState: WWEN[enabled],0.9185,173.73,418
517,AppleThunderboltNHIType2::waitForOk2Go2Sx - intel_rp = 1 dlla_reporting_supported = 0,exact,AppleThunderboltNHIType2::waitForOk2Go2Sx - intel_rp = 1 dlla_reporting_supported = 0,1.0,AppleThunderboltNHIType2::waitForOk2Go2Sx - retries = <*>,0.8005,AppleThunderboltGenericHAL::earlyWake - complete - took <*> milliseconds,0.5974,122.25,418
518,"USBMSC Identifier (non-unique): 000000000820 0x5ac 0x8406 0x820, 3",exact,USBMSC Identifier (non-unique): <*> 3,1.0,device_generate_desktop_screenshot: authw <*> shield <*>,0.4438,ARPT: <*> framerdy <*> bmccmd 3 framecnt <*>,0.4193,124.43,418
519,efi pagecount 72,exact,efi pagecount 72,1.0,hibernate_page_list_setall found pageCount <*>,0.4729,"hibernate_teardown: wired_pages <*> free_pages <*> active_pages <*> inactive_pages 0, speculative_pages 0, cleaned_pages 0, compressor_pages 112",0.3715,203.68,418
520,AirPort: Link Down on en0. Reason 8 (Disassociated because station leaving).,exact,AirPort: Link Down on en0. Reason 8 (Disassociated because station leaving).,1.0,AirPort: Link Up on en0,0.7707,AirPort: Link Down on awdl0. Reason 1 (Unspecified).,0.7418,129.07,418
521,mDNS_RegisterInterface: Frequent transitions for interface en0 (FE80:0000:0000:0000:C6B3:01FF:FECD:467F),exact,mDNS_RegisterInterface: Frequent transitions for interface en0 (FE80:0000:0000:0000:C6B3:01FF:FECD:467F),1.0,mDNS_RegisterInterface: Frequent transitions for interface awdl0 (FE80:0000:0000:0000:D8A5:90FF:FEF5:7FFF),0.9247,mDNS_DeregisterInterface: Frequent transitions for interface en0 (2607:F140:6000:0008:C6B3:01FF:FECD:467F),0.924,142.22,418
522,ARPT: 784486.498066: wlc_dump_aggfifo:,exact,ARPT: <*> wlc_dump_aggfifo:,0.9929,ARPT: <*> wl0: setup_keepalive: Seq: <*> Ack: <*> Win size: <*>,0.5579,ARPT: <*> wl0: wl_update_tcpkeep_seq: Original Seq: <*> Ack: <*> Win size: <*>,0.5478,154.57,418
523,CCFile::captureLogRun() Exiting CCFile::captureLogRun,exact,CCFile::captureLogRun() Exiting CCFile::captureLogRun,1.0,CCFile::captureLog,0.8574,CCFile::captureLogRun Skipping current file Dir file <*> Current File <*>,0.7855,121.65,418
524,CCIOReporterFormatter::refreshSubscriptionsFromStreamRegistry clearing out any previous subscriptions,exact,CCIOReporterFormatter::refreshSubscriptionsFromStreamRegistry clearing out any previous subscriptions,1.0,CCIOReporterFormatter::addRegistryChildToChannelDictionary streams 7,0.5591,CCXPCService::setStreamEventHandler Registered for notification callback.,0.4475,285.72,418
525,Previous sleep cause: 5,exact,Previous sleep cause: 5,1.0,Wake reason: EC.SleepTimer (SleepTimer),0.4608,Wake reason: ?,0.4587,123.84,418
526,**** [BroadcomBluetoothHostControllerUSBTransport][start] -- Completed (matched on Device) -- 0x3800 ****,exact,**** [BroadcomBluetoothHostControllerUSBTransport][start] -- Completed (matched on Device) -- <*> ****,0.9941,**** [BroadcomBluetoothHostController][SetupController] -- Delay HCI Reset by 300ms ****,0.699,**** [IOBluetoothHostControllerUSBTransport][start] -- completed -- result = TRUE -- <*> ****,0.6824,117.74,418
527,nw_nat64_post_new_ifstate successfully changed NAT64 ifstate from 0x4 to 0x8000000000000000,exact,nw_nat64_post_new_ifstate successfully changed NAT64 ifstate from <*> to <*>,0.9998,en0::IO80211Interface::postMessage bssid changed,0.4405,host connection <NSXPCConnection: 0x7fddbbb015c0> connection from pid <*> invalidated,0.4224,182.82,418
528,en0: Supported channels 1 2 3 4 5 6 7 8 9 10 11 12 13 36 40 44 48 52 56 60 64 100 104 108 112 116 120 124 128 132 136 140 144 149 153 157 161 165,exact,en0: Supported channels 1 2 3 4 5 6 7 8 9 10 11 12 13 36 40 44 48 52 56 60 64 100 104 108 112 116 120 124 128 132 136 140 144 149 153 157 161 165,0.9999,en0: channel changed to 6,0.7066,en0: channel changed to <*>,0.6949,140.71,418
529,nw_nat64_post_new_ifstate successfully changed NAT64 ifstate from 0x8000000000000000 to 0x4,exact,nw_nat64_post_new_ifstate successfully changed NAT64 ifstate from <*> to <*>,0.9995,en0::IO80211Interface::postMessage bssid changed,0.4332,host connection <NSXPCConnection: 0x7fddbbb015c0> connection from pid <*> invalidated,0.4181,138.37,418
530,"CCFile::captureLog Received Capture notice id: 1499506366.010075, reason = AuthFail:sts:5_rsn:0",exact,CCFile::captureLog Received Capture notice id: <*> reason = AuthFail:sts:5_rsn:0,0.9975,CCFile::captureLog Received Capture notice id: <*> reason = RoamFail:sts:1_rsn:1,0.9044,CCFile::captureLog,0.785,150.9,418
531,"CCFile::captureLogRun Skipping current file Dir file [2017-07-08_02,32,46.787931]-AirPortBrcm4360_Logs-004.txt, Current File [2017-07-08_02,32,46.787931]-AirPortBrcm4360_Logs-004.txt",partial,CCFile::captureLogRun Skipping current file Dir file <*> Current File <*>,0.9465,CCFile::captureLog,0.7442,CCFile::captureLogRun() Exiting CCFile::captureLogRun,0.7239,125.27,418
532,"CCFile::copyFile fileName is [2017-07-08_02,32,47.528554]-CCIOReporter-003.xml, source path:/var/log/CoreCapture/<*>/OneStats//[2017-07-08_02,32,47.528554]-CCIOReporter-003.xml, dest path:/Library/Logs/CrashReporter/CoreCapture/<*>/[2017-07-08_02,32,46.517498]=AssocFail:sts:2_rsn:0/OneStats//[2017-07-08_02,32,47.528554]-CCIOReporter-003.xml",partial,CCFile::copyFile fileName is <*> source path<*> dest path<*>,0.9534,doSaveChannels@286: Will write to: <*> - AssocFail<*>,0.7101,doSaveChannels@286: Will write to: <*> - AuthFail:sts:5_rsn:0.xml,0.6441,139.93,418
533,did discard act 12083 inact 17640 purgeable 20264 spec 28635 cleaned 0,exact,did discard act <*> inact <*> purgeable <*> spec <*> cleaned 0,1.0,could discard act <*> inact <*> purgeable <*> spec <*> cleaned 0,0.8526,"pages <*> wire <*> act <*> inact <*> cleaned 0 spec <*> zf <*> throt 0, compr <*> xpmapped <*>",0.553,182.33,418
534,tcp_connection_handle_connect_conditions_bad 25902 failed: 3 - No network route,partial,tcp_connection_handle_connect_conditions_bad <*> failed: 3 - No network route,0.9144,tcp_connection_destination_perform_socket_connect <*> connectx to <*>:8080@0 failed: [51] Network is unreachable,0.5678,tcp_connection_destination_perform_socket_connect <*> connectx to <*>:143@0 failed: [50] Network is down,0.5663,289.65,418
535,en0::IO80211Interface::postMessage bssid changed,exact,en0::IO80211Interface::postMessage bssid changed,1.0,en0: BSSID changed to f8:4f:57:3b:ea:b2,0.6874,en0: BSSID changed to 64:d9:89:6b:b5:33,0.6873,130.13,418
536,"CCDataTap::profileRemoved, Owner: <*>, Name: AssociationEventHistory",exact,"CCDataTap::profileRemoved, Owner: <*>, Name: AssociationEventHistory",1.0,"CCDataTap::profileRemoved, Owner: <*>, Name: StateSnapshots",0.7692,"CCLogTap::profileRemoved, Owner: <*>, Name: OneStats",0.731,125.24,418
537,"ARPT: 784632.788065: wl0: Roamed or switched channel, reason #8, bssid 5c:50:15:36:bc:03, last RSSI -69",partial,"ARPT: <*> wl0: Roamed or switched channel, reason <*> bssid <*> last RSSI <*>",0.9887,ARPT: <*> wl0: leaveModulePoweredForOffloads: Wi-Fi will stay on.,0.6617,ARPT: <*> wl0: wl_update_tcpkeep_seq: Original Seq: <*> Ack: <*> Win size: <*>,0.6519,181.86,418
538,"DB Error: 1 ""no such table: tb_c2cMsg_2909288299""",exact,"DB Error: 1 ""no such table: tb_c<*>",0.9953,Got an XPC error: Connection invalid,0.4256,assertion failed: <*> com.apple.telemetry<*> + <*> [10D2E324-788C-30CC-A749-55AE67AEC7BC]: <*>,0.3538,127.49,418
539,AirPort: Link Down on en0. Reason 8 (Disassociated because station leaving).,exact,AirPort: Link Down on en0. Reason 8 (Disassociated because station leaving).,1.0,AirPort: Link Up on en0,0.7707,AirPort: Link Down on awdl0. Reason 1 (Unspecified).,0.7418,142.77,418
540,IOThunderboltSwitch<0>(0x0)::listenerCallback - Thunderbolt HPD packet for route = 0x0 port = 11 unplug = 0,exact,IOThunderboltSwitch<0>(0x0)::listenerCallback - Thunderbolt HPD packet for route = <*> port = <*> unplug = 0,0.9974,AppleThunderboltNHIType2::waitForOk2Go2Sx - intel_rp = 1 dlla_reporting_supported = 0,0.4178,[HID] [ATC] AppleDeviceManagementHIDEventService::processWakeReason Wake reason: Host (0x01),0.4163,156.83,418
541,**** [BroadcomBluetoothHostControllerUSBTransport][start] -- Completed (matched on Device) -- 0x8800 ****,exact,**** [BroadcomBluetoothHostControllerUSBTransport][start] -- Completed (matched on Device) -- <*> ****,0.9919,**** [BroadcomBluetoothHostController][SetupController] -- Delay HCI Reset by 300ms ****,0.6892,**** [IOBluetoothHostControllerUSBTransport][start] -- completed -- result = TRUE -- <*> ****,0.686,127.28,418
542,-[NetworkAnalyticsEngine _writeJournalRecord:fromCellFingerprint:key:atLOI:ofKind:lqm:isFaulty:] Hashing of the primary key failed. Dropping the journal record.,exact,-[NetworkAnalyticsEngine _writeJournalRecord:fromCellFingerprint:key:atLOI:ofKind:lqm:isFaulty:] Hashing of the primary key failed. Dropping the journal record.,1.0,__73-[NetworkAnalyticsEngine observeValueForKeyPath:ofObject:change:context:]_block_invoke unexpected switch value 2,0.5176,doSaveChannels@286: Will write to: <*> - AuthFail:sts:5_rsn:0.xml,0.4283,135.13,418
543,sigio_handler: sigio_handler_active != 1,exact,sigio_handler: sigio_handler_active != <*>,0.9936,IO80211AWDLPeerManager::setAwdlOperatingMode Setting the AWDL operation mode from <*> to <*>,0.3002,**** [IOBluetoothFamily][ProcessBluetoothTransportShowsUpActionWL] -- calling IOBluetoothFamily's registerService() -- <*> -- <*> -- <*> ****,0.2959,186.45,418
544,Wake reason: ARPT (Network),exact,Wake reason: ARPT (Network),1.0,ARPT: <*> ARPT: Wake Reason: Wake on TCP Timeout,0.7535,ARPT: <*> ARPT: Wake Reason: Wake on Scan offload,0.6971,176.89,418
545,Host controller terminated,exact,Host controller terminated,1.0,INIT -- Host controller is published,0.6003,Service exited with abnormal code: 1,0.4128,141.83,418
546,[HID] [MT] AppleActuatorHIDEventDriver::start entered,exact,[HID] [MT] AppleActuatorHIDEventDriver::start entered,1.0,[HID] [MT] AppleMultitouchDevice::start entered,0.7847,AppleActuatorHIDEventDriver: stop,0.7656,119.94,418
547,"USBMSC Identifier (non-unique): 000000000820 0x5ac 0x8406 0x820, 3",exact,USBMSC Identifier (non-unique): <*> 3,1.0,device_generate_desktop_screenshot: authw <*> shield <*>,0.4438,ARPT: <*> framerdy <*> bmccmd 3 framecnt <*>,0.4193,138.7,418
548,Captive: CNPluginHandler en0: Evaluating,exact,Captive: CNPluginHandler en0: Evaluating,1.0,Captive: CNPluginHandler en0: Authenticated,0.8861,Captive: CNPluginHandler en0: Inactive,0.8611,131.03,418
549,Captive: CNPluginHandler en0: Authenticated,exact,Captive: CNPluginHandler en0: Authenticated,1.0,Captive: CNPluginHandler en0: Evaluating,0.8861,Captive: CNPluginHandler en0: Inactive,0.8645,126.86,418
550,hibernate_setup(0) took 8471 ms,exact,hibernate_setup(0) took <*> ms,0.9936,"hibernate_machine_init pagesDone <*> sum2 <*> time: <*> ms, disk(0x20000) <*> Mb/s, comp bytes: <*> time: <*> ms <*> Mb/s, crypt bytes: <*> time: <*> ms <*> Mb/s",0.6758,hibernate_page_list_setall time: 603 ms,0.6504,141.33,418
551,in6_unlink_ifa: IPv6 address 0x77c911454f1528eb has no prefix,exact,in6_unlink_ifa: IPv6 address <*> has no prefix,0.9941,ARPT: <*> wl0: MDNS: IPV6 Addr: <*>,0.5241,ARPT: <*> wl0: MDNS: IPV6 Addr: fe<*>,0.5082,134.09,418
552,__42-[NETClientConnection evaluateCrazyIvan46]_block_invoke CI46 - Hit by torpedo! QQ.10018 tc25995 <*>:443,partial,__42-[NETClientConnection evaluateCrazyIvan46]_block_invoke CI46 - Hit by torpedo! QQ.<*> tc<*> <*>,0.973,__42-[NETClientConnection evaluateCrazyIvan46]_block_invoke CI46 - Hit by torpedo! NeteaseMusic.17988 <*> <*>:80,0.8214,-[NETClientConnection evaluateCrazyIvan46] CI46 - Perform CrazyIvan46! QQ.<*> tc<*> <*>:80,0.758,130.81,418
553,"Setting BTCoex Config: enable_2G:1, profile_2g:0, enable_5G:1, profile_5G:0",exact,"Setting BTCoex Config: enable_2G:1, profile_2g:0, enable_5G:1, profile_5G:0",1.0,en0: BSSID changed to <*>,0.4364,<*> : BTLE scanning started,0.4234,193.3,418
554,button report: 0x8002bdf,partial,button report: <*>,0.9447,"pages <*> wire <*> act <*> inact <*> cleaned 0 spec <*> zf <*> throt 0, compr <*> xpmapped <*>",0.3419,"bitmap_size 0x7f0fc, previewSize <*> writing <*> pages @ <*>",0.3205,194.24,418
555,FA||Url||taskID[2019353853] dealloc,exact,FA||Url||taskID[2019353853] dealloc,1.0,FA||Url||taskID[2019353296] dealloc,0.9967,FA||Url||taskID[2019353659] dealloc,0.9947,191.66,418
556,[BluetoothHIDDeviceController]ERROR: Could not find the disconnected object,exact,[BluetoothHIDDeviceController]ERROR: Could not find the disconnected object,1.0,[BluetoothHIDDeviceController] <*>,0.7316,[IOBluetoothFamily][staticBluetoothTransportShowsUp] -- Received Bluetooth Controller register service notification -- <*>,0.5448,132.0,418
557,Captive: CNPluginHandler en0: Inactive,exact,Captive: CNPluginHandler en0: Inactive,1.0,Captive: CNPluginHandler en0: Authenticated,0.8645,Captive: CNPluginHandler en0: Evaluating,0.8611,124.89,418
558,IO80211AWDLPeerManager::setAwdlOperatingMode Setting the AWDL operation mode from SUSPENDED to AUTO,exact,IO80211AWDLPeerManager::setAwdlOperatingMode Setting the AWDL operation mode from <*> to <*>,0.9954,"IO80211AWDLPeerManager::setAwdlSuspendedMode() Suspending AWDL, enterQuietMode(true)",0.8817,IO80211AWDLPeerManager::setAwdlAutoMode Resuming AWDL,0.7972,130.89,418
559,**** [IOBluetoothHostControllerUSBTransport][start] -- completed -- result = TRUE -- 0x2800 ****,exact,**** [IOBluetoothHostControllerUSBTransport][start] -- completed -- result = TRUE -- <*> ****,0.9971,**** [BroadcomBluetoothHostControllerUSBTransport][start] -- Completed (matched on Device) -- <*> ****,0.6951,**** [IOBluetoothFamily][ProcessBluetoothTransportShowsUpActionWL] -- calling IOBluetoothFamily's registerService() -- <*> -- <*> -- <*> ****,0.6585,223.95,418
560,tcp_connection_handle_connect_conditions_bad 26042 failed: 3 - No network route,partial,tcp_connection_handle_connect_conditions_bad <*> failed: 3 - No network route,0.9876,tcp_connection_destination_perform_socket_connect <*> connectx to <*>:8080@0 failed: [51] Network is unreachable,0.5956,tcp_connection_destination_perform_socket_connect <*> connectx to <*>:143@0 failed: [50] Network is down,0.5781,260.8,418
561,ARPT: 785104.988856: AirPort_Brcm43xx::syncPowerState: WWEN[enabled],exact,ARPT: <*> AirPort_Brcm43xx::syncPowerState: WWEN[enabled],0.9926,ARPT: <*> AirPort_Brcm43xx::platformWoWEnable: WWEN[enable],0.916,ARPT: <*> AirPort_Brcm43xx::platformWoWEnable: WWEN[disable],0.876,125.49,418
562,AppleCamIn::systemWakeCall - messageType = 0xE0000340,exact,AppleCamIn::systemWakeCall - messageType = <*>,0.9999,AppleCamIn::handleWakeEvent_gated,0.711,AppleCamIn::wakeEventHandlerThread,0.6906,119.63,418
563,hibernate_machine_init reading,exact,hibernate_machine_init reading,1.0,"hibernate_machine_init pagesDone <*> sum2 <*> time: <*> ms, disk(0x20000) <*> Mb/s, comp bytes: <*> time: <*> ms <*> Mb/s, crypt bytes: <*> time: <*> ms <*> Mb/s",0.6114,"hibernate_machine_init: state 2, image pages <*> sum was d4e6c0b2, imageSize 0x2aea6000, image1Size <*> conflictCount 5848, nextFree <*>",0.6088,195.54,418
564,AppleCamIn::systemWakeCall - messageType = 0xE0000340,exact,AppleCamIn::systemWakeCall - messageType = <*>,0.9999,AppleCamIn::handleWakeEvent_gated,0.711,AppleCamIn::wakeEventHandlerThread,0.6906,200.49,418
565,AppleThunderboltGenericHAL::earlyWake - complete - took 1 milliseconds,exact,AppleThunderboltGenericHAL::earlyWake - complete - took <*> milliseconds,0.9967,AppleThunderboltNHIType2::prePCIWake - power up complete - took <*> us,0.6321,AppleThunderboltNHIType2::waitForOk2Go2Sx - retries = <*>,0.611,200.86,418
566,[BluetoothHIDDeviceController]ERROR: Could not find the disconnected object,exact,[BluetoothHIDDeviceController]ERROR: Could not find the disconnected object,1.0,[BluetoothHIDDeviceController] <*>,0.7316,[IOBluetoothFamily][staticBluetoothTransportShowsUp] -- Received Bluetooth Controller register service notification -- <*>,0.5448,142.33,418
567,"setting hostname to ""<*>""",exact,"setting hostname to ""<*>""",1.0,url host = www.baidu.com<*>,0.7101,"setting hostname to ""authorMacBook-Pro.local""",0.4878,142.26,418
568,hibernate image path: /var/vm/sleepimage,exact,hibernate image path: /var/vm/sleepimage,1.0,"Opened file /var/vm/sleepimage, size <*> extents 3, maxio <*> ssd 1",0.624,no sleep images for WillPowerOffWithImages,0.5572,129.41,418
569,efi pagecount 72,exact,efi pagecount 72,1.0,hibernate_page_list_setall found pageCount <*>,0.4729,"hibernate_teardown: wired_pages <*> free_pages <*> active_pages <*> inactive_pages 0, speculative_pages 0, cleaned_pages 0, compressor_pages 112",0.3715,137.6,418
570,AppleCamIn::systemWakeCall - messageType = 0xE0000340,exact,AppleCamIn::systemWakeCall - messageType = <*>,0.9999,AppleCamIn::handleWakeEvent_gated,0.711,AppleCamIn::wakeEventHandlerThread,0.6906,164.16,418
571,hibernate_teardown_pmap_structs done: last_valid_compact_indx 315096,exact,hibernate_teardown_pmap_structs done: last_valid_compact_indx <*>,0.9984,hibernate_rebuild_pmap_structs done: last_valid_compact_indx <*>,0.9031,hibernate_teardown completed - discarded <*>,0.6912,131.98,418
572,Unrecognized XSSimpleTypeDefinition: OneOff,exact,Unrecognized XSSimpleTypeDefinition: OneOff,1.0,-[SOAPParser:0x7f82b1f24e50 parser:didStartElement:namespaceURI:qualifiedName:attributes:] Type not found in EWSItemType for ExchangePersonIdGuid (t:ExchangePersonIdGuid),0.404,-[SOAPParser:0x7f84bad89660 parser:didStartElement:namespaceURI:qualifiedName:attributes:] Type not found in EWSItemType for ExchangePersonIdGuid (t:ExchangePersonIdGuid),0.4017,136.76,418
573,vm_compressor_fastwake_warmup completed - took 12461 msecs,exact,vm_compressor_fastwake_warmup completed - took <*> msecs,1.0,vm_compressor_fastwake_warmup <*> - <*> - starting,0.6854,hibernate_rebuild completed - took <*> msecs,0.5207,133.26,418
574,"CCFile::captureLog Received Capture notice id: 1499518522.558304, reason = AssocFail:sts:2_rsn:0",partial,CCFile::captureLog Received Capture notice id: <*> reason = AuthFail:sts:5_rsn:0,0.9741,CCFile::captureLog Received Capture notice id: <*> reason = RoamFail:sts:1_rsn:1,0.9141,CCFile::captureLog,0.7985,137.79,418
575,"CCFile::copyFile fileName is [2017-07-08_05,55,23.694116]-io80211Family-002.pcapng, source path:/var/log/CoreCapture/<*>/IO80211AWDLPeerManager//[2017-07-08_05,55,23.694116]-io80211Family-002.pcapng, dest path:/Library/Logs/CrashReporter/CoreCapture/<*>/[2017-07-08_05,56,40.163377]=AssocFail:sts:2_rsn:0/IO80211AWDLPeerManager//[2017-07-08_05,55,23.694116]-io80211Family-002.pcapng",partial,CCFile::copyFile fileName is <*> source path<*> dest path<*>,0.8947,doSaveChannels@286: Will write to: <*> - AssocFail<*>,0.6452,doSaveChannels@286: Will write to: <*> - AuthFail:sts:5_rsn:0.xml,0.6104,143.16,418
576,Captive: CNPluginHandler en0: Authenticated,exact,Captive: CNPluginHandler en0: Authenticated,1.0,Captive: CNPluginHandler en0: Evaluating,0.8861,Captive: CNPluginHandler en0: Inactive,0.8645,191.22,418
577,jemmytest,exact,jemmytest,1.0,"<<<< FigByteStream >>>> FigByteStreamStatsLogOneRead: ByteStream read of <*> bytes @ <*> took <*> secs. to complete, 5 reads >= 1 sec.",0.2747,<*> : Finished generating hashes,0.2699,129.47,418
578,"[Accounts] Current connection, <NSXPCConnection: 0x7fda72614240> connection from pid 30318, doesn't have account access.",exact,"[Accounts] Current connection, <NSXPCConnection: <*> connection from pid <*> doesn't have account access.",1.0,"[Accounts] Current connection, <NSXPCConnection: 0x7fda74805bf0> connection from pid 487, doesn't have account access.",0.949,host connection <NSXPCConnection: 0x7fddbbb015c0> connection from pid <*> invalidated,0.7435,132.16,418
579,"securityd_xpc_dictionary_handler cloudd[326] copy_matching Error Domain=NSOSStatusErrorDomain Code=-50 ""query missing class name"" (paramErr: error in user parameter list) UserInfo={NSDescription=query missing class name}",exact,"securityd_xpc_dictionary_handler cloudd[326] copy_matching Error Domain=NSOSStatusErrorDomain Code=-50 ""query missing class name"" (paramErr: error in user parameter list) UserInfo={NSDescription=query missing class name}",1.0,"SecOSStatusWith error:[-50] Error Domain=NSOSStatusErrorDomain Code=-50 ""query missing class name"" (paramErr: error in user parameter list) UserInfo={NSDescription=query missing class name}",0.7506,"[Accounts] Current connection, <NSXPCConnection: <*> connection from pid <*> doesn't have account access.",0.4834,123.4,418
580,send_datagram_available_ping: pid 445 failed to act on a ping it dequeued before timing out.,exact,send_datagram_available_ping: pid 445 failed to act on a ping it dequeued before timing out.,1.0,tcp_connection_destination_perform_socket_connect <*> connectx to <*>:993@0 failed: [50] Network is down,0.4792,tcp_connection_destination_perform_socket_connect <*> connectx to <*>:143@0 failed: [50] Network is down,0.4696,143.63,418
581,"Unable to simultaneously satisfy constraints: ( ""<NSAutoresizingMaskLayoutConstraint:0x7f9d574e5370 h=-&- v=-&- V:[NSScrollView:0x7f9d64abe480]-(11)-| (Names: '|':NSView:0x7f9d6a9cc340 )>"", ""<NSAutoresizingMaskLayoutConstraint:0x7f9d7561a270 h=-&- v=-&- V:|-(45)-[NSScrollView:0x7f9d64abe480] (Names: '|':NSView:0x7f9d6a9cc340 )>"", ""<NSAutoresizingMaskLayoutConstraint:0x7f9d6aa2cf10 h=-&- v=--& V:[NSView:0x7f9d53160e30(0)]>"", ""<NSAutoresizingMaskLayoutConstraint:0x7f9d75652870 h=-&- v=-&- V:|-(0)-[NSView:0x7f9d6a9cc340] (Names: '|':NSView:0x7f9d53160e30 )>"", ""<NSAutoresizingMaskLayoutConstraint:0x7f9d77ef8f50 h=-&- v=-&- V:[NSView:0x7f9d6a9cc340]-(0)-| (Names: '|':NSView:0x7f9d53160e30 )>"" ) Will attempt to recover by breaking constraint <NSAutoresizingMaskLayoutConstraint:0x7f9d7561a270 h=-&- v=-&- V:|-(45)-[NSScrollView:0x7f9d64abe480] (Names: '|':NSView:0x7f9d6a9cc340 )> Set the NSUserDefault NSConstraintBasedLayoutVisualizeMutuallyExclusiveConstraints to YES to have -[NSWindow visualizeConstraints:] automatically called when this happens. And/or, break on objc_exception_throw to catch this in the debugger.",exact,"Unable to simultaneously satisfy constraints: ( ""<NSAutoresizingMaskLayoutConstraint:0x7f9d574e5370 h=-&- v=-&- V:[NSScrollView:0x7f9d64abe480]-(11)-| (Names: '|':NSView:0x7f9d6a9cc340 )>"", ""<NSAutoresizingMaskLayoutConstraint:0x7f9d7561a270 h=-&- v=-&- V:|-(45)-[NSScrollView:0x7f9d64abe480] (Names: '|':NSView:0x7f9d6a9cc340 )>"", ""<NSAutoresizingMaskLayoutConstraint:0x7f9d6aa2cf10 h=-&- v=--& V:[NSView:0x7f9d53160e30(0)]>"", ""<NSAutoresizingMaskLayoutConstraint:0x7f9d75652870 h=-&- v=-&- V:|-(0)-[NSView:0x7f9d6a9cc340] (Names: '|':NSView:0x7f9d53160e30 )>"", ""<NSAutoresizingMaskLayoutConstraint:0x7f9d77ef8f50 h=-&- v=-&- V:[NSView:0x7f9d6a9cc340]-(0)-| (Names: '|':NSView:0x7f9d53160e30 )>"" ) Will attempt to recover by breaking constraint <NSAutoresizingMaskLayoutConstraint:0x7f9d7561a270 h=-&- v=-&- V:|-(45)-[NSScrollView:0x7f9d64abe480] (Names: '|':NSView:0x7f9d6a9cc340 )> Set the NSUserDefault NSConstraintBasedLayoutVisualizeMutuallyExclusiveConstraints to YES to have -[NSWindow visualizeConstraints:] automatically called when this happens. And/or, break on objc_exception_throw to catch this in the debugger.",1.0,"Unable to simultaneously satisfy constraints: ( <*> (Names: PageItemCell<*> <*> )>"", <*> 'NSView-Encapsulated-Layout-Width' H:[PageItemCell(73)] (Names: PageItemCell<*> )>"", <*> (Names: PageItemCell<*> <*> )>"", <*> ) Will attempt to recover by breaking constraint <*> Set the NSUserDefault NSConstraintBasedLayoutVisualizeMutuallyExclusiveConstraints to YES to have -[NSWindow visualizeConstraints:] automatically called when this happens. And/or, break on objc_exception_throw to catch this in the debugger.",0.8202,-_continuousScroll is deprecated for NSScrollWheel. Please use -hasPreciseScrollingDeltas.,0.4816,136.1,418
582,"Path not allowed in target domain: type = pid, path = /System/Library/StagedFrameworks/Safari/SafariShared.framework/Versions/A/XPCServices/<*>/Contents/MacOS/<*> error = 147: The specified service did not ship in the requestor's bundle, origin = /System/Library/StagedFrameworks/Safari/WebKit.framework/Versions/A/XPCServices/<*>",exact,"Path not allowed in target domain: type = pid, path = /System/Library/StagedFrameworks/Safari/SafariShared.framework/Versions/A/XPCServices/<*>/Contents/MacOS/<*> error = 147: The specified service did not ship in the requestor's bundle, origin = /System/Library/StagedFrameworks/Safari/WebKit.framework/Versions/A/XPCServices/<*>",1.0,"securityd_xpc_dictionary_handler cloudd[326] copy_matching Error Domain=NSOSStatusErrorDomain Code=-50 ""query missing class name"" (paramErr: error in user parameter list) UserInfo={NSDescription=query missing class name}",0.4209,"PBRequester failed with Error Error Domain=NSURLErrorDomain Code=-1001 ""The request timed out."" UserInfo={NSUnderlyingError=0x7fb7ed616c80 {Error Domain=kCFErrorDomainCFNetwork Code=-1001 ""The request timed out."" UserInfo={NSErrorFailingURLStringKey=https://<*>/clls/wloc, NSErrorFailingURLKey=https://<*>/clls/wloc, _kCFStreamErrorCodeKey=-2102, _kCFStreamErrorDomainKey=4, NSLocalizedDescription=The request timed out.}}, NSErrorFailingURLStringKey=https://<*>/clls/wloc, NSErrorFailingURLKey=https://<*>/clls/wloc, _kCFStreamErrorDomainKey=4, _kCFStreamErrorCodeKey=-2102, NSLocalizedDescription=The request timed out.}",0.4119,126.56,418
583,2017-07-08 06:26:32.364 GoogleSoftwareUpdateAgent[39159/0x7000002a0000] [lvl=2] -[KSAgentApp(KeystoneDelegate) updateEngineFinishedWithErrors:] Keystone finished: errors=0,exact,<*> GoogleSoftwareUpdateAgent[39159/0x7000002a0000] [lvl=2] -[KSAgentApp(KeystoneDelegate) updateEngineFinishedWithErrors:] Keystone finished: errors=0,1.0,<*> GoogleSoftwareUpdateAgent[37059/0x7000002a0000] [lvl=2] -[KSAgentApp(KeystoneDelegate) updateEngineFinishedWithErrors:] Keystone finished: errors=0,0.9979,"<*> GoogleSoftwareUpdateAgent[35018/0x7000002a0000] [lvl=2] -[KSOutOfProcessFetcher(PrivateMethods) helperDidTerminate:] KSOutOfProcessFetcher fetch ended for URL: ""https://<*>/service/update2?cup2hreq=a70d6372a4e45a6cbba61cd7f057c79bf73c79db1b1951dc17c605e870f0419b&cup2key=7:934679018""",0.7485,134.59,418
584,2017-07-08 06:26:32.365 GoogleSoftwareUpdateAgent[39159/0x7000002a0000] [lvl=2] -[KSAgentApp(KeystoneThread) runKeystonesInThreadWithArg:] About to run checks for any other apps.,exact,<*> GoogleSoftwareUpdateAgent[39159/0x7000002a0000] [lvl=2] -[KSAgentApp(KeystoneThread) runKeystonesInThreadWithArg:] About to run checks for any other apps.,1.0,"<*> GoogleSoftwareUpdateAgent[31702/0x7000002a0000] [lvl=2] -[KSAgentApp(KeystoneThread) runKeystonesInThreadWithArg:] Checking with local engine: <KSUpdateEngine:0x100259c60 ticketStore=<KSPersistentTicketStore:0x100253770 store=<KSKeyedPersistentStore:0x100254d10 path=""/Users/xpc/Library/Google/GoogleSoftwareUpdate/TicketStore/Keystone.ticketstore"" lockFile=<KSLockFile:0x100254d80 path=""/Users/xpc/Library/Google/GoogleSoftwareUpdate/TicketStore/<*>"" locked=NO > >> processor=<KSActionProcessor:0x100259e70 delegate=<KSUpdateEngine:0x100259c60> isProcessing=NO actionsCompleted=0 progress=0.00 errors=0 currentActionErrors=0 events=0 currentActionEvents=0 actionQueue=( ) > delegate=(null) serverInfoStore=<KSServerPrivateInfoStore:0x1002594d0 path=""/Users/xpc/Library/Google/GoogleSoftwareUpdate/Servers""> errors=0 >",0.7421,<*> GoogleSoftwareUpdateAgent[37059/0x7000002a0000] [lvl=2] -[KSAgentApp(KeystoneDelegate) updateEngineFinishedWithErrors:] Keystone finished: errors=0,0.698,126.93,418
585,ARPT: 787923.793193: wl0: leaveModulePoweredForOffloads: Wi-Fi will stay on.,exact,ARPT: <*> wl0: leaveModulePoweredForOffloads: Wi-Fi will stay on.,0.9936,"ARPT: <*> wl0: Roamed or switched channel, reason <*> bssid <*> last RSSI <*>",0.6547,ARPT: <*> wl0: setup_keepalive: Local IP: <*>,0.6339,124.29,418
586,"Arranged view frame: {{0, 0} {260, 877}}",exact,"Arranged view frame: {{0, 0} {260, 877}}",1.0,ARPT: <*> framerdy <*> bmccmd 3 framecnt <*>,0.3701,"Unable to simultaneously satisfy constraints: ( <*> (Names: PageItemCell<*> <*> )>"", <*> 'NSView-Encapsulated-Layout-Width' H:[PageItemCell(73)] (Names: PageItemCell<*> )>"", <*> (Names: PageItemCell<*> <*> )>"", <*> ) Will attempt to recover by breaking constraint <*> Set the NSUserDefault NSConstraintBasedLayoutVisualizeMutuallyExclusiveConstraints to YES to have -[NSWindow visualizeConstraints:] automatically called when this happens. And/or, break on objc_exception_throw to catch this in the debugger.",0.3539,128.27,418
587,[<*>] [Refusing to parse response to PROPPATCH because of content-type: [text/html; charset=UTF-8].],exact,[<*>] [Refusing to parse response to PROPPATCH because of content-type: [text/html; charset=UTF-8].],1.0,url host = www.baidu.com<*>,0.3783,after trim url = https://<*>/_/chrome/newtab?rlz=1C5CHFA_enHK732HK732&espv=2&ie=UTF-8,0.3403,130.88,418
588,IO80211AWDLPeerManager::setAwdlOperatingMode Setting the AWDL operation mode from AUTO to SUSPENDED,exact,IO80211AWDLPeerManager::setAwdlOperatingMode Setting the AWDL operation mode from <*> to <*>,0.9995,"IO80211AWDLPeerManager::setAwdlSuspendedMode() Suspending AWDL, enterQuietMode(true)",0.8906,IO80211AWDLPeerManager::setAwdlAutoMode Resuming AWDL,0.789,136.53,418
589,CCProfileMonitor::setStreamEventHandler,exact,CCProfileMonitor::setStreamEventHandler,1.0,CCXPCService::setStreamEventHandler Registered for notification callback.,0.7461,CCProfileMonitor::freeResources done,0.5445,217.57,418
590,Location icon should now be in state 'Inactive',exact,Location icon should now be in state 'Inactive',1.0,Location icon should now be in state 'Active',0.9243,Error returned from iconservicesagent: (null),0.4138,135.48,418
591,Telling CSI to go low power.,exact,Telling CSI to go low power.,1.0,Failed to stop a scan - central is not powered on: 4,0.2331,<*> : BTLE scanner Powered Off,0.2187,136.93,418
592,ARPT: 790457.609414: AirPort_Brcm43xx::powerChange: System Sleep,exact,ARPT: <*> AirPort_Brcm43xx::powerChange: System Sleep,0.9916,ARPT: <*> AirPort_Brcm43xx::powerChange: System Wake - Full Wake/ Dark Wake / Maintenance wake,0.8794,ARPT: <*> AirPort_Brcm43xx::syncPowerState: WWEN[enabled],0.7743,134.67,418
593,-[UABestAppSuggestionManager notifyBestAppChanged:type:options:bundleIdentifier:activityType:dynamicIdentifier:when:confidence:deviceName:deviceIdentifier:deviceType:] (null) UASuggestedActionType=0 (null)/(null) opts=(null) when=2017-07-08 14:29:50 +0000 confidence=1 from=(null)/(null) (UABestAppSuggestionManager.m #319),exact,-[UABestAppSuggestionManager notifyBestAppChanged:type:options:bundleIdentifier:activityType:dynamicIdentifier:when:confidence:deviceName:deviceIdentifier:deviceType:] (null) UASuggestedActionType=0 (null)/(null) opts=(null) when<*> <*> +0000 confidence=1 from=(null)/(null) (UABestAppSuggestionManager.m #319),0.9998,-[SFLListManager(ServiceReplyProtocol) notifyChanges:toListWithIdentifier:] Notified of item changes to list with identifier com.apple.LSSharedFileList.RecentApplications<*>,0.4626,[BluetoothHIDDeviceController] <*>,0.4368,127.82,418
594,"SOSAccountThisDeviceCanSyncWithCircle sync with device failure: Error Domain=<*> Code=1035 ""Account identity not set"" UserInfo={NSDescription=Account identity not set}",exact,"SOSAccountThisDeviceCanSyncWithCircle sync with device failure: Error Domain=<*> Code=1035 ""Account identity not set"" UserInfo={NSDescription=Account identity not set}",1.0,"[Accounts] Current connection, <NSXPCConnection: <*> connection from pid <*> doesn't have account access.",0.4992,"[Accounts] Current connection, <NSXPCConnection: 0x7fda74805bf0> connection from pid 487, doesn't have account access.",0.496,131.98,418
595,Bluetooth -- LE is supported - Disable LE meta event,exact,Bluetooth -- LE is supported - Disable LE meta event,1.0,[BluetoothHIDDeviceController] <*>,0.5072,[IOBluetoothFamily][staticBluetoothTransportShowsUp] -- Received Bluetooth Controller register service notification -- <*>,0.4377,156.99,418
596,ARPT: 790564.863081: wl0: MDNS: IPV6 Addr: 2607:f140:6000:8:c6b3:1ff:fecd:467f,exact,ARPT: <*> wl0: MDNS: IPV6 Addr: fe<*>,0.9936,ARPT: <*> wl0: MDNS: IPV6 Addr: <*>,0.9413,ARPT: <*> wl0: MDNS: IPV4 Addr: <*>,0.8553,128.95,418
597,"USBMSC Identifier (non-unique): 000000000820 0x5ac 0x8406 0x820, 3",exact,USBMSC Identifier (non-unique): <*> 3,1.0,device_generate_desktop_screenshot: authw <*> shield <*>,0.4438,ARPT: <*> framerdy <*> bmccmd 3 framecnt <*>,0.4193,124.09,418
598,AppleCamIn::systemWakeCall - messageType = 0xE0000340,exact,AppleCamIn::systemWakeCall - messageType = <*>,0.9999,AppleCamIn::handleWakeEvent_gated,0.711,AppleCamIn::wakeEventHandlerThread,0.6906,127.44,418
599,Wake reason: RTC (Alarm),exact,Wake reason: RTC (Alarm),1.0,Wake reason: ?,0.6918,Wake reason: EC.SleepTimer (SleepTimer),0.6685,232.25,418
600,AppleCamIn::wakeEventHandlerThread,exact,AppleCamIn::wakeEventHandlerThread,1.0,AppleCamIn::handleWakeEvent_gated,0.7262,AppleCamIn::systemWakeCall - messageType = <*>,0.6907,209.57,418
