log_id,normalised,match_type,top1_template,top1_score,top2_template,top2_score,top3_template,top3_score,latency_ms,store_size
1,Active base files: /var/lib/nova/instances/_base/a<*>c<*>f<*>c<*>da<*>b<*>c<*>bb<*>ac<*>e<*>,exact,Active base files: /var/lib/nova/instances/_base/a<*>c<*>f<*>c<*>da<*>b<*>c<*>bb<*>ac<*>e<*>,1.0,Removable base files: /var/lib/nova/instances/_base/a<*>c<*>f<*>c<*>da<*>b<*>c<*>bb<*>ac<*>e<*>,0.871,Unknown base file: /var/lib/nova/instances/_base/a<*>c<*>f<*>c<*>da<*>b<*>c<*>bb<*>ac<*>e<*>,0.84,59.02,150
2,"<*> ""GET <*>HTTP<*>status: <*> len: <*> time: <*>.<*>",exact,"<*> ""GET <*>HTTP<*>status: HTTP<*> len: <*> time: <*>",1.0,"<*> ""POST <*>HTTP<*>status: HTTP<*> len: <*> time: <*>",0.8917,"<*> ""DELETE <*>HTTP<*>status: HTTP<*> len: <*> time: <*>",0.7937,70.22,150
3,"<*> ""GET <*>HTTP<*>status: <*> len: <*> time: <*>.<*>",exact,"<*> ""GET <*>HTTP<*>status: HTTP<*> len: <*> time: <*>",1.0,"<*> ""POST <*>HTTP<*>status: HTTP<*> len: <*> time: <*>",0.8917,"<*> ""DELETE <*>HTTP<*>status: HTTP<*> len: <*> time: <*>",0.7937,66.1,150
4,"<*> ""GET <*>HTTP<*>status: <*> len: <*> time: <*>.<*>",exact,"<*> ""GET <*>HTTP<*>status: HTTP<*> len: <*> time: <*>",1.0,"<*> ""POST <*>HTTP<*>status: HTTP<*> len: <*> time: <*>",0.8917,"<*> ""DELETE <*>HTTP<*>status: HTTP<*> len: <*> time: <*>",0.7937,45.97,150
5,"<*> ""GET <*>HTTP<*>status: <*> len: <*> time: <*>.<*>",exact,"<*> ""GET <*>HTTP<*>status: HTTP<*> len: <*> time: <*>",1.0,"<*> ""POST <*>HTTP<*>status: HTTP<*> len: <*> time: <*>",0.8917,"<*> ""DELETE <*>HTTP<*>status: HTTP<*> len: <*> time: <*>",0.7937,45.74,150
6,"<*> ""GET <*>HTTP<*>status: <*> len: <*> time: <*>.<*>",exact,"<*> ""GET <*>HTTP<*>status: HTTP<*> len: <*> time: <*>",1.0,"<*> ""POST <*>HTTP<*>status: HTTP<*> len: <*> time: <*>",0.8917,"<*> ""DELETE <*>HTTP<*>status: HTTP<*> len: <*> time: <*>",0.7937,45.79,150
7,"<*> ""GET <*>HTTP<*>status: <*> len: <*> time: <*>.<*>",exact,"<*> ""GET <*>HTTP<*>status: HTTP<*> len: <*> time: <*>",1.0,"<*> ""POST <*>HTTP<*>status: HTTP<*> len: <*> time: <*>",0.8917,"<*> ""DELETE <*>HTTP<*>status: HTTP<*> len: <*> time: <*>",0.7937,45.57,150
8,image <*>dd<*>-<*>c<*>-<*>fbb-<*>c<*>-<*>fbe<*>b<*> at (<*>checking,exact,image <*> at (<*>checking,1.0,[instance: fecdd<*>a<*>-<*>ca<*>-<*>c<*>-<*>-<*>b<*>f<*>e] Creating image,0.7025,[instance: faf<*> Creating image,0.6638,47.42,150
9,"image <*>dd<*>-<*>c<*>-<*>fbb-<*>c<*>-<*>fbe<*>b<*> at (<*>in use: on this node <*> local, <*> on other nodes sharing this instance storage",exact,"image <*> at (<*>in use: on this node node<*> local, local<*> on other nodes sharing this instance storage",1.0,image <*> at (<*>checking,0.6627,[instance: d<*>b<*>bd<*>-<*>-<*>-<*>-fffdd<*>ea<*>e] Creating image,0.5005,48.69,150
10,Active base files: /var/lib/nova/instances/_base/a<*>c<*>f<*>c<*>da<*>b<*>c<*>bb<*>ac<*>e<*>,exact,Active base files: /var/lib/nova/instances/_base/a<*>c<*>f<*>c<*>da<*>b<*>c<*>bb<*>ac<*>e<*>,1.0,Removable base files: /var/lib/nova/instances/_base/a<*>c<*>f<*>c<*>da<*>b<*>c<*>bb<*>ac<*>e<*>,0.871,Unknown base file: /var/lib/nova/instances/_base/a<*>c<*>f<*>c<*>da<*>b<*>c<*>bb<*>ac<*>e<*>,0.84,47.92,150
11,Creating event network-vif-plugged:<*>c<*>f-<*>d<*>-<*>-ae<*>b-<*>bca<*>d<*>a<*> for instance be<*>e<*>-<*>cc<*>-<*>f<*>-<*>-<*>c<*>a<*>a<*>bc,partial,Creating event network<*> for instance <*>,0.9842,[instance: c<*>f<*>f<*>-<*>c-<*>ea<*>-b<*>e<*>-<*>edfcfbf] VM <*> (Lifecycle Event),0.5048,[instance: <*>a<*>d<*>-<*>b<*>-<*>c<*>-b<*>-<*>a<*>cadf] VM <*> (Lifecycle Event),0.4796,50.83,150
12,"<*> ""POST <*>HTTP<*>status: <*> len: <*> time: <*>.<*>",exact,"<*> ""POST <*>HTTP<*>status: HTTP<*> len: <*> time: <*>",1.0,"<*> ""GET <*>HTTP<*>status: HTTP<*> len: <*> time: <*>",0.8917,"<*> ""DELETE <*>HTTP<*>status: HTTP<*> len: <*> time: <*>",0.8163,46.08,150
13,[instance: be<*>e<*>-<*>cc<*>-<*>f<*>-<*>-<*>c<*>a<*>a<*>bc] VM Resumed (Lifecycle Event),partial,[instance: <*> VM Resumed (Lifecycle Event),0.9706,[instance: <*> VM Stopped (Lifecycle Event),0.9094,[instance: faf<*>ea-cba<*>-<*>e<*>b-<*>f<*>-<*>a<*>bc<*>f] VM <*> (Lifecycle Event),0.8796,47.66,150
14,[instance: be<*>e<*>-<*>cc<*>-<*>f<*>-<*>-<*>c<*>a<*>a<*>bc] Instance spawned successfully.,partial,[instance: <*> Instance spawned successfully.,0.9553,[instance: <*>e<*>a-<*>fe<*>-<*>-<*>b<*>-<*>ac<*>e<*>] Instance spawned successfully.,0.8744,[instance: faf<*> Instance spawned successfully.,0.8518,47.62,150
15,[instance: be<*>e<*>-<*>cc<*>-<*>f<*>-<*>-<*>c<*>a<*>a<*>bc] Took <*>.<*> seconds to spawn the instance on the hypervisor.,partial,[instance: <*> Took <*> seconds to spawn the instance on the hypervisor.,0.967,[instance: c<*>f<*>f<*>-<*>c-<*>ea<*>-b<*>e<*>-<*>edfcfbf] Took <*> seconds to <*> the instance on the hypervisor.,0.8789,[instance: b<*>-fe<*>a-<*>b-b<*>cc-<*>e<*>b<*>cd<*>d] Took <*> seconds to <*> the instance on the hypervisor.,0.877,48.45,150
16,[instance: be<*>e<*>-<*>cc<*>-<*>f<*>-<*>-<*>c<*>a<*>a<*>bc] During sync_power_state the instance has a pending task (spawning). Skip.,partial,[instance: <*> During sync_power_state the instance has a pending task (spawning). Skip.,0.9766,[instance: fecdd<*>a<*>-<*>ca<*>-<*>c<*>-<*>-<*>b<*>f<*>e] During sync_power_state the instance has a pending task (spawning). Skip.,0.8853,"While synchronizing instance power states, found <*> instances in the database and <*> instances on the hypervisor.",0.6083,48.68,150
17,[instance: be<*>e<*>-<*>cc<*>-<*>f<*>-<*>-<*>c<*>a<*>a<*>bc] VM Resumed (Lifecycle Event),partial,[instance: <*> VM Resumed (Lifecycle Event),0.973,[instance: <*> VM Stopped (Lifecycle Event),0.9094,[instance: faf<*>ea-cba<*>-<*>e<*>b-<*>f<*>-<*>a<*>bc<*>f] VM <*> (Lifecycle Event),0.8796,47.72,150
18,[instance: be<*>e<*>-<*>cc<*>-<*>f<*>-<*>-<*>c<*>a<*>a<*>bc] Took <*>.<*> seconds to build instance.,partial,[instance: <*> Took <*> seconds to build instance.,0.9289,[instance: b<*>-fe<*>a-<*>b-b<*>cc-<*>e<*>b<*>cd<*>d] Took <*> seconds to build instance.,0.8586,[instance: faf<*> Took <*> seconds to build instance.,0.8497,49.42,150
19,"<*> ""GET <*>HTTP<*>status: <*> len: <*> time: <*>.<*>",exact,"<*> ""GET <*>HTTP<*>status: HTTP<*> len: <*> time: <*>",1.0,"<*> ""POST <*>HTTP<*>status: HTTP<*> len: <*> time: <*>",0.8917,"<*> ""DELETE <*>HTTP<*>status: HTTP<*> len: <*> time: <*>",0.7937,47.75,150
20,"<*> ""GET <*>HTTP<*>status: <*> len: <*> time: <*>.<*>",exact,"<*> ""GET <*>HTTP<*>status: HTTP<*> len: <*> time: <*>",1.0,"<*> ""POST <*>HTTP<*>status: HTTP<*> len: <*> time: <*>",0.8917,"<*> ""DELETE <*>HTTP<*>status: HTTP<*> len: <*> time: <*>",0.7937,47.61,150
21,image <*>dd<*>-<*>c<*>-<*>fbb-<*>c<*>-<*>fbe<*>b<*> at (<*>checking,exact,image <*> at (<*>checking,1.0,[instance: fecdd<*>a<*>-<*>ca<*>-<*>c<*>-<*>-<*>b<*>f<*>e] Creating image,0.7025,[instance: faf<*> Creating image,0.6638,48.88,150
22,"image <*>dd<*>-<*>c<*>-<*>fbb-<*>c<*>-<*>fbe<*>b<*> at (<*>in use: on this node <*> local, <*> on other nodes sharing this instance storage",exact,"image <*> at (<*>in use: on this node node<*> local, local<*> on other nodes sharing this instance storage",1.0,image <*> at (<*>checking,0.6627,[instance: d<*>b<*>bd<*>-<*>-<*>-<*>-fffdd<*>ea<*>e] Creating image,0.5005,50.99,150
23,Active base files: /var/lib/nova/instances/_base/a<*>c<*>f<*>c<*>da<*>b<*>c<*>bb<*>ac<*>e<*>,exact,Active base files: /var/lib/nova/instances/_base/a<*>c<*>f<*>c<*>da<*>b<*>c<*>bb<*>ac<*>e<*>,1.0,Removable base files: /var/lib/nova/instances/_base/a<*>c<*>f<*>c<*>da<*>b<*>c<*>bb<*>ac<*>e<*>,0.871,Unknown base file: /var/lib/nova/instances/_base/a<*>c<*>f<*>c<*>da<*>b<*>c<*>bb<*>ac<*>e<*>,0.84,49.19,150
24,"<*> ""GET <*>HTTP<*>status: <*> len: <*> time: <*>.<*>",exact,"<*> ""GET <*>HTTP<*>status: HTTP<*> len: <*> time: <*>",1.0,"<*> ""POST <*>HTTP<*>status: HTTP<*> len: <*> time: <*>",0.8917,"<*> ""DELETE <*>HTTP<*>status: HTTP<*> len: <*> time: <*>",0.7937,49.0,150
25,"<*> ""GET <*>HTTP<*>status: <*> len: <*> time: <*>.<*>",exact,"<*> ""GET <*>HTTP<*>status: HTTP<*> len: <*> time: <*>",1.0,"<*> ""POST <*>HTTP<*>status: HTTP<*> len: <*> time: <*>",0.8917,"<*> ""DELETE <*>HTTP<*>status: HTTP<*> len: <*> time: <*>",0.7937,49.24,150
26,"<*> ""GET <*>HTTP<*>status: <*> len: <*> time: <*>.<*>",exact,"<*> ""GET <*>HTTP<*>status: HTTP<*> len: <*> time: <*>",1.0,"<*> ""POST <*>HTTP<*>status: HTTP<*> len: <*> time: <*>",0.8917,"<*> ""DELETE <*>HTTP<*>status: HTTP<*> len: <*> time: <*>",0.7937,47.69,150
27,"<*> ""GET <*>HTTP<*>status: <*> len: <*> time: <*>.<*>",exact,"<*> ""GET <*>HTTP<*>status: HTTP<*> len: <*> time: <*>",1.0,"<*> ""POST <*>HTTP<*>status: HTTP<*> len: <*> time: <*>",0.8917,"<*> ""DELETE <*>HTTP<*>status: HTTP<*> len: <*> time: <*>",0.7937,47.57,150
28,"<*> ""GET <*>HTTP<*>status: <*> len: <*> time: <*>.<*>",exact,"<*> ""GET <*>HTTP<*>status: HTTP<*> len: <*> time: <*>",1.0,"<*> ""POST <*>HTTP<*>status: HTTP<*> len: <*> time: <*>",0.8917,"<*> ""DELETE <*>HTTP<*>status: HTTP<*> len: <*> time: <*>",0.7937,47.61,150
29,"<*> ""GET <*>HTTP<*>status: <*> len: <*> time: <*>.<*>",exact,"<*> ""GET <*>HTTP<*>status: HTTP<*> len: <*> time: <*>",1.0,"<*> ""POST <*>HTTP<*>status: HTTP<*> len: <*> time: <*>",0.8917,"<*> ""DELETE <*>HTTP<*>status: HTTP<*> len: <*> time: <*>",0.7937,47.9,150
30,"<*> ""GET <*>HTTP<*>status: <*> len: <*> time: <*>.<*>",exact,"<*> ""GET <*>HTTP<*>status: HTTP<*> len: <*> time: <*>",1.0,"<*> ""POST <*>HTTP<*>status: HTTP<*> len: <*> time: <*>",0.8917,"<*> ""DELETE <*>HTTP<*>status: HTTP<*> len: <*> time: <*>",0.7937,47.71,150
31,"<*> ""DELETE <*>HTTP<*>status: <*> len: <*> time: <*>.<*>",exact,"<*> ""DELETE <*>HTTP<*>status: HTTP<*> len: <*> time: <*>",1.0,"<*> ""POST <*>HTTP<*>status: HTTP<*> len: <*> time: <*>",0.8163,"<*> ""GET <*>HTTP<*>status: HTTP<*> len: <*> time: <*>",0.7937,47.82,150
32,[instance: be<*>e<*>-<*>cc<*>-<*>f<*>-<*>-<*>c<*>a<*>a<*>bc] Terminating instance,partial,[instance: <*> Terminating instance,0.9515,[instance: <*>e<*>a-<*>fe<*>-<*>-<*>b<*>-<*>ac<*>e<*>] Terminating instance,0.8672,[instance: <*>dc<*>-<*>-<*>cc-<*>e-<*>b<*>c<*>dcf] Terminating instance,0.8385,49.02,150
33,"<*> ""GET <*>HTTP<*>status: <*> len: <*> time: <*>.<*>",exact,"<*> ""GET <*>HTTP<*>status: HTTP<*> len: <*> time: <*>",1.0,"<*> ""POST <*>HTTP<*>status: HTTP<*> len: <*> time: <*>",0.8917,"<*> ""DELETE <*>HTTP<*>status: HTTP<*> len: <*> time: <*>",0.7937,47.59,150
34,[instance: be<*>e<*>-<*>cc<*>-<*>f<*>-<*>-<*>c<*>a<*>a<*>bc] Instance destroyed successfully.,partial,[instance: <*> Instance destroyed successfully.,0.9264,[instance: faf<*> Instance destroyed successfully.,0.8512,[instance: b<*>-fe<*>a-<*>b-b<*>cc-<*>e<*>b<*>cd<*>d] Instance destroyed successfully.,0.8481,50.1,150
35,"<*> ""GET <*>HTTP<*>status: <*> len: <*> time: <*>.<*>",exact,"<*> ""GET <*>HTTP<*>status: HTTP<*> len: <*> time: <*>",1.0,"<*> ""POST <*>HTTP<*>status: HTTP<*> len: <*> time: <*>",0.8917,"<*> ""DELETE <*>HTTP<*>status: HTTP<*> len: <*> time: <*>",0.7937,48.4,150
36,[instance: be<*>e<*>-<*>cc<*>-<*>f<*>-<*>-<*>c<*>a<*>a<*>bc] Deleting instance files /var/lib/nova/instances/be<*>e<*>-<*>cc<*>-<*>f<*>-<*>-<*>c<*>a<*>a<*>bc_del,partial,[instance: <*> Deleting instance files <*>,0.9716,[instance: fecdd<*>a<*>-<*>ca<*>-<*>c<*>-<*>-<*>b<*>f<*>e] Deleting instance files /var/lib/nova/instances/fecdd<*>a<*>-<*>ca<*>-<*>c<*>-<*>-<*>b<*>f<*>e_del,0.887,Removing base or swap file: /var/lib/nova/instances/_base/a<*>c<*>f<*>c<*>da<*>b<*>c<*>bb<*>ac<*>e<*>,0.7552,56.55,150
37,[instance: be<*>e<*>-<*>cc<*>-<*>f<*>-<*>-<*>c<*>a<*>a<*>bc] Deletion of <*>complete,partial,[instance: fecdd<*> Deletion of <*>complete,0.9461,[instance: <*> Deletion of <*>complete,0.8766,[instance: <*>dc<*>-<*>-<*>cc-<*>e-<*>b<*>c<*>dcf] Deletion of <*>complete,0.8688,49.15,150
38,[instance: be<*>e<*>-<*>cc<*>-<*>f<*>-<*>-<*>c<*>a<*>a<*>bc] Took <*>.<*> seconds to destroy the instance on the hypervisor.,partial,[instance: <*> Took <*> seconds to destroy the instance on the hypervisor.,0.9696,[instance: b<*>-fe<*>a-<*>b-b<*>cc-<*>e<*>b<*>cd<*>d] Took <*> seconds to <*> the instance on the hypervisor.,0.8862,[instance: <*> Took <*> seconds to spawn the instance on the hypervisor.,0.8811,49.06,150
39,"<*> ""GET <*>HTTP<*>status: <*> len: <*> time: <*>.<*>",exact,"<*> ""GET <*>HTTP<*>status: HTTP<*> len: <*> time: <*>",1.0,"<*> ""POST <*>HTTP<*>status: HTTP<*> len: <*> time: <*>",0.8917,"<*> ""DELETE <*>HTTP<*>status: HTTP<*> len: <*> time: <*>",0.7937,46.03,150
40,[instance: be<*>e<*>-<*>cc<*>-<*>f<*>-<*>-<*>c<*>a<*>a<*>bc] Took <*>.<*> seconds to deallocate network for instance.,partial,[instance: fecdd<*> Took <*> seconds to deallocate network for instance.,0.9531,[instance: <*> Took <*> seconds to deallocate network for instance.,0.8818,[instance: <*>a<*>d<*>-<*>b<*>-<*>c<*>-b<*>-<*>a<*>cadf] Took <*> seconds to deallocate network for instance.,0.8697,48.23,150
41,Unknown base file: /var/lib/nova/instances/_base/a<*>c<*>f<*>c<*>da<*>b<*>c<*>bb<*>ac<*>e<*>,exact,Unknown base file: /var/lib/nova/instances/_base/a<*>c<*>f<*>c<*>da<*>b<*>c<*>bb<*>ac<*>e<*>,1.0,Removing base or swap file: /var/lib/nova/instances/_base/a<*>c<*>f<*>c<*>da<*>b<*>c<*>bb<*>ac<*>e<*>,0.8518,Base or swap file too young to remove: /var/lib/nova/instances/_base/a<*>c<*>f<*>c<*>da<*>b<*>c<*>bb<*>ac<*>e<*>,0.8448,48.22,150
42,Removable base files: /var/lib/nova/instances/_base/a<*>c<*>f<*>c<*>da<*>b<*>c<*>bb<*>ac<*>e<*>,exact,Removable base files: /var/lib/nova/instances/_base/a<*>c<*>f<*>c<*>da<*>b<*>c<*>bb<*>ac<*>e<*>,1.0,Active base files: /var/lib/nova/instances/_base/a<*>c<*>f<*>c<*>da<*>b<*>c<*>bb<*>ac<*>e<*>,0.871,Removing base or swap file: /var/lib/nova/instances/_base/a<*>c<*>f<*>c<*>da<*>b<*>c<*>bb<*>ac<*>e<*>,0.8165,47.64,150
43,Removing base or swap file: /var/lib/nova/instances/_base/a<*>c<*>f<*>c<*>da<*>b<*>c<*>bb<*>ac<*>e<*>,exact,Removing base or swap file: /var/lib/nova/instances/_base/a<*>c<*>f<*>c<*>da<*>b<*>c<*>bb<*>ac<*>e<*>,1.0,Base or swap file too young to remove: /var/lib/nova/instances/_base/a<*>c<*>f<*>c<*>da<*>b<*>c<*>bb<*>ac<*>e<*>,0.969,Unknown base file: /var/lib/nova/instances/_base/a<*>c<*>f<*>c<*>da<*>b<*>c<*>bb<*>ac<*>e<*>,0.8518,48.12,150
44,"<*> ""GET <*>HTTP<*>status: <*> len: <*> time: <*>.<*>",exact,"<*> ""GET <*>HTTP<*>status: HTTP<*> len: <*> time: <*>",1.0,"<*> ""POST <*>HTTP<*>status: HTTP<*> len: <*> time: <*>",0.8917,"<*> ""DELETE <*>HTTP<*>status: HTTP<*> len: <*> time: <*>",0.7937,46.25,150
45,HTTP exception thrown: No instances found for any event,exact,HTTP exception thrown: No instances found for any event,1.0,"<*> ""DELETE <*>HTTP<*>status: HTTP<*> len: <*> time: <*>",0.2495,"<*> ""POST <*>HTTP<*>status: HTTP<*> len: <*> time: <*>",0.2452,45.38,150
46,"<*> ""POST <*>HTTP<*>status: <*> len: <*> time: <*>.<*>",exact,"<*> ""POST <*>HTTP<*>status: HTTP<*> len: <*> time: <*>",1.0,"<*> ""GET <*>HTTP<*>status: HTTP<*> len: <*> time: <*>",0.8917,"<*> ""DELETE <*>HTTP<*>status: HTTP<*> len: <*> time: <*>",0.8163,45.7,150
47,"<*> ""POST <*>HTTP<*>status: <*> len: <*> time: <*>.<*>",exact,"<*> ""POST <*>HTTP<*>status: HTTP<*> len: <*> time: <*>",1.0,"<*> ""GET <*>HTTP<*>status: HTTP<*> len: <*> time: <*>",0.8917,"<*> ""DELETE <*>HTTP<*>status: HTTP<*> len: <*> time: <*>",0.8163,46.32,150
48,"<*> ""GET <*>HTTP<*>status: <*> len: <*> time: <*>.<*>",exact,"<*> ""GET <*>HTTP<*>status: HTTP<*> len: <*> time: <*>",1.0,"<*> ""POST <*>HTTP<*>status: HTTP<*> len: <*> time: <*>",0.8917,"<*> ""DELETE <*>HTTP<*>status: HTTP<*> len: <*> time: <*>",0.7937,46.36,150
49,"[instance: a<*>cf<*>-<*>bb-<*>-a<*>d-<*>c<*>ac<*>a<*>d] Attempting claim: memory <*> MB, disk <*> GB, vcpus <*> CPU",partial,"[instance: <*> Attempting claim: memory <*> MB, disk <*> GB, vcpus <*> CPU",0.9676,"[instance: d<*>a<*>b-<*>-<*>-bdcc-<*>b<*>d<*>d] Attempting claim: memory <*> MB, disk <*> GB, vcpus <*> CPU",0.8788,"[instance: fecdd<*>a<*>-<*>ca<*>-<*>c<*>-<*>-<*>b<*>f<*>e] Attempting claim: memory <*> MB, disk <*> GB, vcpus <*> CPU",0.8766,48.54,150
50,"[instance: a<*>cf<*>-<*>bb-<*>-a<*>d-<*>c<*>ac<*>a<*>d] Total memory: <*> MB, used: <*>.<*> MB",partial,"[instance: <*> Total memory: <*> MB, used: <*> MB",0.9594,"[instance: faf<*> Total memory: <*> MB, used: <*> MB",0.9023,"[instance: d<*>a<*>b-<*>-<*>-bdcc-<*>b<*>d<*>d] Total memory: <*> MB, used: <*> MB",0.8811,48.43,150
51,"[instance: a<*>cf<*>-<*>bb-<*>-a<*>d-<*>c<*>ac<*>a<*>d] memory limit: <*>.<*> MB, free: <*>.<*> MB",partial,"[instance: <*> memory limit: <*> MB, free: <*> MB",0.9587,"[instance: <*>e<*>a-<*>fe<*>-<*>-<*>b<*>-<*>ac<*>e<*>] memory limit: <*> MB, free: <*> MB",0.9001,"[instance: d<*>a<*>b-<*>-<*>-bdcc-<*>b<*>d<*>d] memory limit: <*> MB, free: <*> MB",0.881,48.31,150
52,"[instance: a<*>cf<*>-<*>bb-<*>-a<*>d-<*>c<*>ac<*>a<*>d] Total disk: <*> GB, used: <*>.<*> GB",partial,"[instance: <*> Total disk: <*> GB, used: <*> GB",0.965,"[instance: b<*>ef<*>-ba<*>d-<*>ae-bf<*>a-<*>cba<*>a<*>] Total disk: <*> GB, used: <*> GB",0.8421,"[instance: <*> Total memory: <*> MB, used: <*> MB",0.7591,48.78,150
53,"[instance: a<*>cf<*>-<*>bb-<*>-a<*>d-<*>c<*>ac<*>a<*>d] disk limit not specified, defaulting to unlimited",partial,"[instance: <*> disk limit not specified, defaulting to unlimited",0.9554,"[instance: <*>e<*>a-<*>fe<*>-<*>-<*>b<*>-<*>ac<*>e<*>] disk limit not specified, defaulting to unlimited",0.8887,"[instance: d<*>a<*>b-<*>-<*>-bdcc-<*>b<*>d<*>d] disk limit not specified, defaulting to unlimited",0.8525,60.09,150
54,"[instance: a<*>cf<*>-<*>bb-<*>-a<*>d-<*>c<*>ac<*>a<*>d] Total vcpu: <*> VCPU, used: <*>.<*> VCPU",partial,"[instance: <*> Total vcpu: <*> VCPU, used: <*> VCPU",0.9672,"[instance: faf<*> Total vcpu: <*> VCPU, used: <*> VCPU",0.8723,"[instance: fecdd<*>a<*>-<*>ca<*>-<*>c<*>-<*>-<*>b<*>f<*>e] Total vcpu: <*> VCPU, used: <*> VCPU",0.8697,69.68,150
55,"[instance: a<*>cf<*>-<*>bb-<*>-a<*>d-<*>c<*>ac<*>a<*>d] vcpu limit not specified, defaulting to unlimited",partial,"[instance: <*> vcpu limit not specified, defaulting to unlimited",0.9704,"[instance: faf<*> vcpu limit not specified, defaulting to unlimited",0.9214,"[instance: <*>dc<*>-<*>-<*>cc-<*>e-<*>b<*>c<*>dcf] vcpu limit not specified, defaulting to unlimited",0.8959,47.8,150
56,[instance: a<*>cf<*>-<*>bb-<*>-a<*>d-<*>c<*>ac<*>a<*>d] Claim successful,partial,[instance: <*> Claim successful,0.9275,[instance: <*>e<*>a-<*>fe<*>-<*>-<*>b<*>-<*>ac<*>e<*>] Claim successful,0.8674,[instance: <*>abccce-<*>d<*>f-<*>e<*>-b<*>d<*>-<*>b<*>ab<*>e<*>b<*>] Claim successful,0.8523,47.51,150
57,"<*> ""GET <*>HTTP<*>status: <*> len: <*> time: <*>.<*>",exact,"<*> ""GET <*>HTTP<*>status: HTTP<*> len: <*> time: <*>",1.0,"<*> ""POST <*>HTTP<*>status: HTTP<*> len: <*> time: <*>",0.8917,"<*> ""DELETE <*>HTTP<*>status: HTTP<*> len: <*> time: <*>",0.7937,46.07,150
58,"<*> ""GET <*>HTTP<*>status: <*> len: <*> time: <*>.<*>",exact,"<*> ""GET <*>HTTP<*>status: HTTP<*> len: <*> time: <*>",1.0,"<*> ""POST <*>HTTP<*>status: HTTP<*> len: <*> time: <*>",0.8917,"<*> ""DELETE <*>HTTP<*>status: HTTP<*> len: <*> time: <*>",0.7937,45.28,150
59,[instance: a<*>cf<*>-<*>bb-<*>-a<*>d-<*>c<*>ac<*>a<*>d] Creating image,partial,[instance: <*> Creating image,0.9185,[instance: <*>a<*>d<*>-<*>b<*>-<*>c<*>-b<*>-<*>a<*>cadf] Creating image,0.8471,[instance: d<*>a<*>b-<*>-<*>-bdcc-<*>b<*>d<*>d] Creating image,0.8405,47.93,150
60,"<*> ""GET <*>HTTP<*>status: <*> len: <*> time: <*>.<*>",exact,"<*> ""GET <*>HTTP<*>status: HTTP<*> len: <*> time: <*>",1.0,"<*> ""POST <*>HTTP<*>status: HTTP<*> len: <*> time: <*>",0.8917,"<*> ""DELETE <*>HTTP<*>status: HTTP<*> len: <*> time: <*>",0.7937,45.95,150
61,"<*> ""GET <*>HTTP<*>status: <*> len: <*> time: <*>.<*>",exact,"<*> ""GET <*>HTTP<*>status: HTTP<*> len: <*> time: <*>",1.0,"<*> ""POST <*>HTTP<*>status: HTTP<*> len: <*> time: <*>",0.8917,"<*> ""DELETE <*>HTTP<*>status: HTTP<*> len: <*> time: <*>",0.7937,45.81,150
62,[instance: be<*>e<*>-<*>cc<*>-<*>f<*>-<*>-<*>c<*>a<*>a<*>bc] VM Stopped (Lifecycle Event),partial,[instance: <*> VM Stopped (Lifecycle Event),0.9701,[instance: <*> VM Resumed (Lifecycle Event),0.902,[instance: <*> VM <*> (Lifecycle Event),0.8923,47.62,150
63,"<*> ""GET <*>HTTP<*>status: <*> len: <*> time: <*>.<*>",exact,"<*> ""GET <*>HTTP<*>status: HTTP<*> len: <*> time: <*>",1.0,"<*> ""POST <*>HTTP<*>status: HTTP<*> len: <*> time: <*>",0.8917,"<*> ""DELETE <*>HTTP<*>status: HTTP<*> len: <*> time: <*>",0.7937,46.16,150
64,"<*> ""GET <*>HTTP<*>status: <*> len: <*> time: <*>.<*>",exact,"<*> ""GET <*>HTTP<*>status: HTTP<*> len: <*> time: <*>",1.0,"<*> ""POST <*>HTTP<*>status: HTTP<*> len: <*> time: <*>",0.8917,"<*> ""DELETE <*>HTTP<*>status: HTTP<*> len: <*> time: <*>",0.7937,45.57,150
65,"<*> ""GET <*>HTTP<*>status: <*> len: <*> time: <*>.<*>",exact,"<*> ""GET <*>HTTP<*>status: HTTP<*> len: <*> time: <*>",1.0,"<*> ""POST <*>HTTP<*>status: HTTP<*> len: <*> time: <*>",0.8917,"<*> ""DELETE <*>HTTP<*>status: HTTP<*> len: <*> time: <*>",0.7937,45.94,150
66,"<*> ""GET <*>HTTP<*>status: <*> len: <*> time: <*>.<*>",exact,"<*> ""GET <*>HTTP<*>status: HTTP<*> len: <*> time: <*>",1.0,"<*> ""POST <*>HTTP<*>status: HTTP<*> len: <*> time: <*>",0.8917,"<*> ""DELETE <*>HTTP<*>status: HTTP<*> len: <*> time: <*>",0.7937,46.43,150
67,"<*> ""GET <*>HTTP<*>status: <*> len: <*> time: <*>.<*>",exact,"<*> ""GET <*>HTTP<*>status: HTTP<*> len: <*> time: <*>",1.0,"<*> ""POST <*>HTTP<*>status: HTTP<*> len: <*> time: <*>",0.8917,"<*> ""DELETE <*>HTTP<*>status: HTTP<*> len: <*> time: <*>",0.7937,45.89,150
68,"<*> ""GET <*>HTTP<*>status: <*> len: <*> time: <*>.<*>",exact,"<*> ""GET <*>HTTP<*>status: HTTP<*> len: <*> time: <*>",1.0,"<*> ""POST <*>HTTP<*>status: HTTP<*> len: <*> time: <*>",0.8917,"<*> ""DELETE <*>HTTP<*>status: HTTP<*> len: <*> time: <*>",0.7937,46.47,150
69,"<*> ""GET <*>HTTP<*>status: <*> len: <*> time: <*>.<*>",exact,"<*> ""GET <*>HTTP<*>status: HTTP<*> len: <*> time: <*>",1.0,"<*> ""POST <*>HTTP<*>status: HTTP<*> len: <*> time: <*>",0.8917,"<*> ""DELETE <*>HTTP<*>status: HTTP<*> len: <*> time: <*>",0.7937,45.75,150
70,"<*> ""GET <*>HTTP<*>status: <*> len: <*> time: <*>.<*>",exact,"<*> ""GET <*>HTTP<*>status: HTTP<*> len: <*> time: <*>",1.0,"<*> ""POST <*>HTTP<*>status: HTTP<*> len: <*> time: <*>",0.8917,"<*> ""DELETE <*>HTTP<*>status: HTTP<*> len: <*> time: <*>",0.7937,45.97,150
71,"<*> ""GET <*>HTTP<*>status: <*> len: <*> time: <*>.<*>",exact,"<*> ""GET <*>HTTP<*>status: HTTP<*> len: <*> time: <*>",1.0,"<*> ""POST <*>HTTP<*>status: HTTP<*> len: <*> time: <*>",0.8917,"<*> ""DELETE <*>HTTP<*>status: HTTP<*> len: <*> time: <*>",0.7937,45.74,150
72,"<*> ""GET <*>HTTP<*>status: <*> len: <*> time: <*>.<*>",exact,"<*> ""GET <*>HTTP<*>status: HTTP<*> len: <*> time: <*>",1.0,"<*> ""POST <*>HTTP<*>status: HTTP<*> len: <*> time: <*>",0.8917,"<*> ""DELETE <*>HTTP<*>status: HTTP<*> len: <*> time: <*>",0.7937,45.86,150
73,"<*> ""GET <*>HTTP<*>status: <*> len: <*> time: <*>.<*>",exact,"<*> ""GET <*>HTTP<*>status: HTTP<*> len: <*> time: <*>",1.0,"<*> ""POST <*>HTTP<*>status: HTTP<*> len: <*> time: <*>",0.8917,"<*> ""DELETE <*>HTTP<*>status: HTTP<*> len: <*> time: <*>",0.7937,45.99,150
74,"<*> ""GET <*>HTTP<*>status: <*> len: <*> time: <*>.<*>",exact,"<*> ""GET <*>HTTP<*>status: HTTP<*> len: <*> time: <*>",1.0,"<*> ""POST <*>HTTP<*>status: HTTP<*> len: <*> time: <*>",0.8917,"<*> ""DELETE <*>HTTP<*>status: HTTP<*> len: <*> time: <*>",0.7937,45.72,150
75,"<*> ""GET <*>HTTP<*>status: <*> len: <*> time: <*>.<*>",exact,"<*> ""GET <*>HTTP<*>status: HTTP<*> len: <*> time: <*>",1.0,"<*> ""POST <*>HTTP<*>status: HTTP<*> len: <*> time: <*>",0.8917,"<*> ""DELETE <*>HTTP<*>status: HTTP<*> len: <*> time: <*>",0.7937,46.24,150
76,"<*> ""GET <*>HTTP<*>status: <*> len: <*> time: <*>.<*>",exact,"<*> ""GET <*>HTTP<*>status: HTTP<*> len: <*> time: <*>",1.0,"<*> ""POST <*>HTTP<*>status: HTTP<*> len: <*> time: <*>",0.8917,"<*> ""DELETE <*>HTTP<*>status: HTTP<*> len: <*> time: <*>",0.7937,45.63,150
77,[instance: a<*>cf<*>-<*>bb-<*>-a<*>d-<*>c<*>ac<*>a<*>d] VM Started (Lifecycle Event),partial,[instance: <*> VM Stopped (Lifecycle Event),0.9273,[instance: <*> VM Resumed (Lifecycle Event),0.8926,[instance: b<*>-fe<*>a-<*>b-b<*>cc-<*>e<*>b<*>cd<*>d] VM <*> (Lifecycle Event),0.8763,47.45,150
78,[instance: a<*>cf<*>-<*>bb-<*>-a<*>d-<*>c<*>ac<*>a<*>d] VM Paused (Lifecycle Event),partial,[instance: <*> VM Paused (Lifecycle Event),0.969,[instance: <*> VM Stopped (Lifecycle Event),0.9187,[instance: <*> VM Resumed (Lifecycle Event),0.8932,47.37,150
79,[instance: a<*>cf<*>-<*>bb-<*>-a<*>d-<*>c<*>ac<*>a<*>d] During sync_power_state the instance has a pending task (spawning). Skip.,partial,[instance: <*> During sync_power_state the instance has a pending task (spawning). Skip.,0.9793,[instance: fecdd<*>a<*>-<*>ca<*>-<*>c<*>-<*>-<*>b<*>f<*>e] During sync_power_state the instance has a pending task (spawning). Skip.,0.8838,"While synchronizing instance power states, found <*> instances in the database and <*> instances on the hypervisor.",0.6002,48.72,150
80,The instance sync for host 'cp-<*>.slowvm<*>.tcloud-pg<*>.utah.cloudlab.us' did not match. Re-created its InstanceList.,exact,The instance sync for host 'cp-<*>.slowvm<*>.tcloud-pg<*>.utah.cloudlab.us' did not match. Re-created its InstanceList.,1.0,Successfully synced instances from host 'cp-<*>.slowvm<*>.tcloud-pg<*>.utah.cloudlab.us'.,0.9241,Compute_service record updated for cp-<*>.slowvm<*>.tcloud-pg<*>.utah.cloudlab.us:cp-<*>.slowvm<*>.tcloud-pg<*>.utah.cloudlab.us,0.763,46.63,150
81,image <*>dd<*>-<*>c<*>-<*>fbb-<*>c<*>-<*>fbe<*>b<*> at (<*>checking,exact,image <*> at (<*>checking,1.0,[instance: fecdd<*>a<*>-<*>ca<*>-<*>c<*>-<*>-<*>b<*>f<*>e] Creating image,0.7025,[instance: faf<*> Creating image,0.6638,47.19,150
82,"image <*>dd<*>-<*>c<*>-<*>fbb-<*>c<*>-<*>fbe<*>b<*> at (<*>in use: on this node <*> local, <*> on other nodes sharing this instance storage",exact,"image <*> at (<*>in use: on this node node<*> local, local<*> on other nodes sharing this instance storage",1.0,image <*> at (<*>checking,0.6627,[instance: d<*>b<*>bd<*>-<*>-<*>-<*>-fffdd<*>ea<*>e] Creating image,0.5005,49.01,150
83,"<*> ""GET <*>HTTP<*>status: <*> len: <*> time: <*>.<*>",exact,"<*> ""GET <*>HTTP<*>status: HTTP<*> len: <*> time: <*>",1.0,"<*> ""POST <*>HTTP<*>status: HTTP<*> len: <*> time: <*>",0.8917,"<*> ""DELETE <*>HTTP<*>status: HTTP<*> len: <*> time: <*>",0.7937,46.18,150
84,Active base files: /var/lib/nova/instances/_base/a<*>c<*>f<*>c<*>da<*>b<*>c<*>bb<*>ac<*>e<*>,exact,Active base files: /var/lib/nova/instances/_base/a<*>c<*>f<*>c<*>da<*>b<*>c<*>bb<*>ac<*>e<*>,1.0,Removable base files: /var/lib/nova/instances/_base/a<*>c<*>f<*>c<*>da<*>b<*>c<*>bb<*>ac<*>e<*>,0.871,Unknown base file: /var/lib/nova/instances/_base/a<*>c<*>f<*>c<*>da<*>b<*>c<*>bb<*>ac<*>e<*>,0.84,47.94,150
85,"<*> ""GET <*>HTTP<*>status: <*> len: <*> time: <*>.<*>",exact,"<*> ""GET <*>HTTP<*>status: HTTP<*> len: <*> time: <*>",1.0,"<*> ""POST <*>HTTP<*>status: HTTP<*> len: <*> time: <*>",0.8917,"<*> ""DELETE <*>HTTP<*>status: HTTP<*> len: <*> time: <*>",0.7937,46.16,150
86,"<*> ""GET <*>HTTP<*>status: <*> len: <*> time: <*>.<*>",exact,"<*> ""GET <*>HTTP<*>status: HTTP<*> len: <*> time: <*>",1.0,"<*> ""POST <*>HTTP<*>status: HTTP<*> len: <*> time: <*>",0.8917,"<*> ""DELETE <*>HTTP<*>status: HTTP<*> len: <*> time: <*>",0.7937,45.75,150
87,"<*> ""GET <*>HTTP<*>status: <*> len: <*> time: <*>.<*>",exact,"<*> ""GET <*>HTTP<*>status: HTTP<*> len: <*> time: <*>",1.0,"<*> ""POST <*>HTTP<*>status: HTTP<*> len: <*> time: <*>",0.8917,"<*> ""DELETE <*>HTTP<*>status: HTTP<*> len: <*> time: <*>",0.7937,45.73,150
88,"<*> ""GET <*>HTTP<*>status: <*> len: <*> time: <*>.<*>",exact,"<*> ""GET <*>HTTP<*>status: HTTP<*> len: <*> time: <*>",1.0,"<*> ""POST <*>HTTP<*>status: HTTP<*> len: <*> time: <*>",0.8917,"<*> ""DELETE <*>HTTP<*>status: HTTP<*> len: <*> time: <*>",0.7937,45.99,150
89,"<*> ""GET <*>HTTP<*>status: <*> len: <*> time: <*>.<*>",exact,"<*> ""GET <*>HTTP<*>status: HTTP<*> len: <*> time: <*>",1.0,"<*> ""POST <*>HTTP<*>status: HTTP<*> len: <*> time: <*>",0.8917,"<*> ""DELETE <*>HTTP<*>status: HTTP<*> len: <*> time: <*>",0.7937,55.46,150
90,"<*> ""GET <*>HTTP<*>status: <*> len: <*> time: <*>.<*>",exact,"<*> ""GET <*>HTTP<*>status: HTTP<*> len: <*> time: <*>",1.0,"<*> ""POST <*>HTTP<*>status: HTTP<*> len: <*> time: <*>",0.8917,"<*> ""DELETE <*>HTTP<*>status: HTTP<*> len: <*> time: <*>",0.7937,47.92,150
91,image <*>dd<*>-<*>c<*>-<*>fbb-<*>c<*>-<*>fbe<*>b<*> at (<*>checking,exact,image <*> at (<*>checking,1.0,[instance: fecdd<*>a<*>-<*>ca<*>-<*>c<*>-<*>-<*>b<*>f<*>e] Creating image,0.7025,[instance: faf<*> Creating image,0.6638,55.31,150
92,"image <*>dd<*>-<*>c<*>-<*>fbb-<*>c<*>-<*>fbe<*>b<*> at (<*>in use: on this node <*> local, <*> on other nodes sharing this instance storage",exact,"image <*> at (<*>in use: on this node node<*> local, local<*> on other nodes sharing this instance storage",1.0,image <*> at (<*>checking,0.6627,[instance: d<*>b<*>bd<*>-<*>-<*>-<*>-fffdd<*>ea<*>e] Creating image,0.5005,48.43,150
93,"<*> ""GET <*>HTTP<*>status: <*> len: <*> time: <*>.<*>",exact,"<*> ""GET <*>HTTP<*>status: HTTP<*> len: <*> time: <*>",1.0,"<*> ""POST <*>HTTP<*>status: HTTP<*> len: <*> time: <*>",0.8917,"<*> ""DELETE <*>HTTP<*>status: HTTP<*> len: <*> time: <*>",0.7937,46.1,150
94,Active base files: /var/lib/nova/instances/_base/a<*>c<*>f<*>c<*>da<*>b<*>c<*>bb<*>ac<*>e<*>,exact,Active base files: /var/lib/nova/instances/_base/a<*>c<*>f<*>c<*>da<*>b<*>c<*>bb<*>ac<*>e<*>,1.0,Removable base files: /var/lib/nova/instances/_base/a<*>c<*>f<*>c<*>da<*>b<*>c<*>bb<*>ac<*>e<*>,0.871,Unknown base file: /var/lib/nova/instances/_base/a<*>c<*>f<*>c<*>da<*>b<*>c<*>bb<*>ac<*>e<*>,0.84,48.64,150
95,"<*> ""GET <*>HTTP<*>status: <*> len: <*> time: <*>.<*>",exact,"<*> ""GET <*>HTTP<*>status: HTTP<*> len: <*> time: <*>",1.0,"<*> ""POST <*>HTTP<*>status: HTTP<*> len: <*> time: <*>",0.8917,"<*> ""DELETE <*>HTTP<*>status: HTTP<*> len: <*> time: <*>",0.7937,47.37,150
96,"<*> ""GET <*>HTTP<*>status: <*> len: <*> time: <*>.<*>",exact,"<*> ""GET <*>HTTP<*>status: HTTP<*> len: <*> time: <*>",1.0,"<*> ""POST <*>HTTP<*>status: HTTP<*> len: <*> time: <*>",0.8917,"<*> ""DELETE <*>HTTP<*>status: HTTP<*> len: <*> time: <*>",0.7937,57.96,150
97,Creating event network-vif-plugged:<*>ba<*>-<*>ef-<*>f<*>-<*>d<*>-d<*>c<*>f<*>cb<*> for instance a<*>cf<*>-<*>bb-<*>-a<*>d-<*>c<*>ac<*>a<*>d,partial,Creating event network<*> for instance <*>,0.9868,[instance: c<*>f<*>f<*>-<*>c-<*>ea<*>-b<*>e<*>-<*>edfcfbf] VM <*> (Lifecycle Event),0.5239,[instance: <*>a<*>d<*>-<*>b<*>-<*>c<*>-b<*>-<*>a<*>cadf] VM <*> (Lifecycle Event),0.492,50.72,150
98,"<*> ""POST <*>HTTP<*>status: <*> len: <*> time: <*>.<*>",exact,"<*> ""POST <*>HTTP<*>status: HTTP<*> len: <*> time: <*>",1.0,"<*> ""GET <*>HTTP<*>status: HTTP<*> len: <*> time: <*>",0.8917,"<*> ""DELETE <*>HTTP<*>status: HTTP<*> len: <*> time: <*>",0.8163,76.59,150
99,[instance: a<*>cf<*>-<*>bb-<*>-a<*>d-<*>c<*>ac<*>a<*>d] VM Resumed (Lifecycle Event),partial,[instance: <*> VM Resumed (Lifecycle Event),0.9696,[instance: <*> VM Stopped (Lifecycle Event),0.9174,[instance: b<*>-fe<*>a-<*>b-b<*>cc-<*>e<*>b<*>cd<*>d] VM <*> (Lifecycle Event),0.8773,57.3,150
100,[instance: a<*>cf<*>-<*>bb-<*>-a<*>d-<*>c<*>ac<*>a<*>d] Instance spawned successfully.,partial,[instance: <*> Instance spawned successfully.,0.9486,[instance: <*>e<*>a-<*>fe<*>-<*>-<*>b<*>-<*>ac<*>e<*>] Instance spawned successfully.,0.8852,[instance: b<*>-fe<*>a-<*>b-b<*>cc-<*>e<*>b<*>cd<*>d] Instance spawned successfully.,0.8465,48.08,150
101,[instance: a<*>cf<*>-<*>bb-<*>-a<*>d-<*>c<*>ac<*>a<*>d] Took <*>.<*> seconds to spawn the instance on the hypervisor.,partial,[instance: <*> Took <*> seconds to spawn the instance on the hypervisor.,0.9648,[instance: b<*>-fe<*>a-<*>b-b<*>cc-<*>e<*>b<*>cd<*>d] Took <*> seconds to <*> the instance on the hypervisor.,0.8789,[instance: d<*>a<*>b-<*>-<*>-bdcc-<*>b<*>d<*>d] Took <*> seconds to <*> the instance on the hypervisor.,0.8754,48.35,150
102,[instance: a<*>cf<*>-<*>bb-<*>-a<*>d-<*>c<*>ac<*>a<*>d] Took <*>.<*> seconds to build instance.,partial,[instance: <*> Took <*> seconds to build instance.,0.9269,[instance: b<*>-fe<*>a-<*>b-b<*>cc-<*>e<*>b<*>cd<*>d] Took <*> seconds to build instance.,0.8666,[instance: d<*>a<*>b-<*>-<*>-bdcc-<*>b<*>d<*>d] Took <*> seconds to build instance.,0.8599,48.91,150
103,[instance: a<*>cf<*>-<*>bb-<*>-a<*>d-<*>c<*>ac<*>a<*>d] VM Resumed (Lifecycle Event),partial,[instance: <*> VM Resumed (Lifecycle Event),0.9718,[instance: <*> VM Stopped (Lifecycle Event),0.9174,[instance: b<*>-fe<*>a-<*>b-b<*>cc-<*>e<*>b<*>cd<*>d] VM <*> (Lifecycle Event),0.8773,47.93,150
104,"<*> ""GET <*>HTTP<*>status: <*> len: <*> time: <*>.<*>",exact,"<*> ""GET <*>HTTP<*>status: HTTP<*> len: <*> time: <*>",1.0,"<*> ""POST <*>HTTP<*>status: HTTP<*> len: <*> time: <*>",0.8917,"<*> ""DELETE <*>HTTP<*>status: HTTP<*> len: <*> time: <*>",0.7937,46.02,150
105,"<*> ""GET <*>HTTP<*>status: <*> len: <*> time: <*>.<*>",exact,"<*> ""GET <*>HTTP<*>status: HTTP<*> len: <*> time: <*>",1.0,"<*> ""POST <*>HTTP<*>status: HTTP<*> len: <*> time: <*>",0.8917,"<*> ""DELETE <*>HTTP<*>status: HTTP<*> len: <*> time: <*>",0.7937,45.85,150
106,image <*>dd<*>-<*>c<*>-<*>fbb-<*>c<*>-<*>fbe<*>b<*> at (<*>checking,exact,image <*> at (<*>checking,1.0,[instance: fecdd<*>a<*>-<*>ca<*>-<*>c<*>-<*>-<*>b<*>f<*>e] Creating image,0.7025,[instance: faf<*> Creating image,0.6638,47.34,150
107,"image <*>dd<*>-<*>c<*>-<*>fbb-<*>c<*>-<*>fbe<*>b<*> at (<*>in use: on this node <*> local, <*> on other nodes sharing this instance storage",exact,"image <*> at (<*>in use: on this node node<*> local, local<*> on other nodes sharing this instance storage",1.0,image <*> at (<*>checking,0.6627,[instance: d<*>b<*>bd<*>-<*>-<*>-<*>-fffdd<*>ea<*>e] Creating image,0.5005,48.6,150
108,Active base files: /var/lib/nova/instances/_base/a<*>c<*>f<*>c<*>da<*>b<*>c<*>bb<*>ac<*>e<*>,exact,Active base files: /var/lib/nova/instances/_base/a<*>c<*>f<*>c<*>da<*>b<*>c<*>bb<*>ac<*>e<*>,1.0,Removable base files: /var/lib/nova/instances/_base/a<*>c<*>f<*>c<*>da<*>b<*>c<*>bb<*>ac<*>e<*>,0.871,Unknown base file: /var/lib/nova/instances/_base/a<*>c<*>f<*>c<*>da<*>b<*>c<*>bb<*>ac<*>e<*>,0.84,48.09,150
109,"<*> ""GET <*>HTTP<*>status: <*> len: <*> time: <*>.<*>",exact,"<*> ""GET <*>HTTP<*>status: HTTP<*> len: <*> time: <*>",1.0,"<*> ""POST <*>HTTP<*>status: HTTP<*> len: <*> time: <*>",0.8917,"<*> ""DELETE <*>HTTP<*>status: HTTP<*> len: <*> time: <*>",0.7937,47.38,150
110,"<*> ""GET <*>HTTP<*>status: <*> len: <*> time: <*>.<*>",exact,"<*> ""GET <*>HTTP<*>status: HTTP<*> len: <*> time: <*>",1.0,"<*> ""POST <*>HTTP<*>status: HTTP<*> len: <*> time: <*>",0.8917,"<*> ""DELETE <*>HTTP<*>status: HTTP<*> len: <*> time: <*>",0.7937,47.27,150
111,"<*> ""GET <*>HTTP<*>status: <*> len: <*> time: <*>.<*>",exact,"<*> ""GET <*>HTTP<*>status: HTTP<*> len: <*> time: <*>",1.0,"<*> ""POST <*>HTTP<*>status: HTTP<*> len: <*> time: <*>",0.8917,"<*> ""DELETE <*>HTTP<*>status: HTTP<*> len: <*> time: <*>",0.7937,46.19,150
112,"<*> ""GET <*>HTTP<*>status: <*> len: <*> time: <*>.<*>",exact,"<*> ""GET <*>HTTP<*>status: HTTP<*> len: <*> time: <*>",1.0,"<*> ""POST <*>HTTP<*>status: HTTP<*> len: <*> time: <*>",0.8917,"<*> ""DELETE <*>HTTP<*>status: HTTP<*> len: <*> time: <*>",0.7937,45.75,150
113,"<*> ""GET <*>HTTP<*>status: <*> len: <*> time: <*>.<*>",exact,"<*> ""GET <*>HTTP<*>status: HTTP<*> len: <*> time: <*>",1.0,"<*> ""POST <*>HTTP<*>status: HTTP<*> len: <*> time: <*>",0.8917,"<*> ""DELETE <*>HTTP<*>status: HTTP<*> len: <*> time: <*>",0.7937,45.83,150
114,"<*> ""GET <*>HTTP<*>status: <*> len: <*> time: <*>.<*>",exact,"<*> ""GET <*>HTTP<*>status: HTTP<*> len: <*> time: <*>",1.0,"<*> ""POST <*>HTTP<*>status: HTTP<*> len: <*> time: <*>",0.8917,"<*> ""DELETE <*>HTTP<*>status: HTTP<*> len: <*> time: <*>",0.7937,45.81,150
115,"<*> ""DELETE <*>HTTP<*>status: <*> len: <*> time: <*>.<*>",exact,"<*> ""DELETE <*>HTTP<*>status: HTTP<*> len: <*> time: <*>",1.0,"<*> ""POST <*>HTTP<*>status: HTTP<*> len: <*> time: <*>",0.8163,"<*> ""GET <*>HTTP<*>status: HTTP<*> len: <*> time: <*>",0.7937,45.93,150
116,[instance: a<*>cf<*>-<*>bb-<*>-a<*>d-<*>c<*>ac<*>a<*>d] Terminating instance,partial,[instance: <*> Terminating instance,0.9467,[instance: <*>e<*>a-<*>fe<*>-<*>-<*>b<*>-<*>ac<*>e<*>] Terminating instance,0.8777,[instance: b<*>-fe<*>a-<*>b-b<*>cc-<*>e<*>b<*>cd<*>d] Terminating instance,0.8498,46.87,150
117,"<*> ""GET <*>HTTP<*>status: <*> len: <*> time: <*>.<*>",exact,"<*> ""GET <*>HTTP<*>status: HTTP<*> len: <*> time: <*>",1.0,"<*> ""POST <*>HTTP<*>status: HTTP<*> len: <*> time: <*>",0.8917,"<*> ""DELETE <*>HTTP<*>status: HTTP<*> len: <*> time: <*>",0.7937,46.06,150
118,[instance: a<*>cf<*>-<*>bb-<*>-a<*>d-<*>c<*>ac<*>a<*>d] Instance destroyed successfully.,partial,[instance: <*> Instance destroyed successfully.,0.9358,[instance: b<*>-fe<*>a-<*>b-b<*>cc-<*>e<*>b<*>cd<*>d] Instance destroyed successfully.,0.8609,[instance: d<*>a<*>b-<*>-<*>-bdcc-<*>b<*>d<*>d] Instance destroyed successfully.,0.8556,47.48,150
119,"<*> ""GET <*>HTTP<*>status: <*> len: <*> time: <*>.<*>",exact,"<*> ""GET <*>HTTP<*>status: HTTP<*> len: <*> time: <*>",1.0,"<*> ""POST <*>HTTP<*>status: HTTP<*> len: <*> time: <*>",0.8917,"<*> ""DELETE <*>HTTP<*>status: HTTP<*> len: <*> time: <*>",0.7937,46.18,150
120,[instance: a<*>cf<*>-<*>bb-<*>-a<*>d-<*>c<*>ac<*>a<*>d] Deleting instance files /var/lib/nova/instances/a<*>cf<*>-<*>bb-<*>-a<*>d-<*>c<*>ac<*>a<*>d_del,partial,[instance: <*> Deleting instance files <*>,0.9788,[instance: fecdd<*>a<*>-<*>ca<*>-<*>c<*>-<*>-<*>b<*>f<*>e] Deleting instance files /var/lib/nova/instances/fecdd<*>a<*>-<*>ca<*>-<*>c<*>-<*>-<*>b<*>f<*>e_del,0.8934,Removing base or swap file: /var/lib/nova/instances/_base/a<*>c<*>f<*>c<*>da<*>b<*>c<*>bb<*>ac<*>e<*>,0.7827,50.54,150
121,[instance: a<*>cf<*>-<*>bb-<*>-a<*>d-<*>c<*>ac<*>a<*>d] Deletion of <*>complete,partial,[instance: fecdd<*> Deletion of <*>complete,0.9485,[instance: <*> Deletion of <*>complete,0.8775,[instance: d<*>a<*>b-<*>-<*>-bdcc-<*>b<*>d<*>d] Deletion of <*>complete,0.8751,47.54,150
122,image <*>dd<*>-<*>c<*>-<*>fbb-<*>c<*>-<*>fbe<*>b<*> at (<*>checking,exact,image <*> at (<*>checking,1.0,[instance: fecdd<*>a<*>-<*>ca<*>-<*>c<*>-<*>-<*>b<*>f<*>e] Creating image,0.7025,[instance: faf<*> Creating image,0.6638,47.64,150
123,"image <*>dd<*>-<*>c<*>-<*>fbb-<*>c<*>-<*>fbe<*>b<*> at (<*>in use: on this node <*> local, <*> on other nodes sharing this instance storage",exact,"image <*> at (<*>in use: on this node node<*> local, local<*> on other nodes sharing this instance storage",1.0,image <*> at (<*>checking,0.6627,[instance: d<*>b<*>bd<*>-<*>-<*>-<*>-fffdd<*>ea<*>e] Creating image,0.5005,48.66,150
124,[instance: a<*>cf<*>-<*>bb-<*>-a<*>d-<*>c<*>ac<*>a<*>d] Took <*>.<*> seconds to destroy the instance on the hypervisor.,partial,[instance: <*> Took <*> seconds to destroy the instance on the hypervisor.,0.9678,[instance: b<*>-fe<*>a-<*>b-b<*>cc-<*>e<*>b<*>cd<*>d] Took <*> seconds to <*> the instance on the hypervisor.,0.888,[instance: d<*>a<*>b-<*>-<*>-bdcc-<*>b<*>d<*>d] Took <*> seconds to <*> the instance on the hypervisor.,0.8815,48.51,150
125,Active base files: /var/lib/nova/instances/_base/a<*>c<*>f<*>c<*>da<*>b<*>c<*>bb<*>ac<*>e<*>,exact,Active base files: /var/lib/nova/instances/_base/a<*>c<*>f<*>c<*>da<*>b<*>c<*>bb<*>ac<*>e<*>,1.0,Removable base files: /var/lib/nova/instances/_base/a<*>c<*>f<*>c<*>da<*>b<*>c<*>bb<*>ac<*>e<*>,0.871,Unknown base file: /var/lib/nova/instances/_base/a<*>c<*>f<*>c<*>da<*>b<*>c<*>bb<*>ac<*>e<*>,0.84,47.6,150
126,"<*> ""GET <*>HTTP<*>status: <*> len: <*> time: <*>.<*>",exact,"<*> ""GET <*>HTTP<*>status: HTTP<*> len: <*> time: <*>",1.0,"<*> ""POST <*>HTTP<*>status: HTTP<*> len: <*> time: <*>",0.8917,"<*> ""DELETE <*>HTTP<*>status: HTTP<*> len: <*> time: <*>",0.7937,46.2,150
127,[instance: a<*>cf<*>-<*>bb-<*>-a<*>d-<*>c<*>ac<*>a<*>d] Took <*>.<*> seconds to deallocate network for instance.,partial,[instance: fecdd<*> Took <*> seconds to deallocate network for instance.,0.9595,[instance: <*>a<*>d<*>-<*>b<*>-<*>c<*>-b<*>-<*>a<*>cadf] Took <*> seconds to deallocate network for instance.,0.8802,[instance: d<*>a<*>b-<*>-<*>-bdcc-<*>b<*>d<*>d] Took <*> seconds to deallocate network for instance.,0.8789,48.1,150
128,"<*> ""GET <*>HTTP<*>status: <*> len: <*> time: <*>.<*>",exact,"<*> ""GET <*>HTTP<*>status: HTTP<*> len: <*> time: <*>",1.0,"<*> ""POST <*>HTTP<*>status: HTTP<*> len: <*> time: <*>",0.8917,"<*> ""DELETE <*>HTTP<*>status: HTTP<*> len: <*> time: <*>",0.7937,47.86,150
129,Auditing locally available compute resources for node cp-<*>.slowvm<*>.tcloud-pg<*>.utah.cloudlab.us,exact,Auditing locally available compute resources for node cp-<*>.slowvm<*>.tcloud-pg<*>.utah.cloudlab.us,1.0,Running instance usage audit for host cp-<*>.slowvm<*>.tcloud-pg<*>.utah.cloudlab.us from <*> to <*> <*>:<*>:<*>. <*> instances.,0.8328,Compute_service record updated for cp-<*>.slowvm<*>.tcloud-pg<*>.utah.cloudlab.us:cp-<*>.slowvm<*>.tcloud-pg<*>.utah.cloudlab.us,0.7067,46.51,150
130,HTTP exception thrown: No instances found for any event,exact,HTTP exception thrown: No instances found for any event,1.0,"<*> ""DELETE <*>HTTP<*>status: HTTP<*> len: <*> time: <*>",0.2495,"<*> ""POST <*>HTTP<*>status: HTTP<*> len: <*> time: <*>",0.2452,45.23,150
131,"<*> ""POST <*>HTTP<*>status: <*> len: <*> time: <*>.<*>",exact,"<*> ""POST <*>HTTP<*>status: HTTP<*> len: <*> time: <*>",1.0,"<*> ""GET <*>HTTP<*>status: HTTP<*> len: <*> time: <*>",0.8917,"<*> ""DELETE <*>HTTP<*>status: HTTP<*> len: <*> time: <*>",0.8163,46.38,150
132,"Total usable vcpus: <*>, total allocated vcpus: <*>",exact,"Total usable vcpus: <*>, total allocated vcpus: <*>",1.0,"[instance: <*> Attempting claim: memory <*> MB, disk <*> GB, vcpus <*> CPU",0.6392,"[instance: <*> Total vcpu: <*> VCPU, used: <*> VCPU",0.6039,45.4,150
133,Final resource view: name=cp-<*>.slowvm<*>.tcloud-pg<*>.utah.cloudlab.us phys_ram=<*>MB used_ram=<*>MB phys_disk=<*>GB used_disk=<*>GB total_vcpus=<*> used_vcpus=<*> pci_stats=[],exact,Final resource view: name=cp-<*>.slowvm<*>.tcloud-pg<*>.utah.cloudlab.us phys_ram=<*>MB used_ram=<*>MB phys_disk=<*>GB used_disk=<*>GB total_vcpus=<*> used_vcpus=<*> pci_stats=[],1.0,The instance sync for host 'cp-<*>.slowvm<*>.tcloud-pg<*>.utah.cloudlab.us' did not match. Re-created its InstanceList.,0.7105,Successfully synced instances from host 'cp-<*>.slowvm<*>.tcloud-pg<*>.utah.cloudlab.us'.,0.7023,49.89,150
134,Compute_service record updated for cp-<*>.slowvm<*>.tcloud-pg<*>.utah.cloudlab.us:cp-<*>.slowvm<*>.tcloud-pg<*>.utah.cloudlab.us,exact,Compute_service record updated for cp-<*>.slowvm<*>.tcloud-pg<*>.utah.cloudlab.us:cp-<*>.slowvm<*>.tcloud-pg<*>.utah.cloudlab.us,1.0,The instance sync for host 'cp-<*>.slowvm<*>.tcloud-pg<*>.utah.cloudlab.us' did not match. Re-created its InstanceList.,0.763,Successfully synced instances from host 'cp-<*>.slowvm<*>.tcloud-pg<*>.utah.cloudlab.us'.,0.7234,48.1,150
135,Unknown base file: /var/lib/nova/instances/_base/a<*>c<*>f<*>c<*>da<*>b<*>c<*>bb<*>ac<*>e<*>,exact,Unknown base file: /var/lib/nova/instances/_base/a<*>c<*>f<*>c<*>da<*>b<*>c<*>bb<*>ac<*>e<*>,1.0,Removing base or swap file: /var/lib/nova/instances/_base/a<*>c<*>f<*>c<*>da<*>b<*>c<*>bb<*>ac<*>e<*>,0.8518,Base or swap file too young to remove: /var/lib/nova/instances/_base/a<*>c<*>f<*>c<*>da<*>b<*>c<*>bb<*>ac<*>e<*>,0.8448,48.45,150
136,Removable base files: /var/lib/nova/instances/_base/a<*>c<*>f<*>c<*>da<*>b<*>c<*>bb<*>ac<*>e<*>,exact,Removable base files: /var/lib/nova/instances/_base/a<*>c<*>f<*>c<*>da<*>b<*>c<*>bb<*>ac<*>e<*>,1.0,Active base files: /var/lib/nova/instances/_base/a<*>c<*>f<*>c<*>da<*>b<*>c<*>bb<*>ac<*>e<*>,0.871,Removing base or swap file: /var/lib/nova/instances/_base/a<*>c<*>f<*>c<*>da<*>b<*>c<*>bb<*>ac<*>e<*>,0.8165,48.03,150
137,Base or swap file too young to remove: /var/lib/nova/instances/_base/a<*>c<*>f<*>c<*>da<*>b<*>c<*>bb<*>ac<*>e<*>,exact,Base or swap file too young to remove: /var/lib/nova/instances/_base/a<*>c<*>f<*>c<*>da<*>b<*>c<*>bb<*>ac<*>e<*>,1.0,Removing base or swap file: /var/lib/nova/instances/_base/a<*>c<*>f<*>c<*>da<*>b<*>c<*>bb<*>ac<*>e<*>,0.969,Unknown base file: /var/lib/nova/instances/_base/a<*>c<*>f<*>c<*>da<*>b<*>c<*>bb<*>ac<*>e<*>,0.8448,48.11,150
138,Unknown base file: /var/lib/nova/instances/_base/a<*>c<*>f<*>c<*>da<*>b<*>c<*>bb<*>ac<*>e<*>,exact,Unknown base file: /var/lib/nova/instances/_base/a<*>c<*>f<*>c<*>da<*>b<*>c<*>bb<*>ac<*>e<*>,1.0,Removing base or swap file: /var/lib/nova/instances/_base/a<*>c<*>f<*>c<*>da<*>b<*>c<*>bb<*>ac<*>e<*>,0.8518,Base or swap file too young to remove: /var/lib/nova/instances/_base/a<*>c<*>f<*>c<*>da<*>b<*>c<*>bb<*>ac<*>e<*>,0.8448,48.01,150
139,Removable base files: /var/lib/nova/instances/_base/a<*>c<*>f<*>c<*>da<*>b<*>c<*>bb<*>ac<*>e<*>,exact,Removable base files: /var/lib/nova/instances/_base/a<*>c<*>f<*>c<*>da<*>b<*>c<*>bb<*>ac<*>e<*>,1.0,Active base files: /var/lib/nova/instances/_base/a<*>c<*>f<*>c<*>da<*>b<*>c<*>bb<*>ac<*>e<*>,0.871,Removing base or swap file: /var/lib/nova/instances/_base/a<*>c<*>f<*>c<*>da<*>b<*>c<*>bb<*>ac<*>e<*>,0.8165,47.88,150
140,Removing base or swap file: /var/lib/nova/instances/_base/a<*>c<*>f<*>c<*>da<*>b<*>c<*>bb<*>ac<*>e<*>,exact,Removing base or swap file: /var/lib/nova/instances/_base/a<*>c<*>f<*>c<*>da<*>b<*>c<*>bb<*>ac<*>e<*>,1.0,Base or swap file too young to remove: /var/lib/nova/instances/_base/a<*>c<*>f<*>c<*>da<*>b<*>c<*>bb<*>ac<*>e<*>,0.969,Unknown base file: /var/lib/nova/instances/_base/a<*>c<*>f<*>c<*>da<*>b<*>c<*>bb<*>ac<*>e<*>,0.8518,47.78,150
141,"<*> ""POST <*>HTTP<*>status: <*> len: <*> time: <*>.<*>",exact,"<*> ""POST <*>HTTP<*>status: HTTP<*> len: <*> time: <*>",1.0,"<*> ""GET <*>HTTP<*>status: HTTP<*> len: <*> time: <*>",0.8917,"<*> ""DELETE <*>HTTP<*>status: HTTP<*> len: <*> time: <*>",0.8163,46.58,150
142,"<*> ""GET <*>HTTP<*>status: <*> len: <*> time: <*>.<*>",exact,"<*> ""GET <*>HTTP<*>status: HTTP<*> len: <*> time: <*>",1.0,"<*> ""POST <*>HTTP<*>status: HTTP<*> len: <*> time: <*>",0.8917,"<*> ""DELETE <*>HTTP<*>status: HTTP<*> len: <*> time: <*>",0.7937,45.89,150
143,"[instance: d<*>a<*>b-<*>-<*>-bdcc-<*>b<*>d<*>d] Attempting claim: memory <*> MB, disk <*> GB, vcpus <*> CPU",exact,"[instance: d<*>a<*>b-<*>-<*>-bdcc-<*>b<*>d<*>d] Attempting claim: memory <*> MB, disk <*> GB, vcpus <*> CPU",1.0,"[instance: <*> Attempting claim: memory <*> MB, disk <*> GB, vcpus <*> CPU",0.8821,"[instance: <*>dc<*>-<*>-<*>cc-<*>e-<*>b<*>c<*>dcf] Attempting claim: memory <*> MB, disk <*> GB, vcpus <*> CPU",0.8459,48.16,150
144,"[instance: d<*>a<*>b-<*>-<*>-bdcc-<*>b<*>d<*>d] Total memory: <*> MB, used: <*>.<*> MB",exact,"[instance: d<*>a<*>b-<*>-<*>-bdcc-<*>b<*>d<*>d] Total memory: <*> MB, used: <*> MB",1.0,"[instance: <*> Total memory: <*> MB, used: <*> MB",0.897,"[instance: d<*>a<*>b-<*>-<*>-bdcc-<*>b<*>d<*>d] memory limit: <*> MB, free: <*> MB",0.8763,47.7,150
145,"[instance: d<*>a<*>b-<*>-<*>-bdcc-<*>b<*>d<*>d] memory limit: <*>.<*> MB, free: <*>.<*> MB",exact,"[instance: d<*>a<*>b-<*>-<*>-bdcc-<*>b<*>d<*>d] memory limit: <*> MB, free: <*> MB",1.0,"[instance: <*> memory limit: <*> MB, free: <*> MB",0.8958,"[instance: d<*>a<*>b-<*>-<*>-bdcc-<*>b<*>d<*>d] Total memory: <*> MB, used: <*> MB",0.8763,48.05,150
146,"[instance: d<*>a<*>b-<*>-<*>-bdcc-<*>b<*>d<*>d] Total disk: <*> GB, used: <*>.<*> GB",partial,"[instance: <*> Total disk: <*> GB, used: <*> GB",0.9325,"[instance: d<*>a<*>b-<*>-<*>-bdcc-<*>b<*>d<*>d] Total memory: <*> MB, used: <*> MB",0.8319,"[instance: b<*>ef<*>-ba<*>d-<*>ae-bf<*>a-<*>cba<*>a<*>] Total disk: <*> GB, used: <*> GB",0.8312,47.78,150
147,"[instance: d<*>a<*>b-<*>-<*>-bdcc-<*>b<*>d<*>d] disk limit not specified, defaulting to unlimited",exact,"[instance: d<*>a<*>b-<*>-<*>-bdcc-<*>b<*>d<*>d] disk limit not specified, defaulting to unlimited",1.0,"[instance: <*> disk limit not specified, defaulting to unlimited",0.8706,"[instance: d<*>b<*>bd<*>-<*>-<*>-<*>-fffdd<*>ea<*>e] disk limit not specified, defaulting to unlimited",0.8664,47.32,150
148,"[instance: d<*>a<*>b-<*>-<*>-bdcc-<*>b<*>d<*>d] Total vcpu: <*> VCPU, used: <*>.<*> VCPU",partial,"[instance: <*> Total vcpu: <*> VCPU, used: <*> VCPU",0.9423,"[instance: faf<*> Total vcpu: <*> VCPU, used: <*> VCPU",0.848,"[instance: fecdd<*>a<*>-<*>ca<*>-<*>c<*>-<*>-<*>b<*>f<*>e] Total vcpu: <*> VCPU, used: <*> VCPU",0.8429,47.82,150
149,"[instance: d<*>a<*>b-<*>-<*>-bdcc-<*>b<*>d<*>d] vcpu limit not specified, defaulting to unlimited",partial,"[instance: <*> vcpu limit not specified, defaulting to unlimited",0.9372,"[instance: <*>dc<*>-<*>-<*>cc-<*>e-<*>b<*>c<*>dcf] vcpu limit not specified, defaulting to unlimited",0.881,"[instance: faf<*> vcpu limit not specified, defaulting to unlimited",0.8775,47.27,150
150,[instance: d<*>a<*>b-<*>-<*>-bdcc-<*>b<*>d<*>d] Claim successful,exact,[instance: d<*>a<*>b-<*>-<*>-bdcc-<*>b<*>d<*>d] Claim successful,1.0,[instance: <*> Claim successful,0.8678,[instance: d<*>b<*>bd<*>-<*>-<*>-<*>-fffdd<*>ea<*>e] Claim successful,0.8367,46.66,150
151,"<*> ""GET <*>HTTP<*>status: <*> len: <*> time: <*>.<*>",exact,"<*> ""GET <*>HTTP<*>status: HTTP<*> len: <*> time: <*>",1.0,"<*> ""POST <*>HTTP<*>status: HTTP<*> len: <*> time: <*>",0.8917,"<*> ""DELETE <*>HTTP<*>status: HTTP<*> len: <*> time: <*>",0.7937,46.04,150
152,"<*> ""GET <*>HTTP<*>status: <*> len: <*> time: <*>.<*>",exact,"<*> ""GET <*>HTTP<*>status: HTTP<*> len: <*> time: <*>",1.0,"<*> ""POST <*>HTTP<*>status: HTTP<*> len: <*> time: <*>",0.8917,"<*> ""DELETE <*>HTTP<*>status: HTTP<*> len: <*> time: <*>",0.7937,45.99,150
153,[instance: d<*>a<*>b-<*>-<*>-bdcc-<*>b<*>d<*>d] Creating image,exact,[instance: d<*>a<*>b-<*>-<*>-bdcc-<*>b<*>d<*>d] Creating image,1.0,[instance: d<*>b<*>bd<*>-<*>-<*>-<*>-fffdd<*>ea<*>e] Creating image,0.8577,[instance: <*>a<*>d<*>-<*>b<*>-<*>c<*>-b<*>-<*>a<*>cadf] Creating image,0.8396,46.34,150
154,"<*> ""GET <*>HTTP<*>status: <*> len: <*> time: <*>.<*>",exact,"<*> ""GET <*>HTTP<*>status: HTTP<*> len: <*> time: <*>",1.0,"<*> ""POST <*>HTTP<*>status: HTTP<*> len: <*> time: <*>",0.8917,"<*> ""DELETE <*>HTTP<*>status: HTTP<*> len: <*> time: <*>",0.7937,46.05,150
155,[instance: a<*>cf<*>-<*>bb-<*>-a<*>d-<*>c<*>ac<*>a<*>d] VM Stopped (Lifecycle Event),partial,[instance: <*> VM Stopped (Lifecycle Event),0.9727,[instance: <*> VM Resumed (Lifecycle Event),0.8909,[instance: <*> VM <*> (Lifecycle Event),0.8851,47.36,150
156,"<*> ""GET <*>HTTP<*>status: <*> len: <*> time: <*>.<*>",exact,"<*> ""GET <*>HTTP<*>status: HTTP<*> len: <*> time: <*>",1.0,"<*> ""POST <*>HTTP<*>status: HTTP<*> len: <*> time: <*>",0.8917,"<*> ""DELETE <*>HTTP<*>status: HTTP<*> len: <*> time: <*>",0.7937,46.21,150
157,"<*> ""GET <*>HTTP<*>status: <*> len: <*> time: <*>.<*>",exact,"<*> ""GET <*>HTTP<*>status: HTTP<*> len: <*> time: <*>",1.0,"<*> ""POST <*>HTTP<*>status: HTTP<*> len: <*> time: <*>",0.8917,"<*> ""DELETE <*>HTTP<*>status: HTTP<*> len: <*> time: <*>",0.7937,45.27,150
158,"<*> ""GET <*>HTTP<*>status: <*> len: <*> time: <*>.<*>",exact,"<*> ""GET <*>HTTP<*>status: HTTP<*> len: <*> time: <*>",1.0,"<*> ""POST <*>HTTP<*>status: HTTP<*> len: <*> time: <*>",0.8917,"<*> ""DELETE <*>HTTP<*>status: HTTP<*> len: <*> time: <*>",0.7937,45.78,150
159,"<*> ""GET <*>HTTP<*>status: <*> len: <*> time: <*>.<*>",exact,"<*> ""GET <*>HTTP<*>status: HTTP<*> len: <*> time: <*>",1.0,"<*> ""POST <*>HTTP<*>status: HTTP<*> len: <*> time: <*>",0.8917,"<*> ""DELETE <*>HTTP<*>status: HTTP<*> len: <*> time: <*>",0.7937,45.74,150
160,"<*> ""GET <*>HTTP<*>status: <*> len: <*> time: <*>.<*>",exact,"<*> ""GET <*>HTTP<*>status: HTTP<*> len: <*> time: <*>",1.0,"<*> ""POST <*>HTTP<*>status: HTTP<*> len: <*> time: <*>",0.8917,"<*> ""DELETE <*>HTTP<*>status: HTTP<*> len: <*> time: <*>",0.7937,45.82,150
161,"<*> ""GET <*>HTTP<*>status: <*> len: <*> time: <*>.<*>",exact,"<*> ""GET <*>HTTP<*>status: HTTP<*> len: <*> time: <*>",1.0,"<*> ""POST <*>HTTP<*>status: HTTP<*> len: <*> time: <*>",0.8917,"<*> ""DELETE <*>HTTP<*>status: HTTP<*> len: <*> time: <*>",0.7937,45.71,150
162,"<*> ""GET <*>HTTP<*>status: <*> len: <*> time: <*>.<*>",exact,"<*> ""GET <*>HTTP<*>status: HTTP<*> len: <*> time: <*>",1.0,"<*> ""POST <*>HTTP<*>status: HTTP<*> len: <*> time: <*>",0.8917,"<*> ""DELETE <*>HTTP<*>status: HTTP<*> len: <*> time: <*>",0.7937,45.56,150
163,"<*> ""GET <*>HTTP<*>status: <*> len: <*> time: <*>.<*>",exact,"<*> ""GET <*>HTTP<*>status: HTTP<*> len: <*> time: <*>",1.0,"<*> ""POST <*>HTTP<*>status: HTTP<*> len: <*> time: <*>",0.8917,"<*> ""DELETE <*>HTTP<*>status: HTTP<*> len: <*> time: <*>",0.7937,45.7,150
164,"<*> ""GET <*>HTTP<*>status: <*> len: <*> time: <*>.<*>",exact,"<*> ""GET <*>HTTP<*>status: HTTP<*> len: <*> time: <*>",1.0,"<*> ""POST <*>HTTP<*>status: HTTP<*> len: <*> time: <*>",0.8917,"<*> ""DELETE <*>HTTP<*>status: HTTP<*> len: <*> time: <*>",0.7937,45.95,150
165,"<*> ""GET <*>HTTP<*>status: <*> len: <*> time: <*>.<*>",exact,"<*> ""GET <*>HTTP<*>status: HTTP<*> len: <*> time: <*>",1.0,"<*> ""POST <*>HTTP<*>status: HTTP<*> len: <*> time: <*>",0.8917,"<*> ""DELETE <*>HTTP<*>status: HTTP<*> len: <*> time: <*>",0.7937,45.96,150
166,"<*> ""GET <*>HTTP<*>status: <*> len: <*> time: <*>.<*>",exact,"<*> ""GET <*>HTTP<*>status: HTTP<*> len: <*> time: <*>",1.0,"<*> ""POST <*>HTTP<*>status: HTTP<*> len: <*> time: <*>",0.8917,"<*> ""DELETE <*>HTTP<*>status: HTTP<*> len: <*> time: <*>",0.7937,45.78,150
167,"<*> ""GET <*>HTTP<*>status: <*> len: <*> time: <*>.<*>",exact,"<*> ""GET <*>HTTP<*>status: HTTP<*> len: <*> time: <*>",1.0,"<*> ""POST <*>HTTP<*>status: HTTP<*> len: <*> time: <*>",0.8917,"<*> ""DELETE <*>HTTP<*>status: HTTP<*> len: <*> time: <*>",0.7937,45.84,150
168,"<*> ""GET <*>HTTP<*>status: <*> len: <*> time: <*>.<*>",exact,"<*> ""GET <*>HTTP<*>status: HTTP<*> len: <*> time: <*>",1.0,"<*> ""POST <*>HTTP<*>status: HTTP<*> len: <*> time: <*>",0.8917,"<*> ""DELETE <*>HTTP<*>status: HTTP<*> len: <*> time: <*>",0.7937,45.7,150
169,image <*>dd<*>-<*>c<*>-<*>fbb-<*>c<*>-<*>fbe<*>b<*> at (<*>checking,exact,image <*> at (<*>checking,1.0,[instance: fecdd<*>a<*>-<*>ca<*>-<*>c<*>-<*>-<*>b<*>f<*>e] Creating image,0.7025,[instance: faf<*> Creating image,0.6638,47.06,150
170,"image <*>dd<*>-<*>c<*>-<*>fbb-<*>c<*>-<*>fbe<*>b<*> at (<*>in use: on this node <*> local, <*> on other nodes sharing this instance storage",exact,"image <*> at (<*>in use: on this node node<*> local, local<*> on other nodes sharing this instance storage",1.0,image <*> at (<*>checking,0.6627,[instance: d<*>b<*>bd<*>-<*>-<*>-<*>-fffdd<*>ea<*>e] Creating image,0.5005,48.53,150
171,Active base files: /var/lib/nova/instances/_base/a<*>c<*>f<*>c<*>da<*>b<*>c<*>bb<*>ac<*>e<*>,exact,Active base files: /var/lib/nova/instances/_base/a<*>c<*>f<*>c<*>da<*>b<*>c<*>bb<*>ac<*>e<*>,1.0,Removable base files: /var/lib/nova/instances/_base/a<*>c<*>f<*>c<*>da<*>b<*>c<*>bb<*>ac<*>e<*>,0.871,Unknown base file: /var/lib/nova/instances/_base/a<*>c<*>f<*>c<*>da<*>b<*>c<*>bb<*>ac<*>e<*>,0.84,47.75,150
172,"<*> ""GET <*>HTTP<*>status: <*> len: <*> time: <*>.<*>",exact,"<*> ""GET <*>HTTP<*>status: HTTP<*> len: <*> time: <*>",1.0,"<*> ""POST <*>HTTP<*>status: HTTP<*> len: <*> time: <*>",0.8917,"<*> ""DELETE <*>HTTP<*>status: HTTP<*> len: <*> time: <*>",0.7937,46.09,150
173,"<*> ""GET <*>HTTP<*>status: <*> len: <*> time: <*>.<*>",exact,"<*> ""GET <*>HTTP<*>status: HTTP<*> len: <*> time: <*>",1.0,"<*> ""POST <*>HTTP<*>status: HTTP<*> len: <*> time: <*>",0.8917,"<*> ""DELETE <*>HTTP<*>status: HTTP<*> len: <*> time: <*>",0.7937,45.77,150
174,[instance: d<*>a<*>b-<*>-<*>-bdcc-<*>b<*>d<*>d] VM Started (Lifecycle Event),partial,[instance: d<*>a<*>b-<*>-<*>-bdcc-<*>b<*>d<*>d] VM <*> (Lifecycle Event),0.9649,[instance: d<*>b<*>bd<*>-<*>-<*>-<*>-fffdd<*>ea<*>e] VM <*> (Lifecycle Event),0.8684,[instance: <*> VM Stopped (Lifecycle Event),0.8551,46.78,150
175,[instance: d<*>a<*>b-<*>-<*>-bdcc-<*>b<*>d<*>d] VM Paused (Lifecycle Event),partial,[instance: d<*>a<*>b-<*>-<*>-bdcc-<*>b<*>d<*>d] VM <*> (Lifecycle Event),0.9579,[instance: <*> VM Paused (Lifecycle Event),0.9119,[instance: <*>dc<*>-<*>-<*>cc-<*>e-<*>b<*>c<*>dcf] VM <*> (Lifecycle Event),0.84,46.59,150
176,[instance: d<*>a<*>b-<*>-<*>-bdcc-<*>b<*>d<*>d] During sync_power_state the instance has a pending task (spawning). Skip.,partial,[instance: <*> During sync_power_state the instance has a pending task (spawning). Skip.,0.9485,[instance: fecdd<*>a<*>-<*>ca<*>-<*>c<*>-<*>-<*>b<*>f<*>e] During sync_power_state the instance has a pending task (spawning). Skip.,0.8541,[instance: d<*>a<*>b-<*>-<*>-bdcc-<*>b<*>d<*>d] Instance spawned successfully.,0.6267,47.7,150
177,"<*> ""GET <*>HTTP<*>status: <*> len: <*> time: <*>.<*>",exact,"<*> ""GET <*>HTTP<*>status: HTTP<*> len: <*> time: <*>",1.0,"<*> ""POST <*>HTTP<*>status: HTTP<*> len: <*> time: <*>",0.8917,"<*> ""DELETE <*>HTTP<*>status: HTTP<*> len: <*> time: <*>",0.7937,45.99,150
178,"<*> ""GET <*>HTTP<*>status: <*> len: <*> time: <*>.<*>",exact,"<*> ""GET <*>HTTP<*>status: HTTP<*> len: <*> time: <*>",1.0,"<*> ""POST <*>HTTP<*>status: HTTP<*> len: <*> time: <*>",0.8917,"<*> ""DELETE <*>HTTP<*>status: HTTP<*> len: <*> time: <*>",0.7937,45.75,150
179,"<*> ""GET <*>HTTP<*>status: <*> len: <*> time: <*>.<*>",exact,"<*> ""GET <*>HTTP<*>status: HTTP<*> len: <*> time: <*>",1.0,"<*> ""POST <*>HTTP<*>status: HTTP<*> len: <*> time: <*>",0.8917,"<*> ""DELETE <*>HTTP<*>status: HTTP<*> len: <*> time: <*>",0.7937,45.88,150
180,"<*> ""GET <*>HTTP<*>status: <*> len: <*> time: <*>.<*>",exact,"<*> ""GET <*>HTTP<*>status: HTTP<*> len: <*> time: <*>",1.0,"<*> ""POST <*>HTTP<*>status: HTTP<*> len: <*> time: <*>",0.8917,"<*> ""DELETE <*>HTTP<*>status: HTTP<*> len: <*> time: <*>",0.7937,46.0,150
181,"<*> ""GET <*>HTTP<*>status: <*> len: <*> time: <*>.<*>",exact,"<*> ""GET <*>HTTP<*>status: HTTP<*> len: <*> time: <*>",1.0,"<*> ""POST <*>HTTP<*>status: HTTP<*> len: <*> time: <*>",0.8917,"<*> ""DELETE <*>HTTP<*>status: HTTP<*> len: <*> time: <*>",0.7937,45.61,150
182,image <*>dd<*>-<*>c<*>-<*>fbb-<*>c<*>-<*>fbe<*>b<*> at (<*>checking,exact,image <*> at (<*>checking,1.0,[instance: fecdd<*>a<*>-<*>ca<*>-<*>c<*>-<*>-<*>b<*>f<*>e] Creating image,0.7025,[instance: faf<*> Creating image,0.6638,47.31,150
183,"image <*>dd<*>-<*>c<*>-<*>fbb-<*>c<*>-<*>fbe<*>b<*> at (<*>in use: on this node <*> local, <*> on other nodes sharing this instance storage",exact,"image <*> at (<*>in use: on this node node<*> local, local<*> on other nodes sharing this instance storage",1.0,image <*> at (<*>checking,0.6627,[instance: d<*>b<*>bd<*>-<*>-<*>-<*>-fffdd<*>ea<*>e] Creating image,0.5005,48.57,150
184,Active base files: /var/lib/nova/instances/_base/a<*>c<*>f<*>c<*>da<*>b<*>c<*>bb<*>ac<*>e<*>,exact,Active base files: /var/lib/nova/instances/_base/a<*>c<*>f<*>c<*>da<*>b<*>c<*>bb<*>ac<*>e<*>,1.0,Removable base files: /var/lib/nova/instances/_base/a<*>c<*>f<*>c<*>da<*>b<*>c<*>bb<*>ac<*>e<*>,0.871,Unknown base file: /var/lib/nova/instances/_base/a<*>c<*>f<*>c<*>da<*>b<*>c<*>bb<*>ac<*>e<*>,0.84,47.76,150
185,"<*> ""GET <*>HTTP<*>status: <*> len: <*> time: <*>.<*>",exact,"<*> ""GET <*>HTTP<*>status: HTTP<*> len: <*> time: <*>",1.0,"<*> ""POST <*>HTTP<*>status: HTTP<*> len: <*> time: <*>",0.8917,"<*> ""DELETE <*>HTTP<*>status: HTTP<*> len: <*> time: <*>",0.7937,46.11,150
186,"<*> ""GET <*>HTTP<*>status: <*> len: <*> time: <*>.<*>",exact,"<*> ""GET <*>HTTP<*>status: HTTP<*> len: <*> time: <*>",1.0,"<*> ""POST <*>HTTP<*>status: HTTP<*> len: <*> time: <*>",0.8917,"<*> ""DELETE <*>HTTP<*>status: HTTP<*> len: <*> time: <*>",0.7937,46.04,150
187,"<*> ""GET <*>HTTP<*>status: <*> len: <*> time: <*>.<*>",exact,"<*> ""GET <*>HTTP<*>status: HTTP<*> len: <*> time: <*>",1.0,"<*> ""POST <*>HTTP<*>status: HTTP<*> len: <*> time: <*>",0.8917,"<*> ""DELETE <*>HTTP<*>status: HTTP<*> len: <*> time: <*>",0.7937,45.77,150
188,Creating event network-vif-plugged:a<*>c<*>d-<*>cb-<*>ef<*>-b<*>c<*>-dbc<*>c<*>a<*>bd<*>c for instance d<*>a<*>b-<*>-<*>-bdcc-<*>b<*>d<*>d,partial,Creating event network<*> for instance <*>,0.9651,[instance: c<*>f<*>f<*>-<*>c-<*>ea<*>-b<*>e<*>-<*>edfcfbf] VM <*> (Lifecycle Event),0.4995,[instance: <*>a<*>d<*>-<*>b<*>-<*>c<*>-b<*>-<*>a<*>cadf] VM <*> (Lifecycle Event),0.4884,50.25,150
189,"<*> ""POST <*>HTTP<*>status: <*> len: <*> time: <*>.<*>",exact,"<*> ""POST <*>HTTP<*>status: HTTP<*> len: <*> time: <*>",1.0,"<*> ""GET <*>HTTP<*>status: HTTP<*> len: <*> time: <*>",0.8917,"<*> ""DELETE <*>HTTP<*>status: HTTP<*> len: <*> time: <*>",0.8163,46.07,150
190,"<*> ""GET <*>HTTP<*>status: <*> len: <*> time: <*>.<*>",exact,"<*> ""GET <*>HTTP<*>status: HTTP<*> len: <*> time: <*>",1.0,"<*> ""POST <*>HTTP<*>status: HTTP<*> len: <*> time: <*>",0.8917,"<*> ""DELETE <*>HTTP<*>status: HTTP<*> len: <*> time: <*>",0.7937,45.86,150
191,[instance: d<*>a<*>b-<*>-<*>-bdcc-<*>b<*>d<*>d] VM Resumed (Lifecycle Event),partial,[instance: d<*>a<*>b-<*>-<*>-bdcc-<*>b<*>d<*>d] VM <*> (Lifecycle Event),0.973,[instance: <*> VM Resumed (Lifecycle Event),0.9127,[instance: b<*>-fe<*>a-<*>b-b<*>cc-<*>e<*>b<*>cd<*>d] VM <*> (Lifecycle Event),0.8516,47.0,150
192,[instance: d<*>a<*>b-<*>-<*>-bdcc-<*>b<*>d<*>d] Instance spawned successfully.,exact,[instance: d<*>a<*>b-<*>-<*>-bdcc-<*>b<*>d<*>d] Instance spawned successfully.,1.0,[instance: <*> Instance spawned successfully.,0.8549,[instance: d<*>a<*>b-<*>-<*>-bdcc-<*>b<*>d<*>d] Instance destroyed successfully.,0.8159,46.73,150
193,[instance: d<*>a<*>b-<*>-<*>-bdcc-<*>b<*>d<*>d] Took <*>.<*> seconds to spawn the instance on the hypervisor.,partial,[instance: d<*>a<*>b-<*>-<*>-bdcc-<*>b<*>d<*>d] Took <*> seconds to <*> the instance on the hypervisor.,0.9763,[instance: <*> Took <*> seconds to spawn the instance on the hypervisor.,0.9077,[instance: <*>a<*>d<*>-<*>b<*>-<*>c<*>-b<*>-<*>a<*>cadf] Took <*> seconds to <*> the instance on the hypervisor.,0.858,47.82,150
194,[instance: d<*>a<*>b-<*>-<*>-bdcc-<*>b<*>d<*>d] During sync_power_state the instance has a pending task (spawning). Skip.,partial,[instance: <*> During sync_power_state the instance has a pending task (spawning). Skip.,0.9512,[instance: fecdd<*>a<*>-<*>ca<*>-<*>c<*>-<*>-<*>b<*>f<*>e] During sync_power_state the instance has a pending task (spawning). Skip.,0.8541,[instance: d<*>a<*>b-<*>-<*>-bdcc-<*>b<*>d<*>d] Instance spawned successfully.,0.6267,48.57,150
195,[instance: d<*>a<*>b-<*>-<*>-bdcc-<*>b<*>d<*>d] VM Resumed (Lifecycle Event),partial,[instance: d<*>a<*>b-<*>-<*>-bdcc-<*>b<*>d<*>d] VM <*> (Lifecycle Event),0.9769,[instance: <*> VM Resumed (Lifecycle Event),0.9127,[instance: b<*>-fe<*>a-<*>b-b<*>cc-<*>e<*>b<*>cd<*>d] VM <*> (Lifecycle Event),0.8516,46.85,150
196,[instance: d<*>a<*>b-<*>-<*>-bdcc-<*>b<*>d<*>d] Took <*>.<*> seconds to build instance.,exact,[instance: d<*>a<*>b-<*>-<*>-bdcc-<*>b<*>d<*>d] Took <*> seconds to build instance.,1.0,[instance: <*> Took <*> seconds to build instance.,0.8633,[instance: <*>a<*>d<*>-<*>b<*>-<*>c<*>-b<*>-<*>a<*>cadf] Took <*> seconds to build instance.,0.8451,47.67,150
197,"<*> ""GET <*>HTTP<*>status: <*> len: <*> time: <*>.<*>",exact,"<*> ""GET <*>HTTP<*>status: HTTP<*> len: <*> time: <*>",1.0,"<*> ""POST <*>HTTP<*>status: HTTP<*> len: <*> time: <*>",0.8917,"<*> ""DELETE <*>HTTP<*>status: HTTP<*> len: <*> time: <*>",0.7937,46.18,150
198,"<*> ""GET <*>HTTP<*>status: <*> len: <*> time: <*>.<*>",exact,"<*> ""GET <*>HTTP<*>status: HTTP<*> len: <*> time: <*>",1.0,"<*> ""POST <*>HTTP<*>status: HTTP<*> len: <*> time: <*>",0.8917,"<*> ""DELETE <*>HTTP<*>status: HTTP<*> len: <*> time: <*>",0.7937,45.72,150
199,image <*>dd<*>-<*>c<*>-<*>fbb-<*>c<*>-<*>fbe<*>b<*> at (<*>checking,exact,image <*> at (<*>checking,1.0,[instance: fecdd<*>a<*>-<*>ca<*>-<*>c<*>-<*>-<*>b<*>f<*>e] Creating image,0.7025,[instance: faf<*> Creating image,0.6638,46.96,150
200,"image <*>dd<*>-<*>c<*>-<*>fbb-<*>c<*>-<*>fbe<*>b<*> at (<*>in use: on this node <*> local, <*> on other nodes sharing this instance storage",exact,"image <*> at (<*>in use: on this node node<*> local, local<*> on other nodes sharing this instance storage",1.0,image <*> at (<*>checking,0.6627,[instance: d<*>b<*>bd<*>-<*>-<*>-<*>-fffdd<*>ea<*>e] Creating image,0.5005,48.54,150
201,"<*> ""GET <*>HTTP<*>status: <*> len: <*> time: <*>.<*>",exact,"<*> ""GET <*>HTTP<*>status: HTTP<*> len: <*> time: <*>",1.0,"<*> ""POST <*>HTTP<*>status: HTTP<*> len: <*> time: <*>",0.8917,"<*> ""DELETE <*>HTTP<*>status: HTTP<*> len: <*> time: <*>",0.7937,46.47,150
202,Active base files: /var/lib/nova/instances/_base/a<*>c<*>f<*>c<*>da<*>b<*>c<*>bb<*>ac<*>e<*>,exact,Active base files: /var/lib/nova/instances/_base/a<*>c<*>f<*>c<*>da<*>b<*>c<*>bb<*>ac<*>e<*>,1.0,Removable base files: /var/lib/nova/instances/_base/a<*>c<*>f<*>c<*>da<*>b<*>c<*>bb<*>ac<*>e<*>,0.871,Unknown base file: /var/lib/nova/instances/_base/a<*>c<*>f<*>c<*>da<*>b<*>c<*>bb<*>ac<*>e<*>,0.84,49.05,150
203,"<*> ""GET <*>HTTP<*>status: <*> len: <*> time: <*>.<*>",exact,"<*> ""GET <*>HTTP<*>status: HTTP<*> len: <*> time: <*>",1.0,"<*> ""POST <*>HTTP<*>status: HTTP<*> len: <*> time: <*>",0.8917,"<*> ""DELETE <*>HTTP<*>status: HTTP<*> len: <*> time: <*>",0.7937,45.97,150
204,"<*> ""GET <*>HTTP<*>status: <*> len: <*> time: <*>.<*>",exact,"<*> ""GET <*>HTTP<*>status: HTTP<*> len: <*> time: <*>",1.0,"<*> ""POST <*>HTTP<*>status: HTTP<*> len: <*> time: <*>",0.8917,"<*> ""DELETE <*>HTTP<*>status: HTTP<*> len: <*> time: <*>",0.7937,45.79,150
205,"<*> ""GET <*>HTTP<*>status: <*> len: <*> time: <*>.<*>",exact,"<*> ""GET <*>HTTP<*>status: HTTP<*> len: <*> time: <*>",1.0,"<*> ""POST <*>HTTP<*>status: HTTP<*> len: <*> time: <*>",0.8917,"<*> ""DELETE <*>HTTP<*>status: HTTP<*> len: <*> time: <*>",0.7937,45.67,150
206,"<*> ""GET <*>HTTP<*>status: <*> len: <*> time: <*>.<*>",exact,"<*> ""GET <*>HTTP<*>status: HTTP<*> len: <*> time: <*>",1.0,"<*> ""POST <*>HTTP<*>status: HTTP<*> len: <*> time: <*>",0.8917,"<*> ""DELETE <*>HTTP<*>status: HTTP<*> len: <*> time: <*>",0.7937,45.83,150
207,"<*> ""GET <*>HTTP<*>status: <*> len: <*> time: <*>.<*>",exact,"<*> ""GET <*>HTTP<*>status: HTTP<*> len: <*> time: <*>",1.0,"<*> ""POST <*>HTTP<*>status: HTTP<*> len: <*> time: <*>",0.8917,"<*> ""DELETE <*>HTTP<*>status: HTTP<*> len: <*> time: <*>",0.7937,45.92,150
208,image <*>dd<*>-<*>c<*>-<*>fbb-<*>c<*>-<*>fbe<*>b<*> at (<*>checking,exact,image <*> at (<*>checking,1.0,[instance: fecdd<*>a<*>-<*>ca<*>-<*>c<*>-<*>-<*>b<*>f<*>e] Creating image,0.7025,[instance: faf<*> Creating image,0.6638,55.09,150
209,"image <*>dd<*>-<*>c<*>-<*>fbb-<*>c<*>-<*>fbe<*>b<*> at (<*>in use: on this node <*> local, <*> on other nodes sharing this instance storage",exact,"image <*> at (<*>in use: on this node node<*> local, local<*> on other nodes sharing this instance storage",1.0,image <*> at (<*>checking,0.6627,[instance: d<*>b<*>bd<*>-<*>-<*>-<*>-fffdd<*>ea<*>e] Creating image,0.5005,99.08,150
210,"<*> ""GET <*>HTTP<*>status: <*> len: <*> time: <*>.<*>",exact,"<*> ""GET <*>HTTP<*>status: HTTP<*> len: <*> time: <*>",1.0,"<*> ""POST <*>HTTP<*>status: HTTP<*> len: <*> time: <*>",0.8917,"<*> ""DELETE <*>HTTP<*>status: HTTP<*> len: <*> time: <*>",0.7937,46.34,150
211,"<*> ""GET <*>HTTP<*>status: <*> len: <*> time: <*>.<*>",exact,"<*> ""GET <*>HTTP<*>status: HTTP<*> len: <*> time: <*>",1.0,"<*> ""POST <*>HTTP<*>status: HTTP<*> len: <*> time: <*>",0.8917,"<*> ""DELETE <*>HTTP<*>status: HTTP<*> len: <*> time: <*>",0.7937,45.95,150
212,"<*> ""GET <*>HTTP<*>status: <*> len: <*> time: <*>.<*>",exact,"<*> ""GET <*>HTTP<*>status: HTTP<*> len: <*> time: <*>",1.0,"<*> ""POST <*>HTTP<*>status: HTTP<*> len: <*> time: <*>",0.8917,"<*> ""DELETE <*>HTTP<*>status: HTTP<*> len: <*> time: <*>",0.7937,46.01,150
213,Active base files: /var/lib/nova/instances/_base/a<*>c<*>f<*>c<*>da<*>b<*>c<*>bb<*>ac<*>e<*>,exact,Active base files: /var/lib/nova/instances/_base/a<*>c<*>f<*>c<*>da<*>b<*>c<*>bb<*>ac<*>e<*>,1.0,Removable base files: /var/lib/nova/instances/_base/a<*>c<*>f<*>c<*>da<*>b<*>c<*>bb<*>ac<*>e<*>,0.871,Unknown base file: /var/lib/nova/instances/_base/a<*>c<*>f<*>c<*>da<*>b<*>c<*>bb<*>ac<*>e<*>,0.84,47.75,150
214,"<*> ""GET <*>HTTP<*>status: <*> len: <*> time: <*>.<*>",exact,"<*> ""GET <*>HTTP<*>status: HTTP<*> len: <*> time: <*>",1.0,"<*> ""POST <*>HTTP<*>status: HTTP<*> len: <*> time: <*>",0.8917,"<*> ""DELETE <*>HTTP<*>status: HTTP<*> len: <*> time: <*>",0.7937,46.54,150
215,"<*> ""GET <*>HTTP<*>status: <*> len: <*> time: <*>.<*>",exact,"<*> ""GET <*>HTTP<*>status: HTTP<*> len: <*> time: <*>",1.0,"<*> ""POST <*>HTTP<*>status: HTTP<*> len: <*> time: <*>",0.8917,"<*> ""DELETE <*>HTTP<*>status: HTTP<*> len: <*> time: <*>",0.7937,45.87,150
216,"<*> ""GET <*>HTTP<*>status: <*> len: <*> time: <*>.<*>",exact,"<*> ""GET <*>HTTP<*>status: HTTP<*> len: <*> time: <*>",1.0,"<*> ""POST <*>HTTP<*>status: HTTP<*> len: <*> time: <*>",0.8917,"<*> ""DELETE <*>HTTP<*>status: HTTP<*> len: <*> time: <*>",0.7937,46.04,150
217,"<*> ""GET <*>HTTP<*>status: <*> len: <*> time: <*>.<*>",exact,"<*> ""GET <*>HTTP<*>status: HTTP<*> len: <*> time: <*>",1.0,"<*> ""POST <*>HTTP<*>status: HTTP<*> len: <*> time: <*>",0.8917,"<*> ""DELETE <*>HTTP<*>status: HTTP<*> len: <*> time: <*>",0.7937,45.78,150
218,"<*> ""GET <*>HTTP<*>status: <*> len: <*> time: <*>.<*>",exact,"<*> ""GET <*>HTTP<*>status: HTTP<*> len: <*> time: <*>",1.0,"<*> ""POST <*>HTTP<*>status: HTTP<*> len: <*> time: <*>",0.8917,"<*> ""DELETE <*>HTTP<*>status: HTTP<*> len: <*> time: <*>",0.7937,45.97,150
219,"<*> ""GET <*>HTTP<*>status: <*> len: <*> time: <*>.<*>",exact,"<*> ""GET <*>HTTP<*>status: HTTP<*> len: <*> time: <*>",1.0,"<*> ""POST <*>HTTP<*>status: HTTP<*> len: <*> time: <*>",0.8917,"<*> ""DELETE <*>HTTP<*>status: HTTP<*> len: <*> time: <*>",0.7937,45.63,150
220,"<*> ""GET <*>HTTP<*>status: <*> len: <*> time: <*>.<*>",exact,"<*> ""GET <*>HTTP<*>status: HTTP<*> len: <*> time: <*>",1.0,"<*> ""POST <*>HTTP<*>status: HTTP<*> len: <*> time: <*>",0.8917,"<*> ""DELETE <*>HTTP<*>status: HTTP<*> len: <*> time: <*>",0.7937,45.77,150
221,"<*> ""GET <*>HTTP<*>status: <*> len: <*> time: <*>.<*>",exact,"<*> ""GET <*>HTTP<*>status: HTTP<*> len: <*> time: <*>",1.0,"<*> ""POST <*>HTTP<*>status: HTTP<*> len: <*> time: <*>",0.8917,"<*> ""DELETE <*>HTTP<*>status: HTTP<*> len: <*> time: <*>",0.7937,45.97,150
222,"<*> ""GET <*>HTTP<*>status: <*> len: <*> time: <*>.<*>",exact,"<*> ""GET <*>HTTP<*>status: HTTP<*> len: <*> time: <*>",1.0,"<*> ""POST <*>HTTP<*>status: HTTP<*> len: <*> time: <*>",0.8917,"<*> ""DELETE <*>HTTP<*>status: HTTP<*> len: <*> time: <*>",0.7937,46.04,150
223,"<*> ""DELETE <*>HTTP<*>status: <*> len: <*> time: <*>.<*>",exact,"<*> ""DELETE <*>HTTP<*>status: HTTP<*> len: <*> time: <*>",1.0,"<*> ""POST <*>HTTP<*>status: HTTP<*> len: <*> time: <*>",0.8163,"<*> ""GET <*>HTTP<*>status: HTTP<*> len: <*> time: <*>",0.7937,45.88,150
224,[instance: d<*>a<*>b-<*>-<*>-bdcc-<*>b<*>d<*>d] Terminating instance,exact,[instance: d<*>a<*>b-<*>-<*>-bdcc-<*>b<*>d<*>d] Terminating instance,1.0,[instance: <*> Terminating instance,0.8416,[instance: d<*>b<*>bd<*>-<*>-<*>-<*>-fffdd<*>ea<*>e] Terminating instance,0.8404,46.23,150
225,"<*> ""GET <*>HTTP<*>status: <*> len: <*> time: <*>.<*>",exact,"<*> ""GET <*>HTTP<*>status: HTTP<*> len: <*> time: <*>",1.0,"<*> ""POST <*>HTTP<*>status: HTTP<*> len: <*> time: <*>",0.8917,"<*> ""DELETE <*>HTTP<*>status: HTTP<*> len: <*> time: <*>",0.7937,45.7,150
226,[instance: d<*>a<*>b-<*>-<*>-bdcc-<*>b<*>d<*>d] Instance destroyed successfully.,exact,[instance: d<*>a<*>b-<*>-<*>-bdcc-<*>b<*>d<*>d] Instance destroyed successfully.,1.0,[instance: d<*>b<*>bd<*>-<*>-<*>-<*>-fffdd<*>ea<*>e] Instance destroyed successfully.,0.8658,[instance: d<*>a<*>b-<*>-<*>-bdcc-<*>b<*>d<*>d] Terminating instance,0.8397,47.28,150
227,"<*> ""GET <*>HTTP<*>status: <*> len: <*> time: <*>.<*>",exact,"<*> ""GET <*>HTTP<*>status: HTTP<*> len: <*> time: <*>",1.0,"<*> ""POST <*>HTTP<*>status: HTTP<*> len: <*> time: <*>",0.8917,"<*> ""DELETE <*>HTTP<*>status: HTTP<*> len: <*> time: <*>",0.7937,46.46,150
228,[instance: d<*>a<*>b-<*>-<*>-bdcc-<*>b<*>d<*>d] Deleting instance files /var/lib/nova/instances/d<*>a<*>b-<*>-<*>-bdcc-<*>b<*>d<*>d_del,partial,[instance: <*> Deleting instance files <*>,0.95,[instance: fecdd<*>a<*>-<*>ca<*>-<*>c<*>-<*>-<*>b<*>f<*>e] Deleting instance files /var/lib/nova/instances/fecdd<*>a<*>-<*>ca<*>-<*>c<*>-<*>-<*>b<*>f<*>e_del,0.8656,Removing base or swap file: /var/lib/nova/instances/_base/a<*>c<*>f<*>c<*>da<*>b<*>c<*>bb<*>ac<*>e<*>,0.7505,49.71,150
229,[instance: d<*>a<*>b-<*>-<*>-bdcc-<*>b<*>d<*>d] Deletion of <*>complete,exact,[instance: d<*>a<*>b-<*>-<*>-bdcc-<*>b<*>d<*>d] Deletion of <*>complete,1.0,[instance: fecdd<*> Deletion of <*>complete,0.8734,[instance: <*>a<*>d<*>-<*>b<*>-<*>c<*>-b<*>-<*>a<*>cadf] Deletion of <*>complete,0.8586,46.9,150
230,[instance: d<*>a<*>b-<*>-<*>-bdcc-<*>b<*>d<*>d] Took <*>.<*> seconds to destroy the instance on the hypervisor.,partial,[instance: d<*>a<*>b-<*>-<*>-bdcc-<*>b<*>d<*>d] Took <*> seconds to <*> the instance on the hypervisor.,0.9678,[instance: <*> Took <*> seconds to destroy the instance on the hypervisor.,0.9175,[instance: <*>a<*>d<*>-<*>b<*>-<*>c<*>-b<*>-<*>a<*>cadf] Took <*> seconds to <*> the instance on the hypervisor.,0.8656,47.59,150
231,"<*> ""GET <*>HTTP<*>status: <*> len: <*> time: <*>.<*>",exact,"<*> ""GET <*>HTTP<*>status: HTTP<*> len: <*> time: <*>",1.0,"<*> ""POST <*>HTTP<*>status: HTTP<*> len: <*> time: <*>",0.8917,"<*> ""DELETE <*>HTTP<*>status: HTTP<*> len: <*> time: <*>",0.7937,46.24,150
232,[instance: d<*>a<*>b-<*>-<*>-bdcc-<*>b<*>d<*>d] Took <*>.<*> seconds to deallocate network for instance.,exact,[instance: d<*>a<*>b-<*>-<*>-bdcc-<*>b<*>d<*>d] Took <*> seconds to deallocate network for instance.,1.0,[instance: fecdd<*> Took <*> seconds to deallocate network for instance.,0.8783,[instance: <*>a<*>d<*>-<*>b<*>-<*>c<*>-b<*>-<*>a<*>cadf] Took <*> seconds to deallocate network for instance.,0.8619,47.81,150
233,"<*> ""GET <*>HTTP<*>status: <*> len: <*> time: <*>.<*>",exact,"<*> ""GET <*>HTTP<*>status: HTTP<*> len: <*> time: <*>",1.0,"<*> ""POST <*>HTTP<*>status: HTTP<*> len: <*> time: <*>",0.8917,"<*> ""DELETE <*>HTTP<*>status: HTTP<*> len: <*> time: <*>",0.7937,46.05,150
234,Unknown base file: /var/lib/nova/instances/_base/a<*>c<*>f<*>c<*>da<*>b<*>c<*>bb<*>ac<*>e<*>,exact,Unknown base file: /var/lib/nova/instances/_base/a<*>c<*>f<*>c<*>da<*>b<*>c<*>bb<*>ac<*>e<*>,1.0,Removing base or swap file: /var/lib/nova/instances/_base/a<*>c<*>f<*>c<*>da<*>b<*>c<*>bb<*>ac<*>e<*>,0.8518,Base or swap file too young to remove: /var/lib/nova/instances/_base/a<*>c<*>f<*>c<*>da<*>b<*>c<*>bb<*>ac<*>e<*>,0.8448,47.64,150
235,HTTP exception thrown: No instances found for any event,exact,HTTP exception thrown: No instances found for any event,1.0,"<*> ""DELETE <*>HTTP<*>status: HTTP<*> len: <*> time: <*>",0.2495,"<*> ""POST <*>HTTP<*>status: HTTP<*> len: <*> time: <*>",0.2452,45.4,150
236,Removable base files: /var/lib/nova/instances/_base/a<*>c<*>f<*>c<*>da<*>b<*>c<*>bb<*>ac<*>e<*>,exact,Removable base files: /var/lib/nova/instances/_base/a<*>c<*>f<*>c<*>da<*>b<*>c<*>bb<*>ac<*>e<*>,1.0,Active base files: /var/lib/nova/instances/_base/a<*>c<*>f<*>c<*>da<*>b<*>c<*>bb<*>ac<*>e<*>,0.871,Removing base or swap file: /var/lib/nova/instances/_base/a<*>c<*>f<*>c<*>da<*>b<*>c<*>bb<*>ac<*>e<*>,0.8165,48.42,150
237,Base or swap file too young to remove: /var/lib/nova/instances/_base/a<*>c<*>f<*>c<*>da<*>b<*>c<*>bb<*>ac<*>e<*>,exact,Base or swap file too young to remove: /var/lib/nova/instances/_base/a<*>c<*>f<*>c<*>da<*>b<*>c<*>bb<*>ac<*>e<*>,1.0,Removing base or swap file: /var/lib/nova/instances/_base/a<*>c<*>f<*>c<*>da<*>b<*>c<*>bb<*>ac<*>e<*>,0.969,Unknown base file: /var/lib/nova/instances/_base/a<*>c<*>f<*>c<*>da<*>b<*>c<*>bb<*>ac<*>e<*>,0.8448,48.27,150
238,"<*> ""POST <*>HTTP<*>status: <*> len: <*> time: <*>.<*>",exact,"<*> ""POST <*>HTTP<*>status: HTTP<*> len: <*> time: <*>",1.0,"<*> ""GET <*>HTTP<*>status: HTTP<*> len: <*> time: <*>",0.8917,"<*> ""DELETE <*>HTTP<*>status: HTTP<*> len: <*> time: <*>",0.8163,46.65,150
239,Unknown base file: /var/lib/nova/instances/_base/a<*>c<*>f<*>c<*>da<*>b<*>c<*>bb<*>ac<*>e<*>,exact,Unknown base file: /var/lib/nova/instances/_base/a<*>c<*>f<*>c<*>da<*>b<*>c<*>bb<*>ac<*>e<*>,1.0,Removing base or swap file: /var/lib/nova/instances/_base/a<*>c<*>f<*>c<*>da<*>b<*>c<*>bb<*>ac<*>e<*>,0.8518,Base or swap file too young to remove: /var/lib/nova/instances/_base/a<*>c<*>f<*>c<*>da<*>b<*>c<*>bb<*>ac<*>e<*>,0.8448,48.08,150
240,Removable base files: /var/lib/nova/instances/_base/a<*>c<*>f<*>c<*>da<*>b<*>c<*>bb<*>ac<*>e<*>,exact,Removable base files: /var/lib/nova/instances/_base/a<*>c<*>f<*>c<*>da<*>b<*>c<*>bb<*>ac<*>e<*>,1.0,Active base files: /var/lib/nova/instances/_base/a<*>c<*>f<*>c<*>da<*>b<*>c<*>bb<*>ac<*>e<*>,0.871,Removing base or swap file: /var/lib/nova/instances/_base/a<*>c<*>f<*>c<*>da<*>b<*>c<*>bb<*>ac<*>e<*>,0.8165,47.55,150
241,Removing base or swap file: /var/lib/nova/instances/_base/a<*>c<*>f<*>c<*>da<*>b<*>c<*>bb<*>ac<*>e<*>,exact,Removing base or swap file: /var/lib/nova/instances/_base/a<*>c<*>f<*>c<*>da<*>b<*>c<*>bb<*>ac<*>e<*>,1.0,Base or swap file too young to remove: /var/lib/nova/instances/_base/a<*>c<*>f<*>c<*>da<*>b<*>c<*>bb<*>ac<*>e<*>,0.969,Unknown base file: /var/lib/nova/instances/_base/a<*>c<*>f<*>c<*>da<*>b<*>c<*>bb<*>ac<*>e<*>,0.8518,47.68,150
242,"<*> ""POST <*>HTTP<*>status: <*> len: <*> time: <*>.<*>",exact,"<*> ""POST <*>HTTP<*>status: HTTP<*> len: <*> time: <*>",1.0,"<*> ""GET <*>HTTP<*>status: HTTP<*> len: <*> time: <*>",0.8917,"<*> ""DELETE <*>HTTP<*>status: HTTP<*> len: <*> time: <*>",0.8163,46.1,150
243,"<*> ""GET <*>HTTP<*>status: <*> len: <*> time: <*>.<*>",exact,"<*> ""GET <*>HTTP<*>status: HTTP<*> len: <*> time: <*>",1.0,"<*> ""POST <*>HTTP<*>status: HTTP<*> len: <*> time: <*>",0.8917,"<*> ""DELETE <*>HTTP<*>status: HTTP<*> len: <*> time: <*>",0.7937,45.61,150
244,"[instance: d<*>b<*>bd<*>-<*>-<*>-<*>-fffdd<*>ea<*>e] Attempting claim: memory <*> MB, disk <*> GB, vcpus <*> CPU",partial,"[instance: <*> Attempting claim: memory <*> MB, disk <*> GB, vcpus <*> CPU",0.9411,"[instance: faf<*> Attempting claim: memory <*> MB, disk <*> GB, vcpus <*> CPU",0.9203,"[instance: d<*>a<*>b-<*>-<*>-bdcc-<*>b<*>d<*>d] Attempting claim: memory <*> MB, disk <*> GB, vcpus <*> CPU",0.8781,48.54,150
245,"[instance: d<*>b<*>bd<*>-<*>-<*>-<*>-fffdd<*>ea<*>e] Total memory: <*> MB, used: <*>.<*> MB",partial,"[instance: <*> Total memory: <*> MB, used: <*> MB",0.9458,"[instance: faf<*> Total memory: <*> MB, used: <*> MB",0.9295,"[instance: d<*>a<*>b-<*>-<*>-bdcc-<*>b<*>d<*>d] Total memory: <*> MB, used: <*> MB",0.8888,47.91,150
246,"[instance: d<*>b<*>bd<*>-<*>-<*>-<*>-fffdd<*>ea<*>e] memory limit: <*>.<*> MB, free: <*>.<*> MB",partial,"[instance: <*> memory limit: <*> MB, free: <*> MB",0.9408,"[instance: faf<*> memory limit: <*> MB, free: <*> MB",0.9175,"[instance: d<*>a<*>b-<*>-<*>-bdcc-<*>b<*>d<*>d] memory limit: <*> MB, free: <*> MB",0.8898,48.02,150
247,"[instance: d<*>b<*>bd<*>-<*>-<*>-<*>-fffdd<*>ea<*>e] Total disk: <*> GB, used: <*>.<*> GB",partial,"[instance: <*> Total disk: <*> GB, used: <*> GB",0.9613,"[instance: b<*>ef<*>-ba<*>d-<*>ae-bf<*>a-<*>cba<*>a<*>] Total disk: <*> GB, used: <*> GB",0.8844,"[instance: <*> Total memory: <*> MB, used: <*> MB",0.7825,47.88,150
248,"[instance: d<*>b<*>bd<*>-<*>-<*>-<*>-fffdd<*>ea<*>e] disk limit not specified, defaulting to unlimited",exact,"[instance: d<*>b<*>bd<*>-<*>-<*>-<*>-fffdd<*>ea<*>e] disk limit not specified, defaulting to unlimited",1.0,"[instance: faf<*> disk limit not specified, defaulting to unlimited",0.9019,"[instance: <*> disk limit not specified, defaulting to unlimited",0.8983,47.91,150
249,"[instance: d<*>b<*>bd<*>-<*>-<*>-<*>-fffdd<*>ea<*>e] Total vcpu: <*> VCPU, used: <*>.<*> VCPU",partial,"[instance: <*> Total vcpu: <*> VCPU, used: <*> VCPU",0.9512,"[instance: faf<*> Total vcpu: <*> VCPU, used: <*> VCPU",0.9005,"[instance: fecdd<*>a<*>-<*>ca<*>-<*>c<*>-<*>-<*>b<*>f<*>e] Total vcpu: <*> VCPU, used: <*> VCPU",0.8639,47.88,150
250,"[instance: d<*>b<*>bd<*>-<*>-<*>-<*>-fffdd<*>ea<*>e] vcpu limit not specified, defaulting to unlimited",partial,"[instance: faf<*> vcpu limit not specified, defaulting to unlimited",0.9505,"[instance: <*> vcpu limit not specified, defaulting to unlimited",0.9218,"[instance: b<*>ef<*>-ba<*>d-<*>ae-bf<*>a-<*>cba<*>a<*>] vcpu limit not specified, defaulting to unlimited",0.8564,47.78,150
251,[instance: d<*>b<*>bd<*>-<*>-<*>-<*>-fffdd<*>ea<*>e] Claim successful,exact,[instance: d<*>b<*>bd<*>-<*>-<*>-<*>-fffdd<*>ea<*>e] Claim successful,1.0,[instance: <*> Claim successful,0.8945,[instance: faf<*> Claim successful,0.8727,47.02,150
252,"<*> ""GET <*>HTTP<*>status: <*> len: <*> time: <*>.<*>",exact,"<*> ""GET <*>HTTP<*>status: HTTP<*> len: <*> time: <*>",1.0,"<*> ""POST <*>HTTP<*>status: HTTP<*> len: <*> time: <*>",0.8917,"<*> ""DELETE <*>HTTP<*>status: HTTP<*> len: <*> time: <*>",0.7937,46.35,150
253,"<*> ""GET <*>HTTP<*>status: <*> len: <*> time: <*>.<*>",exact,"<*> ""GET <*>HTTP<*>status: HTTP<*> len: <*> time: <*>",1.0,"<*> ""POST <*>HTTP<*>status: HTTP<*> len: <*> time: <*>",0.8917,"<*> ""DELETE <*>HTTP<*>status: HTTP<*> len: <*> time: <*>",0.7937,45.84,150
254,[instance: d<*>b<*>bd<*>-<*>-<*>-<*>-fffdd<*>ea<*>e] Creating image,exact,[instance: d<*>b<*>bd<*>-<*>-<*>-<*>-fffdd<*>ea<*>e] Creating image,1.0,[instance: c<*>f<*>f<*>-<*>c-<*>ea<*>-b<*>e<*>-<*>edfcfbf] Creating image,0.8774,[instance: <*> Creating image,0.868,46.63,150
255,"<*> ""GET <*>HTTP<*>status: <*> len: <*> time: <*>.<*>",exact,"<*> ""GET <*>HTTP<*>status: HTTP<*> len: <*> time: <*>",1.0,"<*> ""POST <*>HTTP<*>status: HTTP<*> len: <*> time: <*>",0.8917,"<*> ""DELETE <*>HTTP<*>status: HTTP<*> len: <*> time: <*>",0.7937,45.9,150
256,"<*> ""GET <*>HTTP<*>status: <*> len: <*> time: <*>.<*>",exact,"<*> ""GET <*>HTTP<*>status: HTTP<*> len: <*> time: <*>",1.0,"<*> ""POST <*>HTTP<*>status: HTTP<*> len: <*> time: <*>",0.8917,"<*> ""DELETE <*>HTTP<*>status: HTTP<*> len: <*> time: <*>",0.7937,45.69,150
257,[instance: d<*>a<*>b-<*>-<*>-bdcc-<*>b<*>d<*>d] VM Stopped (Lifecycle Event),partial,[instance: d<*>a<*>b-<*>-<*>-bdcc-<*>b<*>d<*>d] VM <*> (Lifecycle Event),0.9654,[instance: <*> VM Stopped (Lifecycle Event),0.8851,[instance: d<*>b<*>bd<*>-<*>-<*>-<*>-fffdd<*>ea<*>e] VM <*> (Lifecycle Event),0.8603,46.34,150
258,"<*> ""GET <*>HTTP<*>status: <*> len: <*> time: <*>.<*>",exact,"<*> ""GET <*>HTTP<*>status: HTTP<*> len: <*> time: <*>",1.0,"<*> ""POST <*>HTTP<*>status: HTTP<*> len: <*> time: <*>",0.8917,"<*> ""DELETE <*>HTTP<*>status: HTTP<*> len: <*> time: <*>",0.7937,45.97,150
259,"<*> ""GET <*>HTTP<*>status: <*> len: <*> time: <*>.<*>",exact,"<*> ""GET <*>HTTP<*>status: HTTP<*> len: <*> time: <*>",1.0,"<*> ""POST <*>HTTP<*>status: HTTP<*> len: <*> time: <*>",0.8917,"<*> ""DELETE <*>HTTP<*>status: HTTP<*> len: <*> time: <*>",0.7937,45.74,150
260,"<*> ""GET <*>HTTP<*>status: <*> len: <*> time: <*>.<*>",exact,"<*> ""GET <*>HTTP<*>status: HTTP<*> len: <*> time: <*>",1.0,"<*> ""POST <*>HTTP<*>status: HTTP<*> len: <*> time: <*>",0.8917,"<*> ""DELETE <*>HTTP<*>status: HTTP<*> len: <*> time: <*>",0.7937,46.23,150
261,"<*> ""GET <*>HTTP<*>status: <*> len: <*> time: <*>.<*>",exact,"<*> ""GET <*>HTTP<*>status: HTTP<*> len: <*> time: <*>",1.0,"<*> ""POST <*>HTTP<*>status: HTTP<*> len: <*> time: <*>",0.8917,"<*> ""DELETE <*>HTTP<*>status: HTTP<*> len: <*> time: <*>",0.7937,45.98,150
262,"<*> ""GET <*>HTTP<*>status: <*> len: <*> time: <*>.<*>",exact,"<*> ""GET <*>HTTP<*>status: HTTP<*> len: <*> time: <*>",1.0,"<*> ""POST <*>HTTP<*>status: HTTP<*> len: <*> time: <*>",0.8917,"<*> ""DELETE <*>HTTP<*>status: HTTP<*> len: <*> time: <*>",0.7937,45.68,150
263,"<*> ""GET <*>HTTP<*>status: <*> len: <*> time: <*>.<*>",exact,"<*> ""GET <*>HTTP<*>status: HTTP<*> len: <*> time: <*>",1.0,"<*> ""POST <*>HTTP<*>status: HTTP<*> len: <*> time: <*>",0.8917,"<*> ""DELETE <*>HTTP<*>status: HTTP<*> len: <*> time: <*>",0.7937,45.79,150
264,"<*> ""GET <*>HTTP<*>status: <*> len: <*> time: <*>.<*>",exact,"<*> ""GET <*>HTTP<*>status: HTTP<*> len: <*> time: <*>",1.0,"<*> ""POST <*>HTTP<*>status: HTTP<*> len: <*> time: <*>",0.8917,"<*> ""DELETE <*>HTTP<*>status: HTTP<*> len: <*> time: <*>",0.7937,45.84,150
265,"<*> ""GET <*>HTTP<*>status: <*> len: <*> time: <*>.<*>",exact,"<*> ""GET <*>HTTP<*>status: HTTP<*> len: <*> time: <*>",1.0,"<*> ""POST <*>HTTP<*>status: HTTP<*> len: <*> time: <*>",0.8917,"<*> ""DELETE <*>HTTP<*>status: HTTP<*> len: <*> time: <*>",0.7937,46.11,150
266,"<*> ""GET <*>HTTP<*>status: <*> len: <*> time: <*>.<*>",exact,"<*> ""GET <*>HTTP<*>status: HTTP<*> len: <*> time: <*>",1.0,"<*> ""POST <*>HTTP<*>status: HTTP<*> len: <*> time: <*>",0.8917,"<*> ""DELETE <*>HTTP<*>status: HTTP<*> len: <*> time: <*>",0.7937,45.69,150
267,"<*> ""GET <*>HTTP<*>status: <*> len: <*> time: <*>.<*>",exact,"<*> ""GET <*>HTTP<*>status: HTTP<*> len: <*> time: <*>",1.0,"<*> ""POST <*>HTTP<*>status: HTTP<*> len: <*> time: <*>",0.8917,"<*> ""DELETE <*>HTTP<*>status: HTTP<*> len: <*> time: <*>",0.7937,45.85,150
268,Auditing locally available compute resources for node cp-<*>.slowvm<*>.tcloud-pg<*>.utah.cloudlab.us,exact,Auditing locally available compute resources for node cp-<*>.slowvm<*>.tcloud-pg<*>.utah.cloudlab.us,1.0,Running instance usage audit for host cp-<*>.slowvm<*>.tcloud-pg<*>.utah.cloudlab.us from <*> to <*> <*>:<*>:<*>. <*> instances.,0.8328,Compute_service record updated for cp-<*>.slowvm<*>.tcloud-pg<*>.utah.cloudlab.us:cp-<*>.slowvm<*>.tcloud-pg<*>.utah.cloudlab.us,0.7067,46.12,150
269,"Total usable vcpus: <*>, total allocated vcpus: <*>",exact,"Total usable vcpus: <*>, total allocated vcpus: <*>",1.0,"[instance: <*> Attempting claim: memory <*> MB, disk <*> GB, vcpus <*> CPU",0.6382,"[instance: <*> Total vcpu: <*> VCPU, used: <*> VCPU",0.6049,45.4,150
270,Final resource view: name=cp-<*>.slowvm<*>.tcloud-pg<*>.utah.cloudlab.us phys_ram=<*>MB used_ram=<*>MB phys_disk=<*>GB used_disk=<*>GB total_vcpus=<*> used_vcpus=<*> pci_stats=[],exact,Final resource view: name=cp-<*>.slowvm<*>.tcloud-pg<*>.utah.cloudlab.us phys_ram=<*>MB used_ram=<*>MB phys_disk=<*>GB used_disk=<*>GB total_vcpus=<*> used_vcpus=<*> pci_stats=[],1.0,The instance sync for host 'cp-<*>.slowvm<*>.tcloud-pg<*>.utah.cloudlab.us' did not match. Re-created its InstanceList.,0.7105,Successfully synced instances from host 'cp-<*>.slowvm<*>.tcloud-pg<*>.utah.cloudlab.us'.,0.7023,50.25,150
271,Compute_service record updated for cp-<*>.slowvm<*>.tcloud-pg<*>.utah.cloudlab.us:cp-<*>.slowvm<*>.tcloud-pg<*>.utah.cloudlab.us,exact,Compute_service record updated for cp-<*>.slowvm<*>.tcloud-pg<*>.utah.cloudlab.us:cp-<*>.slowvm<*>.tcloud-pg<*>.utah.cloudlab.us,1.0,The instance sync for host 'cp-<*>.slowvm<*>.tcloud-pg<*>.utah.cloudlab.us' did not match. Re-created its InstanceList.,0.763,Successfully synced instances from host 'cp-<*>.slowvm<*>.tcloud-pg<*>.utah.cloudlab.us'.,0.7234,48.25,150
272,image <*>dd<*>-<*>c<*>-<*>fbb-<*>c<*>-<*>fbe<*>b<*> at (<*>checking,exact,image <*> at (<*>checking,1.0,[instance: fecdd<*>a<*>-<*>ca<*>-<*>c<*>-<*>-<*>b<*>f<*>e] Creating image,0.7025,[instance: faf<*> Creating image,0.6638,47.64,150
273,"image <*>dd<*>-<*>c<*>-<*>fbb-<*>c<*>-<*>fbe<*>b<*> at (<*>in use: on this node <*> local, <*> on other nodes sharing this instance storage",exact,"image <*> at (<*>in use: on this node node<*> local, local<*> on other nodes sharing this instance storage",1.0,image <*> at (<*>checking,0.6627,[instance: d<*>b<*>bd<*>-<*>-<*>-<*>-fffdd<*>ea<*>e] Creating image,0.5005,48.3,150
274,Active base files: /var/lib/nova/instances/_base/a<*>c<*>f<*>c<*>da<*>b<*>c<*>bb<*>ac<*>e<*>,exact,Active base files: /var/lib/nova/instances/_base/a<*>c<*>f<*>c<*>da<*>b<*>c<*>bb<*>ac<*>e<*>,1.0,Removable base files: /var/lib/nova/instances/_base/a<*>c<*>f<*>c<*>da<*>b<*>c<*>bb<*>ac<*>e<*>,0.871,Unknown base file: /var/lib/nova/instances/_base/a<*>c<*>f<*>c<*>da<*>b<*>c<*>bb<*>ac<*>e<*>,0.84,47.71,150
275,"<*> ""GET <*>HTTP<*>status: <*> len: <*> time: <*>.<*>",exact,"<*> ""GET <*>HTTP<*>status: HTTP<*> len: <*> time: <*>",1.0,"<*> ""POST <*>HTTP<*>status: HTTP<*> len: <*> time: <*>",0.8917,"<*> ""DELETE <*>HTTP<*>status: HTTP<*> len: <*> time: <*>",0.7937,46.22,150
276,"<*> ""GET <*>HTTP<*>status: <*> len: <*> time: <*>.<*>",exact,"<*> ""GET <*>HTTP<*>status: HTTP<*> len: <*> time: <*>",1.0,"<*> ""POST <*>HTTP<*>status: HTTP<*> len: <*> time: <*>",0.8917,"<*> ""DELETE <*>HTTP<*>status: HTTP<*> len: <*> time: <*>",0.7937,46.11,150
277,"<*> ""GET <*>HTTP<*>status: <*> len: <*> time: <*>.<*>",exact,"<*> ""GET <*>HTTP<*>status: HTTP<*> len: <*> time: <*>",1.0,"<*> ""POST <*>HTTP<*>status: HTTP<*> len: <*> time: <*>",0.8917,"<*> ""DELETE <*>HTTP<*>status: HTTP<*> len: <*> time: <*>",0.7937,46.38,150
278,"<*> ""GET <*>HTTP<*>status: <*> len: <*> time: <*>.<*>",exact,"<*> ""GET <*>HTTP<*>status: HTTP<*> len: <*> time: <*>",1.0,"<*> ""POST <*>HTTP<*>status: HTTP<*> len: <*> time: <*>",0.8917,"<*> ""DELETE <*>HTTP<*>status: HTTP<*> len: <*> time: <*>",0.7937,46.11,150
279,[instance: d<*>b<*>bd<*>-<*>-<*>-<*>-fffdd<*>ea<*>e] VM Started (Lifecycle Event),partial,[instance: d<*>b<*>bd<*>-<*>-<*>-<*>-fffdd<*>ea<*>e] VM <*> (Lifecycle Event),0.9851,[instance: <*> VM Stopped (Lifecycle Event),0.8759,[instance: <*> VM <*> (Lifecycle Event),0.8752,47.34,150
280,[instance: d<*>b<*>bd<*>-<*>-<*>-<*>-fffdd<*>ea<*>e] VM Paused (Lifecycle Event),partial,[instance: <*> VM Paused (Lifecycle Event),0.957,[instance: d<*>b<*>bd<*>-<*>-<*>-<*>-fffdd<*>ea<*>e] VM <*> (Lifecycle Event),0.9177,[instance: c<*>f<*>f<*>-<*>c-<*>ea<*>-b<*>e<*>-<*>edfcfbf] VM <*> (Lifecycle Event),0.8793,47.69,150
281,[instance: d<*>b<*>bd<*>-<*>-<*>-<*>-fffdd<*>ea<*>e] During sync_power_state the instance has a pending task (spawning). Skip.,partial,[instance: <*> During sync_power_state the instance has a pending task (spawning). Skip.,0.9806,[instance: fecdd<*>a<*>-<*>ca<*>-<*>c<*>-<*>-<*>b<*>f<*>e] During sync_power_state the instance has a pending task (spawning). Skip.,0.8781,"While synchronizing instance power states, found <*> instances in the database and <*> instances on the hypervisor.",0.6298,48.23,150
282,"<*> ""GET <*>HTTP<*>status: <*> len: <*> time: <*>.<*>",exact,"<*> ""GET <*>HTTP<*>status: HTTP<*> len: <*> time: <*>",1.0,"<*> ""POST <*>HTTP<*>status: HTTP<*> len: <*> time: <*>",0.8917,"<*> ""DELETE <*>HTTP<*>status: HTTP<*> len: <*> time: <*>",0.7937,47.44,150
283,"<*> ""GET <*>HTTP<*>status: <*> len: <*> time: <*>.<*>",exact,"<*> ""GET <*>HTTP<*>status: HTTP<*> len: <*> time: <*>",1.0,"<*> ""POST <*>HTTP<*>status: HTTP<*> len: <*> time: <*>",0.8917,"<*> ""DELETE <*>HTTP<*>status: HTTP<*> len: <*> time: <*>",0.7937,46.07,150
284,"<*> ""GET <*>HTTP<*>status: <*> len: <*> time: <*>.<*>",exact,"<*> ""GET <*>HTTP<*>status: HTTP<*> len: <*> time: <*>",1.0,"<*> ""POST <*>HTTP<*>status: HTTP<*> len: <*> time: <*>",0.8917,"<*> ""DELETE <*>HTTP<*>status: HTTP<*> len: <*> time: <*>",0.7937,45.87,150
285,"<*> ""GET <*>HTTP<*>status: <*> len: <*> time: <*>.<*>",exact,"<*> ""GET <*>HTTP<*>status: HTTP<*> len: <*> time: <*>",1.0,"<*> ""POST <*>HTTP<*>status: HTTP<*> len: <*> time: <*>",0.8917,"<*> ""DELETE <*>HTTP<*>status: HTTP<*> len: <*> time: <*>",0.7937,45.79,150
286,image <*>dd<*>-<*>c<*>-<*>fbb-<*>c<*>-<*>fbe<*>b<*> at (<*>checking,exact,image <*> at (<*>checking,1.0,[instance: fecdd<*>a<*>-<*>ca<*>-<*>c<*>-<*>-<*>b<*>f<*>e] Creating image,0.7025,[instance: faf<*> Creating image,0.6638,47.58,150
287,"image <*>dd<*>-<*>c<*>-<*>fbb-<*>c<*>-<*>fbe<*>b<*> at (<*>in use: on this node <*> local, <*> on other nodes sharing this instance storage",exact,"image <*> at (<*>in use: on this node node<*> local, local<*> on other nodes sharing this instance storage",1.0,image <*> at (<*>checking,0.6627,[instance: d<*>b<*>bd<*>-<*>-<*>-<*>-fffdd<*>ea<*>e] Creating image,0.5005,48.96,150
288,Active base files: /var/lib/nova/instances/_base/a<*>c<*>f<*>c<*>da<*>b<*>c<*>bb<*>ac<*>e<*>,exact,Active base files: /var/lib/nova/instances/_base/a<*>c<*>f<*>c<*>da<*>b<*>c<*>bb<*>ac<*>e<*>,1.0,Removable base files: /var/lib/nova/instances/_base/a<*>c<*>f<*>c<*>da<*>b<*>c<*>bb<*>ac<*>e<*>,0.871,Unknown base file: /var/lib/nova/instances/_base/a<*>c<*>f<*>c<*>da<*>b<*>c<*>bb<*>ac<*>e<*>,0.84,47.91,150
289,"<*> ""GET <*>HTTP<*>status: <*> len: <*> time: <*>.<*>",exact,"<*> ""GET <*>HTTP<*>status: HTTP<*> len: <*> time: <*>",1.0,"<*> ""POST <*>HTTP<*>status: HTTP<*> len: <*> time: <*>",0.8917,"<*> ""DELETE <*>HTTP<*>status: HTTP<*> len: <*> time: <*>",0.7937,45.97,150
290,"<*> ""GET <*>HTTP<*>status: <*> len: <*> time: <*>.<*>",exact,"<*> ""GET <*>HTTP<*>status: HTTP<*> len: <*> time: <*>",1.0,"<*> ""POST <*>HTTP<*>status: HTTP<*> len: <*> time: <*>",0.8917,"<*> ""DELETE <*>HTTP<*>status: HTTP<*> len: <*> time: <*>",0.7937,46.4,150
291,"<*> ""GET <*>HTTP<*>status: <*> len: <*> time: <*>.<*>",exact,"<*> ""GET <*>HTTP<*>status: HTTP<*> len: <*> time: <*>",1.0,"<*> ""POST <*>HTTP<*>status: HTTP<*> len: <*> time: <*>",0.8917,"<*> ""DELETE <*>HTTP<*>status: HTTP<*> len: <*> time: <*>",0.7937,45.99,150
292,"<*> ""GET <*>HTTP<*>status: <*> len: <*> time: <*>.<*>",exact,"<*> ""GET <*>HTTP<*>status: HTTP<*> len: <*> time: <*>",1.0,"<*> ""POST <*>HTTP<*>status: HTTP<*> len: <*> time: <*>",0.8917,"<*> ""DELETE <*>HTTP<*>status: HTTP<*> len: <*> time: <*>",0.7937,45.73,150
293,Creating event network-vif-plugged:<*>b<*>aca<*>-<*>e-<*>-<*>ff<*>-<*>d<*>ff<*> for instance d<*>b<*>bd<*>-<*>-<*>-<*>-fffdd<*>ea<*>e,partial,Creating event network<*> for instance <*>,0.9619,[instance: c<*>f<*>f<*>-<*>c-<*>ea<*>-b<*>e<*>-<*>edfcfbf] VM <*> (Lifecycle Event),0.5015,[instance: d<*>b<*>bd<*>-<*>-<*>-<*>-fffdd<*>ea<*>e] VM <*> (Lifecycle Event),0.4924,49.71,150
294,"<*> ""POST <*>HTTP<*>status: <*> len: <*> time: <*>.<*>",exact,"<*> ""POST <*>HTTP<*>status: HTTP<*> len: <*> time: <*>",1.0,"<*> ""GET <*>HTTP<*>status: HTTP<*> len: <*> time: <*>",0.8917,"<*> ""DELETE <*>HTTP<*>status: HTTP<*> len: <*> time: <*>",0.8163,45.94,150
295,[instance: d<*>b<*>bd<*>-<*>-<*>-<*>-fffdd<*>ea<*>e] VM Resumed (Lifecycle Event),partial,[instance: <*> VM Resumed (Lifecycle Event),0.9505,[instance: d<*>b<*>bd<*>-<*>-<*>-<*>-fffdd<*>ea<*>e] VM <*> (Lifecycle Event),0.9393,[instance: faf<*>ea-cba<*>-<*>e<*>b-<*>f<*>-<*>a<*>bc<*>f] VM <*> (Lifecycle Event),0.8917,47.5,150
296,[instance: d<*>b<*>bd<*>-<*>-<*>-<*>-fffdd<*>ea<*>e] Instance spawned successfully.,partial,[instance: <*> Instance spawned successfully.,0.9174,[instance: faf<*> Instance spawned successfully.,0.8946,[instance: c<*>f<*>f<*>-<*>c-<*>ea<*>-b<*>e<*>-<*>edfcfbf] Instance spawned successfully.,0.8632,46.86,150
297,[instance: d<*>b<*>bd<*>-<*>-<*>-<*>-fffdd<*>ea<*>e] Took <*>.<*> seconds to spawn the instance on the hypervisor.,partial,[instance: <*> Took <*> seconds to spawn the instance on the hypervisor.,0.9599,[instance: c<*>f<*>f<*>-<*>c-<*>ea<*>-b<*>e<*>-<*>edfcfbf] Took <*> seconds to <*> the instance on the hypervisor.,0.8928,[instance: d<*>a<*>b-<*>-<*>-bdcc-<*>b<*>d<*>d] Took <*> seconds to <*> the instance on the hypervisor.,0.8882,48.04,150
298,[instance: d<*>b<*>bd<*>-<*>-<*>-<*>-fffdd<*>ea<*>e] During sync_power_state the instance has a pending task (spawning). Skip.,partial,[instance: <*> During sync_power_state the instance has a pending task (spawning). Skip.,0.9816,[instance: fecdd<*>a<*>-<*>ca<*>-<*>c<*>-<*>-<*>b<*>f<*>e] During sync_power_state the instance has a pending task (spawning). Skip.,0.8781,"While synchronizing instance power states, found <*> instances in the database and <*> instances on the hypervisor.",0.6298,48.02,150
299,[instance: d<*>b<*>bd<*>-<*>-<*>-<*>-fffdd<*>ea<*>e] VM Resumed (Lifecycle Event),partial,[instance: <*> VM Resumed (Lifecycle Event),0.9539,[instance: d<*>b<*>bd<*>-<*>-<*>-<*>-fffdd<*>ea<*>e] VM <*> (Lifecycle Event),0.9393,[instance: faf<*>ea-cba<*>-<*>e<*>b-<*>f<*>-<*>a<*>bc<*>f] VM <*> (Lifecycle Event),0.8917,48.09,150
300,[instance: d<*>b<*>bd<*>-<*>-<*>-<*>-fffdd<*>ea<*>e] Took <*>.<*> seconds to build instance.,partial,[instance: <*> Took <*> seconds to build instance.,0.9501,[instance: faf<*> Took <*> seconds to build instance.,0.8821,[instance: d<*>a<*>b-<*>-<*>-bdcc-<*>b<*>d<*>d] Took <*> seconds to build instance.,0.8684,47.32,150
301,image <*>dd<*>-<*>c<*>-<*>fbb-<*>c<*>-<*>fbe<*>b<*> at (<*>checking,exact,image <*> at (<*>checking,1.0,[instance: fecdd<*>a<*>-<*>ca<*>-<*>c<*>-<*>-<*>b<*>f<*>e] Creating image,0.7025,[instance: faf<*> Creating image,0.6638,47.54,150
302,"image <*>dd<*>-<*>c<*>-<*>fbb-<*>c<*>-<*>fbe<*>b<*> at (<*>in use: on this node <*> local, <*> on other nodes sharing this instance storage",exact,"image <*> at (<*>in use: on this node node<*> local, local<*> on other nodes sharing this instance storage",1.0,image <*> at (<*>checking,0.6627,[instance: d<*>b<*>bd<*>-<*>-<*>-<*>-fffdd<*>ea<*>e] Creating image,0.5005,49.47,150
303,Active base files: /var/lib/nova/instances/_base/a<*>c<*>f<*>c<*>da<*>b<*>c<*>bb<*>ac<*>e<*>,exact,Active base files: /var/lib/nova/instances/_base/a<*>c<*>f<*>c<*>da<*>b<*>c<*>bb<*>ac<*>e<*>,1.0,Removable base files: /var/lib/nova/instances/_base/a<*>c<*>f<*>c<*>da<*>b<*>c<*>bb<*>ac<*>e<*>,0.871,Unknown base file: /var/lib/nova/instances/_base/a<*>c<*>f<*>c<*>da<*>b<*>c<*>bb<*>ac<*>e<*>,0.84,47.97,150
304,"<*> ""GET <*>HTTP<*>status: <*> len: <*> time: <*>.<*>",exact,"<*> ""GET <*>HTTP<*>status: HTTP<*> len: <*> time: <*>",1.0,"<*> ""POST <*>HTTP<*>status: HTTP<*> len: <*> time: <*>",0.8917,"<*> ""DELETE <*>HTTP<*>status: HTTP<*> len: <*> time: <*>",0.7937,46.1,150
305,"<*> ""GET <*>HTTP<*>status: <*> len: <*> time: <*>.<*>",exact,"<*> ""GET <*>HTTP<*>status: HTTP<*> len: <*> time: <*>",1.0,"<*> ""POST <*>HTTP<*>status: HTTP<*> len: <*> time: <*>",0.8917,"<*> ""DELETE <*>HTTP<*>status: HTTP<*> len: <*> time: <*>",0.7937,46.07,150
306,image <*>dd<*>-<*>c<*>-<*>fbb-<*>c<*>-<*>fbe<*>b<*> at (<*>checking,exact,image <*> at (<*>checking,1.0,[instance: fecdd<*>a<*>-<*>ca<*>-<*>c<*>-<*>-<*>b<*>f<*>e] Creating image,0.7025,[instance: faf<*> Creating image,0.6638,47.42,150
307,"image <*>dd<*>-<*>c<*>-<*>fbb-<*>c<*>-<*>fbe<*>b<*> at (<*>in use: on this node <*> local, <*> on other nodes sharing this instance storage",exact,"image <*> at (<*>in use: on this node node<*> local, local<*> on other nodes sharing this instance storage",1.0,image <*> at (<*>checking,0.6627,[instance: d<*>b<*>bd<*>-<*>-<*>-<*>-fffdd<*>ea<*>e] Creating image,0.5005,48.53,150
308,Active base files: /var/lib/nova/instances/_base/a<*>c<*>f<*>c<*>da<*>b<*>c<*>bb<*>ac<*>e<*>,exact,Active base files: /var/lib/nova/instances/_base/a<*>c<*>f<*>c<*>da<*>b<*>c<*>bb<*>ac<*>e<*>,1.0,Removable base files: /var/lib/nova/instances/_base/a<*>c<*>f<*>c<*>da<*>b<*>c<*>bb<*>ac<*>e<*>,0.871,Unknown base file: /var/lib/nova/instances/_base/a<*>c<*>f<*>c<*>da<*>b<*>c<*>bb<*>ac<*>e<*>,0.84,47.83,150
309,"<*> ""GET <*>HTTP<*>status: <*> len: <*> time: <*>.<*>",exact,"<*> ""GET <*>HTTP<*>status: HTTP<*> len: <*> time: <*>",1.0,"<*> ""POST <*>HTTP<*>status: HTTP<*> len: <*> time: <*>",0.8917,"<*> ""DELETE <*>HTTP<*>status: HTTP<*> len: <*> time: <*>",0.7937,46.4,150
310,"<*> ""GET <*>HTTP<*>status: <*> len: <*> time: <*>.<*>",exact,"<*> ""GET <*>HTTP<*>status: HTTP<*> len: <*> time: <*>",1.0,"<*> ""POST <*>HTTP<*>status: HTTP<*> len: <*> time: <*>",0.8917,"<*> ""DELETE <*>HTTP<*>status: HTTP<*> len: <*> time: <*>",0.7937,45.88,150
311,"<*> ""GET <*>HTTP<*>status: <*> len: <*> time: <*>.<*>",exact,"<*> ""GET <*>HTTP<*>status: HTTP<*> len: <*> time: <*>",1.0,"<*> ""POST <*>HTTP<*>status: HTTP<*> len: <*> time: <*>",0.8917,"<*> ""DELETE <*>HTTP<*>status: HTTP<*> len: <*> time: <*>",0.7937,45.77,150
312,"<*> ""GET <*>HTTP<*>status: <*> len: <*> time: <*>.<*>",exact,"<*> ""GET <*>HTTP<*>status: HTTP<*> len: <*> time: <*>",1.0,"<*> ""POST <*>HTTP<*>status: HTTP<*> len: <*> time: <*>",0.8917,"<*> ""DELETE <*>HTTP<*>status: HTTP<*> len: <*> time: <*>",0.7937,45.94,150
313,"<*> ""GET <*>HTTP<*>status: <*> len: <*> time: <*>.<*>",exact,"<*> ""GET <*>HTTP<*>status: HTTP<*> len: <*> time: <*>",1.0,"<*> ""POST <*>HTTP<*>status: HTTP<*> len: <*> time: <*>",0.8917,"<*> ""DELETE <*>HTTP<*>status: HTTP<*> len: <*> time: <*>",0.7937,45.86,150
314,"<*> ""GET <*>HTTP<*>status: <*> len: <*> time: <*>.<*>",exact,"<*> ""GET <*>HTTP<*>status: HTTP<*> len: <*> time: <*>",1.0,"<*> ""POST <*>HTTP<*>status: HTTP<*> len: <*> time: <*>",0.8917,"<*> ""DELETE <*>HTTP<*>status: HTTP<*> len: <*> time: <*>",0.7937,45.74,150
315,"<*> ""DELETE <*>HTTP<*>status: <*> len: <*> time: <*>.<*>",exact,"<*> ""DELETE <*>HTTP<*>status: HTTP<*> len: <*> time: <*>",1.0,"<*> ""POST <*>HTTP<*>status: HTTP<*> len: <*> time: <*>",0.8163,"<*> ""GET <*>HTTP<*>status: HTTP<*> len: <*> time: <*>",0.7937,45.92,150
316,[instance: d<*>b<*>bd<*>-<*>-<*>-<*>-fffdd<*>ea<*>e] Terminating instance,exact,[instance: d<*>b<*>bd<*>-<*>-<*>-<*>-fffdd<*>ea<*>e] Terminating instance,1.0,[instance: faf<*> Terminating instance,0.8776,[instance: <*> Terminating instance,0.8743,47.01,150
317,"<*> ""GET <*>HTTP<*>status: <*> len: <*> time: <*>.<*>",exact,"<*> ""GET <*>HTTP<*>status: HTTP<*> len: <*> time: <*>",1.0,"<*> ""POST <*>HTTP<*>status: HTTP<*> len: <*> time: <*>",0.8917,"<*> ""DELETE <*>HTTP<*>status: HTTP<*> len: <*> time: <*>",0.7937,46.27,150
318,[instance: d<*>b<*>bd<*>-<*>-<*>-<*>-fffdd<*>ea<*>e] Instance destroyed successfully.,exact,[instance: d<*>b<*>bd<*>-<*>-<*>-<*>-fffdd<*>ea<*>e] Instance destroyed successfully.,1.0,[instance: <*> Instance destroyed successfully.,0.8856,[instance: faf<*> Instance destroyed successfully.,0.881,46.5,150
319,"<*> ""GET <*>HTTP<*>status: <*> len: <*> time: <*>.<*>",exact,"<*> ""GET <*>HTTP<*>status: HTTP<*> len: <*> time: <*>",1.0,"<*> ""POST <*>HTTP<*>status: HTTP<*> len: <*> time: <*>",0.8917,"<*> ""DELETE <*>HTTP<*>status: HTTP<*> len: <*> time: <*>",0.7937,46.16,150
320,[instance: d<*>b<*>bd<*>-<*>-<*>-<*>-fffdd<*>ea<*>e] Deleting instance files /var/lib/nova/instances/d<*>b<*>bd<*>-<*>-<*>-<*>-fffdd<*>ea<*>e_del,partial,[instance: <*> Deleting instance files <*>,0.9736,[instance: fecdd<*>a<*>-<*>ca<*>-<*>c<*>-<*>-<*>b<*>f<*>e] Deleting instance files /var/lib/nova/instances/fecdd<*>a<*>-<*>ca<*>-<*>c<*>-<*>-<*>b<*>f<*>e_del,0.8841,Removing base or swap file: /var/lib/nova/instances/_base/a<*>c<*>f<*>c<*>da<*>b<*>c<*>bb<*>ac<*>e<*>,0.7567,50.13,150
321,[instance: d<*>b<*>bd<*>-<*>-<*>-<*>-fffdd<*>ea<*>e] Deletion of <*>complete,partial,[instance: <*> Deletion of <*>complete,0.9676,[instance: fecdd<*> Deletion of <*>complete,0.8897,[instance: d<*>a<*>b-<*>-<*>-bdcc-<*>b<*>d<*>d] Deletion of <*>complete,0.8774,47.31,150
322,[instance: d<*>b<*>bd<*>-<*>-<*>-<*>-fffdd<*>ea<*>e] Took <*>.<*> seconds to destroy the instance on the hypervisor.,partial,[instance: <*> Took <*> seconds to destroy the instance on the hypervisor.,0.9571,[instance: d<*>a<*>b-<*>-<*>-bdcc-<*>b<*>d<*>d] Took <*> seconds to <*> the instance on the hypervisor.,0.8988,[instance: c<*>f<*>f<*>-<*>c-<*>ea<*>-b<*>e<*>-<*>edfcfbf] Took <*> seconds to <*> the instance on the hypervisor.,0.8884,48.09,150
323,[instance: d<*>b<*>bd<*>-<*>-<*>-<*>-fffdd<*>ea<*>e] Took <*>.<*> seconds to deallocate network for instance.,partial,[instance: <*> Took <*> seconds to deallocate network for instance.,0.9735,[instance: fecdd<*> Took <*> seconds to deallocate network for instance.,0.8947,[instance: d<*>a<*>b-<*>-<*>-bdcc-<*>b<*>d<*>d] Took <*> seconds to deallocate network for instance.,0.8828,47.99,150
324,"<*> ""GET <*>HTTP<*>status: <*> len: <*> time: <*>.<*>",exact,"<*> ""GET <*>HTTP<*>status: HTTP<*> len: <*> time: <*>",1.0,"<*> ""POST <*>HTTP<*>status: HTTP<*> len: <*> time: <*>",0.8917,"<*> ""DELETE <*>HTTP<*>status: HTTP<*> len: <*> time: <*>",0.7937,46.21,150
325,"<*> ""GET <*>HTTP<*>status: <*> len: <*> time: <*>.<*>",exact,"<*> ""GET <*>HTTP<*>status: HTTP<*> len: <*> time: <*>",1.0,"<*> ""POST <*>HTTP<*>status: HTTP<*> len: <*> time: <*>",0.8917,"<*> ""DELETE <*>HTTP<*>status: HTTP<*> len: <*> time: <*>",0.7937,46.32,150
326,Unknown base file: /var/lib/nova/instances/_base/a<*>c<*>f<*>c<*>da<*>b<*>c<*>bb<*>ac<*>e<*>,exact,Unknown base file: /var/lib/nova/instances/_base/a<*>c<*>f<*>c<*>da<*>b<*>c<*>bb<*>ac<*>e<*>,1.0,Removing base or swap file: /var/lib/nova/instances/_base/a<*>c<*>f<*>c<*>da<*>b<*>c<*>bb<*>ac<*>e<*>,0.8518,Base or swap file too young to remove: /var/lib/nova/instances/_base/a<*>c<*>f<*>c<*>da<*>b<*>c<*>bb<*>ac<*>e<*>,0.8448,47.87,150
327,Removable base files: /var/lib/nova/instances/_base/a<*>c<*>f<*>c<*>da<*>b<*>c<*>bb<*>ac<*>e<*>,exact,Removable base files: /var/lib/nova/instances/_base/a<*>c<*>f<*>c<*>da<*>b<*>c<*>bb<*>ac<*>e<*>,1.0,Active base files: /var/lib/nova/instances/_base/a<*>c<*>f<*>c<*>da<*>b<*>c<*>bb<*>ac<*>e<*>,0.871,Removing base or swap file: /var/lib/nova/instances/_base/a<*>c<*>f<*>c<*>da<*>b<*>c<*>bb<*>ac<*>e<*>,0.8165,48.11,150
328,Removing base or swap file: /var/lib/nova/instances/_base/a<*>c<*>f<*>c<*>da<*>b<*>c<*>bb<*>ac<*>e<*>,exact,Removing base or swap file: /var/lib/nova/instances/_base/a<*>c<*>f<*>c<*>da<*>b<*>c<*>bb<*>ac<*>e<*>,1.0,Base or swap file too young to remove: /var/lib/nova/instances/_base/a<*>c<*>f<*>c<*>da<*>b<*>c<*>bb<*>ac<*>e<*>,0.969,Unknown base file: /var/lib/nova/instances/_base/a<*>c<*>f<*>c<*>da<*>b<*>c<*>bb<*>ac<*>e<*>,0.8518,48.26,150
329,HTTP exception thrown: No instances found for any event,exact,HTTP exception thrown: No instances found for any event,1.0,"<*> ""DELETE <*>HTTP<*>status: HTTP<*> len: <*> time: <*>",0.2495,"<*> ""POST <*>HTTP<*>status: HTTP<*> len: <*> time: <*>",0.2452,45.48,150
330,"<*> ""POST <*>HTTP<*>status: <*> len: <*> time: <*>.<*>",exact,"<*> ""POST <*>HTTP<*>status: HTTP<*> len: <*> time: <*>",1.0,"<*> ""GET <*>HTTP<*>status: HTTP<*> len: <*> time: <*>",0.8917,"<*> ""DELETE <*>HTTP<*>status: HTTP<*> len: <*> time: <*>",0.8163,45.88,150
331,"<*> ""POST <*>HTTP<*>status: <*> len: <*> time: <*>.<*>",exact,"<*> ""POST <*>HTTP<*>status: HTTP<*> len: <*> time: <*>",1.0,"<*> ""GET <*>HTTP<*>status: HTTP<*> len: <*> time: <*>",0.8917,"<*> ""DELETE <*>HTTP<*>status: HTTP<*> len: <*> time: <*>",0.8163,45.91,150
332,"<*> ""GET <*>HTTP<*>status: <*> len: <*> time: <*>.<*>",exact,"<*> ""GET <*>HTTP<*>status: HTTP<*> len: <*> time: <*>",1.0,"<*> ""POST <*>HTTP<*>status: HTTP<*> len: <*> time: <*>",0.8917,"<*> ""DELETE <*>HTTP<*>status: HTTP<*> len: <*> time: <*>",0.7937,45.7,150
333,"[instance: <*>e<*>a-<*>fe<*>-<*>-<*>b<*>-<*>ac<*>e<*>] Attempting claim: memory <*> MB, disk <*> GB, vcpus <*> CPU",partial,"[instance: <*> Attempting claim: memory <*> MB, disk <*> GB, vcpus <*> CPU",0.944,"[instance: faf<*> Attempting claim: memory <*> MB, disk <*> GB, vcpus <*> CPU",0.8951,"[instance: fecdd<*>a<*>-<*>ca<*>-<*>c<*>-<*>-<*>b<*>f<*>e] Attempting claim: memory <*> MB, disk <*> GB, vcpus <*> CPU",0.8687,48.22,150
334,"[instance: <*>e<*>a-<*>fe<*>-<*>-<*>b<*>-<*>ac<*>e<*>] Total memory: <*> MB, used: <*>.<*> MB",partial,"[instance: faf<*> Total memory: <*> MB, used: <*> MB",0.9444,"[instance: <*> Total memory: <*> MB, used: <*> MB",0.9249,"[instance: <*>e<*>a-<*>fe<*>-<*>-<*>b<*>-<*>ac<*>e<*>] memory limit: <*> MB, free: <*> MB",0.8573,48.3,150
335,"[instance: <*>e<*>a-<*>fe<*>-<*>-<*>b<*>-<*>ac<*>e<*>] memory limit: <*>.<*> MB, free: <*>.<*> MB",exact,"[instance: <*>e<*>a-<*>fe<*>-<*>-<*>b<*>-<*>ac<*>e<*>] memory limit: <*> MB, free: <*> MB",1.0,"[instance: <*> memory limit: <*> MB, free: <*> MB",0.9168,"[instance: faf<*> memory limit: <*> MB, free: <*> MB",0.8889,48.44,150
336,"[instance: <*>e<*>a-<*>fe<*>-<*>-<*>b<*>-<*>ac<*>e<*>] Total disk: <*> GB, used: <*>.<*> GB",partial,"[instance: <*> Total disk: <*> GB, used: <*> GB",0.9417,"[instance: b<*>ef<*>-ba<*>d-<*>ae-bf<*>a-<*>cba<*>a<*>] Total disk: <*> GB, used: <*> GB",0.8578,"[instance: faf<*> Total memory: <*> MB, used: <*> MB",0.7495,48.11,150
337,"[instance: <*>e<*>a-<*>fe<*>-<*>-<*>b<*>-<*>ac<*>e<*>] disk limit not specified, defaulting to unlimited",exact,"[instance: <*>e<*>a-<*>fe<*>-<*>-<*>b<*>-<*>ac<*>e<*>] disk limit not specified, defaulting to unlimited",1.0,"[instance: <*> disk limit not specified, defaulting to unlimited",0.9106,"[instance: faf<*> disk limit not specified, defaulting to unlimited",0.8675,47.58,150
338,"[instance: <*>e<*>a-<*>fe<*>-<*>-<*>b<*>-<*>ac<*>e<*>] Total vcpu: <*> VCPU, used: <*>.<*> VCPU",partial,"[instance: <*> Total vcpu: <*> VCPU, used: <*> VCPU",0.9433,"[instance: faf<*> Total vcpu: <*> VCPU, used: <*> VCPU",0.8753,"[instance: fecdd<*>a<*>-<*>ca<*>-<*>c<*>-<*>-<*>b<*>f<*>e] Total vcpu: <*> VCPU, used: <*> VCPU",0.8709,48.26,150
339,"[instance: <*>e<*>a-<*>fe<*>-<*>-<*>b<*>-<*>ac<*>e<*>] vcpu limit not specified, defaulting to unlimited",partial,"[instance: faf<*> vcpu limit not specified, defaulting to unlimited",0.9394,"[instance: <*> vcpu limit not specified, defaulting to unlimited",0.9232,"[instance: <*>dc<*>-<*>-<*>cc-<*>e-<*>b<*>c<*>dcf] vcpu limit not specified, defaulting to unlimited",0.8743,47.48,150
340,[instance: <*>e<*>a-<*>fe<*>-<*>-<*>b<*>-<*>ac<*>e<*>] Claim successful,exact,[instance: <*>e<*>a-<*>fe<*>-<*>-<*>b<*>-<*>ac<*>e<*>] Claim successful,1.0,[instance: <*> Claim successful,0.8991,[instance: <*>ea<*>-cbf<*>-<*>f<*>e-<*>fe-<*>fd<*>f<*>] Claim successful,0.8658,46.79,150
341,"<*> ""GET <*>HTTP<*>status: <*> len: <*> time: <*>.<*>",exact,"<*> ""GET <*>HTTP<*>status: HTTP<*> len: <*> time: <*>",1.0,"<*> ""POST <*>HTTP<*>status: HTTP<*> len: <*> time: <*>",0.8917,"<*> ""DELETE <*>HTTP<*>status: HTTP<*> len: <*> time: <*>",0.7937,46.46,150
342,"<*> ""GET <*>HTTP<*>status: <*> len: <*> time: <*>.<*>",exact,"<*> ""GET <*>HTTP<*>status: HTTP<*> len: <*> time: <*>",1.0,"<*> ""POST <*>HTTP<*>status: HTTP<*> len: <*> time: <*>",0.8917,"<*> ""DELETE <*>HTTP<*>status: HTTP<*> len: <*> time: <*>",0.7937,46.14,150
343,[instance: <*>e<*>a-<*>fe<*>-<*>-<*>b<*>-<*>ac<*>e<*>] Creating image,partial,[instance: <*> Creating image,0.978,[instance: faf<*> Creating image,0.8394,[instance: c<*>f<*>f<*>-<*>c-<*>ea<*>-b<*>e<*>-<*>edfcfbf] Creating image,0.8164,46.47,150
344,"<*> ""GET <*>HTTP<*>status: <*> len: <*> time: <*>.<*>",exact,"<*> ""GET <*>HTTP<*>status: HTTP<*> len: <*> time: <*>",1.0,"<*> ""POST <*>HTTP<*>status: HTTP<*> len: <*> time: <*>",0.8917,"<*> ""DELETE <*>HTTP<*>status: HTTP<*> len: <*> time: <*>",0.7937,45.91,150
345,"<*> ""GET <*>HTTP<*>status: <*> len: <*> time: <*>.<*>",exact,"<*> ""GET <*>HTTP<*>status: HTTP<*> len: <*> time: <*>",1.0,"<*> ""POST <*>HTTP<*>status: HTTP<*> len: <*> time: <*>",0.8917,"<*> ""DELETE <*>HTTP<*>status: HTTP<*> len: <*> time: <*>",0.7937,45.68,150
346,[instance: d<*>b<*>bd<*>-<*>-<*>-<*>-fffdd<*>ea<*>e] VM Stopped (Lifecycle Event),partial,[instance: d<*>b<*>bd<*>-<*>-<*>-<*>-fffdd<*>ea<*>e] VM <*> (Lifecycle Event),0.9797,[instance: <*> VM Stopped (Lifecycle Event),0.9102,[instance: <*> VM <*> (Lifecycle Event),0.8816,47.52,150
347,"<*> ""GET <*>HTTP<*>status: <*> len: <*> time: <*>.<*>",exact,"<*> ""GET <*>HTTP<*>status: HTTP<*> len: <*> time: <*>",1.0,"<*> ""POST <*>HTTP<*>status: HTTP<*> len: <*> time: <*>",0.8917,"<*> ""DELETE <*>HTTP<*>status: HTTP<*> len: <*> time: <*>",0.7937,46.36,150
348,"<*> ""GET <*>HTTP<*>status: <*> len: <*> time: <*>.<*>",exact,"<*> ""GET <*>HTTP<*>status: HTTP<*> len: <*> time: <*>",1.0,"<*> ""POST <*>HTTP<*>status: HTTP<*> len: <*> time: <*>",0.8917,"<*> ""DELETE <*>HTTP<*>status: HTTP<*> len: <*> time: <*>",0.7937,45.9,150
349,"<*> ""GET <*>HTTP<*>status: <*> len: <*> time: <*>.<*>",exact,"<*> ""GET <*>HTTP<*>status: HTTP<*> len: <*> time: <*>",1.0,"<*> ""POST <*>HTTP<*>status: HTTP<*> len: <*> time: <*>",0.8917,"<*> ""DELETE <*>HTTP<*>status: HTTP<*> len: <*> time: <*>",0.7937,46.01,150
350,"<*> ""GET <*>HTTP<*>status: <*> len: <*> time: <*>.<*>",exact,"<*> ""GET <*>HTTP<*>status: HTTP<*> len: <*> time: <*>",1.0,"<*> ""POST <*>HTTP<*>status: HTTP<*> len: <*> time: <*>",0.8917,"<*> ""DELETE <*>HTTP<*>status: HTTP<*> len: <*> time: <*>",0.7937,45.84,150
351,"<*> ""GET <*>HTTP<*>status: <*> len: <*> time: <*>.<*>",exact,"<*> ""GET <*>HTTP<*>status: HTTP<*> len: <*> time: <*>",1.0,"<*> ""POST <*>HTTP<*>status: HTTP<*> len: <*> time: <*>",0.8917,"<*> ""DELETE <*>HTTP<*>status: HTTP<*> len: <*> time: <*>",0.7937,45.62,150
352,"<*> ""GET <*>HTTP<*>status: <*> len: <*> time: <*>.<*>",exact,"<*> ""GET <*>HTTP<*>status: HTTP<*> len: <*> time: <*>",1.0,"<*> ""POST <*>HTTP<*>status: HTTP<*> len: <*> time: <*>",0.8917,"<*> ""DELETE <*>HTTP<*>status: HTTP<*> len: <*> time: <*>",0.7937,45.91,150
353,"<*> ""GET <*>HTTP<*>status: <*> len: <*> time: <*>.<*>",exact,"<*> ""GET <*>HTTP<*>status: HTTP<*> len: <*> time: <*>",1.0,"<*> ""POST <*>HTTP<*>status: HTTP<*> len: <*> time: <*>",0.8917,"<*> ""DELETE <*>HTTP<*>status: HTTP<*> len: <*> time: <*>",0.7937,45.75,150
354,"<*> ""GET <*>HTTP<*>status: <*> len: <*> time: <*>.<*>",exact,"<*> ""GET <*>HTTP<*>status: HTTP<*> len: <*> time: <*>",1.0,"<*> ""POST <*>HTTP<*>status: HTTP<*> len: <*> time: <*>",0.8917,"<*> ""DELETE <*>HTTP<*>status: HTTP<*> len: <*> time: <*>",0.7937,46.41,150
355,"<*> ""GET <*>HTTP<*>status: <*> len: <*> time: <*>.<*>",exact,"<*> ""GET <*>HTTP<*>status: HTTP<*> len: <*> time: <*>",1.0,"<*> ""POST <*>HTTP<*>status: HTTP<*> len: <*> time: <*>",0.8917,"<*> ""DELETE <*>HTTP<*>status: HTTP<*> len: <*> time: <*>",0.7937,46.04,150
356,"<*> ""GET <*>HTTP<*>status: <*> len: <*> time: <*>.<*>",exact,"<*> ""GET <*>HTTP<*>status: HTTP<*> len: <*> time: <*>",1.0,"<*> ""POST <*>HTTP<*>status: HTTP<*> len: <*> time: <*>",0.8917,"<*> ""DELETE <*>HTTP<*>status: HTTP<*> len: <*> time: <*>",0.7937,45.74,150
357,"<*> ""GET <*>HTTP<*>status: <*> len: <*> time: <*>.<*>",exact,"<*> ""GET <*>HTTP<*>status: HTTP<*> len: <*> time: <*>",1.0,"<*> ""POST <*>HTTP<*>status: HTTP<*> len: <*> time: <*>",0.8917,"<*> ""DELETE <*>HTTP<*>status: HTTP<*> len: <*> time: <*>",0.7937,45.92,150
358,"<*> ""GET <*>HTTP<*>status: <*> len: <*> time: <*>.<*>",exact,"<*> ""GET <*>HTTP<*>status: HTTP<*> len: <*> time: <*>",1.0,"<*> ""POST <*>HTTP<*>status: HTTP<*> len: <*> time: <*>",0.8917,"<*> ""DELETE <*>HTTP<*>status: HTTP<*> len: <*> time: <*>",0.7937,45.76,150
359,"<*> ""GET <*>HTTP<*>status: <*> len: <*> time: <*>.<*>",exact,"<*> ""GET <*>HTTP<*>status: HTTP<*> len: <*> time: <*>",1.0,"<*> ""POST <*>HTTP<*>status: HTTP<*> len: <*> time: <*>",0.8917,"<*> ""DELETE <*>HTTP<*>status: HTTP<*> len: <*> time: <*>",0.7937,45.72,150
360,"<*> ""GET <*>HTTP<*>status: <*> len: <*> time: <*>.<*>",exact,"<*> ""GET <*>HTTP<*>status: HTTP<*> len: <*> time: <*>",1.0,"<*> ""POST <*>HTTP<*>status: HTTP<*> len: <*> time: <*>",0.8917,"<*> ""DELETE <*>HTTP<*>status: HTTP<*> len: <*> time: <*>",0.7937,45.76,150
361,[instance: <*>e<*>a-<*>fe<*>-<*>-<*>b<*>-<*>ac<*>e<*>] VM Started (Lifecycle Event),partial,[instance: <*> VM <*> (Lifecycle Event),0.9705,[instance: <*> VM Stopped (Lifecycle Event),0.8882,[instance: <*> VM Resumed (Lifecycle Event),0.8752,47.68,150
362,The instance sync for host 'cp-<*>.slowvm<*>.tcloud-pg<*>.utah.cloudlab.us' did not match. Re-created its InstanceList.,exact,The instance sync for host 'cp-<*>.slowvm<*>.tcloud-pg<*>.utah.cloudlab.us' did not match. Re-created its InstanceList.,1.0,Successfully synced instances from host 'cp-<*>.slowvm<*>.tcloud-pg<*>.utah.cloudlab.us'.,0.9241,Compute_service record updated for cp-<*>.slowvm<*>.tcloud-pg<*>.utah.cloudlab.us:cp-<*>.slowvm<*>.tcloud-pg<*>.utah.cloudlab.us,0.763,47.07,150
363,[instance: <*>e<*>a-<*>fe<*>-<*>-<*>b<*>-<*>ac<*>e<*>] VM Paused (Lifecycle Event),partial,[instance: <*> VM Paused (Lifecycle Event),0.957,[instance: <*> VM <*> (Lifecycle Event),0.9123,[instance: <*> VM Stopped (Lifecycle Event),0.8698,47.92,150
364,"<*> ""GET <*>HTTP<*>status: <*> len: <*> time: <*>.<*>",exact,"<*> ""GET <*>HTTP<*>status: HTTP<*> len: <*> time: <*>",1.0,"<*> ""POST <*>HTTP<*>status: HTTP<*> len: <*> time: <*>",0.8917,"<*> ""DELETE <*>HTTP<*>status: HTTP<*> len: <*> time: <*>",0.7937,46.63,150
365,[instance: <*>e<*>a-<*>fe<*>-<*>-<*>b<*>-<*>ac<*>e<*>] During sync_power_state the instance has a pending task (spawning). Skip.,partial,[instance: <*> During sync_power_state the instance has a pending task (spawning). Skip.,0.969,[instance: fecdd<*>a<*>-<*>ca<*>-<*>c<*>-<*>-<*>b<*>f<*>e] During sync_power_state the instance has a pending task (spawning). Skip.,0.8886,"While synchronizing instance power states, found <*> instances in the database and <*> instances on the hypervisor.",0.6086,48.2,150
366,"<*> ""GET <*>HTTP<*>status: <*> len: <*> time: <*>.<*>",exact,"<*> ""GET <*>HTTP<*>status: HTTP<*> len: <*> time: <*>",1.0,"<*> ""POST <*>HTTP<*>status: HTTP<*> len: <*> time: <*>",0.8917,"<*> ""DELETE <*>HTTP<*>status: HTTP<*> len: <*> time: <*>",0.7937,46.3,150
367,image <*>dd<*>-<*>c<*>-<*>fbb-<*>c<*>-<*>fbe<*>b<*> at (<*>checking,exact,image <*> at (<*>checking,1.0,[instance: fecdd<*>a<*>-<*>ca<*>-<*>c<*>-<*>-<*>b<*>f<*>e] Creating image,0.7025,[instance: faf<*> Creating image,0.6638,47.36,150
368,"image <*>dd<*>-<*>c<*>-<*>fbb-<*>c<*>-<*>fbe<*>b<*> at (<*>in use: on this node <*> local, <*> on other nodes sharing this instance storage",exact,"image <*> at (<*>in use: on this node node<*> local, local<*> on other nodes sharing this instance storage",1.0,image <*> at (<*>checking,0.6627,[instance: d<*>b<*>bd<*>-<*>-<*>-<*>-fffdd<*>ea<*>e] Creating image,0.5005,47.82,150
369,Active base files: /var/lib/nova/instances/_base/a<*>c<*>f<*>c<*>da<*>b<*>c<*>bb<*>ac<*>e<*>,exact,Active base files: /var/lib/nova/instances/_base/a<*>c<*>f<*>c<*>da<*>b<*>c<*>bb<*>ac<*>e<*>,1.0,Removable base files: /var/lib/nova/instances/_base/a<*>c<*>f<*>c<*>da<*>b<*>c<*>bb<*>ac<*>e<*>,0.871,Unknown base file: /var/lib/nova/instances/_base/a<*>c<*>f<*>c<*>da<*>b<*>c<*>bb<*>ac<*>e<*>,0.84,47.84,150
370,"<*> ""GET <*>HTTP<*>status: <*> len: <*> time: <*>.<*>",exact,"<*> ""GET <*>HTTP<*>status: HTTP<*> len: <*> time: <*>",1.0,"<*> ""POST <*>HTTP<*>status: HTTP<*> len: <*> time: <*>",0.8917,"<*> ""DELETE <*>HTTP<*>status: HTTP<*> len: <*> time: <*>",0.7937,46.19,150
371,"<*> ""GET <*>HTTP<*>status: <*> len: <*> time: <*>.<*>",exact,"<*> ""GET <*>HTTP<*>status: HTTP<*> len: <*> time: <*>",1.0,"<*> ""POST <*>HTTP<*>status: HTTP<*> len: <*> time: <*>",0.8917,"<*> ""DELETE <*>HTTP<*>status: HTTP<*> len: <*> time: <*>",0.7937,46.04,150
372,"<*> ""GET <*>HTTP<*>status: <*> len: <*> time: <*>.<*>",exact,"<*> ""GET <*>HTTP<*>status: HTTP<*> len: <*> time: <*>",1.0,"<*> ""POST <*>HTTP<*>status: HTTP<*> len: <*> time: <*>",0.8917,"<*> ""DELETE <*>HTTP<*>status: HTTP<*> len: <*> time: <*>",0.7937,46.12,150
373,"<*> ""GET <*>HTTP<*>status: <*> len: <*> time: <*>.<*>",exact,"<*> ""GET <*>HTTP<*>status: HTTP<*> len: <*> time: <*>",1.0,"<*> ""POST <*>HTTP<*>status: HTTP<*> len: <*> time: <*>",0.8917,"<*> ""DELETE <*>HTTP<*>status: HTTP<*> len: <*> time: <*>",0.7937,46.05,150
374,"<*> ""GET <*>HTTP<*>status: <*> len: <*> time: <*>.<*>",exact,"<*> ""GET <*>HTTP<*>status: HTTP<*> len: <*> time: <*>",1.0,"<*> ""POST <*>HTTP<*>status: HTTP<*> len: <*> time: <*>",0.8917,"<*> ""DELETE <*>HTTP<*>status: HTTP<*> len: <*> time: <*>",0.7937,45.9,150
375,"<*> ""GET <*>HTTP<*>status: <*> len: <*> time: <*>.<*>",exact,"<*> ""GET <*>HTTP<*>status: HTTP<*> len: <*> time: <*>",1.0,"<*> ""POST <*>HTTP<*>status: HTTP<*> len: <*> time: <*>",0.8917,"<*> ""DELETE <*>HTTP<*>status: HTTP<*> len: <*> time: <*>",0.7937,45.68,150
376,image <*>dd<*>-<*>c<*>-<*>fbb-<*>c<*>-<*>fbe<*>b<*> at (<*>checking,exact,image <*> at (<*>checking,1.0,[instance: fecdd<*>a<*>-<*>ca<*>-<*>c<*>-<*>-<*>b<*>f<*>e] Creating image,0.7025,[instance: faf<*> Creating image,0.6638,47.75,150
377,"image <*>dd<*>-<*>c<*>-<*>fbb-<*>c<*>-<*>fbe<*>b<*> at (<*>in use: on this node <*> local, <*> on other nodes sharing this instance storage",exact,"image <*> at (<*>in use: on this node node<*> local, local<*> on other nodes sharing this instance storage",1.0,image <*> at (<*>checking,0.6627,[instance: d<*>b<*>bd<*>-<*>-<*>-<*>-fffdd<*>ea<*>e] Creating image,0.5005,48.65,150
378,Active base files: /var/lib/nova/instances/_base/a<*>c<*>f<*>c<*>da<*>b<*>c<*>bb<*>ac<*>e<*>,exact,Active base files: /var/lib/nova/instances/_base/a<*>c<*>f<*>c<*>da<*>b<*>c<*>bb<*>ac<*>e<*>,1.0,Removable base files: /var/lib/nova/instances/_base/a<*>c<*>f<*>c<*>da<*>b<*>c<*>bb<*>ac<*>e<*>,0.871,Unknown base file: /var/lib/nova/instances/_base/a<*>c<*>f<*>c<*>da<*>b<*>c<*>bb<*>ac<*>e<*>,0.84,47.81,150
379,"<*> ""GET <*>HTTP<*>status: <*> len: <*> time: <*>.<*>",exact,"<*> ""GET <*>HTTP<*>status: HTTP<*> len: <*> time: <*>",1.0,"<*> ""POST <*>HTTP<*>status: HTTP<*> len: <*> time: <*>",0.8917,"<*> ""DELETE <*>HTTP<*>status: HTTP<*> len: <*> time: <*>",0.7937,46.39,150
380,"<*> ""GET <*>HTTP<*>status: <*> len: <*> time: <*>.<*>",exact,"<*> ""GET <*>HTTP<*>status: HTTP<*> len: <*> time: <*>",1.0,"<*> ""POST <*>HTTP<*>status: HTTP<*> len: <*> time: <*>",0.8917,"<*> ""DELETE <*>HTTP<*>status: HTTP<*> len: <*> time: <*>",0.7937,46.29,150
381,Creating event network-vif-plugged:b<*>f<*>d-d<*>bd-<*>-b<*>f-<*>e<*>fe<*>c<*>c for instance <*>e<*>a-<*>fe<*>-<*>-<*>b<*>-<*>ac<*>e<*>,partial,Creating event network<*> for instance <*>,0.9818,[instance: c<*>f<*>f<*>-<*>c-<*>ea<*>-b<*>e<*>-<*>edfcfbf] VM <*> (Lifecycle Event),0.4953,[instance: <*>a<*>d<*>-<*>b<*>-<*>c<*>-b<*>-<*>a<*>cadf] VM <*> (Lifecycle Event),0.4633,50.35,150
382,"<*> ""POST <*>HTTP<*>status: <*> len: <*> time: <*>.<*>",exact,"<*> ""POST <*>HTTP<*>status: HTTP<*> len: <*> time: <*>",1.0,"<*> ""GET <*>HTTP<*>status: HTTP<*> len: <*> time: <*>",0.8917,"<*> ""DELETE <*>HTTP<*>status: HTTP<*> len: <*> time: <*>",0.8163,45.98,150
383,[instance: <*>e<*>a-<*>fe<*>-<*>-<*>b<*>-<*>ac<*>e<*>] VM Resumed (Lifecycle Event),partial,[instance: <*> VM Resumed (Lifecycle Event),0.9556,[instance: <*> VM <*> (Lifecycle Event),0.9337,[instance: <*> VM Paused (Lifecycle Event),0.8745,47.75,150
384,[instance: <*>e<*>a-<*>fe<*>-<*>-<*>b<*>-<*>ac<*>e<*>] Instance spawned successfully.,exact,[instance: <*>e<*>a-<*>fe<*>-<*>-<*>b<*>-<*>ac<*>e<*>] Instance spawned successfully.,1.0,[instance: <*> Instance spawned successfully.,0.9104,[instance: faf<*> Instance spawned successfully.,0.8759,47.95,150
385,[instance: <*>e<*>a-<*>fe<*>-<*>-<*>b<*>-<*>ac<*>e<*>] Took <*>.<*> seconds to spawn the instance on the hypervisor.,partial,[instance: <*> Took <*> seconds to spawn the instance on the hypervisor.,0.9525,[instance: b<*>-fe<*>a-<*>b-b<*>cc-<*>e<*>b<*>cd<*>d] Took <*> seconds to <*> the instance on the hypervisor.,0.8712,[instance: <*> Took <*> seconds to destroy the instance on the hypervisor.,0.8657,48.61,150
386,[instance: <*>e<*>a-<*>fe<*>-<*>-<*>b<*>-<*>ac<*>e<*>] During sync_power_state the instance has a pending task (spawning). Skip.,partial,[instance: <*> During sync_power_state the instance has a pending task (spawning). Skip.,0.9705,[instance: fecdd<*>a<*>-<*>ca<*>-<*>c<*>-<*>-<*>b<*>f<*>e] During sync_power_state the instance has a pending task (spawning). Skip.,0.8886,"While synchronizing instance power states, found <*> instances in the database and <*> instances on the hypervisor.",0.6086,48.15,150
387,[instance: <*>e<*>a-<*>fe<*>-<*>-<*>b<*>-<*>ac<*>e<*>] VM Resumed (Lifecycle Event),partial,[instance: <*> VM Resumed (Lifecycle Event),0.9585,[instance: <*> VM <*> (Lifecycle Event),0.9337,[instance: <*> VM Paused (Lifecycle Event),0.8745,47.78,150
388,[instance: <*>e<*>a-<*>fe<*>-<*>-<*>b<*>-<*>ac<*>e<*>] Took <*>.<*> seconds to build instance.,partial,[instance: <*> Took <*> seconds to build instance.,0.9102,[instance: b<*>-fe<*>a-<*>b-b<*>cc-<*>e<*>b<*>cd<*>d] Took <*> seconds to build instance.,0.8502,[instance: faf<*> Took <*> seconds to build instance.,0.8387,47.96,150
389,"<*> ""GET <*>HTTP<*>status: <*> len: <*> time: <*>.<*>",exact,"<*> ""GET <*>HTTP<*>status: HTTP<*> len: <*> time: <*>",1.0,"<*> ""POST <*>HTTP<*>status: HTTP<*> len: <*> time: <*>",0.8917,"<*> ""DELETE <*>HTTP<*>status: HTTP<*> len: <*> time: <*>",0.7937,46.27,150
390,"<*> ""GET <*>HTTP<*>status: <*> len: <*> time: <*>.<*>",exact,"<*> ""GET <*>HTTP<*>status: HTTP<*> len: <*> time: <*>",1.0,"<*> ""POST <*>HTTP<*>status: HTTP<*> len: <*> time: <*>",0.8917,"<*> ""DELETE <*>HTTP<*>status: HTTP<*> len: <*> time: <*>",0.7937,46.01,150
391,image <*>dd<*>-<*>c<*>-<*>fbb-<*>c<*>-<*>fbe<*>b<*> at (<*>checking,exact,image <*> at (<*>checking,1.0,[instance: fecdd<*>a<*>-<*>ca<*>-<*>c<*>-<*>-<*>b<*>f<*>e] Creating image,0.7025,[instance: faf<*> Creating image,0.6638,47.37,150
392,"image <*>dd<*>-<*>c<*>-<*>fbb-<*>c<*>-<*>fbe<*>b<*> at (<*>in use: on this node <*> local, <*> on other nodes sharing this instance storage",exact,"image <*> at (<*>in use: on this node node<*> local, local<*> on other nodes sharing this instance storage",1.0,image <*> at (<*>checking,0.6627,[instance: d<*>b<*>bd<*>-<*>-<*>-<*>-fffdd<*>ea<*>e] Creating image,0.5005,49.2,150
393,Active base files: /var/lib/nova/instances/_base/a<*>c<*>f<*>c<*>da<*>b<*>c<*>bb<*>ac<*>e<*>,exact,Active base files: /var/lib/nova/instances/_base/a<*>c<*>f<*>c<*>da<*>b<*>c<*>bb<*>ac<*>e<*>,1.0,Removable base files: /var/lib/nova/instances/_base/a<*>c<*>f<*>c<*>da<*>b<*>c<*>bb<*>ac<*>e<*>,0.871,Unknown base file: /var/lib/nova/instances/_base/a<*>c<*>f<*>c<*>da<*>b<*>c<*>bb<*>ac<*>e<*>,0.84,48.05,150
394,"<*> ""GET <*>HTTP<*>status: <*> len: <*> time: <*>.<*>",exact,"<*> ""GET <*>HTTP<*>status: HTTP<*> len: <*> time: <*>",1.0,"<*> ""POST <*>HTTP<*>status: HTTP<*> len: <*> time: <*>",0.8917,"<*> ""DELETE <*>HTTP<*>status: HTTP<*> len: <*> time: <*>",0.7937,47.22,150
395,"<*> ""GET <*>HTTP<*>status: <*> len: <*> time: <*>.<*>",exact,"<*> ""GET <*>HTTP<*>status: HTTP<*> len: <*> time: <*>",1.0,"<*> ""POST <*>HTTP<*>status: HTTP<*> len: <*> time: <*>",0.8917,"<*> ""DELETE <*>HTTP<*>status: HTTP<*> len: <*> time: <*>",0.7937,45.83,150
396,"<*> ""GET <*>HTTP<*>status: <*> len: <*> time: <*>.<*>",exact,"<*> ""GET <*>HTTP<*>status: HTTP<*> len: <*> time: <*>",1.0,"<*> ""POST <*>HTTP<*>status: HTTP<*> len: <*> time: <*>",0.8917,"<*> ""DELETE <*>HTTP<*>status: HTTP<*> len: <*> time: <*>",0.7937,45.93,150
397,"<*> ""GET <*>HTTP<*>status: <*> len: <*> time: <*>.<*>",exact,"<*> ""GET <*>HTTP<*>status: HTTP<*> len: <*> time: <*>",1.0,"<*> ""POST <*>HTTP<*>status: HTTP<*> len: <*> time: <*>",0.8917,"<*> ""DELETE <*>HTTP<*>status: HTTP<*> len: <*> time: <*>",0.7937,46.26,150
398,"<*> ""GET <*>HTTP<*>status: <*> len: <*> time: <*>.<*>",exact,"<*> ""GET <*>HTTP<*>status: HTTP<*> len: <*> time: <*>",1.0,"<*> ""POST <*>HTTP<*>status: HTTP<*> len: <*> time: <*>",0.8917,"<*> ""DELETE <*>HTTP<*>status: HTTP<*> len: <*> time: <*>",0.7937,46.48,150
399,"<*> ""GET <*>HTTP<*>status: <*> len: <*> time: <*>.<*>",exact,"<*> ""GET <*>HTTP<*>status: HTTP<*> len: <*> time: <*>",1.0,"<*> ""POST <*>HTTP<*>status: HTTP<*> len: <*> time: <*>",0.8917,"<*> ""DELETE <*>HTTP<*>status: HTTP<*> len: <*> time: <*>",0.7937,45.87,150
400,"<*> ""GET <*>HTTP<*>status: <*> len: <*> time: <*>.<*>",exact,"<*> ""GET <*>HTTP<*>status: HTTP<*> len: <*> time: <*>",1.0,"<*> ""POST <*>HTTP<*>status: HTTP<*> len: <*> time: <*>",0.8917,"<*> ""DELETE <*>HTTP<*>status: HTTP<*> len: <*> time: <*>",0.7937,45.78,150
401,"<*> ""GET <*>HTTP<*>status: <*> len: <*> time: <*>.<*>",exact,"<*> ""GET <*>HTTP<*>status: HTTP<*> len: <*> time: <*>",1.0,"<*> ""POST <*>HTTP<*>status: HTTP<*> len: <*> time: <*>",0.8917,"<*> ""DELETE <*>HTTP<*>status: HTTP<*> len: <*> time: <*>",0.7937,45.56,150
402,"<*> ""DELETE <*>HTTP<*>status: <*> len: <*> time: <*>.<*>",exact,"<*> ""DELETE <*>HTTP<*>status: HTTP<*> len: <*> time: <*>",1.0,"<*> ""POST <*>HTTP<*>status: HTTP<*> len: <*> time: <*>",0.8163,"<*> ""GET <*>HTTP<*>status: HTTP<*> len: <*> time: <*>",0.7937,47.12,150
403,[instance: <*>e<*>a-<*>fe<*>-<*>-<*>b<*>-<*>ac<*>e<*>] Terminating instance,exact,[instance: <*>e<*>a-<*>fe<*>-<*>-<*>b<*>-<*>ac<*>e<*>] Terminating instance,1.0,[instance: <*> Terminating instance,0.9036,[instance: faf<*> Terminating instance,0.8717,46.2,150
404,"<*> ""GET <*>HTTP<*>status: <*> len: <*> time: <*>.<*>",exact,"<*> ""GET <*>HTTP<*>status: HTTP<*> len: <*> time: <*>",1.0,"<*> ""POST <*>HTTP<*>status: HTTP<*> len: <*> time: <*>",0.8917,"<*> ""DELETE <*>HTTP<*>status: HTTP<*> len: <*> time: <*>",0.7937,45.62,150
405,[instance: <*>e<*>a-<*>fe<*>-<*>-<*>b<*>-<*>ac<*>e<*>] Instance destroyed successfully.,partial,[instance: <*> Instance destroyed successfully.,0.969,[instance: b<*>-fe<*>a-<*>b-b<*>cc-<*>e<*>b<*>cd<*>d] Instance destroyed successfully.,0.8513,[instance: faf<*> Instance destroyed successfully.,0.8504,47.4,150
406,"<*> ""GET <*>HTTP<*>status: <*> len: <*> time: <*>.<*>",exact,"<*> ""GET <*>HTTP<*>status: HTTP<*> len: <*> time: <*>",1.0,"<*> ""POST <*>HTTP<*>status: HTTP<*> len: <*> time: <*>",0.8917,"<*> ""DELETE <*>HTTP<*>status: HTTP<*> len: <*> time: <*>",0.7937,46.1,150
407,[instance: <*>e<*>a-<*>fe<*>-<*>-<*>b<*>-<*>ac<*>e<*>] Deleting instance files /var/lib/nova/instances/<*>e<*>a-<*>fe<*>-<*>-<*>b<*>-<*>ac<*>e<*>_del,partial,[instance: <*> Deleting instance files <*>,0.9749,[instance: fecdd<*>a<*>-<*>ca<*>-<*>c<*>-<*>-<*>b<*>f<*>e] Deleting instance files /var/lib/nova/instances/fecdd<*>a<*>-<*>ca<*>-<*>c<*>-<*>-<*>b<*>f<*>e_del,0.8992,Removing base or swap file: /var/lib/nova/instances/_base/a<*>c<*>f<*>c<*>da<*>b<*>c<*>bb<*>ac<*>e<*>,0.7807,50.51,150
408,[instance: <*>e<*>a-<*>fe<*>-<*>-<*>b<*>-<*>ac<*>e<*>] Deletion of <*>complete,partial,[instance: fecdd<*> Deletion of <*>complete,0.9448,[instance: <*> Deletion of <*>complete,0.8941,[instance: b<*>ef<*>-ba<*>d-<*>ae-bf<*>a-<*>cba<*>a<*>] Deletion of <*>complete,0.8439,47.76,150
409,[instance: <*>e<*>a-<*>fe<*>-<*>-<*>b<*>-<*>ac<*>e<*>] Took <*>.<*> seconds to destroy the instance on the hypervisor.,partial,[instance: <*> Took <*> seconds to destroy the instance on the hypervisor.,0.9526,[instance: b<*>-fe<*>a-<*>b-b<*>cc-<*>e<*>b<*>cd<*>d] Took <*> seconds to <*> the instance on the hypervisor.,0.8694,[instance: fecdd<*>a<*>-<*>ca<*>-<*>c<*>-<*>-<*>b<*>f<*>e] Took <*> seconds to <*> the instance on the hypervisor.,0.8584,48.46,150
410,Auditing locally available compute resources for node cp-<*>.slowvm<*>.tcloud-pg<*>.utah.cloudlab.us,exact,Auditing locally available compute resources for node cp-<*>.slowvm<*>.tcloud-pg<*>.utah.cloudlab.us,1.0,Running instance usage audit for host cp-<*>.slowvm<*>.tcloud-pg<*>.utah.cloudlab.us from <*> to <*> <*>:<*>:<*>. <*> instances.,0.8328,Compute_service record updated for cp-<*>.slowvm<*>.tcloud-pg<*>.utah.cloudlab.us:cp-<*>.slowvm<*>.tcloud-pg<*>.utah.cloudlab.us,0.7067,46.71,150
411,"<*> ""GET <*>HTTP<*>status: <*> len: <*> time: <*>.<*>",exact,"<*> ""GET <*>HTTP<*>status: HTTP<*> len: <*> time: <*>",1.0,"<*> ""POST <*>HTTP<*>status: HTTP<*> len: <*> time: <*>",0.8917,"<*> ""DELETE <*>HTTP<*>status: HTTP<*> len: <*> time: <*>",0.7937,45.92,150
412,[instance: <*>e<*>a-<*>fe<*>-<*>-<*>b<*>-<*>ac<*>e<*>] Took <*>.<*> seconds to deallocate network for instance.,partial,[instance: fecdd<*> Took <*> seconds to deallocate network for instance.,0.9433,[instance: <*> Took <*> seconds to deallocate network for instance.,0.8628,[instance: b<*>ef<*>-ba<*>d-<*>ae-bf<*>a-<*>cba<*>a<*>] Took <*> seconds to deallocate network for instance.,0.8468,48.06,150
413,"Total usable vcpus: <*>, total allocated vcpus: <*>",exact,"Total usable vcpus: <*>, total allocated vcpus: <*>",1.0,"[instance: <*> Attempting claim: memory <*> MB, disk <*> GB, vcpus <*> CPU",0.6382,"[instance: <*> Total vcpu: <*> VCPU, used: <*> VCPU",0.6041,45.41,150
414,Final resource view: name=cp-<*>.slowvm<*>.tcloud-pg<*>.utah.cloudlab.us phys_ram=<*>MB used_ram=<*>MB phys_disk=<*>GB used_disk=<*>GB total_vcpus=<*> used_vcpus=<*> pci_stats=[],exact,Final resource view: name=cp-<*>.slowvm<*>.tcloud-pg<*>.utah.cloudlab.us phys_ram=<*>MB used_ram=<*>MB phys_disk=<*>GB used_disk=<*>GB total_vcpus=<*> used_vcpus=<*> pci_stats=[],1.0,The instance sync for host 'cp-<*>.slowvm<*>.tcloud-pg<*>.utah.cloudlab.us' did not match. Re-created its InstanceList.,0.7105,Successfully synced instances from host 'cp-<*>.slowvm<*>.tcloud-pg<*>.utah.cloudlab.us'.,0.7023,49.8,150
415,Compute_service record updated for cp-<*>.slowvm<*>.tcloud-pg<*>.utah.cloudlab.us:cp-<*>.slowvm<*>.tcloud-pg<*>.utah.cloudlab.us,exact,Compute_service record updated for cp-<*>.slowvm<*>.tcloud-pg<*>.utah.cloudlab.us:cp-<*>.slowvm<*>.tcloud-pg<*>.utah.cloudlab.us,1.0,The instance sync for host 'cp-<*>.slowvm<*>.tcloud-pg<*>.utah.cloudlab.us' did not match. Re-created its InstanceList.,0.763,Successfully synced instances from host 'cp-<*>.slowvm<*>.tcloud-pg<*>.utah.cloudlab.us'.,0.7234,48.19,150
416,Unknown base file: /var/lib/nova/instances/_base/a<*>c<*>f<*>c<*>da<*>b<*>c<*>bb<*>ac<*>e<*>,exact,Unknown base file: /var/lib/nova/instances/_base/a<*>c<*>f<*>c<*>da<*>b<*>c<*>bb<*>ac<*>e<*>,1.0,Removing base or swap file: /var/lib/nova/instances/_base/a<*>c<*>f<*>c<*>da<*>b<*>c<*>bb<*>ac<*>e<*>,0.8518,Base or swap file too young to remove: /var/lib/nova/instances/_base/a<*>c<*>f<*>c<*>da<*>b<*>c<*>bb<*>ac<*>e<*>,0.8448,47.8,150
417,Removable base files: /var/lib/nova/instances/_base/a<*>c<*>f<*>c<*>da<*>b<*>c<*>bb<*>ac<*>e<*>,exact,Removable base files: /var/lib/nova/instances/_base/a<*>c<*>f<*>c<*>da<*>b<*>c<*>bb<*>ac<*>e<*>,1.0,Active base files: /var/lib/nova/instances/_base/a<*>c<*>f<*>c<*>da<*>b<*>c<*>bb<*>ac<*>e<*>,0.871,Removing base or swap file: /var/lib/nova/instances/_base/a<*>c<*>f<*>c<*>da<*>b<*>c<*>bb<*>ac<*>e<*>,0.8165,48.09,150
418,Base or swap file too young to remove: /var/lib/nova/instances/_base/a<*>c<*>f<*>c<*>da<*>b<*>c<*>bb<*>ac<*>e<*>,exact,Base or swap file too young to remove: /var/lib/nova/instances/_base/a<*>c<*>f<*>c<*>da<*>b<*>c<*>bb<*>ac<*>e<*>,1.0,Removing base or swap file: /var/lib/nova/instances/_base/a<*>c<*>f<*>c<*>da<*>b<*>c<*>bb<*>ac<*>e<*>,0.969,Unknown base file: /var/lib/nova/instances/_base/a<*>c<*>f<*>c<*>da<*>b<*>c<*>bb<*>ac<*>e<*>,0.8448,48.49,150
419,"<*> ""GET <*>HTTP<*>status: <*> len: <*> time: <*>.<*>",exact,"<*> ""GET <*>HTTP<*>status: HTTP<*> len: <*> time: <*>",1.0,"<*> ""POST <*>HTTP<*>status: HTTP<*> len: <*> time: <*>",0.8917,"<*> ""DELETE <*>HTTP<*>status: HTTP<*> len: <*> time: <*>",0.7937,46.52,150
420,HTTP exception thrown: No instances found for any event,exact,HTTP exception thrown: No instances found for any event,1.0,"<*> ""DELETE <*>HTTP<*>status: HTTP<*> len: <*> time: <*>",0.2495,"<*> ""POST <*>HTTP<*>status: HTTP<*> len: <*> time: <*>",0.2452,45.45,150
421,"<*> ""POST <*>HTTP<*>status: <*> len: <*> time: <*>.<*>",exact,"<*> ""POST <*>HTTP<*>status: HTTP<*> len: <*> time: <*>",1.0,"<*> ""GET <*>HTTP<*>status: HTTP<*> len: <*> time: <*>",0.8917,"<*> ""DELETE <*>HTTP<*>status: HTTP<*> len: <*> time: <*>",0.8163,46.17,150
422,Unknown base file: /var/lib/nova/instances/_base/a<*>c<*>f<*>c<*>da<*>b<*>c<*>bb<*>ac<*>e<*>,exact,Unknown base file: /var/lib/nova/instances/_base/a<*>c<*>f<*>c<*>da<*>b<*>c<*>bb<*>ac<*>e<*>,1.0,Removing base or swap file: /var/lib/nova/instances/_base/a<*>c<*>f<*>c<*>da<*>b<*>c<*>bb<*>ac<*>e<*>,0.8518,Base or swap file too young to remove: /var/lib/nova/instances/_base/a<*>c<*>f<*>c<*>da<*>b<*>c<*>bb<*>ac<*>e<*>,0.8448,47.59,150
423,Removable base files: /var/lib/nova/instances/_base/a<*>c<*>f<*>c<*>da<*>b<*>c<*>bb<*>ac<*>e<*>,exact,Removable base files: /var/lib/nova/instances/_base/a<*>c<*>f<*>c<*>da<*>b<*>c<*>bb<*>ac<*>e<*>,1.0,Active base files: /var/lib/nova/instances/_base/a<*>c<*>f<*>c<*>da<*>b<*>c<*>bb<*>ac<*>e<*>,0.871,Removing base or swap file: /var/lib/nova/instances/_base/a<*>c<*>f<*>c<*>da<*>b<*>c<*>bb<*>ac<*>e<*>,0.8165,47.93,150
424,Removing base or swap file: /var/lib/nova/instances/_base/a<*>c<*>f<*>c<*>da<*>b<*>c<*>bb<*>ac<*>e<*>,exact,Removing base or swap file: /var/lib/nova/instances/_base/a<*>c<*>f<*>c<*>da<*>b<*>c<*>bb<*>ac<*>e<*>,1.0,Base or swap file too young to remove: /var/lib/nova/instances/_base/a<*>c<*>f<*>c<*>da<*>b<*>c<*>bb<*>ac<*>e<*>,0.969,Unknown base file: /var/lib/nova/instances/_base/a<*>c<*>f<*>c<*>da<*>b<*>c<*>bb<*>ac<*>e<*>,0.8518,47.3,150
425,"<*> ""POST <*>HTTP<*>status: <*> len: <*> time: <*>.<*>",exact,"<*> ""POST <*>HTTP<*>status: HTTP<*> len: <*> time: <*>",1.0,"<*> ""GET <*>HTTP<*>status: HTTP<*> len: <*> time: <*>",0.8917,"<*> ""DELETE <*>HTTP<*>status: HTTP<*> len: <*> time: <*>",0.8163,46.12,150
426,"<*> ""GET <*>HTTP<*>status: <*> len: <*> time: <*>.<*>",exact,"<*> ""GET <*>HTTP<*>status: HTTP<*> len: <*> time: <*>",1.0,"<*> ""POST <*>HTTP<*>status: HTTP<*> len: <*> time: <*>",0.8917,"<*> ""DELETE <*>HTTP<*>status: HTTP<*> len: <*> time: <*>",0.7937,45.93,150
427,"[instance: c<*>f<*>f<*>-<*>c-<*>ea<*>-b<*>e<*>-<*>edfcfbf] Attempting claim: memory <*> MB, disk <*> GB, vcpus <*> CPU",partial,"[instance: faf<*> Attempting claim: memory <*> MB, disk <*> GB, vcpus <*> CPU",0.9619,"[instance: <*> Attempting claim: memory <*> MB, disk <*> GB, vcpus <*> CPU",0.8897,"[instance: <*>dc<*>-<*>-<*>cc-<*>e-<*>b<*>c<*>dcf] Attempting claim: memory <*> MB, disk <*> GB, vcpus <*> CPU",0.814,48.32,150
428,"[instance: c<*>f<*>f<*>-<*>c-<*>ea<*>-b<*>e<*>-<*>edfcfbf] Total memory: <*> MB, used: <*>.<*> MB",partial,"[instance: faf<*> Total memory: <*> MB, used: <*> MB",0.9458,"[instance: <*> Total memory: <*> MB, used: <*> MB",0.9024,"[instance: faf<*> memory limit: <*> MB, free: <*> MB",0.8599,47.81,150
429,"[instance: c<*>f<*>f<*>-<*>c-<*>ea<*>-b<*>e<*>-<*>edfcfbf] memory limit: <*>.<*> MB, free: <*>.<*> MB",partial,"[instance: faf<*> memory limit: <*> MB, free: <*> MB",0.9712,"[instance: <*> memory limit: <*> MB, free: <*> MB",0.9033,"[instance: b<*>ef<*>-ba<*>d-<*>ae-bf<*>a-<*>cba<*>a<*>] memory limit: <*> MB, free: <*> MB",0.852,48.49,150
430,"[instance: c<*>f<*>f<*>-<*>c-<*>ea<*>-b<*>e<*>-<*>edfcfbf] Total disk: <*> GB, used: <*>.<*> GB",partial,"[instance: <*> Total disk: <*> GB, used: <*> GB",0.9293,"[instance: b<*>ef<*>-ba<*>d-<*>ae-bf<*>a-<*>cba<*>a<*>] Total disk: <*> GB, used: <*> GB",0.8729,"[instance: faf<*> Total memory: <*> MB, used: <*> MB",0.7927,48.63,150
431,"[instance: c<*>f<*>f<*>-<*>c-<*>ea<*>-b<*>e<*>-<*>edfcfbf] disk limit not specified, defaulting to unlimited",partial,"[instance: faf<*> disk limit not specified, defaulting to unlimited",0.9617,"[instance: d<*>b<*>bd<*>-<*>-<*>-<*>-fffdd<*>ea<*>e] disk limit not specified, defaulting to unlimited",0.8628,"[instance: <*> disk limit not specified, defaulting to unlimited",0.8537,47.71,150
432,"[instance: c<*>f<*>f<*>-<*>c-<*>ea<*>-b<*>e<*>-<*>edfcfbf] Total vcpu: <*> VCPU, used: <*>.<*> VCPU",partial,"[instance: <*> Total vcpu: <*> VCPU, used: <*> VCPU",0.9435,"[instance: faf<*> Total vcpu: <*> VCPU, used: <*> VCPU",0.9202,"[instance: fecdd<*>a<*>-<*>ca<*>-<*>c<*>-<*>-<*>b<*>f<*>e] Total vcpu: <*> VCPU, used: <*> VCPU",0.843,48.29,150
433,"[instance: c<*>f<*>f<*>-<*>c-<*>ea<*>-b<*>e<*>-<*>edfcfbf] vcpu limit not specified, defaulting to unlimited",partial,"[instance: faf<*> vcpu limit not specified, defaulting to unlimited",0.9542,"[instance: <*> vcpu limit not specified, defaulting to unlimited",0.8979,"[instance: b<*>ef<*>-ba<*>d-<*>ae-bf<*>a-<*>cba<*>a<*>] vcpu limit not specified, defaulting to unlimited",0.8558,47.75,150
434,[instance: c<*>f<*>f<*>-<*>c-<*>ea<*>-b<*>e<*>-<*>edfcfbf] Claim successful,exact,[instance: c<*>f<*>f<*>-<*>c-<*>ea<*>-b<*>e<*>-<*>edfcfbf] Claim successful,1.0,[instance: faf<*> Claim successful,0.8506,[instance: <*>ea<*>-cbf<*>-<*>f<*>e-<*>fe-<*>fd<*>f<*>] Claim successful,0.8485,47.48,150
435,"<*> ""GET <*>HTTP<*>status: <*> len: <*> time: <*>.<*>",exact,"<*> ""GET <*>HTTP<*>status: HTTP<*> len: <*> time: <*>",1.0,"<*> ""POST <*>HTTP<*>status: HTTP<*> len: <*> time: <*>",0.8917,"<*> ""DELETE <*>HTTP<*>status: HTTP<*> len: <*> time: <*>",0.7937,46.44,150
436,"<*> ""GET <*>HTTP<*>status: <*> len: <*> time: <*>.<*>",exact,"<*> ""GET <*>HTTP<*>status: HTTP<*> len: <*> time: <*>",1.0,"<*> ""POST <*>HTTP<*>status: HTTP<*> len: <*> time: <*>",0.8917,"<*> ""DELETE <*>HTTP<*>status: HTTP<*> len: <*> time: <*>",0.7937,46.21,150
437,[instance: c<*>f<*>f<*>-<*>c-<*>ea<*>-b<*>e<*>-<*>edfcfbf] Creating image,exact,[instance: c<*>f<*>f<*>-<*>c-<*>ea<*>-b<*>e<*>-<*>edfcfbf] Creating image,1.0,[instance: faf<*> Creating image,0.8901,[instance: d<*>b<*>bd<*>-<*>-<*>-<*>-fffdd<*>ea<*>e] Creating image,0.8774,47.6,150
438,"<*> ""GET <*>HTTP<*>status: <*> len: <*> time: <*>.<*>",exact,"<*> ""GET <*>HTTP<*>status: HTTP<*> len: <*> time: <*>",1.0,"<*> ""POST <*>HTTP<*>status: HTTP<*> len: <*> time: <*>",0.8917,"<*> ""DELETE <*>HTTP<*>status: HTTP<*> len: <*> time: <*>",0.7937,46.28,150
439,"<*> ""GET <*>HTTP<*>status: <*> len: <*> time: <*>.<*>",exact,"<*> ""GET <*>HTTP<*>status: HTTP<*> len: <*> time: <*>",1.0,"<*> ""POST <*>HTTP<*>status: HTTP<*> len: <*> time: <*>",0.8917,"<*> ""DELETE <*>HTTP<*>status: HTTP<*> len: <*> time: <*>",0.7937,45.84,150
440,[instance: <*>e<*>a-<*>fe<*>-<*>-<*>b<*>-<*>ac<*>e<*>] VM Stopped (Lifecycle Event),partial,[instance: <*> VM <*> (Lifecycle Event),0.9702,[instance: <*> VM Stopped (Lifecycle Event),0.9192,[instance: <*> VM Paused (Lifecycle Event),0.8721,47.44,150
441,"<*> ""GET <*>HTTP<*>status: <*> len: <*> time: <*>.<*>",exact,"<*> ""GET <*>HTTP<*>status: HTTP<*> len: <*> time: <*>",1.0,"<*> ""POST <*>HTTP<*>status: HTTP<*> len: <*> time: <*>",0.8917,"<*> ""DELETE <*>HTTP<*>status: HTTP<*> len: <*> time: <*>",0.7937,46.36,150
442,"<*> ""GET <*>HTTP<*>status: <*> len: <*> time: <*>.<*>",exact,"<*> ""GET <*>HTTP<*>status: HTTP<*> len: <*> time: <*>",1.0,"<*> ""POST <*>HTTP<*>status: HTTP<*> len: <*> time: <*>",0.8917,"<*> ""DELETE <*>HTTP<*>status: HTTP<*> len: <*> time: <*>",0.7937,46.01,150
443,"<*> ""GET <*>HTTP<*>status: <*> len: <*> time: <*>.<*>",exact,"<*> ""GET <*>HTTP<*>status: HTTP<*> len: <*> time: <*>",1.0,"<*> ""POST <*>HTTP<*>status: HTTP<*> len: <*> time: <*>",0.8917,"<*> ""DELETE <*>HTTP<*>status: HTTP<*> len: <*> time: <*>",0.7937,46.5,150
444,"<*> ""GET <*>HTTP<*>status: <*> len: <*> time: <*>.<*>",exact,"<*> ""GET <*>HTTP<*>status: HTTP<*> len: <*> time: <*>",1.0,"<*> ""POST <*>HTTP<*>status: HTTP<*> len: <*> time: <*>",0.8917,"<*> ""DELETE <*>HTTP<*>status: HTTP<*> len: <*> time: <*>",0.7937,45.97,150
445,"<*> ""GET <*>HTTP<*>status: <*> len: <*> time: <*>.<*>",exact,"<*> ""GET <*>HTTP<*>status: HTTP<*> len: <*> time: <*>",1.0,"<*> ""POST <*>HTTP<*>status: HTTP<*> len: <*> time: <*>",0.8917,"<*> ""DELETE <*>HTTP<*>status: HTTP<*> len: <*> time: <*>",0.7937,45.82,150
446,"<*> ""GET <*>HTTP<*>status: <*> len: <*> time: <*>.<*>",exact,"<*> ""GET <*>HTTP<*>status: HTTP<*> len: <*> time: <*>",1.0,"<*> ""POST <*>HTTP<*>status: HTTP<*> len: <*> time: <*>",0.8917,"<*> ""DELETE <*>HTTP<*>status: HTTP<*> len: <*> time: <*>",0.7937,45.83,150
447,"<*> ""GET <*>HTTP<*>status: <*> len: <*> time: <*>.<*>",exact,"<*> ""GET <*>HTTP<*>status: HTTP<*> len: <*> time: <*>",1.0,"<*> ""POST <*>HTTP<*>status: HTTP<*> len: <*> time: <*>",0.8917,"<*> ""DELETE <*>HTTP<*>status: HTTP<*> len: <*> time: <*>",0.7937,45.67,150
448,"<*> ""GET <*>HTTP<*>status: <*> len: <*> time: <*>.<*>",exact,"<*> ""GET <*>HTTP<*>status: HTTP<*> len: <*> time: <*>",1.0,"<*> ""POST <*>HTTP<*>status: HTTP<*> len: <*> time: <*>",0.8917,"<*> ""DELETE <*>HTTP<*>status: HTTP<*> len: <*> time: <*>",0.7937,45.88,150
449,"<*> ""GET <*>HTTP<*>status: <*> len: <*> time: <*>.<*>",exact,"<*> ""GET <*>HTTP<*>status: HTTP<*> len: <*> time: <*>",1.0,"<*> ""POST <*>HTTP<*>status: HTTP<*> len: <*> time: <*>",0.8917,"<*> ""DELETE <*>HTTP<*>status: HTTP<*> len: <*> time: <*>",0.7937,45.84,150
450,"<*> ""GET <*>HTTP<*>status: <*> len: <*> time: <*>.<*>",exact,"<*> ""GET <*>HTTP<*>status: HTTP<*> len: <*> time: <*>",1.0,"<*> ""POST <*>HTTP<*>status: HTTP<*> len: <*> time: <*>",0.8917,"<*> ""DELETE <*>HTTP<*>status: HTTP<*> len: <*> time: <*>",0.7937,45.93,150
451,"<*> ""GET <*>HTTP<*>status: <*> len: <*> time: <*>.<*>",exact,"<*> ""GET <*>HTTP<*>status: HTTP<*> len: <*> time: <*>",1.0,"<*> ""POST <*>HTTP<*>status: HTTP<*> len: <*> time: <*>",0.8917,"<*> ""DELETE <*>HTTP<*>status: HTTP<*> len: <*> time: <*>",0.7937,45.61,150
452,"<*> ""GET <*>HTTP<*>status: <*> len: <*> time: <*>.<*>",exact,"<*> ""GET <*>HTTP<*>status: HTTP<*> len: <*> time: <*>",1.0,"<*> ""POST <*>HTTP<*>status: HTTP<*> len: <*> time: <*>",0.8917,"<*> ""DELETE <*>HTTP<*>status: HTTP<*> len: <*> time: <*>",0.7937,45.75,150
453,"<*> ""GET <*>HTTP<*>status: <*> len: <*> time: <*>.<*>",exact,"<*> ""GET <*>HTTP<*>status: HTTP<*> len: <*> time: <*>",1.0,"<*> ""POST <*>HTTP<*>status: HTTP<*> len: <*> time: <*>",0.8917,"<*> ""DELETE <*>HTTP<*>status: HTTP<*> len: <*> time: <*>",0.7937,46.3,150
454,"<*> ""GET <*>HTTP<*>status: <*> len: <*> time: <*>.<*>",exact,"<*> ""GET <*>HTTP<*>status: HTTP<*> len: <*> time: <*>",1.0,"<*> ""POST <*>HTTP<*>status: HTTP<*> len: <*> time: <*>",0.8917,"<*> ""DELETE <*>HTTP<*>status: HTTP<*> len: <*> time: <*>",0.7937,45.71,150
455,image <*>dd<*>-<*>c<*>-<*>fbb-<*>c<*>-<*>fbe<*>b<*> at (<*>checking,exact,image <*> at (<*>checking,1.0,[instance: fecdd<*>a<*>-<*>ca<*>-<*>c<*>-<*>-<*>b<*>f<*>e] Creating image,0.7025,[instance: faf<*> Creating image,0.6638,47.28,150
456,"image <*>dd<*>-<*>c<*>-<*>fbb-<*>c<*>-<*>fbe<*>b<*> at (<*>in use: on this node <*> local, <*> on other nodes sharing this instance storage",exact,"image <*> at (<*>in use: on this node node<*> local, local<*> on other nodes sharing this instance storage",1.0,image <*> at (<*>checking,0.6627,[instance: d<*>b<*>bd<*>-<*>-<*>-<*>-fffdd<*>ea<*>e] Creating image,0.5005,49.03,150
457,Active base files: /var/lib/nova/instances/_base/a<*>c<*>f<*>c<*>da<*>b<*>c<*>bb<*>ac<*>e<*>,exact,Active base files: /var/lib/nova/instances/_base/a<*>c<*>f<*>c<*>da<*>b<*>c<*>bb<*>ac<*>e<*>,1.0,Removable base files: /var/lib/nova/instances/_base/a<*>c<*>f<*>c<*>da<*>b<*>c<*>bb<*>ac<*>e<*>,0.871,Unknown base file: /var/lib/nova/instances/_base/a<*>c<*>f<*>c<*>da<*>b<*>c<*>bb<*>ac<*>e<*>,0.84,48.1,150
458,[instance: c<*>f<*>f<*>-<*>c-<*>ea<*>-b<*>e<*>-<*>edfcfbf] VM Started (Lifecycle Event),partial,[instance: c<*>f<*>f<*>-<*>c-<*>ea<*>-b<*>e<*>-<*>edfcfbf] VM <*> (Lifecycle Event),0.9641,[instance: d<*>b<*>bd<*>-<*>-<*>-<*>-fffdd<*>ea<*>e] VM <*> (Lifecycle Event),0.8867,[instance: faf<*>ea-cba<*>-<*>e<*>b-<*>f<*>-<*>a<*>bc<*>f] VM <*> (Lifecycle Event),0.8729,47.41,150
459,[instance: c<*>f<*>f<*>-<*>c-<*>ea<*>-b<*>e<*>-<*>edfcfbf] VM Paused (Lifecycle Event),partial,[instance: c<*>f<*>f<*>-<*>c-<*>ea<*>-b<*>e<*>-<*>edfcfbf] VM <*> (Lifecycle Event),0.9558,[instance: <*> VM Paused (Lifecycle Event),0.9298,[instance: faf<*>ea-cba<*>-<*>e<*>b-<*>f<*>-<*>a<*>bc<*>f] VM <*> (Lifecycle Event),0.8318,47.7,150
460,[instance: c<*>f<*>f<*>-<*>c-<*>ea<*>-b<*>e<*>-<*>edfcfbf] During sync_power_state the instance has a pending task (spawning). Skip.,partial,[instance: <*> During sync_power_state the instance has a pending task (spawning). Skip.,0.9289,[instance: fecdd<*>a<*>-<*>ca<*>-<*>c<*>-<*>-<*>b<*>f<*>e] During sync_power_state the instance has a pending task (spawning). Skip.,0.827,[instance: c<*>f<*>f<*>-<*>c-<*>ea<*>-b<*>e<*>-<*>edfcfbf] Instance spawned successfully.,0.6498,48.34,150
461,"<*> ""GET <*>HTTP<*>status: <*> len: <*> time: <*>.<*>",exact,"<*> ""GET <*>HTTP<*>status: HTTP<*> len: <*> time: <*>",1.0,"<*> ""POST <*>HTTP<*>status: HTTP<*> len: <*> time: <*>",0.8917,"<*> ""DELETE <*>HTTP<*>status: HTTP<*> len: <*> time: <*>",0.7937,46.32,150
462,"<*> ""GET <*>HTTP<*>status: <*> len: <*> time: <*>.<*>",exact,"<*> ""GET <*>HTTP<*>status: HTTP<*> len: <*> time: <*>",1.0,"<*> ""POST <*>HTTP<*>status: HTTP<*> len: <*> time: <*>",0.8917,"<*> ""DELETE <*>HTTP<*>status: HTTP<*> len: <*> time: <*>",0.7937,46.65,150
463,"<*> ""GET <*>HTTP<*>status: <*> len: <*> time: <*>.<*>",exact,"<*> ""GET <*>HTTP<*>status: HTTP<*> len: <*> time: <*>",1.0,"<*> ""POST <*>HTTP<*>status: HTTP<*> len: <*> time: <*>",0.8917,"<*> ""DELETE <*>HTTP<*>status: HTTP<*> len: <*> time: <*>",0.7937,45.94,150
464,"<*> ""GET <*>HTTP<*>status: <*> len: <*> time: <*>.<*>",exact,"<*> ""GET <*>HTTP<*>status: HTTP<*> len: <*> time: <*>",1.0,"<*> ""POST <*>HTTP<*>status: HTTP<*> len: <*> time: <*>",0.8917,"<*> ""DELETE <*>HTTP<*>status: HTTP<*> len: <*> time: <*>",0.7937,46.13,150
465,"<*> ""GET <*>HTTP<*>status: <*> len: <*> time: <*>.<*>",exact,"<*> ""GET <*>HTTP<*>status: HTTP<*> len: <*> time: <*>",1.0,"<*> ""POST <*>HTTP<*>status: HTTP<*> len: <*> time: <*>",0.8917,"<*> ""DELETE <*>HTTP<*>status: HTTP<*> len: <*> time: <*>",0.7937,45.73,150
466,"<*> ""GET <*>HTTP<*>status: <*> len: <*> time: <*>.<*>",exact,"<*> ""GET <*>HTTP<*>status: HTTP<*> len: <*> time: <*>",1.0,"<*> ""POST <*>HTTP<*>status: HTTP<*> len: <*> time: <*>",0.8917,"<*> ""DELETE <*>HTTP<*>status: HTTP<*> len: <*> time: <*>",0.7937,45.64,150
467,image <*>dd<*>-<*>c<*>-<*>fbb-<*>c<*>-<*>fbe<*>b<*> at (<*>checking,exact,image <*> at (<*>checking,1.0,[instance: fecdd<*>a<*>-<*>ca<*>-<*>c<*>-<*>-<*>b<*>f<*>e] Creating image,0.7025,[instance: faf<*> Creating image,0.6638,47.43,150
468,"image <*>dd<*>-<*>c<*>-<*>fbb-<*>c<*>-<*>fbe<*>b<*> at (<*>in use: on this node <*> local, <*> on other nodes sharing this instance storage",exact,"image <*> at (<*>in use: on this node node<*> local, local<*> on other nodes sharing this instance storage",1.0,image <*> at (<*>checking,0.6627,[instance: d<*>b<*>bd<*>-<*>-<*>-<*>-fffdd<*>ea<*>e] Creating image,0.5005,48.58,150
469,Active base files: /var/lib/nova/instances/_base/a<*>c<*>f<*>c<*>da<*>b<*>c<*>bb<*>ac<*>e<*>,exact,Active base files: /var/lib/nova/instances/_base/a<*>c<*>f<*>c<*>da<*>b<*>c<*>bb<*>ac<*>e<*>,1.0,Removable base files: /var/lib/nova/instances/_base/a<*>c<*>f<*>c<*>da<*>b<*>c<*>bb<*>ac<*>e<*>,0.871,Unknown base file: /var/lib/nova/instances/_base/a<*>c<*>f<*>c<*>da<*>b<*>c<*>bb<*>ac<*>e<*>,0.84,48.64,150
470,"<*> ""GET <*>HTTP<*>status: <*> len: <*> time: <*>.<*>",exact,"<*> ""GET <*>HTTP<*>status: HTTP<*> len: <*> time: <*>",1.0,"<*> ""POST <*>HTTP<*>status: HTTP<*> len: <*> time: <*>",0.8917,"<*> ""DELETE <*>HTTP<*>status: HTTP<*> len: <*> time: <*>",0.7937,46.26,150
471,"<*> ""GET <*>HTTP<*>status: <*> len: <*> time: <*>.<*>",exact,"<*> ""GET <*>HTTP<*>status: HTTP<*> len: <*> time: <*>",1.0,"<*> ""POST <*>HTTP<*>status: HTTP<*> len: <*> time: <*>",0.8917,"<*> ""DELETE <*>HTTP<*>status: HTTP<*> len: <*> time: <*>",0.7937,45.89,150
472,"<*> ""GET <*>HTTP<*>status: <*> len: <*> time: <*>.<*>",exact,"<*> ""GET <*>HTTP<*>status: HTTP<*> len: <*> time: <*>",1.0,"<*> ""POST <*>HTTP<*>status: HTTP<*> len: <*> time: <*>",0.8917,"<*> ""DELETE <*>HTTP<*>status: HTTP<*> len: <*> time: <*>",0.7937,45.74,150
473,"<*> ""GET <*>HTTP<*>status: <*> len: <*> time: <*>.<*>",exact,"<*> ""GET <*>HTTP<*>status: HTTP<*> len: <*> time: <*>",1.0,"<*> ""POST <*>HTTP<*>status: HTTP<*> len: <*> time: <*>",0.8917,"<*> ""DELETE <*>HTTP<*>status: HTTP<*> len: <*> time: <*>",0.7937,45.77,150
474,Creating event network-vif-plugged:b<*>a<*>d<*>-ce<*>e-<*>ff-bb<*>d-a<*>b<*>f<*>e<*> for instance c<*>f<*>f<*>-<*>c-<*>ea<*>-b<*>e<*>-<*>edfcfbf,partial,Creating event network<*> for instance <*>,0.9763,[instance: c<*>f<*>f<*>-<*>c-<*>ea<*>-b<*>e<*>-<*>edfcfbf] VM <*> (Lifecycle Event),0.557,[instance: c<*>f<*>f<*>-<*>c-<*>ea<*>-b<*>e<*>-<*>edfcfbf] Instance spawned successfully.,0.5362,50.46,150
475,"<*> ""POST <*>HTTP<*>status: <*> len: <*> time: <*>.<*>",exact,"<*> ""POST <*>HTTP<*>status: HTTP<*> len: <*> time: <*>",1.0,"<*> ""GET <*>HTTP<*>status: HTTP<*> len: <*> time: <*>",0.8917,"<*> ""DELETE <*>HTTP<*>status: HTTP<*> len: <*> time: <*>",0.8163,46.5,150
476,[instance: c<*>f<*>f<*>-<*>c-<*>ea<*>-b<*>e<*>-<*>edfcfbf] VM Resumed (Lifecycle Event),partial,[instance: c<*>f<*>f<*>-<*>c-<*>ea<*>-b<*>e<*>-<*>edfcfbf] VM <*> (Lifecycle Event),0.9762,[instance: <*> VM Resumed (Lifecycle Event),0.9219,[instance: faf<*>ea-cba<*>-<*>e<*>b-<*>f<*>-<*>a<*>bc<*>f] VM <*> (Lifecycle Event),0.89,47.61,150
477,[instance: c<*>f<*>f<*>-<*>c-<*>ea<*>-b<*>e<*>-<*>edfcfbf] Instance spawned successfully.,exact,[instance: c<*>f<*>f<*>-<*>c-<*>ea<*>-b<*>e<*>-<*>edfcfbf] Instance spawned successfully.,1.0,[instance: faf<*> Instance spawned successfully.,0.8845,[instance: <*> Instance spawned successfully.,0.8608,47.46,150
478,[instance: c<*>f<*>f<*>-<*>c-<*>ea<*>-b<*>e<*>-<*>edfcfbf] Took <*>.<*> seconds to spawn the instance on the hypervisor.,partial,[instance: c<*>f<*>f<*>-<*>c-<*>ea<*>-b<*>e<*>-<*>edfcfbf] Took <*> seconds to <*> the instance on the hypervisor.,0.9773,[instance: <*> Took <*> seconds to spawn the instance on the hypervisor.,0.9311,[instance: <*> Took <*> seconds to destroy the instance on the hypervisor.,0.8192,48.38,150
479,[instance: c<*>f<*>f<*>-<*>c-<*>ea<*>-b<*>e<*>-<*>edfcfbf] During sync_power_state the instance has a pending task (spawning). Skip.,partial,[instance: <*> During sync_power_state the instance has a pending task (spawning). Skip.,0.9321,[instance: fecdd<*>a<*>-<*>ca<*>-<*>c<*>-<*>-<*>b<*>f<*>e] During sync_power_state the instance has a pending task (spawning). Skip.,0.827,[instance: c<*>f<*>f<*>-<*>c-<*>ea<*>-b<*>e<*>-<*>edfcfbf] Instance spawned successfully.,0.6498,48.19,150
480,[instance: c<*>f<*>f<*>-<*>c-<*>ea<*>-b<*>e<*>-<*>edfcfbf] VM Resumed (Lifecycle Event),partial,[instance: c<*>f<*>f<*>-<*>c-<*>ea<*>-b<*>e<*>-<*>edfcfbf] VM <*> (Lifecycle Event),0.9796,[instance: <*> VM Resumed (Lifecycle Event),0.9219,[instance: faf<*>ea-cba<*>-<*>e<*>b-<*>f<*>-<*>a<*>bc<*>f] VM <*> (Lifecycle Event),0.89,48.01,150
481,[instance: c<*>f<*>f<*>-<*>c-<*>ea<*>-b<*>e<*>-<*>edfcfbf] Took <*>.<*> seconds to build instance.,partial,[instance: <*> Took <*> seconds to build instance.,0.9296,[instance: faf<*> Took <*> seconds to build instance.,0.882,[instance: c<*>f<*>f<*>-<*>c-<*>ea<*>-b<*>e<*>-<*>edfcfbf] Instance spawned successfully.,0.7972,48.11,150
482,"<*> ""GET <*>HTTP<*>status: <*> len: <*> time: <*>.<*>",exact,"<*> ""GET <*>HTTP<*>status: HTTP<*> len: <*> time: <*>",1.0,"<*> ""POST <*>HTTP<*>status: HTTP<*> len: <*> time: <*>",0.8917,"<*> ""DELETE <*>HTTP<*>status: HTTP<*> len: <*> time: <*>",0.7937,46.31,150
483,"<*> ""GET <*>HTTP<*>status: <*> len: <*> time: <*>.<*>",exact,"<*> ""GET <*>HTTP<*>status: HTTP<*> len: <*> time: <*>",1.0,"<*> ""POST <*>HTTP<*>status: HTTP<*> len: <*> time: <*>",0.8917,"<*> ""DELETE <*>HTTP<*>status: HTTP<*> len: <*> time: <*>",0.7937,46.28,150
484,image <*>dd<*>-<*>c<*>-<*>fbb-<*>c<*>-<*>fbe<*>b<*> at (<*>checking,exact,image <*> at (<*>checking,1.0,[instance: fecdd<*>a<*>-<*>ca<*>-<*>c<*>-<*>-<*>b<*>f<*>e] Creating image,0.7025,[instance: faf<*> Creating image,0.6638,47.54,150
485,"image <*>dd<*>-<*>c<*>-<*>fbb-<*>c<*>-<*>fbe<*>b<*> at (<*>in use: on this node <*> local, <*> on other nodes sharing this instance storage",exact,"image <*> at (<*>in use: on this node node<*> local, local<*> on other nodes sharing this instance storage",1.0,image <*> at (<*>checking,0.6627,[instance: d<*>b<*>bd<*>-<*>-<*>-<*>-fffdd<*>ea<*>e] Creating image,0.5005,48.58,150
486,Active base files: /var/lib/nova/instances/_base/a<*>c<*>f<*>c<*>da<*>b<*>c<*>bb<*>ac<*>e<*>,exact,Active base files: /var/lib/nova/instances/_base/a<*>c<*>f<*>c<*>da<*>b<*>c<*>bb<*>ac<*>e<*>,1.0,Removable base files: /var/lib/nova/instances/_base/a<*>c<*>f<*>c<*>da<*>b<*>c<*>bb<*>ac<*>e<*>,0.871,Unknown base file: /var/lib/nova/instances/_base/a<*>c<*>f<*>c<*>da<*>b<*>c<*>bb<*>ac<*>e<*>,0.84,47.97,150
487,"<*> ""GET <*>HTTP<*>status: <*> len: <*> time: <*>.<*>",exact,"<*> ""GET <*>HTTP<*>status: HTTP<*> len: <*> time: <*>",1.0,"<*> ""POST <*>HTTP<*>status: HTTP<*> len: <*> time: <*>",0.8917,"<*> ""DELETE <*>HTTP<*>status: HTTP<*> len: <*> time: <*>",0.7937,46.24,150
488,"<*> ""GET <*>HTTP<*>status: <*> len: <*> time: <*>.<*>",exact,"<*> ""GET <*>HTTP<*>status: HTTP<*> len: <*> time: <*>",1.0,"<*> ""POST <*>HTTP<*>status: HTTP<*> len: <*> time: <*>",0.8917,"<*> ""DELETE <*>HTTP<*>status: HTTP<*> len: <*> time: <*>",0.7937,45.88,150
489,"<*> ""GET <*>HTTP<*>status: <*> len: <*> time: <*>.<*>",exact,"<*> ""GET <*>HTTP<*>status: HTTP<*> len: <*> time: <*>",1.0,"<*> ""POST <*>HTTP<*>status: HTTP<*> len: <*> time: <*>",0.8917,"<*> ""DELETE <*>HTTP<*>status: HTTP<*> len: <*> time: <*>",0.7937,45.72,150
490,"<*> ""GET <*>HTTP<*>status: <*> len: <*> time: <*>.<*>",exact,"<*> ""GET <*>HTTP<*>status: HTTP<*> len: <*> time: <*>",1.0,"<*> ""POST <*>HTTP<*>status: HTTP<*> len: <*> time: <*>",0.8917,"<*> ""DELETE <*>HTTP<*>status: HTTP<*> len: <*> time: <*>",0.7937,45.78,150
491,"<*> ""GET <*>HTTP<*>status: <*> len: <*> time: <*>.<*>",exact,"<*> ""GET <*>HTTP<*>status: HTTP<*> len: <*> time: <*>",1.0,"<*> ""POST <*>HTTP<*>status: HTTP<*> len: <*> time: <*>",0.8917,"<*> ""DELETE <*>HTTP<*>status: HTTP<*> len: <*> time: <*>",0.7937,45.76,150
492,"<*> ""GET <*>HTTP<*>status: <*> len: <*> time: <*>.<*>",exact,"<*> ""GET <*>HTTP<*>status: HTTP<*> len: <*> time: <*>",1.0,"<*> ""POST <*>HTTP<*>status: HTTP<*> len: <*> time: <*>",0.8917,"<*> ""DELETE <*>HTTP<*>status: HTTP<*> len: <*> time: <*>",0.7937,46.18,150
493,"<*> ""GET <*>HTTP<*>status: <*> len: <*> time: <*>.<*>",exact,"<*> ""GET <*>HTTP<*>status: HTTP<*> len: <*> time: <*>",1.0,"<*> ""POST <*>HTTP<*>status: HTTP<*> len: <*> time: <*>",0.8917,"<*> ""DELETE <*>HTTP<*>status: HTTP<*> len: <*> time: <*>",0.7937,45.91,150
494,image <*>dd<*>-<*>c<*>-<*>fbb-<*>c<*>-<*>fbe<*>b<*> at (<*>checking,exact,image <*> at (<*>checking,1.0,[instance: fecdd<*>a<*>-<*>ca<*>-<*>c<*>-<*>-<*>b<*>f<*>e] Creating image,0.7025,[instance: faf<*> Creating image,0.6638,47.58,150
495,"image <*>dd<*>-<*>c<*>-<*>fbb-<*>c<*>-<*>fbe<*>b<*> at (<*>in use: on this node <*> local, <*> on other nodes sharing this instance storage",exact,"image <*> at (<*>in use: on this node node<*> local, local<*> on other nodes sharing this instance storage",1.0,image <*> at (<*>checking,0.6627,[instance: d<*>b<*>bd<*>-<*>-<*>-<*>-fffdd<*>ea<*>e] Creating image,0.5005,48.53,150
496,"<*> ""DELETE <*>HTTP<*>status: <*> len: <*> time: <*>.<*>",exact,"<*> ""DELETE <*>HTTP<*>status: HTTP<*> len: <*> time: <*>",1.0,"<*> ""POST <*>HTTP<*>status: HTTP<*> len: <*> time: <*>",0.8163,"<*> ""GET <*>HTTP<*>status: HTTP<*> len: <*> time: <*>",0.7937,46.19,150
497,[instance: c<*>f<*>f<*>-<*>c-<*>ea<*>-b<*>e<*>-<*>edfcfbf] Terminating instance,exact,[instance: c<*>f<*>f<*>-<*>c-<*>ea<*>-b<*>e<*>-<*>edfcfbf] Terminating instance,1.0,[instance: faf<*> Terminating instance,0.8938,[instance: d<*>b<*>bd<*>-<*>-<*>-<*>-fffdd<*>ea<*>e] Terminating instance,0.8713,47.04,150
498,Active base files: /var/lib/nova/instances/_base/a<*>c<*>f<*>c<*>da<*>b<*>c<*>bb<*>ac<*>e<*>,exact,Active base files: /var/lib/nova/instances/_base/a<*>c<*>f<*>c<*>da<*>b<*>c<*>bb<*>ac<*>e<*>,1.0,Removable base files: /var/lib/nova/instances/_base/a<*>c<*>f<*>c<*>da<*>b<*>c<*>bb<*>ac<*>e<*>,0.871,Unknown base file: /var/lib/nova/instances/_base/a<*>c<*>f<*>c<*>da<*>b<*>c<*>bb<*>ac<*>e<*>,0.84,47.55,150
499,"<*> ""GET <*>HTTP<*>status: <*> len: <*> time: <*>.<*>",exact,"<*> ""GET <*>HTTP<*>status: HTTP<*> len: <*> time: <*>",1.0,"<*> ""POST <*>HTTP<*>status: HTTP<*> len: <*> time: <*>",0.8917,"<*> ""DELETE <*>HTTP<*>status: HTTP<*> len: <*> time: <*>",0.7937,46.42,150
500,[instance: c<*>f<*>f<*>-<*>c-<*>ea<*>-b<*>e<*>-<*>edfcfbf] Instance destroyed successfully.,exact,[instance: c<*>f<*>f<*>-<*>c-<*>ea<*>-b<*>e<*>-<*>edfcfbf] Instance destroyed successfully.,1.0,[instance: faf<*> Instance destroyed successfully.,0.8776,[instance: d<*>b<*>bd<*>-<*>-<*>-<*>-fffdd<*>ea<*>e] Instance destroyed successfully.,0.8738,48.02,150
501,"<*> ""GET <*>HTTP<*>status: <*> len: <*> time: <*>.<*>",exact,"<*> ""GET <*>HTTP<*>status: HTTP<*> len: <*> time: <*>",1.0,"<*> ""POST <*>HTTP<*>status: HTTP<*> len: <*> time: <*>",0.8917,"<*> ""DELETE <*>HTTP<*>status: HTTP<*> len: <*> time: <*>",0.7937,46.98,150
502,[instance: c<*>f<*>f<*>-<*>c-<*>ea<*>-b<*>e<*>-<*>edfcfbf] Deleting instance files /var/lib/nova/instances/c<*>f<*>f<*>-<*>c-<*>ea<*>-b<*>e<*>-<*>edfcfbf_del,partial,[instance: <*> Deleting instance files <*>,0.9507,[instance: fecdd<*>a<*>-<*>ca<*>-<*>c<*>-<*>-<*>b<*>f<*>e] Deleting instance files /var/lib/nova/instances/fecdd<*>a<*>-<*>ca<*>-<*>c<*>-<*>-<*>b<*>f<*>e_del,0.8453,Removing base or swap file: /var/lib/nova/instances/_base/a<*>c<*>f<*>c<*>da<*>b<*>c<*>bb<*>ac<*>e<*>,0.7482,51.47,150
503,[instance: c<*>f<*>f<*>-<*>c-<*>ea<*>-b<*>e<*>-<*>edfcfbf] Deletion of <*>complete,partial,[instance: <*> Deletion of <*>complete,0.9641,[instance: fecdd<*> Deletion of <*>complete,0.8668,[instance: b<*>ef<*>-ba<*>d-<*>ae-bf<*>a-<*>cba<*>a<*>] Deletion of <*>complete,0.849,47.74,150
504,[instance: c<*>f<*>f<*>-<*>c-<*>ea<*>-b<*>e<*>-<*>edfcfbf] Took <*>.<*> seconds to destroy the instance on the hypervisor.,partial,[instance: c<*>f<*>f<*>-<*>c-<*>ea<*>-b<*>e<*>-<*>edfcfbf] Took <*> seconds to <*> the instance on the hypervisor.,0.9691,[instance: <*> Took <*> seconds to destroy the instance on the hypervisor.,0.9307,[instance: <*> Took <*> seconds to spawn the instance on the hypervisor.,0.8569,47.93,150
505,"<*> ""GET <*>HTTP<*>status: <*> len: <*> time: <*>.<*>",exact,"<*> ""GET <*>HTTP<*>status: HTTP<*> len: <*> time: <*>",1.0,"<*> ""POST <*>HTTP<*>status: HTTP<*> len: <*> time: <*>",0.8917,"<*> ""DELETE <*>HTTP<*>status: HTTP<*> len: <*> time: <*>",0.7937,46.62,150
506,[instance: c<*>f<*>f<*>-<*>c-<*>ea<*>-b<*>e<*>-<*>edfcfbf] Took <*>.<*> seconds to deallocate network for instance.,partial,[instance: <*> Took <*> seconds to deallocate network for instance.,0.9639,[instance: b<*>ef<*>-ba<*>d-<*>ae-bf<*>a-<*>cba<*>a<*>] Took <*> seconds to deallocate network for instance.,0.8559,[instance: fecdd<*> Took <*> seconds to deallocate network for instance.,0.8539,47.56,150
507,"<*> ""GET <*>HTTP<*>status: <*> len: <*> time: <*>.<*>",exact,"<*> ""GET <*>HTTP<*>status: HTTP<*> len: <*> time: <*>",1.0,"<*> ""POST <*>HTTP<*>status: HTTP<*> len: <*> time: <*>",0.8917,"<*> ""DELETE <*>HTTP<*>status: HTTP<*> len: <*> time: <*>",0.7937,46.76,150
508,HTTP exception thrown: No instances found for any event,exact,HTTP exception thrown: No instances found for any event,1.0,"<*> ""DELETE <*>HTTP<*>status: HTTP<*> len: <*> time: <*>",0.2495,"<*> ""POST <*>HTTP<*>status: HTTP<*> len: <*> time: <*>",0.2452,45.06,150
509,"<*> ""POST <*>HTTP<*>status: <*> len: <*> time: <*>.<*>",exact,"<*> ""POST <*>HTTP<*>status: HTTP<*> len: <*> time: <*>",1.0,"<*> ""GET <*>HTTP<*>status: HTTP<*> len: <*> time: <*>",0.8917,"<*> ""DELETE <*>HTTP<*>status: HTTP<*> len: <*> time: <*>",0.8163,45.7,150
510,Unknown base file: /var/lib/nova/instances/_base/a<*>c<*>f<*>c<*>da<*>b<*>c<*>bb<*>ac<*>e<*>,exact,Unknown base file: /var/lib/nova/instances/_base/a<*>c<*>f<*>c<*>da<*>b<*>c<*>bb<*>ac<*>e<*>,1.0,Removing base or swap file: /var/lib/nova/instances/_base/a<*>c<*>f<*>c<*>da<*>b<*>c<*>bb<*>ac<*>e<*>,0.8518,Base or swap file too young to remove: /var/lib/nova/instances/_base/a<*>c<*>f<*>c<*>da<*>b<*>c<*>bb<*>ac<*>e<*>,0.8448,47.53,150
511,Removable base files: /var/lib/nova/instances/_base/a<*>c<*>f<*>c<*>da<*>b<*>c<*>bb<*>ac<*>e<*>,exact,Removable base files: /var/lib/nova/instances/_base/a<*>c<*>f<*>c<*>da<*>b<*>c<*>bb<*>ac<*>e<*>,1.0,Active base files: /var/lib/nova/instances/_base/a<*>c<*>f<*>c<*>da<*>b<*>c<*>bb<*>ac<*>e<*>,0.871,Removing base or swap file: /var/lib/nova/instances/_base/a<*>c<*>f<*>c<*>da<*>b<*>c<*>bb<*>ac<*>e<*>,0.8165,47.77,150
512,Base or swap file too young to remove: /var/lib/nova/instances/_base/a<*>c<*>f<*>c<*>da<*>b<*>c<*>bb<*>ac<*>e<*>,exact,Base or swap file too young to remove: /var/lib/nova/instances/_base/a<*>c<*>f<*>c<*>da<*>b<*>c<*>bb<*>ac<*>e<*>,1.0,Removing base or swap file: /var/lib/nova/instances/_base/a<*>c<*>f<*>c<*>da<*>b<*>c<*>bb<*>ac<*>e<*>,0.969,Unknown base file: /var/lib/nova/instances/_base/a<*>c<*>f<*>c<*>da<*>b<*>c<*>bb<*>ac<*>e<*>,0.8448,48.14,150
513,Unknown base file: /var/lib/nova/instances/_base/a<*>c<*>f<*>c<*>da<*>b<*>c<*>bb<*>ac<*>e<*>,exact,Unknown base file: /var/lib/nova/instances/_base/a<*>c<*>f<*>c<*>da<*>b<*>c<*>bb<*>ac<*>e<*>,1.0,Removing base or swap file: /var/lib/nova/instances/_base/a<*>c<*>f<*>c<*>da<*>b<*>c<*>bb<*>ac<*>e<*>,0.8518,Base or swap file too young to remove: /var/lib/nova/instances/_base/a<*>c<*>f<*>c<*>da<*>b<*>c<*>bb<*>ac<*>e<*>,0.8448,47.77,150
514,Removable base files: /var/lib/nova/instances/_base/a<*>c<*>f<*>c<*>da<*>b<*>c<*>bb<*>ac<*>e<*>,exact,Removable base files: /var/lib/nova/instances/_base/a<*>c<*>f<*>c<*>da<*>b<*>c<*>bb<*>ac<*>e<*>,1.0,Active base files: /var/lib/nova/instances/_base/a<*>c<*>f<*>c<*>da<*>b<*>c<*>bb<*>ac<*>e<*>,0.871,Removing base or swap file: /var/lib/nova/instances/_base/a<*>c<*>f<*>c<*>da<*>b<*>c<*>bb<*>ac<*>e<*>,0.8165,47.66,150
515,Removing base or swap file: /var/lib/nova/instances/_base/a<*>c<*>f<*>c<*>da<*>b<*>c<*>bb<*>ac<*>e<*>,exact,Removing base or swap file: /var/lib/nova/instances/_base/a<*>c<*>f<*>c<*>da<*>b<*>c<*>bb<*>ac<*>e<*>,1.0,Base or swap file too young to remove: /var/lib/nova/instances/_base/a<*>c<*>f<*>c<*>da<*>b<*>c<*>bb<*>ac<*>e<*>,0.969,Unknown base file: /var/lib/nova/instances/_base/a<*>c<*>f<*>c<*>da<*>b<*>c<*>bb<*>ac<*>e<*>,0.8518,47.9,150
516,"<*> ""POST <*>HTTP<*>status: <*> len: <*> time: <*>.<*>",exact,"<*> ""POST <*>HTTP<*>status: HTTP<*> len: <*> time: <*>",1.0,"<*> ""GET <*>HTTP<*>status: HTTP<*> len: <*> time: <*>",0.8917,"<*> ""DELETE <*>HTTP<*>status: HTTP<*> len: <*> time: <*>",0.8163,45.83,150
517,"<*> ""GET <*>HTTP<*>status: <*> len: <*> time: <*>.<*>",exact,"<*> ""GET <*>HTTP<*>status: HTTP<*> len: <*> time: <*>",1.0,"<*> ""POST <*>HTTP<*>status: HTTP<*> len: <*> time: <*>",0.8917,"<*> ""DELETE <*>HTTP<*>status: HTTP<*> len: <*> time: <*>",0.7937,45.8,150
518,"[instance: faf<*>ea-cba<*>-<*>e<*>b-<*>f<*>-<*>a<*>bc<*>f] Attempting claim: memory <*> MB, disk <*> GB, vcpus <*> CPU",partial,"[instance: faf<*> Attempting claim: memory <*> MB, disk <*> GB, vcpus <*> CPU",0.9679,"[instance: <*> Attempting claim: memory <*> MB, disk <*> GB, vcpus <*> CPU",0.9229,"[instance: fecdd<*>a<*>-<*>ca<*>-<*>c<*>-<*>-<*>b<*>f<*>e] Attempting claim: memory <*> MB, disk <*> GB, vcpus <*> CPU",0.8467,48.37,150
519,"[instance: faf<*>ea-cba<*>-<*>e<*>b-<*>f<*>-<*>a<*>bc<*>f] Total memory: <*> MB, used: <*>.<*> MB",partial,"[instance: faf<*> Total memory: <*> MB, used: <*> MB",0.9625,"[instance: <*> Total memory: <*> MB, used: <*> MB",0.9261,"[instance: faf<*> memory limit: <*> MB, free: <*> MB",0.8356,48.33,150
520,"[instance: faf<*>ea-cba<*>-<*>e<*>b-<*>f<*>-<*>a<*>bc<*>f] memory limit: <*>.<*> MB, free: <*>.<*> MB",partial,"[instance: faf<*> memory limit: <*> MB, free: <*> MB",0.968,"[instance: <*> memory limit: <*> MB, free: <*> MB",0.9134,"[instance: b<*>ef<*>-ba<*>d-<*>ae-bf<*>a-<*>cba<*>a<*>] memory limit: <*> MB, free: <*> MB",0.9045,48.8,150
521,"[instance: faf<*>ea-cba<*>-<*>e<*>b-<*>f<*>-<*>a<*>bc<*>f] Total disk: <*> GB, used: <*>.<*> GB",partial,"[instance: <*> Total disk: <*> GB, used: <*> GB",0.9484,"[instance: b<*>ef<*>-ba<*>d-<*>ae-bf<*>a-<*>cba<*>a<*>] Total disk: <*> GB, used: <*> GB",0.9148,"[instance: faf<*> Total memory: <*> MB, used: <*> MB",0.7708,48.72,150
522,"[instance: faf<*>ea-cba<*>-<*>e<*>b-<*>f<*>-<*>a<*>bc<*>f] disk limit not specified, defaulting to unlimited",partial,"[instance: faf<*> disk limit not specified, defaulting to unlimited",0.9621,"[instance: <*> disk limit not specified, defaulting to unlimited",0.8964,"[instance: b<*>ef<*>-ba<*>d-<*>ae-bf<*>a-<*>cba<*>a<*>] disk limit not specified, defaulting to unlimited",0.8748,48.46,150
523,"[instance: faf<*>ea-cba<*>-<*>e<*>b-<*>f<*>-<*>a<*>bc<*>f] Total vcpu: <*> VCPU, used: <*>.<*> VCPU",partial,"[instance: faf<*> Total vcpu: <*> VCPU, used: <*> VCPU",0.9869,"[instance: <*> Total vcpu: <*> VCPU, used: <*> VCPU",0.9159,"[instance: fecdd<*>a<*>-<*>ca<*>-<*>c<*>-<*>-<*>b<*>f<*>e] Total vcpu: <*> VCPU, used: <*> VCPU",0.8326,48.83,150
524,"[instance: faf<*>ea-cba<*>-<*>e<*>b-<*>f<*>-<*>a<*>bc<*>f] vcpu limit not specified, defaulting to unlimited",partial,"[instance: faf<*> vcpu limit not specified, defaulting to unlimited",0.9494,"[instance: <*> vcpu limit not specified, defaulting to unlimited",0.9033,"[instance: b<*>ef<*>-ba<*>d-<*>ae-bf<*>a-<*>cba<*>a<*>] vcpu limit not specified, defaulting to unlimited",0.9016,47.83,150
525,[instance: faf<*>ea-cba<*>-<*>e<*>b-<*>f<*>-<*>a<*>bc<*>f] Claim successful,partial,[instance: faf<*> Claim successful,0.9837,[instance: <*>ea<*>-cbf<*>-<*>f<*>e-<*>fe-<*>fd<*>f<*>] Claim successful,0.8833,[instance: d<*>b<*>bd<*>-<*>-<*>-<*>-fffdd<*>ea<*>e] Claim successful,0.8582,46.85,150
526,"<*> ""GET <*>HTTP<*>status: <*> len: <*> time: <*>.<*>",exact,"<*> ""GET <*>HTTP<*>status: HTTP<*> len: <*> time: <*>",1.0,"<*> ""POST <*>HTTP<*>status: HTTP<*> len: <*> time: <*>",0.8917,"<*> ""DELETE <*>HTTP<*>status: HTTP<*> len: <*> time: <*>",0.7937,46.34,150
527,"<*> ""GET <*>HTTP<*>status: <*> len: <*> time: <*>.<*>",exact,"<*> ""GET <*>HTTP<*>status: HTTP<*> len: <*> time: <*>",1.0,"<*> ""POST <*>HTTP<*>status: HTTP<*> len: <*> time: <*>",0.8917,"<*> ""DELETE <*>HTTP<*>status: HTTP<*> len: <*> time: <*>",0.7937,45.78,150
528,[instance: faf<*>ea-cba<*>-<*>e<*>b-<*>f<*>-<*>a<*>bc<*>f] Creating image,partial,[instance: faf<*> Creating image,0.9843,[instance: c<*>f<*>f<*>-<*>c-<*>ea<*>-b<*>e<*>-<*>edfcfbf] Creating image,0.8872,[instance: <*> Creating image,0.876,47.25,150
529,"<*> ""GET <*>HTTP<*>status: <*> len: <*> time: <*>.<*>",exact,"<*> ""GET <*>HTTP<*>status: HTTP<*> len: <*> time: <*>",1.0,"<*> ""POST <*>HTTP<*>status: HTTP<*> len: <*> time: <*>",0.8917,"<*> ""DELETE <*>HTTP<*>status: HTTP<*> len: <*> time: <*>",0.7937,46.24,150
530,"<*> ""GET <*>HTTP<*>status: <*> len: <*> time: <*>.<*>",exact,"<*> ""GET <*>HTTP<*>status: HTTP<*> len: <*> time: <*>",1.0,"<*> ""POST <*>HTTP<*>status: HTTP<*> len: <*> time: <*>",0.8917,"<*> ""DELETE <*>HTTP<*>status: HTTP<*> len: <*> time: <*>",0.7937,45.8,150
531,[instance: c<*>f<*>f<*>-<*>c-<*>ea<*>-b<*>e<*>-<*>edfcfbf] VM Stopped (Lifecycle Event),partial,[instance: c<*>f<*>f<*>-<*>c-<*>ea<*>-b<*>e<*>-<*>edfcfbf] VM <*> (Lifecycle Event),0.97,[instance: <*> VM Stopped (Lifecycle Event),0.8742,[instance: d<*>b<*>bd<*>-<*>-<*>-<*>-fffdd<*>ea<*>e] VM <*> (Lifecycle Event),0.8673,47.62,150
532,"<*> ""GET <*>HTTP<*>status: <*> len: <*> time: <*>.<*>",exact,"<*> ""GET <*>HTTP<*>status: HTTP<*> len: <*> time: <*>",1.0,"<*> ""POST <*>HTTP<*>status: HTTP<*> len: <*> time: <*>",0.8917,"<*> ""DELETE <*>HTTP<*>status: HTTP<*> len: <*> time: <*>",0.7937,46.83,150
533,"<*> ""GET <*>HTTP<*>status: <*> len: <*> time: <*>.<*>",exact,"<*> ""GET <*>HTTP<*>status: HTTP<*> len: <*> time: <*>",1.0,"<*> ""POST <*>HTTP<*>status: HTTP<*> len: <*> time: <*>",0.8917,"<*> ""DELETE <*>HTTP<*>status: HTTP<*> len: <*> time: <*>",0.7937,45.96,150
534,"<*> ""GET <*>HTTP<*>status: <*> len: <*> time: <*>.<*>",exact,"<*> ""GET <*>HTTP<*>status: HTTP<*> len: <*> time: <*>",1.0,"<*> ""POST <*>HTTP<*>status: HTTP<*> len: <*> time: <*>",0.8917,"<*> ""DELETE <*>HTTP<*>status: HTTP<*> len: <*> time: <*>",0.7937,46.15,150
535,"<*> ""GET <*>HTTP<*>status: <*> len: <*> time: <*>.<*>",exact,"<*> ""GET <*>HTTP<*>status: HTTP<*> len: <*> time: <*>",1.0,"<*> ""POST <*>HTTP<*>status: HTTP<*> len: <*> time: <*>",0.8917,"<*> ""DELETE <*>HTTP<*>status: HTTP<*> len: <*> time: <*>",0.7937,45.88,150
536,Auditing locally available compute resources for node cp-<*>.slowvm<*>.tcloud-pg<*>.utah.cloudlab.us,exact,Auditing locally available compute resources for node cp-<*>.slowvm<*>.tcloud-pg<*>.utah.cloudlab.us,1.0,Running instance usage audit for host cp-<*>.slowvm<*>.tcloud-pg<*>.utah.cloudlab.us from <*> to <*> <*>:<*>:<*>. <*> instances.,0.8328,Compute_service record updated for cp-<*>.slowvm<*>.tcloud-pg<*>.utah.cloudlab.us:cp-<*>.slowvm<*>.tcloud-pg<*>.utah.cloudlab.us,0.7067,46.23,150
537,"<*> ""GET <*>HTTP<*>status: <*> len: <*> time: <*>.<*>",exact,"<*> ""GET <*>HTTP<*>status: HTTP<*> len: <*> time: <*>",1.0,"<*> ""POST <*>HTTP<*>status: HTTP<*> len: <*> time: <*>",0.8917,"<*> ""DELETE <*>HTTP<*>status: HTTP<*> len: <*> time: <*>",0.7937,46.09,150
538,"<*> ""GET <*>HTTP<*>status: <*> len: <*> time: <*>.<*>",exact,"<*> ""GET <*>HTTP<*>status: HTTP<*> len: <*> time: <*>",1.0,"<*> ""POST <*>HTTP<*>status: HTTP<*> len: <*> time: <*>",0.8917,"<*> ""DELETE <*>HTTP<*>status: HTTP<*> len: <*> time: <*>",0.7937,46.03,150
539,"Total usable vcpus: <*>, total allocated vcpus: <*>",exact,"Total usable vcpus: <*>, total allocated vcpus: <*>",1.0,"[instance: <*> Attempting claim: memory <*> MB, disk <*> GB, vcpus <*> CPU",0.6382,"[instance: <*> Total vcpu: <*> VCPU, used: <*> VCPU",0.605,45.3,150
540,Final resource view: name=cp-<*>.slowvm<*>.tcloud-pg<*>.utah.cloudlab.us phys_ram=<*>MB used_ram=<*>MB phys_disk=<*>GB used_disk=<*>GB total_vcpus=<*> used_vcpus=<*> pci_stats=[],exact,Final resource view: name=cp-<*>.slowvm<*>.tcloud-pg<*>.utah.cloudlab.us phys_ram=<*>MB used_ram=<*>MB phys_disk=<*>GB used_disk=<*>GB total_vcpus=<*> used_vcpus=<*> pci_stats=[],1.0,The instance sync for host 'cp-<*>.slowvm<*>.tcloud-pg<*>.utah.cloudlab.us' did not match. Re-created its InstanceList.,0.7105,Successfully synced instances from host 'cp-<*>.slowvm<*>.tcloud-pg<*>.utah.cloudlab.us'.,0.7023,49.74,150
541,Compute_service record updated for cp-<*>.slowvm<*>.tcloud-pg<*>.utah.cloudlab.us:cp-<*>.slowvm<*>.tcloud-pg<*>.utah.cloudlab.us,exact,Compute_service record updated for cp-<*>.slowvm<*>.tcloud-pg<*>.utah.cloudlab.us:cp-<*>.slowvm<*>.tcloud-pg<*>.utah.cloudlab.us,1.0,The instance sync for host 'cp-<*>.slowvm<*>.tcloud-pg<*>.utah.cloudlab.us' did not match. Re-created its InstanceList.,0.763,Successfully synced instances from host 'cp-<*>.slowvm<*>.tcloud-pg<*>.utah.cloudlab.us'.,0.7234,48.3,150
542,"<*> ""GET <*>HTTP<*>status: <*> len: <*> time: <*>.<*>",exact,"<*> ""GET <*>HTTP<*>status: HTTP<*> len: <*> time: <*>",1.0,"<*> ""POST <*>HTTP<*>status: HTTP<*> len: <*> time: <*>",0.8917,"<*> ""DELETE <*>HTTP<*>status: HTTP<*> len: <*> time: <*>",0.7937,46.26,150
543,"<*> ""GET <*>HTTP<*>status: <*> len: <*> time: <*>.<*>",exact,"<*> ""GET <*>HTTP<*>status: HTTP<*> len: <*> time: <*>",1.0,"<*> ""POST <*>HTTP<*>status: HTTP<*> len: <*> time: <*>",0.8917,"<*> ""DELETE <*>HTTP<*>status: HTTP<*> len: <*> time: <*>",0.7937,46.65,150
544,"<*> ""GET <*>HTTP<*>status: <*> len: <*> time: <*>.<*>",exact,"<*> ""GET <*>HTTP<*>status: HTTP<*> len: <*> time: <*>",1.0,"<*> ""POST <*>HTTP<*>status: HTTP<*> len: <*> time: <*>",0.8917,"<*> ""DELETE <*>HTTP<*>status: HTTP<*> len: <*> time: <*>",0.7937,46.22,150
545,"<*> ""GET <*>HTTP<*>status: <*> len: <*> time: <*>.<*>",exact,"<*> ""GET <*>HTTP<*>status: HTTP<*> len: <*> time: <*>",1.0,"<*> ""POST <*>HTTP<*>status: HTTP<*> len: <*> time: <*>",0.8917,"<*> ""DELETE <*>HTTP<*>status: HTTP<*> len: <*> time: <*>",0.7937,46.39,150
546,"<*> ""GET <*>HTTP<*>status: <*> len: <*> time: <*>.<*>",exact,"<*> ""GET <*>HTTP<*>status: HTTP<*> len: <*> time: <*>",1.0,"<*> ""POST <*>HTTP<*>status: HTTP<*> len: <*> time: <*>",0.8917,"<*> ""DELETE <*>HTTP<*>status: HTTP<*> len: <*> time: <*>",0.7937,45.93,150
547,"<*> ""GET <*>HTTP<*>status: <*> len: <*> time: <*>.<*>",exact,"<*> ""GET <*>HTTP<*>status: HTTP<*> len: <*> time: <*>",1.0,"<*> ""POST <*>HTTP<*>status: HTTP<*> len: <*> time: <*>",0.8917,"<*> ""DELETE <*>HTTP<*>status: HTTP<*> len: <*> time: <*>",0.7937,46.03,150
548,image <*>dd<*>-<*>c<*>-<*>fbb-<*>c<*>-<*>fbe<*>b<*> at (<*>checking,exact,image <*> at (<*>checking,1.0,[instance: fecdd<*>a<*>-<*>ca<*>-<*>c<*>-<*>-<*>b<*>f<*>e] Creating image,0.7025,"image <*> at (<*>in use: on this node node<*> local, local<*> on other nodes sharing this instance storage",0.6627,47.51,150
549,"image <*>dd<*>-<*>c<*>-<*>fbb-<*>c<*>-<*>fbe<*>b<*> at (<*>in use: on this node <*> local, <*> on other nodes sharing this instance storage",exact,"image <*> at (<*>in use: on this node node<*> local, local<*> on other nodes sharing this instance storage",1.0,image <*> at (<*>checking,0.6627,[instance: d<*>b<*>bd<*>-<*>-<*>-<*>-fffdd<*>ea<*>e] Creating image,0.5005,48.28,150
550,Active base files: /var/lib/nova/instances/_base/a<*>c<*>f<*>c<*>da<*>b<*>c<*>bb<*>ac<*>e<*>,exact,Active base files: /var/lib/nova/instances/_base/a<*>c<*>f<*>c<*>da<*>b<*>c<*>bb<*>ac<*>e<*>,1.0,Removable base files: /var/lib/nova/instances/_base/a<*>c<*>f<*>c<*>da<*>b<*>c<*>bb<*>ac<*>e<*>,0.871,Unknown base file: /var/lib/nova/instances/_base/a<*>c<*>f<*>c<*>da<*>b<*>c<*>bb<*>ac<*>e<*>,0.84,47.68,150
551,"<*> ""GET <*>HTTP<*>status: <*> len: <*> time: <*>.<*>",exact,"<*> ""GET <*>HTTP<*>status: HTTP<*> len: <*> time: <*>",1.0,"<*> ""POST <*>HTTP<*>status: HTTP<*> len: <*> time: <*>",0.8917,"<*> ""DELETE <*>HTTP<*>status: HTTP<*> len: <*> time: <*>",0.7937,46.31,150
552,"<*> ""GET <*>HTTP<*>status: <*> len: <*> time: <*>.<*>",exact,"<*> ""GET <*>HTTP<*>status: HTTP<*> len: <*> time: <*>",1.0,"<*> ""POST <*>HTTP<*>status: HTTP<*> len: <*> time: <*>",0.8917,"<*> ""DELETE <*>HTTP<*>status: HTTP<*> len: <*> time: <*>",0.7937,45.98,150
553,"<*> ""GET <*>HTTP<*>status: <*> len: <*> time: <*>.<*>",exact,"<*> ""GET <*>HTTP<*>status: HTTP<*> len: <*> time: <*>",1.0,"<*> ""POST <*>HTTP<*>status: HTTP<*> len: <*> time: <*>",0.8917,"<*> ""DELETE <*>HTTP<*>status: HTTP<*> len: <*> time: <*>",0.7937,45.78,150
554,[instance: faf<*>ea-cba<*>-<*>e<*>b-<*>f<*>-<*>a<*>bc<*>f] VM Started (Lifecycle Event),partial,[instance: faf<*>ea-cba<*>-<*>e<*>b-<*>f<*>-<*>a<*>bc<*>f] VM <*> (Lifecycle Event),0.9686,[instance: b<*>ef<*>-ba<*>d-<*>ae-bf<*>a-<*>cba<*>a<*>] VM <*> (Lifecycle Event),0.877,[instance: d<*>b<*>bd<*>-<*>-<*>-<*>-fffdd<*>ea<*>e] VM <*> (Lifecycle Event),0.8695,47.74,150
555,[instance: faf<*>ea-cba<*>-<*>e<*>b-<*>f<*>-<*>a<*>bc<*>f] VM Paused (Lifecycle Event),partial,[instance: faf<*>ea-cba<*>-<*>e<*>b-<*>f<*>-<*>a<*>bc<*>f] VM <*> (Lifecycle Event),0.9588,[instance: <*> VM Paused (Lifecycle Event),0.931,[instance: b<*>ef<*>-ba<*>d-<*>ae-bf<*>a-<*>cba<*>a<*>] VM <*> (Lifecycle Event),0.8864,47.64,150
556,"<*> ""GET <*>HTTP<*>status: <*> len: <*> time: <*>.<*>",exact,"<*> ""GET <*>HTTP<*>status: HTTP<*> len: <*> time: <*>",1.0,"<*> ""POST <*>HTTP<*>status: HTTP<*> len: <*> time: <*>",0.8917,"<*> ""DELETE <*>HTTP<*>status: HTTP<*> len: <*> time: <*>",0.7937,46.53,150
557,[instance: faf<*>ea-cba<*>-<*>e<*>b-<*>f<*>-<*>a<*>bc<*>f] During sync_power_state the instance has a pending task (spawning). Skip.,partial,[instance: <*> During sync_power_state the instance has a pending task (spawning). Skip.,0.9574,[instance: fecdd<*>a<*>-<*>ca<*>-<*>c<*>-<*>-<*>b<*>f<*>e] During sync_power_state the instance has a pending task (spawning). Skip.,0.8659,[instance: faf<*> Instance spawned successfully.,0.6076,48.11,150
558,"<*> ""GET <*>HTTP<*>status: <*> len: <*> time: <*>.<*>",exact,"<*> ""GET <*>HTTP<*>status: HTTP<*> len: <*> time: <*>",1.0,"<*> ""POST <*>HTTP<*>status: HTTP<*> len: <*> time: <*>",0.8917,"<*> ""DELETE <*>HTTP<*>status: HTTP<*> len: <*> time: <*>",0.7937,46.96,150
559,"<*> ""GET <*>HTTP<*>status: <*> len: <*> time: <*>.<*>",exact,"<*> ""GET <*>HTTP<*>status: HTTP<*> len: <*> time: <*>",1.0,"<*> ""POST <*>HTTP<*>status: HTTP<*> len: <*> time: <*>",0.8917,"<*> ""DELETE <*>HTTP<*>status: HTTP<*> len: <*> time: <*>",0.7937,46.24,150
560,image <*>dd<*>-<*>c<*>-<*>fbb-<*>c<*>-<*>fbe<*>b<*> at (<*>checking,exact,image <*> at (<*>checking,1.0,[instance: fecdd<*>a<*>-<*>ca<*>-<*>c<*>-<*>-<*>b<*>f<*>e] Creating image,0.7025,"image <*> at (<*>in use: on this node node<*> local, local<*> on other nodes sharing this instance storage",0.6627,47.38,150
561,"image <*>dd<*>-<*>c<*>-<*>fbb-<*>c<*>-<*>fbe<*>b<*> at (<*>in use: on this node <*> local, <*> on other nodes sharing this instance storage",exact,"image <*> at (<*>in use: on this node node<*> local, local<*> on other nodes sharing this instance storage",1.0,image <*> at (<*>checking,0.6627,[instance: d<*>b<*>bd<*>-<*>-<*>-<*>-fffdd<*>ea<*>e] Creating image,0.5005,48.56,150
562,Active base files: /var/lib/nova/instances/_base/a<*>c<*>f<*>c<*>da<*>b<*>c<*>bb<*>ac<*>e<*>,exact,Active base files: /var/lib/nova/instances/_base/a<*>c<*>f<*>c<*>da<*>b<*>c<*>bb<*>ac<*>e<*>,1.0,Removable base files: /var/lib/nova/instances/_base/a<*>c<*>f<*>c<*>da<*>b<*>c<*>bb<*>ac<*>e<*>,0.871,Unknown base file: /var/lib/nova/instances/_base/a<*>c<*>f<*>c<*>da<*>b<*>c<*>bb<*>ac<*>e<*>,0.84,47.77,150
563,"<*> ""GET <*>HTTP<*>status: <*> len: <*> time: <*>.<*>",exact,"<*> ""GET <*>HTTP<*>status: HTTP<*> len: <*> time: <*>",1.0,"<*> ""POST <*>HTTP<*>status: HTTP<*> len: <*> time: <*>",0.8917,"<*> ""DELETE <*>HTTP<*>status: HTTP<*> len: <*> time: <*>",0.7937,46.34,150
564,"<*> ""GET <*>HTTP<*>status: <*> len: <*> time: <*>.<*>",exact,"<*> ""GET <*>HTTP<*>status: HTTP<*> len: <*> time: <*>",1.0,"<*> ""POST <*>HTTP<*>status: HTTP<*> len: <*> time: <*>",0.8917,"<*> ""DELETE <*>HTTP<*>status: HTTP<*> len: <*> time: <*>",0.7937,45.85,150
565,"<*> ""GET <*>HTTP<*>status: <*> len: <*> time: <*>.<*>",exact,"<*> ""GET <*>HTTP<*>status: HTTP<*> len: <*> time: <*>",1.0,"<*> ""POST <*>HTTP<*>status: HTTP<*> len: <*> time: <*>",0.8917,"<*> ""DELETE <*>HTTP<*>status: HTTP<*> len: <*> time: <*>",0.7937,46.53,150
566,"<*> ""GET <*>HTTP<*>status: <*> len: <*> time: <*>.<*>",exact,"<*> ""GET <*>HTTP<*>status: HTTP<*> len: <*> time: <*>",1.0,"<*> ""POST <*>HTTP<*>status: HTTP<*> len: <*> time: <*>",0.8917,"<*> ""DELETE <*>HTTP<*>status: HTTP<*> len: <*> time: <*>",0.7937,46.07,150
567,Creating event network-vif-plugged:<*>f<*>af-aae<*>-<*>b<*>-<*>c<*>-a<*>bc<*>c<*>e<*>bb<*> for instance faf<*>ea-cba<*>-<*>e<*>b-<*>f<*>-<*>a<*>bc<*>f,partial,Creating event network<*> for instance <*>,0.9786,[instance: faf<*>ea-cba<*>-<*>e<*>b-<*>f<*>-<*>a<*>bc<*>f] VM <*> (Lifecycle Event),0.5149,[instance: c<*>f<*>f<*>-<*>c-<*>ea<*>-b<*>e<*>-<*>edfcfbf] VM <*> (Lifecycle Event),0.5112,51.18,150
568,"<*> ""POST <*>HTTP<*>status: <*> len: <*> time: <*>.<*>",exact,"<*> ""POST <*>HTTP<*>status: HTTP<*> len: <*> time: <*>",1.0,"<*> ""GET <*>HTTP<*>status: HTTP<*> len: <*> time: <*>",0.8917,"<*> ""DELETE <*>HTTP<*>status: HTTP<*> len: <*> time: <*>",0.8163,46.16,150
569,[instance: faf<*>ea-cba<*>-<*>e<*>b-<*>f<*>-<*>a<*>bc<*>f] VM Resumed (Lifecycle Event),partial,[instance: faf<*>ea-cba<*>-<*>e<*>b-<*>f<*>-<*>a<*>bc<*>f] VM <*> (Lifecycle Event),0.9806,[instance: <*> VM Resumed (Lifecycle Event),0.9281,[instance: b<*>ef<*>-ba<*>d-<*>ae-bf<*>a-<*>cba<*>a<*>] VM <*> (Lifecycle Event),0.8888,47.62,150
570,[instance: faf<*>ea-cba<*>-<*>e<*>b-<*>f<*>-<*>a<*>bc<*>f] Instance spawned successfully.,partial,[instance: faf<*> Instance spawned successfully.,0.9848,[instance: <*> Instance spawned successfully.,0.8908,[instance: b<*>ef<*>-ba<*>d-<*>ae-bf<*>a-<*>cba<*>a<*>] Instance spawned successfully.,0.8809,47.61,150
571,[instance: faf<*>ea-cba<*>-<*>e<*>b-<*>f<*>-<*>a<*>bc<*>f] Took <*>.<*> seconds to spawn the instance on the hypervisor.,partial,[instance: <*> Took <*> seconds to spawn the instance on the hypervisor.,0.9497,[instance: c<*>f<*>f<*>-<*>c-<*>ea<*>-b<*>e<*>-<*>edfcfbf] Took <*> seconds to <*> the instance on the hypervisor.,0.9068,[instance: <*> Took <*> seconds to destroy the instance on the hypervisor.,0.8481,48.24,150
572,[instance: faf<*>ea-cba<*>-<*>e<*>b-<*>f<*>-<*>a<*>bc<*>f] During sync_power_state the instance has a pending task (spawning). Skip.,partial,[instance: <*> During sync_power_state the instance has a pending task (spawning). Skip.,0.9593,[instance: fecdd<*>a<*>-<*>ca<*>-<*>c<*>-<*>-<*>b<*>f<*>e] During sync_power_state the instance has a pending task (spawning). Skip.,0.8659,[instance: faf<*> Instance spawned successfully.,0.6094,48.23,150
573,[instance: faf<*>ea-cba<*>-<*>e<*>b-<*>f<*>-<*>a<*>bc<*>f] VM Resumed (Lifecycle Event),partial,[instance: faf<*>ea-cba<*>-<*>e<*>b-<*>f<*>-<*>a<*>bc<*>f] VM <*> (Lifecycle Event),0.9839,[instance: <*> VM Resumed (Lifecycle Event),0.9281,[instance: b<*>ef<*>-ba<*>d-<*>ae-bf<*>a-<*>cba<*>a<*>] VM <*> (Lifecycle Event),0.8888,47.89,150
574,[instance: faf<*>ea-cba<*>-<*>e<*>b-<*>f<*>-<*>a<*>bc<*>f] Took <*>.<*> seconds to build instance.,partial,[instance: faf<*> Took <*> seconds to build instance.,0.9849,[instance: <*> Took <*> seconds to build instance.,0.9049,[instance: b<*>-fe<*>a-<*>b-b<*>cc-<*>e<*>b<*>cd<*>d] Took <*> seconds to build instance.,0.7876,47.92,150
575,"<*> ""GET <*>HTTP<*>status: <*> len: <*> time: <*>.<*>",exact,"<*> ""GET <*>HTTP<*>status: HTTP<*> len: <*> time: <*>",1.0,"<*> ""POST <*>HTTP<*>status: HTTP<*> len: <*> time: <*>",0.8917,"<*> ""DELETE <*>HTTP<*>status: HTTP<*> len: <*> time: <*>",0.7937,46.25,150
576,"<*> ""GET <*>HTTP<*>status: <*> len: <*> time: <*>.<*>",exact,"<*> ""GET <*>HTTP<*>status: HTTP<*> len: <*> time: <*>",1.0,"<*> ""POST <*>HTTP<*>status: HTTP<*> len: <*> time: <*>",0.8917,"<*> ""DELETE <*>HTTP<*>status: HTTP<*> len: <*> time: <*>",0.7937,46.13,150
577,image <*>dd<*>-<*>c<*>-<*>fbb-<*>c<*>-<*>fbe<*>b<*> at (<*>checking,exact,image <*> at (<*>checking,1.0,[instance: fecdd<*>a<*>-<*>ca<*>-<*>c<*>-<*>-<*>b<*>f<*>e] Creating image,0.7025,"image <*> at (<*>in use: on this node node<*> local, local<*> on other nodes sharing this instance storage",0.6627,47.57,150
578,"image <*>dd<*>-<*>c<*>-<*>fbb-<*>c<*>-<*>fbe<*>b<*> at (<*>in use: on this node <*> local, <*> on other nodes sharing this instance storage",exact,"image <*> at (<*>in use: on this node node<*> local, local<*> on other nodes sharing this instance storage",1.0,image <*> at (<*>checking,0.6627,[instance: d<*>b<*>bd<*>-<*>-<*>-<*>-fffdd<*>ea<*>e] Creating image,0.5005,48.55,150
579,Active base files: /var/lib/nova/instances/_base/a<*>c<*>f<*>c<*>da<*>b<*>c<*>bb<*>ac<*>e<*>,exact,Active base files: /var/lib/nova/instances/_base/a<*>c<*>f<*>c<*>da<*>b<*>c<*>bb<*>ac<*>e<*>,1.0,Removable base files: /var/lib/nova/instances/_base/a<*>c<*>f<*>c<*>da<*>b<*>c<*>bb<*>ac<*>e<*>,0.871,Unknown base file: /var/lib/nova/instances/_base/a<*>c<*>f<*>c<*>da<*>b<*>c<*>bb<*>ac<*>e<*>,0.84,47.64,150
580,"<*> ""GET <*>HTTP<*>status: <*> len: <*> time: <*>.<*>",exact,"<*> ""GET <*>HTTP<*>status: HTTP<*> len: <*> time: <*>",1.0,"<*> ""POST <*>HTTP<*>status: HTTP<*> len: <*> time: <*>",0.8917,"<*> ""DELETE <*>HTTP<*>status: HTTP<*> len: <*> time: <*>",0.7937,46.15,150
581,"<*> ""GET <*>HTTP<*>status: <*> len: <*> time: <*>.<*>",exact,"<*> ""GET <*>HTTP<*>status: HTTP<*> len: <*> time: <*>",1.0,"<*> ""POST <*>HTTP<*>status: HTTP<*> len: <*> time: <*>",0.8917,"<*> ""DELETE <*>HTTP<*>status: HTTP<*> len: <*> time: <*>",0.7937,45.87,150
582,image <*>dd<*>-<*>c<*>-<*>fbb-<*>c<*>-<*>fbe<*>b<*> at (<*>checking,exact,image <*> at (<*>checking,1.0,[instance: fecdd<*>a<*>-<*>ca<*>-<*>c<*>-<*>-<*>b<*>f<*>e] Creating image,0.7025,"image <*> at (<*>in use: on this node node<*> local, local<*> on other nodes sharing this instance storage",0.6627,47.61,150
583,"image <*>dd<*>-<*>c<*>-<*>fbb-<*>c<*>-<*>fbe<*>b<*> at (<*>in use: on this node <*> local, <*> on other nodes sharing this instance storage",exact,"image <*> at (<*>in use: on this node node<*> local, local<*> on other nodes sharing this instance storage",1.0,image <*> at (<*>checking,0.6627,[instance: d<*>b<*>bd<*>-<*>-<*>-<*>-fffdd<*>ea<*>e] Creating image,0.5005,49.13,150
584,"<*> ""GET <*>HTTP<*>status: <*> len: <*> time: <*>.<*>",exact,"<*> ""GET <*>HTTP<*>status: HTTP<*> len: <*> time: <*>",1.0,"<*> ""POST <*>HTTP<*>status: HTTP<*> len: <*> time: <*>",0.8917,"<*> ""DELETE <*>HTTP<*>status: HTTP<*> len: <*> time: <*>",0.7937,46.1,150
585,"<*> ""GET <*>HTTP<*>status: <*> len: <*> time: <*>.<*>",exact,"<*> ""GET <*>HTTP<*>status: HTTP<*> len: <*> time: <*>",1.0,"<*> ""POST <*>HTTP<*>status: HTTP<*> len: <*> time: <*>",0.8917,"<*> ""DELETE <*>HTTP<*>status: HTTP<*> len: <*> time: <*>",0.7937,45.79,150
586,Active base files: /var/lib/nova/instances/_base/a<*>c<*>f<*>c<*>da<*>b<*>c<*>bb<*>ac<*>e<*>,exact,Active base files: /var/lib/nova/instances/_base/a<*>c<*>f<*>c<*>da<*>b<*>c<*>bb<*>ac<*>e<*>,1.0,Removable base files: /var/lib/nova/instances/_base/a<*>c<*>f<*>c<*>da<*>b<*>c<*>bb<*>ac<*>e<*>,0.871,Unknown base file: /var/lib/nova/instances/_base/a<*>c<*>f<*>c<*>da<*>b<*>c<*>bb<*>ac<*>e<*>,0.84,48.59,150
587,"<*> ""GET <*>HTTP<*>status: <*> len: <*> time: <*>.<*>",exact,"<*> ""GET <*>HTTP<*>status: HTTP<*> len: <*> time: <*>",1.0,"<*> ""POST <*>HTTP<*>status: HTTP<*> len: <*> time: <*>",0.8917,"<*> ""DELETE <*>HTTP<*>status: HTTP<*> len: <*> time: <*>",0.7937,46.37,150
588,"<*> ""GET <*>HTTP<*>status: <*> len: <*> time: <*>.<*>",exact,"<*> ""GET <*>HTTP<*>status: HTTP<*> len: <*> time: <*>",1.0,"<*> ""POST <*>HTTP<*>status: HTTP<*> len: <*> time: <*>",0.8917,"<*> ""DELETE <*>HTTP<*>status: HTTP<*> len: <*> time: <*>",0.7937,46.29,150
589,"<*> ""GET <*>HTTP<*>status: <*> len: <*> time: <*>.<*>",exact,"<*> ""GET <*>HTTP<*>status: HTTP<*> len: <*> time: <*>",1.0,"<*> ""POST <*>HTTP<*>status: HTTP<*> len: <*> time: <*>",0.8917,"<*> ""DELETE <*>HTTP<*>status: HTTP<*> len: <*> time: <*>",0.7937,46.07,150
590,"<*> ""GET <*>HTTP<*>status: <*> len: <*> time: <*>.<*>",exact,"<*> ""GET <*>HTTP<*>status: HTTP<*> len: <*> time: <*>",1.0,"<*> ""POST <*>HTTP<*>status: HTTP<*> len: <*> time: <*>",0.8917,"<*> ""DELETE <*>HTTP<*>status: HTTP<*> len: <*> time: <*>",0.7937,46.09,150
591,"<*> ""GET <*>HTTP<*>status: <*> len: <*> time: <*>.<*>",exact,"<*> ""GET <*>HTTP<*>status: HTTP<*> len: <*> time: <*>",1.0,"<*> ""POST <*>HTTP<*>status: HTTP<*> len: <*> time: <*>",0.8917,"<*> ""DELETE <*>HTTP<*>status: HTTP<*> len: <*> time: <*>",0.7937,45.8,150
592,"<*> ""GET <*>HTTP<*>status: <*> len: <*> time: <*>.<*>",exact,"<*> ""GET <*>HTTP<*>status: HTTP<*> len: <*> time: <*>",1.0,"<*> ""POST <*>HTTP<*>status: HTTP<*> len: <*> time: <*>",0.8917,"<*> ""DELETE <*>HTTP<*>status: HTTP<*> len: <*> time: <*>",0.7937,45.85,150
593,"<*> ""GET <*>HTTP<*>status: <*> len: <*> time: <*>.<*>",exact,"<*> ""GET <*>HTTP<*>status: HTTP<*> len: <*> time: <*>",1.0,"<*> ""POST <*>HTTP<*>status: HTTP<*> len: <*> time: <*>",0.8917,"<*> ""DELETE <*>HTTP<*>status: HTTP<*> len: <*> time: <*>",0.7937,45.81,150
594,"<*> ""GET <*>HTTP<*>status: <*> len: <*> time: <*>.<*>",exact,"<*> ""GET <*>HTTP<*>status: HTTP<*> len: <*> time: <*>",1.0,"<*> ""POST <*>HTTP<*>status: HTTP<*> len: <*> time: <*>",0.8917,"<*> ""DELETE <*>HTTP<*>status: HTTP<*> len: <*> time: <*>",0.7937,45.69,150
595,"<*> ""GET <*>HTTP<*>status: <*> len: <*> time: <*>.<*>",exact,"<*> ""GET <*>HTTP<*>status: HTTP<*> len: <*> time: <*>",1.0,"<*> ""POST <*>HTTP<*>status: HTTP<*> len: <*> time: <*>",0.8917,"<*> ""DELETE <*>HTTP<*>status: HTTP<*> len: <*> time: <*>",0.7937,45.91,150
596,"<*> ""DELETE <*>HTTP<*>status: <*> len: <*> time: <*>.<*>",exact,"<*> ""DELETE <*>HTTP<*>status: HTTP<*> len: <*> time: <*>",1.0,"<*> ""POST <*>HTTP<*>status: HTTP<*> len: <*> time: <*>",0.8163,"<*> ""GET <*>HTTP<*>status: HTTP<*> len: <*> time: <*>",0.7937,46.43,150
597,[instance: faf<*>ea-cba<*>-<*>e<*>b-<*>f<*>-<*>a<*>bc<*>f] Terminating instance,partial,[instance: faf<*> Terminating instance,0.9833,[instance: b<*>ef<*>-ba<*>d-<*>ae-bf<*>a-<*>cba<*>a<*>] Terminating instance,0.8764,[instance: <*> Terminating instance,0.8716,47.57,150
598,"<*> ""GET <*>HTTP<*>status: <*> len: <*> time: <*>.<*>",exact,"<*> ""GET <*>HTTP<*>status: HTTP<*> len: <*> time: <*>",1.0,"<*> ""POST <*>HTTP<*>status: HTTP<*> len: <*> time: <*>",0.8917,"<*> ""DELETE <*>HTTP<*>status: HTTP<*> len: <*> time: <*>",0.7937,46.33,150
599,[instance: faf<*>ea-cba<*>-<*>e<*>b-<*>f<*>-<*>a<*>bc<*>f] Instance destroyed successfully.,partial,[instance: faf<*> Instance destroyed successfully.,0.9841,[instance: <*> Instance destroyed successfully.,0.8838,[instance: c<*>f<*>f<*>-<*>c-<*>ea<*>-b<*>e<*>-<*>edfcfbf] Instance destroyed successfully.,0.8657,47.61,150
600,"<*> ""GET <*>HTTP<*>status: <*> len: <*> time: <*>.<*>",exact,"<*> ""GET <*>HTTP<*>status: HTTP<*> len: <*> time: <*>",1.0,"<*> ""POST <*>HTTP<*>status: HTTP<*> len: <*> time: <*>",0.8917,"<*> ""DELETE <*>HTTP<*>status: HTTP<*> len: <*> time: <*>",0.7937,46.23,150
