log_id,normalised,match_type,top1_template,top1_score,top2_template,top2_score,top3_template,top3_score,latency_ms,store_size
1,pam_unix(sshd:auth): authentication failure; logname= uid=0 euid=0 tty=ssh ruser= rhost=<*> user=root,exact,<*> rhost=<*> user=root,0.9987,pam_unix(sshd:session): session <*> for user fztu by (uid=0),0.5932,Failed password for <*> from <*> port for<*> ssh2 from<*> ssh2 port <*> ssh2],0.5906,42.45,15
2,Failed password for root from <*> port 52316 ssh2,partial,Failed password for <*> from <*> port for<*> ssh2 from<*> ssh2 port <*> ssh2],0.9466,<*> rhost=<*> user=root,0.546,Invalid user cyrus from <*>,0.3083,10.56,15
3,Received disconnect from <*>: 11: Bye Bye [preauth],exact,<*> methods<*> available. [preauth],0.9971,Received disconnect from <*>: 11: disconnected by user,0.7321,input_userauth_request: invalid user <*> [preauth],0.5328,9.86,15
4,pam_unix(sshd:auth): authentication failure; logname= uid=0 euid=0 tty=ssh ruser= rhost=<*> user=root,exact,<*> rhost=<*> user=root,0.9987,pam_unix(sshd:session): session <*> for user fztu by (uid=0),0.5932,Failed password for <*> from <*> port for<*> ssh2 from<*> ssh2 port <*> ssh2],0.5906,10.6,15
5,Failed password for root from <*> port 52590 ssh2,partial,Failed password for <*> from <*> port for<*> ssh2 from<*> ssh2 port <*> ssh2],0.9222,<*> rhost=<*> user=root,0.5413,Invalid user <*> from <*>,0.3355,9.44,15
6,Received disconnect from <*>: 11: Bye Bye [preauth],exact,<*> methods<*> available. [preauth],0.9971,Received disconnect from <*>: 11: disconnected by user,0.7321,input_userauth_request: invalid user <*> [preauth],0.5328,9.9,15
7,pam_unix(sshd:auth): authentication failure; logname= uid=0 euid=0 tty=ssh ruser= rhost=<*> user=root,exact,<*> rhost=<*> user=root,0.9988,pam_unix(sshd:session): session <*> for user fztu by (uid=0),0.5932,Failed password for <*> from <*> port for<*> ssh2 from<*> ssh2 port <*> ssh2],0.5906,11.02,15
8,Failed password for root from <*> port 53021 ssh2,partial,Failed password for <*> from <*> port for<*> ssh2 from<*> ssh2 port <*> ssh2],0.9416,<*> rhost=<*> user=root,0.5352,Invalid user cyrus from <*>,0.3289,9.87,15
9,Received disconnect from <*>: 11: Bye Bye [preauth],exact,<*> methods<*> available. [preauth],0.9971,Received disconnect from <*>: 11: disconnected by user,0.7321,input_userauth_request: invalid user <*> [preauth],0.5328,10.05,15
10,pam_unix(sshd:auth): authentication failure; logname= uid=0 euid=0 tty=ssh ruser= rhost=<*> user=root,exact,<*> rhost=<*> user=root,0.9988,pam_unix(sshd:session): session <*> for user fztu by (uid=0),0.5932,Failed password for <*> from <*> port for<*> ssh2 from<*> ssh2 port <*> ssh2],0.5906,11.19,15
11,Failed password for root from <*> port 53440 ssh2,partial,Failed password for <*> from <*> port for<*> ssh2 from<*> ssh2 port <*> ssh2],0.9186,<*> rhost=<*> user=root,0.4843,Invalid user cyrus from <*>,0.3139,9.96,15
12,Received disconnect from <*>: 11: Bye Bye [preauth],exact,<*> methods<*> available. [preauth],0.9971,Received disconnect from <*>: 11: disconnected by user,0.7321,input_userauth_request: invalid user <*> [preauth],0.5328,9.97,15
13,pam_unix(sshd:auth): authentication failure; logname= uid=0 euid=0 tty=ssh ruser= rhost=<*> user=root,exact,<*> rhost=<*> user=root,0.9988,pam_unix(sshd:session): session <*> for user fztu by (uid=0),0.5932,Failed password for <*> from <*> port for<*> ssh2 from<*> ssh2 port <*> ssh2],0.5905,11.32,15
14,Failed password for root from <*> port 53891 ssh2,partial,Failed password for <*> from <*> port for<*> ssh2 from<*> ssh2 port <*> ssh2],0.9223,<*> rhost=<*> user=root,0.5101,Invalid user cyrus from <*>,0.3093,10.18,15
15,Received disconnect from <*>: 11: Bye Bye [preauth],exact,<*> methods<*> available. [preauth],0.9972,Received disconnect from <*>: 11: disconnected by user,0.7321,input_userauth_request: invalid user <*> [preauth],0.5328,10.07,15
16,pam_unix(sshd:auth): authentication failure; logname= uid=0 euid=0 tty=ssh ruser= rhost=<*> user=root,exact,<*> rhost=<*> user=root,0.9988,pam_unix(sshd:session): session <*> for user fztu by (uid=0),0.5932,Failed password for <*> from <*> port for<*> ssh2 from<*> ssh2 port <*> ssh2],0.5905,11.11,15
17,Failed password for root from <*> port 54339 ssh2,partial,Failed password for <*> from <*> port for<*> ssh2 from<*> ssh2 port <*> ssh2],0.9381,<*> rhost=<*> user=root,0.5235,Invalid user cyrus from <*>,0.338,9.6,15
18,Received disconnect from <*>: 11: Bye Bye [preauth],exact,<*> methods<*> available. [preauth],0.9972,Received disconnect from <*>: 11: disconnected by user,0.7321,input_userauth_request: invalid user <*> [preauth],0.5328,9.9,15
19,pam_unix(sshd:auth): authentication failure; logname= uid=0 euid=0 tty=ssh ruser= rhost=<*> user=root,exact,<*> rhost=<*> user=root,0.9988,pam_unix(sshd:session): session <*> for user fztu by (uid=0),0.5932,Failed password for <*> from <*> port for<*> ssh2 from<*> ssh2 port <*> ssh2],0.5904,11.22,15
20,Failed password for root from <*> port 54699 ssh2,partial,Failed password for <*> from <*> port for<*> ssh2 from<*> ssh2 port <*> ssh2],0.9257,<*> rhost=<*> user=root,0.5288,Invalid user cyrus from <*>,0.3425,9.87,15
21,Received disconnect from <*>: 11: Bye Bye [preauth],exact,<*> methods<*> available. [preauth],0.9972,Received disconnect from <*>: 11: disconnected by user,0.7321,input_userauth_request: invalid user <*> [preauth],0.5328,10.01,15
22,pam_unix(sshd:auth): authentication failure; logname= uid=0 euid=0 tty=ssh ruser= rhost=<*> user=root,exact,<*> rhost=<*> user=root,0.9988,pam_unix(sshd:session): session <*> for user fztu by (uid=0),0.5932,Failed password for <*> from <*> port for<*> ssh2 from<*> ssh2 port <*> ssh2],0.5904,11.19,15
23,Failed password for root from <*> port 55069 ssh2,partial,Failed password for <*> from <*> port for<*> ssh2 from<*> ssh2 port <*> ssh2],0.9059,<*> rhost=<*> user=root,0.542,Invalid user cyrus from <*>,0.3337,9.87,15
24,Received disconnect from <*>: 11: Bye Bye [preauth],exact,<*> methods<*> available. [preauth],0.9973,Received disconnect from <*>: 11: disconnected by user,0.7321,input_userauth_request: invalid user <*> [preauth],0.5328,9.84,15
25,pam_unix(sshd:auth): authentication failure; logname= uid=0 euid=0 tty=ssh ruser= rhost=<*> user=root,exact,<*> rhost=<*> user=root,0.9988,pam_unix(sshd:session): session <*> for user fztu by (uid=0),0.5932,Failed password for <*> from <*> port for<*> ssh2 from<*> ssh2 port <*> ssh2],0.5904,11.11,15
26,Failed password for root from <*> port 55577 ssh2,partial,Failed password for <*> from <*> port for<*> ssh2 from<*> ssh2 port <*> ssh2],0.8878,<*> rhost=<*> user=root,0.5214,Invalid user cyrus from <*>,0.3028,9.94,15
27,Received disconnect from <*>: 11: Bye Bye [preauth],exact,<*> methods<*> available. [preauth],0.9973,Received disconnect from <*>: 11: disconnected by user,0.7321,input_userauth_request: invalid user <*> [preauth],0.5328,10.09,15
28,pam_unix(sshd:auth): authentication failure; logname= uid=0 euid=0 tty=ssh ruser= rhost=<*> user=root,exact,<*> rhost=<*> user=root,0.9988,pam_unix(sshd:session): session <*> for user fztu by (uid=0),0.5932,Failed password for <*> from <*> port for<*> ssh2 from<*> ssh2 port <*> ssh2],0.5904,11.31,15
29,Failed password for root from <*> port 55956 ssh2,partial,Failed password for <*> from <*> port for<*> ssh2 from<*> ssh2 port <*> ssh2],0.9548,<*> rhost=<*> user=root,0.5334,Invalid user cyrus from <*>,0.3212,10.13,15
30,Received disconnect from <*>: 11: Bye Bye [preauth],exact,<*> methods<*> available. [preauth],0.9973,Received disconnect from <*>: 11: disconnected by user,0.7321,input_userauth_request: invalid user <*> [preauth],0.5328,10.44,15
31,pam_unix(sshd:auth): authentication failure; logname= uid=0 euid=0 tty=ssh ruser= rhost=<*> user=root,exact,<*> rhost=<*> user=root,0.9988,pam_unix(sshd:session): session <*> for user fztu by (uid=0),0.5932,Failed password for <*> from <*> port for<*> ssh2 from<*> ssh2 port <*> ssh2],0.5904,11.54,15
32,Failed password for root from <*> port 56319 ssh2,partial,Failed password for <*> from <*> port for<*> ssh2 from<*> ssh2 port <*> ssh2],0.9568,<*> rhost=<*> user=root,0.5388,Invalid user cyrus from <*>,0.3268,10.01,15
33,Received disconnect from <*>: 11: Bye Bye [preauth],exact,<*> methods<*> available. [preauth],0.9973,Received disconnect from <*>: 11: disconnected by user,0.7321,input_userauth_request: invalid user <*> [preauth],0.5328,10.03,15
34,pam_unix(sshd:auth): authentication failure; logname= uid=0 euid=0 tty=ssh ruser= rhost=<*> user=root,exact,<*> rhost=<*> user=root,0.9989,pam_unix(sshd:session): session <*> for user fztu by (uid=0),0.5932,Failed password for <*> from <*> port for<*> ssh2 from<*> ssh2 port <*> ssh2],0.5903,11.38,15
35,Failed password for root from <*> port 56847 ssh2,partial,Failed password for <*> from <*> port for<*> ssh2 from<*> ssh2 port <*> ssh2],0.9511,<*> rhost=<*> user=root,0.5129,Invalid user cyrus from <*>,0.3281,10.22,15
36,Received disconnect from <*>: 11: Bye Bye [preauth],exact,<*> methods<*> available. [preauth],0.9974,Received disconnect from <*>: 11: disconnected by user,0.7321,input_userauth_request: invalid user <*> [preauth],0.5328,10.53,15
37,pam_unix(sshd:auth): authentication failure; logname= uid=0 euid=0 tty=ssh ruser= rhost=<*> user=root,exact,<*> rhost=<*> user=root,0.9989,pam_unix(sshd:session): session <*> for user fztu by (uid=0),0.5932,Failed password for <*> from <*> port for<*> ssh2 from<*> ssh2 port <*> ssh2],0.5903,11.39,15
38,Failed password for root from <*> port 57092 ssh2,partial,Failed password for <*> from <*> port for<*> ssh2 from<*> ssh2 port <*> ssh2],0.9291,<*> rhost=<*> user=root,0.5436,Invalid user <*> from <*>,0.3139,9.84,15
39,Received disconnect from <*>: 11: Bye Bye [preauth],exact,<*> methods<*> available. [preauth],0.9974,Received disconnect from <*>: 11: disconnected by user,0.7321,input_userauth_request: invalid user <*> [preauth],0.5328,10.13,15
40,pam_unix(sshd:auth): authentication failure; logname= uid=0 euid=0 tty=ssh ruser= rhost=<*> user=root,exact,<*> rhost=<*> user=root,0.9989,pam_unix(sshd:session): session <*> for user fztu by (uid=0),0.5932,Failed password for <*> from <*> port for<*> ssh2 from<*> ssh2 port <*> ssh2],0.5903,11.33,15
41,Failed password for root from <*> port 57485 ssh2,partial,Failed password for <*> from <*> port for<*> ssh2 from<*> ssh2 port <*> ssh2],0.9485,<*> rhost=<*> user=root,0.5142,Invalid user cyrus from <*>,0.3338,10.0,15
42,Received disconnect from <*>: 11: Bye Bye [preauth],exact,<*> methods<*> available. [preauth],0.9974,Received disconnect from <*>: 11: disconnected by user,0.7321,input_userauth_request: invalid user <*> [preauth],0.5328,10.22,15
43,pam_unix(sshd:auth): authentication failure; logname= uid=0 euid=0 tty=ssh ruser= rhost=<*> user=root,exact,<*> rhost=<*> user=root,0.9989,pam_unix(sshd:session): session <*> for user fztu by (uid=0),0.5932,Failed password for <*> from <*> port for<*> ssh2 from<*> ssh2 port <*> ssh2],0.5902,11.33,15
44,Failed password for root from <*> port 57998 ssh2,partial,Failed password for <*> from <*> port for<*> ssh2 from<*> ssh2 port <*> ssh2],0.956,<*> rhost=<*> user=root,0.5446,Invalid user cyrus from <*>,0.343,9.97,15
45,Received disconnect from <*>: 11: Bye Bye [preauth],exact,<*> methods<*> available. [preauth],0.9974,Received disconnect from <*>: 11: disconnected by user,0.7321,input_userauth_request: invalid user <*> [preauth],0.5328,10.08,15
46,pam_unix(sshd:auth): authentication failure; logname= uid=0 euid=0 tty=ssh ruser= rhost=<*> user=root,exact,<*> rhost=<*> user=root,0.9989,pam_unix(sshd:session): session <*> for user fztu by (uid=0),0.5932,Failed password for <*> from <*> port for<*> ssh2 from<*> ssh2 port <*> ssh2],0.5902,11.22,15
47,Failed password for root from <*> port 58430 ssh2,partial,Failed password for <*> from <*> port for<*> ssh2 from<*> ssh2 port <*> ssh2],0.936,<*> rhost=<*> user=root,0.5261,Invalid user cyrus from <*>,0.2901,10.11,15
48,Received disconnect from <*>: 11: Bye Bye [preauth],exact,<*> methods<*> available. [preauth],0.9975,Received disconnect from <*>: 11: disconnected by user,0.7321,input_userauth_request: invalid user <*> [preauth],0.5328,10.06,15
49,pam_unix(sshd:auth): authentication failure; logname= uid=0 euid=0 tty=ssh ruser= rhost=<*> user=root,exact,<*> rhost=<*> user=root,0.9989,pam_unix(sshd:session): session <*> for user fztu by (uid=0),0.5932,Failed password for <*> from <*> port for<*> ssh2 from<*> ssh2 port <*> ssh2],0.5902,11.23,15
50,Failed password for root from <*> port 58882 ssh2,partial,Failed password for <*> from <*> port for<*> ssh2 from<*> ssh2 port <*> ssh2],0.9127,<*> rhost=<*> user=root,0.5007,Invalid user cyrus from <*>,0.2967,9.97,15
51,Received disconnect from <*>: 11: Bye Bye [preauth],exact,<*> methods<*> available. [preauth],0.9975,Received disconnect from <*>: 11: disconnected by user,0.7321,input_userauth_request: invalid user <*> [preauth],0.5328,10.01,15
52,pam_unix(sshd:auth): authentication failure; logname= uid=0 euid=0 tty=ssh ruser= rhost=<*> user=root,exact,<*> rhost=<*> user=root,0.9989,pam_unix(sshd:session): session <*> for user fztu by (uid=0),0.5932,Failed password for <*> from <*> port for<*> ssh2 from<*> ssh2 port <*> ssh2],0.5901,11.33,15
53,Failed password for root from <*> port 59160 ssh2,partial,Failed password for <*> from <*> port for<*> ssh2 from<*> ssh2 port <*> ssh2],0.9381,<*> rhost=<*> user=root,0.5482,Invalid user cyrus from <*>,0.3319,10.09,15
54,Received disconnect from <*>: 11: Bye Bye [preauth],exact,<*> methods<*> available. [preauth],0.9975,Received disconnect from <*>: 11: disconnected by user,0.7321,input_userauth_request: invalid user <*> [preauth],0.5328,10.01,15
55,pam_unix(sshd:auth): authentication failure; logname= uid=0 euid=0 tty=ssh ruser= rhost=<*> user=root,exact,<*> rhost=<*> user=root,0.9989,pam_unix(sshd:session): session <*> for user fztu by (uid=0),0.5932,Failed password for <*> from <*> port for<*> ssh2 from<*> ssh2 port <*> ssh2],0.5901,11.3,15
56,Failed password for root from <*> port 59470 ssh2,partial,Failed password for <*> from <*> port for<*> ssh2 from<*> ssh2 port <*> ssh2],0.954,<*> rhost=<*> user=root,0.5293,Invalid user cyrus from <*>,0.3233,9.91,15
57,Received disconnect from <*>: 11: Bye Bye [preauth],exact,<*> methods<*> available. [preauth],0.9975,Received disconnect from <*>: 11: disconnected by user,0.7321,input_userauth_request: invalid user <*> [preauth],0.5328,9.94,15
58,pam_unix(sshd:auth): authentication failure; logname= uid=0 euid=0 tty=ssh ruser= rhost=<*> user=root,exact,<*> rhost=<*> user=root,0.9989,pam_unix(sshd:session): session <*> for user fztu by (uid=0),0.5932,Failed password for <*> from <*> port for<*> ssh2 from<*> ssh2 port <*> ssh2],0.5901,11.42,15
59,Failed password for root from <*> port 59905 ssh2,partial,Failed password for <*> from <*> port for<*> ssh2 from<*> ssh2 port <*> ssh2],0.9366,<*> rhost=<*> user=root,0.5206,Invalid user cyrus from <*>,0.3246,10.01,15
60,Received disconnect from <*>: 11: Bye Bye [preauth],exact,<*> methods<*> available. [preauth],0.9976,Received disconnect from <*>: 11: disconnected by user,0.7321,input_userauth_request: invalid user <*> [preauth],0.5328,9.88,15
61,pam_unix(sshd:auth): authentication failure; logname= uid=0 euid=0 tty=ssh ruser= rhost=<*> user=root,exact,<*> rhost=<*> user=root,0.9989,pam_unix(sshd:session): session <*> for user fztu by (uid=0),0.5932,Failed password for <*> from <*> port for<*> ssh2 from<*> ssh2 port <*> ssh2],0.59,11.22,15
62,Failed password for root from <*> port 60413 ssh2,partial,Failed password for <*> from <*> port for<*> ssh2 from<*> ssh2 port <*> ssh2],0.9383,<*> rhost=<*> user=root,0.5508,Invalid user cyrus from <*>,0.3431,10.09,15
63,Received disconnect from <*>: 11: Bye Bye [preauth],exact,<*> methods<*> available. [preauth],0.9976,Received disconnect from <*>: 11: disconnected by user,0.7321,input_userauth_request: invalid user <*> [preauth],0.5328,10.25,15
64,pam_unix(sshd:auth): authentication failure; logname= uid=0 euid=0 tty=ssh ruser= rhost=<*> user=root,exact,<*> rhost=<*> user=root,0.9989,pam_unix(sshd:session): session <*> for user fztu by (uid=0),0.5932,Failed password for <*> from <*> port for<*> ssh2 from<*> ssh2 port <*> ssh2],0.59,11.43,15
65,Failed password for root from <*> port 60834 ssh2,partial,Failed password for <*> from <*> port for<*> ssh2 from<*> ssh2 port <*> ssh2],0.9401,<*> rhost=<*> user=root,0.5451,Invalid user cyrus from <*>,0.3357,10.03,15
66,Received disconnect from <*>: 11: Bye Bye [preauth],exact,<*> methods<*> available. [preauth],0.9976,Received disconnect from <*>: 11: disconnected by user,0.7321,input_userauth_request: invalid user <*> [preauth],0.5328,10.02,15
67,pam_unix(sshd:auth): authentication failure; logname= uid=0 euid=0 tty=ssh ruser= rhost=<*> user=root,exact,<*> rhost=<*> user=root,0.999,pam_unix(sshd:session): session <*> for user fztu by (uid=0),0.5932,Failed password for <*> from <*> port for<*> ssh2 from<*> ssh2 port <*> ssh2],0.59,11.27,15
68,Failed password for root from <*> port 32995 ssh2,partial,Failed password for <*> from <*> port for<*> ssh2 from<*> ssh2 port <*> ssh2],0.9273,<*> rhost=<*> user=root,0.5612,Invalid user <*> from <*>,0.3319,9.87,15
69,Received disconnect from <*>: 11: Bye Bye [preauth],exact,<*> methods<*> available. [preauth],0.9976,Received disconnect from <*>: 11: disconnected by user,0.7321,input_userauth_request: invalid user <*> [preauth],0.5328,10.02,15
70,pam_unix(sshd:auth): authentication failure; logname= uid=0 euid=0 tty=ssh ruser= rhost=<*> user=root,exact,<*> rhost=<*> user=root,0.999,pam_unix(sshd:session): session <*> for user fztu by (uid=0),0.5932,Failed password for <*> from <*> port for<*> ssh2 from<*> ssh2 port <*> ssh2],0.59,11.33,15
71,Failed password for root from <*> port 33258 ssh2,partial,Failed password for <*> from <*> port for<*> ssh2 from<*> ssh2 port <*> ssh2],0.9557,<*> rhost=<*> user=root,0.5779,Invalid user <*> from <*>,0.3396,9.89,15
72,Received disconnect from <*>: 11: Bye Bye [preauth],exact,<*> methods<*> available. [preauth],0.9976,Received disconnect from <*>: 11: disconnected by user,0.7321,input_userauth_request: invalid user <*> [preauth],0.5328,10.04,15
73,pam_unix(sshd:auth): authentication failure; logname= uid=0 euid=0 tty=ssh ruser= rhost=<*> user=root,exact,<*> rhost=<*> user=root,0.999,pam_unix(sshd:session): session <*> for user fztu by (uid=0),0.5932,Failed password for <*> from <*> port for<*> ssh2 from<*> ssh2 port <*> ssh2],0.5901,11.2,15
74,Failed password for root from <*> port 33635 ssh2,partial,Failed password for <*> from <*> port for<*> ssh2 from<*> ssh2 port <*> ssh2],0.9094,<*> rhost=<*> user=root,0.5645,Invalid user cyrus from <*>,0.3418,9.82,15
75,Received disconnect from <*>: 11: Bye Bye [preauth],exact,<*> methods<*> available. [preauth],0.9977,Received disconnect from <*>: 11: disconnected by user,0.7321,input_userauth_request: invalid user <*> [preauth],0.5328,9.69,15
76,pam_unix(sshd:auth): authentication failure; logname= uid=0 euid=0 tty=ssh ruser= rhost=<*> user=root,exact,<*> rhost=<*> user=root,0.999,pam_unix(sshd:session): session <*> for user fztu by (uid=0),0.5932,Failed password for <*> from <*> port for<*> ssh2 from<*> ssh2 port <*> ssh2],0.5901,10.94,15
77,Failed password for root from <*> port 34091 ssh2,partial,Failed password for <*> from <*> port for<*> ssh2 from<*> ssh2 port <*> ssh2],0.9143,<*> rhost=<*> user=root,0.5566,Invalid user cyrus from <*>,0.3176,10.21,15
78,Received disconnect from <*>: 11: Bye Bye [preauth],exact,<*> methods<*> available. [preauth],0.9977,Received disconnect from <*>: 11: disconnected by user,0.7321,input_userauth_request: invalid user <*> [preauth],0.5328,10.69,15
79,pam_unix(sshd:auth): authentication failure; logname= uid=0 euid=0 tty=ssh ruser= rhost=<*> user=root,exact,<*> rhost=<*> user=root,0.999,pam_unix(sshd:session): session <*> for user fztu by (uid=0),0.5932,Failed password for <*> from <*> port for<*> ssh2 from<*> ssh2 port <*> ssh2],0.5901,11.67,15
80,Failed password for root from <*> port 34545 ssh2,partial,Failed password for <*> from <*> port for<*> ssh2 from<*> ssh2 port <*> ssh2],0.9159,<*> rhost=<*> user=root,0.5532,Invalid user cyrus from <*>,0.314,10.8,15
81,Received disconnect from <*>: 11: Bye Bye [preauth],exact,<*> methods<*> available. [preauth],0.9977,Received disconnect from <*>: 11: disconnected by user,0.7321,input_userauth_request: invalid user <*> [preauth],0.5328,10.7,15
82,pam_unix(sshd:auth): authentication failure; logname= uid=0 euid=0 tty=ssh ruser= rhost=<*> user=root,exact,<*> rhost=<*> user=root,0.999,pam_unix(sshd:session): session <*> for user fztu by (uid=0),0.5932,Failed password for <*> from <*> port for<*> ssh2 from<*> ssh2 port <*> ssh2],0.5902,11.54,15
83,Failed password for root from <*> port 34849 ssh2,partial,Failed password for <*> from <*> port for<*> ssh2 from<*> ssh2 port <*> ssh2],0.953,<*> rhost=<*> user=root,0.5635,Invalid user cyrus from <*>,0.3082,10.39,15
84,Received disconnect from <*>: 11: Bye Bye [preauth],exact,<*> methods<*> available. [preauth],0.9977,Received disconnect from <*>: 11: disconnected by user,0.7321,input_userauth_request: invalid user <*> [preauth],0.5328,10.95,15
85,pam_unix(sshd:auth): authentication failure; logname= uid=0 euid=0 tty=ssh ruser= rhost=<*> user=root,exact,<*> rhost=<*> user=root,0.999,pam_unix(sshd:session): session <*> for user fztu by (uid=0),0.5932,Failed password for <*> from <*> port for<*> ssh2 from<*> ssh2 port <*> ssh2],0.5902,11.73,15
86,Failed password for root from <*> port 35260 ssh2,partial,Failed password for <*> from <*> port for<*> ssh2 from<*> ssh2 port <*> ssh2],0.9384,<*> rhost=<*> user=root,0.5528,Invalid user cyrus from <*>,0.3199,11.18,15
87,Received disconnect from <*>: 11: Bye Bye [preauth],exact,<*> methods<*> available. [preauth],0.9977,Received disconnect from <*>: 11: disconnected by user,0.7321,input_userauth_request: invalid user <*> [preauth],0.5328,10.36,15
88,pam_unix(sshd:auth): authentication failure; logname= uid=0 euid=0 tty=ssh ruser= rhost=<*> user=root,exact,<*> rhost=<*> user=root,0.999,pam_unix(sshd:session): session <*> for user fztu by (uid=0),0.5932,Failed password for <*> from <*> port for<*> ssh2 from<*> ssh2 port <*> ssh2],0.5902,11.66,15
89,Failed password for root from <*> port 35525 ssh2,partial,Failed password for <*> from <*> port for<*> ssh2 from<*> ssh2 port <*> ssh2],0.9072,<*> rhost=<*> user=root,0.5338,Invalid user cyrus from <*>,0.3353,10.1,15
90,Received disconnect from <*>: 11: Bye Bye [preauth],exact,<*> methods<*> available. [preauth],0.9978,Received disconnect from <*>: 11: disconnected by user,0.7321,input_userauth_request: invalid user <*> [preauth],0.5328,10.19,15
91,pam_unix(sshd:auth): authentication failure; logname= uid=0 euid=0 tty=ssh ruser= rhost=<*> user=root,exact,<*> rhost=<*> user=root,0.999,pam_unix(sshd:session): session <*> for user fztu by (uid=0),0.5932,Failed password for <*> from <*> port for<*> ssh2 from<*> ssh2 port <*> ssh2],0.5902,11.23,15
92,Failed password for root from <*> port 35893 ssh2,partial,Failed password for <*> from <*> port for<*> ssh2 from<*> ssh2 port <*> ssh2],0.9485,<*> rhost=<*> user=root,0.5648,Invalid user cyrus from <*>,0.3269,10.1,15
93,Received disconnect from <*>: 11: Bye Bye [preauth],exact,<*> methods<*> available. [preauth],0.9978,Received disconnect from <*>: 11: disconnected by user,0.7321,input_userauth_request: invalid user <*> [preauth],0.5328,10.21,15
94,pam_unix(sshd:auth): authentication failure; logname= uid=0 euid=0 tty=ssh ruser= rhost=<*> user=root,exact,<*> rhost=<*> user=root,0.999,pam_unix(sshd:session): session <*> for user fztu by (uid=0),0.5932,Failed password for <*> from <*> port for<*> ssh2 from<*> ssh2 port <*> ssh2],0.5902,11.19,15
95,Failed password for root from <*> port 36335 ssh2,partial,Failed password for <*> from <*> port for<*> ssh2 from<*> ssh2 port <*> ssh2],0.9466,<*> rhost=<*> user=root,0.5451,Invalid user cyrus from <*>,0.3377,9.86,15
96,Received disconnect from <*>: 11: Bye Bye [preauth],exact,<*> methods<*> available. [preauth],0.9978,Received disconnect from <*>: 11: disconnected by user,0.7321,input_userauth_request: invalid user <*> [preauth],0.5328,9.99,15
97,pam_unix(sshd:auth): authentication failure; logname= uid=0 euid=0 tty=ssh ruser= rhost=<*> user=root,exact,<*> rhost=<*> user=root,0.999,pam_unix(sshd:session): session <*> for user fztu by (uid=0),0.5932,Failed password for <*> from <*> port for<*> ssh2 from<*> ssh2 port <*> ssh2],0.5902,11.24,15
98,Failed password for root from <*> port 36747 ssh2,partial,Failed password for <*> from <*> port for<*> ssh2 from<*> ssh2 port <*> ssh2],0.9557,<*> rhost=<*> user=root,0.5539,Invalid user cyrus from <*>,0.3422,10.03,15
99,Received disconnect from <*>: 11: Bye Bye [preauth],exact,<*> methods<*> available. [preauth],0.9978,Received disconnect from <*>: 11: disconnected by user,0.7321,input_userauth_request: invalid user <*> [preauth],0.5328,9.93,15
100,pam_unix(sshd:auth): authentication failure; logname= uid=0 euid=0 tty=ssh ruser= rhost=<*> user=root,exact,<*> rhost=<*> user=root,0.999,pam_unix(sshd:session): session <*> for user fztu by (uid=0),0.5932,Failed password for <*> from <*> port for<*> ssh2 from<*> ssh2 port <*> ssh2],0.5902,11.23,15
101,Failed password for root from <*> port 37033 ssh2,partial,Failed password for <*> from <*> port for<*> ssh2 from<*> ssh2 port <*> ssh2],0.9252,<*> rhost=<*> user=root,0.5438,Invalid user cyrus from <*>,0.3498,9.88,15
102,Received disconnect from <*>: 11: Bye Bye [preauth],exact,<*> methods<*> available. [preauth],0.9978,Received disconnect from <*>: 11: disconnected by user,0.7321,input_userauth_request: invalid user <*> [preauth],0.5328,10.02,15
103,pam_unix(sshd:auth): authentication failure; logname= uid=0 euid=0 tty=ssh ruser= rhost=<*> user=root,exact,<*> rhost=<*> user=root,0.9991,pam_unix(sshd:session): session <*> for user fztu by (uid=0),0.5932,Failed password for <*> from <*> port for<*> ssh2 from<*> ssh2 port <*> ssh2],0.5902,12.24,15
104,Failed password for root from <*> port 37478 ssh2,partial,Failed password for <*> from <*> port for<*> ssh2 from<*> ssh2 port <*> ssh2],0.9555,<*> rhost=<*> user=root,0.5586,Invalid user cyrus from <*>,0.3424,10.82,15
105,Received disconnect from <*>: 11: Bye Bye [preauth],exact,<*> methods<*> available. [preauth],0.9979,Received disconnect from <*>: 11: disconnected by user,0.7321,input_userauth_request: invalid user <*> [preauth],0.5328,11.02,15
106,pam_unix(sshd:auth): authentication failure; logname= uid=0 euid=0 tty=ssh ruser= rhost=<*> user=root,exact,<*> rhost=<*> user=root,0.9991,pam_unix(sshd:session): session <*> for user fztu by (uid=0),0.5932,Failed password for <*> from <*> port for<*> ssh2 from<*> ssh2 port <*> ssh2],0.5902,11.38,15
107,Failed password for root from <*> port 37854 ssh2,partial,Failed password for <*> from <*> port for<*> ssh2 from<*> ssh2 port <*> ssh2],0.9508,<*> rhost=<*> user=root,0.5716,Invalid user cyrus from <*>,0.3538,10.08,15
108,Received disconnect from <*>: 11: Bye Bye [preauth],exact,<*> methods<*> available. [preauth],0.9979,Received disconnect from <*>: 11: disconnected by user,0.7321,input_userauth_request: invalid user <*> [preauth],0.5328,10.02,15
109,pam_unix(sshd:auth): authentication failure; logname= uid=0 euid=0 tty=ssh ruser= rhost=<*> user=root,exact,<*> rhost=<*> user=root,0.9991,pam_unix(sshd:session): session <*> for user fztu by (uid=0),0.5932,Failed password for <*> from <*> port for<*> ssh2 from<*> ssh2 port <*> ssh2],0.5902,11.33,15
110,Failed password for root from <*> port 38241 ssh2,partial,Failed password for <*> from <*> port for<*> ssh2 from<*> ssh2 port <*> ssh2],0.9197,<*> rhost=<*> user=root,0.5261,Invalid user cyrus from <*>,0.3113,9.95,15
111,Received disconnect from <*>: 11: Bye Bye [preauth],exact,<*> methods<*> available. [preauth],0.9979,Received disconnect from <*>: 11: disconnected by user,0.7321,input_userauth_request: invalid user <*> [preauth],0.5328,10.02,15
112,pam_unix(sshd:auth): authentication failure; logname= uid=0 euid=0 tty=ssh ruser= rhost=<*> user=root,exact,<*> rhost=<*> user=root,0.9991,pam_unix(sshd:session): session <*> for user fztu by (uid=0),0.5932,Failed password for <*> from <*> port for<*> ssh2 from<*> ssh2 port <*> ssh2],0.5902,11.24,15
113,Failed password for root from <*> port 38693 ssh2,partial,Failed password for <*> from <*> port for<*> ssh2 from<*> ssh2 port <*> ssh2],0.9361,<*> rhost=<*> user=root,0.5531,Invalid user cyrus from <*>,0.3456,9.92,15
114,Received disconnect from <*>: 11: Bye Bye [preauth],exact,<*> methods<*> available. [preauth],0.9979,Received disconnect from <*>: 11: disconnected by user,0.7321,input_userauth_request: invalid user <*> [preauth],0.5328,9.99,15
115,pam_unix(sshd:auth): authentication failure; logname= uid=0 euid=0 tty=ssh ruser= rhost=<*> user=root,exact,<*> rhost=<*> user=root,0.9991,pam_unix(sshd:session): session <*> for user fztu by (uid=0),0.5932,Failed password for <*> from <*> port for<*> ssh2 from<*> ssh2 port <*> ssh2],0.5902,11.24,15
116,Failed password for root from <*> port 39008 ssh2,partial,Failed password for <*> from <*> port for<*> ssh2 from<*> ssh2 port <*> ssh2],0.9158,<*> rhost=<*> user=root,0.5528,Invalid user cyrus from <*>,0.3293,9.97,15
117,Received disconnect from <*>: 11: Bye Bye [preauth],exact,<*> methods<*> available. [preauth],0.9979,Received disconnect from <*>: 11: disconnected by user,0.7321,input_userauth_request: invalid user <*> [preauth],0.5328,10.14,15
118,pam_unix(sshd:auth): authentication failure; logname= uid=0 euid=0 tty=ssh ruser= rhost=<*> user=root,exact,<*> rhost=<*> user=root,0.9991,pam_unix(sshd:session): session <*> for user fztu by (uid=0),0.5932,Failed password for <*> from <*> port for<*> ssh2 from<*> ssh2 port <*> ssh2],0.5902,11.25,15
119,Failed password for root from <*> port 39309 ssh2,partial,Failed password for <*> from <*> port for<*> ssh2 from<*> ssh2 port <*> ssh2],0.9387,<*> rhost=<*> user=root,0.5411,Invalid user cyrus from <*>,0.3173,10.01,15
120,Received disconnect from <*>: 11: Bye Bye [preauth],exact,<*> methods<*> available. [preauth],0.998,Received disconnect from <*>: 11: disconnected by user,0.7321,input_userauth_request: invalid user <*> [preauth],0.5328,10.29,15
121,pam_unix(sshd:auth): authentication failure; logname= uid=0 euid=0 tty=ssh ruser= rhost=<*> user=root,exact,<*> rhost=<*> user=root,0.9991,pam_unix(sshd:session): session <*> for user fztu by (uid=0),0.5932,Failed password for <*> from <*> port for<*> ssh2 from<*> ssh2 port <*> ssh2],0.5902,11.27,15
122,Failed password for root from <*> port 39714 ssh2,partial,Failed password for <*> from <*> port for<*> ssh2 from<*> ssh2 port <*> ssh2],0.9493,<*> rhost=<*> user=root,0.5402,Invalid user cyrus from <*>,0.3361,9.98,15
123,Received disconnect from <*>: 11: Bye Bye [preauth],exact,<*> methods<*> available. [preauth],0.998,Received disconnect from <*>: 11: disconnected by user,0.7321,input_userauth_request: invalid user <*> [preauth],0.5328,10.21,15
124,pam_unix(sshd:auth): authentication failure; logname= uid=0 euid=0 tty=ssh ruser= rhost=<*> user=root,exact,<*> rhost=<*> user=root,0.9991,pam_unix(sshd:session): session <*> for user fztu by (uid=0),0.5932,Failed password for <*> from <*> port for<*> ssh2 from<*> ssh2 port <*> ssh2],0.5901,11.23,15
125,Failed password for root from <*> port 40110 ssh2,partial,Failed password for <*> from <*> port for<*> ssh2 from<*> ssh2 port <*> ssh2],0.8774,<*> rhost=<*> user=root,0.6006,Invalid user cyrus from <*>,0.3052,9.98,15
126,Received disconnect from <*>: 11: Bye Bye [preauth],exact,<*> methods<*> available. [preauth],0.998,Received disconnect from <*>: 11: disconnected by user,0.7321,input_userauth_request: invalid user <*> [preauth],0.5328,9.97,15
127,pam_unix(sshd:auth): authentication failure; logname= uid=0 euid=0 tty=ssh ruser= rhost=<*> user=root,exact,<*> rhost=<*> user=root,0.9991,pam_unix(sshd:session): session <*> for user fztu by (uid=0),0.5932,Failed password for <*> from <*> port for<*> ssh2 from<*> ssh2 port <*> ssh2],0.5903,11.16,15
128,Failed password for root from <*> port 40454 ssh2,partial,Failed password for <*> from <*> port for<*> ssh2 from<*> ssh2 port <*> ssh2],0.8858,<*> rhost=<*> user=root,0.5296,Invalid user cyrus from <*>,0.3421,9.91,15
129,Received disconnect from <*>: 11: Bye Bye [preauth],exact,<*> methods<*> available. [preauth],0.998,Received disconnect from <*>: 11: disconnected by user,0.7321,input_userauth_request: invalid user <*> [preauth],0.5328,10.2,15
130,pam_unix(sshd:auth): authentication failure; logname= uid=0 euid=0 tty=ssh ruser= rhost=<*> user=root,exact,<*> rhost=<*> user=root,0.9991,pam_unix(sshd:session): session <*> for user fztu by (uid=0),0.5932,Failed password for <*> from <*> port for<*> ssh2 from<*> ssh2 port <*> ssh2],0.5903,11.34,15
131,Failed password for root from <*> port 40862 ssh2,partial,Failed password for <*> from <*> port for<*> ssh2 from<*> ssh2 port <*> ssh2],0.9235,<*> rhost=<*> user=root,0.5336,Invalid user <*> from <*>,0.2973,10.0,15
132,Received disconnect from <*>: 11: Bye Bye [preauth],exact,<*> methods<*> available. [preauth],0.998,Received disconnect from <*>: 11: disconnected by user,0.7321,input_userauth_request: invalid user <*> [preauth],0.5328,9.96,15
133,pam_unix(sshd:auth): authentication failure; logname= uid=0 euid=0 tty=ssh ruser= rhost=<*> user=root,exact,<*> rhost=<*> user=root,0.9991,pam_unix(sshd:session): session <*> for user fztu by (uid=0),0.5932,Failed password for <*> from <*> port for<*> ssh2 from<*> ssh2 port <*> ssh2],0.5903,11.24,15
134,Failed password for root from <*> port 41156 ssh2,partial,Failed password for <*> from <*> port for<*> ssh2 from<*> ssh2 port <*> ssh2],0.9431,<*> rhost=<*> user=root,0.5626,Invalid user cyrus from <*>,0.3314,9.92,15
135,Received disconnect from <*>: 11: Bye Bye [preauth],exact,<*> methods<*> available. [preauth],0.998,Received disconnect from <*>: 11: disconnected by user,0.7321,input_userauth_request: invalid user <*> [preauth],0.5328,10.1,15
136,pam_unix(sshd:auth): authentication failure; logname= uid=0 euid=0 tty=ssh ruser= rhost=<*> user=root,exact,<*> rhost=<*> user=root,0.9991,pam_unix(sshd:session): session <*> for user fztu by (uid=0),0.5932,Failed password for <*> from <*> port for<*> ssh2 from<*> ssh2 port <*> ssh2],0.5903,10.74,15
137,Failed password for root from <*> port 41452 ssh2,partial,Failed password for <*> from <*> port for<*> ssh2 from<*> ssh2 port <*> ssh2],0.9208,<*> rhost=<*> user=root,0.4998,Invalid user cyrus from <*>,0.3098,9.45,15
138,Received disconnect from <*>: 11: Bye Bye [preauth],exact,<*> methods<*> available. [preauth],0.9981,Received disconnect from <*>: 11: disconnected by user,0.7321,input_userauth_request: invalid user <*> [preauth],0.5328,9.9,15
139,pam_unix(sshd:auth): authentication failure; logname= uid=0 euid=0 tty=ssh ruser= rhost=<*> user=root,exact,<*> rhost=<*> user=root,0.9991,pam_unix(sshd:session): session <*> for user fztu by (uid=0),0.5932,Failed password for <*> from <*> port for<*> ssh2 from<*> ssh2 port <*> ssh2],0.5902,11.36,15
140,Failed password for root from <*> port 41860 ssh2,partial,Failed password for <*> from <*> port for<*> ssh2 from<*> ssh2 port <*> ssh2],0.9285,<*> rhost=<*> user=root,0.5443,Invalid user cyrus from <*>,0.3143,9.97,15
141,Received disconnect from <*>: 11: Bye Bye [preauth],exact,<*> methods<*> available. [preauth],0.9981,Received disconnect from <*>: 11: disconnected by user,0.7321,input_userauth_request: invalid user <*> [preauth],0.5328,10.0,15
142,pam_unix(sshd:auth): authentication failure; logname= uid=0 euid=0 tty=ssh ruser= rhost=<*> user=root,exact,<*> rhost=<*> user=root,0.9991,pam_unix(sshd:session): session <*> for user fztu by (uid=0),0.5932,Failed password for <*> from <*> port for<*> ssh2 from<*> ssh2 port <*> ssh2],0.5902,11.4,15
143,Failed password for root from <*> port 42239 ssh2,partial,Failed password for <*> from <*> port for<*> ssh2 from<*> ssh2 port <*> ssh2],0.9328,<*> rhost=<*> user=root,0.5368,Invalid user cyrus from <*>,0.3317,10.23,15
144,Received disconnect from <*>: 11: Bye Bye [preauth],exact,<*> methods<*> available. [preauth],0.9981,Received disconnect from <*>: 11: disconnected by user,0.7321,input_userauth_request: invalid user <*> [preauth],0.5328,9.98,15
145,pam_unix(sshd:auth): authentication failure; logname= uid=0 euid=0 tty=ssh ruser= rhost=<*> user=root,exact,<*> rhost=<*> user=root,0.9991,pam_unix(sshd:session): session <*> for user fztu by (uid=0),0.5932,Failed password for <*> from <*> port for<*> ssh2 from<*> ssh2 port <*> ssh2],0.5902,11.71,15
146,Failed password for root from <*> port 42564 ssh2,partial,Failed password for <*> from <*> port for<*> ssh2 from<*> ssh2 port <*> ssh2],0.9321,<*> rhost=<*> user=root,0.5242,Invalid user cyrus from <*>,0.3145,9.91,15
147,Received disconnect from <*>: 11: Bye Bye [preauth],exact,<*> methods<*> available. [preauth],0.9981,Received disconnect from <*>: 11: disconnected by user,0.7321,input_userauth_request: invalid user <*> [preauth],0.5328,10.18,15
148,pam_unix(sshd:auth): authentication failure; logname= uid=0 euid=0 tty=ssh ruser= rhost=<*> user=root,exact,<*> rhost=<*> user=root,0.9992,pam_unix(sshd:session): session <*> for user fztu by (uid=0),0.5932,Failed password for <*> from <*> port for<*> ssh2 from<*> ssh2 port <*> ssh2],0.5902,11.12,15
149,Failed password for root from <*> port 42948 ssh2,partial,Failed password for <*> from <*> port for<*> ssh2 from<*> ssh2 port <*> ssh2],0.9564,<*> rhost=<*> user=root,0.5411,Invalid user cyrus from <*>,0.3249,10.13,15
150,Received disconnect from <*>: 11: Bye Bye [preauth],exact,<*> methods<*> available. [preauth],0.9981,Received disconnect from <*>: 11: disconnected by user,0.7321,input_userauth_request: invalid user <*> [preauth],0.5328,10.07,15
151,pam_unix(sshd:auth): authentication failure; logname= uid=0 euid=0 tty=ssh ruser= rhost=<*> user=root,exact,<*> rhost=<*> user=root,0.9992,pam_unix(sshd:session): session <*> for user fztu by (uid=0),0.5932,Failed password for <*> from <*> port for<*> ssh2 from<*> ssh2 port <*> ssh2],0.5901,11.19,15
152,Failed password for root from <*> port 43414 ssh2,partial,Failed password for <*> from <*> port for<*> ssh2 from<*> ssh2 port <*> ssh2],0.949,<*> rhost=<*> user=root,0.5368,Invalid user cyrus from <*>,0.344,9.89,15
153,Received disconnect from <*>: 11: Bye Bye [preauth],exact,<*> methods<*> available. [preauth],0.9981,Received disconnect from <*>: 11: disconnected by user,0.7321,input_userauth_request: invalid user <*> [preauth],0.5328,9.88,15
154,pam_unix(sshd:auth): authentication failure; logname= uid=0 euid=0 tty=ssh ruser= rhost=<*> user=root,exact,<*> rhost=<*> user=root,0.9992,pam_unix(sshd:session): session <*> for user fztu by (uid=0),0.5932,Failed password for <*> from <*> port for<*> ssh2 from<*> ssh2 port <*> ssh2],0.5901,11.23,15
155,Failed password for root from <*> port 43714 ssh2,partial,Failed password for <*> from <*> port for<*> ssh2 from<*> ssh2 port <*> ssh2],0.9274,<*> rhost=<*> user=root,0.514,Invalid user cyrus from <*>,0.3302,10.2,15
156,Received disconnect from <*>: 11: Bye Bye [preauth],exact,<*> methods<*> available. [preauth],0.9981,Received disconnect from <*>: 11: disconnected by user,0.7321,input_userauth_request: invalid user <*> [preauth],0.5328,10.08,15
157,pam_unix(sshd:auth): authentication failure; logname= uid=0 euid=0 tty=ssh ruser= rhost=<*> user=root,exact,<*> rhost=<*> user=root,0.9992,pam_unix(sshd:session): session <*> for user fztu by (uid=0),0.5932,Failed password for <*> from <*> port for<*> ssh2 from<*> ssh2 port <*> ssh2],0.5901,11.28,15
158,Failed password for root from <*> port 44125 ssh2,partial,Failed password for <*> from <*> port for<*> ssh2 from<*> ssh2 port <*> ssh2],0.9106,<*> rhost=<*> user=root,0.5291,Invalid user cyrus from <*>,0.3429,10.1,15
159,Received disconnect from <*>: 11: Bye Bye [preauth],exact,<*> methods<*> available. [preauth],0.9982,Received disconnect from <*>: 11: disconnected by user,0.7321,input_userauth_request: invalid user <*> [preauth],0.5328,10.2,15
160,pam_unix(sshd:auth): authentication failure; logname= uid=0 euid=0 tty=ssh ruser= rhost=<*> user=root,exact,<*> rhost=<*> user=root,0.9992,pam_unix(sshd:session): session <*> for user fztu by (uid=0),0.5932,Failed password for <*> from <*> port for<*> ssh2 from<*> ssh2 port <*> ssh2],0.5901,11.29,15
161,Failed password for root from <*> port 44532 ssh2,partial,Failed password for <*> from <*> port for<*> ssh2 from<*> ssh2 port <*> ssh2],0.9181,<*> rhost=<*> user=root,0.4545,Invalid user cyrus from <*>,0.2684,9.99,15
162,Received disconnect from <*>: 11: Bye Bye [preauth],exact,<*> methods<*> available. [preauth],0.9982,Received disconnect from <*>: 11: disconnected by user,0.7321,input_userauth_request: invalid user <*> [preauth],0.5328,10.11,15
163,pam_unix(sshd:auth): authentication failure; logname= uid=0 euid=0 tty=ssh ruser= rhost=<*> user=root,exact,<*> rhost=<*> user=root,0.9992,pam_unix(sshd:session): session <*> for user fztu by (uid=0),0.5932,Failed password for <*> from <*> port for<*> ssh2 from<*> ssh2 port <*> ssh2],0.5899,11.44,15
164,Failed password for root from <*> port 44861 ssh2,partial,Failed password for <*> from <*> port for<*> ssh2 from<*> ssh2 port <*> ssh2],0.9247,<*> rhost=<*> user=root,0.5193,Invalid user <*> from <*>,0.2854,9.85,15
165,Received disconnect from <*>: 11: Bye Bye [preauth],exact,<*> methods<*> available. [preauth],0.9982,Received disconnect from <*>: 11: disconnected by user,0.7321,input_userauth_request: invalid user <*> [preauth],0.5328,10.08,15
166,pam_unix(sshd:auth): authentication failure; logname= uid=0 euid=0 tty=ssh ruser= rhost=<*> user=root,exact,<*> rhost=<*> user=root,0.9992,pam_unix(sshd:session): session <*> for user fztu by (uid=0),0.5932,Failed password for <*> from <*> port for<*> ssh2 from<*> ssh2 port <*> ssh2],0.5899,11.54,15
167,Failed password for root from <*> port 45203 ssh2,partial,Failed password for <*> from <*> port for<*> ssh2 from<*> ssh2 port <*> ssh2],0.9181,<*> rhost=<*> user=root,0.5277,Invalid user cyrus from <*>,0.3065,10.01,15
168,Received disconnect from <*>: 11: Bye Bye [preauth],exact,<*> methods<*> available. [preauth],0.9982,Received disconnect from <*>: 11: disconnected by user,0.7321,input_userauth_request: invalid user <*> [preauth],0.5328,10.0,15
169,pam_unix(sshd:auth): authentication failure; logname= uid=0 euid=0 tty=ssh ruser= rhost=<*> user=root,exact,<*> rhost=<*> user=root,0.9992,pam_unix(sshd:session): session <*> for user fztu by (uid=0),0.5932,Failed password for <*> from <*> port for<*> ssh2 from<*> ssh2 port <*> ssh2],0.5899,11.26,15
170,Failed password for root from <*> port 45599 ssh2,partial,Failed password for <*> from <*> port for<*> ssh2 from<*> ssh2 port <*> ssh2],0.9423,<*> rhost=<*> user=root,0.5567,Invalid user cyrus from <*>,0.3245,10.28,15
171,Received disconnect from <*>: 11: Bye Bye [preauth],exact,<*> methods<*> available. [preauth],0.9982,Received disconnect from <*>: 11: disconnected by user,0.7321,input_userauth_request: invalid user <*> [preauth],0.5328,10.01,15
172,pam_unix(sshd:auth): authentication failure; logname= uid=0 euid=0 tty=ssh ruser= rhost=<*> user=root,exact,<*> rhost=<*> user=root,0.9992,pam_unix(sshd:session): session <*> for user fztu by (uid=0),0.5932,Failed password for <*> from <*> port for<*> ssh2 from<*> ssh2 port <*> ssh2],0.5899,11.25,15
173,Failed password for root from <*> port 46008 ssh2,partial,Failed password for <*> from <*> port for<*> ssh2 from<*> ssh2 port <*> ssh2],0.9292,<*> rhost=<*> user=root,0.5414,Invalid user cyrus from <*>,0.2932,10.0,15
174,Received disconnect from <*>: 11: Bye Bye [preauth],exact,<*> methods<*> available. [preauth],0.9982,Received disconnect from <*>: 11: disconnected by user,0.7321,input_userauth_request: invalid user <*> [preauth],0.5328,9.99,15
175,pam_unix(sshd:auth): authentication failure; logname= uid=0 euid=0 tty=ssh ruser= rhost=<*> user=root,exact,<*> rhost=<*> user=root,0.9992,pam_unix(sshd:session): session <*> for user fztu by (uid=0),0.5932,Failed password for <*> from <*> port for<*> ssh2 from<*> ssh2 port <*> ssh2],0.5899,11.51,15
176,Failed password for root from <*> port 46401 ssh2,partial,Failed password for <*> from <*> port for<*> ssh2 from<*> ssh2 port <*> ssh2],0.9456,<*> rhost=<*> user=root,0.5208,Invalid user cyrus from <*>,0.3086,10.06,15
177,Received disconnect from <*>: 11: Bye Bye [preauth],exact,<*> methods<*> available. [preauth],0.9982,Received disconnect from <*>: 11: disconnected by user,0.7321,input_userauth_request: invalid user <*> [preauth],0.5328,10.02,15
178,pam_unix(sshd:auth): authentication failure; logname= uid=0 euid=0 tty=ssh ruser= rhost=<*> user=root,exact,<*> rhost=<*> user=root,0.9992,pam_unix(sshd:session): session <*> for user fztu by (uid=0),0.5932,Failed password for <*> from <*> port for<*> ssh2 from<*> ssh2 port <*> ssh2],0.5899,11.36,15
179,Failed password for root from <*> port 46822 ssh2,partial,Failed password for <*> from <*> port for<*> ssh2 from<*> ssh2 port <*> ssh2],0.9422,<*> rhost=<*> user=root,0.5092,Invalid user cyrus from <*>,0.3075,10.01,15
180,Received disconnect from <*>: 11: Bye Bye [preauth],exact,<*> methods<*> available. [preauth],0.9983,Received disconnect from <*>: 11: disconnected by user,0.7321,input_userauth_request: invalid user <*> [preauth],0.5328,10.16,15
181,pam_unix(sshd:auth): authentication failure; logname= uid=0 euid=0 tty=ssh ruser= rhost=<*> user=root,exact,<*> rhost=<*> user=root,0.9992,pam_unix(sshd:session): session <*> for user fztu by (uid=0),0.5932,Failed password for <*> from <*> port for<*> ssh2 from<*> ssh2 port <*> ssh2],0.5898,11.35,15
182,Failed password for root from <*> port 47147 ssh2,partial,Failed password for <*> from <*> port for<*> ssh2 from<*> ssh2 port <*> ssh2],0.9437,<*> rhost=<*> user=root,0.5282,Invalid user cyrus from <*>,0.3343,10.06,15
183,Received disconnect from <*>: 11: Bye Bye [preauth],exact,<*> methods<*> available. [preauth],0.9983,Received disconnect from <*>: 11: disconnected by user,0.7321,input_userauth_request: invalid user <*> [preauth],0.5328,9.94,15
184,pam_unix(sshd:auth): authentication failure; logname= uid=0 euid=0 tty=ssh ruser= rhost=<*> user=root,exact,<*> rhost=<*> user=root,0.9992,pam_unix(sshd:session): session <*> for user fztu by (uid=0),0.5932,Failed password for <*> from <*> port for<*> ssh2 from<*> ssh2 port <*> ssh2],0.5898,11.24,15
185,Failed password for root from <*> port 47547 ssh2,partial,Failed password for <*> from <*> port for<*> ssh2 from<*> ssh2 port <*> ssh2],0.9492,<*> rhost=<*> user=root,0.5366,Invalid user cyrus from <*>,0.3127,9.9,15
186,Received disconnect from <*>: 11: Bye Bye [preauth],exact,<*> methods<*> available. [preauth],0.9983,Received disconnect from <*>: 11: disconnected by user,0.7321,input_userauth_request: invalid user <*> [preauth],0.5328,10.07,15
187,pam_unix(sshd:auth): authentication failure; logname= uid=0 euid=0 tty=ssh ruser= rhost=<*> user=root,exact,<*> rhost=<*> user=root,0.9992,pam_unix(sshd:session): session <*> for user fztu by (uid=0),0.5932,Failed password for <*> from <*> port for<*> ssh2 from<*> ssh2 port <*> ssh2],0.5897,11.2,15
188,Failed password for root from <*> port 47936 ssh2,partial,Failed password for <*> from <*> port for<*> ssh2 from<*> ssh2 port <*> ssh2],0.9675,<*> rhost=<*> user=root,0.5504,Invalid user cyrus from <*>,0.3412,9.95,15
189,Received disconnect from <*>: 11: Bye Bye [preauth],exact,<*> methods<*> available. [preauth],0.9983,Received disconnect from <*>: 11: disconnected by user,0.7321,input_userauth_request: invalid user <*> [preauth],0.5328,10.03,15
190,pam_unix(sshd:auth): authentication failure; logname= uid=0 euid=0 tty=ssh ruser= rhost=<*> user=root,exact,<*> rhost=<*> user=root,0.9992,pam_unix(sshd:session): session <*> for user fztu by (uid=0),0.5932,Failed password for <*> from <*> port for<*> ssh2 from<*> ssh2 port <*> ssh2],0.5897,11.36,15
191,Failed password for root from <*> port 48337 ssh2,partial,Failed password for <*> from <*> port for<*> ssh2 from<*> ssh2 port <*> ssh2],0.9423,<*> rhost=<*> user=root,0.5142,Invalid user cyrus from <*>,0.3341,10.0,15
192,Received disconnect from <*>: 11: Bye Bye [preauth],exact,<*> methods<*> available. [preauth],0.9983,Received disconnect from <*>: 11: disconnected by user,0.7321,input_userauth_request: invalid user <*> [preauth],0.5328,10.03,15
193,pam_unix(sshd:auth): authentication failure; logname= uid=0 euid=0 tty=ssh ruser= rhost=<*> user=root,exact,<*> rhost=<*> user=root,0.9992,pam_unix(sshd:session): session <*> for user fztu by (uid=0),0.5932,Failed password for <*> from <*> port for<*> ssh2 from<*> ssh2 port <*> ssh2],0.5897,11.17,15
194,Failed password for root from <*> port 48663 ssh2,partial,Failed password for <*> from <*> port for<*> ssh2 from<*> ssh2 port <*> ssh2],0.9341,<*> rhost=<*> user=root,0.5131,Invalid user cyrus from <*>,0.3297,9.92,15
195,Received disconnect from <*>: 11: Bye Bye [preauth],exact,<*> methods<*> available. [preauth],0.9983,Received disconnect from <*>: 11: disconnected by user,0.7321,input_userauth_request: invalid user <*> [preauth],0.5328,10.17,15
196,pam_unix(sshd:auth): authentication failure; logname= uid=0 euid=0 tty=ssh ruser= rhost=<*> user=root,exact,<*> rhost=<*> user=root,0.9992,pam_unix(sshd:session): session <*> for user fztu by (uid=0),0.5932,Failed password for <*> from <*> port for<*> ssh2 from<*> ssh2 port <*> ssh2],0.5896,11.21,15
197,Failed password for root from <*> port 49096 ssh2,partial,Failed password for <*> from <*> port for<*> ssh2 from<*> ssh2 port <*> ssh2],0.937,<*> rhost=<*> user=root,0.5703,Invalid user <*> from <*>,0.3098,9.87,15
198,Received disconnect from <*>: 11: Bye Bye [preauth],exact,<*> methods<*> available. [preauth],0.9983,Received disconnect from <*>: 11: disconnected by user,0.7321,input_userauth_request: invalid user <*> [preauth],0.5328,10.01,15
199,pam_unix(sshd:auth): authentication failure; logname= uid=0 euid=0 tty=ssh ruser= rhost=<*> user=root,exact,<*> rhost=<*> user=root,0.9993,pam_unix(sshd:session): session <*> for user fztu by (uid=0),0.5932,Failed password for <*> from <*> port for<*> ssh2 from<*> ssh2 port <*> ssh2],0.5896,11.72,15
200,Failed password for root from <*> port 49468 ssh2,partial,Failed password for <*> from <*> port for<*> ssh2 from<*> ssh2 port <*> ssh2],0.9541,<*> rhost=<*> user=root,0.5224,Invalid user cyrus from <*>,0.3189,10.1,15
201,Received disconnect from <*>: 11: Bye Bye [preauth],exact,<*> methods<*> available. [preauth],0.9984,Received disconnect from <*>: 11: disconnected by user,0.7321,input_userauth_request: invalid user <*> [preauth],0.5328,10.17,15
202,pam_unix(sshd:auth): authentication failure; logname= uid=0 euid=0 tty=ssh ruser= rhost=<*> user=root,exact,<*> rhost=<*> user=root,0.9993,pam_unix(sshd:session): session <*> for user fztu by (uid=0),0.5932,Failed password for <*> from <*> port for<*> ssh2 from<*> ssh2 port <*> ssh2],0.5896,12.04,15
203,Failed password for root from <*> port 49883 ssh2,partial,Failed password for <*> from <*> port for<*> ssh2 from<*> ssh2 port <*> ssh2],0.9264,<*> rhost=<*> user=root,0.5314,Invalid user cyrus from <*>,0.3236,11.48,15
204,Received disconnect from <*>: 11: Bye Bye [preauth],exact,<*> methods<*> available. [preauth],0.9984,Received disconnect from <*>: 11: disconnected by user,0.7321,input_userauth_request: invalid user <*> [preauth],0.5328,11.01,15
205,pam_unix(sshd:auth): authentication failure; logname= uid=0 euid=0 tty=ssh ruser= rhost=<*> user=root,exact,<*> rhost=<*> user=root,0.9993,pam_unix(sshd:session): session <*> for user fztu by (uid=0),0.5932,Failed password for <*> from <*> port for<*> ssh2 from<*> ssh2 port <*> ssh2],0.5896,11.31,15
206,Failed password for root from <*> port 50261 ssh2,partial,Failed password for <*> from <*> port for<*> ssh2 from<*> ssh2 port <*> ssh2],0.9156,<*> rhost=<*> user=root,0.5162,Invalid user <*> from <*>,0.2744,9.99,15
207,Received disconnect from <*>: 11: Bye Bye [preauth],exact,<*> methods<*> available. [preauth],0.9984,Received disconnect from <*>: 11: disconnected by user,0.7321,input_userauth_request: invalid user <*> [preauth],0.5328,10.06,15
208,pam_unix(sshd:auth): authentication failure; logname= uid=0 euid=0 tty=ssh ruser= rhost=<*> user=root,exact,<*> rhost=<*> user=root,0.9993,pam_unix(sshd:session): session <*> for user fztu by (uid=0),0.5932,Failed password for <*> from <*> port for<*> ssh2 from<*> ssh2 port <*> ssh2],0.5896,10.63,15
209,Failed password for root from <*> port 50655 ssh2,partial,Failed password for <*> from <*> port for<*> ssh2 from<*> ssh2 port <*> ssh2],0.9089,<*> rhost=<*> user=root,0.5019,Invalid user cyrus from <*>,0.2912,9.71,15
210,Received disconnect from <*>: 11: Bye Bye [preauth],exact,<*> methods<*> available. [preauth],0.9984,Received disconnect from <*>: 11: disconnected by user,0.7321,input_userauth_request: invalid user <*> [preauth],0.5328,10.22,15
211,pam_unix(sshd:auth): authentication failure; logname= uid=0 euid=0 tty=ssh ruser= rhost=<*> user=root,exact,<*> rhost=<*> user=root,0.9993,pam_unix(sshd:session): session <*> for user fztu by (uid=0),0.5932,Failed password for <*> from <*> port for<*> ssh2 from<*> ssh2 port <*> ssh2],0.5895,11.28,15
212,Invalid user sandeep from <*>,partial,Invalid user <*> from <*>,0.8434,Invalid user cyrus from <*>,0.633,Invalid user matlab from <*>,0.6146,10.03,15
213,input_userauth_request: invalid user sandeep [preauth],partial,input_userauth_request: invalid user <*> [preauth],0.8978,<*> methods<*> available. [preauth],0.5193,Invalid user cyrus from <*>,0.4443,10.02,15
214,pam_unix(sshd:auth): check pass; user unknown,fuzzy,<*> rhost=<*> user=root,0.7734,pam_unix(sshd:session): session <*> for user fztu by (uid=0),0.6538,PAM service(sshd) ignoring max retries; <*> > 3,0.5268,9.88,15
215,pam_unix(sshd:auth): authentication failure; logname= uid=0 euid=0 tty=ssh ruser= rhost=<*>,partial,<*> rhost=<*> user=root,0.9894,pam_unix(sshd:session): session <*> for user fztu by (uid=0),0.5921,Failed password for <*> from <*> port for<*> ssh2 from<*> ssh2 port <*> ssh2],0.5586,11.26,15
216,Failed password for root from <*> port 50953 ssh2,partial,Failed password for <*> from <*> port for<*> ssh2 from<*> ssh2 port <*> ssh2],0.9468,<*> rhost=<*> user=root,0.528,Invalid user cyrus from <*>,0.2992,10.03,15
217,Received disconnect from <*>: 11: Bye Bye [preauth],exact,<*> methods<*> available. [preauth],0.9984,Received disconnect from <*>: 11: disconnected by user,0.7321,input_userauth_request: invalid user <*> [preauth],0.5331,9.98,15
218,pam_unix(sshd:auth): authentication failure; logname= uid=0 euid=0 tty=ssh ruser= rhost=<*> user=root,exact,<*> rhost=<*> user=root,0.9992,pam_unix(sshd:session): session <*> for user fztu by (uid=0),0.5932,Failed password for <*> from <*> port for<*> ssh2 from<*> ssh2 port <*> ssh2],0.5895,11.32,15
219,Failed password for invalid user sandeep from <*> port 49316 ssh2,partial,Failed password for <*> from <*> port for<*> ssh2 from<*> ssh2 port <*> ssh2],0.8321,<*> rhost=<*> user=root,0.5879,Invalid user <*> from <*>,0.437,10.21,15
220,Connection closed by <*> [preauth],partial,<*> methods<*> available. [preauth],0.8022,input_userauth_request: invalid user <*> [preauth],0.6058,Received disconnect from <*>: 11: disconnected by user,0.4502,9.79,15
221,Failed password for root from <*> port 51395 ssh2,partial,Failed password for <*> from <*> port for<*> ssh2 from<*> ssh2 port <*> ssh2],0.9418,<*> rhost=<*> user=root,0.5242,Invalid user cyrus from <*>,0.3028,9.92,15
222,Received disconnect from <*>: 11: Bye Bye [preauth],exact,<*> methods<*> available. [preauth],0.9984,Received disconnect from <*>: 11: disconnected by user,0.7321,input_userauth_request: invalid user <*> [preauth],0.5331,14.3,15
223,pam_unix(sshd:auth): authentication failure; logname= uid=0 euid=0 tty=ssh ruser= rhost=<*> user=root,exact,<*> rhost=<*> user=root,0.9992,pam_unix(sshd:session): session <*> for user fztu by (uid=0),0.5932,Failed password for <*> from <*> port for<*> ssh2 from<*> ssh2 port <*> ssh2],0.5896,24.94,15
224,Failed password for root from <*> port 51830 ssh2,partial,Failed password for <*> from <*> port for<*> ssh2 from<*> ssh2 port <*> ssh2],0.9093,<*> rhost=<*> user=root,0.5428,Invalid user cyrus from <*>,0.2919,10.05,15
225,Received disconnect from <*>: 11: Bye Bye [preauth],exact,<*> methods<*> available. [preauth],0.9984,Received disconnect from <*>: 11: disconnected by user,0.7321,input_userauth_request: invalid user <*> [preauth],0.5331,10.15,15
226,pam_unix(sshd:auth): authentication failure; logname= uid=0 euid=0 tty=ssh ruser= rhost=<*> user=root,exact,<*> rhost=<*> user=root,0.9992,pam_unix(sshd:session): session <*> for user fztu by (uid=0),0.5932,Failed password for <*> from <*> port for<*> ssh2 from<*> ssh2 port <*> ssh2],0.5896,11.27,15
227,Failed password for root from <*> port 52182 ssh2,partial,Failed password for <*> from <*> port for<*> ssh2 from<*> ssh2 port <*> ssh2],0.9171,<*> rhost=<*> user=root,0.5359,Invalid user cyrus from <*>,0.3095,9.87,15
228,Received disconnect from <*>: 11: Bye Bye [preauth],exact,<*> methods<*> available. [preauth],0.9984,Received disconnect from <*>: 11: disconnected by user,0.7321,input_userauth_request: invalid user <*> [preauth],0.5331,9.92,15
229,pam_unix(sshd:auth): authentication failure; logname= uid=0 euid=0 tty=ssh ruser= rhost=<*> user=root,exact,<*> rhost=<*> user=root,0.9992,pam_unix(sshd:session): session <*> for user fztu by (uid=0),0.5932,Failed password for <*> from <*> port for<*> ssh2 from<*> ssh2 port <*> ssh2],0.5896,11.31,15
230,Failed password for root from <*> port 52545 ssh2,partial,Failed password for <*> from <*> port for<*> ssh2 from<*> ssh2 port <*> ssh2],0.9025,<*> rhost=<*> user=root,0.5173,Invalid user cyrus from <*>,0.3235,9.95,15
231,Received disconnect from <*>: 11: Bye Bye [preauth],exact,<*> methods<*> available. [preauth],0.9984,Received disconnect from <*>: 11: disconnected by user,0.7321,input_userauth_request: invalid user <*> [preauth],0.5331,10.01,15
232,pam_unix(sshd:auth): authentication failure; logname= uid=0 euid=0 tty=ssh ruser= rhost=<*> user=root,exact,<*> rhost=<*> user=root,0.9992,pam_unix(sshd:session): session <*> for user fztu by (uid=0),0.5932,Failed password for <*> from <*> port for<*> ssh2 from<*> ssh2 port <*> ssh2],0.5896,11.36,15
233,Failed password for root from <*> port 52850 ssh2,partial,Failed password for <*> from <*> port for<*> ssh2 from<*> ssh2 port <*> ssh2],0.9534,<*> rhost=<*> user=root,0.5427,Invalid user cyrus from <*>,0.3118,9.83,15
234,Received disconnect from <*>: 11: Bye Bye [preauth],exact,<*> methods<*> available. [preauth],0.9984,Received disconnect from <*>: 11: disconnected by user,0.7321,input_userauth_request: invalid user <*> [preauth],0.5331,10.06,15
235,pam_unix(sshd:auth): authentication failure; logname= uid=0 euid=0 tty=ssh ruser= rhost=<*> user=root,exact,<*> rhost=<*> user=root,0.9992,pam_unix(sshd:session): session <*> for user fztu by (uid=0),0.5932,Failed password for <*> from <*> port for<*> ssh2 from<*> ssh2 port <*> ssh2],0.5895,11.43,15
236,Failed password for root from <*> port 53160 ssh2,partial,Failed password for <*> from <*> port for<*> ssh2 from<*> ssh2 port <*> ssh2],0.9249,<*> rhost=<*> user=root,0.5176,Invalid user cyrus from <*>,0.3164,10.0,15
237,Received disconnect from <*>: 11: Bye Bye [preauth],exact,<*> methods<*> available. [preauth],0.9984,Received disconnect from <*>: 11: disconnected by user,0.7321,input_userauth_request: invalid user <*> [preauth],0.5331,10.13,15
238,pam_unix(sshd:auth): authentication failure; logname= uid=0 euid=0 tty=ssh ruser= rhost=<*> user=root,exact,<*> rhost=<*> user=root,0.9992,pam_unix(sshd:session): session <*> for user fztu by (uid=0),0.5932,Failed password for <*> from <*> port for<*> ssh2 from<*> ssh2 port <*> ssh2],0.5895,11.41,15
239,Failed password for root from <*> port 53630 ssh2,partial,Failed password for <*> from <*> port for<*> ssh2 from<*> ssh2 port <*> ssh2],0.8952,<*> rhost=<*> user=root,0.4964,Invalid user cyrus from <*>,0.3072,10.02,15
240,Received disconnect from <*>: 11: Bye Bye [preauth],exact,<*> methods<*> available. [preauth],0.9984,Received disconnect from <*>: 11: disconnected by user,0.7321,input_userauth_request: invalid user <*> [preauth],0.5331,10.16,15
241,pam_unix(sshd:auth): authentication failure; logname= uid=0 euid=0 tty=ssh ruser= rhost=<*> user=root,exact,<*> rhost=<*> user=root,0.9992,pam_unix(sshd:session): session <*> for user fztu by (uid=0),0.5932,Failed password for <*> from <*> port for<*> ssh2 from<*> ssh2 port <*> ssh2],0.5895,11.2,15
242,Failed password for root from <*> port 54049 ssh2,partial,Failed password for <*> from <*> port for<*> ssh2 from<*> ssh2 port <*> ssh2],0.9247,<*> rhost=<*> user=root,0.5211,Invalid user cyrus from <*>,0.2909,9.84,15
243,Received disconnect from <*>: 11: Bye Bye [preauth],exact,<*> methods<*> available. [preauth],0.9985,Received disconnect from <*>: 11: disconnected by user,0.7321,input_userauth_request: invalid user <*> [preauth],0.5331,10.11,15
244,pam_unix(sshd:auth): authentication failure; logname= uid=0 euid=0 tty=ssh ruser= rhost=<*> user=root,exact,<*> rhost=<*> user=root,0.9992,pam_unix(sshd:session): session <*> for user fztu by (uid=0),0.5932,Failed password for <*> from <*> port for<*> ssh2 from<*> ssh2 port <*> ssh2],0.5894,11.34,15
245,Failed password for root from <*> port 54395 ssh2,partial,Failed password for <*> from <*> port for<*> ssh2 from<*> ssh2 port <*> ssh2],0.9388,<*> rhost=<*> user=root,0.4971,Invalid user cyrus from <*>,0.3236,9.93,15
246,Received disconnect from <*>: 11: Bye Bye [preauth],exact,<*> methods<*> available. [preauth],0.9985,Received disconnect from <*>: 11: disconnected by user,0.7321,input_userauth_request: invalid user <*> [preauth],0.5331,10.07,15
247,pam_unix(sshd:auth): authentication failure; logname= uid=0 euid=0 tty=ssh ruser= rhost=<*> user=root,exact,<*> rhost=<*> user=root,0.9992,pam_unix(sshd:session): session <*> for user fztu by (uid=0),0.5932,Failed password for <*> from <*> port for<*> ssh2 from<*> ssh2 port <*> ssh2],0.5894,11.11,15
248,Failed password for root from <*> port 54754 ssh2,partial,Failed password for <*> from <*> port for<*> ssh2 from<*> ssh2 port <*> ssh2],0.9364,<*> rhost=<*> user=root,0.5214,Invalid user cyrus from <*>,0.3437,9.89,15
249,Received disconnect from <*>: 11: Bye Bye [preauth],exact,<*> methods<*> available. [preauth],0.9985,Received disconnect from <*>: 11: disconnected by user,0.7321,input_userauth_request: invalid user <*> [preauth],0.5331,10.04,15
250,pam_unix(sshd:auth): authentication failure; logname= uid=0 euid=0 tty=ssh ruser= rhost=<*> user=root,exact,<*> rhost=<*> user=root,0.9993,pam_unix(sshd:session): session <*> for user fztu by (uid=0),0.5932,Failed password for <*> from <*> port for<*> ssh2 from<*> ssh2 port <*> ssh2],0.5893,11.26,15
251,Failed password for root from <*> port 55072 ssh2,partial,Failed password for <*> from <*> port for<*> ssh2 from<*> ssh2 port <*> ssh2],0.911,<*> rhost=<*> user=root,0.5191,Invalid user cyrus from <*>,0.3227,9.97,15
252,Received disconnect from <*>: 11: Bye Bye [preauth],exact,<*> methods<*> available. [preauth],0.9985,Received disconnect from <*>: 11: disconnected by user,0.7321,input_userauth_request: invalid user <*> [preauth],0.5331,10.11,15
253,pam_unix(sshd:auth): authentication failure; logname= uid=0 euid=0 tty=ssh ruser= rhost=<*> user=root,exact,<*> rhost=<*> user=root,0.9993,pam_unix(sshd:session): session <*> for user fztu by (uid=0),0.5932,Failed password for <*> from <*> port for<*> ssh2 from<*> ssh2 port <*> ssh2],0.5893,11.28,15
254,Failed password for root from <*> port 55368 ssh2,partial,Failed password for <*> from <*> port for<*> ssh2 from<*> ssh2 port <*> ssh2],0.9527,<*> rhost=<*> user=root,0.5284,Invalid user cyrus from <*>,0.3245,10.53,15
255,Received disconnect from <*>: 11: Bye Bye [preauth],exact,<*> methods<*> available. [preauth],0.9985,Received disconnect from <*>: 11: disconnected by user,0.7321,input_userauth_request: invalid user <*> [preauth],0.5331,10.45,15
256,pam_unix(sshd:auth): authentication failure; logname= uid=0 euid=0 tty=ssh ruser= rhost=<*> user=root,exact,<*> rhost=<*> user=root,0.9993,pam_unix(sshd:session): session <*> for user fztu by (uid=0),0.5932,Failed password for <*> from <*> port for<*> ssh2 from<*> ssh2 port <*> ssh2],0.5893,11.32,15
257,Failed password for root from <*> port 55784 ssh2,partial,Failed password for <*> from <*> port for<*> ssh2 from<*> ssh2 port <*> ssh2],0.9541,<*> rhost=<*> user=root,0.5442,Invalid user cyrus from <*>,0.3385,10.02,15
258,Received disconnect from <*>: 11: Bye Bye [preauth],exact,<*> methods<*> available. [preauth],0.9985,Received disconnect from <*>: 11: disconnected by user,0.7321,input_userauth_request: invalid user <*> [preauth],0.5331,10.01,15
259,pam_unix(sshd:auth): authentication failure; logname= uid=0 euid=0 tty=ssh ruser= rhost=<*> user=root,exact,<*> rhost=<*> user=root,0.9993,pam_unix(sshd:session): session <*> for user fztu by (uid=0),0.5932,Failed password for <*> from <*> port for<*> ssh2 from<*> ssh2 port <*> ssh2],0.5893,11.24,15
260,Failed password for root from <*> port 56179 ssh2,partial,Failed password for <*> from <*> port for<*> ssh2 from<*> ssh2 port <*> ssh2],0.9554,<*> rhost=<*> user=root,0.5322,Invalid user cyrus from <*>,0.3352,10.04,15
261,Received disconnect from <*>: 11: Bye Bye [preauth],exact,<*> methods<*> available. [preauth],0.9985,Received disconnect from <*>: 11: disconnected by user,0.7321,input_userauth_request: invalid user <*> [preauth],0.5331,10.03,15
262,pam_unix(sshd:auth): authentication failure; logname= uid=0 euid=0 tty=ssh ruser= rhost=<*> user=root,exact,<*> rhost=<*> user=root,0.9993,pam_unix(sshd:session): session <*> for user fztu by (uid=0),0.5932,Failed password for <*> from <*> port for<*> ssh2 from<*> ssh2 port <*> ssh2],0.5892,11.28,15
263,Failed password for root from <*> port 56571 ssh2,partial,Failed password for <*> from <*> port for<*> ssh2 from<*> ssh2 port <*> ssh2],0.9386,<*> rhost=<*> user=root,0.5084,Invalid user cyrus from <*>,0.3172,10.39,15
264,Received disconnect from <*>: 11: Bye Bye [preauth],exact,<*> methods<*> available. [preauth],0.9985,Received disconnect from <*>: 11: disconnected by user,0.7321,input_userauth_request: invalid user <*> [preauth],0.5331,11.14,15
265,pam_unix(sshd:auth): authentication failure; logname= uid=0 euid=0 tty=ssh ruser= rhost=<*> user=root,exact,<*> rhost=<*> user=root,0.9993,pam_unix(sshd:session): session <*> for user fztu by (uid=0),0.5932,Failed password for <*> from <*> port for<*> ssh2 from<*> ssh2 port <*> ssh2],0.5892,11.33,15
266,Failed password for root from <*> port 57038 ssh2,partial,Failed password for <*> from <*> port for<*> ssh2 from<*> ssh2 port <*> ssh2],0.9269,<*> rhost=<*> user=root,0.5415,PAM service(sshd) ignoring max retries; <*> > 3,0.293,9.68,15
267,Received disconnect from <*>: 11: Bye Bye [preauth],exact,<*> methods<*> available. [preauth],0.9985,Received disconnect from <*>: 11: disconnected by user,0.7321,input_userauth_request: invalid user <*> [preauth],0.5331,9.9,15
268,pam_unix(sshd:auth): authentication failure; logname= uid=0 euid=0 tty=ssh ruser= rhost=<*> user=root,exact,<*> rhost=<*> user=root,0.9993,pam_unix(sshd:session): session <*> for user fztu by (uid=0),0.5932,Failed password for <*> from <*> port for<*> ssh2 from<*> ssh2 port <*> ssh2],0.5892,11.51,15
269,Failed password for root from <*> port 57303 ssh2,partial,Failed password for <*> from <*> port for<*> ssh2 from<*> ssh2 port <*> ssh2],0.9254,<*> rhost=<*> user=root,0.5216,Invalid user cyrus from <*>,0.3215,9.89,15
270,Received disconnect from <*>: 11: Bye Bye [preauth],exact,<*> methods<*> available. [preauth],0.9985,Received disconnect from <*>: 11: disconnected by user,0.7321,input_userauth_request: invalid user <*> [preauth],0.5331,10.14,15
271,pam_unix(sshd:auth): authentication failure; logname= uid=0 euid=0 tty=ssh ruser= rhost=<*> user=root,exact,<*> rhost=<*> user=root,0.9993,pam_unix(sshd:session): session <*> for user fztu by (uid=0),0.5932,Failed password for <*> from <*> port for<*> ssh2 from<*> ssh2 port <*> ssh2],0.5891,11.4,15
272,Failed password for root from <*> port 57707 ssh2,partial,Failed password for <*> from <*> port for<*> ssh2 from<*> ssh2 port <*> ssh2],0.9287,<*> rhost=<*> user=root,0.5321,Invalid user cyrus from <*>,0.3338,9.72,15
273,Received disconnect from <*>: 11: Bye Bye [preauth],exact,<*> methods<*> available. [preauth],0.9986,Received disconnect from <*>: 11: disconnected by user,0.7321,input_userauth_request: invalid user <*> [preauth],0.5331,9.68,15
274,pam_unix(sshd:auth): authentication failure; logname= uid=0 euid=0 tty=ssh ruser= rhost=<*> user=root,exact,<*> rhost=<*> user=root,0.9993,pam_unix(sshd:session): session <*> for user fztu by (uid=0),0.5932,Failed password for <*> from <*> port for<*> ssh2 from<*> ssh2 port <*> ssh2],0.5891,11.15,15
275,Failed password for root from <*> port 58118 ssh2,partial,Failed password for <*> from <*> port for<*> ssh2 from<*> ssh2 port <*> ssh2],0.922,<*> rhost=<*> user=root,0.5336,Invalid user cyrus from <*>,0.2989,9.95,15
276,Received disconnect from <*>: 11: Bye Bye [preauth],exact,<*> methods<*> available. [preauth],0.9986,Received disconnect from <*>: 11: disconnected by user,0.7321,input_userauth_request: invalid user <*> [preauth],0.5331,9.98,15
277,pam_unix(sshd:auth): authentication failure; logname= uid=0 euid=0 tty=ssh ruser= rhost=<*> user=root,exact,<*> rhost=<*> user=root,0.9993,pam_unix(sshd:session): session <*> for user fztu by (uid=0),0.5932,Failed password for <*> from <*> port for<*> ssh2 from<*> ssh2 port <*> ssh2],0.5891,11.45,15
278,Failed password for root from <*> port 58491 ssh2,partial,Failed password for <*> from <*> port for<*> ssh2 from<*> ssh2 port <*> ssh2],0.9368,<*> rhost=<*> user=root,0.5307,Invalid user <*> from <*>,0.2853,9.96,15
279,Received disconnect from <*>: 11: Bye Bye [preauth],exact,<*> methods<*> available. [preauth],0.9986,Received disconnect from <*>: 11: disconnected by user,0.7321,input_userauth_request: invalid user <*> [preauth],0.5331,10.13,15
280,pam_unix(sshd:auth): authentication failure; logname= uid=0 euid=0 tty=ssh ruser= rhost=<*> user=root,exact,<*> rhost=<*> user=root,0.9993,pam_unix(sshd:session): session <*> for user fztu by (uid=0),0.5932,Failed password for <*> from <*> port for<*> ssh2 from<*> ssh2 port <*> ssh2],0.5891,11.23,15
281,Failed password for root from <*> port 58824 ssh2,partial,Failed password for <*> from <*> port for<*> ssh2 from<*> ssh2 port <*> ssh2],0.93,<*> rhost=<*> user=root,0.5132,Invalid user cyrus from <*>,0.3052,9.83,15
282,Received disconnect from <*>: 11: Bye Bye [preauth],exact,<*> methods<*> available. [preauth],0.9986,Received disconnect from <*>: 11: disconnected by user,0.7321,input_userauth_request: invalid user <*> [preauth],0.5331,9.98,15
283,pam_unix(sshd:auth): authentication failure; logname= uid=0 euid=0 tty=ssh ruser= rhost=<*> user=root,exact,<*> rhost=<*> user=root,0.9993,pam_unix(sshd:session): session <*> for user fztu by (uid=0),0.5932,Failed password for <*> from <*> port for<*> ssh2 from<*> ssh2 port <*> ssh2],0.589,11.25,15
284,Failed password for root from <*> port 59113 ssh2,partial,Failed password for <*> from <*> port for<*> ssh2 from<*> ssh2 port <*> ssh2],0.9327,<*> rhost=<*> user=root,0.5432,Invalid user cyrus from <*>,0.3216,9.87,15
285,Received disconnect from <*>: 11: Bye Bye [preauth],exact,<*> methods<*> available. [preauth],0.9986,Received disconnect from <*>: 11: disconnected by user,0.7321,input_userauth_request: invalid user <*> [preauth],0.5331,10.17,15
286,pam_unix(sshd:auth): authentication failure; logname= uid=0 euid=0 tty=ssh ruser= rhost=<*> user=root,exact,<*> rhost=<*> user=root,0.9993,pam_unix(sshd:session): session <*> for user fztu by (uid=0),0.5932,Failed password for <*> from <*> port for<*> ssh2 from<*> ssh2 port <*> ssh2],0.589,11.37,15
287,Failed password for root from <*> port 59422 ssh2,partial,Failed password for <*> from <*> port for<*> ssh2 from<*> ssh2 port <*> ssh2],0.9586,<*> rhost=<*> user=root,0.522,Invalid user cyrus from <*>,0.3268,10.05,15
288,Received disconnect from <*>: 11: Bye Bye [preauth],exact,<*> methods<*> available. [preauth],0.9986,Received disconnect from <*>: 11: disconnected by user,0.7321,input_userauth_request: invalid user <*> [preauth],0.5331,10.11,15
289,pam_unix(sshd:auth): authentication failure; logname= uid=0 euid=0 tty=ssh ruser= rhost=<*> user=root,exact,<*> rhost=<*> user=root,0.9993,pam_unix(sshd:session): session <*> for user fztu by (uid=0),0.5932,Failed password for <*> from <*> port for<*> ssh2 from<*> ssh2 port <*> ssh2],0.589,11.29,15
290,Failed password for root from <*> port 59850 ssh2,partial,Failed password for <*> from <*> port for<*> ssh2 from<*> ssh2 port <*> ssh2],0.9487,<*> rhost=<*> user=root,0.5396,Invalid user cyrus from <*>,0.3284,9.89,15
291,Received disconnect from <*>: 11: Bye Bye [preauth],exact,<*> methods<*> available. [preauth],0.9986,Received disconnect from <*>: 11: disconnected by user,0.7321,input_userauth_request: invalid user <*> [preauth],0.5331,9.94,15
292,pam_unix(sshd:auth): authentication failure; logname= uid=0 euid=0 tty=ssh ruser= rhost=<*> user=root,exact,<*> rhost=<*> user=root,0.9993,pam_unix(sshd:session): session <*> for user fztu by (uid=0),0.5932,Failed password for <*> from <*> port for<*> ssh2 from<*> ssh2 port <*> ssh2],0.589,11.22,15
293,Failed password for root from <*> port 60231 ssh2,partial,Failed password for <*> from <*> port for<*> ssh2 from<*> ssh2 port <*> ssh2],0.9211,<*> rhost=<*> user=root,0.5268,Invalid user cyrus from <*>,0.3289,9.94,15
294,Received disconnect from <*>: 11: Bye Bye [preauth],exact,<*> methods<*> available. [preauth],0.9986,Received disconnect from <*>: 11: disconnected by user,0.7321,input_userauth_request: invalid user <*> [preauth],0.5331,9.99,15
295,pam_unix(sshd:auth): authentication failure; logname= uid=0 euid=0 tty=ssh ruser= rhost=<*> user=root,exact,<*> rhost=<*> user=root,0.9993,pam_unix(sshd:session): session <*> for user fztu by (uid=0),0.5932,Failed password for <*> from <*> port for<*> ssh2 from<*> ssh2 port <*> ssh2],0.5889,11.39,15
296,Failed password for root from <*> port 60637 ssh2,partial,Failed password for <*> from <*> port for<*> ssh2 from<*> ssh2 port <*> ssh2],0.9341,<*> rhost=<*> user=root,0.5241,Invalid user cyrus from <*>,0.3487,9.89,15
297,Received disconnect from <*>: 11: Bye Bye [preauth],exact,<*> methods<*> available. [preauth],0.9986,Received disconnect from <*>: 11: disconnected by user,0.7321,input_userauth_request: invalid user <*> [preauth],0.5331,10.07,15
298,pam_unix(sshd:auth): authentication failure; logname= uid=0 euid=0 tty=ssh ruser= rhost=<*> user=root,exact,<*> rhost=<*> user=root,0.9993,pam_unix(sshd:session): session <*> for user fztu by (uid=0),0.5932,Failed password for <*> from <*> port for<*> ssh2 from<*> ssh2 port <*> ssh2],0.5889,11.23,15
299,Failed password for root from <*> port 60948 ssh2,partial,Failed password for <*> from <*> port for<*> ssh2 from<*> ssh2 port <*> ssh2],0.9449,<*> rhost=<*> user=root,0.5513,Invalid user <*> from <*>,0.3322,10.17,15
300,Received disconnect from <*>: 11: Bye Bye [preauth],exact,<*> methods<*> available. [preauth],0.9986,Received disconnect from <*>: 11: disconnected by user,0.7321,input_userauth_request: invalid user <*> [preauth],0.5331,10.06,15
301,pam_unix(sshd:auth): authentication failure; logname= uid=0 euid=0 tty=ssh ruser= rhost=<*> user=root,exact,<*> rhost=<*> user=root,0.9993,pam_unix(sshd:session): session <*> for user fztu by (uid=0),0.5932,Failed password for <*> from <*> port for<*> ssh2 from<*> ssh2 port <*> ssh2],0.5889,11.34,15
302,Failed password for root from <*> port 33150 ssh2,partial,Failed password for <*> from <*> port for<*> ssh2 from<*> ssh2 port <*> ssh2],0.842,<*> rhost=<*> user=root,0.5621,Invalid user <*> from <*>,0.3075,10.72,15
303,Received disconnect from <*>: 11: Bye Bye [preauth],exact,<*> methods<*> available. [preauth],0.9987,Received disconnect from <*>: 11: disconnected by user,0.7321,input_userauth_request: invalid user <*> [preauth],0.5331,23.89,15
304,pam_unix(sshd:auth): authentication failure; logname= uid=0 euid=0 tty=ssh ruser= rhost=<*> user=root,exact,<*> rhost=<*> user=root,0.9993,pam_unix(sshd:session): session <*> for user fztu by (uid=0),0.5932,Failed password for <*> from <*> port for<*> ssh2 from<*> ssh2 port <*> ssh2],0.589,31.57,15
305,Failed password for root from <*> port 33581 ssh2,partial,Failed password for <*> from <*> port for<*> ssh2 from<*> ssh2 port <*> ssh2],0.9405,<*> rhost=<*> user=root,0.5349,Invalid user cyrus from <*>,0.3234,37.71,15
306,Received disconnect from <*>: 11: Bye Bye [preauth],exact,<*> methods<*> available. [preauth],0.9987,Received disconnect from <*>: 11: disconnected by user,0.7321,input_userauth_request: invalid user <*> [preauth],0.5331,30.19,15
307,pam_unix(sshd:auth): authentication failure; logname= uid=0 euid=0 tty=ssh ruser= rhost=<*> user=root,exact,<*> rhost=<*> user=root,0.9993,pam_unix(sshd:session): session <*> for user fztu by (uid=0),0.5932,Failed password for <*> from <*> port for<*> ssh2 from<*> ssh2 port <*> ssh2],0.589,41.56,15
308,Failed password for root from <*> port 33946 ssh2,partial,Failed password for <*> from <*> port for<*> ssh2 from<*> ssh2 port <*> ssh2],0.9157,<*> rhost=<*> user=root,0.5077,Invalid user <*> from <*>,0.3249,24.55,15
309,Received disconnect from <*>: 11: Bye Bye [preauth],exact,<*> methods<*> available. [preauth],0.9987,Received disconnect from <*>: 11: disconnected by user,0.7321,input_userauth_request: invalid user <*> [preauth],0.5331,10.47,15
310,pam_unix(sshd:auth): authentication failure; logname= uid=0 euid=0 tty=ssh ruser= rhost=<*> user=root,exact,<*> rhost=<*> user=root,0.9993,pam_unix(sshd:session): session <*> for user fztu by (uid=0),0.5932,Failed password for <*> from <*> port for<*> ssh2 from<*> ssh2 port <*> ssh2],0.5889,11.41,15
311,Failed password for root from <*> port 34346 ssh2,partial,Failed password for <*> from <*> port for<*> ssh2 from<*> ssh2 port <*> ssh2],0.9541,<*> rhost=<*> user=root,0.5589,Invalid user cyrus from <*>,0.3187,9.97,15
312,Received disconnect from <*>: 11: Bye Bye [preauth],exact,<*> methods<*> available. [preauth],0.9987,Received disconnect from <*>: 11: disconnected by user,0.7321,input_userauth_request: invalid user <*> [preauth],0.5331,10.1,15
313,pam_unix(sshd:auth): authentication failure; logname= uid=0 euid=0 tty=ssh ruser= rhost=<*> user=root,exact,<*> rhost=<*> user=root,0.9993,pam_unix(sshd:session): session <*> for user fztu by (uid=0),0.5932,Failed password for <*> from <*> port for<*> ssh2 from<*> ssh2 port <*> ssh2],0.5889,11.54,15
314,Failed password for root from <*> port 34695 ssh2,partial,Failed password for <*> from <*> port for<*> ssh2 from<*> ssh2 port <*> ssh2],0.9578,<*> rhost=<*> user=root,0.5722,Invalid user cyrus from <*>,0.3414,9.96,15
315,Received disconnect from <*>: 11: Bye Bye [preauth],exact,<*> methods<*> available. [preauth],0.9987,Received disconnect from <*>: 11: disconnected by user,0.7321,input_userauth_request: invalid user <*> [preauth],0.5331,10.14,15
316,pam_unix(sshd:auth): authentication failure; logname= uid=0 euid=0 tty=ssh ruser= rhost=<*> user=root,exact,<*> rhost=<*> user=root,0.9994,pam_unix(sshd:session): session <*> for user fztu by (uid=0),0.5932,Failed password for <*> from <*> port for<*> ssh2 from<*> ssh2 port <*> ssh2],0.589,11.33,15
317,Failed password for root from <*> port 35113 ssh2,partial,Failed password for <*> from <*> port for<*> ssh2 from<*> ssh2 port <*> ssh2],0.9291,<*> rhost=<*> user=root,0.5698,Invalid user <*> from <*>,0.3331,9.96,15
318,Received disconnect from <*>: 11: Bye Bye [preauth],exact,<*> methods<*> available. [preauth],0.9987,Received disconnect from <*>: 11: disconnected by user,0.7321,input_userauth_request: invalid user <*> [preauth],0.5331,10.09,15
319,pam_unix(sshd:auth): authentication failure; logname= uid=0 euid=0 tty=ssh ruser= rhost=<*> user=root,exact,<*> rhost=<*> user=root,0.9994,pam_unix(sshd:session): session <*> for user fztu by (uid=0),0.5932,Failed password for <*> from <*> port for<*> ssh2 from<*> ssh2 port <*> ssh2],0.589,11.33,15
320,Failed password for root from <*> port 35404 ssh2,partial,Failed password for <*> from <*> port for<*> ssh2 from<*> ssh2 port <*> ssh2],0.8875,<*> rhost=<*> user=root,0.5055,Invalid user <*> from <*>,0.2891,10.13,15
321,Received disconnect from <*>: 11: Bye Bye [preauth],exact,<*> methods<*> available. [preauth],0.9987,Received disconnect from <*>: 11: disconnected by user,0.7321,input_userauth_request: invalid user <*> [preauth],0.5331,10.0,15
322,pam_unix(sshd:auth): authentication failure; logname= uid=0 euid=0 tty=ssh ruser= rhost=<*> user=root,exact,<*> rhost=<*> user=root,0.9994,pam_unix(sshd:session): session <*> for user fztu by (uid=0),0.5932,Failed password for <*> from <*> port for<*> ssh2 from<*> ssh2 port <*> ssh2],0.589,11.43,15
323,Failed password for root from <*> port 35876 ssh2,partial,Failed password for <*> from <*> port for<*> ssh2 from<*> ssh2 port <*> ssh2],0.9516,<*> rhost=<*> user=root,0.5614,Invalid user cyrus from <*>,0.3323,9.98,15
324,Received disconnect from <*>: 11: Bye Bye [preauth],exact,<*> methods<*> available. [preauth],0.9987,Received disconnect from <*>: 11: disconnected by user,0.7321,input_userauth_request: invalid user <*> [preauth],0.5331,10.0,15
325,pam_unix(sshd:auth): authentication failure; logname= uid=0 euid=0 tty=ssh ruser= rhost=<*> user=root,exact,<*> rhost=<*> user=root,0.9994,pam_unix(sshd:session): session <*> for user fztu by (uid=0),0.5932,Failed password for <*> from <*> port for<*> ssh2 from<*> ssh2 port <*> ssh2],0.589,10.71,15
326,Failed password for root from <*> port 36235 ssh2,partial,Failed password for <*> from <*> port for<*> ssh2 from<*> ssh2 port <*> ssh2],0.9376,<*> rhost=<*> user=root,0.5321,Invalid user cyrus from <*>,0.3363,9.68,15
327,Received disconnect from <*>: 11: Bye Bye [preauth],exact,<*> methods<*> available. [preauth],0.9987,Received disconnect from <*>: 11: disconnected by user,0.7321,input_userauth_request: invalid user <*> [preauth],0.5331,10.09,15
328,pam_unix(sshd:auth): authentication failure; logname= uid=0 euid=0 tty=ssh ruser= rhost=<*> user=root,exact,<*> rhost=<*> user=root,0.9994,pam_unix(sshd:session): session <*> for user fztu by (uid=0),0.5932,Failed password for <*> from <*> port for<*> ssh2 from<*> ssh2 port <*> ssh2],0.5889,11.25,15
329,Failed password for root from <*> port 36634 ssh2,partial,Failed password for <*> from <*> port for<*> ssh2 from<*> ssh2 port <*> ssh2],0.9428,<*> rhost=<*> user=root,0.5525,Invalid user cyrus from <*>,0.3393,10.25,15
330,Received disconnect from <*>: 11: Bye Bye [preauth],exact,<*> methods<*> available. [preauth],0.9987,Received disconnect from <*>: 11: disconnected by user,0.7321,input_userauth_request: invalid user <*> [preauth],0.5331,10.2,15
331,pam_unix(sshd:auth): authentication failure; logname= uid=0 euid=0 tty=ssh ruser= rhost=<*> user=root,exact,<*> rhost=<*> user=root,0.9994,pam_unix(sshd:session): session <*> for user fztu by (uid=0),0.5932,Failed password for <*> from <*> port for<*> ssh2 from<*> ssh2 port <*> ssh2],0.5889,11.1,15
332,Failed password for root from <*> port 37047 ssh2,partial,Failed password for <*> from <*> port for<*> ssh2 from<*> ssh2 port <*> ssh2],0.9446,<*> rhost=<*> user=root,0.542,Invalid user cyrus from <*>,0.3529,9.89,15
333,Received disconnect from <*>: 11: Bye Bye [preauth],exact,<*> methods<*> available. [preauth],0.9987,Received disconnect from <*>: 11: disconnected by user,0.7321,input_userauth_request: invalid user <*> [preauth],0.5331,9.9,15
334,pam_unix(sshd:auth): authentication failure; logname= uid=0 euid=0 tty=ssh ruser= rhost=<*> user=root,exact,<*> rhost=<*> user=root,0.9994,pam_unix(sshd:session): session <*> for user fztu by (uid=0),0.5932,Failed password for <*> from <*> port for<*> ssh2 from<*> ssh2 port <*> ssh2],0.5889,11.31,15
335,Failed password for root from <*> port 37437 ssh2,partial,Failed password for <*> from <*> port for<*> ssh2 from<*> ssh2 port <*> ssh2],0.9385,<*> rhost=<*> user=root,0.5572,Invalid user cyrus from <*>,0.3406,9.87,15
336,Received disconnect from <*>: 11: Bye Bye [preauth],exact,<*> methods<*> available. [preauth],0.9987,Received disconnect from <*>: 11: disconnected by user,0.7321,input_userauth_request: invalid user <*> [preauth],0.5331,10.13,15
337,pam_unix(sshd:auth): authentication failure; logname= uid=0 euid=0 tty=ssh ruser= rhost=<*> user=root,exact,<*> rhost=<*> user=root,0.9994,pam_unix(sshd:session): session <*> for user fztu by (uid=0),0.5932,Failed password for <*> from <*> port for<*> ssh2 from<*> ssh2 port <*> ssh2],0.5889,11.3,15
338,Failed password for root from <*> port 37760 ssh2,partial,Failed password for <*> from <*> port for<*> ssh2 from<*> ssh2 port <*> ssh2],0.9262,<*> rhost=<*> user=root,0.5623,Invalid user cyrus from <*>,0.3364,9.98,15
339,Received disconnect from <*>: 11: Bye Bye [preauth],exact,<*> methods<*> available. [preauth],0.9988,Received disconnect from <*>: 11: disconnected by user,0.7321,input_userauth_request: invalid user <*> [preauth],0.5331,10.05,15
340,pam_unix(sshd:auth): authentication failure; logname= uid=0 euid=0 tty=ssh ruser= rhost=<*> user=root,exact,<*> rhost=<*> user=root,0.9994,pam_unix(sshd:session): session <*> for user fztu by (uid=0),0.5932,Failed password for <*> from <*> port for<*> ssh2 from<*> ssh2 port <*> ssh2],0.589,11.24,15
341,Failed password for root from <*> port 38133 ssh2,partial,Failed password for <*> from <*> port for<*> ssh2 from<*> ssh2 port <*> ssh2],0.9147,<*> rhost=<*> user=root,0.5597,Invalid user cyrus from <*>,0.3396,9.96,15
342,Received disconnect from <*>: 11: Bye Bye [preauth],exact,<*> methods<*> available. [preauth],0.9988,Received disconnect from <*>: 11: disconnected by user,0.7321,input_userauth_request: invalid user <*> [preauth],0.5331,10.14,15
343,pam_unix(sshd:auth): authentication failure; logname= uid=0 euid=0 tty=ssh ruser= rhost=<*> user=root,exact,<*> rhost=<*> user=root,0.9994,pam_unix(sshd:session): session <*> for user fztu by (uid=0),0.5932,Failed password for <*> from <*> port for<*> ssh2 from<*> ssh2 port <*> ssh2],0.589,11.54,15
344,Failed password for root from <*> port 38485 ssh2,partial,Failed password for <*> from <*> port for<*> ssh2 from<*> ssh2 port <*> ssh2],0.9463,<*> rhost=<*> user=root,0.5273,Invalid user cyrus from <*>,0.3215,9.85,15
345,Received disconnect from <*>: 11: Bye Bye [preauth],exact,<*> methods<*> available. [preauth],0.9988,Received disconnect from <*>: 11: disconnected by user,0.7321,input_userauth_request: invalid user <*> [preauth],0.5331,10.0,15
346,pam_unix(sshd:auth): authentication failure; logname= uid=0 euid=0 tty=ssh ruser= rhost=<*> user=root,exact,<*> rhost=<*> user=root,0.9994,pam_unix(sshd:session): session <*> for user fztu by (uid=0),0.5932,Failed password for <*> from <*> port for<*> ssh2 from<*> ssh2 port <*> ssh2],0.589,11.45,15
347,Failed password for root from <*> port 38850 ssh2,partial,Failed password for <*> from <*> port for<*> ssh2 from<*> ssh2 port <*> ssh2],0.9501,<*> rhost=<*> user=root,0.5541,Invalid user cyrus from <*>,0.3277,10.43,15
348,Received disconnect from <*>: 11: Bye Bye [preauth],exact,<*> methods<*> available. [preauth],0.9988,Received disconnect from <*>: 11: disconnected by user,0.7321,input_userauth_request: invalid user <*> [preauth],0.5331,10.58,15
349,pam_unix(sshd:auth): authentication failure; logname= uid=0 euid=0 tty=ssh ruser= rhost=<*> user=root,exact,<*> rhost=<*> user=root,0.9994,pam_unix(sshd:session): session <*> for user fztu by (uid=0),0.5932,Failed password for <*> from <*> port for<*> ssh2 from<*> ssh2 port <*> ssh2],0.589,11.3,15
350,Failed password for root from <*> port 39278 ssh2,partial,Failed password for <*> from <*> port for<*> ssh2 from<*> ssh2 port <*> ssh2],0.9522,<*> rhost=<*> user=root,0.5261,Invalid user cyrus from <*>,0.3188,10.25,15
351,Received disconnect from <*>: 11: Bye Bye [preauth],exact,<*> methods<*> available. [preauth],0.9988,Received disconnect from <*>: 11: disconnected by user,0.7321,input_userauth_request: invalid user <*> [preauth],0.5331,10.32,15
352,pam_unix(sshd:auth): authentication failure; logname= uid=0 euid=0 tty=ssh ruser= rhost=<*> user=root,exact,<*> rhost=<*> user=root,0.9994,pam_unix(sshd:session): session <*> for user fztu by (uid=0),0.5932,Failed password for <*> from <*> port for<*> ssh2 from<*> ssh2 port <*> ssh2],0.5889,11.46,15
353,Failed password for root from <*> port 39710 ssh2,partial,Failed password for <*> from <*> port for<*> ssh2 from<*> ssh2 port <*> ssh2],0.9501,<*> rhost=<*> user=root,0.5464,Invalid user cyrus from <*>,0.3333,9.87,15
354,Received disconnect from <*>: 11: Bye Bye [preauth],exact,<*> methods<*> available. [preauth],0.9988,Received disconnect from <*>: 11: disconnected by user,0.7321,input_userauth_request: invalid user <*> [preauth],0.5331,10.04,15
355,pam_unix(sshd:auth): authentication failure; logname= uid=0 euid=0 tty=ssh ruser= rhost=<*> user=root,exact,<*> rhost=<*> user=root,0.9994,pam_unix(sshd:session): session <*> for user fztu by (uid=0),0.5932,Failed password for <*> from <*> port for<*> ssh2 from<*> ssh2 port <*> ssh2],0.5889,11.83,15
356,Failed password for root from <*> port 40139 ssh2,partial,Failed password for <*> from <*> port for<*> ssh2 from<*> ssh2 port <*> ssh2],0.8884,<*> rhost=<*> user=root,0.5544,Invalid user cyrus from <*>,0.3016,10.42,15
357,Received disconnect from <*>: 11: Bye Bye [preauth],exact,<*> methods<*> available. [preauth],0.9988,Received disconnect from <*>: 11: disconnected by user,0.7321,input_userauth_request: invalid user <*> [preauth],0.5331,10.1,15
358,pam_unix(sshd:auth): authentication failure; logname= uid=0 euid=0 tty=ssh ruser= rhost=<*> user=root,exact,<*> rhost=<*> user=root,0.9994,pam_unix(sshd:session): session <*> for user fztu by (uid=0),0.5932,Failed password for <*> from <*> port for<*> ssh2 from<*> ssh2 port <*> ssh2],0.5889,11.38,15
359,Failed password for root from <*> port 40476 ssh2,partial,Failed password for <*> from <*> port for<*> ssh2 from<*> ssh2 port <*> ssh2],0.9082,<*> rhost=<*> user=root,0.552,Invalid user cyrus from <*>,0.3669,9.91,15
360,Received disconnect from <*>: 11: Bye Bye [preauth],exact,<*> methods<*> available. [preauth],0.9988,Received disconnect from <*>: 11: disconnected by user,0.7321,input_userauth_request: invalid user <*> [preauth],0.5331,10.05,15
361,pam_unix(sshd:auth): authentication failure; logname= uid=0 euid=0 tty=ssh ruser= rhost=<*> user=root,exact,<*> rhost=<*> user=root,0.9994,pam_unix(sshd:session): session <*> for user fztu by (uid=0),0.5932,Failed password for <*> from <*> port for<*> ssh2 from<*> ssh2 port <*> ssh2],0.589,11.35,15
362,Failed password for root from <*> port 40931 ssh2,partial,Failed password for <*> from <*> port for<*> ssh2 from<*> ssh2 port <*> ssh2],0.9373,<*> rhost=<*> user=root,0.5521,Invalid user cyrus from <*>,0.2985,10.19,15
363,Received disconnect from <*>: 11: Bye Bye [preauth],exact,<*> methods<*> available. [preauth],0.9988,Received disconnect from <*>: 11: disconnected by user,0.7321,input_userauth_request: invalid user <*> [preauth],0.5331,10.11,15
364,pam_unix(sshd:auth): authentication failure; logname= uid=0 euid=0 tty=ssh ruser= rhost=<*> user=root,exact,<*> rhost=<*> user=root,0.9994,pam_unix(sshd:session): session <*> for user fztu by (uid=0),0.5932,Failed password for <*> from <*> port for<*> ssh2 from<*> ssh2 port <*> ssh2],0.589,11.32,15
365,Failed password for root from <*> port 41350 ssh2,partial,Failed password for <*> from <*> port for<*> ssh2 from<*> ssh2 port <*> ssh2],0.9157,<*> rhost=<*> user=root,0.5253,Invalid user cyrus from <*>,0.3124,9.9,15
366,Received disconnect from <*>: 11: Bye Bye [preauth],exact,<*> methods<*> available. [preauth],0.9988,Received disconnect from <*>: 11: disconnected by user,0.7321,input_userauth_request: invalid user <*> [preauth],0.5331,10.23,15
367,pam_unix(sshd:auth): authentication failure; logname= uid=0 euid=0 tty=ssh ruser= rhost=<*> user=root,exact,<*> rhost=<*> user=root,0.9994,pam_unix(sshd:session): session <*> for user fztu by (uid=0),0.5932,Failed password for <*> from <*> port for<*> ssh2 from<*> ssh2 port <*> ssh2],0.589,11.24,15
368,Failed password for root from <*> port 41795 ssh2,partial,Failed password for <*> from <*> port for<*> ssh2 from<*> ssh2 port <*> ssh2],0.9463,<*> rhost=<*> user=root,0.5569,Invalid user cyrus from <*>,0.3541,10.01,15
369,Received disconnect from <*>: 11: Bye Bye [preauth],exact,<*> methods<*> available. [preauth],0.9988,Received disconnect from <*>: 11: disconnected by user,0.7321,input_userauth_request: invalid user <*> [preauth],0.5331,10.03,15
370,pam_unix(sshd:auth): authentication failure; logname= uid=0 euid=0 tty=ssh ruser= rhost=<*> user=root,exact,<*> rhost=<*> user=root,0.9994,pam_unix(sshd:session): session <*> for user fztu by (uid=0),0.5932,Failed password for <*> from <*> port for<*> ssh2 from<*> ssh2 port <*> ssh2],0.589,11.42,15
371,Failed password for root from <*> port 42294 ssh2,partial,Failed password for <*> from <*> port for<*> ssh2 from<*> ssh2 port <*> ssh2],0.9535,<*> rhost=<*> user=root,0.5689,Invalid user cyrus from <*>,0.3496,10.0,15
372,Received disconnect from <*>: 11: Bye Bye [preauth],exact,<*> methods<*> available. [preauth],0.9988,Received disconnect from <*>: 11: disconnected by user,0.7321,input_userauth_request: invalid user <*> [preauth],0.5331,9.99,15
373,pam_unix(sshd:auth): authentication failure; logname= uid=0 euid=0 tty=ssh ruser= rhost=<*> user=root,exact,<*> rhost=<*> user=root,0.9994,pam_unix(sshd:session): session <*> for user fztu by (uid=0),0.5932,Failed password for <*> from <*> port for<*> ssh2 from<*> ssh2 port <*> ssh2],0.589,11.38,15
374,Failed password for root from <*> port 42636 ssh2,partial,Failed password for <*> from <*> port for<*> ssh2 from<*> ssh2 port <*> ssh2],0.9541,<*> rhost=<*> user=root,0.5358,Invalid user cyrus from <*>,0.3415,10.02,15
375,Received disconnect from <*>: 11: Bye Bye [preauth],exact,<*> methods<*> available. [preauth],0.9988,Received disconnect from <*>: 11: disconnected by user,0.7321,input_userauth_request: invalid user <*> [preauth],0.5331,10.13,15
376,pam_unix(sshd:auth): authentication failure; logname= uid=0 euid=0 tty=ssh ruser= rhost=<*> user=root,exact,<*> rhost=<*> user=root,0.9994,pam_unix(sshd:session): session <*> for user fztu by (uid=0),0.5932,Failed password for <*> from <*> port for<*> ssh2 from<*> ssh2 port <*> ssh2],0.5889,11.44,15
377,Failed password for root from <*> port 43083 ssh2,partial,Failed password for <*> from <*> port for<*> ssh2 from<*> ssh2 port <*> ssh2],0.919,<*> rhost=<*> user=root,0.5587,Invalid user cyrus from <*>,0.3464,9.98,15
378,Received disconnect from <*>: 11: Bye Bye [preauth],exact,<*> methods<*> available. [preauth],0.9989,Received disconnect from <*>: 11: disconnected by user,0.7321,input_userauth_request: invalid user <*> [preauth],0.5331,10.09,15
379,pam_unix(sshd:auth): authentication failure; logname= uid=0 euid=0 tty=ssh ruser= rhost=<*> user=root,exact,<*> rhost=<*> user=root,0.9994,pam_unix(sshd:session): session <*> for user fztu by (uid=0),0.5932,Failed password for <*> from <*> port for<*> ssh2 from<*> ssh2 port <*> ssh2],0.589,11.23,15
380,Failed password for root from <*> port 43476 ssh2,partial,Failed password for <*> from <*> port for<*> ssh2 from<*> ssh2 port <*> ssh2],0.9562,<*> rhost=<*> user=root,0.5207,Invalid user cyrus from <*>,0.3315,10.07,15
381,Received disconnect from <*>: 11: Bye Bye [preauth],exact,<*> methods<*> available. [preauth],0.9989,Received disconnect from <*>: 11: disconnected by user,0.7321,input_userauth_request: invalid user <*> [preauth],0.5331,10.06,15
382,pam_unix(sshd:auth): authentication failure; logname= uid=0 euid=0 tty=ssh ruser= rhost=<*> user=root,exact,<*> rhost=<*> user=root,0.9994,pam_unix(sshd:session): session <*> for user fztu by (uid=0),0.5932,Failed password for <*> from <*> port for<*> ssh2 from<*> ssh2 port <*> ssh2],0.5889,11.4,15
383,Failed password for root from <*> port 43897 ssh2,partial,Failed password for <*> from <*> port for<*> ssh2 from<*> ssh2 port <*> ssh2],0.9377,<*> rhost=<*> user=root,0.5235,Invalid user cyrus from <*>,0.3267,9.97,15
384,Received disconnect from <*>: 11: Bye Bye [preauth],exact,<*> methods<*> available. [preauth],0.9989,Received disconnect from <*>: 11: disconnected by user,0.7321,input_userauth_request: invalid user <*> [preauth],0.5331,10.23,15
385,pam_unix(sshd:auth): authentication failure; logname= uid=0 euid=0 tty=ssh ruser= rhost=<*> user=root,exact,<*> rhost=<*> user=root,0.9994,pam_unix(sshd:session): session <*> for user fztu by (uid=0),0.5932,Failed password for <*> from <*> port for<*> ssh2 from<*> ssh2 port <*> ssh2],0.5889,11.34,15
386,Failed password for root from <*> port 44412 ssh2,partial,Failed password for <*> from <*> port for<*> ssh2 from<*> ssh2 port <*> ssh2],0.9339,<*> rhost=<*> user=root,0.4963,Invalid user cyrus from <*>,0.2996,9.93,15
387,Received disconnect from <*>: 11: Bye Bye [preauth],exact,<*> methods<*> available. [preauth],0.9989,Received disconnect from <*>: 11: disconnected by user,0.7321,input_userauth_request: invalid user <*> [preauth],0.5331,10.14,15
388,pam_unix(sshd:auth): authentication failure; logname= uid=0 euid=0 tty=ssh ruser= rhost=<*> user=root,exact,<*> rhost=<*> user=root,0.9994,pam_unix(sshd:session): session <*> for user fztu by (uid=0),0.5932,Failed password for <*> from <*> port for<*> ssh2 from<*> ssh2 port <*> ssh2],0.5888,11.3,15
389,Failed password for root from <*> port 44785 ssh2,partial,Failed password for <*> from <*> port for<*> ssh2 from<*> ssh2 port <*> ssh2],0.9175,<*> rhost=<*> user=root,0.4971,Invalid user cyrus from <*>,0.3045,10.06,15
390,Received disconnect from <*>: 11: Bye Bye [preauth],exact,<*> methods<*> available. [preauth],0.9989,Received disconnect from <*>: 11: disconnected by user,0.7321,input_userauth_request: invalid user <*> [preauth],0.5331,10.11,15
391,pam_unix(sshd:auth): authentication failure; logname= uid=0 euid=0 tty=ssh ruser= rhost=<*> user=root,exact,<*> rhost=<*> user=root,0.9994,pam_unix(sshd:session): session <*> for user fztu by (uid=0),0.5932,Failed password for <*> from <*> port for<*> ssh2 from<*> ssh2 port <*> ssh2],0.5888,11.13,15
392,Failed password for root from <*> port 45179 ssh2,partial,Failed password for <*> from <*> port for<*> ssh2 from<*> ssh2 port <*> ssh2],0.9417,<*> rhost=<*> user=root,0.5457,Invalid user cyrus from <*>,0.3347,10.24,15
393,Received disconnect from <*>: 11: Bye Bye [preauth],exact,<*> methods<*> available. [preauth],0.9989,Received disconnect from <*>: 11: disconnected by user,0.7321,input_userauth_request: invalid user <*> [preauth],0.5331,10.02,15
394,pam_unix(sshd:auth): authentication failure; logname= uid=0 euid=0 tty=ssh ruser= rhost=<*> user=root,exact,<*> rhost=<*> user=root,0.9994,pam_unix(sshd:session): session <*> for user fztu by (uid=0),0.5932,Failed password for <*> from <*> port for<*> ssh2 from<*> ssh2 port <*> ssh2],0.5888,10.71,15
395,Failed password for root from <*> port 45648 ssh2,partial,Failed password for <*> from <*> port for<*> ssh2 from<*> ssh2 port <*> ssh2],0.9453,<*> rhost=<*> user=root,0.5365,Invalid user cyrus from <*>,0.3153,9.91,15
396,Received disconnect from <*>: 11: Bye Bye [preauth],exact,<*> methods<*> available. [preauth],0.9989,Received disconnect from <*>: 11: disconnected by user,0.7321,input_userauth_request: invalid user <*> [preauth],0.5331,10.07,15
397,pam_unix(sshd:auth): authentication failure; logname= uid=0 euid=0 tty=ssh ruser= rhost=<*> user=root,exact,<*> rhost=<*> user=root,0.9994,pam_unix(sshd:session): session <*> for user fztu by (uid=0),0.5932,Failed password for <*> from <*> port for<*> ssh2 from<*> ssh2 port <*> ssh2],0.5887,11.18,15
398,Failed password for root from <*> port 46059 ssh2,partial,Failed password for <*> from <*> port for<*> ssh2 from<*> ssh2 port <*> ssh2],0.95,<*> rhost=<*> user=root,0.563,Invalid user cyrus from <*>,0.3113,9.71,15
399,Received disconnect from <*>: 11: Bye Bye [preauth],exact,<*> methods<*> available. [preauth],0.9989,Received disconnect from <*>: 11: disconnected by user,0.7321,input_userauth_request: invalid user <*> [preauth],0.5331,9.62,15
400,pam_unix(sshd:auth): authentication failure; logname= uid=0 euid=0 tty=ssh ruser= rhost=<*> user=root,exact,<*> rhost=<*> user=root,0.9995,pam_unix(sshd:session): session <*> for user fztu by (uid=0),0.5932,Failed password for <*> from <*> port for<*> ssh2 from<*> ssh2 port <*> ssh2],0.5887,10.63,15
401,Failed password for root from <*> port 46515 ssh2,partial,Failed password for <*> from <*> port for<*> ssh2 from<*> ssh2 port <*> ssh2],0.9214,<*> rhost=<*> user=root,0.5126,Invalid user cyrus from <*>,0.291,10.05,15
402,Received disconnect from <*>: 11: Bye Bye [preauth],exact,<*> methods<*> available. [preauth],0.9989,Received disconnect from <*>: 11: disconnected by user,0.7321,input_userauth_request: invalid user <*> [preauth],0.5331,10.39,15
403,pam_unix(sshd:auth): authentication failure; logname= uid=0 euid=0 tty=ssh ruser= rhost=<*> user=root,exact,<*> rhost=<*> user=root,0.9995,pam_unix(sshd:session): session <*> for user fztu by (uid=0),0.5932,Failed password for <*> from <*> port for<*> ssh2 from<*> ssh2 port <*> ssh2],0.5887,12.53,15
404,Failed password for root from <*> port 46953 ssh2,partial,Failed password for <*> from <*> port for<*> ssh2 from<*> ssh2 port <*> ssh2],0.9675,<*> rhost=<*> user=root,0.5362,Invalid user cyrus from <*>,0.3174,12.41,15
405,Received disconnect from <*>: 11: Bye Bye [preauth],exact,<*> methods<*> available. [preauth],0.9989,Received disconnect from <*>: 11: disconnected by user,0.7321,input_userauth_request: invalid user <*> [preauth],0.5331,11.01,15
406,pam_unix(sshd:auth): authentication failure; logname= uid=0 euid=0 tty=ssh ruser= rhost=<*> user=root,exact,<*> rhost=<*> user=root,0.9995,pam_unix(sshd:session): session <*> for user fztu by (uid=0),0.5932,Failed password for <*> from <*> port for<*> ssh2 from<*> ssh2 port <*> ssh2],0.5887,11.34,15
407,Failed password for root from <*> port 47366 ssh2,partial,Failed password for <*> from <*> port for<*> ssh2 from<*> ssh2 port <*> ssh2],0.9597,<*> rhost=<*> user=root,0.5339,Invalid user cyrus from <*>,0.3397,9.97,15
408,Received disconnect from <*>: 11: Bye Bye [preauth],exact,<*> methods<*> available. [preauth],0.9989,Received disconnect from <*>: 11: disconnected by user,0.7321,input_userauth_request: invalid user <*> [preauth],0.5331,10.13,15
409,pam_unix(sshd:auth): authentication failure; logname= uid=0 euid=0 tty=ssh ruser= rhost=<*> user=root,exact,<*> rhost=<*> user=root,0.9995,pam_unix(sshd:session): session <*> for user fztu by (uid=0),0.5932,Failed password for <*> from <*> port for<*> ssh2 from<*> ssh2 port <*> ssh2],0.5886,11.34,15
410,Failed password for root from <*> port 47852 ssh2,partial,Failed password for <*> from <*> port for<*> ssh2 from<*> ssh2 port <*> ssh2],0.9664,<*> rhost=<*> user=root,0.5379,Invalid user cyrus from <*>,0.3339,10.01,15
411,Received disconnect from <*>: 11: Bye Bye [preauth],exact,<*> methods<*> available. [preauth],0.9989,Received disconnect from <*>: 11: disconnected by user,0.7321,input_userauth_request: invalid user <*> [preauth],0.5331,10.02,15
412,pam_unix(sshd:auth): authentication failure; logname= uid=0 euid=0 tty=ssh ruser= rhost=<*> user=root,exact,<*> rhost=<*> user=root,0.9995,pam_unix(sshd:session): session <*> for user fztu by (uid=0),0.5932,Failed password for <*> from <*> port for<*> ssh2 from<*> ssh2 port <*> ssh2],0.5886,11.8,15
413,Failed password for root from <*> port 48252 ssh2,partial,Failed password for <*> from <*> port for<*> ssh2 from<*> ssh2 port <*> ssh2],0.9256,<*> rhost=<*> user=root,0.4919,Invalid user cyrus from <*>,0.3054,10.07,15
414,Received disconnect from <*>: 11: Bye Bye [preauth],exact,<*> methods<*> available. [preauth],0.9989,Received disconnect from <*>: 11: disconnected by user,0.7321,input_userauth_request: invalid user <*> [preauth],0.5331,10.14,15
415,pam_unix(sshd:auth): authentication failure; logname= uid=0 euid=0 tty=ssh ruser= rhost=<*> user=root,exact,<*> rhost=<*> user=root,0.9995,pam_unix(sshd:session): session <*> for user fztu by (uid=0),0.5932,Failed password for <*> from <*> port for<*> ssh2 from<*> ssh2 port <*> ssh2],0.5885,11.38,15
416,Failed password for root from <*> port 48708 ssh2,partial,Failed password for <*> from <*> port for<*> ssh2 from<*> ssh2 port <*> ssh2],0.9383,<*> rhost=<*> user=root,0.5265,Invalid user cyrus from <*>,0.3229,9.96,15
417,Received disconnect from <*>: 11: Bye Bye [preauth],exact,<*> methods<*> available. [preauth],0.9989,Received disconnect from <*>: 11: disconnected by user,0.7321,input_userauth_request: invalid user <*> [preauth],0.5331,10.03,15
418,pam_unix(sshd:auth): authentication failure; logname= uid=0 euid=0 tty=ssh ruser= rhost=<*> user=root,exact,<*> rhost=<*> user=root,0.9995,pam_unix(sshd:session): session <*> for user fztu by (uid=0),0.5932,Failed password for <*> from <*> port for<*> ssh2 from<*> ssh2 port <*> ssh2],0.5885,11.5,15
419,Failed password for root from <*> port 49161 ssh2,partial,Failed password for <*> from <*> port for<*> ssh2 from<*> ssh2 port <*> ssh2],0.9384,<*> rhost=<*> user=root,0.5601,Invalid user cyrus from <*>,0.3303,9.94,15
420,Received disconnect from <*>: 11: Bye Bye [preauth],exact,<*> methods<*> available. [preauth],0.999,Received disconnect from <*>: 11: disconnected by user,0.7321,input_userauth_request: invalid user <*> [preauth],0.5331,10.15,15
421,pam_unix(sshd:auth): authentication failure; logname= uid=0 euid=0 tty=ssh ruser= rhost=<*> user=root,exact,<*> rhost=<*> user=root,0.9995,pam_unix(sshd:session): session <*> for user fztu by (uid=0),0.5932,Failed password for <*> from <*> port for<*> ssh2 from<*> ssh2 port <*> ssh2],0.5885,11.32,15
422,Failed password for root from <*> port 49567 ssh2,partial,Failed password for <*> from <*> port for<*> ssh2 from<*> ssh2 port <*> ssh2],0.9587,<*> rhost=<*> user=root,0.5595,Invalid user cyrus from <*>,0.348,10.02,15
423,Received disconnect from <*>: 11: Bye Bye [preauth],exact,<*> methods<*> available. [preauth],0.999,Received disconnect from <*>: 11: disconnected by user,0.7321,input_userauth_request: invalid user <*> [preauth],0.5331,10.25,15
424,pam_unix(sshd:auth): authentication failure; logname= uid=0 euid=0 tty=ssh ruser= rhost=<*> user=root,exact,<*> rhost=<*> user=root,0.9995,pam_unix(sshd:session): session <*> for user fztu by (uid=0),0.5932,Failed password for <*> from <*> port for<*> ssh2 from<*> ssh2 port <*> ssh2],0.5885,11.17,15
425,Failed password for root from <*> port 50101 ssh2,partial,Failed password for <*> from <*> port for<*> ssh2 from<*> ssh2 port <*> ssh2],0.9266,<*> rhost=<*> user=root,0.5715,Invalid user cyrus from <*>,0.3208,10.01,15
426,Received disconnect from <*>: 11: Bye Bye [preauth],exact,<*> methods<*> available. [preauth],0.999,Received disconnect from <*>: 11: disconnected by user,0.7321,input_userauth_request: invalid user <*> [preauth],0.5331,10.25,15
427,pam_unix(sshd:auth): authentication failure; logname= uid=0 euid=0 tty=ssh ruser= rhost=<*> user=root,exact,<*> rhost=<*> user=root,0.9995,pam_unix(sshd:session): session <*> for user fztu by (uid=0),0.5932,Failed password for <*> from <*> port for<*> ssh2 from<*> ssh2 port <*> ssh2],0.5886,11.32,15
428,Failed password for root from <*> port 50562 ssh2,partial,Failed password for <*> from <*> port for<*> ssh2 from<*> ssh2 port <*> ssh2],0.908,<*> rhost=<*> user=root,0.5291,Invalid user cyrus from <*>,0.311,9.95,15
429,Received disconnect from <*>: 11: Bye Bye [preauth],exact,<*> methods<*> available. [preauth],0.999,Received disconnect from <*>: 11: disconnected by user,0.7321,input_userauth_request: invalid user <*> [preauth],0.5331,10.48,15
430,pam_unix(sshd:auth): authentication failure; logname= uid=0 euid=0 tty=ssh ruser= rhost=<*> user=root,exact,<*> rhost=<*> user=root,0.9995,pam_unix(sshd:session): session <*> for user fztu by (uid=0),0.5932,Failed password for <*> from <*> port for<*> ssh2 from<*> ssh2 port <*> ssh2],0.5886,11.3,15
431,Failed password for root from <*> port 51018 ssh2,partial,Failed password for <*> from <*> port for<*> ssh2 from<*> ssh2 port <*> ssh2],0.9041,<*> rhost=<*> user=root,0.5883,PAM service(sshd) ignoring max retries; <*> > 3,0.328,10.0,15
432,Received disconnect from <*>: 11: Bye Bye [preauth],exact,<*> methods<*> available. [preauth],0.999,Received disconnect from <*>: 11: disconnected by user,0.7321,input_userauth_request: invalid user <*> [preauth],0.5331,10.06,15
433,pam_unix(sshd:auth): authentication failure; logname= uid=0 euid=0 tty=ssh ruser= rhost=<*> user=root,exact,<*> rhost=<*> user=root,0.9995,pam_unix(sshd:session): session <*> for user fztu by (uid=0),0.5932,Failed password for <*> from <*> port for<*> ssh2 from<*> ssh2 port <*> ssh2],0.5886,11.22,15
434,Failed password for root from <*> port 51443 ssh2,partial,Failed password for <*> from <*> port for<*> ssh2 from<*> ssh2 port <*> ssh2],0.9347,<*> rhost=<*> user=root,0.5274,Invalid user cyrus from <*>,0.3192,10.06,15
435,Received disconnect from <*>: 11: Bye Bye [preauth],exact,<*> methods<*> available. [preauth],0.999,Received disconnect from <*>: 11: disconnected by user,0.7321,input_userauth_request: invalid user <*> [preauth],0.5331,10.16,15
436,pam_unix(sshd:auth): authentication failure; logname= uid=0 euid=0 tty=ssh ruser= rhost=<*> user=root,exact,<*> rhost=<*> user=root,0.9995,pam_unix(sshd:session): session <*> for user fztu by (uid=0),0.5932,Failed password for <*> from <*> port for<*> ssh2 from<*> ssh2 port <*> ssh2],0.5886,11.23,15
437,Failed password for root from <*> port 51867 ssh2,partial,Failed password for <*> from <*> port for<*> ssh2 from<*> ssh2 port <*> ssh2],0.9561,<*> rhost=<*> user=root,0.5668,Invalid user cyrus from <*>,0.3247,9.97,15
438,Received disconnect from <*>: 11: Bye Bye [preauth],exact,<*> methods<*> available. [preauth],0.999,Received disconnect from <*>: 11: disconnected by user,0.7321,input_userauth_request: invalid user <*> [preauth],0.5331,10.03,15
439,pam_unix(sshd:auth): authentication failure; logname= uid=0 euid=0 tty=ssh ruser= rhost=<*> user=root,exact,<*> rhost=<*> user=root,0.9995,pam_unix(sshd:session): session <*> for user fztu by (uid=0),0.5932,Failed password for <*> from <*> port for<*> ssh2 from<*> ssh2 port <*> ssh2],0.5886,11.94,15
440,Invalid user admin from <*>,partial,Invalid user <*> from <*>,0.8863,Invalid user monitor from <*>,0.6733,Invalid user cyrus from <*>,0.6525,10.16,15
441,input_userauth_request: invalid user admin [preauth],partial,input_userauth_request: invalid user <*> [preauth],0.9316,<*> methods<*> available. [preauth],0.4987,Invalid user cyrus from <*>,0.4423,10.15,15
442,pam_unix(sshd:auth): check pass; user unknown,fuzzy,<*> rhost=<*> user=root,0.7702,pam_unix(sshd:session): session <*> for user fztu by (uid=0),0.6538,PAM service(sshd) ignoring max retries; <*> > 3,0.5268,10.33,15
443,pam_unix(sshd:auth): authentication failure; logname= uid=0 euid=0 tty=ssh ruser= rhost=<*>,partial,<*> rhost=<*> user=root,0.9892,pam_unix(sshd:session): session <*> for user fztu by (uid=0),0.5921,Failed password for <*> from <*> port for<*> ssh2 from<*> ssh2 port <*> ssh2],0.5573,11.15,15
444,Failed password for root from <*> port 52289 ssh2,partial,Failed password for <*> from <*> port for<*> ssh2 from<*> ssh2 port <*> ssh2],0.9464,<*> rhost=<*> user=root,0.5352,Invalid user cyrus from <*>,0.3028,10.01,15
445,Received disconnect from <*>: 11: Bye Bye [preauth],exact,<*> methods<*> available. [preauth],0.999,Received disconnect from <*>: 11: disconnected by user,0.7321,input_userauth_request: invalid user <*> [preauth],0.5328,10.05,15
446,pam_unix(sshd:auth): authentication failure; logname= uid=0 euid=0 tty=ssh ruser= rhost=<*> user=root,exact,<*> rhost=<*> user=root,0.9994,pam_unix(sshd:session): session <*> for user fztu by (uid=0),0.5932,Failed password for <*> from <*> port for<*> ssh2 from<*> ssh2 port <*> ssh2],0.5886,11.28,15
447,Failed password for invalid user admin from <*> port 60150 ssh2,partial,Failed password for <*> from <*> port for<*> ssh2 from<*> ssh2 port <*> ssh2],0.8465,<*> rhost=<*> user=root,0.5373,Invalid user <*> from <*>,0.4126,10.13,15
448,error: Received disconnect from <*>: 14: No more user authentication methods available. [preauth],fuzzy,<*> methods<*> available. [preauth],0.7483,input_userauth_request: invalid user <*> [preauth],0.6491,Received disconnect from <*>: 11: disconnected by user,0.4863,10.55,15
449,Failed password for root from <*> port 52762 ssh2,partial,Failed password for <*> from <*> port for<*> ssh2 from<*> ssh2 port <*> ssh2],0.9477,<*> rhost=<*> user=root,0.5325,Invalid user cyrus from <*>,0.3232,9.93,15
450,Received disconnect from <*>: 11: Bye Bye [preauth],exact,<*> methods<*> available. [preauth],0.9989,Received disconnect from <*>: 11: disconnected by user,0.7321,input_userauth_request: invalid user <*> [preauth],0.5328,10.04,15
451,Invalid user support from <*>,partial,Invalid user <*> from <*>,0.8735,Invalid user monitor from <*>,0.6977,Invalid user cyrus from <*>,0.665,9.87,15
452,input_userauth_request: invalid user support [preauth],partial,input_userauth_request: invalid user <*> [preauth],0.9629,<*> methods<*> available. [preauth],0.5157,Invalid user cyrus from <*>,0.4362,10.06,15
453,pam_unix(sshd:auth): check pass; user unknown,fuzzy,<*> rhost=<*> user=root,0.7712,pam_unix(sshd:session): session <*> for user fztu by (uid=0),0.6538,PAM service(sshd) ignoring max retries; <*> > 3,0.5268,9.93,15
454,pam_unix(sshd:auth): authentication failure; logname= uid=0 euid=0 tty=ssh ruser= rhost=<*>,partial,<*> rhost=<*> user=root,0.9892,pam_unix(sshd:session): session <*> for user fztu by (uid=0),0.5921,Failed password for <*> from <*> port for<*> ssh2 from<*> ssh2 port <*> ssh2],0.5573,10.99,15
455,Failed password for invalid user support from <*> port 60735 ssh2,partial,Failed password for <*> from <*> port for<*> ssh2 from<*> ssh2 port <*> ssh2],0.8775,<*> rhost=<*> user=root,0.5398,Invalid user cyrus from <*>,0.4372,11.69,15
456,error: Received disconnect from <*>: 14: No more user authentication methods available. [preauth],fuzzy,<*> methods<*> available. [preauth],0.7495,input_userauth_request: invalid user <*> [preauth],0.649,Received disconnect from <*>: 11: disconnected by user,0.4863,11.63,15
457,Invalid user user from <*>,partial,Invalid user <*> from <*>,0.9638,Invalid user cyrus from <*>,0.7113,Invalid user monitor from <*>,0.6925,10.84,15
458,input_userauth_request: invalid user user [preauth],partial,input_userauth_request: invalid user <*> [preauth],0.9878,<*> methods<*> available. [preauth],0.5206,Invalid user cyrus from <*>,0.4728,11.11,15
459,pam_unix(sshd:auth): check pass; user unknown,fuzzy,<*> rhost=<*> user=root,0.7723,pam_unix(sshd:session): session <*> for user fztu by (uid=0),0.6538,PAM service(sshd) ignoring max retries; <*> > 3,0.5268,10.98,15
460,pam_unix(sshd:auth): authentication failure; logname= uid=0 euid=0 tty=ssh ruser= rhost=<*>,partial,<*> rhost=<*> user=root,0.9892,pam_unix(sshd:session): session <*> for user fztu by (uid=0),0.5921,Failed password for <*> from <*> port for<*> ssh2 from<*> ssh2 port <*> ssh2],0.5573,12.5,15
461,Failed password for invalid user user from <*> port 61269 ssh2,partial,Failed password for <*> from <*> port for<*> ssh2 from<*> ssh2 port <*> ssh2],0.84,<*> rhost=<*> user=root,0.5492,Invalid user <*> from <*>,0.4815,10.21,15
462,error: Received disconnect from <*>: 14: No more user authentication methods available. [preauth],fuzzy,<*> methods<*> available. [preauth],0.7508,input_userauth_request: invalid user <*> [preauth],0.6488,Received disconnect from <*>: 11: disconnected by user,0.4863,10.56,15
463,pam_unix(sshd:auth): authentication failure; logname= uid=0 euid=0 tty=ssh ruser= rhost=<*> user=root,exact,<*> rhost=<*> user=root,0.9993,pam_unix(sshd:session): session <*> for user fztu by (uid=0),0.5932,Failed password for <*> from <*> port for<*> ssh2 from<*> ssh2 port <*> ssh2],0.5887,11.18,15
464,pam_unix(sshd:auth): authentication failure; logname= uid=0 euid=0 tty=ssh ruser= rhost=<*> user=root,exact,<*> rhost=<*> user=root,0.9993,pam_unix(sshd:session): session <*> for user fztu by (uid=0),0.5932,Failed password for <*> from <*> port for<*> ssh2 from<*> ssh2 port <*> ssh2],0.5887,11.31,15
465,pam_unix(sshd:auth): authentication failure; logname= uid=0 euid=0 tty=ssh ruser= rhost=<*> user=root,exact,<*> rhost=<*> user=root,0.9993,pam_unix(sshd:session): session <*> for user fztu by (uid=0),0.5932,Failed password for <*> from <*> port for<*> ssh2 from<*> ssh2 port <*> ssh2],0.5887,11.22,15
466,Failed password for root from <*> port 61906 ssh2,partial,Failed password for <*> from <*> port for<*> ssh2 from<*> ssh2 port <*> ssh2],0.9295,<*> rhost=<*> user=root,0.5356,Invalid user cyrus from <*>,0.3348,9.95,15
467,error: Received disconnect from <*>: 14: No more user authentication methods available. [preauth],fuzzy,<*> methods<*> available. [preauth],0.752,input_userauth_request: invalid user <*> [preauth],0.6488,Received disconnect from <*>: 11: disconnected by user,0.4863,10.62,15
468,Failed password for root from <*> port 53245 ssh2,partial,Failed password for <*> from <*> port for<*> ssh2 from<*> ssh2 port <*> ssh2],0.9049,<*> rhost=<*> user=root,0.4649,Invalid user cyrus from <*>,0.295,10.48,15
469,fatal: Write failed: Connection reset by peer [preauth],fuzzy,<*> methods<*> available. [preauth],0.6585,input_userauth_request: invalid user <*> [preauth],0.5953,<*> rhost=<*> user=root,0.3935,9.9,15
470,Failed password for root from <*> port 55138 ssh2,partial,Failed password for <*> from <*> port for<*> ssh2 from<*> ssh2 port <*> ssh2],0.9411,<*> rhost=<*> user=root,0.5402,Invalid user cyrus from <*>,0.3227,9.98,15
471,Received disconnect from <*>: 11: Bye Bye [preauth],exact,<*> methods<*> available. [preauth],0.9986,Received disconnect from <*>: 11: disconnected by user,0.7321,input_userauth_request: invalid user <*> [preauth],0.5322,10.12,15
472,pam_unix(sshd:auth): authentication failure; logname= uid=0 euid=0 tty=ssh ruser= rhost=<*> user=root,exact,<*> rhost=<*> user=root,0.9993,pam_unix(sshd:session): session <*> for user fztu by (uid=0),0.5932,Failed password for <*> from <*> port for<*> ssh2 from<*> ssh2 port <*> ssh2],0.5886,11.35,15
473,Invalid user 1234 from <*>,partial,Invalid user <*> from <*>,0.8924,Invalid user cyrus from <*>,0.6708,Invalid user monitor from <*>,0.638,9.75,15
474,input_userauth_request: invalid user 1234 [preauth],partial,input_userauth_request: invalid user <*> [preauth],0.9514,<*> methods<*> available. [preauth],0.5377,Invalid user cyrus from <*>,0.4689,10.05,15
475,pam_unix(sshd:auth): check pass; user unknown,fuzzy,<*> rhost=<*> user=root,0.7731,pam_unix(sshd:session): session <*> for user fztu by (uid=0),0.6538,PAM service(sshd) ignoring max retries; <*> > 3,0.5268,10.06,15
476,pam_unix(sshd:auth): authentication failure; logname= uid=0 euid=0 tty=ssh ruser= rhost=<*>,partial,<*> rhost=<*> user=root,0.9893,pam_unix(sshd:session): session <*> for user fztu by (uid=0),0.5921,Failed password for <*> from <*> port for<*> ssh2 from<*> ssh2 port <*> ssh2],0.5573,11.24,15
477,Failed password for root from <*> port 55557 ssh2,partial,Failed password for <*> from <*> port for<*> ssh2 from<*> ssh2 port <*> ssh2],0.8997,<*> rhost=<*> user=root,0.5222,PAM service(sshd) ignoring max retries; <*> > 3,0.2977,9.91,15
478,Received disconnect from <*>: 11: Bye Bye [preauth],exact,<*> methods<*> available. [preauth],0.9986,Received disconnect from <*>: 11: disconnected by user,0.7321,input_userauth_request: invalid user <*> [preauth],0.5324,10.08,15
479,pam_unix(sshd:auth): authentication failure; logname= uid=0 euid=0 tty=ssh ruser= rhost=<*> user=root,exact,<*> rhost=<*> user=root,0.9993,pam_unix(sshd:session): session <*> for user fztu by (uid=0),0.5932,Failed password for <*> from <*> port for<*> ssh2 from<*> ssh2 port <*> ssh2],0.5886,11.45,15
480,Failed password for invalid user 1234 from <*> port 62429 ssh2,partial,Failed password for <*> from <*> port for<*> ssh2 from<*> ssh2 port <*> ssh2],0.86,<*> rhost=<*> user=root,0.5472,Invalid user <*> from <*>,0.4402,10.11,15
481,error: Received disconnect from <*>: 14: No more user authentication methods available. [preauth],fuzzy,<*> methods<*> available. [preauth],0.7536,input_userauth_request: invalid user <*> [preauth],0.6489,Received disconnect from <*>: 11: disconnected by user,0.4863,10.34,15
482,Failed password for root from <*> port 55969 ssh2,partial,Failed password for <*> from <*> port for<*> ssh2 from<*> ssh2 port <*> ssh2],0.9597,<*> rhost=<*> user=root,0.5594,Invalid user cyrus from <*>,0.3393,10.11,15
483,Received disconnect from <*>: 11: Bye Bye [preauth],exact,<*> methods<*> available. [preauth],0.9985,Received disconnect from <*>: 11: disconnected by user,0.7321,input_userauth_request: invalid user <*> [preauth],0.5324,10.14,15
484,pam_unix(sshd:auth): authentication failure; logname= uid=0 euid=0 tty=ssh ruser= rhost=<*> user=root,exact,<*> rhost=<*> user=root,0.9993,pam_unix(sshd:session): session <*> for user fztu by (uid=0),0.5932,Failed password for <*> from <*> port for<*> ssh2 from<*> ssh2 port <*> ssh2],0.5886,11.18,15
485,pam_unix(sshd:auth): authentication failure; logname= uid=0 euid=0 tty=ssh ruser= rhost=<*> user=root,exact,<*> rhost=<*> user=root,0.9993,pam_unix(sshd:session): session <*> for user fztu by (uid=0),0.5932,Failed password for <*> from <*> port for<*> ssh2 from<*> ssh2 port <*> ssh2],0.5886,11.31,15
486,Failed password for root from <*> port 56423 ssh2,partial,Failed password for <*> from <*> port for<*> ssh2 from<*> ssh2 port <*> ssh2],0.9551,<*> rhost=<*> user=root,0.5143,Invalid user cyrus from <*>,0.3324,9.91,15
487,Received disconnect from <*>: 11: Bye Bye [preauth],exact,<*> methods<*> available. [preauth],0.9985,Received disconnect from <*>: 11: disconnected by user,0.7321,input_userauth_request: invalid user <*> [preauth],0.5324,10.47,15
488,pam_unix(sshd:auth): authentication failure; logname= uid=0 euid=0 tty=ssh ruser= rhost=<*> user=root,exact,<*> rhost=<*> user=root,0.9993,pam_unix(sshd:session): session <*> for user fztu by (uid=0),0.5932,Failed password for <*> from <*> port for<*> ssh2 from<*> ssh2 port <*> ssh2],0.5886,12.07,15
489,Failed password for root from <*> port 63012 ssh2,partial,Failed password for <*> from <*> port for<*> ssh2 from<*> ssh2 port <*> ssh2],0.9063,<*> rhost=<*> user=root,0.534,PAM service(sshd) ignoring max retries; <*> > 3,0.3278,10.21,15
490,error: Received disconnect from <*>: 14: No more user authentication methods available. [preauth],fuzzy,<*> methods<*> available. [preauth],0.7546,input_userauth_request: invalid user <*> [preauth],0.6489,Received disconnect from <*>: 11: disconnected by user,0.4863,10.49,15
491,Invalid user anonymous from <*>,partial,Invalid user <*> from <*>,0.8415,Invalid user cyrus from <*>,0.638,Invalid user monitor from <*>,0.5837,9.58,15
492,input_userauth_request: invalid user anonymous [preauth],partial,input_userauth_request: invalid user <*> [preauth],0.9402,<*> methods<*> available. [preauth],0.5377,Invalid user cyrus from <*>,0.4206,10.15,15
493,pam_unix(sshd:auth): check pass; user unknown,fuzzy,<*> rhost=<*> user=root,0.7739,pam_unix(sshd:session): session <*> for user fztu by (uid=0),0.6538,PAM service(sshd) ignoring max retries; <*> > 3,0.5268,9.93,15
494,pam_unix(sshd:auth): authentication failure; logname= uid=0 euid=0 tty=ssh ruser= rhost=<*>,partial,<*> rhost=<*> user=root,0.9893,pam_unix(sshd:session): session <*> for user fztu by (uid=0),0.5921,Failed password for <*> from <*> port for<*> ssh2 from<*> ssh2 port <*> ssh2],0.5572,11.18,15
495,Failed password for root from <*> port 56779 ssh2,partial,Failed password for <*> from <*> port for<*> ssh2 from<*> ssh2 port <*> ssh2],0.9418,<*> rhost=<*> user=root,0.5248,Invalid user cyrus from <*>,0.3411,9.95,15
496,Received disconnect from <*>: 11: Bye Bye [preauth],exact,<*> methods<*> available. [preauth],0.9984,Received disconnect from <*>: 11: disconnected by user,0.7321,input_userauth_request: invalid user <*> [preauth],0.5326,9.73,15
497,pam_unix(sshd:auth): authentication failure; logname= uid=0 euid=0 tty=ssh ruser= rhost=<*> user=root,exact,<*> rhost=<*> user=root,0.9992,pam_unix(sshd:session): session <*> for user fztu by (uid=0),0.5932,Failed password for <*> from <*> port for<*> ssh2 from<*> ssh2 port <*> ssh2],0.5885,10.64,15
498,Failed password for invalid user anonymous from <*> port 63514 ssh2,partial,Failed password for <*> from <*> port for<*> ssh2 from<*> ssh2 port <*> ssh2],0.8148,<*> rhost=<*> user=root,0.5828,Invalid user <*> from <*>,0.42,9.7,15
499,error: Received disconnect from <*>: 14: No more user authentication methods available. [preauth],fuzzy,<*> methods<*> available. [preauth],0.7557,input_userauth_request: invalid user <*> [preauth],0.649,Received disconnect from <*>: 11: disconnected by user,0.4863,10.47,15
500,Failed password for root from <*> port 57223 ssh2,partial,Failed password for <*> from <*> port for<*> ssh2 from<*> ssh2 port <*> ssh2],0.9482,<*> rhost=<*> user=root,0.5154,Invalid user cyrus from <*>,0.33,10.22,15
501,Received disconnect from <*>: 11: Bye Bye [preauth],exact,<*> methods<*> available. [preauth],0.9983,Received disconnect from <*>: 11: disconnected by user,0.7321,input_userauth_request: invalid user <*> [preauth],0.5326,10.19,15
502,pam_unix(sshd:auth): authentication failure; logname= uid=0 euid=0 tty=ssh ruser= rhost=<*> user=root,exact,<*> rhost=<*> user=root,0.9992,pam_unix(sshd:session): session <*> for user fztu by (uid=0),0.5932,Failed password for <*> from <*> port for<*> ssh2 from<*> ssh2 port <*> ssh2],0.5886,11.59,15
503,Failed password for root from <*> port 57631 ssh2,partial,Failed password for <*> from <*> port for<*> ssh2 from<*> ssh2 port <*> ssh2],0.9517,<*> rhost=<*> user=root,0.5406,Invalid user cyrus from <*>,0.3405,11.54,15
504,Received disconnect from <*>: 11: Bye Bye [preauth],exact,<*> methods<*> available. [preauth],0.9983,Received disconnect from <*>: 11: disconnected by user,0.7321,input_userauth_request: invalid user <*> [preauth],0.5326,16.0,15
505,pam_unix(sshd:auth): authentication failure; logname= uid=0 euid=0 tty=ssh ruser= rhost=<*> user=root,exact,<*> rhost=<*> user=root,0.9992,pam_unix(sshd:session): session <*> for user fztu by (uid=0),0.5932,Failed password for <*> from <*> port for<*> ssh2 from<*> ssh2 port <*> ssh2],0.5886,15.53,15
506,Invalid user admin from <*>,partial,Invalid user <*> from <*>,0.8886,Invalid user monitor from <*>,0.6733,Invalid user cyrus from <*>,0.6525,13.7,15
507,input_userauth_request: invalid user admin [preauth],partial,input_userauth_request: invalid user <*> [preauth],0.9329,<*> methods<*> available. [preauth],0.5035,Invalid user cyrus from <*>,0.4423,13.97,15
508,pam_unix(sshd:auth): check pass; user unknown,fuzzy,<*> rhost=<*> user=root,0.7748,pam_unix(sshd:session): session <*> for user fztu by (uid=0),0.6538,PAM service(sshd) ignoring max retries; <*> > 3,0.5268,13.97,15
509,pam_unix(sshd:auth): authentication failure; logname= uid=0 euid=0 tty=ssh ruser= rhost=<*>,partial,<*> rhost=<*> user=root,0.9893,pam_unix(sshd:session): session <*> for user fztu by (uid=0),0.5921,Failed password for <*> from <*> port for<*> ssh2 from<*> ssh2 port <*> ssh2],0.5573,14.84,15
510,Failed password for root from <*> port 57916 ssh2,partial,Failed password for <*> from <*> port for<*> ssh2 from<*> ssh2 port <*> ssh2],0.9542,<*> rhost=<*> user=root,0.5521,Invalid user cyrus from <*>,0.3516,14.09,15
511,Received disconnect from <*>: 11: Bye Bye [preauth],exact,<*> methods<*> available. [preauth],0.9984,Received disconnect from <*>: 11: disconnected by user,0.7321,input_userauth_request: invalid user <*> [preauth],0.5323,14.15,15
512,pam_unix(sshd:auth): authentication failure; logname= uid=0 euid=0 tty=ssh ruser= rhost=<*> user=root,exact,<*> rhost=<*> user=root,0.9992,pam_unix(sshd:session): session <*> for user fztu by (uid=0),0.5932,Failed password for <*> from <*> port for<*> ssh2 from<*> ssh2 port <*> ssh2],0.5886,15.18,15
513,Failed password for invalid user admin from <*> port 64031 ssh2,partial,Failed password for <*> from <*> port for<*> ssh2 from<*> ssh2 port <*> ssh2],0.8416,<*> rhost=<*> user=root,0.5555,Invalid user <*> from <*>,0.4116,13.68,15
514,error: Received disconnect from <*>: 14: No more user authentication methods available. [preauth],fuzzy,<*> methods<*> available. [preauth],0.7566,input_userauth_request: invalid user <*> [preauth],0.649,Received disconnect from <*>: 11: disconnected by user,0.4863,13.81,15
515,Failed password for root from <*> port 58365 ssh2,partial,Failed password for <*> from <*> port for<*> ssh2 from<*> ssh2 port <*> ssh2],0.9358,<*> rhost=<*> user=root,0.511,Invalid user cyrus from <*>,0.3071,13.89,15
516,Received disconnect from <*>: 11: Bye Bye [preauth],exact,<*> methods<*> available. [preauth],0.9983,Received disconnect from <*>: 11: disconnected by user,0.7321,input_userauth_request: invalid user <*> [preauth],0.5323,14.07,15
517,pam_unix(sshd:auth): authentication failure; logname= uid=0 euid=0 tty=ssh ruser= rhost=<*> user=root,exact,<*> rhost=<*> user=root,0.9992,pam_unix(sshd:session): session <*> for user fztu by (uid=0),0.5932,Failed password for <*> from <*> port for<*> ssh2 from<*> ssh2 port <*> ssh2],0.5886,15.52,15
518,Invalid user ubnt from <*>,partial,Invalid user <*> from <*>,0.8341,Invalid user PlcmSpIp from <*>,0.6405,Invalid user monitor from <*>,0.6123,13.83,15
519,input_userauth_request: invalid user ubnt [preauth],partial,input_userauth_request: invalid user <*> [preauth],0.922,<*> methods<*> available. [preauth],0.546,Invalid user <*> from <*>,0.4234,14.56,15
520,pam_unix(sshd:auth): check pass; user unknown,fuzzy,<*> rhost=<*> user=root,0.7757,pam_unix(sshd:session): session <*> for user fztu by (uid=0),0.6538,PAM service(sshd) ignoring max retries; <*> > 3,0.5268,13.91,15
521,pam_unix(sshd:auth): authentication failure; logname= uid=0 euid=0 tty=ssh ruser= rhost=<*>,partial,<*> rhost=<*> user=root,0.9893,pam_unix(sshd:session): session <*> for user fztu by (uid=0),0.5921,Failed password for <*> from <*> port for<*> ssh2 from<*> ssh2 port <*> ssh2],0.5573,15.22,15
522,Failed password for root from <*> port 58869 ssh2,partial,Failed password for <*> from <*> port for<*> ssh2 from<*> ssh2 port <*> ssh2],0.9457,<*> rhost=<*> user=root,0.5553,Invalid user <*> from <*>,0.3284,14.24,15
523,Received disconnect from <*>: 11: Bye Bye [preauth],exact,<*> methods<*> available. [preauth],0.9983,Received disconnect from <*>: 11: disconnected by user,0.7321,input_userauth_request: invalid user <*> [preauth],0.5327,14.15,15
524,pam_unix(sshd:auth): authentication failure; logname= uid=0 euid=0 tty=ssh ruser= rhost=<*> user=root,exact,<*> rhost=<*> user=root,0.9991,pam_unix(sshd:session): session <*> for user fztu by (uid=0),0.5932,Failed password for <*> from <*> port for<*> ssh2 from<*> ssh2 port <*> ssh2],0.5886,15.59,15
525,Failed password for invalid user ubnt from <*> port 64908 ssh2,partial,Failed password for <*> from <*> port for<*> ssh2 from<*> ssh2 port <*> ssh2],0.8005,<*> rhost=<*> user=root,0.539,Invalid user vnc from <*>,0.4449,14.11,15
526,error: Received disconnect from <*>: 14: No more user authentication methods available. [preauth],fuzzy,<*> methods<*> available. [preauth],0.7576,input_userauth_request: invalid user <*> [preauth],0.6493,Received disconnect from <*>: 11: disconnected by user,0.4863,14.53,15
527,Failed password for root from <*> port 59303 ssh2,partial,Failed password for <*> from <*> port for<*> ssh2 from<*> ssh2 port <*> ssh2],0.9128,<*> rhost=<*> user=root,0.5254,Invalid user cyrus from <*>,0.3121,13.9,15
528,Received disconnect from <*>: 11: Bye Bye [preauth],exact,<*> methods<*> available. [preauth],0.9982,Received disconnect from <*>: 11: disconnected by user,0.7321,input_userauth_request: invalid user <*> [preauth],0.5327,14.08,15
529,pam_unix(sshd:auth): authentication failure; logname= uid=0 euid=0 tty=ssh ruser= rhost=<*> user=root,exact,<*> rhost=<*> user=root,0.9991,pam_unix(sshd:session): session <*> for user fztu by (uid=0),0.5932,Failed password for <*> from <*> port for<*> ssh2 from<*> ssh2 port <*> ssh2],0.5887,15.53,15
530,pam_unix(sshd:auth): authentication failure; logname= uid=0 euid=0 tty=ssh ruser= rhost=<*> user=uucp,partial,<*> rhost=<*> user=root,0.9611,pam_unix(sshd:session): session <*> for user fztu by (uid=0),0.59,Failed password for <*> from <*> port for<*> ssh2 from<*> ssh2 port <*> ssh2],0.5353,15.61,15
531,Failed password for root from <*> port 59702 ssh2,partial,Failed password for <*> from <*> port for<*> ssh2 from<*> ssh2 port <*> ssh2],0.9349,<*> rhost=<*> user=root,0.5393,Invalid user cyrus from <*>,0.3206,14.01,15
532,Received disconnect from <*>: 11: Bye Bye [preauth],exact,<*> methods<*> available. [preauth],0.9982,Received disconnect from <*>: 11: disconnected by user,0.7321,input_userauth_request: invalid user <*> [preauth],0.5327,14.19,15
533,pam_unix(sshd:auth): authentication failure; logname= uid=0 euid=0 tty=ssh ruser= rhost=<*> user=root,exact,<*> rhost=<*> user=root,0.9991,pam_unix(sshd:session): session <*> for user fztu by (uid=0),0.5932,Failed password for <*> from <*> port for<*> ssh2 from<*> ssh2 port <*> ssh2],0.5886,15.64,15
534,Failed password for uucp from <*> port 65454 ssh2,fuzzy,Failed password for <*> from <*> port for<*> ssh2 from<*> ssh2 port <*> ssh2],0.7951,<*> rhost=<*> user=root,0.5287,Invalid user cyrus from <*>,0.3298,13.94,15
535,error: Received disconnect from <*>: 14: No more user authentication methods available. [preauth],fuzzy,<*> methods<*> available. [preauth],0.7586,input_userauth_request: invalid user <*> [preauth],0.6493,Received disconnect from <*>: 11: disconnected by user,0.4863,14.53,15
536,Failed password for root from <*> port 60061 ssh2,partial,Failed password for <*> from <*> port for<*> ssh2 from<*> ssh2 port <*> ssh2],0.883,<*> rhost=<*> user=root,0.5464,Invalid user cyrus from <*>,0.3194,14.0,15
537,Received disconnect from <*>: 11: Bye Bye [preauth],exact,<*> methods<*> available. [preauth],0.9981,Received disconnect from <*>: 11: disconnected by user,0.7321,input_userauth_request: invalid user <*> [preauth],0.5327,14.04,15
538,pam_unix(sshd:auth): authentication failure; logname= uid=0 euid=0 tty=ssh ruser= rhost=<*> user=root,exact,<*> rhost=<*> user=root,0.9991,pam_unix(sshd:session): session <*> for user fztu by (uid=0),0.5932,Failed password for <*> from <*> port for<*> ssh2 from<*> ssh2 port <*> ssh2],0.5887,15.4,15
539,pam_unix(sshd:auth): authentication failure; logname= uid=0 euid=0 tty=ssh ruser= rhost=<*> user=sshd,exact,<*> rhost=<*> user=root,0.9909,pam_unix(sshd:session): session <*> for user fztu by (uid=0),0.6038,Failed password for <*> from <*> port for<*> ssh2 from<*> ssh2 port <*> ssh2],0.5536,15.64,15
540,Failed password for root from <*> port 60554 ssh2,partial,Failed password for <*> from <*> port for<*> ssh2 from<*> ssh2 port <*> ssh2],0.9238,<*> rhost=<*> user=root,0.526,Invalid user cyrus from <*>,0.324,13.95,15
541,Received disconnect from <*>: 11: Bye Bye [preauth],exact,<*> methods<*> available. [preauth],0.9981,Received disconnect from <*>: 11: disconnected by user,0.7321,input_userauth_request: invalid user <*> [preauth],0.5327,13.75,15
542,pam_unix(sshd:auth): authentication failure; logname= uid=0 euid=0 tty=ssh ruser= rhost=<*> user=root,exact,<*> rhost=<*> user=root,0.9991,pam_unix(sshd:session): session <*> for user fztu by (uid=0),0.5932,Failed password for <*> from <*> port for<*> ssh2 from<*> ssh2 port <*> ssh2],0.5887,14.84,15
543,Failed password for sshd from <*> port 49598 ssh2,partial,Failed password for <*> from <*> port for<*> ssh2 from<*> ssh2 port <*> ssh2],0.886,<*> rhost=<*> user=root,0.5508,PAM service(sshd) ignoring max retries; <*> > 3,0.3582,13.59,15
544,error: Received disconnect from <*>: 14: No more user authentication methods available. [preauth],fuzzy,<*> methods<*> available. [preauth],0.7595,input_userauth_request: invalid user <*> [preauth],0.6493,Received disconnect from <*>: 11: disconnected by user,0.4863,14.43,15
545,Failed password for root from <*> port 32826 ssh2,partial,Failed password for <*> from <*> port for<*> ssh2 from<*> ssh2 port <*> ssh2],0.9087,<*> rhost=<*> user=root,0.5443,Invalid user cyrus from <*>,0.3335,13.73,15
546,Received disconnect from <*>: 11: Bye Bye [preauth],exact,<*> methods<*> available. [preauth],0.998,Received disconnect from <*>: 11: disconnected by user,0.7321,input_userauth_request: invalid user <*> [preauth],0.5327,14.1,15
547,pam_unix(sshd:auth): authentication failure; logname= uid=0 euid=0 tty=ssh ruser= rhost=<*> user=root,exact,<*> rhost=<*> user=root,0.9991,pam_unix(sshd:session): session <*> for user fztu by (uid=0),0.5932,Failed password for <*> from <*> port for<*> ssh2 from<*> ssh2 port <*> ssh2],0.5888,15.32,15
548,Invalid user admin from <*>,partial,Invalid user <*> from <*>,0.8914,Invalid user monitor from <*>,0.6733,Invalid user cyrus from <*>,0.6525,13.56,15
549,input_userauth_request: invalid user admin [preauth],partial,input_userauth_request: invalid user <*> [preauth],0.9345,<*> methods<*> available. [preauth],0.5054,Invalid user cyrus from <*>,0.4423,14.04,15
550,pam_unix(sshd:auth): check pass; user unknown,fuzzy,<*> rhost=<*> user=root,0.7763,pam_unix(sshd:session): session <*> for user fztu by (uid=0),0.6538,PAM service(sshd) ignoring max retries; <*> > 3,0.5268,13.98,15
551,pam_unix(sshd:auth): authentication failure; logname= uid=0 euid=0 tty=ssh ruser= rhost=<*>,partial,<*> rhost=<*> user=root,0.9894,pam_unix(sshd:session): session <*> for user fztu by (uid=0),0.5921,Failed password for <*> from <*> port for<*> ssh2 from<*> ssh2 port <*> ssh2],0.5576,14.76,15
552,Failed password for root from <*> port 33233 ssh2,partial,Failed password for <*> from <*> port for<*> ssh2 from<*> ssh2 port <*> ssh2],0.9263,<*> rhost=<*> user=root,0.5703,Invalid user cyrus from <*>,0.3331,13.42,15
553,Received disconnect from <*>: 11: Bye Bye [preauth],exact,<*> methods<*> available. [preauth],0.998,Received disconnect from <*>: 11: disconnected by user,0.7321,input_userauth_request: invalid user <*> [preauth],0.5325,13.44,15
554,Failed password for invalid user admin from <*> port 50289 ssh2,partial,Failed password for <*> from <*> port for<*> ssh2 from<*> ssh2 port <*> ssh2],0.8611,<*> rhost=<*> user=root,0.5257,Invalid user <*> from <*>,0.3988,13.51,15
555,pam_unix(sshd:auth): authentication failure; logname= uid=0 euid=0 tty=ssh ruser= rhost=<*> user=root,exact,<*> rhost=<*> user=root,0.9991,pam_unix(sshd:session): session <*> for user fztu by (uid=0),0.5932,Failed password for <*> from <*> port for<*> ssh2 from<*> ssh2 port <*> ssh2],0.5888,14.51,15
556,error: Received disconnect from <*>: 14: No more user authentication methods available. [preauth],fuzzy,<*> methods<*> available. [preauth],0.7604,input_userauth_request: invalid user <*> [preauth],0.6493,Received disconnect from <*>: 11: disconnected by user,0.4863,13.81,15
557,Failed password for root from <*> port 33665 ssh2,partial,Failed password for <*> from <*> port for<*> ssh2 from<*> ssh2 port <*> ssh2],0.9201,<*> rhost=<*> user=root,0.5642,Invalid user cyrus from <*>,0.3414,13.79,15
558,Received disconnect from <*>: 11: Bye Bye [preauth],exact,<*> methods<*> available. [preauth],0.9979,Received disconnect from <*>: 11: disconnected by user,0.7321,input_userauth_request: invalid user <*> [preauth],0.5325,13.75,15
559,pam_unix(sshd:auth): authentication failure; logname= uid=0 euid=0 tty=ssh ruser= rhost=<*> user=root,exact,<*> rhost=<*> user=root,0.9991,pam_unix(sshd:session): session <*> for user fztu by (uid=0),0.5932,Failed password for <*> from <*> port for<*> ssh2 from<*> ssh2 port <*> ssh2],0.5889,15.14,15
560,Invalid user cisco from <*>,partial,Invalid user <*> from <*>,0.8145,Invalid user matlab from <*>,0.6262,Invalid user cyrus from <*>,0.6203,14.02,15
561,input_userauth_request: invalid user cisco [preauth],partial,input_userauth_request: invalid user <*> [preauth],0.876,<*> methods<*> available. [preauth],0.5144,Invalid user cyrus from <*>,0.4075,14.0,15
562,pam_unix(sshd:auth): check pass; user unknown,fuzzy,<*> rhost=<*> user=root,0.7771,pam_unix(sshd:session): session <*> for user fztu by (uid=0),0.6538,PAM service(sshd) ignoring max retries; <*> > 3,0.5268,14.17,15
563,pam_unix(sshd:auth): authentication failure; logname= uid=0 euid=0 tty=ssh ruser= rhost=<*>,partial,<*> rhost=<*> user=root,0.9894,pam_unix(sshd:session): session <*> for user fztu by (uid=0),0.5921,Failed password for <*> from <*> port for<*> ssh2 from<*> ssh2 port <*> ssh2],0.5576,15.18,15
564,Failed password for root from <*> port 34100 ssh2,partial,Failed password for <*> from <*> port for<*> ssh2 from<*> ssh2 port <*> ssh2],0.9196,<*> rhost=<*> user=root,0.585,Invalid user <*> from <*>,0.3289,14.01,15
565,Received disconnect from <*>: 11: Bye Bye [preauth],exact,<*> methods<*> available. [preauth],0.9979,Received disconnect from <*>: 11: disconnected by user,0.7321,input_userauth_request: invalid user <*> [preauth],0.5328,14.13,15
566,Failed password for invalid user cisco from <*> port 50890 ssh2,fuzzy,Failed password for <*> from <*> port for<*> ssh2 from<*> ssh2 port <*> ssh2],0.775,<*> rhost=<*> user=root,0.5108,Invalid user <*> from <*>,0.3702,13.79,15
567,pam_unix(sshd:auth): authentication failure; logname= uid=0 euid=0 tty=ssh ruser= rhost=<*> user=root,exact,<*> rhost=<*> user=root,0.999,pam_unix(sshd:session): session <*> for user fztu by (uid=0),0.5932,Failed password for <*> from <*> port for<*> ssh2 from<*> ssh2 port <*> ssh2],0.589,15.06,15
568,error: Received disconnect from <*>: 14: No more user authentication methods available. [preauth],fuzzy,<*> methods<*> available. [preauth],0.7614,input_userauth_request: invalid user <*> [preauth],0.6496,Received disconnect from <*>: 11: disconnected by user,0.4863,14.41,15
569,Invalid user test from <*>,partial,Invalid user <*> from <*>,0.8629,Invalid user monitor from <*>,0.6538,Invalid user matlab from <*>,0.625,13.44,15
570,input_userauth_request: invalid user test [preauth],partial,input_userauth_request: invalid user <*> [preauth],0.9411,<*> methods<*> available. [preauth],0.5098,Invalid user cyrus from <*>,0.4139,13.92,15
571,pam_unix(sshd:auth): check pass; user unknown,fuzzy,<*> rhost=<*> user=root,0.778,pam_unix(sshd:session): session <*> for user fztu by (uid=0),0.6538,PAM service(sshd) ignoring max retries; <*> > 3,0.5268,13.8,15
572,pam_unix(sshd:auth): authentication failure; logname= uid=0 euid=0 tty=ssh ruser= rhost=<*>,partial,<*> rhost=<*> user=root,0.9894,pam_unix(sshd:session): session <*> for user fztu by (uid=0),0.5921,Failed password for <*> from <*> port for<*> ssh2 from<*> ssh2 port <*> ssh2],0.5578,15.04,15
573,Failed password for root from <*> port 34642 ssh2,partial,Failed password for <*> from <*> port for<*> ssh2 from<*> ssh2 port <*> ssh2],0.9407,<*> rhost=<*> user=root,0.5487,Invalid user cyrus from <*>,0.3103,13.81,15
574,Received disconnect from <*>: 11: Bye Bye [preauth],exact,<*> methods<*> available. [preauth],0.9978,Received disconnect from <*>: 11: disconnected by user,0.7321,input_userauth_request: invalid user <*> [preauth],0.5326,14.03,15
575,pam_unix(sshd:auth): authentication failure; logname= uid=0 euid=0 tty=ssh ruser= rhost=<*> user=root,exact,<*> rhost=<*> user=root,0.999,pam_unix(sshd:session): session <*> for user fztu by (uid=0),0.5932,Failed password for <*> from <*> port for<*> ssh2 from<*> ssh2 port <*> ssh2],0.589,14.97,15
576,Failed password for invalid user test from <*> port 51592 ssh2,partial,Failed password for <*> from <*> port for<*> ssh2 from<*> ssh2 port <*> ssh2],0.861,<*> rhost=<*> user=root,0.5547,Invalid user <*> from <*>,0.4043,13.96,15
577,error: Received disconnect from <*>: 14: No more user authentication methods available. [preauth],fuzzy,<*> methods<*> available. [preauth],0.7624,input_userauth_request: invalid user <*> [preauth],0.6491,Received disconnect from <*>: 11: disconnected by user,0.4863,14.23,15
578,Failed password for root from <*> port 35101 ssh2,partial,Failed password for <*> from <*> port for<*> ssh2 from<*> ssh2 port <*> ssh2],0.9489,<*> rhost=<*> user=root,0.5729,Invalid user <*> from <*>,0.3305,13.65,15
579,Received disconnect from <*>: 11: Bye Bye [preauth],exact,<*> methods<*> available. [preauth],0.9977,Received disconnect from <*>: 11: disconnected by user,0.7321,input_userauth_request: invalid user <*> [preauth],0.5326,13.91,15
580,pam_unix(sshd:auth): authentication failure; logname= uid=0 euid=0 tty=ssh ruser= rhost=<*> user=root,exact,<*> rhost=<*> user=root,0.999,pam_unix(sshd:session): session <*> for user fztu by (uid=0),0.5932,Failed password for <*> from <*> port for<*> ssh2 from<*> ssh2 port <*> ssh2],0.589,15.37,15
581,Invalid user guest from <*>,fuzzy,Invalid user <*> from <*>,0.7905,Invalid user vnc from <*>,0.6346,Invalid user cyrus from <*>,0.6124,13.39,15
582,input_userauth_request: invalid user guest [preauth],partial,input_userauth_request: invalid user <*> [preauth],0.9234,<*> methods<*> available. [preauth],0.5263,Invalid user cyrus from <*>,0.4079,13.96,15
583,pam_unix(sshd:auth): check pass; user unknown,fuzzy,<*> rhost=<*> user=root,0.7788,pam_unix(sshd:session): session <*> for user fztu by (uid=0),0.6538,PAM service(sshd) ignoring max retries; <*> > 3,0.5268,13.73,15
584,pam_unix(sshd:auth): authentication failure; logname= uid=0 euid=0 tty=ssh ruser= rhost=<*>,partial,<*> rhost=<*> user=root,0.9894,pam_unix(sshd:session): session <*> for user fztu by (uid=0),0.5921,Failed password for <*> from <*> port for<*> ssh2 from<*> ssh2 port <*> ssh2],0.5579,15.23,15
585,Failed password for root from <*> port 35545 ssh2,partial,Failed password for <*> from <*> port for<*> ssh2 from<*> ssh2 port <*> ssh2],0.9102,<*> rhost=<*> user=root,0.5282,Invalid user cyrus from <*>,0.336,13.71,15
586,Received disconnect from <*>: 11: Bye Bye [preauth],exact,<*> methods<*> available. [preauth],0.9977,Received disconnect from <*>: 11: disconnected by user,0.7321,input_userauth_request: invalid user <*> [preauth],0.5327,14.17,15
587,Failed password for invalid user guest from <*> port 52172 ssh2,fuzzy,Failed password for <*> from <*> port for<*> ssh2 from<*> ssh2 port <*> ssh2],0.7804,<*> rhost=<*> user=root,0.5285,Invalid user vnc from <*>,0.3984,13.91,15
588,pam_unix(sshd:auth): authentication failure; logname= uid=0 euid=0 tty=ssh ruser= rhost=<*> user=root,exact,<*> rhost=<*> user=root,0.9989,pam_unix(sshd:session): session <*> for user fztu by (uid=0),0.5932,Failed password for <*> from <*> port for<*> ssh2 from<*> ssh2 port <*> ssh2],0.5891,15.3,15
589,error: Received disconnect from <*>: 14: No more user authentication methods available. [preauth],fuzzy,<*> methods<*> available. [preauth],0.7633,input_userauth_request: invalid user <*> [preauth],0.6491,Received disconnect from <*>: 11: disconnected by user,0.4863,14.48,15
590,Failed password for root from <*> port 36027 ssh2,partial,Failed password for <*> from <*> port for<*> ssh2 from<*> ssh2 port <*> ssh2],0.92,<*> rhost=<*> user=root,0.5508,Invalid user <*> from <*>,0.3089,13.68,15
591,Received disconnect from <*>: 11: Bye Bye [preauth],exact,<*> methods<*> available. [preauth],0.9976,Received disconnect from <*>: 11: disconnected by user,0.7321,input_userauth_request: invalid user <*> [preauth],0.5327,14.2,15
592,pam_unix(sshd:auth): authentication failure; logname= uid=0 euid=0 tty=ssh ruser= rhost=<*> user=root,exact,<*> rhost=<*> user=root,0.9989,pam_unix(sshd:session): session <*> for user fztu by (uid=0),0.5932,Failed password for <*> from <*> port for<*> ssh2 from<*> ssh2 port <*> ssh2],0.5891,15.26,15
593,Invalid user user from <*>,partial,Invalid user <*> from <*>,0.9646,Invalid user cyrus from <*>,0.7113,Invalid user monitor from <*>,0.6925,13.48,15
594,input_userauth_request: invalid user user [preauth],partial,input_userauth_request: invalid user <*> [preauth],0.988,<*> methods<*> available. [preauth],0.528,Invalid user cyrus from <*>,0.4728,14.15,15
595,pam_unix(sshd:auth): check pass; user unknown,fuzzy,<*> rhost=<*> user=root,0.7796,pam_unix(sshd:session): session <*> for user fztu by (uid=0),0.6538,PAM service(sshd) ignoring max retries; <*> > 3,0.5268,13.73,15
596,pam_unix(sshd:auth): authentication failure; logname= uid=0 euid=0 tty=ssh ruser= rhost=<*>,partial,<*> rhost=<*> user=root,0.9894,pam_unix(sshd:session): session <*> for user fztu by (uid=0),0.5921,Failed password for <*> from <*> port for<*> ssh2 from<*> ssh2 port <*> ssh2],0.5579,14.45,15
597,Failed password for root from <*> port 36300 ssh2,partial,Failed password for <*> from <*> port for<*> ssh2 from<*> ssh2 port <*> ssh2],0.9245,<*> rhost=<*> user=root,0.5549,Invalid user cyrus from <*>,0.3087,13.76,15
598,Received disconnect from <*>: 11: Bye Bye [preauth],exact,<*> methods<*> available. [preauth],0.9976,Received disconnect from <*>: 11: disconnected by user,0.7321,input_userauth_request: invalid user <*> [preauth],0.5324,13.58,15
599,pam_unix(sshd:auth): authentication failure; logname= uid=0 euid=0 tty=ssh ruser= rhost=<*> user=root,exact,<*> rhost=<*> user=root,0.9989,pam_unix(sshd:session): session <*> for user fztu by (uid=0),0.5932,Failed password for <*> from <*> port for<*> ssh2 from<*> ssh2 port <*> ssh2],0.5891,14.57,15
600,Failed password for invalid user user from <*> port 52683 ssh2,partial,Failed password for <*> from <*> port for<*> ssh2 from<*> ssh2 port <*> ssh2],0.8437,<*> rhost=<*> user=root,0.5454,Invalid user <*> from <*>,0.459,13.95,15
