log_id,normalised,match_type,top1_template,top1_score,top2_template,top2_score,top3_template,top3_score,latency_ms,store_size
1,"<*> close, 494 bytes sent, 208 bytes received, lifetime <*>",partial,"<*> close, <*> bytes sent<*> KB<*> <*> received<*> <*> received<*> <*> received<*> lifetime <*>",0.9702,tcpconn<*> error : A connection request was canceled before the completion.,0.1843,<*> open through proxy socks.cse.cuhk.edu.hk<*> SOCKS5,0.1752,14.82,8
2,<*> open through proxy <*> HTTPS,exact,proxy.cse.cuhk.edu.hk<*> open through proxy proxy.cse.cuhk.edu.hk<*> HTTPS,1.0,<*> open through proxy socks.cse.cuhk.edu.hk<*> SOCKS5,0.672,"<*> error : Could not connect through proxy proxy.cse.cuhk.edu.hk<*> - Proxy server cannot establish a connection with the target, status code <*>",0.5291,8.84,8
3,<*> open through proxy <*> HTTPS,exact,proxy.cse.cuhk.edu.hk<*> open through proxy proxy.cse.cuhk.edu.hk<*> HTTPS,1.0,<*> open through proxy socks.cse.cuhk.edu.hk<*> SOCKS5,0.672,"<*> error : Could not connect through proxy proxy.cse.cuhk.edu.hk<*> - Proxy server cannot establish a connection with the target, status code <*>",0.5291,10.12,8
4,<*> open through proxy <*> HTTPS,exact,proxy.cse.cuhk.edu.hk<*> open through proxy proxy.cse.cuhk.edu.hk<*> HTTPS,1.0,<*> open through proxy socks.cse.cuhk.edu.hk<*> SOCKS5,0.672,"<*> error : Could not connect through proxy proxy.cse.cuhk.edu.hk<*> - Proxy server cannot establish a connection with the target, status code <*>",0.5291,8.9,8
5,"<*> close, 1145 bytes (<*> <*>) sent, 666 bytes received, lifetime <*>",partial,"<*> close, <*> bytes sent<*> KB<*> <*> received<*> <*> received<*> <*> received<*> lifetime <*>",0.9866,tcpconn<*> error : A connection request was canceled before the completion.,0.1188,<*> open through proxy socks.cse.cuhk.edu.hk<*> SOCKS5,0.1157,9.43,8
6,<*> open through proxy <*> HTTPS,exact,proxy.cse.cuhk.edu.hk<*> open through proxy proxy.cse.cuhk.edu.hk<*> HTTPS,1.0,<*> open through proxy socks.cse.cuhk.edu.hk<*> SOCKS5,0.672,"<*> error : Could not connect through proxy proxy.cse.cuhk.edu.hk<*> - Proxy server cannot establish a connection with the target, status code <*>",0.5291,8.7,8
7,<*> open through proxy <*> HTTPS,exact,proxy.cse.cuhk.edu.hk<*> open through proxy proxy.cse.cuhk.edu.hk<*> HTTPS,1.0,<*> open through proxy socks.cse.cuhk.edu.hk<*> SOCKS5,0.672,"<*> error : Could not connect through proxy proxy.cse.cuhk.edu.hk<*> - Proxy server cannot establish a connection with the target, status code <*>",0.5291,7.95,8
8,"<*> close, 461 bytes sent, 4784 bytes (<*> <*>) received, lifetime <*>",partial,"<*> close, <*> bytes sent<*> KB<*> <*> received<*> <*> received<*> <*> received<*> lifetime <*>",0.9858,<*> open through proxy socks.cse.cuhk.edu.hk<*> SOCKS5,0.1085,tcpconn<*> error : A connection request was canceled before the completion.,0.0943,8.76,8
9,<*> open through proxy <*> HTTPS,exact,proxy.cse.cuhk.edu.hk<*> open through proxy proxy.cse.cuhk.edu.hk<*> HTTPS,1.0,<*> open through proxy socks.cse.cuhk.edu.hk<*> SOCKS5,0.672,"<*> error : Could not connect through proxy proxy.cse.cuhk.edu.hk<*> - Proxy server cannot establish a connection with the target, status code <*>",0.5291,7.92,8
10,<*> open through proxy <*> HTTPS,exact,proxy.cse.cuhk.edu.hk<*> open through proxy proxy.cse.cuhk.edu.hk<*> HTTPS,1.0,<*> open through proxy socks.cse.cuhk.edu.hk<*> SOCKS5,0.672,"<*> error : Could not connect through proxy proxy.cse.cuhk.edu.hk<*> - Proxy server cannot establish a connection with the target, status code <*>",0.5291,7.74,8
11,"<*> close, 2242 bytes (<*> <*>) sent, 1014 bytes received, lifetime <*>",exact,"<*> close, <*> bytes sent<*> KB<*> <*> received<*> <*> received<*> <*> received<*> lifetime <*>",0.9915,<*> open through proxy socks.cse.cuhk.edu.hk<*> SOCKS5,0.1281,tcpconn<*> error : A connection request was canceled before the completion.,0.1279,8.53,8
12,"<*> close, 3504 bytes (<*> <*>) sent, 7037 bytes (<*> <*>) received, lifetime <*>",partial,"<*> close, <*> bytes sent<*> KB<*> <*> received<*> <*> received<*> <*> received<*> lifetime <*>",0.9865,tcpconn<*> error : A connection request was canceled before the completion.,0.1165,<*> open through proxy socks.cse.cuhk.edu.hk<*> SOCKS5,0.1067,9.0,8
13,"<*> close, 335 bytes sent, 4369 bytes (<*> <*>) received, lifetime <*>",partial,"<*> close, <*> bytes sent<*> KB<*> <*> received<*> <*> received<*> <*> received<*> lifetime <*>",0.9873,<*> open through proxy socks.cse.cuhk.edu.hk<*> SOCKS5,0.1103,tcpconn<*> error : A connection request was canceled before the completion.,0.0995,8.6,8
14,"<*> close, 335 bytes sent, 4369 bytes (<*> <*>) received, lifetime <*>",partial,"<*> close, <*> bytes sent<*> KB<*> <*> received<*> <*> received<*> <*> received<*> lifetime <*>",0.9873,<*> open through proxy socks.cse.cuhk.edu.hk<*> SOCKS5,0.1103,tcpconn<*> error : A connection request was canceled before the completion.,0.0995,8.44,8
15,<*> open through proxy <*> HTTPS,exact,proxy.cse.cuhk.edu.hk<*> open through proxy proxy.cse.cuhk.edu.hk<*> HTTPS,1.0,<*> open through proxy socks.cse.cuhk.edu.hk<*> SOCKS5,0.672,"<*> error : Could not connect through proxy proxy.cse.cuhk.edu.hk<*> - Proxy server cannot establish a connection with the target, status code <*>",0.5291,7.73,8
16,"<*> close, 0 bytes sent, 0 bytes received, lifetime <*>",partial,"<*> close, <*> bytes sent<*> KB<*> <*> received<*> <*> received<*> <*> received<*> lifetime <*>",0.8845,<*> open through proxy socks.cse.cuhk.edu.hk<*> SOCKS5,0.226,tcpconn<*> error : A connection request was canceled before the completion.,0.2168,8.13,8
17,<*> open through proxy <*> HTTPS,exact,proxy.cse.cuhk.edu.hk<*> open through proxy proxy.cse.cuhk.edu.hk<*> HTTPS,1.0,<*> open through proxy socks.cse.cuhk.edu.hk<*> SOCKS5,0.672,"<*> error : Could not connect through proxy proxy.cse.cuhk.edu.hk<*> - Proxy server cannot establish a connection with the target, status code <*>",0.5291,7.66,8
18,"<*> close, 1792 bytes (<*> <*>) sent, 6591 bytes (<*> <*>) received, lifetime <*>",partial,"<*> close, <*> bytes sent<*> KB<*> <*> received<*> <*> received<*> <*> received<*> lifetime <*>",0.9727,tcpconn<*> error : A connection request was canceled before the completion.,0.0904,<*> open through proxy socks.cse.cuhk.edu.hk<*> SOCKS5,0.0887,8.91,8
19,"<*> close, 2194 bytes (<*> <*>) sent, 11695 bytes (<*> <*>) received, lifetime <*>",partial,"<*> close, <*> bytes sent<*> KB<*> <*> received<*> <*> received<*> <*> received<*> lifetime <*>",0.988,tcpconn<*> error : A connection request was canceled before the completion.,0.1242,<*> open through proxy socks.cse.cuhk.edu.hk<*> SOCKS5,0.1228,9.33,8
20,"<*> close, 2834 bytes (<*> <*>) sent, 1881 bytes (<*> <*>) received, lifetime <*>",partial,"<*> close, <*> bytes sent<*> KB<*> <*> received<*> <*> received<*> <*> received<*> lifetime <*>",0.9345,tcpconn<*> error : A connection request was canceled before the completion.,0.0919,<*> open through proxy socks.cse.cuhk.edu.hk<*> SOCKS5,0.0799,8.96,8
21,<*> open through proxy <*> HTTPS,exact,proxy.cse.cuhk.edu.hk<*> open through proxy proxy.cse.cuhk.edu.hk<*> HTTPS,1.0,<*> open through proxy socks.cse.cuhk.edu.hk<*> SOCKS5,0.672,"<*> error : Could not connect through proxy proxy.cse.cuhk.edu.hk<*> - Proxy server cannot establish a connection with the target, status code <*>",0.5291,7.78,8
22,"<*> close, 3547 bytes (<*> <*>) sent, 918 bytes received, lifetime <*>",partial,"<*> close, <*> bytes sent<*> KB<*> <*> received<*> <*> received<*> <*> received<*> lifetime <*>",0.9851,tcpconn<*> error : A connection request was canceled before the completion.,0.1416,<*> open through proxy socks.cse.cuhk.edu.hk<*> SOCKS5,0.1348,8.52,8
23,"<*> close, 1848 bytes (<*> <*>) sent, 2419 bytes (<*> <*>) received, lifetime <*>",partial,"<*> close, <*> bytes sent<*> KB<*> <*> received<*> <*> received<*> <*> received<*> lifetime <*>",0.9746,tcpconn<*> error : A connection request was canceled before the completion.,0.1248,<*> open through proxy socks.cse.cuhk.edu.hk<*> SOCKS5,0.1075,8.97,8
24,<*> open through proxy <*> HTTPS,exact,proxy.cse.cuhk.edu.hk<*> open through proxy proxy.cse.cuhk.edu.hk<*> HTTPS,1.0,<*> open through proxy socks.cse.cuhk.edu.hk<*> SOCKS5,0.672,"<*> error : Could not connect through proxy proxy.cse.cuhk.edu.hk<*> - Proxy server cannot establish a connection with the target, status code <*>",0.5291,7.95,8
25,"<*> close, 1337 bytes (<*> <*>) sent, 4946 bytes (<*> <*>) received, lifetime <*>",partial,"<*> close, <*> bytes sent<*> KB<*> <*> received<*> <*> received<*> <*> received<*> lifetime <*>",0.9881,tcpconn<*> error : A connection request was canceled before the completion.,0.1198,<*> open through proxy socks.cse.cuhk.edu.hk<*> SOCKS5,0.1078,9.04,8
26,<*> open through proxy <*> HTTPS,exact,proxy.cse.cuhk.edu.hk<*> open through proxy proxy.cse.cuhk.edu.hk<*> HTTPS,1.0,<*> open through proxy socks.cse.cuhk.edu.hk<*> SOCKS5,0.672,"<*> error : Could not connect through proxy proxy.cse.cuhk.edu.hk<*> - Proxy server cannot establish a connection with the target, status code <*>",0.5291,7.73,8
27,<*> open through proxy <*> HTTPS,exact,proxy.cse.cuhk.edu.hk<*> open through proxy proxy.cse.cuhk.edu.hk<*> HTTPS,1.0,<*> open through proxy socks.cse.cuhk.edu.hk<*> SOCKS5,0.672,"<*> error : Could not connect through proxy proxy.cse.cuhk.edu.hk<*> - Proxy server cannot establish a connection with the target, status code <*>",0.5291,7.78,8
28,"<*> close, 735 bytes sent, 184 bytes received, lifetime <*>",partial,"<*> close, <*> bytes sent<*> KB<*> <*> received<*> <*> received<*> <*> received<*> lifetime <*>",0.9767,tcpconn<*> error : A connection request was canceled before the completion.,0.1797,<*> open through proxy socks.cse.cuhk.edu.hk<*> SOCKS5,0.176,8.02,8
29,<*> open through proxy <*> HTTPS,exact,proxy.cse.cuhk.edu.hk<*> open through proxy proxy.cse.cuhk.edu.hk<*> HTTPS,1.0,<*> open through proxy socks.cse.cuhk.edu.hk<*> SOCKS5,0.672,"<*> error : Could not connect through proxy proxy.cse.cuhk.edu.hk<*> - Proxy server cannot establish a connection with the target, status code <*>",0.5291,7.91,8
30,<*> open through proxy <*> HTTPS,exact,proxy.cse.cuhk.edu.hk<*> open through proxy proxy.cse.cuhk.edu.hk<*> HTTPS,1.0,<*> open through proxy socks.cse.cuhk.edu.hk<*> SOCKS5,0.672,"<*> error : Could not connect through proxy proxy.cse.cuhk.edu.hk<*> - Proxy server cannot establish a connection with the target, status code <*>",0.5291,7.83,8
31,<*> open through proxy <*> HTTPS,exact,proxy.cse.cuhk.edu.hk<*> open through proxy proxy.cse.cuhk.edu.hk<*> HTTPS,1.0,<*> open through proxy socks.cse.cuhk.edu.hk<*> SOCKS5,0.672,"<*> error : Could not connect through proxy proxy.cse.cuhk.edu.hk<*> - Proxy server cannot establish a connection with the target, status code <*>",0.5291,7.91,8
32,<*> open through proxy <*> HTTPS,exact,proxy.cse.cuhk.edu.hk<*> open through proxy proxy.cse.cuhk.edu.hk<*> HTTPS,1.0,<*> open through proxy socks.cse.cuhk.edu.hk<*> SOCKS5,0.672,"<*> error : Could not connect through proxy proxy.cse.cuhk.edu.hk<*> - Proxy server cannot establish a connection with the target, status code <*>",0.5291,7.79,8
33,<*> open through proxy <*> HTTPS,exact,proxy.cse.cuhk.edu.hk<*> open through proxy proxy.cse.cuhk.edu.hk<*> HTTPS,1.0,<*> open through proxy socks.cse.cuhk.edu.hk<*> SOCKS5,0.672,"<*> error : Could not connect through proxy proxy.cse.cuhk.edu.hk<*> - Proxy server cannot establish a connection with the target, status code <*>",0.5291,7.67,8
34,<*> open through proxy <*> HTTPS,exact,proxy.cse.cuhk.edu.hk<*> open through proxy proxy.cse.cuhk.edu.hk<*> HTTPS,1.0,<*> open through proxy socks.cse.cuhk.edu.hk<*> SOCKS5,0.672,"<*> error : Could not connect through proxy proxy.cse.cuhk.edu.hk<*> - Proxy server cannot establish a connection with the target, status code <*>",0.5291,7.75,8
35,<*> open through proxy <*> HTTPS,exact,proxy.cse.cuhk.edu.hk<*> open through proxy proxy.cse.cuhk.edu.hk<*> HTTPS,1.0,<*> open through proxy socks.cse.cuhk.edu.hk<*> SOCKS5,0.672,"<*> error : Could not connect through proxy proxy.cse.cuhk.edu.hk<*> - Proxy server cannot establish a connection with the target, status code <*>",0.5291,7.62,8
36,<*> open through proxy <*> HTTPS,exact,proxy.cse.cuhk.edu.hk<*> open through proxy proxy.cse.cuhk.edu.hk<*> HTTPS,1.0,<*> open through proxy socks.cse.cuhk.edu.hk<*> SOCKS5,0.672,"<*> error : Could not connect through proxy proxy.cse.cuhk.edu.hk<*> - Proxy server cannot establish a connection with the target, status code <*>",0.5291,7.78,8
37,"<*> close, 845 bytes sent, 4814 bytes (<*> <*>) received, lifetime <*>",partial,"<*> close, <*> bytes sent<*> KB<*> <*> received<*> <*> received<*> <*> received<*> lifetime <*>",0.9787,<*> open through proxy socks.cse.cuhk.edu.hk<*> SOCKS5,0.0949,tcpconn<*> error : A connection request was canceled before the completion.,0.0837,8.52,8
38,"<*> close, 754 bytes sent, 3108 bytes (<*> <*>) received, lifetime <*>",partial,"<*> close, <*> bytes sent<*> KB<*> <*> received<*> <*> received<*> <*> received<*> lifetime <*>",0.9869,<*> open through proxy socks.cse.cuhk.edu.hk<*> SOCKS5,0.104,tcpconn<*> error : A connection request was canceled before the completion.,0.0952,8.58,8
39,"<*> close, 1364 bytes (<*> <*>) sent, 3597 bytes (<*> <*>) received, lifetime <*>",exact,"<*> close, <*> bytes sent<*> KB<*> <*> received<*> <*> received<*> <*> received<*> lifetime <*>",0.9921,tcpconn<*> error : A connection request was canceled before the completion.,0.1285,<*> open through proxy socks.cse.cuhk.edu.hk<*> SOCKS5,0.1219,8.93,8
40,"<*> close, 620 bytes sent, 33814 bytes (<*> <*>) received, lifetime <*>",partial,"<*> close, <*> bytes sent<*> KB<*> <*> received<*> <*> received<*> <*> received<*> lifetime <*>",0.9851,<*> open through proxy socks.cse.cuhk.edu.hk<*> SOCKS5,0.1111,tcpconn<*> error : A connection request was canceled before the completion.,0.1044,8.6,8
41,"<*> close, 4012 bytes (<*> <*>) sent, 6761 bytes (<*> <*>) received, lifetime <*>",partial,"<*> close, <*> bytes sent<*> KB<*> <*> received<*> <*> received<*> <*> received<*> lifetime <*>",0.9692,<*> open through proxy socks.cse.cuhk.edu.hk<*> SOCKS5,0.1489,tcpconn<*> error : A connection request was canceled before the completion.,0.1464,9.28,8
42,<*> open through proxy <*> HTTPS,exact,proxy.cse.cuhk.edu.hk<*> open through proxy proxy.cse.cuhk.edu.hk<*> HTTPS,1.0,<*> open through proxy socks.cse.cuhk.edu.hk<*> SOCKS5,0.672,"<*> error : Could not connect through proxy proxy.cse.cuhk.edu.hk<*> - Proxy server cannot establish a connection with the target, status code <*>",0.5291,7.8,8
43,<*> open through proxy <*> HTTPS,exact,proxy.cse.cuhk.edu.hk<*> open through proxy proxy.cse.cuhk.edu.hk<*> HTTPS,1.0,<*> open through proxy socks.cse.cuhk.edu.hk<*> SOCKS5,0.672,"<*> error : Could not connect through proxy proxy.cse.cuhk.edu.hk<*> - Proxy server cannot establish a connection with the target, status code <*>",0.5291,7.75,8
44,"<*> close, 781 bytes sent, 6728 bytes (<*> <*>) received, lifetime <*>",partial,"<*> close, <*> bytes sent<*> KB<*> <*> received<*> <*> received<*> <*> received<*> lifetime <*>",0.9725,tcpconn<*> error : A connection request was canceled before the completion.,0.0883,<*> open through proxy socks.cse.cuhk.edu.hk<*> SOCKS5,0.0846,8.64,8
45,"<*> close, 3548 bytes (<*> <*>) sent, 919 bytes received, lifetime <*>",partial,"<*> close, <*> bytes sent<*> KB<*> <*> received<*> <*> received<*> <*> received<*> lifetime <*>",0.9846,tcpconn<*> error : A connection request was canceled before the completion.,0.138,<*> open through proxy socks.cse.cuhk.edu.hk<*> SOCKS5,0.1343,8.46,8
46,"<*> close, 494 bytes sent, 208 bytes received, lifetime <*>",partial,"<*> close, <*> bytes sent<*> KB<*> <*> received<*> <*> received<*> <*> received<*> lifetime <*>",0.9701,tcpconn<*> error : A connection request was canceled before the completion.,0.1843,<*> open through proxy socks.cse.cuhk.edu.hk<*> SOCKS5,0.1752,8.24,8
47,<*> open through proxy <*> HTTPS,exact,proxy.cse.cuhk.edu.hk<*> open through proxy proxy.cse.cuhk.edu.hk<*> HTTPS,1.0,<*> open through proxy socks.cse.cuhk.edu.hk<*> SOCKS5,0.672,"<*> error : Could not connect through proxy proxy.cse.cuhk.edu.hk<*> - Proxy server cannot establish a connection with the target, status code <*>",0.5291,7.83,8
48,<*> open through proxy <*> HTTPS,exact,proxy.cse.cuhk.edu.hk<*> open through proxy proxy.cse.cuhk.edu.hk<*> HTTPS,1.0,<*> open through proxy socks.cse.cuhk.edu.hk<*> SOCKS5,0.672,"<*> error : Could not connect through proxy proxy.cse.cuhk.edu.hk<*> - Proxy server cannot establish a connection with the target, status code <*>",0.5291,7.8,8
49,<*> open through proxy <*> HTTPS,exact,proxy.cse.cuhk.edu.hk<*> open through proxy proxy.cse.cuhk.edu.hk<*> HTTPS,1.0,<*> open through proxy socks.cse.cuhk.edu.hk<*> SOCKS5,0.672,"<*> error : Could not connect through proxy proxy.cse.cuhk.edu.hk<*> - Proxy server cannot establish a connection with the target, status code <*>",0.5291,7.63,8
50,<*> open through proxy <*> HTTPS,exact,proxy.cse.cuhk.edu.hk<*> open through proxy proxy.cse.cuhk.edu.hk<*> HTTPS,1.0,<*> open through proxy socks.cse.cuhk.edu.hk<*> SOCKS5,0.672,"<*> error : Could not connect through proxy proxy.cse.cuhk.edu.hk<*> - Proxy server cannot establish a connection with the target, status code <*>",0.5291,7.68,8
51,<*> open through proxy <*> HTTPS,exact,proxy.cse.cuhk.edu.hk<*> open through proxy proxy.cse.cuhk.edu.hk<*> HTTPS,1.0,<*> open through proxy socks.cse.cuhk.edu.hk<*> SOCKS5,0.672,"<*> error : Could not connect through proxy proxy.cse.cuhk.edu.hk<*> - Proxy server cannot establish a connection with the target, status code <*>",0.5291,7.78,8
52,<*> open through proxy <*> HTTPS,exact,proxy.cse.cuhk.edu.hk<*> open through proxy proxy.cse.cuhk.edu.hk<*> HTTPS,1.0,<*> open through proxy socks.cse.cuhk.edu.hk<*> SOCKS5,0.672,"<*> error : Could not connect through proxy proxy.cse.cuhk.edu.hk<*> - Proxy server cannot establish a connection with the target, status code <*>",0.5291,7.7,8
53,<*> open through proxy <*> HTTPS,exact,proxy.cse.cuhk.edu.hk<*> open through proxy proxy.cse.cuhk.edu.hk<*> HTTPS,1.0,<*> open through proxy socks.cse.cuhk.edu.hk<*> SOCKS5,0.672,"<*> error : Could not connect through proxy proxy.cse.cuhk.edu.hk<*> - Proxy server cannot establish a connection with the target, status code <*>",0.5291,7.76,8
54,<*> open through proxy <*> HTTPS,exact,proxy.cse.cuhk.edu.hk<*> open through proxy proxy.cse.cuhk.edu.hk<*> HTTPS,1.0,<*> open through proxy socks.cse.cuhk.edu.hk<*> SOCKS5,0.672,"<*> error : Could not connect through proxy proxy.cse.cuhk.edu.hk<*> - Proxy server cannot establish a connection with the target, status code <*>",0.5291,7.66,8
55,<*> open through proxy <*> HTTPS,exact,proxy.cse.cuhk.edu.hk<*> open through proxy proxy.cse.cuhk.edu.hk<*> HTTPS,1.0,<*> open through proxy socks.cse.cuhk.edu.hk<*> SOCKS5,0.672,"<*> error : Could not connect through proxy proxy.cse.cuhk.edu.hk<*> - Proxy server cannot establish a connection with the target, status code <*>",0.5291,7.71,8
56,<*> open through proxy <*> HTTPS,exact,proxy.cse.cuhk.edu.hk<*> open through proxy proxy.cse.cuhk.edu.hk<*> HTTPS,1.0,<*> open through proxy socks.cse.cuhk.edu.hk<*> SOCKS5,0.672,"<*> error : Could not connect through proxy proxy.cse.cuhk.edu.hk<*> - Proxy server cannot establish a connection with the target, status code <*>",0.5291,7.67,8
57,"<*> close, 643 bytes sent, 3323 bytes (<*> <*>) received, lifetime <*>",partial,"<*> close, <*> bytes sent<*> KB<*> <*> received<*> <*> received<*> <*> received<*> lifetime <*>",0.982,tcpconn<*> error : A connection request was canceled before the completion.,0.1469,<*> open through proxy socks.cse.cuhk.edu.hk<*> SOCKS5,0.1465,8.6,8
58,"<*> close, 568 bytes sent, 156 bytes received, lifetime <*>",partial,"<*> close, <*> bytes sent<*> KB<*> <*> received<*> <*> received<*> <*> received<*> lifetime <*>",0.9594,tcpconn<*> error : A connection request was canceled before the completion.,0.1922,<*> open through proxy socks.cse.cuhk.edu.hk<*> SOCKS5,0.1901,8.13,8
59,"<*> close, 568 bytes sent, 156 bytes received, lifetime <*>",partial,"<*> close, <*> bytes sent<*> KB<*> <*> received<*> <*> received<*> <*> received<*> lifetime <*>",0.9595,tcpconn<*> error : A connection request was canceled before the completion.,0.1922,<*> open through proxy socks.cse.cuhk.edu.hk<*> SOCKS5,0.1901,8.2,8
60,<*> open through proxy <*> HTTPS,exact,proxy.cse.cuhk.edu.hk<*> open through proxy proxy.cse.cuhk.edu.hk<*> HTTPS,1.0,<*> open through proxy socks.cse.cuhk.edu.hk<*> SOCKS5,0.672,"<*> error : Could not connect through proxy proxy.cse.cuhk.edu.hk<*> - Proxy server cannot establish a connection with the target, status code <*>",0.5291,7.85,8
61,<*> open through proxy <*> HTTPS,exact,proxy.cse.cuhk.edu.hk<*> open through proxy proxy.cse.cuhk.edu.hk<*> HTTPS,1.0,<*> open through proxy socks.cse.cuhk.edu.hk<*> SOCKS5,0.672,"<*> error : Could not connect through proxy proxy.cse.cuhk.edu.hk<*> - Proxy server cannot establish a connection with the target, status code <*>",0.5291,7.72,8
62,"<*> close, 18252 bytes (<*> <*>) sent, 4768 bytes (<*> <*>) received, lifetime <*>",partial,"<*> close, <*> bytes sent<*> KB<*> <*> received<*> <*> received<*> <*> received<*> lifetime <*>",0.9767,tcpconn<*> error : A connection request was canceled before the completion.,0.1092,<*> open through proxy socks.cse.cuhk.edu.hk<*> SOCKS5,0.098,9.15,8
63,"<*> close, 16089 bytes (<*> <*>) sent, 12420 bytes (<*> <*>) received, lifetime <*>",exact,"<*> close, <*> bytes sent<*> KB<*> <*> received<*> <*> received<*> <*> received<*> lifetime <*>",0.9915,<*> open through proxy socks.cse.cuhk.edu.hk<*> SOCKS5,0.1343,tcpconn<*> error : A connection request was canceled before the completion.,0.1318,9.11,8
64,<*> open through proxy <*> HTTPS,exact,proxy.cse.cuhk.edu.hk<*> open through proxy proxy.cse.cuhk.edu.hk<*> HTTPS,1.0,<*> open through proxy socks.cse.cuhk.edu.hk<*> SOCKS5,0.672,"<*> error : Could not connect through proxy proxy.cse.cuhk.edu.hk<*> - Proxy server cannot establish a connection with the target, status code <*>",0.5291,7.83,8
65,<*> open through proxy <*> HTTPS,exact,proxy.cse.cuhk.edu.hk<*> open through proxy proxy.cse.cuhk.edu.hk<*> HTTPS,1.0,<*> open through proxy socks.cse.cuhk.edu.hk<*> SOCKS5,0.672,"<*> error : Could not connect through proxy proxy.cse.cuhk.edu.hk<*> - Proxy server cannot establish a connection with the target, status code <*>",0.5291,7.64,8
66,<*> open through proxy <*> HTTPS,exact,proxy.cse.cuhk.edu.hk<*> open through proxy proxy.cse.cuhk.edu.hk<*> HTTPS,1.0,<*> open through proxy socks.cse.cuhk.edu.hk<*> SOCKS5,0.672,"<*> error : Could not connect through proxy proxy.cse.cuhk.edu.hk<*> - Proxy server cannot establish a connection with the target, status code <*>",0.5291,7.82,8
67,<*> open through proxy <*> HTTPS,exact,proxy.cse.cuhk.edu.hk<*> open through proxy proxy.cse.cuhk.edu.hk<*> HTTPS,1.0,<*> open through proxy socks.cse.cuhk.edu.hk<*> SOCKS5,0.672,"<*> error : Could not connect through proxy proxy.cse.cuhk.edu.hk<*> - Proxy server cannot establish a connection with the target, status code <*>",0.5291,7.74,8
68,<*> open through proxy <*> HTTPS,exact,proxy.cse.cuhk.edu.hk<*> open through proxy proxy.cse.cuhk.edu.hk<*> HTTPS,1.0,<*> open through proxy socks.cse.cuhk.edu.hk<*> SOCKS5,0.672,"<*> error : Could not connect through proxy proxy.cse.cuhk.edu.hk<*> - Proxy server cannot establish a connection with the target, status code <*>",0.5291,7.94,8
69,<*> open through proxy <*> HTTPS,exact,proxy.cse.cuhk.edu.hk<*> open through proxy proxy.cse.cuhk.edu.hk<*> HTTPS,1.0,<*> open through proxy socks.cse.cuhk.edu.hk<*> SOCKS5,0.672,"<*> error : Could not connect through proxy proxy.cse.cuhk.edu.hk<*> - Proxy server cannot establish a connection with the target, status code <*>",0.5291,7.81,8
70,<*> open through proxy <*> HTTPS,exact,proxy.cse.cuhk.edu.hk<*> open through proxy proxy.cse.cuhk.edu.hk<*> HTTPS,1.0,<*> open through proxy socks.cse.cuhk.edu.hk<*> SOCKS5,0.672,"<*> error : Could not connect through proxy proxy.cse.cuhk.edu.hk<*> - Proxy server cannot establish a connection with the target, status code <*>",0.5291,8.53,8
71,<*> open through proxy <*> HTTPS,exact,proxy.cse.cuhk.edu.hk<*> open through proxy proxy.cse.cuhk.edu.hk<*> HTTPS,1.0,<*> open through proxy socks.cse.cuhk.edu.hk<*> SOCKS5,0.672,"<*> error : Could not connect through proxy proxy.cse.cuhk.edu.hk<*> - Proxy server cannot establish a connection with the target, status code <*>",0.5291,7.97,8
72,<*> open through proxy <*> HTTPS,exact,proxy.cse.cuhk.edu.hk<*> open through proxy proxy.cse.cuhk.edu.hk<*> HTTPS,1.0,<*> open through proxy socks.cse.cuhk.edu.hk<*> SOCKS5,0.672,"<*> error : Could not connect through proxy proxy.cse.cuhk.edu.hk<*> - Proxy server cannot establish a connection with the target, status code <*>",0.5291,7.78,8
73,"<*> close, 0 bytes sent, 0 bytes received, lifetime <*>",partial,"<*> close, <*> bytes sent<*> KB<*> <*> received<*> <*> received<*> <*> received<*> lifetime <*>",0.8845,<*> open through proxy socks.cse.cuhk.edu.hk<*> SOCKS5,0.226,tcpconn<*> error : A connection request was canceled before the completion.,0.2168,8.18,8
74,"<*> close, 0 bytes sent, 0 bytes received, lifetime <*>",partial,"<*> close, <*> bytes sent<*> KB<*> <*> received<*> <*> received<*> <*> received<*> lifetime <*>",0.8848,<*> open through proxy socks.cse.cuhk.edu.hk<*> SOCKS5,0.226,tcpconn<*> error : A connection request was canceled before the completion.,0.2168,8.02,8
75,"<*> close, 35212 bytes (<*> <*>) sent, 22125 bytes (<*> <*>) received, lifetime <*>",partial,"<*> close, <*> bytes sent<*> KB<*> <*> received<*> <*> received<*> <*> received<*> lifetime <*>",0.9801,tcpconn<*> error : A connection request was canceled before the completion.,0.1167,<*> open through proxy socks.cse.cuhk.edu.hk<*> SOCKS5,0.1047,9.03,8
76,"<*> close, 8395 bytes (<*> <*>) sent, 4455 bytes (<*> <*>) received, lifetime <*>",partial,"<*> close, <*> bytes sent<*> KB<*> <*> received<*> <*> received<*> <*> received<*> lifetime <*>",0.9869,tcpconn<*> error : A connection request was canceled before the completion.,0.1172,<*> open through proxy socks.cse.cuhk.edu.hk<*> SOCKS5,0.1089,9.13,8
77,<*> error : Could not connect to proxy <*> - Could not resolve <*> error 11001,partial,<*> error : Could not connect <*> proxy proxy.cse.cuhk.edu.hk<*> - <*>,0.9546,"<*> error : Could not connect through proxy proxy.cse.cuhk.edu.hk<*> - Proxy server cannot establish a connection with the target, status code <*>",0.7986,wpad:80 error : Could not connect to proxy proxy.cse.cuhk.edu.hk<*> - Could not resolve proxy.cse.cuhk.edu.hk<*> error <*>,0.7184,8.33,8
78,"<*> close, 696 bytes sent, 5005 bytes (<*> <*>) received, lifetime <*>",partial,"<*> close, <*> bytes sent<*> KB<*> <*> received<*> <*> received<*> <*> received<*> lifetime <*>",0.9842,<*> open through proxy socks.cse.cuhk.edu.hk<*> SOCKS5,0.1214,tcpconn<*> error : A connection request was canceled before the completion.,0.1069,8.58,8
79,<*> error : Could not connect to proxy <*> - Could not resolve <*> error 11001,partial,<*> error : Could not connect <*> proxy proxy.cse.cuhk.edu.hk<*> - <*>,0.9564,"<*> error : Could not connect through proxy proxy.cse.cuhk.edu.hk<*> - Proxy server cannot establish a connection with the target, status code <*>",0.7986,wpad:80 error : Could not connect to proxy proxy.cse.cuhk.edu.hk<*> - Could not resolve proxy.cse.cuhk.edu.hk<*> error <*>,0.7184,8.4,8
80,<*> error : Could not connect to proxy <*> - Could not resolve <*> error 11001,partial,<*> error : Could not connect <*> proxy proxy.cse.cuhk.edu.hk<*> - <*>,0.958,"<*> error : Could not connect through proxy proxy.cse.cuhk.edu.hk<*> - Proxy server cannot establish a connection with the target, status code <*>",0.7986,wpad:80 error : Could not connect to proxy proxy.cse.cuhk.edu.hk<*> - Could not resolve proxy.cse.cuhk.edu.hk<*> error <*>,0.7184,8.43,8
81,awqiizxequsixgr:80 error : Could not connect to proxy <*> - Could not resolve <*> error 11001,exact,awqiizxequsixgr:80 error : Could not connect to proxy proxy.cse.cuhk.edu.hk<*> - Could not resolve proxy.cse.cuhk.edu.hk<*> error <*>,1.0,<*> error : Could not connect <*> proxy proxy.cse.cuhk.edu.hk<*> - <*>,0.7294,"<*> error : Could not connect through proxy proxy.cse.cuhk.edu.hk<*> - Proxy server cannot establish a connection with the target, status code <*>",0.666,9.07,8
82,<*> error : Could not connect to proxy <*> - Could not resolve <*> error 11001,partial,<*> error : Could not connect <*> proxy proxy.cse.cuhk.edu.hk<*> - <*>,0.9596,"<*> error : Could not connect through proxy proxy.cse.cuhk.edu.hk<*> - Proxy server cannot establish a connection with the target, status code <*>",0.7986,wpad:80 error : Could not connect to proxy proxy.cse.cuhk.edu.hk<*> - Could not resolve proxy.cse.cuhk.edu.hk<*> error <*>,0.7184,8.43,8
83,<*> error : Could not connect to proxy <*> - Could not resolve <*> error 11001,partial,<*> error : Could not connect <*> proxy proxy.cse.cuhk.edu.hk<*> - <*>,0.9611,"<*> error : Could not connect through proxy proxy.cse.cuhk.edu.hk<*> - Proxy server cannot establish a connection with the target, status code <*>",0.7986,wpad:80 error : Could not connect to proxy proxy.cse.cuhk.edu.hk<*> - Could not resolve proxy.cse.cuhk.edu.hk<*> error <*>,0.7184,8.22,8
84,<*> error : Could not connect to proxy <*> - Could not resolve <*> error 11001,partial,<*> error : Could not connect <*> proxy proxy.cse.cuhk.edu.hk<*> - <*>,0.9625,"<*> error : Could not connect through proxy proxy.cse.cuhk.edu.hk<*> - Proxy server cannot establish a connection with the target, status code <*>",0.7986,wpad:80 error : Could not connect to proxy proxy.cse.cuhk.edu.hk<*> - Could not resolve proxy.cse.cuhk.edu.hk<*> error <*>,0.7184,8.21,8
85,<*> error : Could not connect to proxy <*> - Could not resolve <*> error 11001,partial,<*> error : Could not connect <*> proxy proxy.cse.cuhk.edu.hk<*> - <*>,0.9638,"<*> error : Could not connect through proxy proxy.cse.cuhk.edu.hk<*> - Proxy server cannot establish a connection with the target, status code <*>",0.7986,wpad:80 error : Could not connect to proxy proxy.cse.cuhk.edu.hk<*> - Could not resolve proxy.cse.cuhk.edu.hk<*> error <*>,0.7184,8.2,8
86,<*> error : Could not connect to proxy <*> - Could not resolve <*> error 11001,partial,<*> error : Could not connect <*> proxy proxy.cse.cuhk.edu.hk<*> - <*>,0.9651,"<*> error : Could not connect through proxy proxy.cse.cuhk.edu.hk<*> - Proxy server cannot establish a connection with the target, status code <*>",0.7986,wpad:80 error : Could not connect to proxy proxy.cse.cuhk.edu.hk<*> - Could not resolve proxy.cse.cuhk.edu.hk<*> error <*>,0.7184,8.28,8
87,<*> error : Could not connect to proxy <*> - Could not resolve <*> error 11001,partial,<*> error : Could not connect <*> proxy proxy.cse.cuhk.edu.hk<*> - <*>,0.9663,"<*> error : Could not connect through proxy proxy.cse.cuhk.edu.hk<*> - Proxy server cannot establish a connection with the target, status code <*>",0.7986,wpad:80 error : Could not connect to proxy proxy.cse.cuhk.edu.hk<*> - Could not resolve proxy.cse.cuhk.edu.hk<*> error <*>,0.7184,8.18,8
88,<*> error : Could not connect to proxy <*> - Could not resolve <*> error 11001,partial,<*> error : Could not connect <*> proxy proxy.cse.cuhk.edu.hk<*> - <*>,0.9674,"<*> error : Could not connect through proxy proxy.cse.cuhk.edu.hk<*> - Proxy server cannot establish a connection with the target, status code <*>",0.7986,wpad:80 error : Could not connect to proxy proxy.cse.cuhk.edu.hk<*> - Could not resolve proxy.cse.cuhk.edu.hk<*> error <*>,0.7184,8.27,8
89,<*> error : Could not connect to proxy <*> - Could not resolve <*> error 11001,partial,<*> error : Could not connect <*> proxy proxy.cse.cuhk.edu.hk<*> - <*>,0.9685,"<*> error : Could not connect through proxy proxy.cse.cuhk.edu.hk<*> - Proxy server cannot establish a connection with the target, status code <*>",0.7986,wpad:80 error : Could not connect to proxy proxy.cse.cuhk.edu.hk<*> - Could not resolve proxy.cse.cuhk.edu.hk<*> error <*>,0.7184,8.23,8
90,<*> error : Could not connect to proxy <*> - Could not resolve <*> error 11001,partial,<*> error : Could not connect <*> proxy proxy.cse.cuhk.edu.hk<*> - <*>,0.9695,"<*> error : Could not connect through proxy proxy.cse.cuhk.edu.hk<*> - Proxy server cannot establish a connection with the target, status code <*>",0.7986,wpad:80 error : Could not connect to proxy proxy.cse.cuhk.edu.hk<*> - Could not resolve proxy.cse.cuhk.edu.hk<*> error <*>,0.7184,8.18,8
91,wpad:80 error : Could not connect to proxy <*> - Could not resolve <*> error 11001,exact,wpad:80 error : Could not connect to proxy proxy.cse.cuhk.edu.hk<*> - Could not resolve proxy.cse.cuhk.edu.hk<*> error <*>,1.0,<*> error : Could not connect <*> proxy proxy.cse.cuhk.edu.hk<*> - <*>,0.7204,"<*> error : Could not connect through proxy proxy.cse.cuhk.edu.hk<*> - Proxy server cannot establish a connection with the target, status code <*>",0.597,8.5,8
92,<*> error : Could not connect to proxy <*> - Could not resolve <*> error 11001,partial,<*> error : Could not connect <*> proxy proxy.cse.cuhk.edu.hk<*> - <*>,0.9705,"<*> error : Could not connect through proxy proxy.cse.cuhk.edu.hk<*> - Proxy server cannot establish a connection with the target, status code <*>",0.7986,wpad:80 error : Could not connect to proxy proxy.cse.cuhk.edu.hk<*> - Could not resolve proxy.cse.cuhk.edu.hk<*> error <*>,0.7184,8.15,8
93,"<*> close, 357 bytes sent, 468 bytes received, lifetime <*>",partial,"<*> close, <*> bytes sent<*> KB<*> <*> received<*> <*> received<*> <*> received<*> lifetime <*>",0.9744,tcpconn<*> error : A connection request was canceled before the completion.,0.1819,<*> open through proxy socks.cse.cuhk.edu.hk<*> SOCKS5,0.1641,8.21,8
94,<*> open through proxy <*> HTTPS,exact,proxy.cse.cuhk.edu.hk<*> open through proxy proxy.cse.cuhk.edu.hk<*> HTTPS,1.0,<*> open through proxy socks.cse.cuhk.edu.hk<*> SOCKS5,0.672,"<*> error : Could not connect through proxy proxy.cse.cuhk.edu.hk<*> - Proxy server cannot establish a connection with the target, status code <*>",0.5291,7.72,8
95,"<*> close, 0 bytes sent, 0 bytes received, lifetime <*>",partial,"<*> close, <*> bytes sent<*> KB<*> <*> received<*> <*> received<*> <*> received<*> lifetime <*>",0.8849,<*> open through proxy socks.cse.cuhk.edu.hk<*> SOCKS5,0.226,tcpconn<*> error : A connection request was canceled before the completion.,0.2168,7.85,8
96,<*> open through proxy <*> HTTPS,exact,proxy.cse.cuhk.edu.hk<*> open through proxy proxy.cse.cuhk.edu.hk<*> HTTPS,1.0,<*> open through proxy socks.cse.cuhk.edu.hk<*> SOCKS5,0.672,"<*> error : Could not connect through proxy proxy.cse.cuhk.edu.hk<*> - Proxy server cannot establish a connection with the target, status code <*>",0.5291,7.9,8
97,<*> open through proxy <*> HTTPS,exact,proxy.cse.cuhk.edu.hk<*> open through proxy proxy.cse.cuhk.edu.hk<*> HTTPS,1.0,<*> open through proxy socks.cse.cuhk.edu.hk<*> SOCKS5,0.672,"<*> error : Could not connect through proxy proxy.cse.cuhk.edu.hk<*> - Proxy server cannot establish a connection with the target, status code <*>",0.5291,7.73,8
98,"<*> close, 1747 bytes (<*> <*>) sent, 1218 bytes (<*> <*>) received, lifetime <*>",partial,"<*> close, <*> bytes sent<*> KB<*> <*> received<*> <*> received<*> <*> received<*> lifetime <*>",0.9864,tcpconn<*> error : A connection request was canceled before the completion.,0.1321,<*> open through proxy socks.cse.cuhk.edu.hk<*> SOCKS5,0.1241,8.83,8
99,"<*> close, 0 bytes sent, 0 bytes received, lifetime <*>",partial,"<*> close, <*> bytes sent<*> KB<*> <*> received<*> <*> received<*> <*> received<*> lifetime <*>",0.8851,<*> open through proxy socks.cse.cuhk.edu.hk<*> SOCKS5,0.226,tcpconn<*> error : A connection request was canceled before the completion.,0.2168,7.99,8
100,<*> open through proxy <*> HTTPS,exact,proxy.cse.cuhk.edu.hk<*> open through proxy proxy.cse.cuhk.edu.hk<*> HTTPS,1.0,<*> open through proxy socks.cse.cuhk.edu.hk<*> SOCKS5,0.672,"<*> error : Could not connect through proxy proxy.cse.cuhk.edu.hk<*> - Proxy server cannot establish a connection with the target, status code <*>",0.5291,7.84,8
101,<*> open through proxy <*> HTTPS,exact,proxy.cse.cuhk.edu.hk<*> open through proxy proxy.cse.cuhk.edu.hk<*> HTTPS,1.0,<*> open through proxy socks.cse.cuhk.edu.hk<*> SOCKS5,0.672,"<*> error : Could not connect through proxy proxy.cse.cuhk.edu.hk<*> - Proxy server cannot establish a connection with the target, status code <*>",0.5291,7.92,8
102,"<*> close, 11662 bytes (<*> <*>) sent, 7986 bytes (<*> <*>) received, lifetime <*>",partial,"<*> close, <*> bytes sent<*> KB<*> <*> received<*> <*> received<*> <*> received<*> lifetime <*>",0.9848,<*> open through proxy socks.cse.cuhk.edu.hk<*> SOCKS5,0.1113,tcpconn<*> error : A connection request was canceled before the completion.,0.1101,9.27,8
103,<*> open through proxy <*> HTTPS,exact,proxy.cse.cuhk.edu.hk<*> open through proxy proxy.cse.cuhk.edu.hk<*> HTTPS,1.0,<*> open through proxy socks.cse.cuhk.edu.hk<*> SOCKS5,0.672,"<*> error : Could not connect through proxy proxy.cse.cuhk.edu.hk<*> - Proxy server cannot establish a connection with the target, status code <*>",0.5291,8.33,8
104,<*> open through proxy <*> HTTPS,exact,proxy.cse.cuhk.edu.hk<*> open through proxy proxy.cse.cuhk.edu.hk<*> HTTPS,1.0,<*> open through proxy socks.cse.cuhk.edu.hk<*> SOCKS5,0.672,"<*> error : Could not connect through proxy proxy.cse.cuhk.edu.hk<*> - Proxy server cannot establish a connection with the target, status code <*>",0.5291,9.42,8
105,<*> open through proxy <*> HTTPS,exact,proxy.cse.cuhk.edu.hk<*> open through proxy proxy.cse.cuhk.edu.hk<*> HTTPS,1.0,<*> open through proxy socks.cse.cuhk.edu.hk<*> SOCKS5,0.672,"<*> error : Could not connect through proxy proxy.cse.cuhk.edu.hk<*> - Proxy server cannot establish a connection with the target, status code <*>",0.5291,9.68,8
106,"<*> close, 0 bytes sent, 0 bytes received, lifetime <*>",partial,"<*> close, <*> bytes sent<*> KB<*> <*> received<*> <*> received<*> <*> received<*> lifetime <*>",0.8853,<*> open through proxy socks.cse.cuhk.edu.hk<*> SOCKS5,0.226,tcpconn<*> error : A connection request was canceled before the completion.,0.2168,8.88,8
107,<*> open through proxy <*> HTTPS,exact,proxy.cse.cuhk.edu.hk<*> open through proxy proxy.cse.cuhk.edu.hk<*> HTTPS,1.0,<*> open through proxy socks.cse.cuhk.edu.hk<*> SOCKS5,0.672,"<*> error : Could not connect through proxy proxy.cse.cuhk.edu.hk<*> - Proxy server cannot establish a connection with the target, status code <*>",0.5291,8.05,8
108,<*> open through proxy <*> HTTPS,exact,proxy.cse.cuhk.edu.hk<*> open through proxy proxy.cse.cuhk.edu.hk<*> HTTPS,1.0,<*> open through proxy socks.cse.cuhk.edu.hk<*> SOCKS5,0.672,"<*> error : Could not connect through proxy proxy.cse.cuhk.edu.hk<*> - Proxy server cannot establish a connection with the target, status code <*>",0.5291,7.78,8
109,<*> open through proxy <*> HTTPS,exact,proxy.cse.cuhk.edu.hk<*> open through proxy proxy.cse.cuhk.edu.hk<*> HTTPS,1.0,<*> open through proxy socks.cse.cuhk.edu.hk<*> SOCKS5,0.672,"<*> error : Could not connect through proxy proxy.cse.cuhk.edu.hk<*> - Proxy server cannot establish a connection with the target, status code <*>",0.5291,7.89,8
110,<*> open through proxy <*> HTTPS,exact,proxy.cse.cuhk.edu.hk<*> open through proxy proxy.cse.cuhk.edu.hk<*> HTTPS,1.0,<*> open through proxy socks.cse.cuhk.edu.hk<*> SOCKS5,0.672,"<*> error : Could not connect through proxy proxy.cse.cuhk.edu.hk<*> - Proxy server cannot establish a connection with the target, status code <*>",0.5291,7.65,8
111,"<*> close, 1915 bytes (<*> <*>) sent, 4198 bytes (<*> <*>) received, lifetime <*>",partial,"<*> close, <*> bytes sent<*> KB<*> <*> received<*> <*> received<*> <*> received<*> lifetime <*>",0.937,tcpconn<*> error : A connection request was canceled before the completion.,0.1242,<*> error : Could not connect <*> proxy proxy.cse.cuhk.edu.hk<*> - <*>,0.1199,9.18,8
112,"<*> error : Could not connect through proxy <*> - Proxy server cannot establish a connection with the target, status code 403",partial,"<*> error : Could not connect through proxy proxy.cse.cuhk.edu.hk<*> - Proxy server cannot establish a connection with the target, status code <*>",0.9874,<*> error : Could not connect <*> proxy proxy.cse.cuhk.edu.hk<*> - <*>,0.8224,awqiizxequsixgr:80 error : Could not connect to proxy proxy.cse.cuhk.edu.hk<*> - Could not resolve proxy.cse.cuhk.edu.hk<*> error <*>,0.6485,8.61,8
113,"<*> close, 3808 bytes (<*> <*>) sent, 2035 bytes (<*> <*>) received, lifetime <*>",exact,"<*> close, <*> bytes sent<*> KB<*> <*> received<*> <*> received<*> <*> received<*> lifetime <*>",0.9903,tcpconn<*> error : A connection request was canceled before the completion.,0.1396,<*> open through proxy socks.cse.cuhk.edu.hk<*> SOCKS5,0.1347,8.86,8
114,"<*> close, 1634 bytes (<*> <*>) sent, 15284 bytes (<*> <*>) received, lifetime <*>",partial,"<*> close, <*> bytes sent<*> KB<*> <*> received<*> <*> received<*> <*> received<*> lifetime <*>",0.9851,<*> open through proxy socks.cse.cuhk.edu.hk<*> SOCKS5,0.1294,tcpconn<*> error : A connection request was canceled before the completion.,0.1274,8.94,8
115,"<*> close, 1640 bytes (<*> <*>) sent, 17802 bytes (<*> <*>) received, lifetime <*>",partial,"<*> close, <*> bytes sent<*> KB<*> <*> received<*> <*> received<*> <*> received<*> lifetime <*>",0.9792,tcpconn<*> error : A connection request was canceled before the completion.,0.1136,<*> open through proxy socks.cse.cuhk.edu.hk<*> SOCKS5,0.1005,8.85,8
116,"<*> close, 3281 bytes (<*> <*>) sent, 102173 bytes (<*> <*>) received, lifetime <*>",partial,"<*> close, <*> bytes sent<*> KB<*> <*> received<*> <*> received<*> <*> received<*> lifetime <*>",0.9858,tcpconn<*> error : A connection request was canceled before the completion.,0.1408,<*> open through proxy socks.cse.cuhk.edu.hk<*> SOCKS5,0.1396,9.05,8
117,"<*> close, 0 bytes sent, 0 bytes received, lifetime <*>",partial,"<*> close, <*> bytes sent<*> KB<*> <*> received<*> <*> received<*> <*> received<*> lifetime <*>",0.8854,<*> open through proxy socks.cse.cuhk.edu.hk<*> SOCKS5,0.226,tcpconn<*> error : A connection request was canceled before the completion.,0.2168,8.05,8
118,"<*> close, 0 bytes sent, 0 bytes received, lifetime <*>",partial,"<*> close, <*> bytes sent<*> KB<*> <*> received<*> <*> received<*> <*> received<*> lifetime <*>",0.8856,<*> open through proxy socks.cse.cuhk.edu.hk<*> SOCKS5,0.226,tcpconn<*> error : A connection request was canceled before the completion.,0.2168,8.12,8
119,<*> error : A connection request was canceled before the completion.,exact,tcpconn<*> error : A connection request was canceled before the completion.,1.0,<*> error : Could not connect <*> proxy proxy.cse.cuhk.edu.hk<*> - <*>,0.5905,"<*> error : Could not connect through proxy proxy.cse.cuhk.edu.hk<*> - Proxy server cannot establish a connection with the target, status code <*>",0.5506,7.96,8
120,<*> error : A connection request was canceled before the completion.,exact,tcpconn<*> error : A connection request was canceled before the completion.,1.0,<*> error : Could not connect <*> proxy proxy.cse.cuhk.edu.hk<*> - <*>,0.5905,"<*> error : Could not connect through proxy proxy.cse.cuhk.edu.hk<*> - Proxy server cannot establish a connection with the target, status code <*>",0.5506,8.22,8
121,"<*> close, 0 bytes sent, 0 bytes received, lifetime <*>",partial,"<*> close, <*> bytes sent<*> KB<*> <*> received<*> <*> received<*> <*> received<*> lifetime <*>",0.8858,<*> open through proxy socks.cse.cuhk.edu.hk<*> SOCKS5,0.226,tcpconn<*> error : A connection request was canceled before the completion.,0.2168,20.99,8
122,"<*> close, 314 bytes sent, 1035 bytes (<*> <*>) received, lifetime <*>",partial,"<*> close, <*> bytes sent<*> KB<*> <*> received<*> <*> received<*> <*> received<*> lifetime <*>",0.9826,<*> open through proxy socks.cse.cuhk.edu.hk<*> SOCKS5,0.1126,tcpconn<*> error : A connection request was canceled before the completion.,0.1014,24.48,8
123,<*> open through proxy <*> HTTPS,exact,proxy.cse.cuhk.edu.hk<*> open through proxy proxy.cse.cuhk.edu.hk<*> HTTPS,1.0,<*> open through proxy socks.cse.cuhk.edu.hk<*> SOCKS5,0.672,"<*> error : Could not connect through proxy proxy.cse.cuhk.edu.hk<*> - Proxy server cannot establish a connection with the target, status code <*>",0.5294,12.31,8
124,<*> open through proxy <*> HTTPS,exact,proxy.cse.cuhk.edu.hk<*> open through proxy proxy.cse.cuhk.edu.hk<*> HTTPS,1.0,<*> open through proxy socks.cse.cuhk.edu.hk<*> SOCKS5,0.672,"<*> error : Could not connect through proxy proxy.cse.cuhk.edu.hk<*> - Proxy server cannot establish a connection with the target, status code <*>",0.5294,12.56,8
125,<*> open through proxy <*> HTTPS,exact,proxy.cse.cuhk.edu.hk<*> open through proxy proxy.cse.cuhk.edu.hk<*> HTTPS,1.0,<*> open through proxy socks.cse.cuhk.edu.hk<*> SOCKS5,0.672,"<*> error : Could not connect through proxy proxy.cse.cuhk.edu.hk<*> - Proxy server cannot establish a connection with the target, status code <*>",0.5294,12.61,8
126,<*> open through proxy <*> HTTPS,exact,proxy.cse.cuhk.edu.hk<*> open through proxy proxy.cse.cuhk.edu.hk<*> HTTPS,1.0,<*> open through proxy socks.cse.cuhk.edu.hk<*> SOCKS5,0.672,"<*> error : Could not connect through proxy proxy.cse.cuhk.edu.hk<*> - Proxy server cannot establish a connection with the target, status code <*>",0.5294,12.55,8
127,"<*> close, 0 bytes sent, 0 bytes received, lifetime <*>",partial,"<*> close, <*> bytes sent<*> KB<*> <*> received<*> <*> received<*> <*> received<*> lifetime <*>",0.886,<*> open through proxy socks.cse.cuhk.edu.hk<*> SOCKS5,0.226,tcpconn<*> error : A connection request was canceled before the completion.,0.2168,12.91,8
128,"<*> close, 0 bytes sent, 0 bytes received, lifetime <*>",partial,"<*> close, <*> bytes sent<*> KB<*> <*> received<*> <*> received<*> <*> received<*> lifetime <*>",0.8863,<*> open through proxy socks.cse.cuhk.edu.hk<*> SOCKS5,0.226,tcpconn<*> error : A connection request was canceled before the completion.,0.2168,12.62,8
129,"<*> close, 0 bytes sent, 0 bytes received, lifetime <*>",partial,"<*> close, <*> bytes sent<*> KB<*> <*> received<*> <*> received<*> <*> received<*> lifetime <*>",0.8865,<*> open through proxy socks.cse.cuhk.edu.hk<*> SOCKS5,0.226,tcpconn<*> error : A connection request was canceled before the completion.,0.2168,12.92,8
130,<*> error : A connection request was canceled before the completion.,exact,tcpconn<*> error : A connection request was canceled before the completion.,1.0,<*> error : Could not connect <*> proxy proxy.cse.cuhk.edu.hk<*> - <*>,0.5905,"<*> error : Could not connect through proxy proxy.cse.cuhk.edu.hk<*> - Proxy server cannot establish a connection with the target, status code <*>",0.5506,12.64,8
131,<*> open through proxy <*> HTTPS,exact,proxy.cse.cuhk.edu.hk<*> open through proxy proxy.cse.cuhk.edu.hk<*> HTTPS,1.0,<*> open through proxy socks.cse.cuhk.edu.hk<*> SOCKS5,0.672,"<*> error : Could not connect through proxy proxy.cse.cuhk.edu.hk<*> - Proxy server cannot establish a connection with the target, status code <*>",0.5294,12.86,8
132,<*> open through proxy <*> HTTPS,exact,proxy.cse.cuhk.edu.hk<*> open through proxy proxy.cse.cuhk.edu.hk<*> HTTPS,1.0,<*> open through proxy socks.cse.cuhk.edu.hk<*> SOCKS5,0.672,"<*> error : Could not connect through proxy proxy.cse.cuhk.edu.hk<*> - Proxy server cannot establish a connection with the target, status code <*>",0.5294,12.69,8
133,<*> open through proxy <*> HTTPS,exact,proxy.cse.cuhk.edu.hk<*> open through proxy proxy.cse.cuhk.edu.hk<*> HTTPS,1.0,<*> open through proxy socks.cse.cuhk.edu.hk<*> SOCKS5,0.672,"<*> error : Could not connect through proxy proxy.cse.cuhk.edu.hk<*> - Proxy server cannot establish a connection with the target, status code <*>",0.5294,12.49,8
134,"<*> close, 670 bytes sent, 421 bytes received, lifetime <*>",partial,"<*> close, <*> bytes sent<*> KB<*> <*> received<*> <*> received<*> <*> received<*> lifetime <*>",0.9629,<*> open through proxy socks.cse.cuhk.edu.hk<*> SOCKS5,0.1697,tcpconn<*> error : A connection request was canceled before the completion.,0.1646,12.89,8
135,"<*> close, 2188 bytes (<*> <*>) sent, 41402 bytes (<*> <*>) received, lifetime <*>",partial,"<*> close, <*> bytes sent<*> KB<*> <*> received<*> <*> received<*> <*> received<*> lifetime <*>",0.9895,tcpconn<*> error : A connection request was canceled before the completion.,0.1269,<*> open through proxy socks.cse.cuhk.edu.hk<*> SOCKS5,0.1224,14.22,8
136,"<*> close, 1822 bytes (<*> <*>) sent, 754 bytes received, lifetime <*>",partial,"<*> close, <*> bytes sent<*> KB<*> <*> received<*> <*> received<*> <*> received<*> lifetime <*>",0.9828,tcpconn<*> error : A connection request was canceled before the completion.,0.1398,<*> open through proxy socks.cse.cuhk.edu.hk<*> SOCKS5,0.1209,13.53,8
137,"<*> close, 338 bytes sent, 3597 bytes (<*> <*>) received, lifetime <*>",partial,"<*> close, <*> bytes sent<*> KB<*> <*> received<*> <*> received<*> <*> received<*> lifetime <*>",0.9864,tcpconn<*> error : A connection request was canceled before the completion.,0.1015,<*> open through proxy socks.cse.cuhk.edu.hk<*> SOCKS5,0.0956,13.0,8
138,"<*> close, 0 bytes sent, 0 bytes received, lifetime <*>",partial,"<*> close, <*> bytes sent<*> KB<*> <*> received<*> <*> received<*> <*> received<*> lifetime <*>",0.8867,<*> open through proxy socks.cse.cuhk.edu.hk<*> SOCKS5,0.226,tcpconn<*> error : A connection request was canceled before the completion.,0.2168,13.02,8
139,"<*> close, 42307 bytes (<*> <*>) sent, 279 bytes received, lifetime <*>",partial,"<*> close, <*> bytes sent<*> KB<*> <*> received<*> <*> received<*> <*> received<*> lifetime <*>",0.9836,tcpconn<*> error : A connection request was canceled before the completion.,0.1228,<*> open through proxy socks.cse.cuhk.edu.hk<*> SOCKS5,0.0983,11.11,8
140,"<*> close, 1314 bytes (<*> <*>) sent, 27289 bytes (<*> <*>) received, lifetime <*>",partial,"<*> close, <*> bytes sent<*> KB<*> <*> received<*> <*> received<*> <*> received<*> lifetime <*>",0.9793,tcpconn<*> error : A connection request was canceled before the completion.,0.1095,<*> open through proxy socks.cse.cuhk.edu.hk<*> SOCKS5,0.1008,9.23,8
141,"<*> close, 1278 bytes (<*> <*>) sent, 6854 bytes (<*> <*>) received, lifetime <*>",partial,"<*> close, <*> bytes sent<*> KB<*> <*> received<*> <*> received<*> <*> received<*> lifetime <*>",0.988,tcpconn<*> error : A connection request was canceled before the completion.,0.1546,<*> open through proxy socks.cse.cuhk.edu.hk<*> SOCKS5,0.1394,8.92,8
142,<*> open through proxy <*> HTTPS,exact,proxy.cse.cuhk.edu.hk<*> open through proxy proxy.cse.cuhk.edu.hk<*> HTTPS,1.0,<*> open through proxy socks.cse.cuhk.edu.hk<*> SOCKS5,0.672,"<*> error : Could not connect through proxy proxy.cse.cuhk.edu.hk<*> - Proxy server cannot establish a connection with the target, status code <*>",0.5294,7.85,8
143,"<*> close, 20249 bytes (<*> <*>) sent, 20243 bytes (<*> <*>) received, lifetime <*>",partial,"<*> close, <*> bytes sent<*> KB<*> <*> received<*> <*> received<*> <*> received<*> lifetime <*>",0.9875,<*> open through proxy socks.cse.cuhk.edu.hk<*> SOCKS5,0.1277,tcpconn<*> error : A connection request was canceled before the completion.,0.1198,8.95,8
144,<*> open through proxy <*> HTTPS,exact,proxy.cse.cuhk.edu.hk<*> open through proxy proxy.cse.cuhk.edu.hk<*> HTTPS,1.0,<*> open through proxy socks.cse.cuhk.edu.hk<*> SOCKS5,0.672,"<*> error : Could not connect through proxy proxy.cse.cuhk.edu.hk<*> - Proxy server cannot establish a connection with the target, status code <*>",0.5294,8.01,8
145,<*> open through proxy <*> HTTPS,exact,proxy.cse.cuhk.edu.hk<*> open through proxy proxy.cse.cuhk.edu.hk<*> HTTPS,1.0,<*> open through proxy socks.cse.cuhk.edu.hk<*> SOCKS5,0.672,"<*> error : Could not connect through proxy proxy.cse.cuhk.edu.hk<*> - Proxy server cannot establish a connection with the target, status code <*>",0.5294,7.73,8
146,<*> open through proxy <*> HTTPS,exact,proxy.cse.cuhk.edu.hk<*> open through proxy proxy.cse.cuhk.edu.hk<*> HTTPS,1.0,<*> open through proxy socks.cse.cuhk.edu.hk<*> SOCKS5,0.672,"<*> error : Could not connect through proxy proxy.cse.cuhk.edu.hk<*> - Proxy server cannot establish a connection with the target, status code <*>",0.5294,7.78,8
147,"<*> close, 461 bytes sent, 4784 bytes (<*> <*>) received, lifetime <*>",partial,"<*> close, <*> bytes sent<*> KB<*> <*> received<*> <*> received<*> <*> received<*> lifetime <*>",0.9858,<*> open through proxy socks.cse.cuhk.edu.hk<*> SOCKS5,0.1085,tcpconn<*> error : A connection request was canceled before the completion.,0.0943,8.48,8
148,"<*> close, 461 bytes sent, 4784 bytes (<*> <*>) received, lifetime <*>",partial,"<*> close, <*> bytes sent<*> KB<*> <*> received<*> <*> received<*> <*> received<*> lifetime <*>",0.9859,<*> open through proxy socks.cse.cuhk.edu.hk<*> SOCKS5,0.1085,tcpconn<*> error : A connection request was canceled before the completion.,0.0943,8.64,8
149,"<*> close, 461 bytes sent, 4786 bytes (<*> <*>) received, lifetime <*>",partial,"<*> close, <*> bytes sent<*> KB<*> <*> received<*> <*> received<*> <*> received<*> lifetime <*>",0.9825,<*> open through proxy socks.cse.cuhk.edu.hk<*> SOCKS5,0.1028,tcpconn<*> error : A connection request was canceled before the completion.,0.088,8.48,8
150,"<*> close, 0 bytes sent, 0 bytes received, lifetime <*>",partial,"<*> close, <*> bytes sent<*> KB<*> <*> received<*> <*> received<*> <*> received<*> lifetime <*>",0.8867,<*> open through proxy socks.cse.cuhk.edu.hk<*> SOCKS5,0.226,tcpconn<*> error : A connection request was canceled before the completion.,0.2168,8.18,8
151,"<*> close, 2508 bytes (<*> <*>) sent, 7073 bytes (<*> <*>) received, lifetime <*>",partial,"<*> close, <*> bytes sent<*> KB<*> <*> received<*> <*> received<*> <*> received<*> lifetime <*>",0.9882,tcpconn<*> error : A connection request was canceled before the completion.,0.1252,<*> open through proxy socks.cse.cuhk.edu.hk<*> SOCKS5,0.1221,8.91,8
152,"<*> close, 6703 bytes (<*> <*>) sent, 5167 bytes (<*> <*>) received, lifetime <*>",partial,"<*> close, <*> bytes sent<*> KB<*> <*> received<*> <*> received<*> <*> received<*> lifetime <*>",0.9878,<*> open through proxy socks.cse.cuhk.edu.hk<*> SOCKS5,0.1176,tcpconn<*> error : A connection request was canceled before the completion.,0.1137,9.01,8
153,"<*> close, 494 bytes sent, 208 bytes received, lifetime <*>",partial,"<*> close, <*> bytes sent<*> KB<*> <*> received<*> <*> received<*> <*> received<*> lifetime <*>",0.9708,tcpconn<*> error : A connection request was canceled before the completion.,0.1843,<*> open through proxy socks.cse.cuhk.edu.hk<*> SOCKS5,0.1752,8.15,8
154,"<*> close, 7238 bytes (<*> <*>) sent, 12813 bytes (<*> <*>) received, lifetime <*>",partial,"<*> close, <*> bytes sent<*> KB<*> <*> received<*> <*> received<*> <*> received<*> lifetime <*>",0.9863,tcpconn<*> error : A connection request was canceled before the completion.,0.1511,<*> open through proxy socks.cse.cuhk.edu.hk<*> SOCKS5,0.1374,8.8,8
155,<*> open through proxy <*> HTTPS,exact,proxy.cse.cuhk.edu.hk<*> open through proxy proxy.cse.cuhk.edu.hk<*> HTTPS,1.0,<*> open through proxy socks.cse.cuhk.edu.hk<*> SOCKS5,0.672,"<*> error : Could not connect through proxy proxy.cse.cuhk.edu.hk<*> - Proxy server cannot establish a connection with the target, status code <*>",0.5294,7.83,8
156,"<*> close, 749 bytes sent, 229 bytes received, lifetime <*>",partial,"<*> close, <*> bytes sent<*> KB<*> <*> received<*> <*> received<*> <*> received<*> lifetime <*>",0.9599,tcpconn<*> error : A connection request was canceled before the completion.,0.2035,<*> open through proxy socks.cse.cuhk.edu.hk<*> SOCKS5,0.1885,8.16,8
157,"<*> close, 476 bytes sent, 4417 bytes (<*> <*>) received, lifetime <*>",partial,"<*> close, <*> bytes sent<*> KB<*> <*> received<*> <*> received<*> <*> received<*> lifetime <*>",0.9859,<*> open through proxy socks.cse.cuhk.edu.hk<*> SOCKS5,0.1057,tcpconn<*> error : A connection request was canceled before the completion.,0.0967,8.38,8
158,<*> open through proxy <*> HTTPS,exact,proxy.cse.cuhk.edu.hk<*> open through proxy proxy.cse.cuhk.edu.hk<*> HTTPS,1.0,<*> open through proxy socks.cse.cuhk.edu.hk<*> SOCKS5,0.672,"<*> error : Could not connect through proxy proxy.cse.cuhk.edu.hk<*> - Proxy server cannot establish a connection with the target, status code <*>",0.5294,7.75,8
159,"<*> close, 2419 bytes (<*> <*>) sent, 4742 bytes (<*> <*>) received, lifetime <*>",partial,"<*> close, <*> bytes sent<*> KB<*> <*> received<*> <*> received<*> <*> received<*> lifetime <*>",0.9832,tcpconn<*> error : A connection request was canceled before the completion.,0.1294,<*> open through proxy socks.cse.cuhk.edu.hk<*> SOCKS5,0.1171,9.06,8
160,"<*> close, 357 bytes sent, 484 bytes received, lifetime <*>",partial,"<*> close, <*> bytes sent<*> KB<*> <*> received<*> <*> received<*> <*> received<*> lifetime <*>",0.9782,tcpconn<*> error : A connection request was canceled before the completion.,0.1747,<*> open through proxy socks.cse.cuhk.edu.hk<*> SOCKS5,0.1582,8.15,8
161,"<*> close, 2476 bytes (<*> <*>) sent, 2643 bytes (<*> <*>) received, lifetime <*>",partial,"<*> close, <*> bytes sent<*> KB<*> <*> received<*> <*> received<*> <*> received<*> lifetime <*>",0.9814,tcpconn<*> error : A connection request was canceled before the completion.,0.1243,<*> open through proxy socks.cse.cuhk.edu.hk<*> SOCKS5,0.1109,8.97,8
162,"<*> close, 3818 bytes (<*> <*>) sent, 6276 bytes (<*> <*>) received, lifetime <*>",partial,"<*> close, <*> bytes sent<*> KB<*> <*> received<*> <*> received<*> <*> received<*> lifetime <*>",0.9896,tcpconn<*> error : A connection request was canceled before the completion.,0.1158,<*> open through proxy socks.cse.cuhk.edu.hk<*> SOCKS5,0.1086,8.9,8
163,"<*> close, 3460 bytes (<*> <*>) sent, 5211 bytes (<*> <*>) received, lifetime <*>",partial,"<*> close, <*> bytes sent<*> KB<*> <*> received<*> <*> received<*> <*> received<*> lifetime <*>",0.9723,tcpconn<*> error : A connection request was canceled before the completion.,0.1018,<*> open through proxy socks.cse.cuhk.edu.hk<*> SOCKS5,0.0869,8.96,8
164,<*> open through proxy <*> HTTPS,exact,proxy.cse.cuhk.edu.hk<*> open through proxy proxy.cse.cuhk.edu.hk<*> HTTPS,1.0,<*> open through proxy socks.cse.cuhk.edu.hk<*> SOCKS5,0.672,"<*> error : Could not connect through proxy proxy.cse.cuhk.edu.hk<*> - Proxy server cannot establish a connection with the target, status code <*>",0.5294,7.85,8
165,<*> open through proxy <*> HTTPS,exact,proxy.cse.cuhk.edu.hk<*> open through proxy proxy.cse.cuhk.edu.hk<*> HTTPS,1.0,<*> open through proxy socks.cse.cuhk.edu.hk<*> SOCKS5,0.672,"<*> error : Could not connect through proxy proxy.cse.cuhk.edu.hk<*> - Proxy server cannot establish a connection with the target, status code <*>",0.5294,7.79,8
166,"<*> close, 409 bytes sent, 161 bytes received, lifetime <*>",partial,"<*> close, <*> bytes sent<*> KB<*> <*> received<*> <*> received<*> <*> received<*> lifetime <*>",0.9656,tcpconn<*> error : A connection request was canceled before the completion.,0.1947,<*> open through proxy socks.cse.cuhk.edu.hk<*> SOCKS5,0.1822,8.16,8
167,<*> open through proxy <*> HTTPS,exact,proxy.cse.cuhk.edu.hk<*> open through proxy proxy.cse.cuhk.edu.hk<*> HTTPS,1.0,<*> open through proxy socks.cse.cuhk.edu.hk<*> SOCKS5,0.672,"<*> error : Could not connect through proxy proxy.cse.cuhk.edu.hk<*> - Proxy server cannot establish a connection with the target, status code <*>",0.5294,7.73,8
168,<*> open through proxy <*> HTTPS,exact,proxy.cse.cuhk.edu.hk<*> open through proxy proxy.cse.cuhk.edu.hk<*> HTTPS,1.0,<*> open through proxy socks.cse.cuhk.edu.hk<*> SOCKS5,0.672,"<*> error : Could not connect through proxy proxy.cse.cuhk.edu.hk<*> - Proxy server cannot establish a connection with the target, status code <*>",0.5294,7.82,8
169,<*> open through proxy <*> HTTPS,exact,proxy.cse.cuhk.edu.hk<*> open through proxy proxy.cse.cuhk.edu.hk<*> HTTPS,1.0,<*> open through proxy socks.cse.cuhk.edu.hk<*> SOCKS5,0.672,"<*> error : Could not connect through proxy proxy.cse.cuhk.edu.hk<*> - Proxy server cannot establish a connection with the target, status code <*>",0.5294,7.77,8
170,"<*> close, 735 bytes sent, 184 bytes received, lifetime <*>",partial,"<*> close, <*> bytes sent<*> KB<*> <*> received<*> <*> received<*> <*> received<*> lifetime <*>",0.9773,tcpconn<*> error : A connection request was canceled before the completion.,0.1797,<*> open through proxy socks.cse.cuhk.edu.hk<*> SOCKS5,0.176,8.13,8
171,"<*> close, 326 bytes sent, 5710 bytes (<*> <*>) received, lifetime <*>",partial,"<*> close, <*> bytes sent<*> KB<*> <*> received<*> <*> received<*> <*> received<*> lifetime <*>",0.9813,<*> open through proxy socks.cse.cuhk.edu.hk<*> SOCKS5,0.099,tcpconn<*> error : A connection request was canceled before the completion.,0.0893,8.41,8
172,"<*> close, 734 bytes sent, 229 bytes received, lifetime <*>",partial,"<*> close, <*> bytes sent<*> KB<*> <*> received<*> <*> received<*> <*> received<*> lifetime <*>",0.9673,tcpconn<*> error : A connection request was canceled before the completion.,0.2033,<*> open through proxy socks.cse.cuhk.edu.hk<*> SOCKS5,0.1805,8.06,8
173,<*> open through proxy <*> HTTPS,exact,proxy.cse.cuhk.edu.hk<*> open through proxy proxy.cse.cuhk.edu.hk<*> HTTPS,1.0,<*> open through proxy socks.cse.cuhk.edu.hk<*> SOCKS5,0.672,"<*> error : Could not connect through proxy proxy.cse.cuhk.edu.hk<*> - Proxy server cannot establish a connection with the target, status code <*>",0.5294,7.75,8
174,"<*> close, 2130 bytes (<*> <*>) sent, 1009 bytes received, lifetime <*>",partial,"<*> close, <*> bytes sent<*> KB<*> <*> received<*> <*> received<*> <*> received<*> lifetime <*>",0.9838,tcpconn<*> error : A connection request was canceled before the completion.,0.1632,<*> open through proxy socks.cse.cuhk.edu.hk<*> SOCKS5,0.1627,8.59,8
175,"<*> close, 1363 bytes (<*> <*>) sent, 3549 bytes (<*> <*>) received, lifetime <*>",partial,"<*> close, <*> bytes sent<*> KB<*> <*> received<*> <*> received<*> <*> received<*> lifetime <*>",0.9868,tcpconn<*> error : A connection request was canceled before the completion.,0.1324,<*> open through proxy socks.cse.cuhk.edu.hk<*> SOCKS5,0.1207,8.93,8
176,"<*> close, 7063 bytes (<*> <*>) sent, 15399 bytes (<*> <*>) received, lifetime <*>",partial,"<*> close, <*> bytes sent<*> KB<*> <*> received<*> <*> received<*> <*> received<*> lifetime <*>",0.9895,<*> open through proxy socks.cse.cuhk.edu.hk<*> SOCKS5,0.1268,tcpconn<*> error : A connection request was canceled before the completion.,0.1235,9.29,8
177,"<*> close, 2168 bytes (<*> <*>) sent, 605 bytes received, lifetime <*>",partial,"<*> close, <*> bytes sent<*> KB<*> <*> received<*> <*> received<*> <*> received<*> lifetime <*>",0.9843,<*> open through proxy socks.cse.cuhk.edu.hk<*> SOCKS5,0.1394,tcpconn<*> error : A connection request was canceled before the completion.,0.136,8.57,8
178,"<*> close, 1603 bytes (<*> <*>) sent, 527 bytes received, lifetime <*>",partial,"<*> close, <*> bytes sent<*> KB<*> <*> received<*> <*> received<*> <*> received<*> lifetime <*>",0.9849,tcpconn<*> error : A connection request was canceled before the completion.,0.1326,<*> open through proxy socks.cse.cuhk.edu.hk<*> SOCKS5,0.1228,8.29,8
179,<*> error : Could not connect to proxy <*> - Could not resolve <*> error 11001,partial,<*> error : Could not connect <*> proxy proxy.cse.cuhk.edu.hk<*> - <*>,0.9714,"<*> error : Could not connect through proxy proxy.cse.cuhk.edu.hk<*> - Proxy server cannot establish a connection with the target, status code <*>",0.7978,wpad:80 error : Could not connect to proxy proxy.cse.cuhk.edu.hk<*> - Could not resolve proxy.cse.cuhk.edu.hk<*> error <*>,0.7184,8.31,8
180,<*> error : Could not connect to proxy <*> - Could not resolve <*> error 11001,partial,<*> error : Could not connect <*> proxy proxy.cse.cuhk.edu.hk<*> - <*>,0.9723,"<*> error : Could not connect through proxy proxy.cse.cuhk.edu.hk<*> - Proxy server cannot establish a connection with the target, status code <*>",0.7978,wpad:80 error : Could not connect to proxy proxy.cse.cuhk.edu.hk<*> - Could not resolve proxy.cse.cuhk.edu.hk<*> error <*>,0.7184,8.43,8
181,<*> error : Could not connect to proxy <*> - Could not resolve <*> error 11001,partial,<*> error : Could not connect <*> proxy proxy.cse.cuhk.edu.hk<*> - <*>,0.9732,"<*> error : Could not connect through proxy proxy.cse.cuhk.edu.hk<*> - Proxy server cannot establish a connection with the target, status code <*>",0.7978,wpad:80 error : Could not connect to proxy proxy.cse.cuhk.edu.hk<*> - Could not resolve proxy.cse.cuhk.edu.hk<*> error <*>,0.7184,8.27,8
182,<*> error : Could not connect to proxy <*> - Could not resolve <*> error 11001,partial,<*> error : Could not connect <*> proxy proxy.cse.cuhk.edu.hk<*> - <*>,0.974,"<*> error : Could not connect through proxy proxy.cse.cuhk.edu.hk<*> - Proxy server cannot establish a connection with the target, status code <*>",0.7978,wpad:80 error : Could not connect to proxy proxy.cse.cuhk.edu.hk<*> - Could not resolve proxy.cse.cuhk.edu.hk<*> error <*>,0.7184,8.29,8
183,"<*> close, 484 bytes sent, 30152 bytes (<*> <*>) received, lifetime <*>",partial,"<*> close, <*> bytes sent<*> KB<*> <*> received<*> <*> received<*> <*> received<*> lifetime <*>",0.9871,<*> open through proxy socks.cse.cuhk.edu.hk<*> SOCKS5,0.1245,tcpconn<*> error : A connection request was canceled before the completion.,0.1224,8.46,8
184,<*> open through proxy <*> HTTPS,exact,proxy.cse.cuhk.edu.hk<*> open through proxy proxy.cse.cuhk.edu.hk<*> HTTPS,1.0,<*> open through proxy socks.cse.cuhk.edu.hk<*> SOCKS5,0.672,"<*> error : Could not connect through proxy proxy.cse.cuhk.edu.hk<*> - Proxy server cannot establish a connection with the target, status code <*>",0.5294,7.78,8
185,<*> open through proxy <*> HTTPS,exact,proxy.cse.cuhk.edu.hk<*> open through proxy proxy.cse.cuhk.edu.hk<*> HTTPS,1.0,<*> open through proxy socks.cse.cuhk.edu.hk<*> SOCKS5,0.672,"<*> error : Could not connect through proxy proxy.cse.cuhk.edu.hk<*> - Proxy server cannot establish a connection with the target, status code <*>",0.5294,7.77,8
186,<*> open through proxy <*> HTTPS,exact,proxy.cse.cuhk.edu.hk<*> open through proxy proxy.cse.cuhk.edu.hk<*> HTTPS,1.0,<*> open through proxy socks.cse.cuhk.edu.hk<*> SOCKS5,0.672,"<*> error : Could not connect through proxy proxy.cse.cuhk.edu.hk<*> - Proxy server cannot establish a connection with the target, status code <*>",0.5294,7.86,8
187,"<*> close, 471 bytes sent, 4693 bytes (<*> <*>) received, lifetime <*>",partial,"<*> close, <*> bytes sent<*> KB<*> <*> received<*> <*> received<*> <*> received<*> lifetime <*>",0.983,<*> open through proxy socks.cse.cuhk.edu.hk<*> SOCKS5,0.098,tcpconn<*> error : A connection request was canceled before the completion.,0.0877,9.06,8
188,"<*> close, 461 bytes sent, 4786 bytes (<*> <*>) received, lifetime <*>",partial,"<*> close, <*> bytes sent<*> KB<*> <*> received<*> <*> received<*> <*> received<*> lifetime <*>",0.9824,<*> open through proxy socks.cse.cuhk.edu.hk<*> SOCKS5,0.1028,tcpconn<*> error : A connection request was canceled before the completion.,0.088,8.85,8
189,"<*> close, 461 bytes sent, 4785 bytes (<*> <*>) received, lifetime <*>",partial,"<*> close, <*> bytes sent<*> KB<*> <*> received<*> <*> received<*> <*> received<*> lifetime <*>",0.9829,<*> open through proxy socks.cse.cuhk.edu.hk<*> SOCKS5,0.0978,tcpconn<*> error : A connection request was canceled before the completion.,0.0824,8.54,8
190,"<*> close, 561 bytes sent, 166 bytes received, lifetime <*>",partial,"<*> close, <*> bytes sent<*> KB<*> <*> received<*> <*> received<*> <*> received<*> lifetime <*>",0.9813,tcpconn<*> error : A connection request was canceled before the completion.,0.1649,<*> open through proxy socks.cse.cuhk.edu.hk<*> SOCKS5,0.1583,8.32,8
191,"<*> close, 463 bytes sent, 4786 bytes (<*> <*>) received, lifetime <*>",partial,"<*> close, <*> bytes sent<*> KB<*> <*> received<*> <*> received<*> <*> received<*> lifetime <*>",0.9828,<*> open through proxy socks.cse.cuhk.edu.hk<*> SOCKS5,0.1013,tcpconn<*> error : A connection request was canceled before the completion.,0.0916,8.39,8
192,"<*> close, 476 bytes sent, 4417 bytes (<*> <*>) received, lifetime <*>",partial,"<*> close, <*> bytes sent<*> KB<*> <*> received<*> <*> received<*> <*> received<*> lifetime <*>",0.986,<*> open through proxy socks.cse.cuhk.edu.hk<*> SOCKS5,0.1057,tcpconn<*> error : A connection request was canceled before the completion.,0.0967,8.44,8
193,<*> open through proxy <*> HTTPS,exact,proxy.cse.cuhk.edu.hk<*> open through proxy proxy.cse.cuhk.edu.hk<*> HTTPS,1.0,<*> open through proxy socks.cse.cuhk.edu.hk<*> SOCKS5,0.672,"<*> error : Could not connect through proxy proxy.cse.cuhk.edu.hk<*> - Proxy server cannot establish a connection with the target, status code <*>",0.5294,7.82,8
194,<*> open through proxy <*> HTTPS,exact,proxy.cse.cuhk.edu.hk<*> open through proxy proxy.cse.cuhk.edu.hk<*> HTTPS,1.0,<*> open through proxy socks.cse.cuhk.edu.hk<*> SOCKS5,0.672,"<*> error : Could not connect through proxy proxy.cse.cuhk.edu.hk<*> - Proxy server cannot establish a connection with the target, status code <*>",0.5294,7.8,8
195,<*> open through proxy <*> HTTPS,exact,proxy.cse.cuhk.edu.hk<*> open through proxy proxy.cse.cuhk.edu.hk<*> HTTPS,1.0,<*> open through proxy socks.cse.cuhk.edu.hk<*> SOCKS5,0.672,"<*> error : Could not connect through proxy proxy.cse.cuhk.edu.hk<*> - Proxy server cannot establish a connection with the target, status code <*>",0.5294,7.79,8
196,<*> open through proxy <*> HTTPS,exact,proxy.cse.cuhk.edu.hk<*> open through proxy proxy.cse.cuhk.edu.hk<*> HTTPS,1.0,<*> open through proxy socks.cse.cuhk.edu.hk<*> SOCKS5,0.672,"<*> error : Could not connect through proxy proxy.cse.cuhk.edu.hk<*> - Proxy server cannot establish a connection with the target, status code <*>",0.5294,7.65,8
197,"<*> close, 324 bytes sent, 2764 bytes (<*> <*>) received, lifetime <*>",partial,"<*> close, <*> bytes sent<*> KB<*> <*> received<*> <*> received<*> <*> received<*> lifetime <*>",0.9809,<*> open through proxy socks.cse.cuhk.edu.hk<*> SOCKS5,0.1172,tcpconn<*> error : A connection request was canceled before the completion.,0.1104,8.68,8
198,<*> open through proxy <*> HTTPS,exact,proxy.cse.cuhk.edu.hk<*> open through proxy proxy.cse.cuhk.edu.hk<*> HTTPS,1.0,<*> open through proxy socks.cse.cuhk.edu.hk<*> SOCKS5,0.672,"<*> error : Could not connect through proxy proxy.cse.cuhk.edu.hk<*> - Proxy server cannot establish a connection with the target, status code <*>",0.5294,7.68,8
199,<*> open through proxy <*> HTTPS,exact,proxy.cse.cuhk.edu.hk<*> open through proxy proxy.cse.cuhk.edu.hk<*> HTTPS,1.0,<*> open through proxy socks.cse.cuhk.edu.hk<*> SOCKS5,0.672,"<*> error : Could not connect through proxy proxy.cse.cuhk.edu.hk<*> - Proxy server cannot establish a connection with the target, status code <*>",0.5294,8.49,8
200,"<*> close, 739 bytes sent, 404 bytes received, lifetime <*>",partial,"<*> close, <*> bytes sent<*> KB<*> <*> received<*> <*> received<*> <*> received<*> lifetime <*>",0.873,tcpconn<*> error : A connection request was canceled before the completion.,0.35,<*> open through proxy socks.cse.cuhk.edu.hk<*> SOCKS5,0.2558,8.4,8
201,<*> open through proxy <*> HTTPS,exact,proxy.cse.cuhk.edu.hk<*> open through proxy proxy.cse.cuhk.edu.hk<*> HTTPS,1.0,<*> open through proxy socks.cse.cuhk.edu.hk<*> SOCKS5,0.672,"<*> error : Could not connect through proxy proxy.cse.cuhk.edu.hk<*> - Proxy server cannot establish a connection with the target, status code <*>",0.5294,7.9,8
202,<*> open through proxy <*> HTTPS,exact,proxy.cse.cuhk.edu.hk<*> open through proxy proxy.cse.cuhk.edu.hk<*> HTTPS,1.0,<*> open through proxy socks.cse.cuhk.edu.hk<*> SOCKS5,0.672,"<*> error : Could not connect through proxy proxy.cse.cuhk.edu.hk<*> - Proxy server cannot establish a connection with the target, status code <*>",0.5294,7.88,8
203,"<*> close, 13281 bytes (<*> <*>) sent, 19539 bytes (<*> <*>) received, lifetime <*>",partial,"<*> close, <*> bytes sent<*> KB<*> <*> received<*> <*> received<*> <*> received<*> lifetime <*>",0.9478,<*> open through proxy socks.cse.cuhk.edu.hk<*> SOCKS5,0.1352,tcpconn<*> error : A connection request was canceled before the completion.,0.1186,9.77,8
204,<*> open through proxy <*> HTTPS,exact,proxy.cse.cuhk.edu.hk<*> open through proxy proxy.cse.cuhk.edu.hk<*> HTTPS,1.0,<*> open through proxy socks.cse.cuhk.edu.hk<*> SOCKS5,0.672,"<*> error : Could not connect through proxy proxy.cse.cuhk.edu.hk<*> - Proxy server cannot establish a connection with the target, status code <*>",0.5294,9.49,8
205,<*> open through proxy <*> HTTPS,exact,proxy.cse.cuhk.edu.hk<*> open through proxy proxy.cse.cuhk.edu.hk<*> HTTPS,1.0,<*> open through proxy socks.cse.cuhk.edu.hk<*> SOCKS5,0.672,"<*> error : Could not connect through proxy proxy.cse.cuhk.edu.hk<*> - Proxy server cannot establish a connection with the target, status code <*>",0.5294,8.99,8
206,<*> open through proxy <*> HTTPS,exact,proxy.cse.cuhk.edu.hk<*> open through proxy proxy.cse.cuhk.edu.hk<*> HTTPS,1.0,<*> open through proxy socks.cse.cuhk.edu.hk<*> SOCKS5,0.672,"<*> error : Could not connect through proxy proxy.cse.cuhk.edu.hk<*> - Proxy server cannot establish a connection with the target, status code <*>",0.5294,8.14,8
207,<*> open through proxy <*> HTTPS,exact,proxy.cse.cuhk.edu.hk<*> open through proxy proxy.cse.cuhk.edu.hk<*> HTTPS,1.0,<*> open through proxy socks.cse.cuhk.edu.hk<*> SOCKS5,0.672,"<*> error : Could not connect through proxy proxy.cse.cuhk.edu.hk<*> - Proxy server cannot establish a connection with the target, status code <*>",0.5294,7.91,8
208,<*> open through proxy <*> HTTPS,exact,proxy.cse.cuhk.edu.hk<*> open through proxy proxy.cse.cuhk.edu.hk<*> HTTPS,1.0,<*> open through proxy socks.cse.cuhk.edu.hk<*> SOCKS5,0.672,"<*> error : Could not connect through proxy proxy.cse.cuhk.edu.hk<*> - Proxy server cannot establish a connection with the target, status code <*>",0.5294,7.97,8
209,<*> open through proxy <*> HTTPS,exact,proxy.cse.cuhk.edu.hk<*> open through proxy proxy.cse.cuhk.edu.hk<*> HTTPS,1.0,<*> open through proxy socks.cse.cuhk.edu.hk<*> SOCKS5,0.672,"<*> error : Could not connect through proxy proxy.cse.cuhk.edu.hk<*> - Proxy server cannot establish a connection with the target, status code <*>",0.5294,7.75,8
210,<*> open through proxy <*> HTTPS,exact,proxy.cse.cuhk.edu.hk<*> open through proxy proxy.cse.cuhk.edu.hk<*> HTTPS,1.0,<*> open through proxy socks.cse.cuhk.edu.hk<*> SOCKS5,0.672,"<*> error : Could not connect through proxy proxy.cse.cuhk.edu.hk<*> - Proxy server cannot establish a connection with the target, status code <*>",0.5294,7.86,8
211,<*> open through proxy <*> HTTPS,exact,proxy.cse.cuhk.edu.hk<*> open through proxy proxy.cse.cuhk.edu.hk<*> HTTPS,1.0,<*> open through proxy socks.cse.cuhk.edu.hk<*> SOCKS5,0.672,"<*> error : Could not connect through proxy proxy.cse.cuhk.edu.hk<*> - Proxy server cannot establish a connection with the target, status code <*>",0.5294,7.64,8
212,"<*> close, 184 bytes sent, 134 bytes received, lifetime <*>",partial,"<*> close, <*> bytes sent<*> KB<*> <*> received<*> <*> received<*> <*> received<*> lifetime <*>",0.9657,tcpconn<*> error : A connection request was canceled before the completion.,0.181,<*> open through proxy socks.cse.cuhk.edu.hk<*> SOCKS5,0.1729,7.99,8
213,"<*> close, 379 bytes sent, 7852 bytes (<*> <*>) received, lifetime <*>",partial,"<*> close, <*> bytes sent<*> KB<*> <*> received<*> <*> received<*> <*> received<*> lifetime <*>",0.9787,tcpconn<*> error : A connection request was canceled before the completion.,0.0933,<*> open through proxy socks.cse.cuhk.edu.hk<*> SOCKS5,0.0855,8.63,8
214,<*> open through proxy <*> HTTPS,exact,proxy.cse.cuhk.edu.hk<*> open through proxy proxy.cse.cuhk.edu.hk<*> HTTPS,1.0,<*> open through proxy socks.cse.cuhk.edu.hk<*> SOCKS5,0.672,"<*> error : Could not connect through proxy proxy.cse.cuhk.edu.hk<*> - Proxy server cannot establish a connection with the target, status code <*>",0.5294,7.92,8
215,<*> open through proxy <*> HTTPS,exact,proxy.cse.cuhk.edu.hk<*> open through proxy proxy.cse.cuhk.edu.hk<*> HTTPS,1.0,<*> open through proxy socks.cse.cuhk.edu.hk<*> SOCKS5,0.672,"<*> error : Could not connect through proxy proxy.cse.cuhk.edu.hk<*> - Proxy server cannot establish a connection with the target, status code <*>",0.5294,7.89,8
216,<*> open through proxy <*> HTTPS,exact,proxy.cse.cuhk.edu.hk<*> open through proxy proxy.cse.cuhk.edu.hk<*> HTTPS,1.0,<*> open through proxy socks.cse.cuhk.edu.hk<*> SOCKS5,0.672,"<*> error : Could not connect through proxy proxy.cse.cuhk.edu.hk<*> - Proxy server cannot establish a connection with the target, status code <*>",0.5294,7.76,8
217,<*> open through proxy <*> HTTPS,exact,proxy.cse.cuhk.edu.hk<*> open through proxy proxy.cse.cuhk.edu.hk<*> HTTPS,1.0,<*> open through proxy socks.cse.cuhk.edu.hk<*> SOCKS5,0.672,"<*> error : Could not connect through proxy proxy.cse.cuhk.edu.hk<*> - Proxy server cannot establish a connection with the target, status code <*>",0.5294,7.88,8
218,<*> open through proxy <*> HTTPS,exact,proxy.cse.cuhk.edu.hk<*> open through proxy proxy.cse.cuhk.edu.hk<*> HTTPS,1.0,<*> open through proxy socks.cse.cuhk.edu.hk<*> SOCKS5,0.672,"<*> error : Could not connect through proxy proxy.cse.cuhk.edu.hk<*> - Proxy server cannot establish a connection with the target, status code <*>",0.5294,7.77,8
219,"<*> close, 384 bytes sent, 8537 bytes (<*> <*>) received, lifetime <*>",partial,"<*> close, <*> bytes sent<*> KB<*> <*> received<*> <*> received<*> <*> received<*> lifetime <*>",0.9776,<*> open through proxy socks.cse.cuhk.edu.hk<*> SOCKS5,0.0923,tcpconn<*> error : A connection request was canceled before the completion.,0.0856,8.56,8
220,"<*> close, 379 bytes sent, 9409 bytes (<*> <*>) received, lifetime <*>",partial,"<*> close, <*> bytes sent<*> KB<*> <*> received<*> <*> received<*> <*> received<*> lifetime <*>",0.9839,<*> open through proxy socks.cse.cuhk.edu.hk<*> SOCKS5,0.0975,tcpconn<*> error : A connection request was canceled before the completion.,0.0827,8.58,8
221,<*> open through proxy <*> HTTPS,exact,proxy.cse.cuhk.edu.hk<*> open through proxy proxy.cse.cuhk.edu.hk<*> HTTPS,1.0,<*> open through proxy socks.cse.cuhk.edu.hk<*> SOCKS5,0.672,"<*> error : Could not connect through proxy proxy.cse.cuhk.edu.hk<*> - Proxy server cannot establish a connection with the target, status code <*>",0.5294,7.76,8
222,"<*> close, 379 bytes sent, 6983 bytes (<*> <*>) received, lifetime <*>",partial,"<*> close, <*> bytes sent<*> KB<*> <*> received<*> <*> received<*> <*> received<*> lifetime <*>",0.9871,<*> open through proxy socks.cse.cuhk.edu.hk<*> SOCKS5,0.1012,tcpconn<*> error : A connection request was canceled before the completion.,0.0975,8.52,8
223,"<*> close, 384 bytes sent, 8601 bytes (<*> <*>) received, lifetime <*>",partial,"<*> close, <*> bytes sent<*> KB<*> <*> received<*> <*> received<*> <*> received<*> lifetime <*>",0.9846,<*> open through proxy socks.cse.cuhk.edu.hk<*> SOCKS5,0.1014,tcpconn<*> error : A connection request was canceled before the completion.,0.087,8.55,8
224,"<*> close, 184 bytes sent, 134 bytes received, lifetime <*>",partial,"<*> close, <*> bytes sent<*> KB<*> <*> received<*> <*> received<*> <*> received<*> lifetime <*>",0.9656,tcpconn<*> error : A connection request was canceled before the completion.,0.181,<*> open through proxy socks.cse.cuhk.edu.hk<*> SOCKS5,0.1729,8.09,8
225,<*> open through proxy <*> HTTPS,exact,proxy.cse.cuhk.edu.hk<*> open through proxy proxy.cse.cuhk.edu.hk<*> HTTPS,1.0,<*> open through proxy socks.cse.cuhk.edu.hk<*> SOCKS5,0.672,"<*> error : Could not connect through proxy proxy.cse.cuhk.edu.hk<*> - Proxy server cannot establish a connection with the target, status code <*>",0.5294,7.88,8
226,<*> open through proxy <*> HTTPS,exact,proxy.cse.cuhk.edu.hk<*> open through proxy proxy.cse.cuhk.edu.hk<*> HTTPS,1.0,<*> open through proxy socks.cse.cuhk.edu.hk<*> SOCKS5,0.672,"<*> error : Could not connect through proxy proxy.cse.cuhk.edu.hk<*> - Proxy server cannot establish a connection with the target, status code <*>",0.5294,7.72,8
227,"<*> close, 6044 bytes (<*> <*>) sent, 22964 bytes (<*> <*>) received, lifetime <*>",partial,"<*> close, <*> bytes sent<*> KB<*> <*> received<*> <*> received<*> <*> received<*> lifetime <*>",0.9882,<*> open through proxy socks.cse.cuhk.edu.hk<*> SOCKS5,0.1417,tcpconn<*> error : A connection request was canceled before the completion.,0.1374,9.05,8
228,"<*> close, 909 bytes sent, 12593 bytes (<*> <*>) received, lifetime <*>",partial,"<*> close, <*> bytes sent<*> KB<*> <*> received<*> <*> received<*> <*> received<*> lifetime <*>",0.9884,<*> open through proxy socks.cse.cuhk.edu.hk<*> SOCKS5,0.1208,tcpconn<*> error : A connection request was canceled before the completion.,0.1093,8.52,8
229,"<*> error : Could not connect through proxy <*> - Proxy server cannot establish a connection with the target, status code 503",partial,"<*> error : Could not connect through proxy proxy.cse.cuhk.edu.hk<*> - Proxy server cannot establish a connection with the target, status code <*>",0.9284,<*> error : Could not connect <*> proxy proxy.cse.cuhk.edu.hk<*> - <*>,0.8242,awqiizxequsixgr:80 error : Could not connect to proxy proxy.cse.cuhk.edu.hk<*> - Could not resolve proxy.cse.cuhk.edu.hk<*> error <*>,0.6417,8.63,8
230,"<*> error : Could not connect through proxy <*> - Proxy server cannot establish a connection with the target, status code 503",partial,"<*> error : Could not connect through proxy proxy.cse.cuhk.edu.hk<*> - Proxy server cannot establish a connection with the target, status code <*>",0.9363,<*> error : Could not connect <*> proxy proxy.cse.cuhk.edu.hk<*> - <*>,0.8242,awqiizxequsixgr:80 error : Could not connect to proxy proxy.cse.cuhk.edu.hk<*> - Could not resolve proxy.cse.cuhk.edu.hk<*> error <*>,0.6417,8.43,8
231,<*> open through proxy <*> HTTPS,exact,proxy.cse.cuhk.edu.hk<*> open through proxy proxy.cse.cuhk.edu.hk<*> HTTPS,1.0,<*> open through proxy socks.cse.cuhk.edu.hk<*> SOCKS5,0.672,"<*> error : Could not connect through proxy proxy.cse.cuhk.edu.hk<*> - Proxy server cannot establish a connection with the target, status code <*>",0.5277,7.8,8
232,<*> open through proxy <*> HTTPS,exact,proxy.cse.cuhk.edu.hk<*> open through proxy proxy.cse.cuhk.edu.hk<*> HTTPS,1.0,<*> open through proxy socks.cse.cuhk.edu.hk<*> SOCKS5,0.672,"<*> error : Could not connect through proxy proxy.cse.cuhk.edu.hk<*> - Proxy server cannot establish a connection with the target, status code <*>",0.5277,7.73,8
233,"<*> close, 1383 bytes (<*> <*>) sent, 392 bytes received, lifetime <*>",partial,"<*> close, <*> bytes sent<*> KB<*> <*> received<*> <*> received<*> <*> received<*> lifetime <*>",0.9891,tcpconn<*> error : A connection request was canceled before the completion.,0.1545,<*> open through proxy socks.cse.cuhk.edu.hk<*> SOCKS5,0.1341,8.63,8
234,"<*> close, 735 bytes sent, 184 bytes received, lifetime <*>",partial,"<*> close, <*> bytes sent<*> KB<*> <*> received<*> <*> received<*> <*> received<*> lifetime <*>",0.9773,tcpconn<*> error : A connection request was canceled before the completion.,0.1797,<*> open through proxy socks.cse.cuhk.edu.hk<*> SOCKS5,0.176,8.08,8
235,<*> open through proxy <*> HTTPS,exact,proxy.cse.cuhk.edu.hk<*> open through proxy proxy.cse.cuhk.edu.hk<*> HTTPS,1.0,<*> open through proxy socks.cse.cuhk.edu.hk<*> SOCKS5,0.672,"<*> error : Could not connect through proxy proxy.cse.cuhk.edu.hk<*> - Proxy server cannot establish a connection with the target, status code <*>",0.5277,7.81,8
236,"<*> close, 1065 bytes (<*> <*>) sent, 311 bytes received, lifetime <*>",partial,"<*> close, <*> bytes sent<*> KB<*> <*> received<*> <*> received<*> <*> received<*> lifetime <*>",0.9876,tcpconn<*> error : A connection request was canceled before the completion.,0.1337,<*> open through proxy socks.cse.cuhk.edu.hk<*> SOCKS5,0.1178,8.45,8
237,<*> open through proxy <*> HTTPS,exact,proxy.cse.cuhk.edu.hk<*> open through proxy proxy.cse.cuhk.edu.hk<*> HTTPS,1.0,<*> open through proxy socks.cse.cuhk.edu.hk<*> SOCKS5,0.672,"<*> error : Could not connect through proxy proxy.cse.cuhk.edu.hk<*> - Proxy server cannot establish a connection with the target, status code <*>",0.5277,7.75,8
238,"<*> close, 1571 bytes (<*> <*>) sent, 7822 bytes (<*> <*>) received, lifetime <*>",partial,"<*> close, <*> bytes sent<*> KB<*> <*> received<*> <*> received<*> <*> received<*> lifetime <*>",0.9792,tcpconn<*> error : A connection request was canceled before the completion.,0.1134,<*> open through proxy socks.cse.cuhk.edu.hk<*> SOCKS5,0.0966,8.81,8
239,<*> open through proxy <*> HTTPS,exact,proxy.cse.cuhk.edu.hk<*> open through proxy proxy.cse.cuhk.edu.hk<*> HTTPS,1.0,<*> open through proxy socks.cse.cuhk.edu.hk<*> SOCKS5,0.672,"<*> error : Could not connect through proxy proxy.cse.cuhk.edu.hk<*> - Proxy server cannot establish a connection with the target, status code <*>",0.5277,7.92,8
240,<*> open through proxy <*> HTTPS,exact,proxy.cse.cuhk.edu.hk<*> open through proxy proxy.cse.cuhk.edu.hk<*> HTTPS,1.0,<*> open through proxy socks.cse.cuhk.edu.hk<*> SOCKS5,0.672,"<*> error : Could not connect through proxy proxy.cse.cuhk.edu.hk<*> - Proxy server cannot establish a connection with the target, status code <*>",0.5277,7.88,8
241,"<*> close, 425 bytes sent, 161 bytes received, lifetime <*>",partial,"<*> close, <*> bytes sent<*> KB<*> <*> received<*> <*> received<*> <*> received<*> lifetime <*>",0.9711,tcpconn<*> error : A connection request was canceled before the completion.,0.1802,<*> open through proxy socks.cse.cuhk.edu.hk<*> SOCKS5,0.1659,8.0,8
242,<*> open through proxy <*> HTTPS,exact,proxy.cse.cuhk.edu.hk<*> open through proxy proxy.cse.cuhk.edu.hk<*> HTTPS,1.0,<*> open through proxy socks.cse.cuhk.edu.hk<*> SOCKS5,0.672,"<*> error : Could not connect through proxy proxy.cse.cuhk.edu.hk<*> - Proxy server cannot establish a connection with the target, status code <*>",0.5277,7.58,8
243,<*> open through proxy <*> HTTPS,exact,proxy.cse.cuhk.edu.hk<*> open through proxy proxy.cse.cuhk.edu.hk<*> HTTPS,1.0,<*> open through proxy socks.cse.cuhk.edu.hk<*> SOCKS5,0.672,"<*> error : Could not connect through proxy proxy.cse.cuhk.edu.hk<*> - Proxy server cannot establish a connection with the target, status code <*>",0.5277,7.73,8
244,"<*> close, 733 bytes sent, 151 bytes received, lifetime <*>",partial,"<*> close, <*> bytes sent<*> KB<*> <*> received<*> <*> received<*> <*> received<*> lifetime <*>",0.9731,tcpconn<*> error : A connection request was canceled before the completion.,0.1839,<*> open through proxy socks.cse.cuhk.edu.hk<*> SOCKS5,0.1747,8.1,8
245,"<*> close, 0 bytes sent, 0 bytes received, lifetime <*>",partial,"<*> close, <*> bytes sent<*> KB<*> <*> received<*> <*> received<*> <*> received<*> lifetime <*>",0.8869,<*> open through proxy socks.cse.cuhk.edu.hk<*> SOCKS5,0.226,tcpconn<*> error : A connection request was canceled before the completion.,0.2168,9.66,8
246,"<*> close, 6014 bytes (<*> <*>) sent, 904350 bytes (883 <*>) received, lifetime <*>",partial,"<*> close, <*> bytes sent<*> KB<*> <*> received<*> <*> received<*> <*> received<*> lifetime <*>",0.9816,tcpconn<*> error : A connection request was canceled before the completion.,0.1146,<*> open through proxy socks.cse.cuhk.edu.hk<*> SOCKS5,0.1072,30.26,8
247,"<*> close, 463 bytes sent, 4787 bytes (<*> <*>) received, lifetime <*>",partial,"<*> close, <*> bytes sent<*> KB<*> <*> received<*> <*> received<*> <*> received<*> lifetime <*>",0.9857,<*> open through proxy socks.cse.cuhk.edu.hk<*> SOCKS5,0.102,tcpconn<*> error : A connection request was canceled before the completion.,0.0963,24.09,8
248,"<*> close, 494 bytes sent, 208 bytes received, lifetime <*>",partial,"<*> close, <*> bytes sent<*> KB<*> <*> received<*> <*> received<*> <*> received<*> lifetime <*>",0.971,tcpconn<*> error : A connection request was canceled before the completion.,0.1843,<*> open through proxy socks.cse.cuhk.edu.hk<*> SOCKS5,0.1752,40.49,8
249,<*> open through proxy <*> HTTPS,exact,proxy.cse.cuhk.edu.hk<*> open through proxy proxy.cse.cuhk.edu.hk<*> HTTPS,1.0,<*> open through proxy socks.cse.cuhk.edu.hk<*> SOCKS5,0.672,"<*> error : Could not connect through proxy proxy.cse.cuhk.edu.hk<*> - Proxy server cannot establish a connection with the target, status code <*>",0.5277,25.74,8
250,"<*> close, 0 bytes sent, 0 bytes received, lifetime <*>",partial,"<*> close, <*> bytes sent<*> KB<*> <*> received<*> <*> received<*> <*> received<*> lifetime <*>",0.8871,<*> open through proxy socks.cse.cuhk.edu.hk<*> SOCKS5,0.226,tcpconn<*> error : A connection request was canceled before the completion.,0.2168,34.36,8
251,"<*> close, 2487 bytes (<*> <*>) sent, 2361 bytes (<*> <*>) received, lifetime <*>",partial,"<*> close, <*> bytes sent<*> KB<*> <*> received<*> <*> received<*> <*> received<*> lifetime <*>",0.987,tcpconn<*> error : A connection request was canceled before the completion.,0.1349,<*> open through proxy socks.cse.cuhk.edu.hk<*> SOCKS5,0.1157,23.94,8
252,"<*> close, 1573 bytes (<*> <*>) sent, 16743 bytes (<*> <*>) received, lifetime <*>",partial,"<*> close, <*> bytes sent<*> KB<*> <*> received<*> <*> received<*> <*> received<*> lifetime <*>",0.9819,tcpconn<*> error : A connection request was canceled before the completion.,0.1275,<*> open through proxy socks.cse.cuhk.edu.hk<*> SOCKS5,0.1201,41.81,8
253,"<*> close, 5129 bytes (<*> <*>) sent, 17057 bytes (<*> <*>) received, lifetime <*>",partial,"<*> close, <*> bytes sent<*> KB<*> <*> received<*> <*> received<*> <*> received<*> lifetime <*>",0.9874,tcpconn<*> error : A connection request was canceled before the completion.,0.1489,<*> open through proxy socks.cse.cuhk.edu.hk<*> SOCKS5,0.1334,32.66,8
254,"<*> close, 733 bytes sent, 292 bytes received, lifetime <*>",partial,"<*> close, <*> bytes sent<*> KB<*> <*> received<*> <*> received<*> <*> received<*> lifetime <*>",0.9737,tcpconn<*> error : A connection request was canceled before the completion.,0.1801,<*> open through proxy socks.cse.cuhk.edu.hk<*> SOCKS5,0.1546,25.35,8
255,"<*> close, 0 bytes sent, 0 bytes received, lifetime <*>",partial,"<*> close, <*> bytes sent<*> KB<*> <*> received<*> <*> received<*> <*> received<*> lifetime <*>",0.8872,<*> open through proxy socks.cse.cuhk.edu.hk<*> SOCKS5,0.226,tcpconn<*> error : A connection request was canceled before the completion.,0.2168,24.64,8
256,<*> open through proxy <*> HTTPS,exact,proxy.cse.cuhk.edu.hk<*> open through proxy proxy.cse.cuhk.edu.hk<*> HTTPS,1.0,<*> open through proxy socks.cse.cuhk.edu.hk<*> SOCKS5,0.672,"<*> error : Could not connect through proxy proxy.cse.cuhk.edu.hk<*> - Proxy server cannot establish a connection with the target, status code <*>",0.5277,33.06,8
257,"<*> close, 1537 bytes (<*> <*>) sent, 7856 bytes (<*> <*>) received, lifetime <*>",partial,"<*> close, <*> bytes sent<*> KB<*> <*> received<*> <*> received<*> <*> received<*> lifetime <*>",0.9823,tcpconn<*> error : A connection request was canceled before the completion.,0.1198,<*> open through proxy socks.cse.cuhk.edu.hk<*> SOCKS5,0.1057,24.19,8
258,"<*> close, 799 bytes sent, 346 bytes received, lifetime <*>",partial,"<*> close, <*> bytes sent<*> KB<*> <*> received<*> <*> received<*> <*> received<*> lifetime <*>",0.98,tcpconn<*> error : A connection request was canceled before the completion.,0.1667,<*> open through proxy socks.cse.cuhk.edu.hk<*> SOCKS5,0.1585,8.32,8
259,<*> open through proxy <*> HTTPS,exact,proxy.cse.cuhk.edu.hk<*> open through proxy proxy.cse.cuhk.edu.hk<*> HTTPS,1.0,<*> open through proxy socks.cse.cuhk.edu.hk<*> SOCKS5,0.672,"<*> error : Could not connect through proxy proxy.cse.cuhk.edu.hk<*> - Proxy server cannot establish a connection with the target, status code <*>",0.5277,7.72,8
260,"<*> close, 441 bytes sent, 139 bytes received, lifetime <*>",partial,"<*> close, <*> bytes sent<*> KB<*> <*> received<*> <*> received<*> <*> received<*> lifetime <*>",0.9529,tcpconn<*> error : A connection request was canceled before the completion.,0.2096,<*> open through proxy socks.cse.cuhk.edu.hk<*> SOCKS5,0.1723,8.14,8
261,"<*> close, 0 bytes sent, 0 bytes received, lifetime <*>",partial,"<*> close, <*> bytes sent<*> KB<*> <*> received<*> <*> received<*> <*> received<*> lifetime <*>",0.8874,<*> open through proxy socks.cse.cuhk.edu.hk<*> SOCKS5,0.226,tcpconn<*> error : A connection request was canceled before the completion.,0.2168,8.02,8
262,"<*> close, 696 bytes sent, 5004 bytes (<*> <*>) received, lifetime <*>",partial,"<*> close, <*> bytes sent<*> KB<*> <*> received<*> <*> received<*> <*> received<*> lifetime <*>",0.9874,<*> open through proxy socks.cse.cuhk.edu.hk<*> SOCKS5,0.1268,tcpconn<*> error : A connection request was canceled before the completion.,0.1164,8.52,8
263,<*> open through proxy <*> HTTPS,exact,proxy.cse.cuhk.edu.hk<*> open through proxy proxy.cse.cuhk.edu.hk<*> HTTPS,1.0,<*> open through proxy socks.cse.cuhk.edu.hk<*> SOCKS5,0.672,"<*> error : Could not connect through proxy proxy.cse.cuhk.edu.hk<*> - Proxy server cannot establish a connection with the target, status code <*>",0.5277,7.65,8
264,"<*> close, 170 bytes sent, 370 bytes received, lifetime <*>",partial,"<*> close, <*> bytes sent<*> KB<*> <*> received<*> <*> received<*> <*> received<*> lifetime <*>",0.9672,tcpconn<*> error : A connection request was canceled before the completion.,0.1825,<*> open through proxy socks.cse.cuhk.edu.hk<*> SOCKS5,0.1636,7.99,8
265,"<*> close, 4837 bytes (<*> <*>) sent, 7412 bytes (<*> <*>) received, lifetime <*>",partial,"<*> close, <*> bytes sent<*> KB<*> <*> received<*> <*> received<*> <*> received<*> lifetime <*>",0.9799,tcpconn<*> error : A connection request was canceled before the completion.,0.0988,<*> open through proxy socks.cse.cuhk.edu.hk<*> SOCKS5,0.0982,8.82,8
266,<*> open through proxy <*> HTTPS,exact,proxy.cse.cuhk.edu.hk<*> open through proxy proxy.cse.cuhk.edu.hk<*> HTTPS,1.0,<*> open through proxy socks.cse.cuhk.edu.hk<*> SOCKS5,0.672,"<*> error : Could not connect through proxy proxy.cse.cuhk.edu.hk<*> - Proxy server cannot establish a connection with the target, status code <*>",0.5277,7.88,8
267,<*> open through proxy <*> HTTPS,exact,proxy.cse.cuhk.edu.hk<*> open through proxy proxy.cse.cuhk.edu.hk<*> HTTPS,1.0,<*> open through proxy socks.cse.cuhk.edu.hk<*> SOCKS5,0.672,"<*> error : Could not connect through proxy proxy.cse.cuhk.edu.hk<*> - Proxy server cannot establish a connection with the target, status code <*>",0.5277,7.7,8
268,<*> open through proxy <*> HTTPS,exact,proxy.cse.cuhk.edu.hk<*> open through proxy proxy.cse.cuhk.edu.hk<*> HTTPS,1.0,<*> open through proxy socks.cse.cuhk.edu.hk<*> SOCKS5,0.672,"<*> error : Could not connect through proxy proxy.cse.cuhk.edu.hk<*> - Proxy server cannot establish a connection with the target, status code <*>",0.5277,7.7,8
269,<*> open through proxy <*> HTTPS,exact,proxy.cse.cuhk.edu.hk<*> open through proxy proxy.cse.cuhk.edu.hk<*> HTTPS,1.0,<*> open through proxy socks.cse.cuhk.edu.hk<*> SOCKS5,0.672,"<*> error : Could not connect through proxy proxy.cse.cuhk.edu.hk<*> - Proxy server cannot establish a connection with the target, status code <*>",0.5277,7.68,8
270,"<*> close, 465 bytes sent, 4790 bytes (<*> <*>) received, lifetime <*>",partial,"<*> close, <*> bytes sent<*> KB<*> <*> received<*> <*> received<*> <*> received<*> lifetime <*>",0.9818,<*> open through proxy socks.cse.cuhk.edu.hk<*> SOCKS5,0.1017,tcpconn<*> error : A connection request was canceled before the completion.,0.089,8.73,8
271,"<*> close, 3218 bytes (<*> <*>) sent, 24541 bytes (<*> <*>) received, lifetime <*>",partial,"<*> close, <*> bytes sent<*> KB<*> <*> received<*> <*> received<*> <*> received<*> lifetime <*>",0.9872,tcpconn<*> error : A connection request was canceled before the completion.,0.1299,<*> open through proxy socks.cse.cuhk.edu.hk<*> SOCKS5,0.1215,9.01,8
272,"<*> close, 1736 bytes (<*> <*>) sent, 1052 bytes (<*> <*>) received, lifetime <*>",partial,"<*> close, <*> bytes sent<*> KB<*> <*> received<*> <*> received<*> <*> received<*> lifetime <*>",0.9728,tcpconn<*> error : A connection request was canceled before the completion.,0.1318,<*> open through proxy socks.cse.cuhk.edu.hk<*> SOCKS5,0.1173,8.91,8
273,"<*> close, 1106 bytes (<*> <*>) sent, 1167 bytes (<*> <*>) received, lifetime <*>",partial,"<*> close, <*> bytes sent<*> KB<*> <*> received<*> <*> received<*> <*> received<*> lifetime <*>",0.9747,tcpconn<*> error : A connection request was canceled before the completion.,0.1065,<*> open through proxy socks.cse.cuhk.edu.hk<*> SOCKS5,0.1043,8.96,8
274,"<*> close, 494 bytes sent, 208 bytes received, lifetime <*>",partial,"<*> close, <*> bytes sent<*> KB<*> <*> received<*> <*> received<*> <*> received<*> lifetime <*>",0.9711,tcpconn<*> error : A connection request was canceled before the completion.,0.1843,<*> open through proxy socks.cse.cuhk.edu.hk<*> SOCKS5,0.1752,8.27,8
275,"<*> close, 0 bytes sent, 0 bytes received, lifetime <*>",partial,"<*> close, <*> bytes sent<*> KB<*> <*> received<*> <*> received<*> <*> received<*> lifetime <*>",0.8875,<*> open through proxy socks.cse.cuhk.edu.hk<*> SOCKS5,0.226,tcpconn<*> error : A connection request was canceled before the completion.,0.2168,8.68,8
276,<*> open through proxy <*> HTTPS,exact,proxy.cse.cuhk.edu.hk<*> open through proxy proxy.cse.cuhk.edu.hk<*> HTTPS,1.0,<*> open through proxy socks.cse.cuhk.edu.hk<*> SOCKS5,0.672,"<*> error : Could not connect through proxy proxy.cse.cuhk.edu.hk<*> - Proxy server cannot establish a connection with the target, status code <*>",0.5277,8.29,8
277,<*> open through proxy <*> HTTPS,exact,proxy.cse.cuhk.edu.hk<*> open through proxy proxy.cse.cuhk.edu.hk<*> HTTPS,1.0,<*> open through proxy socks.cse.cuhk.edu.hk<*> SOCKS5,0.672,"<*> error : Could not connect through proxy proxy.cse.cuhk.edu.hk<*> - Proxy server cannot establish a connection with the target, status code <*>",0.5277,8.08,8
278,"<*> error : Could not connect through proxy <*> - Proxy server cannot establish a connection with the target, status code 403",partial,"<*> error : Could not connect through proxy proxy.cse.cuhk.edu.hk<*> - Proxy server cannot establish a connection with the target, status code <*>",0.9819,<*> error : Could not connect <*> proxy proxy.cse.cuhk.edu.hk<*> - <*>,0.821,awqiizxequsixgr:80 error : Could not connect to proxy proxy.cse.cuhk.edu.hk<*> - Could not resolve proxy.cse.cuhk.edu.hk<*> error <*>,0.6485,8.56,8
279,<*> open through proxy <*> HTTPS,exact,proxy.cse.cuhk.edu.hk<*> open through proxy proxy.cse.cuhk.edu.hk<*> HTTPS,1.0,<*> open through proxy socks.cse.cuhk.edu.hk<*> SOCKS5,0.672,"<*> error : Could not connect through proxy proxy.cse.cuhk.edu.hk<*> - Proxy server cannot establish a connection with the target, status code <*>",0.5282,7.7,8
280,"<*> close, 461 bytes sent, 4217 bytes (<*> <*>) received, lifetime <*>",partial,"<*> close, <*> bytes sent<*> KB<*> <*> received<*> <*> received<*> <*> received<*> lifetime <*>",0.9861,<*> open through proxy socks.cse.cuhk.edu.hk<*> SOCKS5,0.0984,tcpconn<*> error : A connection request was canceled before the completion.,0.0902,8.51,8
281,"<*> close, 471 bytes sent, 4694 bytes (<*> <*>) received, lifetime <*>",partial,"<*> close, <*> bytes sent<*> KB<*> <*> received<*> <*> received<*> <*> received<*> lifetime <*>",0.985,<*> open through proxy socks.cse.cuhk.edu.hk<*> SOCKS5,0.1044,tcpconn<*> error : A connection request was canceled before the completion.,0.0924,8.96,8
282,<*> open through proxy <*> HTTPS,exact,proxy.cse.cuhk.edu.hk<*> open through proxy proxy.cse.cuhk.edu.hk<*> HTTPS,1.0,<*> open through proxy socks.cse.cuhk.edu.hk<*> SOCKS5,0.672,"<*> error : Could not connect through proxy proxy.cse.cuhk.edu.hk<*> - Proxy server cannot establish a connection with the target, status code <*>",0.5282,8.11,8
283,"<*> close, 17742 bytes (<*> <*>) sent, 11581393 bytes (<*> <*>) received, lifetime <*>",partial,"<*> close, <*> bytes sent<*> KB<*> <*> received<*> <*> received<*> <*> received<*> lifetime <*>",0.9572,tcpconn<*> error : A connection request was canceled before the completion.,0.0819,<*> open through proxy socks.cse.cuhk.edu.hk<*> SOCKS5,0.081,9.24,8
284,<*> open through proxy <*> HTTPS,exact,proxy.cse.cuhk.edu.hk<*> open through proxy proxy.cse.cuhk.edu.hk<*> HTTPS,1.0,<*> open through proxy socks.cse.cuhk.edu.hk<*> SOCKS5,0.672,"<*> error : Could not connect through proxy proxy.cse.cuhk.edu.hk<*> - Proxy server cannot establish a connection with the target, status code <*>",0.5282,7.83,8
285,<*> open through proxy <*> HTTPS,exact,proxy.cse.cuhk.edu.hk<*> open through proxy proxy.cse.cuhk.edu.hk<*> HTTPS,1.0,<*> open through proxy socks.cse.cuhk.edu.hk<*> SOCKS5,0.672,"<*> error : Could not connect through proxy proxy.cse.cuhk.edu.hk<*> - Proxy server cannot establish a connection with the target, status code <*>",0.5282,7.95,8
286,<*> open through proxy <*> HTTPS,exact,proxy.cse.cuhk.edu.hk<*> open through proxy proxy.cse.cuhk.edu.hk<*> HTTPS,1.0,<*> open through proxy socks.cse.cuhk.edu.hk<*> SOCKS5,0.672,"<*> error : Could not connect through proxy proxy.cse.cuhk.edu.hk<*> - Proxy server cannot establish a connection with the target, status code <*>",0.5282,7.99,8
287,<*> open through proxy <*> HTTPS,exact,proxy.cse.cuhk.edu.hk<*> open through proxy proxy.cse.cuhk.edu.hk<*> HTTPS,1.0,<*> open through proxy socks.cse.cuhk.edu.hk<*> SOCKS5,0.672,"<*> error : Could not connect through proxy proxy.cse.cuhk.edu.hk<*> - Proxy server cannot establish a connection with the target, status code <*>",0.5282,8.04,8
288,"<*> close, 1173 bytes (<*> <*>) sent, 11041 bytes (<*> <*>) received, lifetime <*>",partial,"<*> close, <*> bytes sent<*> KB<*> <*> received<*> <*> received<*> <*> received<*> lifetime <*>",0.972,tcpconn<*> error : A connection request was canceled before the completion.,0.1215,<*> open through proxy socks.cse.cuhk.edu.hk<*> SOCKS5,0.106,9.16,8
289,"<*> close, 983 bytes sent, 4752 bytes (<*> <*>) received, lifetime <*>",partial,"<*> close, <*> bytes sent<*> KB<*> <*> received<*> <*> received<*> <*> received<*> lifetime <*>",0.9821,<*> open through proxy socks.cse.cuhk.edu.hk<*> SOCKS5,0.1056,tcpconn<*> error : A connection request was canceled before the completion.,0.0899,8.55,8
290,<*> open through proxy <*> HTTPS,exact,proxy.cse.cuhk.edu.hk<*> open through proxy proxy.cse.cuhk.edu.hk<*> HTTPS,1.0,<*> open through proxy socks.cse.cuhk.edu.hk<*> SOCKS5,0.672,"<*> error : Could not connect through proxy proxy.cse.cuhk.edu.hk<*> - Proxy server cannot establish a connection with the target, status code <*>",0.5282,7.73,8
291,<*> open through proxy <*> HTTPS,exact,proxy.cse.cuhk.edu.hk<*> open through proxy proxy.cse.cuhk.edu.hk<*> HTTPS,1.0,<*> open through proxy socks.cse.cuhk.edu.hk<*> SOCKS5,0.672,"<*> error : Could not connect through proxy proxy.cse.cuhk.edu.hk<*> - Proxy server cannot establish a connection with the target, status code <*>",0.5282,7.75,8
292,"<*> close, 1021 bytes sent, 4906 bytes (<*> <*>) received, lifetime <*>",partial,"<*> close, <*> bytes sent<*> KB<*> <*> received<*> <*> received<*> <*> received<*> lifetime <*>",0.9879,<*> open through proxy socks.cse.cuhk.edu.hk<*> SOCKS5,0.1313,tcpconn<*> error : A connection request was canceled before the completion.,0.1236,8.58,8
293,"<*> close, 494 bytes sent, 208 bytes received, lifetime <*>",partial,"<*> close, <*> bytes sent<*> KB<*> <*> received<*> <*> received<*> <*> received<*> lifetime <*>",0.9711,tcpconn<*> error : A connection request was canceled before the completion.,0.1843,<*> open through proxy socks.cse.cuhk.edu.hk<*> SOCKS5,0.1752,8.13,8
294,"<*> close, 2553 bytes (<*> <*>) sent, 641 bytes received, lifetime <*>",partial,"<*> close, <*> bytes sent<*> KB<*> <*> received<*> <*> received<*> <*> received<*> lifetime <*>",0.9672,<*> open through proxy socks.cse.cuhk.edu.hk<*> SOCKS5,0.1871,tcpconn<*> error : A connection request was canceled before the completion.,0.1831,8.45,8
295,"<*> close, 7886 bytes (<*> <*>) sent, 69275 bytes (<*> <*>) received, lifetime <*>",partial,"<*> close, <*> bytes sent<*> KB<*> <*> received<*> <*> received<*> <*> received<*> lifetime <*>",0.9839,tcpconn<*> error : A connection request was canceled before the completion.,0.1102,<*> open through proxy socks.cse.cuhk.edu.hk<*> SOCKS5,0.1024,8.98,8
296,<*> open through proxy <*> HTTPS,exact,proxy.cse.cuhk.edu.hk<*> open through proxy proxy.cse.cuhk.edu.hk<*> HTTPS,1.0,<*> open through proxy socks.cse.cuhk.edu.hk<*> SOCKS5,0.672,"<*> error : Could not connect through proxy proxy.cse.cuhk.edu.hk<*> - Proxy server cannot establish a connection with the target, status code <*>",0.5282,7.72,8
297,"<*> close, 8439 bytes (<*> <*>) sent, 41643 bytes (<*> <*>) received, lifetime <*>",exact,"<*> close, <*> bytes sent<*> KB<*> <*> received<*> <*> received<*> <*> received<*> lifetime <*>",0.9912,tcpconn<*> error : A connection request was canceled before the completion.,0.1244,<*> open through proxy socks.cse.cuhk.edu.hk<*> SOCKS5,0.1199,8.91,8
298,<*> open through proxy <*> HTTPS,exact,proxy.cse.cuhk.edu.hk<*> open through proxy proxy.cse.cuhk.edu.hk<*> HTTPS,1.0,<*> open through proxy socks.cse.cuhk.edu.hk<*> SOCKS5,0.672,"<*> error : Could not connect through proxy proxy.cse.cuhk.edu.hk<*> - Proxy server cannot establish a connection with the target, status code <*>",0.5282,7.91,8
299,<*> open through proxy <*> HTTPS,exact,proxy.cse.cuhk.edu.hk<*> open through proxy proxy.cse.cuhk.edu.hk<*> HTTPS,1.0,<*> open through proxy socks.cse.cuhk.edu.hk<*> SOCKS5,0.672,"<*> error : Could not connect through proxy proxy.cse.cuhk.edu.hk<*> - Proxy server cannot establish a connection with the target, status code <*>",0.5282,7.68,8
300,<*> open through proxy <*> HTTPS,exact,proxy.cse.cuhk.edu.hk<*> open through proxy proxy.cse.cuhk.edu.hk<*> HTTPS,1.0,<*> open through proxy socks.cse.cuhk.edu.hk<*> SOCKS5,0.672,"<*> error : Could not connect through proxy proxy.cse.cuhk.edu.hk<*> - Proxy server cannot establish a connection with the target, status code <*>",0.5282,7.75,8
301,"<*> close, 2130 bytes (<*> <*>) sent, 1035 bytes (<*> <*>) received, lifetime <*>",partial,"<*> close, <*> bytes sent<*> KB<*> <*> received<*> <*> received<*> <*> received<*> lifetime <*>",0.9887,tcpconn<*> error : A connection request was canceled before the completion.,0.1311,<*> open through proxy socks.cse.cuhk.edu.hk<*> SOCKS5,0.131,8.95,8
302,<*> open through proxy <*> HTTPS,exact,proxy.cse.cuhk.edu.hk<*> open through proxy proxy.cse.cuhk.edu.hk<*> HTTPS,1.0,<*> open through proxy socks.cse.cuhk.edu.hk<*> SOCKS5,0.672,"<*> error : Could not connect through proxy proxy.cse.cuhk.edu.hk<*> - Proxy server cannot establish a connection with the target, status code <*>",0.5282,7.9,8
303,<*> open through proxy <*> HTTPS,exact,proxy.cse.cuhk.edu.hk<*> open through proxy proxy.cse.cuhk.edu.hk<*> HTTPS,1.0,<*> open through proxy socks.cse.cuhk.edu.hk<*> SOCKS5,0.672,"<*> error : Could not connect through proxy proxy.cse.cuhk.edu.hk<*> - Proxy server cannot establish a connection with the target, status code <*>",0.5282,8.45,8
304,<*> open through proxy <*> HTTPS,exact,proxy.cse.cuhk.edu.hk<*> open through proxy proxy.cse.cuhk.edu.hk<*> HTTPS,1.0,<*> open through proxy socks.cse.cuhk.edu.hk<*> SOCKS5,0.672,"<*> error : Could not connect through proxy proxy.cse.cuhk.edu.hk<*> - Proxy server cannot establish a connection with the target, status code <*>",0.5282,9.48,8
305,<*> open through proxy <*> HTTPS,exact,proxy.cse.cuhk.edu.hk<*> open through proxy proxy.cse.cuhk.edu.hk<*> HTTPS,1.0,<*> open through proxy socks.cse.cuhk.edu.hk<*> SOCKS5,0.672,"<*> error : Could not connect through proxy proxy.cse.cuhk.edu.hk<*> - Proxy server cannot establish a connection with the target, status code <*>",0.5282,9.32,8
306,<*> open through proxy <*> HTTPS,exact,proxy.cse.cuhk.edu.hk<*> open through proxy proxy.cse.cuhk.edu.hk<*> HTTPS,1.0,<*> open through proxy socks.cse.cuhk.edu.hk<*> SOCKS5,0.672,"<*> error : Could not connect through proxy proxy.cse.cuhk.edu.hk<*> - Proxy server cannot establish a connection with the target, status code <*>",0.5282,8.35,8
307,"<*> close, 733 bytes sent, 229 bytes received, lifetime <*>",partial,"<*> close, <*> bytes sent<*> KB<*> <*> received<*> <*> received<*> <*> received<*> lifetime <*>",0.9774,tcpconn<*> error : A connection request was canceled before the completion.,0.186,<*> open through proxy socks.cse.cuhk.edu.hk<*> SOCKS5,0.1638,8.18,8
308,"<*> close, 327 bytes sent, 3699 bytes (<*> <*>) received, lifetime <*>",partial,"<*> close, <*> bytes sent<*> KB<*> <*> received<*> <*> received<*> <*> received<*> lifetime <*>",0.9821,<*> open through proxy socks.cse.cuhk.edu.hk<*> SOCKS5,0.0905,tcpconn<*> error : A connection request was canceled before the completion.,0.0889,8.53,8
309,"<*> close, 343 bytes sent, 3122 bytes (<*> <*>) received, lifetime <*>",partial,"<*> close, <*> bytes sent<*> KB<*> <*> received<*> <*> received<*> <*> received<*> lifetime <*>",0.9824,<*> open through proxy socks.cse.cuhk.edu.hk<*> SOCKS5,0.1006,tcpconn<*> error : A connection request was canceled before the completion.,0.0881,9.22,8
310,<*> open through proxy <*> HTTPS,exact,proxy.cse.cuhk.edu.hk<*> open through proxy proxy.cse.cuhk.edu.hk<*> HTTPS,1.0,<*> open through proxy socks.cse.cuhk.edu.hk<*> SOCKS5,0.672,"<*> error : Could not connect through proxy proxy.cse.cuhk.edu.hk<*> - Proxy server cannot establish a connection with the target, status code <*>",0.5282,7.83,8
311,"<*> close, 13303 bytes (<*> <*>) sent, 2325 bytes (<*> <*>) received, lifetime <*>",partial,"<*> close, <*> bytes sent<*> KB<*> <*> received<*> <*> received<*> <*> received<*> lifetime <*>",0.9867,<*> open through proxy socks.cse.cuhk.edu.hk<*> SOCKS5,0.1336,tcpconn<*> error : A connection request was canceled before the completion.,0.1322,9.12,8
312,"<*> close, 3732 bytes (<*> <*>) sent, 804155 bytes (785 <*>) received, lifetime <*>",partial,"<*> close, <*> bytes sent<*> KB<*> <*> received<*> <*> received<*> <*> received<*> lifetime <*>",0.9804,tcpconn<*> error : A connection request was canceled before the completion.,0.1502,<*> open through proxy socks.cse.cuhk.edu.hk<*> SOCKS5,0.147,8.95,8
313,<*> open through proxy <*> HTTPS,exact,proxy.cse.cuhk.edu.hk<*> open through proxy proxy.cse.cuhk.edu.hk<*> HTTPS,1.0,<*> open through proxy socks.cse.cuhk.edu.hk<*> SOCKS5,0.672,"<*> error : Could not connect through proxy proxy.cse.cuhk.edu.hk<*> - Proxy server cannot establish a connection with the target, status code <*>",0.5282,7.91,8
314,<*> open through proxy <*> HTTPS,exact,proxy.cse.cuhk.edu.hk<*> open through proxy proxy.cse.cuhk.edu.hk<*> HTTPS,1.0,<*> open through proxy socks.cse.cuhk.edu.hk<*> SOCKS5,0.672,"<*> error : Could not connect through proxy proxy.cse.cuhk.edu.hk<*> - Proxy server cannot establish a connection with the target, status code <*>",0.5282,7.7,8
315,<*> open through proxy <*> HTTPS,exact,proxy.cse.cuhk.edu.hk<*> open through proxy proxy.cse.cuhk.edu.hk<*> HTTPS,1.0,<*> open through proxy socks.cse.cuhk.edu.hk<*> SOCKS5,0.672,"<*> error : Could not connect through proxy proxy.cse.cuhk.edu.hk<*> - Proxy server cannot establish a connection with the target, status code <*>",0.5282,8.02,8
316,"<*> close, 16398 bytes (<*> <*>) sent, 93642 bytes (<*> <*>) received, lifetime <*>",partial,"<*> close, <*> bytes sent<*> KB<*> <*> received<*> <*> received<*> <*> received<*> lifetime <*>",0.9885,<*> open through proxy socks.cse.cuhk.edu.hk<*> SOCKS5,0.1232,tcpconn<*> error : A connection request was canceled before the completion.,0.1109,9.01,8
317,"<*> close, 58373 bytes (<*> <*>) sent, 8896991 bytes (<*> <*>) received, lifetime <*>",partial,"<*> close, <*> bytes sent<*> KB<*> <*> received<*> <*> received<*> <*> received<*> lifetime <*>",0.984,<*> open through proxy socks.cse.cuhk.edu.hk<*> SOCKS5,0.1132,tcpconn<*> error : A connection request was canceled before the completion.,0.105,9.19,8
318,"<*> close, 974 bytes sent, 4680 bytes (<*> <*>) received, lifetime <*>",exact,"<*> close, <*> bytes sent<*> KB<*> <*> received<*> <*> received<*> <*> received<*> lifetime <*>",0.9906,<*> open through proxy socks.cse.cuhk.edu.hk<*> SOCKS5,0.1267,tcpconn<*> error : A connection request was canceled before the completion.,0.1148,8.45,8
319,"<*> close, 9985 bytes (<*> <*>) sent, 9719 bytes (<*> <*>) received, lifetime <*>",partial,"<*> close, <*> bytes sent<*> KB<*> <*> received<*> <*> received<*> <*> received<*> lifetime <*>",0.9863,<*> open through proxy socks.cse.cuhk.edu.hk<*> SOCKS5,0.1229,tcpconn<*> error : A connection request was canceled before the completion.,0.1189,8.95,8
320,"<*> close, 22083 bytes (<*> <*>) sent, 71944 bytes (<*> <*>) received, lifetime <*>",partial,"<*> close, <*> bytes sent<*> KB<*> <*> received<*> <*> received<*> <*> received<*> lifetime <*>",0.9854,<*> open through proxy socks.cse.cuhk.edu.hk<*> SOCKS5,0.1241,tcpconn<*> error : A connection request was canceled before the completion.,0.1129,8.88,8
321,<*> open through proxy <*> HTTPS,exact,proxy.cse.cuhk.edu.hk<*> open through proxy proxy.cse.cuhk.edu.hk<*> HTTPS,1.0,<*> open through proxy socks.cse.cuhk.edu.hk<*> SOCKS5,0.672,"<*> error : Could not connect through proxy proxy.cse.cuhk.edu.hk<*> - Proxy server cannot establish a connection with the target, status code <*>",0.5282,7.85,8
322,<*> open through proxy <*> HTTPS,exact,proxy.cse.cuhk.edu.hk<*> open through proxy proxy.cse.cuhk.edu.hk<*> HTTPS,1.0,<*> open through proxy socks.cse.cuhk.edu.hk<*> SOCKS5,0.672,"<*> error : Could not connect through proxy proxy.cse.cuhk.edu.hk<*> - Proxy server cannot establish a connection with the target, status code <*>",0.5282,7.79,8
323,<*> open through proxy <*> HTTPS,exact,proxy.cse.cuhk.edu.hk<*> open through proxy proxy.cse.cuhk.edu.hk<*> HTTPS,1.0,<*> open through proxy socks.cse.cuhk.edu.hk<*> SOCKS5,0.672,"<*> error : Could not connect through proxy proxy.cse.cuhk.edu.hk<*> - Proxy server cannot establish a connection with the target, status code <*>",0.5282,7.73,8
324,"<*> close, 328 bytes sent, 3642 bytes (<*> <*>) received, lifetime <*>",partial,"<*> close, <*> bytes sent<*> KB<*> <*> received<*> <*> received<*> <*> received<*> lifetime <*>",0.9825,<*> open through proxy socks.cse.cuhk.edu.hk<*> SOCKS5,0.0914,tcpconn<*> error : A connection request was canceled before the completion.,0.0853,8.44,8
325,"<*> close, 335 bytes sent, 4369 bytes (<*> <*>) received, lifetime <*>",partial,"<*> close, <*> bytes sent<*> KB<*> <*> received<*> <*> received<*> <*> received<*> lifetime <*>",0.9873,<*> open through proxy socks.cse.cuhk.edu.hk<*> SOCKS5,0.1103,tcpconn<*> error : A connection request was canceled before the completion.,0.0995,8.42,8
326,"<*> close, 568 bytes sent, 160 bytes received, lifetime <*>",partial,"<*> close, <*> bytes sent<*> KB<*> <*> received<*> <*> received<*> <*> received<*> lifetime <*>",0.954,tcpconn<*> error : A connection request was canceled before the completion.,0.208,<*> open through proxy socks.cse.cuhk.edu.hk<*> SOCKS5,0.2014,8.17,8
327,"<*> close, 357 bytes sent, 484 bytes received, lifetime <*>",partial,"<*> close, <*> bytes sent<*> KB<*> <*> received<*> <*> received<*> <*> received<*> lifetime <*>",0.9784,tcpconn<*> error : A connection request was canceled before the completion.,0.1747,<*> open through proxy socks.cse.cuhk.edu.hk<*> SOCKS5,0.1582,8.05,8
328,<*> open through proxy <*> HTTPS,exact,proxy.cse.cuhk.edu.hk<*> open through proxy proxy.cse.cuhk.edu.hk<*> HTTPS,1.0,<*> open through proxy socks.cse.cuhk.edu.hk<*> SOCKS5,0.672,"<*> error : Could not connect through proxy proxy.cse.cuhk.edu.hk<*> - Proxy server cannot establish a connection with the target, status code <*>",0.5282,7.79,8
329,<*> open through proxy <*> HTTPS,exact,proxy.cse.cuhk.edu.hk<*> open through proxy proxy.cse.cuhk.edu.hk<*> HTTPS,1.0,<*> open through proxy socks.cse.cuhk.edu.hk<*> SOCKS5,0.672,"<*> error : Could not connect through proxy proxy.cse.cuhk.edu.hk<*> - Proxy server cannot establish a connection with the target, status code <*>",0.5282,7.79,8
330,<*> open through proxy <*> HTTPS,exact,proxy.cse.cuhk.edu.hk<*> open through proxy proxy.cse.cuhk.edu.hk<*> HTTPS,1.0,<*> open through proxy socks.cse.cuhk.edu.hk<*> SOCKS5,0.672,"<*> error : Could not connect through proxy proxy.cse.cuhk.edu.hk<*> - Proxy server cannot establish a connection with the target, status code <*>",0.5282,7.71,8
331,"<*> close, 717 bytes sent, 357 bytes received, lifetime <*>",partial,"<*> close, <*> bytes sent<*> KB<*> <*> received<*> <*> received<*> <*> received<*> lifetime <*>",0.9802,tcpconn<*> error : A connection request was canceled before the completion.,0.1568,<*> open through proxy socks.cse.cuhk.edu.hk<*> SOCKS5,0.1321,8.13,8
332,"<*> close, 6579 bytes (<*> <*>) sent, 5944 bytes (<*> <*>) received, lifetime <*>",partial,"<*> close, <*> bytes sent<*> KB<*> <*> received<*> <*> received<*> <*> received<*> lifetime <*>",0.979,tcpconn<*> error : A connection request was canceled before the completion.,0.1105,<*> open through proxy socks.cse.cuhk.edu.hk<*> SOCKS5,0.098,8.97,8
333,<*> open through proxy <*> HTTPS,exact,proxy.cse.cuhk.edu.hk<*> open through proxy proxy.cse.cuhk.edu.hk<*> HTTPS,1.0,<*> open through proxy socks.cse.cuhk.edu.hk<*> SOCKS5,0.672,"<*> error : Could not connect through proxy proxy.cse.cuhk.edu.hk<*> - Proxy server cannot establish a connection with the target, status code <*>",0.5282,7.86,8
334,<*> open through proxy <*> HTTPS,exact,proxy.cse.cuhk.edu.hk<*> open through proxy proxy.cse.cuhk.edu.hk<*> HTTPS,1.0,<*> open through proxy socks.cse.cuhk.edu.hk<*> SOCKS5,0.672,"<*> error : Could not connect through proxy proxy.cse.cuhk.edu.hk<*> - Proxy server cannot establish a connection with the target, status code <*>",0.5282,7.71,8
335,<*> open through proxy <*> HTTPS,exact,proxy.cse.cuhk.edu.hk<*> open through proxy proxy.cse.cuhk.edu.hk<*> HTTPS,1.0,<*> open through proxy socks.cse.cuhk.edu.hk<*> SOCKS5,0.672,"<*> error : Could not connect through proxy proxy.cse.cuhk.edu.hk<*> - Proxy server cannot establish a connection with the target, status code <*>",0.5282,7.69,8
336,<*> open through proxy <*> HTTPS,exact,proxy.cse.cuhk.edu.hk<*> open through proxy proxy.cse.cuhk.edu.hk<*> HTTPS,1.0,<*> open through proxy socks.cse.cuhk.edu.hk<*> SOCKS5,0.672,"<*> error : Could not connect through proxy proxy.cse.cuhk.edu.hk<*> - Proxy server cannot establish a connection with the target, status code <*>",0.5282,7.58,8
337,"<*> close, 474 bytes sent, 4464 bytes (<*> <*>) received, lifetime <*>",partial,"<*> close, <*> bytes sent<*> KB<*> <*> received<*> <*> received<*> <*> received<*> lifetime <*>",0.9823,<*> open through proxy socks.cse.cuhk.edu.hk<*> SOCKS5,0.1501,tcpconn<*> error : A connection request was canceled before the completion.,0.1482,8.38,8
338,"<*> error : Could not connect through proxy <*> - Proxy server cannot establish a connection with the target, status code 403",partial,"<*> error : Could not connect through proxy proxy.cse.cuhk.edu.hk<*> - Proxy server cannot establish a connection with the target, status code <*>",0.9837,<*> error : Could not connect <*> proxy proxy.cse.cuhk.edu.hk<*> - <*>,0.821,awqiizxequsixgr:80 error : Could not connect to proxy proxy.cse.cuhk.edu.hk<*> - Could not resolve proxy.cse.cuhk.edu.hk<*> error <*>,0.6485,8.34,8
339,<*> open through proxy <*> HTTPS,exact,proxy.cse.cuhk.edu.hk<*> open through proxy proxy.cse.cuhk.edu.hk<*> HTTPS,1.0,<*> open through proxy socks.cse.cuhk.edu.hk<*> SOCKS5,0.672,"<*> error : Could not connect through proxy proxy.cse.cuhk.edu.hk<*> - Proxy server cannot establish a connection with the target, status code <*>",0.5286,7.85,8
340,"<*> close, 40925 bytes (<*> <*>) sent, 33398 bytes (<*> <*>) received, lifetime <*>",exact,"<*> close, <*> bytes sent<*> KB<*> <*> received<*> <*> received<*> <*> received<*> lifetime <*>",0.9902,<*> open through proxy socks.cse.cuhk.edu.hk<*> SOCKS5,0.1298,tcpconn<*> error : A connection request was canceled before the completion.,0.1204,8.96,8
341,"<*> close, 1836 bytes (<*> <*>) sent, 4868 bytes (<*> <*>) received, lifetime <*>",partial,"<*> close, <*> bytes sent<*> KB<*> <*> received<*> <*> received<*> <*> received<*> lifetime <*>",0.9637,tcpconn<*> error : A connection request was canceled before the completion.,0.0967,<*> open through proxy socks.cse.cuhk.edu.hk<*> SOCKS5,0.0823,8.89,8
342,"<*> close, 4710 bytes (<*> <*>) sent, 71939 bytes (<*> <*>) received, lifetime <*>",partial,"<*> close, <*> bytes sent<*> KB<*> <*> received<*> <*> received<*> <*> received<*> lifetime <*>",0.9842,tcpconn<*> error : A connection request was canceled before the completion.,0.1078,<*> open through proxy socks.cse.cuhk.edu.hk<*> SOCKS5,0.1038,9.35,8
343,"<*> close, 1041 bytes (<*> <*>) sent, 607 bytes received, lifetime <*>",exact,"<*> close, <*> bytes sent<*> KB<*> <*> received<*> <*> received<*> <*> received<*> lifetime <*>",0.9931,<*> open through proxy socks.cse.cuhk.edu.hk<*> SOCKS5,0.1274,tcpconn<*> error : A connection request was canceled before the completion.,0.1253,8.51,8
344,<*> error : Could not connect through proxy <*> - Proxy closed the connection unexpectedly.,partial,<*> error : Could not connect <*> proxy proxy.cse.cuhk.edu.hk<*> - <*>,0.8866,"<*> error : Could not connect through proxy proxy.cse.cuhk.edu.hk<*> - Proxy server cannot establish a connection with the target, status code <*>",0.8435,awqiizxequsixgr:80 error : Could not connect to proxy proxy.cse.cuhk.edu.hk<*> - Could not resolve proxy.cse.cuhk.edu.hk<*> error <*>,0.6621,8.4,8
345,<*> error : Could not connect to proxy <*> - Could not resolve <*> error 11001,partial,<*> error : Could not connect <*> proxy proxy.cse.cuhk.edu.hk<*> - <*>,0.9744,"<*> error : Could not connect through proxy proxy.cse.cuhk.edu.hk<*> - Proxy server cannot establish a connection with the target, status code <*>",0.7994,wpad:80 error : Could not connect to proxy proxy.cse.cuhk.edu.hk<*> - Could not resolve proxy.cse.cuhk.edu.hk<*> error <*>,0.7184,8.22,8
346,<*> error : A connection request was canceled before the completion.,exact,tcpconn<*> error : A connection request was canceled before the completion.,1.0,<*> error : Could not connect <*> proxy proxy.cse.cuhk.edu.hk<*> - <*>,0.5908,"<*> error : Could not connect through proxy proxy.cse.cuhk.edu.hk<*> - Proxy server cannot establish a connection with the target, status code <*>",0.5522,7.91,8
347,<*> open through proxy <*> HTTPS,exact,proxy.cse.cuhk.edu.hk<*> open through proxy proxy.cse.cuhk.edu.hk<*> HTTPS,1.0,<*> open through proxy socks.cse.cuhk.edu.hk<*> SOCKS5,0.672,"<*> error : Could not connect through proxy proxy.cse.cuhk.edu.hk<*> - Proxy server cannot establish a connection with the target, status code <*>",0.5286,7.69,8
348,<*> open through proxy <*> HTTPS,exact,proxy.cse.cuhk.edu.hk<*> open through proxy proxy.cse.cuhk.edu.hk<*> HTTPS,1.0,<*> open through proxy socks.cse.cuhk.edu.hk<*> SOCKS5,0.672,"<*> error : Could not connect through proxy proxy.cse.cuhk.edu.hk<*> - Proxy server cannot establish a connection with the target, status code <*>",0.5286,7.6,8
349,<*> open through proxy <*> HTTPS,exact,proxy.cse.cuhk.edu.hk<*> open through proxy proxy.cse.cuhk.edu.hk<*> HTTPS,1.0,<*> open through proxy socks.cse.cuhk.edu.hk<*> SOCKS5,0.672,"<*> error : Could not connect through proxy proxy.cse.cuhk.edu.hk<*> - Proxy server cannot establish a connection with the target, status code <*>",0.5286,7.82,8
350,<*> open through proxy <*> HTTPS,exact,proxy.cse.cuhk.edu.hk<*> open through proxy proxy.cse.cuhk.edu.hk<*> HTTPS,1.0,<*> open through proxy socks.cse.cuhk.edu.hk<*> SOCKS5,0.672,"<*> error : Could not connect through proxy proxy.cse.cuhk.edu.hk<*> - Proxy server cannot establish a connection with the target, status code <*>",0.5286,7.82,8
351,<*> open through proxy <*> HTTPS,exact,proxy.cse.cuhk.edu.hk<*> open through proxy proxy.cse.cuhk.edu.hk<*> HTTPS,1.0,<*> open through proxy socks.cse.cuhk.edu.hk<*> SOCKS5,0.672,"<*> error : Could not connect through proxy proxy.cse.cuhk.edu.hk<*> - Proxy server cannot establish a connection with the target, status code <*>",0.5286,7.76,8
352,<*> open through proxy <*> HTTPS,exact,proxy.cse.cuhk.edu.hk<*> open through proxy proxy.cse.cuhk.edu.hk<*> HTTPS,1.0,<*> open through proxy socks.cse.cuhk.edu.hk<*> SOCKS5,0.672,"<*> error : Could not connect through proxy proxy.cse.cuhk.edu.hk<*> - Proxy server cannot establish a connection with the target, status code <*>",0.5286,7.68,8
353,<*> open through proxy <*> HTTPS,exact,proxy.cse.cuhk.edu.hk<*> open through proxy proxy.cse.cuhk.edu.hk<*> HTTPS,1.0,<*> open through proxy socks.cse.cuhk.edu.hk<*> SOCKS5,0.672,"<*> error : Could not connect through proxy proxy.cse.cuhk.edu.hk<*> - Proxy server cannot establish a connection with the target, status code <*>",0.5286,7.81,8
354,<*> open through proxy <*> HTTPS,exact,proxy.cse.cuhk.edu.hk<*> open through proxy proxy.cse.cuhk.edu.hk<*> HTTPS,1.0,<*> open through proxy socks.cse.cuhk.edu.hk<*> SOCKS5,0.672,"<*> error : Could not connect through proxy proxy.cse.cuhk.edu.hk<*> - Proxy server cannot establish a connection with the target, status code <*>",0.5286,7.78,8
355,<*> open through proxy <*> HTTPS,exact,proxy.cse.cuhk.edu.hk<*> open through proxy proxy.cse.cuhk.edu.hk<*> HTTPS,1.0,<*> open through proxy socks.cse.cuhk.edu.hk<*> SOCKS5,0.672,"<*> error : Could not connect through proxy proxy.cse.cuhk.edu.hk<*> - Proxy server cannot establish a connection with the target, status code <*>",0.5286,7.8,8
356,<*> open through proxy <*> HTTPS,exact,proxy.cse.cuhk.edu.hk<*> open through proxy proxy.cse.cuhk.edu.hk<*> HTTPS,1.0,<*> open through proxy socks.cse.cuhk.edu.hk<*> SOCKS5,0.672,"<*> error : Could not connect through proxy proxy.cse.cuhk.edu.hk<*> - Proxy server cannot establish a connection with the target, status code <*>",0.5286,7.59,8
357,"<*> close, 0 bytes sent, 0 bytes received, lifetime <*>",partial,"<*> close, <*> bytes sent<*> KB<*> <*> received<*> <*> received<*> <*> received<*> lifetime <*>",0.8873,<*> open through proxy socks.cse.cuhk.edu.hk<*> SOCKS5,0.226,tcpconn<*> error : A connection request was canceled before the completion.,0.2168,8.03,8
358,<*> open through proxy <*> HTTPS,exact,proxy.cse.cuhk.edu.hk<*> open through proxy proxy.cse.cuhk.edu.hk<*> HTTPS,1.0,<*> open through proxy socks.cse.cuhk.edu.hk<*> SOCKS5,0.672,"<*> error : Could not connect through proxy proxy.cse.cuhk.edu.hk<*> - Proxy server cannot establish a connection with the target, status code <*>",0.5286,7.69,8
359,"<*> close, 651 bytes sent, 328 bytes received, lifetime <*>",partial,"<*> close, <*> bytes sent<*> KB<*> <*> received<*> <*> received<*> <*> received<*> lifetime <*>",0.9628,tcpconn<*> error : A connection request was canceled before the completion.,0.1892,<*> open through proxy socks.cse.cuhk.edu.hk<*> SOCKS5,0.1838,8.07,8
360,<*> open through proxy <*> HTTPS,exact,proxy.cse.cuhk.edu.hk<*> open through proxy proxy.cse.cuhk.edu.hk<*> HTTPS,1.0,<*> open through proxy socks.cse.cuhk.edu.hk<*> SOCKS5,0.672,"<*> error : Could not connect through proxy proxy.cse.cuhk.edu.hk<*> - Proxy server cannot establish a connection with the target, status code <*>",0.5286,8.03,8
361,<*> open through proxy <*> HTTPS,exact,proxy.cse.cuhk.edu.hk<*> open through proxy proxy.cse.cuhk.edu.hk<*> HTTPS,1.0,<*> open through proxy socks.cse.cuhk.edu.hk<*> SOCKS5,0.672,"<*> error : Could not connect through proxy proxy.cse.cuhk.edu.hk<*> - Proxy server cannot establish a connection with the target, status code <*>",0.5286,7.77,8
362,"<*> close, 671 bytes sent, 328 bytes received, lifetime <*>",partial,"<*> close, <*> bytes sent<*> KB<*> <*> received<*> <*> received<*> <*> received<*> lifetime <*>",0.9702,tcpconn<*> error : A connection request was canceled before the completion.,0.1908,<*> open through proxy socks.cse.cuhk.edu.hk<*> SOCKS5,0.1764,8.21,8
363,"<*> close, 1531 bytes (<*> <*>) sent, 16765 bytes (<*> <*>) received, lifetime <*>",partial,"<*> close, <*> bytes sent<*> KB<*> <*> received<*> <*> received<*> <*> received<*> lifetime <*>",0.9812,tcpconn<*> error : A connection request was canceled before the completion.,0.1195,<*> open through proxy socks.cse.cuhk.edu.hk<*> SOCKS5,0.1083,8.96,8
364,"<*> close, 941 bytes sent, 163 bytes received, lifetime <*>",partial,"<*> close, <*> bytes sent<*> KB<*> <*> received<*> <*> received<*> <*> received<*> lifetime <*>",0.9767,<*> open through proxy socks.cse.cuhk.edu.hk<*> SOCKS5,0.133,tcpconn<*> error : A connection request was canceled before the completion.,0.1243,8.28,8
365,"<*> close, 733 bytes sent, 292 bytes received, lifetime <*>",partial,"<*> close, <*> bytes sent<*> KB<*> <*> received<*> <*> received<*> <*> received<*> lifetime <*>",0.9738,tcpconn<*> error : A connection request was canceled before the completion.,0.1801,<*> open through proxy socks.cse.cuhk.edu.hk<*> SOCKS5,0.1546,7.97,8
366,<*> open through proxy <*> HTTPS,exact,proxy.cse.cuhk.edu.hk<*> open through proxy proxy.cse.cuhk.edu.hk<*> HTTPS,1.0,<*> open through proxy socks.cse.cuhk.edu.hk<*> SOCKS5,0.672,"<*> error : Could not connect through proxy proxy.cse.cuhk.edu.hk<*> - Proxy server cannot establish a connection with the target, status code <*>",0.5286,7.61,8
367,<*> open through proxy <*> HTTPS,exact,proxy.cse.cuhk.edu.hk<*> open through proxy proxy.cse.cuhk.edu.hk<*> HTTPS,1.0,<*> open through proxy socks.cse.cuhk.edu.hk<*> SOCKS5,0.672,"<*> error : Could not connect through proxy proxy.cse.cuhk.edu.hk<*> - Proxy server cannot establish a connection with the target, status code <*>",0.5286,7.71,8
368,<*> open through proxy <*> HTTPS,exact,proxy.cse.cuhk.edu.hk<*> open through proxy proxy.cse.cuhk.edu.hk<*> HTTPS,1.0,<*> open through proxy socks.cse.cuhk.edu.hk<*> SOCKS5,0.672,"<*> error : Could not connect through proxy proxy.cse.cuhk.edu.hk<*> - Proxy server cannot establish a connection with the target, status code <*>",0.5286,7.92,8
369,<*> open through proxy <*> HTTPS,exact,proxy.cse.cuhk.edu.hk<*> open through proxy proxy.cse.cuhk.edu.hk<*> HTTPS,1.0,<*> open through proxy socks.cse.cuhk.edu.hk<*> SOCKS5,0.672,"<*> error : Could not connect through proxy proxy.cse.cuhk.edu.hk<*> - Proxy server cannot establish a connection with the target, status code <*>",0.5286,7.79,8
370,<*> open through proxy <*> HTTPS,exact,proxy.cse.cuhk.edu.hk<*> open through proxy proxy.cse.cuhk.edu.hk<*> HTTPS,1.0,<*> open through proxy socks.cse.cuhk.edu.hk<*> SOCKS5,0.672,"<*> error : Could not connect through proxy proxy.cse.cuhk.edu.hk<*> - Proxy server cannot establish a connection with the target, status code <*>",0.5286,7.77,8
371,"<*> close, 5129 bytes (<*> <*>) sent, 17049 bytes (<*> <*>) received, lifetime <*>",partial,"<*> close, <*> bytes sent<*> KB<*> <*> received<*> <*> received<*> <*> received<*> lifetime <*>",0.9759,tcpconn<*> error : A connection request was canceled before the completion.,0.1362,<*> open through proxy socks.cse.cuhk.edu.hk<*> SOCKS5,0.114,8.96,8
372,"<*> close, 735 bytes sent, 184 bytes received, lifetime <*>",partial,"<*> close, <*> bytes sent<*> KB<*> <*> received<*> <*> received<*> <*> received<*> lifetime <*>",0.9776,tcpconn<*> error : A connection request was canceled before the completion.,0.1797,<*> open through proxy socks.cse.cuhk.edu.hk<*> SOCKS5,0.176,8.2,8
373,"<*> close, 0 bytes sent, 0 bytes received, lifetime <*>",partial,"<*> close, <*> bytes sent<*> KB<*> <*> received<*> <*> received<*> <*> received<*> lifetime <*>",0.8876,<*> open through proxy socks.cse.cuhk.edu.hk<*> SOCKS5,0.226,tcpconn<*> error : A connection request was canceled before the completion.,0.2168,8.13,8
374,<*> open through proxy <*> HTTPS,exact,proxy.cse.cuhk.edu.hk<*> open through proxy proxy.cse.cuhk.edu.hk<*> HTTPS,1.0,<*> open through proxy socks.cse.cuhk.edu.hk<*> SOCKS5,0.672,"<*> error : Could not connect through proxy proxy.cse.cuhk.edu.hk<*> - Proxy server cannot establish a connection with the target, status code <*>",0.5286,7.65,8
375,"<*> close, 545 bytes sent, 278 bytes received, lifetime <*>",partial,"<*> close, <*> bytes sent<*> KB<*> <*> received<*> <*> received<*> <*> received<*> lifetime <*>",0.9655,tcpconn<*> error : A connection request was canceled before the completion.,0.1341,<*> open through proxy socks.cse.cuhk.edu.hk<*> SOCKS5,0.1301,8.09,8
376,<*> open through proxy <*> HTTPS,exact,proxy.cse.cuhk.edu.hk<*> open through proxy proxy.cse.cuhk.edu.hk<*> HTTPS,1.0,<*> open through proxy socks.cse.cuhk.edu.hk<*> SOCKS5,0.672,"<*> error : Could not connect through proxy proxy.cse.cuhk.edu.hk<*> - Proxy server cannot establish a connection with the target, status code <*>",0.5286,8.1,8
377,"<*> close, 8399 bytes (<*> <*>) sent, 9521 bytes (<*> <*>) received, lifetime <*>",partial,"<*> close, <*> bytes sent<*> KB<*> <*> received<*> <*> received<*> <*> received<*> lifetime <*>",0.987,tcpconn<*> error : A connection request was canceled before the completion.,0.1218,<*> open through proxy socks.cse.cuhk.edu.hk<*> SOCKS5,0.1209,8.95,8
378,<*> open through proxy <*> HTTPS,exact,proxy.cse.cuhk.edu.hk<*> open through proxy proxy.cse.cuhk.edu.hk<*> HTTPS,1.0,<*> open through proxy socks.cse.cuhk.edu.hk<*> SOCKS5,0.672,"<*> error : Could not connect through proxy proxy.cse.cuhk.edu.hk<*> - Proxy server cannot establish a connection with the target, status code <*>",0.5286,7.97,8
379,"<*> error : Could not connect through proxy <*> - Proxy server cannot establish a connection with the target, status code 403",partial,"<*> error : Could not connect through proxy proxy.cse.cuhk.edu.hk<*> - Proxy server cannot establish a connection with the target, status code <*>",0.9853,<*> error : Could not connect <*> proxy proxy.cse.cuhk.edu.hk<*> - <*>,0.8221,awqiizxequsixgr:80 error : Could not connect to proxy proxy.cse.cuhk.edu.hk<*> - Could not resolve proxy.cse.cuhk.edu.hk<*> error <*>,0.6485,8.51,8
380,"<*> close, 2214 bytes (<*> <*>) sent, 5451 bytes (<*> <*>) received, lifetime <*>",partial,"<*> close, <*> bytes sent<*> KB<*> <*> received<*> <*> received<*> <*> received<*> lifetime <*>",0.983,tcpconn<*> error : A connection request was canceled before the completion.,0.1215,<*> open through proxy socks.cse.cuhk.edu.hk<*> SOCKS5,0.1047,8.97,8
381,"<*> close, 1821 bytes (<*> <*>) sent, 4970 bytes (<*> <*>) received, lifetime <*>",partial,"<*> close, <*> bytes sent<*> KB<*> <*> received<*> <*> received<*> <*> received<*> lifetime <*>",0.9807,tcpconn<*> error : A connection request was canceled before the completion.,0.1207,<*> open through proxy socks.cse.cuhk.edu.hk<*> SOCKS5,0.0978,8.84,8
382,"<*> close, 6339 bytes (<*> <*>) sent, 3969 bytes (<*> <*>) received, lifetime <*>",partial,"<*> close, <*> bytes sent<*> KB<*> <*> received<*> <*> received<*> <*> received<*> lifetime <*>",0.9857,tcpconn<*> error : A connection request was canceled before the completion.,0.1081,<*> open through proxy socks.cse.cuhk.edu.hk<*> SOCKS5,0.1024,9.09,8
383,"<*> close, 1188 bytes (<*> <*>) sent, 5007 bytes (<*> <*>) received, lifetime <*>",partial,"<*> close, <*> bytes sent<*> KB<*> <*> received<*> <*> received<*> <*> received<*> lifetime <*>",0.9856,tcpconn<*> error : A connection request was canceled before the completion.,0.1228,<*> open through proxy socks.cse.cuhk.edu.hk<*> SOCKS5,0.1174,9.69,8
384,"<*> error : Could not connect through proxy <*> - Proxy server cannot establish a connection with the target, status code 403",partial,"<*> error : Could not connect through proxy proxy.cse.cuhk.edu.hk<*> - Proxy server cannot establish a connection with the target, status code <*>",0.9867,<*> error : Could not connect <*> proxy proxy.cse.cuhk.edu.hk<*> - <*>,0.8221,awqiizxequsixgr:80 error : Could not connect to proxy proxy.cse.cuhk.edu.hk<*> - Could not resolve proxy.cse.cuhk.edu.hk<*> error <*>,0.6485,8.49,8
385,"<*> close, 1738 bytes (<*> <*>) sent, 487 bytes received, lifetime <*>",partial,"<*> close, <*> bytes sent<*> KB<*> <*> received<*> <*> received<*> <*> received<*> lifetime <*>",0.9836,tcpconn<*> error : A connection request was canceled before the completion.,0.141,<*> open through proxy socks.cse.cuhk.edu.hk<*> SOCKS5,0.1267,8.36,8
386,<*> open through proxy <*> HTTPS,exact,proxy.cse.cuhk.edu.hk<*> open through proxy proxy.cse.cuhk.edu.hk<*> HTTPS,1.0,<*> open through proxy socks.cse.cuhk.edu.hk<*> SOCKS5,0.672,"<*> error : Could not connect through proxy proxy.cse.cuhk.edu.hk<*> - Proxy server cannot establish a connection with the target, status code <*>",0.5292,7.84,8
387,"<*> close, 2867 bytes (<*> <*>) sent, 1014 bytes received, lifetime <*>",partial,"<*> close, <*> bytes sent<*> KB<*> <*> received<*> <*> received<*> <*> received<*> lifetime <*>",0.9891,tcpconn<*> error : A connection request was canceled before the completion.,0.1487,<*> open through proxy socks.cse.cuhk.edu.hk<*> SOCKS5,0.1318,8.61,8
388,"<*> close, 691 bytes sent, 184 bytes received, lifetime <*>",partial,"<*> close, <*> bytes sent<*> KB<*> <*> received<*> <*> received<*> <*> received<*> lifetime <*>",0.977,tcpconn<*> error : A connection request was canceled before the completion.,0.1778,<*> open through proxy socks.cse.cuhk.edu.hk<*> SOCKS5,0.1674,8.02,8
389,"<*> close, 0 bytes sent, 0 bytes received, lifetime <*>",partial,"<*> close, <*> bytes sent<*> KB<*> <*> received<*> <*> received<*> <*> received<*> lifetime <*>",0.8876,<*> open through proxy socks.cse.cuhk.edu.hk<*> SOCKS5,0.226,tcpconn<*> error : A connection request was canceled before the completion.,0.2168,8.11,8
390,<*> open through proxy <*> HTTPS,exact,proxy.cse.cuhk.edu.hk<*> open through proxy proxy.cse.cuhk.edu.hk<*> HTTPS,1.0,<*> open through proxy socks.cse.cuhk.edu.hk<*> SOCKS5,0.672,"<*> error : Could not connect through proxy proxy.cse.cuhk.edu.hk<*> - Proxy server cannot establish a connection with the target, status code <*>",0.5292,7.78,8
391,<*> open through proxy <*> HTTPS,exact,proxy.cse.cuhk.edu.hk<*> open through proxy proxy.cse.cuhk.edu.hk<*> HTTPS,1.0,<*> open through proxy socks.cse.cuhk.edu.hk<*> SOCKS5,0.672,"<*> error : Could not connect through proxy proxy.cse.cuhk.edu.hk<*> - Proxy server cannot establish a connection with the target, status code <*>",0.5292,7.78,8
392,<*> open through proxy <*> HTTPS,exact,proxy.cse.cuhk.edu.hk<*> open through proxy proxy.cse.cuhk.edu.hk<*> HTTPS,1.0,<*> open through proxy socks.cse.cuhk.edu.hk<*> SOCKS5,0.672,"<*> error : Could not connect through proxy proxy.cse.cuhk.edu.hk<*> - Proxy server cannot establish a connection with the target, status code <*>",0.5292,7.63,8
393,<*> open through proxy <*> HTTPS,exact,proxy.cse.cuhk.edu.hk<*> open through proxy proxy.cse.cuhk.edu.hk<*> HTTPS,1.0,<*> open through proxy socks.cse.cuhk.edu.hk<*> SOCKS5,0.672,"<*> error : Could not connect through proxy proxy.cse.cuhk.edu.hk<*> - Proxy server cannot establish a connection with the target, status code <*>",0.5292,7.88,8
394,"<*> close, 158 bytes sent, 33899 bytes (<*> <*>) received, lifetime <*>",partial,"<*> close, <*> bytes sent<*> KB<*> <*> received<*> <*> received<*> <*> received<*> lifetime <*>",0.9831,<*> open through proxy socks.cse.cuhk.edu.hk<*> SOCKS5,0.1077,tcpconn<*> error : A connection request was canceled before the completion.,0.0998,8.46,8
395,"<*> close, 158 bytes sent, 46624 bytes (<*> <*>) received, lifetime <*>",partial,"<*> close, <*> bytes sent<*> KB<*> <*> received<*> <*> received<*> <*> received<*> lifetime <*>",0.985,<*> open through proxy socks.cse.cuhk.edu.hk<*> SOCKS5,0.1073,tcpconn<*> error : A connection request was canceled before the completion.,0.0919,8.62,8
396,<*> open through proxy <*> HTTPS,exact,proxy.cse.cuhk.edu.hk<*> open through proxy proxy.cse.cuhk.edu.hk<*> HTTPS,1.0,<*> open through proxy socks.cse.cuhk.edu.hk<*> SOCKS5,0.672,"<*> error : Could not connect through proxy proxy.cse.cuhk.edu.hk<*> - Proxy server cannot establish a connection with the target, status code <*>",0.5292,7.81,8
397,"<*> close, 4755 bytes (<*> <*>) sent, 4917 bytes (<*> <*>) received, lifetime <*>",partial,"<*> close, <*> bytes sent<*> KB<*> <*> received<*> <*> received<*> <*> received<*> lifetime <*>",0.9758,tcpconn<*> error : A connection request was canceled before the completion.,0.1157,<*> open through proxy socks.cse.cuhk.edu.hk<*> SOCKS5,0.1111,8.99,8
398,"<*> close, 2485 bytes (<*> <*>) sent, 2359 bytes (<*> <*>) received, lifetime <*>",partial,"<*> close, <*> bytes sent<*> KB<*> <*> received<*> <*> received<*> <*> received<*> lifetime <*>",0.9888,tcpconn<*> error : A connection request was canceled before the completion.,0.1412,<*> open through proxy socks.cse.cuhk.edu.hk<*> SOCKS5,0.1335,8.9,8
399,"<*> close, 14267 bytes (<*> <*>) sent, 36698 bytes (<*> <*>) received, lifetime <*>",partial,"<*> close, <*> bytes sent<*> KB<*> <*> received<*> <*> received<*> <*> received<*> lifetime <*>",0.9883,<*> open through proxy socks.cse.cuhk.edu.hk<*> SOCKS5,0.1036,tcpconn<*> error : A connection request was canceled before the completion.,0.0979,8.95,8
400,<*> error : Could not connect to proxy <*> - connection attempt failed with error 10061,partial,<*> error : Could not connect <*> proxy proxy.cse.cuhk.edu.hk<*> - <*>,0.9548,"<*> error : Could not connect through proxy proxy.cse.cuhk.edu.hk<*> - Proxy server cannot establish a connection with the target, status code <*>",0.8367,awqiizxequsixgr:80 error : Could not connect to proxy proxy.cse.cuhk.edu.hk<*> - Could not resolve proxy.cse.cuhk.edu.hk<*> error <*>,0.6929,8.26,8
401,<*> error : Could not connect to proxy <*> - connection attempt failed with error 10061,partial,<*> error : Could not connect <*> proxy proxy.cse.cuhk.edu.hk<*> - <*>,0.9561,"<*> error : Could not connect through proxy proxy.cse.cuhk.edu.hk<*> - Proxy server cannot establish a connection with the target, status code <*>",0.8367,awqiizxequsixgr:80 error : Could not connect to proxy proxy.cse.cuhk.edu.hk<*> - Could not resolve proxy.cse.cuhk.edu.hk<*> error <*>,0.6929,8.3,8
402,<*> error : Could not connect to proxy <*> - connection attempt failed with error 10061,partial,<*> error : Could not connect <*> proxy proxy.cse.cuhk.edu.hk<*> - <*>,0.9573,"<*> error : Could not connect through proxy proxy.cse.cuhk.edu.hk<*> - Proxy server cannot establish a connection with the target, status code <*>",0.8367,awqiizxequsixgr:80 error : Could not connect to proxy proxy.cse.cuhk.edu.hk<*> - Could not resolve proxy.cse.cuhk.edu.hk<*> error <*>,0.6929,8.65,8
403,<*> error : Could not connect to proxy <*> - connection attempt failed with error 10061,partial,<*> error : Could not connect <*> proxy proxy.cse.cuhk.edu.hk<*> - <*>,0.9585,"<*> error : Could not connect through proxy proxy.cse.cuhk.edu.hk<*> - Proxy server cannot establish a connection with the target, status code <*>",0.8367,awqiizxequsixgr:80 error : Could not connect to proxy proxy.cse.cuhk.edu.hk<*> - Could not resolve proxy.cse.cuhk.edu.hk<*> error <*>,0.6929,8.93,8
404,<*> error : Could not connect to proxy <*> - connection attempt failed with error 10061,partial,<*> error : Could not connect <*> proxy proxy.cse.cuhk.edu.hk<*> - <*>,0.9596,"<*> error : Could not connect through proxy proxy.cse.cuhk.edu.hk<*> - Proxy server cannot establish a connection with the target, status code <*>",0.8367,awqiizxequsixgr:80 error : Could not connect to proxy proxy.cse.cuhk.edu.hk<*> - Could not resolve proxy.cse.cuhk.edu.hk<*> error <*>,0.6929,10.08,8
405,<*> error : Could not connect to proxy <*> - connection attempt failed with error 10061,partial,<*> error : Could not connect <*> proxy proxy.cse.cuhk.edu.hk<*> - <*>,0.9607,"<*> error : Could not connect through proxy proxy.cse.cuhk.edu.hk<*> - Proxy server cannot establish a connection with the target, status code <*>",0.8367,awqiizxequsixgr:80 error : Could not connect to proxy proxy.cse.cuhk.edu.hk<*> - Could not resolve proxy.cse.cuhk.edu.hk<*> error <*>,0.6929,9.27,8
406,<*> error : Could not connect to proxy <*> - connection attempt failed with error 10061,partial,<*> error : Could not connect <*> proxy proxy.cse.cuhk.edu.hk<*> - <*>,0.9617,"<*> error : Could not connect through proxy proxy.cse.cuhk.edu.hk<*> - Proxy server cannot establish a connection with the target, status code <*>",0.8367,awqiizxequsixgr:80 error : Could not connect to proxy proxy.cse.cuhk.edu.hk<*> - Could not resolve proxy.cse.cuhk.edu.hk<*> error <*>,0.6929,8.37,8
407,<*> error : Could not connect to proxy <*> - connection attempt failed with error 10061,partial,<*> error : Could not connect <*> proxy proxy.cse.cuhk.edu.hk<*> - <*>,0.9627,"<*> error : Could not connect through proxy proxy.cse.cuhk.edu.hk<*> - Proxy server cannot establish a connection with the target, status code <*>",0.8367,awqiizxequsixgr:80 error : Could not connect to proxy proxy.cse.cuhk.edu.hk<*> - Could not resolve proxy.cse.cuhk.edu.hk<*> error <*>,0.6929,8.36,8
408,<*> error : Could not connect to proxy <*> - connection attempt failed with error 10061,partial,<*> error : Could not connect <*> proxy proxy.cse.cuhk.edu.hk<*> - <*>,0.9637,"<*> error : Could not connect through proxy proxy.cse.cuhk.edu.hk<*> - Proxy server cannot establish a connection with the target, status code <*>",0.8367,awqiizxequsixgr:80 error : Could not connect to proxy proxy.cse.cuhk.edu.hk<*> - Could not resolve proxy.cse.cuhk.edu.hk<*> error <*>,0.6929,8.26,8
409,<*> error : Could not connect to proxy <*> - connection attempt failed with error 10061,partial,<*> error : Could not connect <*> proxy proxy.cse.cuhk.edu.hk<*> - <*>,0.9646,"<*> error : Could not connect through proxy proxy.cse.cuhk.edu.hk<*> - Proxy server cannot establish a connection with the target, status code <*>",0.8367,awqiizxequsixgr:80 error : Could not connect to proxy proxy.cse.cuhk.edu.hk<*> - Could not resolve proxy.cse.cuhk.edu.hk<*> error <*>,0.6929,8.28,8
410,<*> error : Could not connect to proxy <*> - connection attempt failed with error 10061,partial,<*> error : Could not connect <*> proxy proxy.cse.cuhk.edu.hk<*> - <*>,0.9655,"<*> error : Could not connect through proxy proxy.cse.cuhk.edu.hk<*> - Proxy server cannot establish a connection with the target, status code <*>",0.8367,awqiizxequsixgr:80 error : Could not connect to proxy proxy.cse.cuhk.edu.hk<*> - Could not resolve proxy.cse.cuhk.edu.hk<*> error <*>,0.6929,8.1,8
411,<*> error : Could not connect to proxy <*> - connection attempt failed with error 10061,partial,<*> error : Could not connect <*> proxy proxy.cse.cuhk.edu.hk<*> - <*>,0.9663,"<*> error : Could not connect through proxy proxy.cse.cuhk.edu.hk<*> - Proxy server cannot establish a connection with the target, status code <*>",0.8367,awqiizxequsixgr:80 error : Could not connect to proxy proxy.cse.cuhk.edu.hk<*> - Could not resolve proxy.cse.cuhk.edu.hk<*> error <*>,0.6929,8.16,8
412,<*> error : Could not connect to proxy <*> - connection attempt failed with error 10061,partial,<*> error : Could not connect <*> proxy proxy.cse.cuhk.edu.hk<*> - <*>,0.9672,"<*> error : Could not connect through proxy proxy.cse.cuhk.edu.hk<*> - Proxy server cannot establish a connection with the target, status code <*>",0.8367,awqiizxequsixgr:80 error : Could not connect to proxy proxy.cse.cuhk.edu.hk<*> - Could not resolve proxy.cse.cuhk.edu.hk<*> error <*>,0.6929,8.2,8
413,<*> error : Could not connect to proxy <*> - connection attempt failed with error 10061,partial,<*> error : Could not connect <*> proxy proxy.cse.cuhk.edu.hk<*> - <*>,0.968,"<*> error : Could not connect through proxy proxy.cse.cuhk.edu.hk<*> - Proxy server cannot establish a connection with the target, status code <*>",0.8367,awqiizxequsixgr:80 error : Could not connect to proxy proxy.cse.cuhk.edu.hk<*> - Could not resolve proxy.cse.cuhk.edu.hk<*> error <*>,0.6929,8.13,8
414,<*> error : Could not connect to proxy <*> - connection attempt failed with error 10061,partial,<*> error : Could not connect <*> proxy proxy.cse.cuhk.edu.hk<*> - <*>,0.9687,"<*> error : Could not connect through proxy proxy.cse.cuhk.edu.hk<*> - Proxy server cannot establish a connection with the target, status code <*>",0.8367,awqiizxequsixgr:80 error : Could not connect to proxy proxy.cse.cuhk.edu.hk<*> - Could not resolve proxy.cse.cuhk.edu.hk<*> error <*>,0.6929,8.38,8
415,<*> error : Could not connect to proxy <*> - connection attempt failed with error 10061,partial,<*> error : Could not connect <*> proxy proxy.cse.cuhk.edu.hk<*> - <*>,0.9695,"<*> error : Could not connect through proxy proxy.cse.cuhk.edu.hk<*> - Proxy server cannot establish a connection with the target, status code <*>",0.8367,awqiizxequsixgr:80 error : Could not connect to proxy proxy.cse.cuhk.edu.hk<*> - Could not resolve proxy.cse.cuhk.edu.hk<*> error <*>,0.6929,8.2,8
416,<*> error : Could not connect to proxy <*> - connection attempt failed with error 10061,partial,<*> error : Could not connect <*> proxy proxy.cse.cuhk.edu.hk<*> - <*>,0.9702,"<*> error : Could not connect through proxy proxy.cse.cuhk.edu.hk<*> - Proxy server cannot establish a connection with the target, status code <*>",0.8367,awqiizxequsixgr:80 error : Could not connect to proxy proxy.cse.cuhk.edu.hk<*> - Could not resolve proxy.cse.cuhk.edu.hk<*> error <*>,0.6929,8.15,8
417,<*> error : Could not connect to proxy <*> - connection attempt failed with error 10061,partial,<*> error : Could not connect <*> proxy proxy.cse.cuhk.edu.hk<*> - <*>,0.9709,"<*> error : Could not connect through proxy proxy.cse.cuhk.edu.hk<*> - Proxy server cannot establish a connection with the target, status code <*>",0.8367,awqiizxequsixgr:80 error : Could not connect to proxy proxy.cse.cuhk.edu.hk<*> - Could not resolve proxy.cse.cuhk.edu.hk<*> error <*>,0.6929,8.18,8
418,<*> error : Could not connect to proxy <*> - connection attempt failed with error 10061,partial,<*> error : Could not connect <*> proxy proxy.cse.cuhk.edu.hk<*> - <*>,0.9715,"<*> error : Could not connect through proxy proxy.cse.cuhk.edu.hk<*> - Proxy server cannot establish a connection with the target, status code <*>",0.8367,awqiizxequsixgr:80 error : Could not connect to proxy proxy.cse.cuhk.edu.hk<*> - Could not resolve proxy.cse.cuhk.edu.hk<*> error <*>,0.6929,8.1,8
419,<*> error : Could not connect to proxy <*> - connection attempt failed with error 10061,partial,<*> error : Could not connect <*> proxy proxy.cse.cuhk.edu.hk<*> - <*>,0.9722,"<*> error : Could not connect through proxy proxy.cse.cuhk.edu.hk<*> - Proxy server cannot establish a connection with the target, status code <*>",0.8367,awqiizxequsixgr:80 error : Could not connect to proxy proxy.cse.cuhk.edu.hk<*> - Could not resolve proxy.cse.cuhk.edu.hk<*> error <*>,0.6929,8.24,8
420,<*> error : Could not connect to proxy <*> - connection attempt failed with error 10061,partial,<*> error : Could not connect <*> proxy proxy.cse.cuhk.edu.hk<*> - <*>,0.9728,"<*> error : Could not connect through proxy proxy.cse.cuhk.edu.hk<*> - Proxy server cannot establish a connection with the target, status code <*>",0.8367,awqiizxequsixgr:80 error : Could not connect to proxy proxy.cse.cuhk.edu.hk<*> - Could not resolve proxy.cse.cuhk.edu.hk<*> error <*>,0.6929,8.25,8
421,<*> error : Could not connect to proxy <*> - connection attempt failed with error 10061,partial,<*> error : Could not connect <*> proxy proxy.cse.cuhk.edu.hk<*> - <*>,0.9734,"<*> error : Could not connect through proxy proxy.cse.cuhk.edu.hk<*> - Proxy server cannot establish a connection with the target, status code <*>",0.8367,awqiizxequsixgr:80 error : Could not connect to proxy proxy.cse.cuhk.edu.hk<*> - Could not resolve proxy.cse.cuhk.edu.hk<*> error <*>,0.6929,8.15,8
422,<*> error : Could not connect to proxy <*> - connection attempt failed with error 10061,partial,<*> error : Could not connect <*> proxy proxy.cse.cuhk.edu.hk<*> - <*>,0.974,"<*> error : Could not connect through proxy proxy.cse.cuhk.edu.hk<*> - Proxy server cannot establish a connection with the target, status code <*>",0.8367,awqiizxequsixgr:80 error : Could not connect to proxy proxy.cse.cuhk.edu.hk<*> - Could not resolve proxy.cse.cuhk.edu.hk<*> error <*>,0.6929,8.24,8
423,<*> error : Could not connect to proxy <*> - connection attempt failed with error 10061,partial,<*> error : Could not connect <*> proxy proxy.cse.cuhk.edu.hk<*> - <*>,0.9745,"<*> error : Could not connect through proxy proxy.cse.cuhk.edu.hk<*> - Proxy server cannot establish a connection with the target, status code <*>",0.8367,awqiizxequsixgr:80 error : Could not connect to proxy proxy.cse.cuhk.edu.hk<*> - Could not resolve proxy.cse.cuhk.edu.hk<*> error <*>,0.6929,8.33,8
424,<*> error : Could not connect to proxy <*> - connection attempt failed with error 10061,partial,<*> error : Could not connect <*> proxy proxy.cse.cuhk.edu.hk<*> - <*>,0.9751,"<*> error : Could not connect through proxy proxy.cse.cuhk.edu.hk<*> - Proxy server cannot establish a connection with the target, status code <*>",0.8367,awqiizxequsixgr:80 error : Could not connect to proxy proxy.cse.cuhk.edu.hk<*> - Could not resolve proxy.cse.cuhk.edu.hk<*> error <*>,0.6929,8.29,8
425,<*> error : Could not connect to proxy <*> - connection attempt failed with error 10061,partial,<*> error : Could not connect <*> proxy proxy.cse.cuhk.edu.hk<*> - <*>,0.9756,"<*> error : Could not connect through proxy proxy.cse.cuhk.edu.hk<*> - Proxy server cannot establish a connection with the target, status code <*>",0.8367,awqiizxequsixgr:80 error : Could not connect to proxy proxy.cse.cuhk.edu.hk<*> - Could not resolve proxy.cse.cuhk.edu.hk<*> error <*>,0.6929,8.16,8
426,<*> open through proxy <*> HTTPS,exact,proxy.cse.cuhk.edu.hk<*> open through proxy proxy.cse.cuhk.edu.hk<*> HTTPS,1.0,<*> open through proxy socks.cse.cuhk.edu.hk<*> SOCKS5,0.672,"<*> error : Could not connect through proxy proxy.cse.cuhk.edu.hk<*> - Proxy server cannot establish a connection with the target, status code <*>",0.5292,7.73,8
427,<*> open through proxy <*> HTTPS,exact,proxy.cse.cuhk.edu.hk<*> open through proxy proxy.cse.cuhk.edu.hk<*> HTTPS,1.0,<*> open through proxy socks.cse.cuhk.edu.hk<*> SOCKS5,0.672,"<*> error : Could not connect through proxy proxy.cse.cuhk.edu.hk<*> - Proxy server cannot establish a connection with the target, status code <*>",0.5292,7.88,8
428,"<*> close, 3215 bytes (<*> <*>) sent, 1174 bytes (<*> <*>) received, lifetime <*>",partial,"<*> close, <*> bytes sent<*> KB<*> <*> received<*> <*> received<*> <*> received<*> lifetime <*>",0.9839,tcpconn<*> error : A connection request was canceled before the completion.,0.1248,<*> open through proxy socks.cse.cuhk.edu.hk<*> SOCKS5,0.1166,9.13,8
429,<*> open through proxy <*> HTTPS,exact,proxy.cse.cuhk.edu.hk<*> open through proxy proxy.cse.cuhk.edu.hk<*> HTTPS,1.0,<*> open through proxy socks.cse.cuhk.edu.hk<*> SOCKS5,0.672,"<*> error : Could not connect through proxy proxy.cse.cuhk.edu.hk<*> - Proxy server cannot establish a connection with the target, status code <*>",0.5292,7.7,8
430,<*> open through proxy <*> HTTPS,exact,proxy.cse.cuhk.edu.hk<*> open through proxy proxy.cse.cuhk.edu.hk<*> HTTPS,1.0,<*> open through proxy socks.cse.cuhk.edu.hk<*> SOCKS5,0.672,"<*> error : Could not connect through proxy proxy.cse.cuhk.edu.hk<*> - Proxy server cannot establish a connection with the target, status code <*>",0.5292,7.71,8
431,"<*> close, 15427 bytes (<*> <*>) sent, 8268 bytes (<*> <*>) received, lifetime <*>",partial,"<*> close, <*> bytes sent<*> KB<*> <*> received<*> <*> received<*> <*> received<*> lifetime <*>",0.987,tcpconn<*> error : A connection request was canceled before the completion.,0.1257,<*> open through proxy socks.cse.cuhk.edu.hk<*> SOCKS5,0.1178,8.9,8
432,<*> open through proxy <*> HTTPS,exact,proxy.cse.cuhk.edu.hk<*> open through proxy proxy.cse.cuhk.edu.hk<*> HTTPS,1.0,<*> open through proxy socks.cse.cuhk.edu.hk<*> SOCKS5,0.672,"<*> error : Could not connect through proxy proxy.cse.cuhk.edu.hk<*> - Proxy server cannot establish a connection with the target, status code <*>",0.5292,7.84,8
433,"<*> close, 0 bytes sent, 0 bytes received, lifetime <*>",partial,"<*> close, <*> bytes sent<*> KB<*> <*> received<*> <*> received<*> <*> received<*> lifetime <*>",0.8875,<*> open through proxy socks.cse.cuhk.edu.hk<*> SOCKS5,0.226,tcpconn<*> error : A connection request was canceled before the completion.,0.2168,7.88,8
434,"<*> close, 6895 bytes (<*> <*>) sent, 3475 bytes (<*> <*>) received, lifetime <*>",partial,"<*> close, <*> bytes sent<*> KB<*> <*> received<*> <*> received<*> <*> received<*> lifetime <*>",0.9829,tcpconn<*> error : A connection request was canceled before the completion.,0.1178,<*> open through proxy socks.cse.cuhk.edu.hk<*> SOCKS5,0.1082,9.03,8
435,"<*> close, 2302 bytes (<*> <*>) sent, 5187 bytes (<*> <*>) received, lifetime <*>",partial,"<*> close, <*> bytes sent<*> KB<*> <*> received<*> <*> received<*> <*> received<*> lifetime <*>",0.9864,tcpconn<*> error : A connection request was canceled before the completion.,0.129,<*> open through proxy socks.cse.cuhk.edu.hk<*> SOCKS5,0.1242,8.94,8
436,<*> open through proxy <*> HTTPS,exact,proxy.cse.cuhk.edu.hk<*> open through proxy proxy.cse.cuhk.edu.hk<*> HTTPS,1.0,<*> open through proxy socks.cse.cuhk.edu.hk<*> SOCKS5,0.672,"<*> error : Could not connect through proxy proxy.cse.cuhk.edu.hk<*> - Proxy server cannot establish a connection with the target, status code <*>",0.5292,7.7,8
437,<*> open through proxy <*> HTTPS,exact,proxy.cse.cuhk.edu.hk<*> open through proxy proxy.cse.cuhk.edu.hk<*> HTTPS,1.0,<*> open through proxy socks.cse.cuhk.edu.hk<*> SOCKS5,0.672,"<*> error : Could not connect through proxy proxy.cse.cuhk.edu.hk<*> - Proxy server cannot establish a connection with the target, status code <*>",0.5292,7.7,8
438,<*> open through proxy <*> HTTPS,exact,proxy.cse.cuhk.edu.hk<*> open through proxy proxy.cse.cuhk.edu.hk<*> HTTPS,1.0,<*> open through proxy socks.cse.cuhk.edu.hk<*> SOCKS5,0.672,"<*> error : Could not connect through proxy proxy.cse.cuhk.edu.hk<*> - Proxy server cannot establish a connection with the target, status code <*>",0.5292,7.77,8
439,"<*> close, 691 bytes sent, 184 bytes received, lifetime <*>",partial,"<*> close, <*> bytes sent<*> KB<*> <*> received<*> <*> received<*> <*> received<*> lifetime <*>",0.977,tcpconn<*> error : A connection request was canceled before the completion.,0.1778,<*> open through proxy socks.cse.cuhk.edu.hk<*> SOCKS5,0.1674,8.14,8
440,"<*> close, 0 bytes sent, 0 bytes received, lifetime <*>",partial,"<*> close, <*> bytes sent<*> KB<*> <*> received<*> <*> received<*> <*> received<*> lifetime <*>",0.8877,<*> open through proxy socks.cse.cuhk.edu.hk<*> SOCKS5,0.226,tcpconn<*> error : A connection request was canceled before the completion.,0.2168,8.12,8
441,"<*> close, 1035 bytes (<*> <*>) sent, 40820 bytes (<*> <*>) received, lifetime <*>",partial,"<*> close, <*> bytes sent<*> KB<*> <*> received<*> <*> received<*> <*> received<*> lifetime <*>",0.9878,<*> open through proxy socks.cse.cuhk.edu.hk<*> SOCKS5,0.1265,tcpconn<*> error : A connection request was canceled before the completion.,0.1259,8.86,8
442,"<*> close, 913 bytes sent, 3881 bytes (<*> <*>) received, lifetime <*>",partial,"<*> close, <*> bytes sent<*> KB<*> <*> received<*> <*> received<*> <*> received<*> lifetime <*>",0.9853,<*> open through proxy socks.cse.cuhk.edu.hk<*> SOCKS5,0.1126,tcpconn<*> error : A connection request was canceled before the completion.,0.0977,8.6,8
443,"<*> close, 0 bytes sent, 0 bytes received, lifetime <*>",partial,"<*> close, <*> bytes sent<*> KB<*> <*> received<*> <*> received<*> <*> received<*> lifetime <*>",0.8878,<*> open through proxy socks.cse.cuhk.edu.hk<*> SOCKS5,0.226,tcpconn<*> error : A connection request was canceled before the completion.,0.2168,8.08,8
444,"<*> error : Could not connect through proxy <*> - Proxy server cannot establish a connection with the target, status code 403",partial,"<*> error : Could not connect through proxy proxy.cse.cuhk.edu.hk<*> - Proxy server cannot establish a connection with the target, status code <*>",0.9878,<*> error : Could not connect <*> proxy proxy.cse.cuhk.edu.hk<*> - <*>,0.8254,awqiizxequsixgr:80 error : Could not connect to proxy proxy.cse.cuhk.edu.hk<*> - Could not resolve proxy.cse.cuhk.edu.hk<*> error <*>,0.6485,8.54,8
445,"<*> error : Could not connect through proxy <*> - Proxy server cannot establish a connection with the target, status code 403",partial,"<*> error : Could not connect through proxy proxy.cse.cuhk.edu.hk<*> - Proxy server cannot establish a connection with the target, status code <*>",0.9889,<*> error : Could not connect <*> proxy proxy.cse.cuhk.edu.hk<*> - <*>,0.8254,awqiizxequsixgr:80 error : Could not connect to proxy proxy.cse.cuhk.edu.hk<*> - Could not resolve proxy.cse.cuhk.edu.hk<*> error <*>,0.6485,8.4,8
446,<*> open through proxy <*> HTTPS,exact,proxy.cse.cuhk.edu.hk<*> open through proxy proxy.cse.cuhk.edu.hk<*> HTTPS,1.0,<*> open through proxy socks.cse.cuhk.edu.hk<*> SOCKS5,0.672,"<*> error : Could not connect through proxy proxy.cse.cuhk.edu.hk<*> - Proxy server cannot establish a connection with the target, status code <*>",0.5295,7.75,8
447,"<*> close, 5304 bytes (<*> <*>) sent, 4396 bytes (<*> <*>) received, lifetime <*>",exact,"<*> close, <*> bytes sent<*> KB<*> <*> received<*> <*> received<*> <*> received<*> lifetime <*>",0.9911,<*> open through proxy socks.cse.cuhk.edu.hk<*> SOCKS5,0.1298,tcpconn<*> error : A connection request was canceled before the completion.,0.1235,8.92,8
448,<*> open through proxy <*> HTTPS,exact,proxy.cse.cuhk.edu.hk<*> open through proxy proxy.cse.cuhk.edu.hk<*> HTTPS,1.0,<*> open through proxy socks.cse.cuhk.edu.hk<*> SOCKS5,0.672,"<*> error : Could not connect through proxy proxy.cse.cuhk.edu.hk<*> - Proxy server cannot establish a connection with the target, status code <*>",0.5295,7.84,8
449,"<*> close, 651 bytes sent, 328 bytes received, lifetime <*>",partial,"<*> close, <*> bytes sent<*> KB<*> <*> received<*> <*> received<*> <*> received<*> lifetime <*>",0.963,tcpconn<*> error : A connection request was canceled before the completion.,0.1892,<*> open through proxy socks.cse.cuhk.edu.hk<*> SOCKS5,0.1838,7.91,8
450,"<*> close, 651 bytes sent, 328 bytes received, lifetime <*>",partial,"<*> close, <*> bytes sent<*> KB<*> <*> received<*> <*> received<*> <*> received<*> lifetime <*>",0.9631,tcpconn<*> error : A connection request was canceled before the completion.,0.1892,<*> open through proxy socks.cse.cuhk.edu.hk<*> SOCKS5,0.1838,8.06,8
451,<*> open through proxy <*> HTTPS,exact,proxy.cse.cuhk.edu.hk<*> open through proxy proxy.cse.cuhk.edu.hk<*> HTTPS,1.0,<*> open through proxy socks.cse.cuhk.edu.hk<*> SOCKS5,0.672,"<*> error : Could not connect through proxy proxy.cse.cuhk.edu.hk<*> - Proxy server cannot establish a connection with the target, status code <*>",0.5295,7.71,8
452,<*> open through proxy <*> HTTPS,exact,proxy.cse.cuhk.edu.hk<*> open through proxy proxy.cse.cuhk.edu.hk<*> HTTPS,1.0,<*> open through proxy socks.cse.cuhk.edu.hk<*> SOCKS5,0.672,"<*> error : Could not connect through proxy proxy.cse.cuhk.edu.hk<*> - Proxy server cannot establish a connection with the target, status code <*>",0.5295,8.38,8
453,"<*> close, 651 bytes sent, 328 bytes received, lifetime <*>",partial,"<*> close, <*> bytes sent<*> KB<*> <*> received<*> <*> received<*> <*> received<*> lifetime <*>",0.9631,tcpconn<*> error : A connection request was canceled before the completion.,0.1892,<*> open through proxy socks.cse.cuhk.edu.hk<*> SOCKS5,0.1838,8.46,8
454,<*> open through proxy <*> HTTPS,exact,proxy.cse.cuhk.edu.hk<*> open through proxy proxy.cse.cuhk.edu.hk<*> HTTPS,1.0,<*> open through proxy socks.cse.cuhk.edu.hk<*> SOCKS5,0.672,"<*> error : Could not connect through proxy proxy.cse.cuhk.edu.hk<*> - Proxy server cannot establish a connection with the target, status code <*>",0.5295,7.86,8
455,"<*> close, 230 bytes sent, 1125 bytes (<*> <*>) received, lifetime <*>",partial,"<*> close, <*> bytes sent<*> KB<*> <*> received<*> <*> received<*> <*> received<*> lifetime <*>",0.9617,<*> open through proxy socks.cse.cuhk.edu.hk<*> SOCKS5,0.0877,tcpconn<*> error : A connection request was canceled before the completion.,0.0731,8.47,8
456,<*> open through proxy <*> HTTPS,exact,proxy.cse.cuhk.edu.hk<*> open through proxy proxy.cse.cuhk.edu.hk<*> HTTPS,1.0,<*> open through proxy socks.cse.cuhk.edu.hk<*> SOCKS5,0.672,"<*> error : Could not connect through proxy proxy.cse.cuhk.edu.hk<*> - Proxy server cannot establish a connection with the target, status code <*>",0.5295,7.93,8
457,"<*> close, 651 bytes sent, 328 bytes received, lifetime <*>",partial,"<*> close, <*> bytes sent<*> KB<*> <*> received<*> <*> received<*> <*> received<*> lifetime <*>",0.9632,tcpconn<*> error : A connection request was canceled before the completion.,0.1892,<*> open through proxy socks.cse.cuhk.edu.hk<*> SOCKS5,0.1838,8.14,8
458,"<*> close, 1848 bytes (<*> <*>) sent, 2305 bytes (<*> <*>) received, lifetime <*>",partial,"<*> close, <*> bytes sent<*> KB<*> <*> received<*> <*> received<*> <*> received<*> lifetime <*>",0.9686,tcpconn<*> error : A connection request was canceled before the completion.,0.1219,<*> open through proxy socks.cse.cuhk.edu.hk<*> SOCKS5,0.1081,8.82,8
459,"<*> close, 2486 bytes (<*> <*>) sent, 2337 bytes (<*> <*>) received, lifetime <*>",partial,"<*> close, <*> bytes sent<*> KB<*> <*> received<*> <*> received<*> <*> received<*> lifetime <*>",0.989,tcpconn<*> error : A connection request was canceled before the completion.,0.1355,<*> open through proxy socks.cse.cuhk.edu.hk<*> SOCKS5,0.1213,8.93,8
460,<*> open through proxy <*> HTTPS,exact,proxy.cse.cuhk.edu.hk<*> open through proxy proxy.cse.cuhk.edu.hk<*> HTTPS,1.0,<*> open through proxy socks.cse.cuhk.edu.hk<*> SOCKS5,0.672,"<*> error : Could not connect through proxy proxy.cse.cuhk.edu.hk<*> - Proxy server cannot establish a connection with the target, status code <*>",0.5295,7.85,8
461,<*> open through proxy <*> HTTPS,exact,proxy.cse.cuhk.edu.hk<*> open through proxy proxy.cse.cuhk.edu.hk<*> HTTPS,1.0,<*> open through proxy socks.cse.cuhk.edu.hk<*> SOCKS5,0.672,"<*> error : Could not connect through proxy proxy.cse.cuhk.edu.hk<*> - Proxy server cannot establish a connection with the target, status code <*>",0.5295,7.67,8
462,<*> open through proxy <*> HTTPS,exact,proxy.cse.cuhk.edu.hk<*> open through proxy proxy.cse.cuhk.edu.hk<*> HTTPS,1.0,<*> open through proxy socks.cse.cuhk.edu.hk<*> SOCKS5,0.672,"<*> error : Could not connect through proxy proxy.cse.cuhk.edu.hk<*> - Proxy server cannot establish a connection with the target, status code <*>",0.5295,7.68,8
463,"<*> close, 561 bytes sent, 166 bytes received, lifetime <*>",partial,"<*> close, <*> bytes sent<*> KB<*> <*> received<*> <*> received<*> <*> received<*> lifetime <*>",0.9817,tcpconn<*> error : A connection request was canceled before the completion.,0.1649,<*> open through proxy socks.cse.cuhk.edu.hk<*> SOCKS5,0.1583,8.05,8
464,"<*> close, 2560 bytes (<*> <*>) sent, 4976 bytes (<*> <*>) received, lifetime <*>",partial,"<*> close, <*> bytes sent<*> KB<*> <*> received<*> <*> received<*> <*> received<*> lifetime <*>",0.98,<*> open through proxy socks.cse.cuhk.edu.hk<*> SOCKS5,0.1606,tcpconn<*> error : A connection request was canceled before the completion.,0.159,9.0,8
465,<*> open through proxy <*> HTTPS,exact,proxy.cse.cuhk.edu.hk<*> open through proxy proxy.cse.cuhk.edu.hk<*> HTTPS,1.0,<*> open through proxy socks.cse.cuhk.edu.hk<*> SOCKS5,0.672,"<*> error : Could not connect through proxy proxy.cse.cuhk.edu.hk<*> - Proxy server cannot establish a connection with the target, status code <*>",0.5295,7.7,8
466,"<*> close, 16473 bytes (<*> <*>) sent, 42641 bytes (<*> <*>) received, lifetime <*>",exact,"<*> close, <*> bytes sent<*> KB<*> <*> received<*> <*> received<*> <*> received<*> lifetime <*>",0.9902,<*> open through proxy socks.cse.cuhk.edu.hk<*> SOCKS5,0.1274,tcpconn<*> error : A connection request was canceled before the completion.,0.1265,9.01,8
467,<*> open through proxy <*> HTTPS,exact,proxy.cse.cuhk.edu.hk<*> open through proxy proxy.cse.cuhk.edu.hk<*> HTTPS,1.0,<*> open through proxy socks.cse.cuhk.edu.hk<*> SOCKS5,0.672,"<*> error : Could not connect through proxy proxy.cse.cuhk.edu.hk<*> - Proxy server cannot establish a connection with the target, status code <*>",0.5295,7.81,8
468,<*> open through proxy <*> HTTPS,exact,proxy.cse.cuhk.edu.hk<*> open through proxy proxy.cse.cuhk.edu.hk<*> HTTPS,1.0,<*> open through proxy socks.cse.cuhk.edu.hk<*> SOCKS5,0.672,"<*> error : Could not connect through proxy proxy.cse.cuhk.edu.hk<*> - Proxy server cannot establish a connection with the target, status code <*>",0.5295,7.68,8
469,<*> open through proxy <*> HTTPS,exact,proxy.cse.cuhk.edu.hk<*> open through proxy proxy.cse.cuhk.edu.hk<*> HTTPS,1.0,<*> open through proxy socks.cse.cuhk.edu.hk<*> SOCKS5,0.672,"<*> error : Could not connect through proxy proxy.cse.cuhk.edu.hk<*> - Proxy server cannot establish a connection with the target, status code <*>",0.5295,7.69,8
470,"<*> close, 5015 bytes (<*> <*>) sent, 2599 bytes (<*> <*>) received, lifetime <*>",partial,"<*> close, <*> bytes sent<*> KB<*> <*> received<*> <*> received<*> <*> received<*> lifetime <*>",0.9783,tcpconn<*> error : A connection request was canceled before the completion.,0.1169,<*> open through proxy socks.cse.cuhk.edu.hk<*> SOCKS5,0.1154,9.0,8
471,<*> open through proxy <*> HTTPS,exact,proxy.cse.cuhk.edu.hk<*> open through proxy proxy.cse.cuhk.edu.hk<*> HTTPS,1.0,<*> open through proxy socks.cse.cuhk.edu.hk<*> SOCKS5,0.672,"<*> error : Could not connect through proxy proxy.cse.cuhk.edu.hk<*> - Proxy server cannot establish a connection with the target, status code <*>",0.5295,7.84,8
472,"<*> close, 1573 bytes (<*> <*>) sent, 16750 bytes (<*> <*>) received, lifetime <*>",partial,"<*> close, <*> bytes sent<*> KB<*> <*> received<*> <*> received<*> <*> received<*> lifetime <*>",0.9852,tcpconn<*> error : A connection request was canceled before the completion.,0.132,<*> open through proxy socks.cse.cuhk.edu.hk<*> SOCKS5,0.1262,9.02,8
473,"<*> close, 0 bytes sent, 0 bytes received, lifetime <*>",partial,"<*> close, <*> bytes sent<*> KB<*> <*> received<*> <*> received<*> <*> received<*> lifetime <*>",0.8881,<*> open through proxy socks.cse.cuhk.edu.hk<*> SOCKS5,0.226,tcpconn<*> error : A connection request was canceled before the completion.,0.2168,7.95,8
474,"<*> close, 2486 bytes (<*> <*>) sent, 2337 bytes (<*> <*>) received, lifetime <*>",partial,"<*> close, <*> bytes sent<*> KB<*> <*> received<*> <*> received<*> <*> received<*> lifetime <*>",0.989,tcpconn<*> error : A connection request was canceled before the completion.,0.1355,<*> open through proxy socks.cse.cuhk.edu.hk<*> SOCKS5,0.1213,8.86,8
475,"<*> close, 2570 bytes (<*> <*>) sent, 626 bytes received, lifetime <*>",partial,"<*> close, <*> bytes sent<*> KB<*> <*> received<*> <*> received<*> <*> received<*> lifetime <*>",0.9873,tcpconn<*> error : A connection request was canceled before the completion.,0.1432,<*> open through proxy socks.cse.cuhk.edu.hk<*> SOCKS5,0.1349,8.5,8
476,<*> open through proxy <*> HTTPS,exact,proxy.cse.cuhk.edu.hk<*> open through proxy proxy.cse.cuhk.edu.hk<*> HTTPS,1.0,<*> open through proxy socks.cse.cuhk.edu.hk<*> SOCKS5,0.672,"<*> error : Could not connect through proxy proxy.cse.cuhk.edu.hk<*> - Proxy server cannot establish a connection with the target, status code <*>",0.5295,7.74,8
477,<*> open through proxy <*> HTTPS,exact,proxy.cse.cuhk.edu.hk<*> open through proxy proxy.cse.cuhk.edu.hk<*> HTTPS,1.0,<*> open through proxy socks.cse.cuhk.edu.hk<*> SOCKS5,0.672,"<*> error : Could not connect through proxy proxy.cse.cuhk.edu.hk<*> - Proxy server cannot establish a connection with the target, status code <*>",0.5295,7.77,8
478,<*> open through proxy <*> HTTPS,exact,proxy.cse.cuhk.edu.hk<*> open through proxy proxy.cse.cuhk.edu.hk<*> HTTPS,1.0,<*> open through proxy socks.cse.cuhk.edu.hk<*> SOCKS5,0.672,"<*> error : Could not connect through proxy proxy.cse.cuhk.edu.hk<*> - Proxy server cannot establish a connection with the target, status code <*>",0.5295,7.64,8
479,<*> open through proxy <*> HTTPS,exact,proxy.cse.cuhk.edu.hk<*> open through proxy proxy.cse.cuhk.edu.hk<*> HTTPS,1.0,<*> open through proxy socks.cse.cuhk.edu.hk<*> SOCKS5,0.672,"<*> error : Could not connect through proxy proxy.cse.cuhk.edu.hk<*> - Proxy server cannot establish a connection with the target, status code <*>",0.5295,7.72,8
480,<*> open through proxy <*> HTTPS,exact,proxy.cse.cuhk.edu.hk<*> open through proxy proxy.cse.cuhk.edu.hk<*> HTTPS,1.0,<*> open through proxy socks.cse.cuhk.edu.hk<*> SOCKS5,0.672,"<*> error : Could not connect through proxy proxy.cse.cuhk.edu.hk<*> - Proxy server cannot establish a connection with the target, status code <*>",0.5295,7.75,8
481,"<*> close, 0 bytes sent, 0 bytes received, lifetime <*>",partial,"<*> close, <*> bytes sent<*> KB<*> <*> received<*> <*> received<*> <*> received<*> lifetime <*>",0.8882,<*> open through proxy socks.cse.cuhk.edu.hk<*> SOCKS5,0.226,tcpconn<*> error : A connection request was canceled before the completion.,0.2168,8.03,8
482,"<*> close, 3874 bytes (<*> <*>) sent, 2186 bytes (<*> <*>) received, lifetime <*>",exact,"<*> close, <*> bytes sent<*> KB<*> <*> received<*> <*> received<*> <*> received<*> lifetime <*>",0.9902,tcpconn<*> error : A connection request was canceled before the completion.,0.1313,<*> open through proxy socks.cse.cuhk.edu.hk<*> SOCKS5,0.1191,9.17,8
483,"<*> close, 7738 bytes (<*> <*>) sent, 8620 bytes (<*> <*>) received, lifetime <*>",partial,"<*> close, <*> bytes sent<*> KB<*> <*> received<*> <*> received<*> <*> received<*> lifetime <*>",0.9883,tcpconn<*> error : A connection request was canceled before the completion.,0.1439,<*> open through proxy socks.cse.cuhk.edu.hk<*> SOCKS5,0.1328,8.98,8
484,<*> open through proxy <*> HTTPS,exact,proxy.cse.cuhk.edu.hk<*> open through proxy proxy.cse.cuhk.edu.hk<*> HTTPS,1.0,<*> open through proxy socks.cse.cuhk.edu.hk<*> SOCKS5,0.672,"<*> error : Could not connect through proxy proxy.cse.cuhk.edu.hk<*> - Proxy server cannot establish a connection with the target, status code <*>",0.5295,7.8,8
485,<*> open through proxy <*> HTTPS,exact,proxy.cse.cuhk.edu.hk<*> open through proxy proxy.cse.cuhk.edu.hk<*> HTTPS,1.0,<*> open through proxy socks.cse.cuhk.edu.hk<*> SOCKS5,0.672,"<*> error : Could not connect through proxy proxy.cse.cuhk.edu.hk<*> - Proxy server cannot establish a connection with the target, status code <*>",0.5295,7.75,8
486,"<*> close, 5129 bytes (<*> <*>) sent, 17049 bytes (<*> <*>) received, lifetime <*>",partial,"<*> close, <*> bytes sent<*> KB<*> <*> received<*> <*> received<*> <*> received<*> lifetime <*>",0.9758,tcpconn<*> error : A connection request was canceled before the completion.,0.1362,<*> open through proxy socks.cse.cuhk.edu.hk<*> SOCKS5,0.114,9.02,8
487,"<*> close, 1573 bytes (<*> <*>) sent, 16743 bytes (<*> <*>) received, lifetime <*>",partial,"<*> close, <*> bytes sent<*> KB<*> <*> received<*> <*> received<*> <*> received<*> lifetime <*>",0.9817,tcpconn<*> error : A connection request was canceled before the completion.,0.1275,<*> open through proxy socks.cse.cuhk.edu.hk<*> SOCKS5,0.1201,9.02,8
488,"<*> close, 985 bytes sent, 463 bytes received, lifetime <*>",partial,"<*> close, <*> bytes sent<*> KB<*> <*> received<*> <*> received<*> <*> received<*> lifetime <*>",0.9773,tcpconn<*> error : A connection request was canceled before the completion.,0.1764,<*> open through proxy socks.cse.cuhk.edu.hk<*> SOCKS5,0.1749,8.21,8
489,<*> open through proxy <*> HTTPS,exact,proxy.cse.cuhk.edu.hk<*> open through proxy proxy.cse.cuhk.edu.hk<*> HTTPS,1.0,<*> open through proxy socks.cse.cuhk.edu.hk<*> SOCKS5,0.672,"<*> error : Could not connect through proxy proxy.cse.cuhk.edu.hk<*> - Proxy server cannot establish a connection with the target, status code <*>",0.5295,7.7,8
490,<*> open through proxy <*> HTTPS,exact,proxy.cse.cuhk.edu.hk<*> open through proxy proxy.cse.cuhk.edu.hk<*> HTTPS,1.0,<*> open through proxy socks.cse.cuhk.edu.hk<*> SOCKS5,0.672,"<*> error : Could not connect through proxy proxy.cse.cuhk.edu.hk<*> - Proxy server cannot establish a connection with the target, status code <*>",0.5295,7.7,8
491,<*> open through proxy <*> HTTPS,exact,proxy.cse.cuhk.edu.hk<*> open through proxy proxy.cse.cuhk.edu.hk<*> HTTPS,1.0,<*> open through proxy socks.cse.cuhk.edu.hk<*> SOCKS5,0.672,"<*> error : Could not connect through proxy proxy.cse.cuhk.edu.hk<*> - Proxy server cannot establish a connection with the target, status code <*>",0.5295,7.65,8
492,"<*> close, 0 bytes sent, 0 bytes received, lifetime <*>",partial,"<*> close, <*> bytes sent<*> KB<*> <*> received<*> <*> received<*> <*> received<*> lifetime <*>",0.8883,<*> open through proxy socks.cse.cuhk.edu.hk<*> SOCKS5,0.226,tcpconn<*> error : A connection request was canceled before the completion.,0.2168,8.07,8
493,<*> open through proxy <*> HTTPS,exact,proxy.cse.cuhk.edu.hk<*> open through proxy proxy.cse.cuhk.edu.hk<*> HTTPS,1.0,<*> open through proxy socks.cse.cuhk.edu.hk<*> SOCKS5,0.672,"<*> error : Could not connect through proxy proxy.cse.cuhk.edu.hk<*> - Proxy server cannot establish a connection with the target, status code <*>",0.5295,7.78,8
494,"<*> close, 548 bytes sent, 166 bytes received, lifetime <*>",partial,"<*> close, <*> bytes sent<*> KB<*> <*> received<*> <*> received<*> <*> received<*> lifetime <*>",0.981,tcpconn<*> error : A connection request was canceled before the completion.,0.1515,<*> open through proxy socks.cse.cuhk.edu.hk<*> SOCKS5,0.1468,8.53,8
495,<*> open through proxy <*> HTTPS,exact,proxy.cse.cuhk.edu.hk<*> open through proxy proxy.cse.cuhk.edu.hk<*> HTTPS,1.0,<*> open through proxy socks.cse.cuhk.edu.hk<*> SOCKS5,0.672,"<*> error : Could not connect through proxy proxy.cse.cuhk.edu.hk<*> - Proxy server cannot establish a connection with the target, status code <*>",0.5295,8.18,8
496,<*> open through proxy <*> HTTPS,exact,proxy.cse.cuhk.edu.hk<*> open through proxy proxy.cse.cuhk.edu.hk<*> HTTPS,1.0,<*> open through proxy socks.cse.cuhk.edu.hk<*> SOCKS5,0.672,"<*> error : Could not connect through proxy proxy.cse.cuhk.edu.hk<*> - Proxy server cannot establish a connection with the target, status code <*>",0.5295,7.76,8
497,"<*> close, 0 bytes sent, 0 bytes received, lifetime <*>",partial,"<*> close, <*> bytes sent<*> KB<*> <*> received<*> <*> received<*> <*> received<*> lifetime <*>",0.8885,<*> open through proxy socks.cse.cuhk.edu.hk<*> SOCKS5,0.226,tcpconn<*> error : A connection request was canceled before the completion.,0.2168,8.19,8
498,"<*> close, 2867 bytes (<*> <*>) sent, 1014 bytes received, lifetime <*>",partial,"<*> close, <*> bytes sent<*> KB<*> <*> received<*> <*> received<*> <*> received<*> lifetime <*>",0.9891,tcpconn<*> error : A connection request was canceled before the completion.,0.1487,<*> open through proxy socks.cse.cuhk.edu.hk<*> SOCKS5,0.1318,8.51,8
499,<*> open through proxy <*> HTTPS,exact,proxy.cse.cuhk.edu.hk<*> open through proxy proxy.cse.cuhk.edu.hk<*> HTTPS,1.0,<*> open through proxy socks.cse.cuhk.edu.hk<*> SOCKS5,0.672,"<*> error : Could not connect through proxy proxy.cse.cuhk.edu.hk<*> - Proxy server cannot establish a connection with the target, status code <*>",0.5295,7.8,8
500,<*> open through proxy <*> HTTPS,exact,proxy.cse.cuhk.edu.hk<*> open through proxy proxy.cse.cuhk.edu.hk<*> HTTPS,1.0,<*> open through proxy socks.cse.cuhk.edu.hk<*> SOCKS5,0.672,"<*> error : Could not connect through proxy proxy.cse.cuhk.edu.hk<*> - Proxy server cannot establish a connection with the target, status code <*>",0.5295,7.71,8
501,"<*> close, 0 bytes sent, 0 bytes received, lifetime <*>",partial,"<*> close, <*> bytes sent<*> KB<*> <*> received<*> <*> received<*> <*> received<*> lifetime <*>",0.8887,<*> open through proxy socks.cse.cuhk.edu.hk<*> SOCKS5,0.226,tcpconn<*> error : A connection request was canceled before the completion.,0.2168,8.1,8
502,<*> open through proxy <*> HTTPS,exact,proxy.cse.cuhk.edu.hk<*> open through proxy proxy.cse.cuhk.edu.hk<*> HTTPS,1.0,<*> open through proxy socks.cse.cuhk.edu.hk<*> SOCKS5,0.672,"<*> error : Could not connect through proxy proxy.cse.cuhk.edu.hk<*> - Proxy server cannot establish a connection with the target, status code <*>",0.5295,8.11,8
503,"<*> close, 2987 bytes (<*> <*>) sent, 5913 bytes (<*> <*>) received, lifetime <*>",partial,"<*> close, <*> bytes sent<*> KB<*> <*> received<*> <*> received<*> <*> received<*> lifetime <*>",0.9704,tcpconn<*> error : A connection request was canceled before the completion.,0.1154,<*> open through proxy socks.cse.cuhk.edu.hk<*> SOCKS5,0.0781,9.26,8
504,"<*> close, 0 bytes sent, 0 bytes received, lifetime <*>",partial,"<*> close, <*> bytes sent<*> KB<*> <*> received<*> <*> received<*> <*> received<*> lifetime <*>",0.8888,<*> open through proxy socks.cse.cuhk.edu.hk<*> SOCKS5,0.226,tcpconn<*> error : A connection request was canceled before the completion.,0.2168,10.48,8
505,<*> open through proxy <*> HTTPS,exact,proxy.cse.cuhk.edu.hk<*> open through proxy proxy.cse.cuhk.edu.hk<*> HTTPS,1.0,<*> open through proxy socks.cse.cuhk.edu.hk<*> SOCKS5,0.672,"<*> error : Could not connect through proxy proxy.cse.cuhk.edu.hk<*> - Proxy server cannot establish a connection with the target, status code <*>",0.5295,8.78,8
506,<*> open through proxy <*> HTTPS,exact,proxy.cse.cuhk.edu.hk<*> open through proxy proxy.cse.cuhk.edu.hk<*> HTTPS,1.0,<*> open through proxy socks.cse.cuhk.edu.hk<*> SOCKS5,0.672,"<*> error : Could not connect through proxy proxy.cse.cuhk.edu.hk<*> - Proxy server cannot establish a connection with the target, status code <*>",0.5295,7.9,8
507,<*> open through proxy <*> HTTPS,exact,proxy.cse.cuhk.edu.hk<*> open through proxy proxy.cse.cuhk.edu.hk<*> HTTPS,1.0,<*> open through proxy socks.cse.cuhk.edu.hk<*> SOCKS5,0.672,"<*> error : Could not connect through proxy proxy.cse.cuhk.edu.hk<*> - Proxy server cannot establish a connection with the target, status code <*>",0.5295,7.83,8
508,<*> open through proxy <*> HTTPS,exact,proxy.cse.cuhk.edu.hk<*> open through proxy proxy.cse.cuhk.edu.hk<*> HTTPS,1.0,<*> open through proxy socks.cse.cuhk.edu.hk<*> SOCKS5,0.672,"<*> error : Could not connect through proxy proxy.cse.cuhk.edu.hk<*> - Proxy server cannot establish a connection with the target, status code <*>",0.5295,7.87,8
509,<*> open through proxy <*> HTTPS,exact,proxy.cse.cuhk.edu.hk<*> open through proxy proxy.cse.cuhk.edu.hk<*> HTTPS,1.0,<*> open through proxy socks.cse.cuhk.edu.hk<*> SOCKS5,0.672,"<*> error : Could not connect through proxy proxy.cse.cuhk.edu.hk<*> - Proxy server cannot establish a connection with the target, status code <*>",0.5295,7.7,8
510,<*> open through proxy <*> HTTPS,exact,proxy.cse.cuhk.edu.hk<*> open through proxy proxy.cse.cuhk.edu.hk<*> HTTPS,1.0,<*> open through proxy socks.cse.cuhk.edu.hk<*> SOCKS5,0.672,"<*> error : Could not connect through proxy proxy.cse.cuhk.edu.hk<*> - Proxy server cannot establish a connection with the target, status code <*>",0.5295,7.73,8
511,<*> open through proxy <*> HTTPS,exact,proxy.cse.cuhk.edu.hk<*> open through proxy proxy.cse.cuhk.edu.hk<*> HTTPS,1.0,<*> open through proxy socks.cse.cuhk.edu.hk<*> SOCKS5,0.672,"<*> error : Could not connect through proxy proxy.cse.cuhk.edu.hk<*> - Proxy server cannot establish a connection with the target, status code <*>",0.5295,7.76,8
512,"<*> close, 606 bytes sent, 857 bytes received, lifetime <*>",partial,"<*> close, <*> bytes sent<*> KB<*> <*> received<*> <*> received<*> <*> received<*> lifetime <*>",0.9756,tcpconn<*> error : A connection request was canceled before the completion.,0.1691,<*> open through proxy socks.cse.cuhk.edu.hk<*> SOCKS5,0.1687,8.03,8
513,"<*> close, 1941 bytes (<*> <*>) sent, 1363 bytes (<*> <*>) received, lifetime <*>",partial,"<*> close, <*> bytes sent<*> KB<*> <*> received<*> <*> received<*> <*> received<*> lifetime <*>",0.9275,tcpconn<*> error : A connection request was canceled before the completion.,0.1153,<*> open through proxy socks.cse.cuhk.edu.hk<*> SOCKS5,0.0855,8.85,8
514,"<*> close, 512 bytes sent, 15495 bytes (<*> <*>) received, lifetime <*>",partial,"<*> close, <*> bytes sent<*> KB<*> <*> received<*> <*> received<*> <*> received<*> lifetime <*>",0.9866,tcpconn<*> error : A connection request was canceled before the completion.,0.1471,<*> open through proxy socks.cse.cuhk.edu.hk<*> SOCKS5,0.1444,8.49,8
515,"<*> close, 816 bytes sent, 264 bytes received, lifetime <*>",partial,"<*> close, <*> bytes sent<*> KB<*> <*> received<*> <*> received<*> <*> received<*> lifetime <*>",0.9479,tcpconn<*> error : A connection request was canceled before the completion.,0.2259,<*> open through proxy socks.cse.cuhk.edu.hk<*> SOCKS5,0.1973,8.1,8
516,"<*> close, 1510 bytes (<*> <*>) sent, 1293 bytes (<*> <*>) received, lifetime <*>",partial,"<*> close, <*> bytes sent<*> KB<*> <*> received<*> <*> received<*> <*> received<*> lifetime <*>",0.9834,tcpconn<*> error : A connection request was canceled before the completion.,0.1233,<*> open through proxy socks.cse.cuhk.edu.hk<*> SOCKS5,0.1195,8.97,8
517,"<*> close, 3549 bytes (<*> <*>) sent, 108371 bytes (105 <*>) received, lifetime <*>",partial,"<*> close, <*> bytes sent<*> KB<*> <*> received<*> <*> received<*> <*> received<*> lifetime <*>",0.9812,tcpconn<*> error : A connection request was canceled before the completion.,0.1171,<*> open through proxy socks.cse.cuhk.edu.hk<*> SOCKS5,0.1166,8.92,8
518,"<*> close, 5061 bytes (<*> <*>) sent, 1248 bytes (<*> <*>) received, lifetime <*>",partial,"<*> close, <*> bytes sent<*> KB<*> <*> received<*> <*> received<*> <*> received<*> lifetime <*>",0.9898,<*> open through proxy socks.cse.cuhk.edu.hk<*> SOCKS5,0.1171,tcpconn<*> error : A connection request was canceled before the completion.,0.1137,8.81,8
519,"<*> close, 1330 bytes (<*> <*>) sent, 62141 bytes (<*> <*>) received, lifetime <*>",partial,"<*> close, <*> bytes sent<*> KB<*> <*> received<*> <*> received<*> <*> received<*> lifetime <*>",0.9886,<*> open through proxy socks.cse.cuhk.edu.hk<*> SOCKS5,0.1168,tcpconn<*> error : A connection request was canceled before the completion.,0.1114,8.97,8
520,<*> open through proxy <*> HTTPS,exact,proxy.cse.cuhk.edu.hk<*> open through proxy proxy.cse.cuhk.edu.hk<*> HTTPS,1.0,<*> open through proxy socks.cse.cuhk.edu.hk<*> SOCKS5,0.672,"<*> error : Could not connect through proxy proxy.cse.cuhk.edu.hk<*> - Proxy server cannot establish a connection with the target, status code <*>",0.5295,7.79,8
521,"<*> close, 575 bytes sent, 243 bytes received, lifetime <*>",partial,"<*> close, <*> bytes sent<*> KB<*> <*> received<*> <*> received<*> <*> received<*> lifetime <*>",0.9681,tcpconn<*> error : A connection request was canceled before the completion.,0.1954,<*> open through proxy socks.cse.cuhk.edu.hk<*> SOCKS5,0.1853,8.12,8
522,<*> open through proxy <*> HTTPS,exact,proxy.cse.cuhk.edu.hk<*> open through proxy proxy.cse.cuhk.edu.hk<*> HTTPS,1.0,<*> open through proxy socks.cse.cuhk.edu.hk<*> SOCKS5,0.672,"<*> error : Could not connect through proxy proxy.cse.cuhk.edu.hk<*> - Proxy server cannot establish a connection with the target, status code <*>",0.5295,7.96,8
523,<*> open through proxy <*> HTTPS,exact,proxy.cse.cuhk.edu.hk<*> open through proxy proxy.cse.cuhk.edu.hk<*> HTTPS,1.0,<*> open through proxy socks.cse.cuhk.edu.hk<*> SOCKS5,0.672,"<*> error : Could not connect through proxy proxy.cse.cuhk.edu.hk<*> - Proxy server cannot establish a connection with the target, status code <*>",0.5295,7.88,8
524,"<*> error : Could not connect through proxy <*> - Proxy server cannot establish a connection with the target, status code 503",partial,"<*> error : Could not connect through proxy proxy.cse.cuhk.edu.hk<*> - Proxy server cannot establish a connection with the target, status code <*>",0.9262,<*> error : Could not connect <*> proxy proxy.cse.cuhk.edu.hk<*> - <*>,0.8324,awqiizxequsixgr:80 error : Could not connect to proxy proxy.cse.cuhk.edu.hk<*> - Could not resolve proxy.cse.cuhk.edu.hk<*> error <*>,0.6417,9.4,8
525,"<*> close, 4121 bytes (<*> <*>) sent, 4104 bytes (<*> <*>) received, lifetime <*>",partial,"<*> close, <*> bytes sent<*> KB<*> <*> received<*> <*> received<*> <*> received<*> lifetime <*>",0.9798,tcpconn<*> error : A connection request was canceled before the completion.,0.1466,<*> open through proxy socks.cse.cuhk.edu.hk<*> SOCKS5,0.1305,8.97,8
526,<*> open through proxy <*> HTTPS,exact,proxy.cse.cuhk.edu.hk<*> open through proxy proxy.cse.cuhk.edu.hk<*> HTTPS,1.0,<*> open through proxy socks.cse.cuhk.edu.hk<*> SOCKS5,0.672,"<*> error : Could not connect through proxy proxy.cse.cuhk.edu.hk<*> - Proxy server cannot establish a connection with the target, status code <*>",0.5291,7.9,8
527,<*> open through proxy <*> HTTPS,exact,proxy.cse.cuhk.edu.hk<*> open through proxy proxy.cse.cuhk.edu.hk<*> HTTPS,1.0,<*> open through proxy socks.cse.cuhk.edu.hk<*> SOCKS5,0.672,"<*> error : Could not connect through proxy proxy.cse.cuhk.edu.hk<*> - Proxy server cannot establish a connection with the target, status code <*>",0.5291,7.84,8
528,"<*> close, 634 bytes sent, 166 bytes received, lifetime <*>",partial,"<*> close, <*> bytes sent<*> KB<*> <*> received<*> <*> received<*> <*> received<*> lifetime <*>",0.9779,tcpconn<*> error : A connection request was canceled before the completion.,0.1803,<*> open through proxy socks.cse.cuhk.edu.hk<*> SOCKS5,0.1706,8.2,8
529,<*> open through proxy <*> HTTPS,exact,proxy.cse.cuhk.edu.hk<*> open through proxy proxy.cse.cuhk.edu.hk<*> HTTPS,1.0,<*> open through proxy socks.cse.cuhk.edu.hk<*> SOCKS5,0.672,"<*> error : Could not connect through proxy proxy.cse.cuhk.edu.hk<*> - Proxy server cannot establish a connection with the target, status code <*>",0.5291,7.76,8
530,<*> open through proxy <*> HTTPS,exact,proxy.cse.cuhk.edu.hk<*> open through proxy proxy.cse.cuhk.edu.hk<*> HTTPS,1.0,<*> open through proxy socks.cse.cuhk.edu.hk<*> SOCKS5,0.672,"<*> error : Could not connect through proxy proxy.cse.cuhk.edu.hk<*> - Proxy server cannot establish a connection with the target, status code <*>",0.5291,7.72,8
531,<*> open through proxy <*> HTTPS,exact,proxy.cse.cuhk.edu.hk<*> open through proxy proxy.cse.cuhk.edu.hk<*> HTTPS,1.0,<*> open through proxy socks.cse.cuhk.edu.hk<*> SOCKS5,0.672,"<*> error : Could not connect through proxy proxy.cse.cuhk.edu.hk<*> - Proxy server cannot establish a connection with the target, status code <*>",0.5291,7.73,8
532,<*> open through proxy <*> HTTPS,exact,proxy.cse.cuhk.edu.hk<*> open through proxy proxy.cse.cuhk.edu.hk<*> HTTPS,1.0,<*> open through proxy socks.cse.cuhk.edu.hk<*> SOCKS5,0.672,"<*> error : Could not connect through proxy proxy.cse.cuhk.edu.hk<*> - Proxy server cannot establish a connection with the target, status code <*>",0.5291,7.66,8
533,"<*> close, 470 bytes sent, 4691 bytes (<*> <*>) received, lifetime <*>",partial,"<*> close, <*> bytes sent<*> KB<*> <*> received<*> <*> received<*> <*> received<*> lifetime <*>",0.9842,<*> open through proxy socks.cse.cuhk.edu.hk<*> SOCKS5,0.1038,tcpconn<*> error : A connection request was canceled before the completion.,0.0975,8.52,8
534,<*> open through proxy <*> HTTPS,exact,proxy.cse.cuhk.edu.hk<*> open through proxy proxy.cse.cuhk.edu.hk<*> HTTPS,1.0,<*> open through proxy socks.cse.cuhk.edu.hk<*> SOCKS5,0.672,"<*> error : Could not connect through proxy proxy.cse.cuhk.edu.hk<*> - Proxy server cannot establish a connection with the target, status code <*>",0.5291,8.01,8
535,<*> open through proxy <*> HTTPS,exact,proxy.cse.cuhk.edu.hk<*> open through proxy proxy.cse.cuhk.edu.hk<*> HTTPS,1.0,<*> open through proxy socks.cse.cuhk.edu.hk<*> SOCKS5,0.672,"<*> error : Could not connect through proxy proxy.cse.cuhk.edu.hk<*> - Proxy server cannot establish a connection with the target, status code <*>",0.5291,7.69,8
536,<*> open through proxy <*> HTTPS,exact,proxy.cse.cuhk.edu.hk<*> open through proxy proxy.cse.cuhk.edu.hk<*> HTTPS,1.0,<*> open through proxy socks.cse.cuhk.edu.hk<*> SOCKS5,0.672,"<*> error : Could not connect through proxy proxy.cse.cuhk.edu.hk<*> - Proxy server cannot establish a connection with the target, status code <*>",0.5291,7.64,8
537,"<*> close, 820 bytes sent, 5619 bytes (<*> <*>) received, lifetime <*>",partial,"<*> close, <*> bytes sent<*> KB<*> <*> received<*> <*> received<*> <*> received<*> lifetime <*>",0.9827,<*> open through proxy socks.cse.cuhk.edu.hk<*> SOCKS5,0.1092,tcpconn<*> error : A connection request was canceled before the completion.,0.087,8.4,8
538,"<*> close, 10046 bytes (<*> <*>) sent, 5657896 bytes (<*> <*>) received, lifetime <*>",partial,"<*> close, <*> bytes sent<*> KB<*> <*> received<*> <*> received<*> <*> received<*> lifetime <*>",0.9882,<*> open through proxy socks.cse.cuhk.edu.hk<*> SOCKS5,0.1211,tcpconn<*> error : A connection request was canceled before the completion.,0.0976,9.05,8
539,<*> open through proxy <*> HTTPS,exact,proxy.cse.cuhk.edu.hk<*> open through proxy proxy.cse.cuhk.edu.hk<*> HTTPS,1.0,<*> open through proxy socks.cse.cuhk.edu.hk<*> SOCKS5,0.672,"<*> error : Could not connect through proxy proxy.cse.cuhk.edu.hk<*> - Proxy server cannot establish a connection with the target, status code <*>",0.5291,7.87,8
540,<*> open through proxy <*> HTTPS,exact,proxy.cse.cuhk.edu.hk<*> open through proxy proxy.cse.cuhk.edu.hk<*> HTTPS,1.0,<*> open through proxy socks.cse.cuhk.edu.hk<*> SOCKS5,0.672,"<*> error : Could not connect through proxy proxy.cse.cuhk.edu.hk<*> - Proxy server cannot establish a connection with the target, status code <*>",0.5291,7.83,8
541,"<*> close, 1175 bytes (<*> <*>) sent, 11041 bytes (<*> <*>) received, lifetime <*>",partial,"<*> close, <*> bytes sent<*> KB<*> <*> received<*> <*> received<*> <*> received<*> lifetime <*>",0.9684,tcpconn<*> error : A connection request was canceled before the completion.,0.1194,<*> open through proxy socks.cse.cuhk.edu.hk<*> SOCKS5,0.1064,9.04,8
542,"<*> close, 2883 bytes (<*> <*>) sent, 90785 bytes (<*> <*>) received, lifetime <*>",exact,"<*> close, <*> bytes sent<*> KB<*> <*> received<*> <*> received<*> <*> received<*> lifetime <*>",0.9904,tcpconn<*> error : A connection request was canceled before the completion.,0.125,<*> open through proxy socks.cse.cuhk.edu.hk<*> SOCKS5,0.1234,9.07,8
543,"<*> close, 985 bytes sent, 463 bytes received, lifetime <*>",partial,"<*> close, <*> bytes sent<*> KB<*> <*> received<*> <*> received<*> <*> received<*> lifetime <*>",0.9775,tcpconn<*> error : A connection request was canceled before the completion.,0.1764,<*> open through proxy socks.cse.cuhk.edu.hk<*> SOCKS5,0.1749,8.03,8
544,"<*> close, 0 bytes sent, 0 bytes received, lifetime <*>",partial,"<*> close, <*> bytes sent<*> KB<*> <*> received<*> <*> received<*> <*> received<*> lifetime <*>",0.8889,<*> open through proxy socks.cse.cuhk.edu.hk<*> SOCKS5,0.226,tcpconn<*> error : A connection request was canceled before the completion.,0.2168,8.01,8
545,<*> open through proxy <*> HTTPS,exact,proxy.cse.cuhk.edu.hk<*> open through proxy proxy.cse.cuhk.edu.hk<*> HTTPS,1.0,<*> open through proxy socks.cse.cuhk.edu.hk<*> SOCKS5,0.672,"<*> error : Could not connect through proxy proxy.cse.cuhk.edu.hk<*> - Proxy server cannot establish a connection with the target, status code <*>",0.5291,7.75,8
546,"<*> close, 1046 bytes (<*> <*>) sent, 5463 bytes (<*> <*>) received, lifetime <*>",partial,"<*> close, <*> bytes sent<*> KB<*> <*> received<*> <*> received<*> <*> received<*> lifetime <*>",0.9886,<*> open through proxy socks.cse.cuhk.edu.hk<*> SOCKS5,0.115,tcpconn<*> error : A connection request was canceled before the completion.,0.1112,8.95,8
547,"<*> close, 923 bytes sent, 456 bytes received, lifetime <*>",partial,"<*> close, <*> bytes sent<*> KB<*> <*> received<*> <*> received<*> <*> received<*> lifetime <*>",0.9717,tcpconn<*> error : A connection request was canceled before the completion.,0.1926,<*> open through proxy socks.cse.cuhk.edu.hk<*> SOCKS5,0.1766,8.15,8
548,<*> open through proxy <*> HTTPS,exact,proxy.cse.cuhk.edu.hk<*> open through proxy proxy.cse.cuhk.edu.hk<*> HTTPS,1.0,<*> open through proxy socks.cse.cuhk.edu.hk<*> SOCKS5,0.672,"<*> error : Could not connect through proxy proxy.cse.cuhk.edu.hk<*> - Proxy server cannot establish a connection with the target, status code <*>",0.5291,8.05,8
549,<*> open through proxy <*> HTTPS,exact,proxy.cse.cuhk.edu.hk<*> open through proxy proxy.cse.cuhk.edu.hk<*> HTTPS,1.0,<*> open through proxy socks.cse.cuhk.edu.hk<*> SOCKS5,0.672,"<*> error : Could not connect through proxy proxy.cse.cuhk.edu.hk<*> - Proxy server cannot establish a connection with the target, status code <*>",0.5291,7.68,8
550,"<*> close, 745 bytes sent, 229 bytes received, lifetime <*>",partial,"<*> close, <*> bytes sent<*> KB<*> <*> received<*> <*> received<*> <*> received<*> lifetime <*>",0.9594,tcpconn<*> error : A connection request was canceled before the completion.,0.2103,<*> open through proxy socks.cse.cuhk.edu.hk<*> SOCKS5,0.1998,8.27,8
551,"<*> close, 261 bytes sent, 70 bytes received, lifetime <*>",partial,"<*> close, <*> bytes sent<*> KB<*> <*> received<*> <*> received<*> <*> received<*> lifetime <*>",0.9736,tcpconn<*> error : A connection request was canceled before the completion.,0.1879,<*> open through proxy socks.cse.cuhk.edu.hk<*> SOCKS5,0.1542,7.94,8
552,"<*> error : Could not connect through proxy <*> - Proxy server cannot establish a connection with the target, status code 403",partial,"<*> error : Could not connect through proxy proxy.cse.cuhk.edu.hk<*> - Proxy server cannot establish a connection with the target, status code <*>",0.9875,<*> error : Could not connect <*> proxy proxy.cse.cuhk.edu.hk<*> - <*>,0.8254,awqiizxequsixgr:80 error : Could not connect to proxy proxy.cse.cuhk.edu.hk<*> - Could not resolve proxy.cse.cuhk.edu.hk<*> error <*>,0.6485,8.5,8
553,"<*> error : Could not connect through proxy <*> - Proxy server cannot establish a connection with the target, status code 403",partial,"<*> error : Could not connect through proxy proxy.cse.cuhk.edu.hk<*> - Proxy server cannot establish a connection with the target, status code <*>",0.9884,<*> error : Could not connect <*> proxy proxy.cse.cuhk.edu.hk<*> - <*>,0.8254,awqiizxequsixgr:80 error : Could not connect to proxy proxy.cse.cuhk.edu.hk<*> - Could not resolve proxy.cse.cuhk.edu.hk<*> error <*>,0.6485,8.44,8
554,"<*> close, 1239 bytes (<*> <*>) sent, 20185 bytes (<*> <*>) received, lifetime <*>",partial,"<*> close, <*> bytes sent<*> KB<*> <*> received<*> <*> received<*> <*> received<*> lifetime <*>",0.976,<*> open through proxy socks.cse.cuhk.edu.hk<*> SOCKS5,0.1169,tcpconn<*> error : A connection request was canceled before the completion.,0.1148,8.99,8
555,"<*> close, 22150 bytes (<*> <*>) sent, 60543 bytes (<*> <*>) received, lifetime <*>",partial,"<*> close, <*> bytes sent<*> KB<*> <*> received<*> <*> received<*> <*> received<*> lifetime <*>",0.9817,tcpconn<*> error : A connection request was canceled before the completion.,0.1155,<*> open through proxy socks.cse.cuhk.edu.hk<*> SOCKS5,0.1125,9.05,8
556,<*> open through proxy <*> HTTPS,exact,proxy.cse.cuhk.edu.hk<*> open through proxy proxy.cse.cuhk.edu.hk<*> HTTPS,1.0,<*> open through proxy socks.cse.cuhk.edu.hk<*> SOCKS5,0.672,"<*> error : Could not connect through proxy proxy.cse.cuhk.edu.hk<*> - Proxy server cannot establish a connection with the target, status code <*>",0.5295,7.77,8
557,"<*> close, 4552 bytes (<*> <*>) sent, 1616 bytes (<*> <*>) received, lifetime <*>",partial,"<*> close, <*> bytes sent<*> KB<*> <*> received<*> <*> received<*> <*> received<*> lifetime <*>",0.986,tcpconn<*> error : A connection request was canceled before the completion.,0.1371,<*> open through proxy socks.cse.cuhk.edu.hk<*> SOCKS5,0.1176,8.98,8
558,<*> open through proxy <*> HTTPS,exact,proxy.cse.cuhk.edu.hk<*> open through proxy proxy.cse.cuhk.edu.hk<*> HTTPS,1.0,<*> open through proxy socks.cse.cuhk.edu.hk<*> SOCKS5,0.672,"<*> error : Could not connect through proxy proxy.cse.cuhk.edu.hk<*> - Proxy server cannot establish a connection with the target, status code <*>",0.5295,7.9,8
559,"<*> close, 733 bytes sent, 229 bytes received, lifetime <*>",partial,"<*> close, <*> bytes sent<*> KB<*> <*> received<*> <*> received<*> <*> received<*> lifetime <*>",0.9779,tcpconn<*> error : A connection request was canceled before the completion.,0.186,<*> open through proxy socks.cse.cuhk.edu.hk<*> SOCKS5,0.1638,8.0,8
560,<*> open through proxy <*> HTTPS,exact,proxy.cse.cuhk.edu.hk<*> open through proxy proxy.cse.cuhk.edu.hk<*> HTTPS,1.0,<*> open through proxy socks.cse.cuhk.edu.hk<*> SOCKS5,0.672,"<*> error : Could not connect through proxy proxy.cse.cuhk.edu.hk<*> - Proxy server cannot establish a connection with the target, status code <*>",0.5295,7.75,8
561,"<*> close, 733 bytes sent, 151 bytes received, lifetime <*>",partial,"<*> close, <*> bytes sent<*> KB<*> <*> received<*> <*> received<*> <*> received<*> lifetime <*>",0.9738,tcpconn<*> error : A connection request was canceled before the completion.,0.1839,<*> open through proxy socks.cse.cuhk.edu.hk<*> SOCKS5,0.1747,8.05,8
562,<*> open through proxy <*> HTTPS,exact,proxy.cse.cuhk.edu.hk<*> open through proxy proxy.cse.cuhk.edu.hk<*> HTTPS,1.0,<*> open through proxy socks.cse.cuhk.edu.hk<*> SOCKS5,0.672,"<*> error : Could not connect through proxy proxy.cse.cuhk.edu.hk<*> - Proxy server cannot establish a connection with the target, status code <*>",0.5295,7.82,8
563,<*> open through proxy <*> HTTPS,exact,proxy.cse.cuhk.edu.hk<*> open through proxy proxy.cse.cuhk.edu.hk<*> HTTPS,1.0,<*> open through proxy socks.cse.cuhk.edu.hk<*> SOCKS5,0.672,"<*> error : Could not connect through proxy proxy.cse.cuhk.edu.hk<*> - Proxy server cannot establish a connection with the target, status code <*>",0.5295,7.66,8
564,<*> open through proxy <*> HTTPS,exact,proxy.cse.cuhk.edu.hk<*> open through proxy proxy.cse.cuhk.edu.hk<*> HTTPS,1.0,<*> open through proxy socks.cse.cuhk.edu.hk<*> SOCKS5,0.672,"<*> error : Could not connect through proxy proxy.cse.cuhk.edu.hk<*> - Proxy server cannot establish a connection with the target, status code <*>",0.5295,7.72,8
565,<*> open through proxy <*> HTTPS,exact,proxy.cse.cuhk.edu.hk<*> open through proxy proxy.cse.cuhk.edu.hk<*> HTTPS,1.0,<*> open through proxy socks.cse.cuhk.edu.hk<*> SOCKS5,0.672,"<*> error : Could not connect through proxy proxy.cse.cuhk.edu.hk<*> - Proxy server cannot establish a connection with the target, status code <*>",0.5295,7.83,8
566,<*> open through proxy <*> HTTPS,exact,proxy.cse.cuhk.edu.hk<*> open through proxy proxy.cse.cuhk.edu.hk<*> HTTPS,1.0,<*> open through proxy socks.cse.cuhk.edu.hk<*> SOCKS5,0.672,"<*> error : Could not connect through proxy proxy.cse.cuhk.edu.hk<*> - Proxy server cannot establish a connection with the target, status code <*>",0.5295,7.85,8
567,<*> open through proxy <*> HTTPS,exact,proxy.cse.cuhk.edu.hk<*> open through proxy proxy.cse.cuhk.edu.hk<*> HTTPS,1.0,<*> open through proxy socks.cse.cuhk.edu.hk<*> SOCKS5,0.672,"<*> error : Could not connect through proxy proxy.cse.cuhk.edu.hk<*> - Proxy server cannot establish a connection with the target, status code <*>",0.5295,7.62,8
568,<*> open through proxy <*> HTTPS,exact,proxy.cse.cuhk.edu.hk<*> open through proxy proxy.cse.cuhk.edu.hk<*> HTTPS,1.0,<*> open through proxy socks.cse.cuhk.edu.hk<*> SOCKS5,0.672,"<*> error : Could not connect through proxy proxy.cse.cuhk.edu.hk<*> - Proxy server cannot establish a connection with the target, status code <*>",0.5295,7.75,8
569,<*> open through proxy <*> HTTPS,exact,proxy.cse.cuhk.edu.hk<*> open through proxy proxy.cse.cuhk.edu.hk<*> HTTPS,1.0,<*> open through proxy socks.cse.cuhk.edu.hk<*> SOCKS5,0.672,"<*> error : Could not connect through proxy proxy.cse.cuhk.edu.hk<*> - Proxy server cannot establish a connection with the target, status code <*>",0.5295,7.78,8
570,<*> open through proxy <*> HTTPS,exact,proxy.cse.cuhk.edu.hk<*> open through proxy proxy.cse.cuhk.edu.hk<*> HTTPS,1.0,<*> open through proxy socks.cse.cuhk.edu.hk<*> SOCKS5,0.672,"<*> error : Could not connect through proxy proxy.cse.cuhk.edu.hk<*> - Proxy server cannot establish a connection with the target, status code <*>",0.5295,7.7,8
571,"<*> close, 643 bytes sent, 3276 bytes (<*> <*>) received, lifetime <*>",partial,"<*> close, <*> bytes sent<*> KB<*> <*> received<*> <*> received<*> <*> received<*> lifetime <*>",0.9868,<*> open through proxy socks.cse.cuhk.edu.hk<*> SOCKS5,0.1399,tcpconn<*> error : A connection request was canceled before the completion.,0.1378,8.69,8
572,"<*> close, 733 bytes sent, 229 bytes received, lifetime <*>",partial,"<*> close, <*> bytes sent<*> KB<*> <*> received<*> <*> received<*> <*> received<*> lifetime <*>",0.9779,tcpconn<*> error : A connection request was canceled before the completion.,0.186,<*> open through proxy socks.cse.cuhk.edu.hk<*> SOCKS5,0.1638,8.08,8
573,"<*> close, 568 bytes sent, 152 bytes received, lifetime <*>",partial,"<*> close, <*> bytes sent<*> KB<*> <*> received<*> <*> received<*> <*> received<*> lifetime <*>",0.9296,tcpconn<*> error : A connection request was canceled before the completion.,0.2243,<*> open through proxy socks.cse.cuhk.edu.hk<*> SOCKS5,0.2235,8.22,8
574,"<*> close, 332 bytes sent, 3763 bytes (<*> <*>) received, lifetime <*>",partial,"<*> close, <*> bytes sent<*> KB<*> <*> received<*> <*> received<*> <*> received<*> lifetime <*>",0.9861,<*> open through proxy socks.cse.cuhk.edu.hk<*> SOCKS5,0.1158,tcpconn<*> error : A connection request was canceled before the completion.,0.1085,8.66,8
575,<*> open through proxy <*> HTTPS,exact,proxy.cse.cuhk.edu.hk<*> open through proxy proxy.cse.cuhk.edu.hk<*> HTTPS,1.0,<*> open through proxy socks.cse.cuhk.edu.hk<*> SOCKS5,0.672,"<*> error : Could not connect through proxy proxy.cse.cuhk.edu.hk<*> - Proxy server cannot establish a connection with the target, status code <*>",0.5295,7.88,8
576,<*> open through proxy <*> HTTPS,exact,proxy.cse.cuhk.edu.hk<*> open through proxy proxy.cse.cuhk.edu.hk<*> HTTPS,1.0,<*> open through proxy socks.cse.cuhk.edu.hk<*> SOCKS5,0.672,"<*> error : Could not connect through proxy proxy.cse.cuhk.edu.hk<*> - Proxy server cannot establish a connection with the target, status code <*>",0.5295,7.83,8
577,<*> open through proxy <*> HTTPS,exact,proxy.cse.cuhk.edu.hk<*> open through proxy proxy.cse.cuhk.edu.hk<*> HTTPS,1.0,<*> open through proxy socks.cse.cuhk.edu.hk<*> SOCKS5,0.672,"<*> error : Could not connect through proxy proxy.cse.cuhk.edu.hk<*> - Proxy server cannot establish a connection with the target, status code <*>",0.5295,7.85,8
578,<*> open through proxy <*> HTTPS,exact,proxy.cse.cuhk.edu.hk<*> open through proxy proxy.cse.cuhk.edu.hk<*> HTTPS,1.0,<*> open through proxy socks.cse.cuhk.edu.hk<*> SOCKS5,0.672,"<*> error : Could not connect through proxy proxy.cse.cuhk.edu.hk<*> - Proxy server cannot establish a connection with the target, status code <*>",0.5295,7.85,8
579,"<*> close, 0 bytes sent, 0 bytes received, lifetime <*>",partial,"<*> close, <*> bytes sent<*> KB<*> <*> received<*> <*> received<*> <*> received<*> lifetime <*>",0.8893,<*> open through proxy socks.cse.cuhk.edu.hk<*> SOCKS5,0.226,tcpconn<*> error : A connection request was canceled before the completion.,0.2168,8.1,8
580,<*> open through proxy <*> HTTPS,exact,proxy.cse.cuhk.edu.hk<*> open through proxy proxy.cse.cuhk.edu.hk<*> HTTPS,1.0,<*> open through proxy socks.cse.cuhk.edu.hk<*> SOCKS5,0.672,"<*> error : Could not connect through proxy proxy.cse.cuhk.edu.hk<*> - Proxy server cannot establish a connection with the target, status code <*>",0.5295,7.66,8
581,"<*> close, 0 bytes sent, 0 bytes received, lifetime <*>",partial,"<*> close, <*> bytes sent<*> KB<*> <*> received<*> <*> received<*> <*> received<*> lifetime <*>",0.8895,<*> open through proxy socks.cse.cuhk.edu.hk<*> SOCKS5,0.226,tcpconn<*> error : A connection request was canceled before the completion.,0.2168,8.1,8
582,<*> open through proxy <*> HTTPS,exact,proxy.cse.cuhk.edu.hk<*> open through proxy proxy.cse.cuhk.edu.hk<*> HTTPS,1.0,<*> open through proxy socks.cse.cuhk.edu.hk<*> SOCKS5,0.672,"<*> error : Could not connect through proxy proxy.cse.cuhk.edu.hk<*> - Proxy server cannot establish a connection with the target, status code <*>",0.5295,7.66,8
583,"<*> close, 867 bytes sent, 23546 bytes (<*> <*>) received, lifetime <*>",partial,"<*> close, <*> bytes sent<*> KB<*> <*> received<*> <*> received<*> <*> received<*> lifetime <*>",0.9835,<*> open through proxy socks.cse.cuhk.edu.hk<*> SOCKS5,0.0987,tcpconn<*> error : A connection request was canceled before the completion.,0.0895,8.51,8
584,<*> open through proxy <*> HTTPS,exact,proxy.cse.cuhk.edu.hk<*> open through proxy proxy.cse.cuhk.edu.hk<*> HTTPS,1.0,<*> open through proxy socks.cse.cuhk.edu.hk<*> SOCKS5,0.672,"<*> error : Could not connect through proxy proxy.cse.cuhk.edu.hk<*> - Proxy server cannot establish a connection with the target, status code <*>",0.5295,7.75,8
585,<*> open through proxy <*> HTTPS,exact,proxy.cse.cuhk.edu.hk<*> open through proxy proxy.cse.cuhk.edu.hk<*> HTTPS,1.0,<*> open through proxy socks.cse.cuhk.edu.hk<*> SOCKS5,0.672,"<*> error : Could not connect through proxy proxy.cse.cuhk.edu.hk<*> - Proxy server cannot establish a connection with the target, status code <*>",0.5295,7.69,8
586,<*> open through proxy <*> HTTPS,exact,proxy.cse.cuhk.edu.hk<*> open through proxy proxy.cse.cuhk.edu.hk<*> HTTPS,1.0,<*> open through proxy socks.cse.cuhk.edu.hk<*> SOCKS5,0.672,"<*> error : Could not connect through proxy proxy.cse.cuhk.edu.hk<*> - Proxy server cannot establish a connection with the target, status code <*>",0.5295,7.65,8
587,<*> open through proxy <*> HTTPS,exact,proxy.cse.cuhk.edu.hk<*> open through proxy proxy.cse.cuhk.edu.hk<*> HTTPS,1.0,<*> open through proxy socks.cse.cuhk.edu.hk<*> SOCKS5,0.672,"<*> error : Could not connect through proxy proxy.cse.cuhk.edu.hk<*> - Proxy server cannot establish a connection with the target, status code <*>",0.5295,7.6,8
588,<*> open through proxy <*> HTTPS,exact,proxy.cse.cuhk.edu.hk<*> open through proxy proxy.cse.cuhk.edu.hk<*> HTTPS,1.0,<*> open through proxy socks.cse.cuhk.edu.hk<*> SOCKS5,0.672,"<*> error : Could not connect through proxy proxy.cse.cuhk.edu.hk<*> - Proxy server cannot establish a connection with the target, status code <*>",0.5295,7.75,8
589,<*> open through proxy <*> HTTPS,exact,proxy.cse.cuhk.edu.hk<*> open through proxy proxy.cse.cuhk.edu.hk<*> HTTPS,1.0,<*> open through proxy socks.cse.cuhk.edu.hk<*> SOCKS5,0.672,"<*> error : Could not connect through proxy proxy.cse.cuhk.edu.hk<*> - Proxy server cannot establish a connection with the target, status code <*>",0.5295,7.6,8
590,"<*> close, 0 bytes sent, 0 bytes received, lifetime <*>",partial,"<*> close, <*> bytes sent<*> KB<*> <*> received<*> <*> received<*> <*> received<*> lifetime <*>",0.8897,<*> open through proxy socks.cse.cuhk.edu.hk<*> SOCKS5,0.226,tcpconn<*> error : A connection request was canceled before the completion.,0.2168,8.07,8
591,<*> open through proxy <*> HTTPS,exact,proxy.cse.cuhk.edu.hk<*> open through proxy proxy.cse.cuhk.edu.hk<*> HTTPS,1.0,<*> open through proxy socks.cse.cuhk.edu.hk<*> SOCKS5,0.672,"<*> error : Could not connect through proxy proxy.cse.cuhk.edu.hk<*> - Proxy server cannot establish a connection with the target, status code <*>",0.5295,7.87,8
592,<*> open through proxy <*> HTTPS,exact,proxy.cse.cuhk.edu.hk<*> open through proxy proxy.cse.cuhk.edu.hk<*> HTTPS,1.0,<*> open through proxy socks.cse.cuhk.edu.hk<*> SOCKS5,0.672,"<*> error : Could not connect through proxy proxy.cse.cuhk.edu.hk<*> - Proxy server cannot establish a connection with the target, status code <*>",0.5295,7.83,8
593,<*> open through proxy <*> HTTPS,exact,proxy.cse.cuhk.edu.hk<*> open through proxy proxy.cse.cuhk.edu.hk<*> HTTPS,1.0,<*> open through proxy socks.cse.cuhk.edu.hk<*> SOCKS5,0.672,"<*> error : Could not connect through proxy proxy.cse.cuhk.edu.hk<*> - Proxy server cannot establish a connection with the target, status code <*>",0.5295,7.82,8
594,<*> open through proxy <*> HTTPS,exact,proxy.cse.cuhk.edu.hk<*> open through proxy proxy.cse.cuhk.edu.hk<*> HTTPS,1.0,<*> open through proxy socks.cse.cuhk.edu.hk<*> SOCKS5,0.672,"<*> error : Could not connect through proxy proxy.cse.cuhk.edu.hk<*> - Proxy server cannot establish a connection with the target, status code <*>",0.5295,7.65,8
595,"<*> close, 330 bytes sent, 4169 bytes (<*> <*>) received, lifetime <*>",partial,"<*> close, <*> bytes sent<*> KB<*> <*> received<*> <*> received<*> <*> received<*> lifetime <*>",0.9831,tcpconn<*> error : A connection request was canceled before the completion.,0.1437,<*> open through proxy socks.cse.cuhk.edu.hk<*> SOCKS5,0.1322,8.46,8
596,"<*> close, 334 bytes sent, 3713 bytes (<*> <*>) received, lifetime <*>",partial,"<*> close, <*> bytes sent<*> KB<*> <*> received<*> <*> received<*> <*> received<*> lifetime <*>",0.9733,<*> open through proxy socks.cse.cuhk.edu.hk<*> SOCKS5,0.0856,tcpconn<*> error : A connection request was canceled before the completion.,0.0785,8.35,8
597,<*> open through proxy <*> HTTPS,exact,proxy.cse.cuhk.edu.hk<*> open through proxy proxy.cse.cuhk.edu.hk<*> HTTPS,1.0,<*> open through proxy socks.cse.cuhk.edu.hk<*> SOCKS5,0.672,"<*> error : Could not connect through proxy proxy.cse.cuhk.edu.hk<*> - Proxy server cannot establish a connection with the target, status code <*>",0.5295,8.42,8
598,"<*> close, 0 bytes sent, 0 bytes received, lifetime <*>",partial,"<*> close, <*> bytes sent<*> KB<*> <*> received<*> <*> received<*> <*> received<*> lifetime <*>",0.8898,<*> open through proxy socks.cse.cuhk.edu.hk<*> SOCKS5,0.226,tcpconn<*> error : A connection request was canceled before the completion.,0.2168,8.26,8
599,"<*> close, 0 bytes sent, 0 bytes received, lifetime <*>",partial,"<*> close, <*> bytes sent<*> KB<*> <*> received<*> <*> received<*> <*> received<*> lifetime <*>",0.89,<*> open through proxy socks.cse.cuhk.edu.hk<*> SOCKS5,0.226,tcpconn<*> error : A connection request was canceled before the completion.,0.2168,8.12,8
600,"<*> close, 0 bytes sent, 0 bytes received, lifetime <*>",partial,"<*> close, <*> bytes sent<*> KB<*> <*> received<*> <*> received<*> <*> received<*> lifetime <*>",0.8902,<*> open through proxy socks.cse.cuhk.edu.hk<*> SOCKS5,0.226,tcpconn<*> error : A connection request was canceled before the completion.,0.2168,8.09,8
