log_id,normalised,match_type,top1_template,top1_score,top2_template,top2_score,top3_template,top3_score,latency_ms,store_size
1,Got assigned task 1239,partial,Got assigned task <*>,0.9373,Got assigned task 590,0.7938,Got assigned task 360,0.7801,31.67,33
2,Running task 39.0 in stage 26.0 (TID 1239),partial,Running task <*> in stage <*> (TID <*>,0.9472,Finished task <*> in stage <*> (TID <*> bytes result sent to driver,0.6641,Got assigned task <*>,0.5202,21.67,33
3,"Times: total = 47, boot = 17, init = 23, finish = 7",partial,Times: total = <*> boot = <*> init = <*> finish = <*>,0.9719,Finished task <*> in stage <*> (TID <*> bytes result sent to driver,0.3844,Got assigned task 273,0.2706,21.15,33
4,"Partition rdd_42_38 not found, computing it",partial,"Partition rdd_<*> not found, computing it",0.9651,Found block rdd_<*> locally,0.5942,"Block rdd_<*> stored as bytes in memory (estimated size <*> <*>, free <*> <*>)",0.5231,20.28,33
5,Input split: hdfs://<*>:9000/pjhe/logs/2kSOSP.log:277096+7292,exact,Input split: hdfs<*>,0.9981,Saved output of task <*> to hdfs<*>,0.6283,Created local directory at /opt/hdfs/nodemanager/usercache/curi/appcache/application_1485248649253_0147/blockmgr-70293f72-844a-4b39-9ad6-fb0ad7e364e4,0.3742,21.61,33
6,"Partition rdd_42_39 not found, computing it",partial,"Partition rdd_<*> not found, computing it",0.9723,Found block rdd_<*> locally,0.6013,"Block rdd_<*> stored as bytes in memory (estimated size <*> <*>, free <*> <*>)",0.5281,20.35,33
7,Input split: hdfs://<*>:9000/pjhe/logs/2kSOSP.log:284388+7303,exact,Input split: hdfs<*>,0.9967,Saved output of task <*> to hdfs<*>,0.6298,Created local directory at /opt/hdfs/nodemanager/usercache/curi/appcache/application_1485248649253_0147/blockmgr-70293f72-844a-4b39-9ad6-fb0ad7e364e4,0.3798,21.43,33
8,"Block rdd_42_35 stored as bytes in memory (estimated size 917.0 <*>, free 834.6 <*>)",partial,"Block rdd_<*> stored as bytes in memory (estimated size <*> <*>, free <*> <*>)",0.9793,Found block rdd_<*> locally,0.6493,"Partition rdd_<*> not found, computing it",0.5386,21.34,33
9,"Times: total = 53, boot = 8, init = 40, finish = 5",partial,Times: total = <*> boot = <*> init = <*> finish = <*>,0.9726,Finished task <*> in stage <*> (TID <*> bytes result sent to driver,0.3571,Reading broadcast variable <*> took <*> ms,0.243,21.08,33
10,"Times: total = 53, boot = 12, init = 36, finish = 5",partial,Times: total = <*> boot = <*> init = <*> finish = <*>,0.9651,Finished task <*> in stage <*> (TID <*> bytes result sent to driver,0.3606,Reading broadcast variable <*> took <*> ms,0.2442,20.65,33
11,"Block rdd_42_37 stored as bytes in memory (estimated size 939.0 <*>, free 835.5 <*>)",partial,"Block rdd_<*> stored as bytes in memory (estimated size <*> <*>, free <*> <*>)",0.9838,Found block rdd_<*> locally,0.6566,"Partition rdd_<*> not found, computing it",0.5378,21.17,33
12,"Block rdd_42_36 stored as bytes in memory (estimated size 912.0 <*>, free 836.4 <*>)",partial,"Block rdd_<*> stored as bytes in memory (estimated size <*> <*>, free <*> <*>)",0.9855,Found block rdd_<*> locally,0.652,"Partition rdd_<*> not found, computing it",0.5445,20.84,33
13,"Times: total = 41, boot = 9, init = 31, finish = 1",partial,Times: total = <*> boot = <*> init = <*> finish = <*>,0.9791,Finished task <*> in stage <*> (TID <*> bytes result sent to driver,0.3739,Got assigned task 273,0.2515,20.14,33
14,Finished task 35.0 in stage 26.0 (TID 1235). 2705 bytes result sent to driver,partial,Finished task <*> in stage <*> (TID <*> bytes result sent to driver,0.9717,Running task <*> in stage <*> (TID <*>,0.6487,Got assigned task 273,0.4792,20.42,33
15,"Times: total = 48, boot = 17, init = 25, finish = 6",partial,Times: total = <*> boot = <*> init = <*> finish = <*>,0.9651,Finished task <*> in stage <*> (TID <*> bytes result sent to driver,0.372,Got assigned task 273,0.2475,20.43,33
16,"Times: total = 51, boot = 8, init = 38, finish = 5",partial,Times: total = <*> boot = <*> init = <*> finish = <*>,0.9769,Finished task <*> in stage <*> (TID <*> bytes result sent to driver,0.3539,Got assigned task 273,0.2394,20.17,33
17,"Block rdd_42_38 stored as bytes in memory (estimated size 974.0 <*>, free 837.4 <*>)",partial,"Block rdd_<*> stored as bytes in memory (estimated size <*> <*>, free <*> <*>)",0.9843,Found block rdd_<*> locally,0.6499,"Partition rdd_<*> not found, computing it",0.5328,20.98,33
18,"Block rdd_42_39 stored as bytes in memory (estimated size 877.0 <*>, free 838.2 <*>)",partial,"Block rdd_<*> stored as bytes in memory (estimated size <*> <*>, free <*> <*>)",0.9867,Found block rdd_<*> locally,0.6629,"Partition rdd_<*> not found, computing it",0.5442,20.84,33
19,"Times: total = 40, boot = 24, init = 16, finish = 0",partial,Times: total = <*> boot = <*> init = <*> finish = <*>,0.9764,Finished task <*> in stage <*> (TID <*> bytes result sent to driver,0.3888,Reading broadcast variable <*> took <*> ms,0.2701,20.04,33
20,"Times: total = 42, boot = 22, init = 19, finish = 1",partial,Times: total = <*> boot = <*> init = <*> finish = <*>,0.986,Finished task <*> in stage <*> (TID <*> bytes result sent to driver,0.3941,Got assigned task 273,0.269,20.19,33
21,Finished task 36.0 in stage 26.0 (TID 1236). 2705 bytes result sent to driver,partial,Finished task <*> in stage <*> (TID <*> bytes result sent to driver,0.9724,Running task <*> in stage <*> (TID <*>,0.6384,Got assigned task 273,0.4875,20.45,33
22,Finished task 37.0 in stage 26.0 (TID 1237). 2705 bytes result sent to driver,partial,Finished task <*> in stage <*> (TID <*> bytes result sent to driver,0.9775,Running task <*> in stage <*> (TID <*>,0.6412,Got assigned task 273,0.4993,20.64,33
23,"Times: total = 40, boot = 13, init = 27, finish = 0",partial,Times: total = <*> boot = <*> init = <*> finish = <*>,0.9845,Finished task <*> in stage <*> (TID <*> bytes result sent to driver,0.4006,Running task <*> in stage <*> (TID <*>,0.2759,20.45,33
24,"Times: total = 38, boot = 18, init = 20, finish = 0",partial,Times: total = <*> boot = <*> init = <*> finish = <*>,0.9762,Finished task <*> in stage <*> (TID <*> bytes result sent to driver,0.3889,Got assigned task 273,0.256,20.55,33
25,Finished task 38.0 in stage 26.0 (TID 1238). 2703 bytes result sent to driver,partial,Finished task <*> in stage <*> (TID <*> bytes result sent to driver,0.9849,Running task <*> in stage <*> (TID <*>,0.6462,Got assigned task 273,0.4997,20.77,33
26,Finished task 39.0 in stage 26.0 (TID 1239). 2703 bytes result sent to driver,partial,Finished task <*> in stage <*> (TID <*> bytes result sent to driver,0.9832,Running task <*> in stage <*> (TID <*>,0.6496,Got assigned task 273,0.485,20.72,33
27,Got assigned task 1240,partial,Got assigned task <*>,0.964,Got assigned task 590,0.8144,Got assigned task 360,0.7788,19.72,33
28,Running task 0.0 in stage 27.0 (TID 1240),partial,Running task <*> in stage <*> (TID <*>,0.9647,Finished task <*> in stage <*> (TID <*> bytes result sent to driver,0.6462,Got assigned task <*>,0.483,20.29,33
29,Got assigned task 1241,partial,Got assigned task <*>,0.9656,Got assigned task 590,0.7982,Got assigned task 360,0.7774,19.66,33
30,Running task 1.0 in stage 27.0 (TID 1241),partial,Running task <*> in stage <*> (TID <*>,0.9547,Finished task <*> in stage <*> (TID <*> bytes result sent to driver,0.6318,Got assigned task <*>,0.5165,20.08,33
31,Got assigned task 1242,partial,Got assigned task <*>,0.9539,Got assigned task 590,0.7785,Got assigned task 360,0.7704,19.77,33
32,Started reading broadcast variable 38,partial,Started reading broadcast variable <*>,0.9648,Reading broadcast variable <*> took <*> ms,0.7863,"Block broadcast_<*> stored as <*> in memory (estimated size <*> <*>, free <*> <*>)",0.4913,19.48,33
33,Running task 2.0 in stage 27.0 (TID 1242),partial,Running task <*> in stage <*> (TID <*>,0.9428,Finished task <*> in stage <*> (TID <*> bytes result sent to driver,0.6503,Got assigned task <*>,0.5013,20.16,33
34,Got assigned task 1243,partial,Got assigned task <*>,0.9593,Got assigned task 590,0.7856,Got assigned task 360,0.7801,20.01,33
35,Running task 3.0 in stage 27.0 (TID 1243),partial,Running task <*> in stage <*> (TID <*>,0.923,Finished task <*> in stage <*> (TID <*> bytes result sent to driver,0.6195,Got assigned task <*>,0.4863,19.86,33
36,Got assigned task 1244,partial,Got assigned task <*>,0.9585,Got assigned task 590,0.7903,Got assigned task 360,0.7844,19.77,33
37,Running task 4.0 in stage 27.0 (TID 1244),partial,Running task <*> in stage <*> (TID <*>,0.9215,Finished task <*> in stage <*> (TID <*> bytes result sent to driver,0.6028,Got assigned task <*>,0.4723,20.34,33
38,"Block broadcast_38_piece0 stored as bytes in memory (estimated size 5.8 <*>, free 844.0 <*>)",partial,"Block broadcast_<*> stored as <*> in memory (estimated size <*> <*>, free <*> <*>)",0.9629,Reading broadcast variable <*> took <*> ms,0.5103,"Block rdd_<*> stored as bytes in memory (estimated size <*> <*>, free <*> <*>)",0.496,21.43,33
39,Reading broadcast variable 38 took 11 ms,partial,Reading broadcast variable <*> took <*> ms,0.9701,Started reading broadcast variable <*>,0.7967,"Block broadcast_<*> stored as <*> in memory (estimated size <*> <*>, free <*> <*>)",0.5203,20.02,33
40,"Block broadcast_38 stored as values in memory (estimated size 9.6 <*>, free 853.7 <*>)",partial,"Block broadcast_<*> stored as <*> in memory (estimated size <*> <*>, free <*> <*>)",0.949,Reading broadcast variable <*> took <*> ms,0.5573,Started reading broadcast variable <*>,0.5127,21.05,33
41,Found block rdd_42_0 locally,partial,Found block rdd_<*> locally,0.9858,"Block rdd_<*> stored as bytes in memory (estimated size <*> <*>, free <*> <*>)",0.6563,"Partition rdd_<*> not found, computing it",0.607,20.05,33
42,Found block rdd_42_4 locally,partial,Found block rdd_<*> locally,0.9784,"Block rdd_<*> stored as bytes in memory (estimated size <*> <*>, free <*> <*>)",0.6359,"Partition rdd_<*> not found, computing it",0.6085,19.75,33
43,Found block rdd_42_2 locally,partial,Found block rdd_<*> locally,0.9824,"Block rdd_<*> stored as bytes in memory (estimated size <*> <*>, free <*> <*>)",0.6414,"Partition rdd_<*> not found, computing it",0.607,19.62,33
44,Found block rdd_42_3 locally,partial,Found block rdd_<*> locally,0.9792,"Block rdd_<*> stored as bytes in memory (estimated size <*> <*>, free <*> <*>)",0.6229,"Partition rdd_<*> not found, computing it",0.6081,16.95,33
45,Found block rdd_42_1 locally,partial,Found block rdd_<*> locally,0.986,"Block rdd_<*> stored as bytes in memory (estimated size <*> <*>, free <*> <*>)",0.6472,"Partition rdd_<*> not found, computing it",0.6095,14.02,33
46,"Times: total = 39, boot = -108, init = 146, finish = 1",partial,Times: total = <*> boot = <*> init = <*> finish = <*>,0.978,Finished task <*> in stage <*> (TID <*> bytes result sent to driver,0.4201,Reading broadcast variable <*> took <*> ms,0.293,14.4,33
47,"Times: total = 42, boot = -77, init = 118, finish = 1",partial,Times: total = <*> boot = <*> init = <*> finish = <*>,0.9778,Finished task <*> in stage <*> (TID <*> bytes result sent to driver,0.4075,Got assigned task 273,0.3061,14.2,33
48,Finished task 0.0 in stage 27.0 (TID 1240). 2474 bytes result sent to driver,partial,Finished task <*> in stage <*> (TID <*> bytes result sent to driver,0.9851,Running task <*> in stage <*> (TID <*>,0.6866,Got assigned task 273,0.4848,14.25,33
49,"Times: total = 41, boot = -71, init = 111, finish = 1",partial,Times: total = <*> boot = <*> init = <*> finish = <*>,0.9771,Finished task <*> in stage <*> (TID <*> bytes result sent to driver,0.3902,Reading broadcast variable <*> took <*> ms,0.2655,14.23,33
50,"Times: total = 39, boot = -64, init = 102, finish = 1",partial,Times: total = <*> boot = <*> init = <*> finish = <*>,0.9584,Finished task <*> in stage <*> (TID <*> bytes result sent to driver,0.4255,Reading broadcast variable <*> took <*> ms,0.3112,14.14,33
51,Finished task 4.0 in stage 27.0 (TID 1244). 2685 bytes result sent to driver,partial,Finished task <*> in stage <*> (TID <*> bytes result sent to driver,0.9738,Running task <*> in stage <*> (TID <*>,0.6607,Got assigned task 273,0.4904,14.1,33
52,"Times: total = 42, boot = -66, init = 107, finish = 1",partial,Times: total = <*> boot = <*> init = <*> finish = <*>,0.9725,Finished task <*> in stage <*> (TID <*> bytes result sent to driver,0.405,Got assigned task 273,0.3069,14.34,33
53,Finished task 2.0 in stage 27.0 (TID 1242). 2523 bytes result sent to driver,partial,Finished task <*> in stage <*> (TID <*> bytes result sent to driver,0.9822,Running task <*> in stage <*> (TID <*>,0.6611,Got assigned task 273,0.4872,14.5,33
54,Got assigned task 1245,partial,Got assigned task <*>,0.9586,Got assigned task 590,0.7934,Got assigned task 360,0.7777,13.5,33
55,Running task 5.0 in stage 27.0 (TID 1245),partial,Running task <*> in stage <*> (TID <*>,0.9426,Finished task <*> in stage <*> (TID <*> bytes result sent to driver,0.6188,Got assigned task <*>,0.5007,13.8,33
56,Finished task 3.0 in stage 27.0 (TID 1243). 2651 bytes result sent to driver,partial,Finished task <*> in stage <*> (TID <*> bytes result sent to driver,0.975,Running task <*> in stage <*> (TID <*>,0.6409,Got assigned task 273,0.4767,14.02,33
57,Got assigned task 1246,partial,Got assigned task <*>,0.9697,Got assigned task 590,0.8091,Got assigned task 360,0.7992,13.45,33
58,Finished task 1.0 in stage 27.0 (TID 1241). 2428 bytes result sent to driver,partial,Finished task <*> in stage <*> (TID <*> bytes result sent to driver,0.9875,Running task <*> in stage <*> (TID <*>,0.6787,Got assigned task 273,0.4804,14.6,33
59,Running task 6.0 in stage 27.0 (TID 1246),partial,Running task <*> in stage <*> (TID <*>,0.9302,Finished task <*> in stage <*> (TID <*> bytes result sent to driver,0.6219,Got assigned task <*>,0.4817,14.17,33
60,Got assigned task 1247,partial,Got assigned task <*>,0.9714,Got assigned task 590,0.798,Got assigned task 360,0.7877,14.04,33
61,Running task 7.0 in stage 27.0 (TID 1247),partial,Running task <*> in stage <*> (TID <*>,0.9341,Finished task <*> in stage <*> (TID <*> bytes result sent to driver,0.6211,Got assigned task <*>,0.4895,14.04,33
62,Found block rdd_42_5 locally,partial,Found block rdd_<*> locally,0.9819,"Block rdd_<*> stored as bytes in memory (estimated size <*> <*>, free <*> <*>)",0.6366,"Partition rdd_<*> not found, computing it",0.5926,14.07,33
63,Got assigned task 1248,partial,Got assigned task <*>,0.9678,Got assigned task 590,0.8074,Got assigned task 360,0.8027,13.81,33
64,Running task 8.0 in stage 27.0 (TID 1248),partial,Running task <*> in stage <*> (TID <*>,0.9107,Finished task <*> in stage <*> (TID <*> bytes result sent to driver,0.6081,Got assigned task <*>,0.4741,14.09,33
65,Got assigned task 1249,partial,Got assigned task <*>,0.963,Got assigned task 590,0.8053,Got assigned task 360,0.7797,13.84,33
66,Running task 9.0 in stage 27.0 (TID 1249),partial,Running task <*> in stage <*> (TID <*>,0.9191,Finished task <*> in stage <*> (TID <*> bytes result sent to driver,0.6115,Got assigned task <*>,0.4938,14.39,33
67,Found block rdd_42_7 locally,partial,Found block rdd_<*> locally,0.9809,"Block rdd_<*> stored as bytes in memory (estimated size <*> <*>, free <*> <*>)",0.6363,"Partition rdd_<*> not found, computing it",0.5961,13.65,33
68,Found block rdd_42_6 locally,partial,Found block rdd_<*> locally,0.9817,"Block rdd_<*> stored as bytes in memory (estimated size <*> <*>, free <*> <*>)",0.6337,"Partition rdd_<*> not found, computing it",0.598,13.71,33
69,Found block rdd_42_8 locally,partial,Found block rdd_<*> locally,0.9783,"Block rdd_<*> stored as bytes in memory (estimated size <*> <*>, free <*> <*>)",0.6393,"Partition rdd_<*> not found, computing it",0.5933,13.84,33
70,Found block rdd_42_9 locally,partial,Found block rdd_<*> locally,0.9785,"Block rdd_<*> stored as bytes in memory (estimated size <*> <*>, free <*> <*>)",0.6274,"Partition rdd_<*> not found, computing it",0.5827,13.84,33
71,"Times: total = 40, boot = 26, init = 13, finish = 1",partial,Times: total = <*> boot = <*> init = <*> finish = <*>,0.9745,Finished task <*> in stage <*> (TID <*> bytes result sent to driver,0.3893,Running task <*> in stage <*> (TID <*>,0.2643,14.4,33
72,Finished task 5.0 in stage 27.0 (TID 1245). 2721 bytes result sent to driver,partial,Finished task <*> in stage <*> (TID <*> bytes result sent to driver,0.9751,Running task <*> in stage <*> (TID <*>,0.6343,Got assigned task 273,0.4933,14.74,33
73,"Times: total = 42, boot = 13, init = 28, finish = 1",partial,Times: total = <*> boot = <*> init = <*> finish = <*>,0.9778,Finished task <*> in stage <*> (TID <*> bytes result sent to driver,0.3969,Got assigned task 273,0.2682,14.23,33
74,"Times: total = 40, boot = 15, init = 25, finish = 0",partial,Times: total = <*> boot = <*> init = <*> finish = <*>,0.9795,Finished task <*> in stage <*> (TID <*> bytes result sent to driver,0.3772,Reading broadcast variable <*> took <*> ms,0.2525,14.13,33
75,"Times: total = 42, boot = 24, init = 17, finish = 1",partial,Times: total = <*> boot = <*> init = <*> finish = <*>,0.9747,Finished task <*> in stage <*> (TID <*> bytes result sent to driver,0.3907,Got assigned task 273,0.2666,14.45,33
76,Got assigned task 1250,partial,Got assigned task <*>,0.9247,Got assigned task 590,0.7654,Got assigned task 360,0.755,13.9,33
77,Running task 10.0 in stage 27.0 (TID 1250),partial,Running task <*> in stage <*> (TID <*>,0.9416,Finished task <*> in stage <*> (TID <*> bytes result sent to driver,0.6249,Got assigned task <*>,0.4866,14.25,33
78,"Times: total = 43, boot = 13, init = 29, finish = 1",partial,Times: total = <*> boot = <*> init = <*> finish = <*>,0.9794,Finished task <*> in stage <*> (TID <*> bytes result sent to driver,0.4002,Reading broadcast variable <*> took <*> ms,0.2753,14.72,33
79,Finished task 8.0 in stage 27.0 (TID 1248). 2263 bytes result sent to driver,partial,Finished task <*> in stage <*> (TID <*> bytes result sent to driver,0.9653,Running task <*> in stage <*> (TID <*>,0.6306,Got assigned task 273,0.4858,14.71,33
80,Finished task 6.0 in stage 27.0 (TID 1246). 2220 bytes result sent to driver,partial,Finished task <*> in stage <*> (TID <*> bytes result sent to driver,0.9701,Running task <*> in stage <*> (TID <*>,0.6632,Got assigned task 273,0.4766,15.66,33
81,Finished task 7.0 in stage 27.0 (TID 1247). 2171 bytes result sent to driver,partial,Finished task <*> in stage <*> (TID <*> bytes result sent to driver,0.966,Running task <*> in stage <*> (TID <*>,0.6098,Got assigned task 273,0.5043,15.06,33
82,Found block rdd_42_10 locally,partial,Found block rdd_<*> locally,0.9838,"Block rdd_<*> stored as bytes in memory (estimated size <*> <*>, free <*> <*>)",0.6411,"Partition rdd_<*> not found, computing it",0.5948,14.05,33
83,Finished task 9.0 in stage 27.0 (TID 1249). 2427 bytes result sent to driver,partial,Finished task <*> in stage <*> (TID <*> bytes result sent to driver,0.9676,Running task <*> in stage <*> (TID <*>,0.6512,Got assigned task 273,0.4703,14.51,33
84,Got assigned task 1251,partial,Got assigned task <*>,0.9401,Got assigned task 590,0.7623,Got assigned task 360,0.7601,13.78,33
85,Running task 11.0 in stage 27.0 (TID 1251),partial,Running task <*> in stage <*> (TID <*>,0.9307,Finished task <*> in stage <*> (TID <*> bytes result sent to driver,0.6226,Got assigned task <*>,0.5358,14.16,33
86,Got assigned task 1252,partial,Got assigned task <*>,0.9316,Got assigned task 360,0.7565,Got assigned task 590,0.7463,13.79,33
87,Running task 12.0 in stage 27.0 (TID 1252),partial,Running task <*> in stage <*> (TID <*>,0.924,Finished task <*> in stage <*> (TID <*> bytes result sent to driver,0.6282,Got assigned task <*>,0.5315,14.08,33
88,Got assigned task 1253,partial,Got assigned task <*>,0.9353,Got assigned task 360,0.7615,Got assigned task 590,0.7504,13.73,33
89,Running task 13.0 in stage 27.0 (TID 1253),partial,Running task <*> in stage <*> (TID <*>,0.9182,Finished task <*> in stage <*> (TID <*> bytes result sent to driver,0.6238,Got assigned task <*>,0.5213,14.41,33
90,Got assigned task 1254,partial,Got assigned task <*>,0.9367,Got assigned task 360,0.7615,Got assigned task 590,0.7508,13.8,33
91,Running task 14.0 in stage 27.0 (TID 1254),partial,Running task <*> in stage <*> (TID <*>,0.9357,Finished task <*> in stage <*> (TID <*> bytes result sent to driver,0.6432,Got assigned task <*>,0.5275,14.29,33
92,Found block rdd_42_11 locally,partial,Found block rdd_<*> locally,0.9819,"Block rdd_<*> stored as bytes in memory (estimated size <*> <*>, free <*> <*>)",0.635,"Partition rdd_<*> not found, computing it",0.5954,13.9,33
93,Found block rdd_42_12 locally,partial,Found block rdd_<*> locally,0.9825,"Block rdd_<*> stored as bytes in memory (estimated size <*> <*>, free <*> <*>)",0.638,"Partition rdd_<*> not found, computing it",0.5942,13.9,33
94,Found block rdd_42_13 locally,partial,Found block rdd_<*> locally,0.9846,"Block rdd_<*> stored as bytes in memory (estimated size <*> <*>, free <*> <*>)",0.6291,"Partition rdd_<*> not found, computing it",0.5902,13.72,33
95,Found block rdd_42_14 locally,partial,Found block rdd_<*> locally,0.9855,"Block rdd_<*> stored as bytes in memory (estimated size <*> <*>, free <*> <*>)",0.6311,"Partition rdd_<*> not found, computing it",0.5923,13.75,33
96,"Times: total = 40, boot = 14, init = 25, finish = 1",partial,Times: total = <*> boot = <*> init = <*> finish = <*>,0.9833,Finished task <*> in stage <*> (TID <*> bytes result sent to driver,0.3685,Reading broadcast variable <*> took <*> ms,0.249,14.11,33
97,Finished task 10.0 in stage 27.0 (TID 1250). 2667 bytes result sent to driver,partial,Finished task <*> in stage <*> (TID <*> bytes result sent to driver,0.9746,Running task <*> in stage <*> (TID <*>,0.6541,Got assigned task <*>,0.4874,14.59,33
98,Got assigned task 1255,partial,Got assigned task <*>,0.9157,Got assigned task 360,0.7459,Got assigned task 590,0.7406,13.76,33
99,Running task 15.0 in stage 27.0 (TID 1255),partial,Running task <*> in stage <*> (TID <*>,0.8914,Finished task <*> in stage <*> (TID <*> bytes result sent to driver,0.6032,Got assigned task <*>,0.4914,14.15,33
100,"Times: total = 39, boot = 12, init = 26, finish = 1",partial,Times: total = <*> boot = <*> init = <*> finish = <*>,0.9743,Finished task <*> in stage <*> (TID <*> bytes result sent to driver,0.3949,Running task <*> in stage <*> (TID <*>,0.2656,14.5,33
101,"Times: total = 42, boot = 13, init = 28, finish = 1",partial,Times: total = <*> boot = <*> init = <*> finish = <*>,0.9781,Finished task <*> in stage <*> (TID <*> bytes result sent to driver,0.397,Got assigned task 273,0.2682,14.34,33
102,"Times: total = 40, boot = 10, init = 29, finish = 1",partial,Times: total = <*> boot = <*> init = <*> finish = <*>,0.976,Finished task <*> in stage <*> (TID <*> bytes result sent to driver,0.3813,Running task <*> in stage <*> (TID <*>,0.2617,14.7,33
103,Finished task 11.0 in stage 27.0 (TID 1251). 2402 bytes result sent to driver,partial,Finished task <*> in stage <*> (TID <*> bytes result sent to driver,0.9643,Running task <*> in stage <*> (TID <*>,0.6728,Got assigned task <*>,0.4776,16.13,33
104,Finished task 12.0 in stage 27.0 (TID 1252). 2486 bytes result sent to driver,partial,Finished task <*> in stage <*> (TID <*> bytes result sent to driver,0.9622,Running task <*> in stage <*> (TID <*>,0.6517,Got assigned task <*>,0.4723,15.56,33
105,"Times: total = 41, boot = 11, init = 29, finish = 1",partial,Times: total = <*> boot = <*> init = <*> finish = <*>,0.9783,Finished task <*> in stage <*> (TID <*> bytes result sent to driver,0.4,Running task <*> in stage <*> (TID <*>,0.2698,15.15,33
106,Found block rdd_42_15 locally,partial,Found block rdd_<*> locally,0.9816,"Block rdd_<*> stored as bytes in memory (estimated size <*> <*>, free <*> <*>)",0.629,"Partition rdd_<*> not found, computing it",0.5835,14.26,33
107,Finished task 14.0 in stage 27.0 (TID 1254). 2404 bytes result sent to driver,partial,Finished task <*> in stage <*> (TID <*> bytes result sent to driver,0.961,Running task <*> in stage <*> (TID <*>,0.6764,Got assigned task <*>,0.4726,14.59,33
108,Got assigned task 1256,partial,Got assigned task <*>,0.9489,Got assigned task 360,0.7785,Got assigned task 590,0.7744,13.76,33
109,Running task 16.0 in stage 27.0 (TID 1256),partial,Running task <*> in stage <*> (TID <*>,0.9369,Finished task <*> in stage <*> (TID <*> bytes result sent to driver,0.635,Got assigned task <*>,0.4836,14.09,33
110,Got assigned task 1257,partial,Got assigned task <*>,0.9485,Got assigned task 360,0.7685,Got assigned task 590,0.7605,13.81,33
111,Finished task 13.0 in stage 27.0 (TID 1253). 2522 bytes result sent to driver,partial,Finished task <*> in stage <*> (TID <*> bytes result sent to driver,0.9695,Running task <*> in stage <*> (TID <*>,0.6422,Got assigned task <*>,0.487,14.56,33
112,Running task 17.0 in stage 27.0 (TID 1257),partial,Running task <*> in stage <*> (TID <*>,0.9137,Finished task <*> in stage <*> (TID <*> bytes result sent to driver,0.63,Got assigned task <*>,0.5107,14.44,33
113,Got assigned task 1258,partial,Got assigned task <*>,0.9347,Got assigned task 360,0.7726,Got assigned task 590,0.7629,13.59,33
114,Running task 18.0 in stage 27.0 (TID 1258),partial,Running task <*> in stage <*> (TID <*>,0.9252,Finished task <*> in stage <*> (TID <*> bytes result sent to driver,0.6224,Got assigned task <*>,0.496,13.86,33
115,Got assigned task 1259,partial,Got assigned task <*>,0.9443,Got assigned task 590,0.7681,Got assigned task 360,0.7617,13.61,33
116,Running task 19.0 in stage 27.0 (TID 1259),partial,Running task <*> in stage <*> (TID <*>,0.925,Finished task <*> in stage <*> (TID <*> bytes result sent to driver,0.6284,Got assigned task <*>,0.4844,14.12,33
117,Found block rdd_42_16 locally,partial,Found block rdd_<*> locally,0.9819,"Block rdd_<*> stored as bytes in memory (estimated size <*> <*>, free <*> <*>)",0.6519,"Partition rdd_<*> not found, computing it",0.5923,13.83,33
118,Found block rdd_42_17 locally,partial,Found block rdd_<*> locally,0.9827,"Block rdd_<*> stored as bytes in memory (estimated size <*> <*>, free <*> <*>)",0.6336,"Partition rdd_<*> not found, computing it",0.5849,13.76,33
119,Found block rdd_42_19 locally,partial,Found block rdd_<*> locally,0.9861,"Block rdd_<*> stored as bytes in memory (estimated size <*> <*>, free <*> <*>)",0.6329,"Partition rdd_<*> not found, computing it",0.595,14.0,33
120,Found block rdd_42_18 locally,partial,Found block rdd_<*> locally,0.9867,"Block rdd_<*> stored as bytes in memory (estimated size <*> <*>, free <*> <*>)",0.6313,"Partition rdd_<*> not found, computing it",0.5952,14.31,33
121,"Times: total = 42, boot = 19, init = 22, finish = 1",partial,Times: total = <*> boot = <*> init = <*> finish = <*>,0.9865,Finished task <*> in stage <*> (TID <*> bytes result sent to driver,0.3894,Got assigned task 273,0.2609,14.44,33
122,Finished task 15.0 in stage 27.0 (TID 1255). 2523 bytes result sent to driver,partial,Finished task <*> in stage <*> (TID <*> bytes result sent to driver,0.9595,Running task <*> in stage <*> (TID <*>,0.6341,Got assigned task <*>,0.4747,15.08,33
123,"Times: total = 39, boot = 15, init = 24, finish = 0",partial,Times: total = <*> boot = <*> init = <*> finish = <*>,0.9829,Finished task <*> in stage <*> (TID <*> bytes result sent to driver,0.3933,Reading broadcast variable <*> took <*> ms,0.2748,14.52,33
124,Got assigned task 1260,partial,Got assigned task <*>,0.9541,Got assigned task 590,0.7994,Got assigned task 273,0.7616,13.96,33
125,Running task 20.0 in stage 27.0 (TID 1260),partial,Running task <*> in stage <*> (TID <*>,0.9389,Finished task <*> in stage <*> (TID <*> bytes result sent to driver,0.6391,Got assigned task <*>,0.4561,14.31,33
126,Finished task 16.0 in stage 27.0 (TID 1256). 2171 bytes result sent to driver,partial,Finished task <*> in stage <*> (TID <*> bytes result sent to driver,0.9651,Running task <*> in stage <*> (TID <*>,0.6229,Got assigned task 273,0.4925,14.61,33
127,"Times: total = 40, boot = 14, init = 26, finish = 0",partial,Times: total = <*> boot = <*> init = <*> finish = <*>,0.9808,Finished task <*> in stage <*> (TID <*> bytes result sent to driver,0.4108,Running task <*> in stage <*> (TID <*>,0.2838,14.48,33
128,"Times: total = 39, boot = 13, init = 25, finish = 1",partial,Times: total = <*> boot = <*> init = <*> finish = <*>,0.9828,Finished task <*> in stage <*> (TID <*> bytes result sent to driver,0.3851,Running task <*> in stage <*> (TID <*>,0.2606,14.28,33
129,Found block rdd_42_20 locally,partial,Found block rdd_<*> locally,0.9851,"Block rdd_<*> stored as bytes in memory (estimated size <*> <*>, free <*> <*>)",0.6475,"Partition rdd_<*> not found, computing it",0.5924,13.85,33
130,Got assigned task 1261,partial,Got assigned task <*>,0.9563,Got assigned task 590,0.7823,Got assigned task 273,0.7685,13.64,33
131,Running task 21.0 in stage 27.0 (TID 1261),partial,Running task <*> in stage <*> (TID <*>,0.9489,Finished task <*> in stage <*> (TID <*> bytes result sent to driver,0.6701,Got assigned task <*>,0.5046,13.99,33
132,Finished task 19.0 in stage 27.0 (TID 1259). 2517 bytes result sent to driver,partial,Finished task <*> in stage <*> (TID <*> bytes result sent to driver,0.9653,Running task <*> in stage <*> (TID <*>,0.6364,Got assigned task 273,0.4784,14.54,33
133,Finished task 17.0 in stage 27.0 (TID 1257). 2128 bytes result sent to driver,partial,Finished task <*> in stage <*> (TID <*> bytes result sent to driver,0.9685,Running task <*> in stage <*> (TID <*>,0.6364,Got assigned task 273,0.4879,14.63,33
134,"Times: total = 42, boot = 16, init = 25, finish = 1",partial,Times: total = <*> boot = <*> init = <*> finish = <*>,0.9868,Finished task <*> in stage <*> (TID <*> bytes result sent to driver,0.3868,Got assigned task 273,0.259,14.43,33
135,Finished task 18.0 in stage 27.0 (TID 1258). 2349 bytes result sent to driver,partial,Finished task <*> in stage <*> (TID <*> bytes result sent to driver,0.9671,Running task <*> in stage <*> (TID <*>,0.6665,Got assigned task 273,0.4847,14.9,33
136,Got assigned task 1262,partial,Got assigned task <*>,0.9386,Got assigned task 273,0.7813,Got assigned task 590,0.7564,13.85,33
137,Running task 22.0 in stage 27.0 (TID 1262),partial,Running task <*> in stage <*> (TID <*>,0.9375,Finished task <*> in stage <*> (TID <*> bytes result sent to driver,0.6639,Got assigned task 273,0.475,14.33,33
138,Got assigned task 1263,partial,Got assigned task <*>,0.9477,Got assigned task 273,0.78,Got assigned task 590,0.7649,14.01,33
139,Found block rdd_42_21 locally,partial,Found block rdd_<*> locally,0.9898,"Block rdd_<*> stored as bytes in memory (estimated size <*> <*>, free <*> <*>)",0.6424,"Partition rdd_<*> not found, computing it",0.5988,13.82,33
140,Running task 23.0 in stage 27.0 (TID 1263),partial,Running task <*> in stage <*> (TID <*>,0.945,Finished task <*> in stage <*> (TID <*> bytes result sent to driver,0.6726,Got assigned task <*>,0.5143,14.31,33
141,Got assigned task 1264,partial,Got assigned task <*>,0.9458,Got assigned task 273,0.775,Got assigned task 590,0.7668,13.79,33
142,Running task 24.0 in stage 27.0 (TID 1264),partial,Running task <*> in stage <*> (TID <*>,0.9517,Finished task <*> in stage <*> (TID <*> bytes result sent to driver,0.6599,Got assigned task <*>,0.5062,14.0,33
143,Found block rdd_42_22 locally,partial,Found block rdd_<*> locally,0.9835,"Block rdd_<*> stored as bytes in memory (estimated size <*> <*>, free <*> <*>)",0.6342,"Partition rdd_<*> not found, computing it",0.5829,13.92,33
144,Found block rdd_42_24 locally,partial,Found block rdd_<*> locally,0.989,"Block rdd_<*> stored as bytes in memory (estimated size <*> <*>, free <*> <*>)",0.6286,"Partition rdd_<*> not found, computing it",0.5959,14.08,33
145,Found block rdd_42_23 locally,partial,Found block rdd_<*> locally,0.987,"Block rdd_<*> stored as bytes in memory (estimated size <*> <*>, free <*> <*>)",0.628,"Partition rdd_<*> not found, computing it",0.588,14.17,33
146,"Times: total = 40, boot = 17, init = 22, finish = 1",partial,Times: total = <*> boot = <*> init = <*> finish = <*>,0.9871,Finished task <*> in stage <*> (TID <*> bytes result sent to driver,0.3745,Reading broadcast variable <*> took <*> ms,0.2602,14.56,33
147,Finished task 20.0 in stage 27.0 (TID 1260). 2355 bytes result sent to driver,partial,Finished task <*> in stage <*> (TID <*> bytes result sent to driver,0.9717,Running task <*> in stage <*> (TID <*>,0.6656,Got assigned task 273,0.4603,14.46,33
148,"Times: total = 41, boot = 19, init = 21, finish = 1",partial,Times: total = <*> boot = <*> init = <*> finish = <*>,0.9801,Finished task <*> in stage <*> (TID <*> bytes result sent to driver,0.3876,Reading broadcast variable <*> took <*> ms,0.2625,14.26,33
149,Got assigned task 1265,partial,Got assigned task <*>,0.9445,Got assigned task 590,0.7731,Got assigned task 273,0.7534,15.08,33
150,Running task 25.0 in stage 27.0 (TID 1265),partial,Running task <*> in stage <*> (TID <*>,0.9319,Finished task <*> in stage <*> (TID <*> bytes result sent to driver,0.6515,Got assigned task <*>,0.5037,14.69,33
151,Finished task 21.0 in stage 27.0 (TID 1261). 2486 bytes result sent to driver,partial,Finished task <*> in stage <*> (TID <*> bytes result sent to driver,0.9793,Running task <*> in stage <*> (TID <*>,0.6523,Got assigned task 273,0.4769,14.79,33
152,"Times: total = 41, boot = 14, init = 25, finish = 2",partial,Times: total = <*> boot = <*> init = <*> finish = <*>,0.9831,Finished task <*> in stage <*> (TID <*> bytes result sent to driver,0.3778,Reading broadcast variable <*> took <*> ms,0.251,14.42,33
153,"Times: total = 41, boot = 11, init = 29, finish = 1",partial,Times: total = <*> boot = <*> init = <*> finish = <*>,0.9785,Finished task <*> in stage <*> (TID <*> bytes result sent to driver,0.3998,Running task <*> in stage <*> (TID <*>,0.2699,14.19,33
154,Got assigned task 1266,partial,Got assigned task <*>,0.9464,Got assigned task 273,0.7855,Got assigned task 590,0.7802,13.95,33
155,Running task 26.0 in stage 27.0 (TID 1266),partial,Running task <*> in stage <*> (TID <*>,0.9289,Finished task <*> in stage <*> (TID <*> bytes result sent to driver,0.6591,Got assigned task <*>,0.5054,14.27,33
156,"Times: total = 41, boot = 19, init = 21, finish = 1",partial,Times: total = <*> boot = <*> init = <*> finish = <*>,0.9803,Finished task <*> in stage <*> (TID <*> bytes result sent to driver,0.3876,Reading broadcast variable <*> took <*> ms,0.2625,14.12,33
157,Found block rdd_42_25 locally,partial,Found block rdd_<*> locally,0.9874,"Block rdd_<*> stored as bytes in memory (estimated size <*> <*>, free <*> <*>)",0.6352,"Partition rdd_<*> not found, computing it",0.5845,13.59,33
158,Finished task 22.0 in stage 27.0 (TID 1262). 2171 bytes result sent to driver,partial,Finished task <*> in stage <*> (TID <*> bytes result sent to driver,0.9544,Running task <*> in stage <*> (TID <*>,0.5904,Got assigned task 273,0.4914,14.34,33
159,Finished task 24.0 in stage 27.0 (TID 1264). 2592 bytes result sent to driver,partial,Finished task <*> in stage <*> (TID <*> bytes result sent to driver,0.9791,Running task <*> in stage <*> (TID <*>,0.64,Got assigned task 273,0.4979,14.56,33
160,Finished task 23.0 in stage 27.0 (TID 1263). 2385 bytes result sent to driver,partial,Finished task <*> in stage <*> (TID <*> bytes result sent to driver,0.9769,Running task <*> in stage <*> (TID <*>,0.6334,Got assigned task 273,0.4927,14.47,33
161,Found block rdd_42_26 locally,partial,Found block rdd_<*> locally,0.987,"Block rdd_<*> stored as bytes in memory (estimated size <*> <*>, free <*> <*>)",0.6275,"Partition rdd_<*> not found, computing it",0.5824,14.44,33
162,Got assigned task 1267,partial,Got assigned task <*>,0.9512,Got assigned task 273,0.7837,Got assigned task 590,0.7732,13.89,33
163,Running task 27.0 in stage 27.0 (TID 1267),partial,Running task <*> in stage <*> (TID <*>,0.9428,Finished task <*> in stage <*> (TID <*> bytes result sent to driver,0.6651,Got assigned task <*>,0.4977,14.32,33
164,Got assigned task 1268,partial,Got assigned task <*>,0.9615,Got assigned task 273,0.7998,Got assigned task 590,0.7893,13.71,33
165,Running task 28.0 in stage 27.0 (TID 1268),partial,Running task <*> in stage <*> (TID <*>,0.9365,Finished task <*> in stage <*> (TID <*> bytes result sent to driver,0.6744,Got assigned task 273,0.499,14.31,33
166,Got assigned task 1269,partial,Got assigned task <*>,0.9545,Got assigned task 590,0.7863,Got assigned task 273,0.7648,13.83,33
167,Running task 29.0 in stage 27.0 (TID 1269),partial,Running task <*> in stage <*> (TID <*>,0.9274,Finished task <*> in stage <*> (TID <*> bytes result sent to driver,0.6588,Got assigned task <*>,0.4898,14.07,33
168,Found block rdd_42_27 locally,partial,Found block rdd_<*> locally,0.988,"Block rdd_<*> stored as bytes in memory (estimated size <*> <*>, free <*> <*>)",0.6298,"Partition rdd_<*> not found, computing it",0.5968,13.97,33
169,Found block rdd_42_28 locally,partial,Found block rdd_<*> locally,0.9843,"Block rdd_<*> stored as bytes in memory (estimated size <*> <*>, free <*> <*>)",0.6292,"Partition rdd_<*> not found, computing it",0.5868,13.96,33
170,Found block rdd_42_29 locally,partial,Found block rdd_<*> locally,0.978,"Block rdd_<*> stored as bytes in memory (estimated size <*> <*>, free <*> <*>)",0.6287,"Partition rdd_<*> not found, computing it",0.5852,13.88,33
171,"Times: total = 42, boot = 14, init = 27, finish = 1",partial,Times: total = <*> boot = <*> init = <*> finish = <*>,0.9821,Finished task <*> in stage <*> (TID <*> bytes result sent to driver,0.3982,Got assigned task 273,0.2757,14.43,33
172,"Times: total = 41, boot = 35, init = 5, finish = 1",partial,Times: total = <*> boot = <*> init = <*> finish = <*>,0.9783,Finished task <*> in stage <*> (TID <*> bytes result sent to driver,0.3599,Got assigned task 273,0.2389,14.2,33
173,"Times: total = 41, boot = 34, init = 6, finish = 1",partial,Times: total = <*> boot = <*> init = <*> finish = <*>,0.9831,Finished task <*> in stage <*> (TID <*> bytes result sent to driver,0.367,Got assigned task 273,0.247,14.16,33
174,"Times: total = 42, boot = 34, init = 7, finish = 1",partial,Times: total = <*> boot = <*> init = <*> finish = <*>,0.9745,Finished task <*> in stage <*> (TID <*> bytes result sent to driver,0.3838,Got assigned task 273,0.2678,14.18,33
175,Finished task 27.0 in stage 27.0 (TID 1267). 2182 bytes result sent to driver,partial,Finished task <*> in stage <*> (TID <*> bytes result sent to driver,0.9779,Running task <*> in stage <*> (TID <*>,0.6249,Got assigned task 273,0.4877,14.44,33
176,Finished task 28.0 in stage 27.0 (TID 1268). 2349 bytes result sent to driver,partial,Finished task <*> in stage <*> (TID <*> bytes result sent to driver,0.9805,Running task <*> in stage <*> (TID <*>,0.6321,Got assigned task 273,0.4793,14.56,33
177,Finished task 26.0 in stage 27.0 (TID 1266). 2267 bytes result sent to driver,partial,Finished task <*> in stage <*> (TID <*> bytes result sent to driver,0.9763,Running task <*> in stage <*> (TID <*>,0.6152,Got assigned task 273,0.4866,14.52,33
178,Finished task 25.0 in stage 27.0 (TID 1265). 2355 bytes result sent to driver,partial,Finished task <*> in stage <*> (TID <*> bytes result sent to driver,0.9764,Running task <*> in stage <*> (TID <*>,0.6297,Got assigned task 273,0.4747,14.46,33
179,Got assigned task 1270,partial,Got assigned task <*>,0.8487,Got assigned task 590,0.7032,Got assigned task 273,0.683,13.89,33
180,Running task 30.0 in stage 27.0 (TID 1270),partial,Running task <*> in stage <*> (TID <*>,0.8794,Finished task <*> in stage <*> (TID <*> bytes result sent to driver,0.5987,Got assigned task <*>,0.4119,14.09,33
181,Got assigned task 1271,partial,Got assigned task <*>,0.8681,Got assigned task 590,0.704,Got assigned task 273,0.7012,13.9,33
182,Running task 31.0 in stage 27.0 (TID 1271),partial,Running task <*> in stage <*> (TID <*>,0.8967,Finished task <*> in stage <*> (TID <*> bytes result sent to driver,0.6191,Got assigned task <*>,0.4748,14.03,33
183,Got assigned task 1272,partial,Got assigned task <*>,0.8644,Got assigned task 273,0.7222,Got assigned task 590,0.6921,13.7,33
184,Running task 32.0 in stage 27.0 (TID 1272),partial,Running task <*> in stage <*> (TID <*>,0.8857,Finished task <*> in stage <*> (TID <*> bytes result sent to driver,0.6139,Got assigned task 273,0.4568,14.27,33
185,Got assigned task 1273,partial,Got assigned task <*>,0.8682,Got assigned task 273,0.7226,Got assigned task 590,0.6903,13.59,33
186,Running task 33.0 in stage 27.0 (TID 1273),partial,Running task <*> in stage <*> (TID <*>,0.891,Finished task <*> in stage <*> (TID <*> bytes result sent to driver,0.6209,Got assigned task <*>,0.4734,13.82,33
187,Found block rdd_42_31 locally,partial,Found block rdd_<*> locally,0.9861,"Block rdd_<*> stored as bytes in memory (estimated size <*> <*>, free <*> <*>)",0.6341,"Partition rdd_<*> not found, computing it",0.5914,13.92,33
188,Found block rdd_42_32 locally,partial,Found block rdd_<*> locally,0.9833,"Block rdd_<*> stored as bytes in memory (estimated size <*> <*>, free <*> <*>)",0.6514,"Partition rdd_<*> not found, computing it",0.6006,13.84,33
189,Found block rdd_42_33 locally,partial,Found block rdd_<*> locally,0.984,"Block rdd_<*> stored as bytes in memory (estimated size <*> <*>, free <*> <*>)",0.6246,"Partition rdd_<*> not found, computing it",0.591,13.83,33
190,Found block rdd_42_30 locally,partial,Found block rdd_<*> locally,0.9852,"Block rdd_<*> stored as bytes in memory (estimated size <*> <*>, free <*> <*>)",0.6375,"Partition rdd_<*> not found, computing it",0.5825,13.82,33
191,"Times: total = 108, boot = 28, init = 79, finish = 1",partial,Times: total = <*> boot = <*> init = <*> finish = <*>,0.9777,Finished task <*> in stage <*> (TID <*> bytes result sent to driver,0.382,Reading broadcast variable <*> took <*> ms,0.2667,14.27,33
192,Finished task 29.0 in stage 27.0 (TID 1269). 2349 bytes result sent to driver,partial,Finished task <*> in stage <*> (TID <*> bytes result sent to driver,0.9777,Running task <*> in stage <*> (TID <*>,0.6357,Got assigned task 273,0.4719,14.42,33
193,Got assigned task 1274,partial,Got assigned task <*>,0.8797,Got assigned task 273,0.726,Got assigned task 590,0.7053,13.66,33
194,Running task 34.0 in stage 27.0 (TID 1274),partial,Running task <*> in stage <*> (TID <*>,0.9061,Finished task <*> in stage <*> (TID <*> bytes result sent to driver,0.6287,Got assigned task <*>,0.4793,14.1,33
195,Found block rdd_42_34 locally,partial,Found block rdd_<*> locally,0.9841,"Block rdd_<*> stored as bytes in memory (estimated size <*> <*>, free <*> <*>)",0.6354,"Partition rdd_<*> not found, computing it",0.5867,14.05,33
196,"Times: total = 40, boot = -27, init = 66, finish = 1",partial,Times: total = <*> boot = <*> init = <*> finish = <*>,0.9871,Finished task <*> in stage <*> (TID <*> bytes result sent to driver,0.4009,Got assigned task 273,0.2789,14.56,33
197,Finished task 31.0 in stage 27.0 (TID 1271). 2128 bytes result sent to driver,partial,Finished task <*> in stage <*> (TID <*> bytes result sent to driver,0.9513,Running task <*> in stage <*> (TID <*>,0.6889,Got assigned task 273,0.4808,14.72,33
198,"Times: total = 42, boot = -28, init = 69, finish = 1",partial,Times: total = <*> boot = <*> init = <*> finish = <*>,0.9785,Finished task <*> in stage <*> (TID <*> bytes result sent to driver,0.4098,Got assigned task 273,0.2953,14.57,33
199,"Times: total = 41, boot = -24, init = 64, finish = 1",partial,Times: total = <*> boot = <*> init = <*> finish = <*>,0.9705,Finished task <*> in stage <*> (TID <*> bytes result sent to driver,0.4237,Got assigned task 273,0.2899,14.24,33
200,"Times: total = 41, boot = -15, init = 55, finish = 1",partial,Times: total = <*> boot = <*> init = <*> finish = <*>,0.9807,Finished task <*> in stage <*> (TID <*> bytes result sent to driver,0.3837,Reading broadcast variable <*> took <*> ms,0.2578,14.53,33
201,Finished task 32.0 in stage 27.0 (TID 1272). 2801 bytes result sent to driver,partial,Finished task <*> in stage <*> (TID <*> bytes result sent to driver,0.933,Running task <*> in stage <*> (TID <*>,0.7011,Got assigned task 273,0.472,14.52,33
202,Finished task 33.0 in stage 27.0 (TID 1273). 2592 bytes result sent to driver,partial,Finished task <*> in stage <*> (TID <*> bytes result sent to driver,0.9666,Running task <*> in stage <*> (TID <*>,0.6779,Got assigned task 273,0.5003,14.94,33
203,Got assigned task 1275,partial,Got assigned task <*>,0.894,Got assigned task 590,0.7156,Got assigned task 273,0.7153,15.89,33
204,Running task 35.0 in stage 27.0 (TID 1275),partial,Running task <*> in stage <*> (TID <*>,0.8929,Finished task <*> in stage <*> (TID <*> bytes result sent to driver,0.6185,Got assigned task <*>,0.465,14.71,33
205,Finished task 30.0 in stage 27.0 (TID 1270). 2859 bytes result sent to driver,partial,Finished task <*> in stage <*> (TID <*> bytes result sent to driver,0.9477,Running task <*> in stage <*> (TID <*>,0.6891,Got assigned task 273,0.4537,15.26,33
206,Got assigned task 1276,partial,Got assigned task <*>,0.8874,Got assigned task 273,0.7478,Got assigned task 590,0.7196,13.95,33
207,Running task 36.0 in stage 27.0 (TID 1276),partial,Running task <*> in stage <*> (TID <*>,0.8909,Finished task <*> in stage <*> (TID <*> bytes result sent to driver,0.6201,Got assigned task 273,0.4864,14.11,33
208,Got assigned task 1277,partial,Got assigned task <*>,0.9028,Got assigned task 273,0.7603,Got assigned task 590,0.7233,13.62,33
209,Running task 37.0 in stage 27.0 (TID 1277),partial,Running task <*> in stage <*> (TID <*>,0.8958,Finished task <*> in stage <*> (TID <*> bytes result sent to driver,0.6301,Got assigned task 273,0.5058,14.13,33
210,Got assigned task 1278,partial,Got assigned task <*>,0.8754,Got assigned task 273,0.7322,Got assigned task 590,0.7147,13.77,33
211,Running task 38.0 in stage 27.0 (TID 1278),partial,Running task <*> in stage <*> (TID <*>,0.8955,Finished task <*> in stage <*> (TID <*> bytes result sent to driver,0.6481,Got assigned task 273,0.5117,14.33,33
212,Found block rdd_42_35 locally,partial,Found block rdd_<*> locally,0.9826,"Block rdd_<*> stored as bytes in memory (estimated size <*> <*>, free <*> <*>)",0.6334,"Partition rdd_<*> not found, computing it",0.5849,13.8,33
213,Found block rdd_42_37 locally,partial,Found block rdd_<*> locally,0.9875,"Block rdd_<*> stored as bytes in memory (estimated size <*> <*>, free <*> <*>)",0.6284,"Partition rdd_<*> not found, computing it",0.5803,13.85,33
214,Found block rdd_42_38 locally,partial,Found block rdd_<*> locally,0.9876,"Block rdd_<*> stored as bytes in memory (estimated size <*> <*>, free <*> <*>)",0.6324,"Partition rdd_<*> not found, computing it",0.5799,13.79,33
215,Found block rdd_42_36 locally,partial,Found block rdd_<*> locally,0.9854,"Block rdd_<*> stored as bytes in memory (estimated size <*> <*>, free <*> <*>)",0.6401,"Partition rdd_<*> not found, computing it",0.591,14.97,33
216,"Times: total = 41, boot = 11, init = 29, finish = 1",partial,Times: total = <*> boot = <*> init = <*> finish = <*>,0.9788,Finished task <*> in stage <*> (TID <*> bytes result sent to driver,0.3999,Running task <*> in stage <*> (TID <*>,0.2704,14.74,33
217,Finished task 34.0 in stage 27.0 (TID 1274). 2128 bytes result sent to driver,partial,Finished task <*> in stage <*> (TID <*> bytes result sent to driver,0.9592,Running task <*> in stage <*> (TID <*>,0.6826,Got assigned task 273,0.4826,14.71,33
218,Got assigned task 1279,partial,Got assigned task <*>,0.897,Got assigned task 590,0.7269,Got assigned task 273,0.7247,13.85,33
219,Running task 39.0 in stage 27.0 (TID 1279),partial,Running task <*> in stage <*> (TID <*>,0.8975,Finished task <*> in stage <*> (TID <*> bytes result sent to driver,0.6279,Got assigned task 273,0.4846,14.23,33
220,Found block rdd_42_39 locally,exact,Found block rdd_<*> locally,0.9914,"Block rdd_<*> stored as bytes in memory (estimated size <*> <*>, free <*> <*>)",0.6317,"Partition rdd_<*> not found, computing it",0.5827,14.17,33
221,"Times: total = 41, boot = 31, init = 9, finish = 1",partial,Times: total = <*> boot = <*> init = <*> finish = <*>,0.9793,Finished task <*> in stage <*> (TID <*> bytes result sent to driver,0.3694,Got assigned task 273,0.2496,14.68,33
222,"Times: total = 39, boot = 27, init = 11, finish = 1",partial,Times: total = <*> boot = <*> init = <*> finish = <*>,0.9801,Finished task <*> in stage <*> (TID <*> bytes result sent to driver,0.3936,Running task <*> in stage <*> (TID <*>,0.2736,14.27,33
223,Finished task 35.0 in stage 27.0 (TID 1275). 2430 bytes result sent to driver,partial,Finished task <*> in stage <*> (TID <*> bytes result sent to driver,0.9513,Running task <*> in stage <*> (TID <*>,0.685,Got assigned task 273,0.4709,14.49,33
224,"Times: total = 40, boot = 20, init = 19, finish = 1",partial,Times: total = <*> boot = <*> init = <*> finish = <*>,0.9773,Finished task <*> in stage <*> (TID <*> bytes result sent to driver,0.3691,Reading broadcast variable <*> took <*> ms,0.2507,16.29,33
225,Finished task 38.0 in stage 27.0 (TID 1278). 2882 bytes result sent to driver,partial,Finished task <*> in stage <*> (TID <*> bytes result sent to driver,0.9671,Running task <*> in stage <*> (TID <*>,0.6602,Got assigned task 273,0.5042,15.21,33
226,"Times: total = 42, boot = 27, init = 14, finish = 1",partial,Times: total = <*> boot = <*> init = <*> finish = <*>,0.9822,Finished task <*> in stage <*> (TID <*> bytes result sent to driver,0.3994,Got assigned task 273,0.2775,14.97,33
227,Finished task 37.0 in stage 27.0 (TID 1277). 2349 bytes result sent to driver,partial,Finished task <*> in stage <*> (TID <*> bytes result sent to driver,0.9613,Running task <*> in stage <*> (TID <*>,0.678,Got assigned task 273,0.4986,14.96,33
228,Finished task 36.0 in stage 27.0 (TID 1276). 2673 bytes result sent to driver,partial,Finished task <*> in stage <*> (TID <*> bytes result sent to driver,0.9683,Running task <*> in stage <*> (TID <*>,0.6469,Got assigned task 273,0.5101,14.56,33
229,"Times: total = 39, boot = 17, init = 21, finish = 1",partial,Times: total = <*> boot = <*> init = <*> finish = <*>,0.9846,Finished task <*> in stage <*> (TID <*> bytes result sent to driver,0.3953,Got assigned task 273,0.2747,14.17,33
230,Finished task 39.0 in stage 27.0 (TID 1279). 2267 bytes result sent to driver,partial,Finished task <*> in stage <*> (TID <*> bytes result sent to driver,0.9718,Running task <*> in stage <*> (TID <*>,0.6499,Got assigned task 273,0.4971,14.45,33
231,Got assigned task 1280,partial,Got assigned task <*>,0.9214,Got assigned task 590,0.7831,Got assigned task 360,0.7441,13.77,33
232,Running task 0.0 in stage 28.0 (TID 1280),partial,Running task <*> in stage <*> (TID <*>,0.9485,Finished task <*> in stage <*> (TID <*> bytes result sent to driver,0.6524,Got assigned task <*>,0.4442,14.23,33
233,Got assigned task 1281,partial,Got assigned task <*>,0.9314,Got assigned task 590,0.7726,Got assigned task 360,0.7474,13.68,33
234,Running task 1.0 in stage 28.0 (TID 1281),partial,Running task <*> in stage <*> (TID <*>,0.9433,Finished task <*> in stage <*> (TID <*> bytes result sent to driver,0.6371,Got assigned task <*>,0.4798,14.01,33
235,Got assigned task 1282,partial,Got assigned task <*>,0.921,Got assigned task 590,0.7596,Got assigned task 273,0.7589,13.7,33
236,Running task 2.0 in stage 28.0 (TID 1282),partial,Running task <*> in stage <*> (TID <*>,0.9197,Finished task <*> in stage <*> (TID <*> bytes result sent to driver,0.649,Got assigned task <*>,0.4609,14.03,33
237,Got assigned task 1283,partial,Got assigned task <*>,0.9458,Got assigned task 273,0.7757,Got assigned task 590,0.7756,13.97,33
238,Running task 3.0 in stage 28.0 (TID 1283),partial,Running task <*> in stage <*> (TID <*>,0.9159,Finished task <*> in stage <*> (TID <*> bytes result sent to driver,0.6267,Got assigned task <*>,0.4568,13.97,33
239,Got assigned task 1284,partial,Got assigned task <*>,0.9356,Got assigned task 590,0.7709,Got assigned task 273,0.7649,13.98,33
240,Running task 4.0 in stage 28.0 (TID 1284),partial,Running task <*> in stage <*> (TID <*>,0.9052,Finished task <*> in stage <*> (TID <*> bytes result sent to driver,0.6065,Got assigned task <*>,0.4466,14.33,33
241,Started reading broadcast variable 39,partial,Started reading broadcast variable <*>,0.9737,Reading broadcast variable <*> took <*> ms,0.7846,"Block broadcast_<*> stored as <*> in memory (estimated size <*> <*>, free <*> <*>)",0.5063,13.69,33
242,"Block broadcast_39_piece0 stored as bytes in memory (estimated size 5.4 <*>, free 859.1 <*>)",partial,"Block broadcast_<*> stored as <*> in memory (estimated size <*> <*>, free <*> <*>)",0.9728,Reading broadcast variable <*> took <*> ms,0.52,Started reading broadcast variable <*>,0.4918,14.89,33
243,Reading broadcast variable 39 took 716 ms,partial,Reading broadcast variable <*> took <*> ms,0.9551,Started reading broadcast variable <*>,0.7791,"Block broadcast_<*> stored as <*> in memory (estimated size <*> <*>, free <*> <*>)",0.5426,13.96,33
244,"Block broadcast_39 stored as values in memory (estimated size 9.2 <*>, free 868.3 <*>)",partial,"Block broadcast_<*> stored as <*> in memory (estimated size <*> <*>, free <*> <*>)",0.9588,Reading broadcast variable <*> took <*> ms,0.563,Started reading broadcast variable <*>,0.5281,14.82,33
245,Found block rdd_42_1 locally,partial,Found block rdd_<*> locally,0.9862,"Block rdd_<*> stored as bytes in memory (estimated size <*> <*>, free <*> <*>)",0.6472,"Partition rdd_<*> not found, computing it",0.6095,14.43,33
246,Found block rdd_42_4 locally,partial,Found block rdd_<*> locally,0.9787,"Block rdd_<*> stored as bytes in memory (estimated size <*> <*>, free <*> <*>)",0.6359,"Partition rdd_<*> not found, computing it",0.6085,14.02,33
247,Found block rdd_42_3 locally,partial,Found block rdd_<*> locally,0.9795,"Block rdd_<*> stored as bytes in memory (estimated size <*> <*>, free <*> <*>)",0.6229,"Partition rdd_<*> not found, computing it",0.6081,13.92,33
248,Found block rdd_42_2 locally,partial,Found block rdd_<*> locally,0.9827,"Block rdd_<*> stored as bytes in memory (estimated size <*> <*>, free <*> <*>)",0.6414,"Partition rdd_<*> not found, computing it",0.607,13.78,33
249,Found block rdd_42_0 locally,partial,Found block rdd_<*> locally,0.9865,"Block rdd_<*> stored as bytes in memory (estimated size <*> <*>, free <*> <*>)",0.6563,"Partition rdd_<*> not found, computing it",0.607,13.85,33
250,"Times: total = 39, boot = -790, init = 829, finish = 0",partial,Times: total = <*> boot = <*> init = <*> finish = <*>,0.9617,Finished task <*> in stage <*> (TID <*> bytes result sent to driver,0.4107,Server created on <*>,0.3125,14.59,33
251,"Times: total = 38, boot = -784, init = 822, finish = 0",partial,Times: total = <*> boot = <*> init = <*> finish = <*>,0.9766,Finished task <*> in stage <*> (TID <*> bytes result sent to driver,0.4085,Got assigned task 273,0.2854,14.34,33
252,"Times: total = 39, boot = -784, init = 823, finish = 0",partial,Times: total = <*> boot = <*> init = <*> finish = <*>,0.9753,Finished task <*> in stage <*> (TID <*> bytes result sent to driver,0.4098,Server created on <*>,0.294,14.38,33
253,Finished task 4.0 in stage 28.0 (TID 1284). 2087 bytes result sent to driver,partial,Finished task <*> in stage <*> (TID <*> bytes result sent to driver,0.9608,Running task <*> in stage <*> (TID <*>,0.6676,Got assigned task 273,0.4695,14.73,33
254,"Times: total = 41, boot = -768, init = 809, finish = 0",partial,Times: total = <*> boot = <*> init = <*> finish = <*>,0.9683,Finished task <*> in stage <*> (TID <*> bytes result sent to driver,0.4024,Server created on <*>,0.3099,14.28,33
255,Finished task 2.0 in stage 28.0 (TID 1282). 2087 bytes result sent to driver,partial,Finished task <*> in stage <*> (TID <*> bytes result sent to driver,0.9677,Running task <*> in stage <*> (TID <*>,0.6694,Got assigned task 273,0.4705,14.64,33
256,Finished task 3.0 in stage 28.0 (TID 1283). 2087 bytes result sent to driver,partial,Finished task <*> in stage <*> (TID <*> bytes result sent to driver,0.9653,Running task <*> in stage <*> (TID <*>,0.6675,Got assigned task 273,0.4683,14.71,33
257,"Times: total = 49, boot = -793, init = 841, finish = 1",partial,Times: total = <*> boot = <*> init = <*> finish = <*>,0.972,Finished task <*> in stage <*> (TID <*> bytes result sent to driver,0.4106,Got assigned task 273,0.2882,14.51,33
258,Got assigned task 1285,partial,Got assigned task <*>,0.9408,Got assigned task 590,0.7773,Got assigned task 360,0.7616,13.66,33
259,Running task 5.0 in stage 28.0 (TID 1285),partial,Running task <*> in stage <*> (TID <*>,0.9191,Finished task <*> in stage <*> (TID <*> bytes result sent to driver,0.6187,Got assigned task <*>,0.4712,14.13,33
260,Finished task 0.0 in stage 28.0 (TID 1280). 2087 bytes result sent to driver,partial,Finished task <*> in stage <*> (TID <*> bytes result sent to driver,0.9757,Running task <*> in stage <*> (TID <*>,0.6907,Got assigned task 273,0.4821,14.68,33
261,Got assigned task 1286,partial,Got assigned task <*>,0.9425,Got assigned task 590,0.7888,Got assigned task 273,0.7827,13.71,33
262,Running task 6.0 in stage 28.0 (TID 1286),partial,Running task <*> in stage <*> (TID <*>,0.9149,Finished task <*> in stage <*> (TID <*> bytes result sent to driver,0.6247,Got assigned task <*>,0.4556,14.56,33
263,Got assigned task 1287,partial,Got assigned task <*>,0.9387,Got assigned task 590,0.776,Got assigned task 273,0.7742,13.69,33
264,Finished task 1.0 in stage 28.0 (TID 1281). 2087 bytes result sent to driver,partial,Finished task <*> in stage <*> (TID <*> bytes result sent to driver,0.9792,Running task <*> in stage <*> (TID <*>,0.6808,Got assigned task 273,0.4776,14.65,33
265,Running task 7.0 in stage 28.0 (TID 1287),partial,Running task <*> in stage <*> (TID <*>,0.9141,Finished task <*> in stage <*> (TID <*> bytes result sent to driver,0.6211,Got assigned task <*>,0.4603,13.98,33
266,Got assigned task 1288,partial,Got assigned task <*>,0.9224,Got assigned task 590,0.7742,Got assigned task 273,0.7629,13.65,33
267,Running task 8.0 in stage 28.0 (TID 1288),partial,Running task <*> in stage <*> (TID <*>,0.8801,Finished task <*> in stage <*> (TID <*> bytes result sent to driver,0.5997,Got assigned task <*>,0.4338,14.08,33
268,Found block rdd_42_5 locally,partial,Found block rdd_<*> locally,0.9825,"Block rdd_<*> stored as bytes in memory (estimated size <*> <*>, free <*> <*>)",0.6366,"Partition rdd_<*> not found, computing it",0.5926,13.71,33
269,Found block rdd_42_6 locally,partial,Found block rdd_<*> locally,0.9816,"Block rdd_<*> stored as bytes in memory (estimated size <*> <*>, free <*> <*>)",0.6337,"Partition rdd_<*> not found, computing it",0.598,13.88,33
270,Got assigned task 1289,partial,Got assigned task <*>,0.9418,Got assigned task 590,0.7857,Got assigned task 360,0.7608,13.88,33
271,Running task 9.0 in stage 28.0 (TID 1289),partial,Running task <*> in stage <*> (TID <*>,0.909,Finished task <*> in stage <*> (TID <*> bytes result sent to driver,0.6096,Got assigned task <*>,0.4639,14.08,33
272,Found block rdd_42_7 locally,partial,Found block rdd_<*> locally,0.9816,"Block rdd_<*> stored as bytes in memory (estimated size <*> <*>, free <*> <*>)",0.6363,"Partition rdd_<*> not found, computing it",0.5961,14.0,33
273,Found block rdd_42_8 locally,partial,Found block rdd_<*> locally,0.9789,"Block rdd_<*> stored as bytes in memory (estimated size <*> <*>, free <*> <*>)",0.6393,"Partition rdd_<*> not found, computing it",0.5933,13.79,33
274,Found block rdd_42_9 locally,partial,Found block rdd_<*> locally,0.9788,"Block rdd_<*> stored as bytes in memory (estimated size <*> <*>, free <*> <*>)",0.6274,"Partition rdd_<*> not found, computing it",0.5827,15.53,33
275,"Times: total = 38, boot = 23, init = 15, finish = 0",partial,Times: total = <*> boot = <*> init = <*> finish = <*>,0.9828,Finished task <*> in stage <*> (TID <*> bytes result sent to driver,0.3898,Reading broadcast variable <*> took <*> ms,0.2608,14.87,33
276,"Times: total = 40, boot = 16, init = 24, finish = 0",partial,Times: total = <*> boot = <*> init = <*> finish = <*>,0.9779,Finished task <*> in stage <*> (TID <*> bytes result sent to driver,0.3868,Reading broadcast variable <*> took <*> ms,0.2734,15.28,33
277,Finished task 6.0 in stage 28.0 (TID 1286). 2087 bytes result sent to driver,partial,Finished task <*> in stage <*> (TID <*> bytes result sent to driver,0.961,Running task <*> in stage <*> (TID <*>,0.6502,Got assigned task 273,0.4745,15.9,33
278,"Times: total = 42, boot = 13, init = 28, finish = 1",partial,Times: total = <*> boot = <*> init = <*> finish = <*>,0.9787,Finished task <*> in stage <*> (TID <*> bytes result sent to driver,0.3965,Got assigned task 273,0.2682,14.77,33
279,Finished task 5.0 in stage 28.0 (TID 1285). 2087 bytes result sent to driver,partial,Finished task <*> in stage <*> (TID <*> bytes result sent to driver,0.9626,Running task <*> in stage <*> (TID <*>,0.6623,Got assigned task 273,0.4656,14.92,33
280,"Times: total = 39, boot = 23, init = 16, finish = 0",partial,Times: total = <*> boot = <*> init = <*> finish = <*>,0.9853,Finished task <*> in stage <*> (TID <*> bytes result sent to driver,0.4027,Reading broadcast variable <*> took <*> ms,0.2851,14.3,33
281,"Times: total = 42, boot = 13, init = 29, finish = 0",partial,Times: total = <*> boot = <*> init = <*> finish = <*>,0.9778,Finished task <*> in stage <*> (TID <*> bytes result sent to driver,0.425,Running task <*> in stage <*> (TID <*>,0.2984,14.25,33
282,Finished task 7.0 in stage 28.0 (TID 1287). 2087 bytes result sent to driver,partial,Finished task <*> in stage <*> (TID <*> bytes result sent to driver,0.9649,Running task <*> in stage <*> (TID <*>,0.6593,Got assigned task 273,0.4772,14.41,33
283,Got assigned task 1290,partial,Got assigned task <*>,0.9565,Got assigned task 590,0.805,Got assigned task 360,0.7759,16.31,33
284,Running task 10.0 in stage 28.0 (TID 1290),partial,Running task <*> in stage <*> (TID <*>,0.9506,Finished task <*> in stage <*> (TID <*> bytes result sent to driver,0.6293,Got assigned task <*>,0.4736,15.03,33
285,Got assigned task 1291,partial,Got assigned task <*>,0.9497,Got assigned task 590,0.7789,Got assigned task 360,0.7635,14.68,33
286,Running task 11.0 in stage 28.0 (TID 1291),partial,Running task <*> in stage <*> (TID <*>,0.9557,Finished task <*> in stage <*> (TID <*> bytes result sent to driver,0.6389,Got assigned task <*>,0.533,15.36,33
287,Got assigned task 1292,partial,Got assigned task <*>,0.9396,Got assigned task 273,0.7699,Got assigned task 360,0.7619,14.54,33
288,Finished task 9.0 in stage 28.0 (TID 1289). 2087 bytes result sent to driver,partial,Finished task <*> in stage <*> (TID <*> bytes result sent to driver,0.958,Running task <*> in stage <*> (TID <*>,0.656,Got assigned task 273,0.4585,15.24,33
289,Finished task 8.0 in stage 28.0 (TID 1288). 2087 bytes result sent to driver,partial,Finished task <*> in stage <*> (TID <*> bytes result sent to driver,0.943,Running task <*> in stage <*> (TID <*>,0.6459,Got assigned task 273,0.4618,14.65,33
290,Running task 12.0 in stage 28.0 (TID 1292),partial,Running task <*> in stage <*> (TID <*>,0.9338,Finished task <*> in stage <*> (TID <*> bytes result sent to driver,0.6344,Got assigned task <*>,0.522,14.7,33
291,Found block rdd_42_10 locally,partial,Found block rdd_<*> locally,0.984,"Block rdd_<*> stored as bytes in memory (estimated size <*> <*>, free <*> <*>)",0.6411,"Partition rdd_<*> not found, computing it",0.5948,14.53,33
292,Got assigned task 1293,partial,Got assigned task <*>,0.9426,Got assigned task 273,0.7705,Got assigned task 360,0.7685,14.44,33
293,Running task 13.0 in stage 28.0 (TID 1293),partial,Running task <*> in stage <*> (TID <*>,0.9437,Finished task <*> in stage <*> (TID <*> bytes result sent to driver,0.6394,Got assigned task <*>,0.5242,15.14,33
294,Found block rdd_42_11 locally,partial,Found block rdd_<*> locally,0.9821,"Block rdd_<*> stored as bytes in memory (estimated size <*> <*>, free <*> <*>)",0.635,"Partition rdd_<*> not found, computing it",0.5954,15.03,33
295,Got assigned task 1294,partial,Got assigned task <*>,0.9503,Got assigned task 590,0.777,Got assigned task 360,0.776,14.55,33
296,Running task 14.0 in stage 28.0 (TID 1294),partial,Running task <*> in stage <*> (TID <*>,0.9326,Finished task <*> in stage <*> (TID <*> bytes result sent to driver,0.6397,Got assigned task <*>,0.5105,14.78,33
297,Found block rdd_42_12 locally,partial,Found block rdd_<*> locally,0.9825,"Block rdd_<*> stored as bytes in memory (estimated size <*> <*>, free <*> <*>)",0.638,"Partition rdd_<*> not found, computing it",0.5942,14.82,33
298,Found block rdd_42_13 locally,partial,Found block rdd_<*> locally,0.9844,"Block rdd_<*> stored as bytes in memory (estimated size <*> <*>, free <*> <*>)",0.6291,"Partition rdd_<*> not found, computing it",0.5902,14.86,33
299,Found block rdd_42_14 locally,partial,Found block rdd_<*> locally,0.9857,"Block rdd_<*> stored as bytes in memory (estimated size <*> <*>, free <*> <*>)",0.6311,"Partition rdd_<*> not found, computing it",0.5923,14.62,33
300,"Times: total = 40, boot = 21, init = 19, finish = 0",partial,Times: total = <*> boot = <*> init = <*> finish = <*>,0.9824,Finished task <*> in stage <*> (TID <*> bytes result sent to driver,0.4008,Running task <*> in stage <*> (TID <*>,0.2726,14.86,33
301,"Times: total = 39, boot = 19, init = 20, finish = 0",partial,Times: total = <*> boot = <*> init = <*> finish = <*>,0.9823,Finished task <*> in stage <*> (TID <*> bytes result sent to driver,0.3998,Running task <*> in stage <*> (TID <*>,0.2736,14.69,33
302,"Times: total = 41, boot = 17, init = 24, finish = 0",partial,Times: total = <*> boot = <*> init = <*> finish = <*>,0.9848,Finished task <*> in stage <*> (TID <*> bytes result sent to driver,0.4013,Reading broadcast variable <*> took <*> ms,0.2777,15.15,33
303,Finished task 10.0 in stage 28.0 (TID 1290). 2087 bytes result sent to driver,partial,Finished task <*> in stage <*> (TID <*> bytes result sent to driver,0.9777,Running task <*> in stage <*> (TID <*>,0.6687,Got assigned task 273,0.4579,16.96,33
304,Finished task 12.0 in stage 28.0 (TID 1292). 2087 bytes result sent to driver,partial,Finished task <*> in stage <*> (TID <*> bytes result sent to driver,0.9675,Running task <*> in stage <*> (TID <*>,0.6292,Got assigned task <*>,0.4688,16.04,33
305,Got assigned task 1295,partial,Got assigned task <*>,0.9506,Got assigned task 590,0.7783,Got assigned task 360,0.7714,14.62,33
306,Running task 15.0 in stage 28.0 (TID 1295),partial,Running task <*> in stage <*> (TID <*>,0.9083,Finished task <*> in stage <*> (TID <*> bytes result sent to driver,0.615,Got assigned task <*>,0.4878,14.94,33
307,Finished task 11.0 in stage 28.0 (TID 1291). 2087 bytes result sent to driver,partial,Finished task <*> in stage <*> (TID <*> bytes result sent to driver,0.978,Running task <*> in stage <*> (TID <*>,0.6539,Got assigned task 273,0.474,15.35,33
308,Got assigned task 1296,partial,Got assigned task <*>,0.946,Got assigned task 590,0.7856,Got assigned task 273,0.7809,14.32,33
309,Running task 16.0 in stage 28.0 (TID 1296),partial,Running task <*> in stage <*> (TID <*>,0.9312,Finished task <*> in stage <*> (TID <*> bytes result sent to driver,0.6305,Got assigned task <*>,0.4727,14.68,33
310,"Times: total = 41, boot = 12, init = 28, finish = 1",partial,Times: total = <*> boot = <*> init = <*> finish = <*>,0.9841,Finished task <*> in stage <*> (TID <*> bytes result sent to driver,0.3826,Reading broadcast variable <*> took <*> ms,0.2569,15.96,33
311,"Times: total = 42, boot = 17, init = 24, finish = 1",partial,Times: total = <*> boot = <*> init = <*> finish = <*>,0.978,Finished task <*> in stage <*> (TID <*> bytes result sent to driver,0.3882,Got assigned task 273,0.2646,30.79,33
312,Got assigned task 1297,partial,Got assigned task <*>,0.9424,Got assigned task 273,0.7728,Got assigned task 590,0.7719,24.85,33
313,Running task 17.0 in stage 28.0 (TID 1297),partial,Running task <*> in stage <*> (TID <*>,0.9163,Finished task <*> in stage <*> (TID <*> bytes result sent to driver,0.6315,Got assigned task <*>,0.5034,44.21,33
314,Found block rdd_42_15 locally,partial,Found block rdd_<*> locally,0.9819,"Block rdd_<*> stored as bytes in memory (estimated size <*> <*>, free <*> <*>)",0.629,"Partition rdd_<*> not found, computing it",0.5835,32.11,33
315,Finished task 14.0 in stage 28.0 (TID 1294). 2087 bytes result sent to driver,partial,Finished task <*> in stage <*> (TID <*> bytes result sent to driver,0.9753,Running task <*> in stage <*> (TID <*>,0.6427,Got assigned task 273,0.4792,32.97,33
316,Finished task 13.0 in stage 28.0 (TID 1293). 2087 bytes result sent to driver,partial,Finished task <*> in stage <*> (TID <*> bytes result sent to driver,0.9802,Running task <*> in stage <*> (TID <*>,0.6539,Got assigned task 273,0.4808,25.21,33
317,Found block rdd_42_17 locally,partial,Found block rdd_<*> locally,0.9827,"Block rdd_<*> stored as bytes in memory (estimated size <*> <*>, free <*> <*>)",0.6336,"Partition rdd_<*> not found, computing it",0.5849,46.69,33
318,Got assigned task 1298,partial,Got assigned task <*>,0.9502,Got assigned task 590,0.7902,Got assigned task 360,0.7886,26.33,33
319,Found block rdd_42_16 locally,partial,Found block rdd_<*> locally,0.9823,"Block rdd_<*> stored as bytes in memory (estimated size <*> <*>, free <*> <*>)",0.6519,"Partition rdd_<*> not found, computing it",0.5923,43.52,33
320,Running task 18.0 in stage 28.0 (TID 1298),partial,Running task <*> in stage <*> (TID <*>,0.9303,Finished task <*> in stage <*> (TID <*> bytes result sent to driver,0.6265,Got assigned task <*>,0.4838,43.46,33
321,Got assigned task 1299,partial,Got assigned task <*>,0.9317,Got assigned task 590,0.7743,Got assigned task 360,0.7544,21.78,33
322,Running task 19.0 in stage 28.0 (TID 1299),partial,Running task <*> in stage <*> (TID <*>,0.9258,Finished task <*> in stage <*> (TID <*> bytes result sent to driver,0.6283,Got assigned task <*>,0.4758,24.29,33
323,Found block rdd_42_18 locally,partial,Found block rdd_<*> locally,0.9866,"Block rdd_<*> stored as bytes in memory (estimated size <*> <*>, free <*> <*>)",0.6313,"Partition rdd_<*> not found, computing it",0.5952,19.89,33
324,Found block rdd_42_19 locally,partial,Found block rdd_<*> locally,0.986,"Block rdd_<*> stored as bytes in memory (estimated size <*> <*>, free <*> <*>)",0.6329,"Partition rdd_<*> not found, computing it",0.595,19.76,33
325,"Times: total = 40, boot = 19, init = 21, finish = 0",partial,Times: total = <*> boot = <*> init = <*> finish = <*>,0.983,Finished task <*> in stage <*> (TID <*> bytes result sent to driver,0.3979,Running task <*> in stage <*> (TID <*>,0.2699,20.49,33
326,"Times: total = 40, boot = 20, init = 20, finish = 0",partial,Times: total = <*> boot = <*> init = <*> finish = <*>,0.9688,Finished task <*> in stage <*> (TID <*> bytes result sent to driver,0.3675,Reading broadcast variable <*> took <*> ms,0.2464,20.26,33
327,"Times: total = 39, boot = 15, init = 24, finish = 0",partial,Times: total = <*> boot = <*> init = <*> finish = <*>,0.9833,Finished task <*> in stage <*> (TID <*> bytes result sent to driver,0.3927,Reading broadcast variable <*> took <*> ms,0.2743,20.43,33
328,Finished task 15.0 in stage 28.0 (TID 1295). 2087 bytes result sent to driver,partial,Finished task <*> in stage <*> (TID <*> bytes result sent to driver,0.9657,Running task <*> in stage <*> (TID <*>,0.6396,Got assigned task 273,0.4667,20.6,33
329,Finished task 16.0 in stage 28.0 (TID 1296). 2087 bytes result sent to driver,partial,Finished task <*> in stage <*> (TID <*> bytes result sent to driver,0.9678,Running task <*> in stage <*> (TID <*>,0.6475,Got assigned task 273,0.4746,20.8,33
330,Finished task 17.0 in stage 28.0 (TID 1297). 2087 bytes result sent to driver,partial,Finished task <*> in stage <*> (TID <*> bytes result sent to driver,0.9679,Running task <*> in stage <*> (TID <*>,0.6261,Got assigned task 273,0.492,20.68,33
331,Got assigned task 1300,partial,Got assigned task <*>,0.8899,Got assigned task 590,0.7512,Got assigned task 360,0.7343,19.83,33
332,Running task 20.0 in stage 28.0 (TID 1300),partial,Running task <*> in stage <*> (TID <*>,0.9056,Finished task <*> in stage <*> (TID <*> bytes result sent to driver,0.5868,Got assigned task <*>,0.4449,20.2,33
333,"Times: total = 40, boot = 15, init = 25, finish = 0",partial,Times: total = <*> boot = <*> init = <*> finish = <*>,0.98,Finished task <*> in stage <*> (TID <*> bytes result sent to driver,0.3761,Running task <*> in stage <*> (TID <*>,0.2522,20.61,33
334,Got assigned task 1301,partial,Got assigned task <*>,0.9295,Got assigned task 590,0.7517,Got assigned task 360,0.7434,19.84,33
335,"Times: total = 42, boot = 16, init = 25, finish = 1",partial,Times: total = <*> boot = <*> init = <*> finish = <*>,0.9871,Finished task <*> in stage <*> (TID <*> bytes result sent to driver,0.3858,Got assigned task 273,0.259,20.03,33
336,Running task 21.0 in stage 28.0 (TID 1301),partial,Running task <*> in stage <*> (TID <*>,0.9446,Finished task <*> in stage <*> (TID <*> bytes result sent to driver,0.6482,Got assigned task <*>,0.4981,20.16,33
337,Got assigned task 1302,partial,Got assigned task <*>,0.9266,Got assigned task 360,0.7458,Got assigned task 590,0.7425,19.66,33
338,Running task 22.0 in stage 28.0 (TID 1302),partial,Running task <*> in stage <*> (TID <*>,0.9269,Finished task <*> in stage <*> (TID <*> bytes result sent to driver,0.6418,Got assigned task <*>,0.4614,20.18,33
339,Found block rdd_42_20 locally,partial,Found block rdd_<*> locally,0.9854,"Block rdd_<*> stored as bytes in memory (estimated size <*> <*>, free <*> <*>)",0.6475,"Partition rdd_<*> not found, computing it",0.5924,19.84,33
340,Finished task 18.0 in stage 28.0 (TID 1298). 2087 bytes result sent to driver,partial,Finished task <*> in stage <*> (TID <*> bytes result sent to driver,0.9725,Running task <*> in stage <*> (TID <*>,0.654,Got assigned task 273,0.4988,20.99,33
341,Finished task 19.0 in stage 28.0 (TID 1299). 2087 bytes result sent to driver,partial,Finished task <*> in stage <*> (TID <*> bytes result sent to driver,0.972,Running task <*> in stage <*> (TID <*>,0.6465,Got assigned task 273,0.4783,21.04,33
342,Got assigned task 1303,partial,Got assigned task <*>,0.929,Got assigned task 360,0.7484,Got assigned task 590,0.7427,20.38,33
343,Found block rdd_42_21 locally,exact,Found block rdd_<*> locally,0.9901,"Block rdd_<*> stored as bytes in memory (estimated size <*> <*>, free <*> <*>)",0.6424,"Partition rdd_<*> not found, computing it",0.5988,20.54,33
344,Running task 23.0 in stage 28.0 (TID 1303),partial,Running task <*> in stage <*> (TID <*>,0.9508,Finished task <*> in stage <*> (TID <*> bytes result sent to driver,0.662,Got assigned task <*>,0.5146,20.65,33
345,Found block rdd_42_22 locally,partial,Found block rdd_<*> locally,0.9839,"Block rdd_<*> stored as bytes in memory (estimated size <*> <*>, free <*> <*>)",0.6342,"Partition rdd_<*> not found, computing it",0.5829,20.09,33
346,Got assigned task 1304,partial,Got assigned task <*>,0.929,Got assigned task 360,0.7501,Got assigned task 590,0.7449,19.73,33
347,Running task 24.0 in stage 28.0 (TID 1304),partial,Running task <*> in stage <*> (TID <*>,0.9439,Finished task <*> in stage <*> (TID <*> bytes result sent to driver,0.6391,Got assigned task <*>,0.4982,20.08,33
348,Found block rdd_42_24 locally,partial,Found block rdd_<*> locally,0.9892,"Block rdd_<*> stored as bytes in memory (estimated size <*> <*>, free <*> <*>)",0.6286,"Partition rdd_<*> not found, computing it",0.5959,19.82,33
349,Found block rdd_42_23 locally,partial,Found block rdd_<*> locally,0.9873,"Block rdd_<*> stored as bytes in memory (estimated size <*> <*>, free <*> <*>)",0.628,"Partition rdd_<*> not found, computing it",0.588,19.77,33
350,"Times: total = 42, boot = 22, init = 19, finish = 1",partial,Times: total = <*> boot = <*> init = <*> finish = <*>,0.9869,Finished task <*> in stage <*> (TID <*> bytes result sent to driver,0.3928,Got assigned task 273,0.269,20.23,33
351,"Times: total = 38, boot = 18, init = 20, finish = 0",partial,Times: total = <*> boot = <*> init = <*> finish = <*>,0.9765,Finished task <*> in stage <*> (TID <*> bytes result sent to driver,0.3875,Got assigned task 273,0.256,20.11,33
352,Finished task 20.0 in stage 28.0 (TID 1300). 2087 bytes result sent to driver,partial,Finished task <*> in stage <*> (TID <*> bytes result sent to driver,0.9662,Running task <*> in stage <*> (TID <*>,0.6545,Got assigned task 273,0.464,21.02,33
353,Finished task 21.0 in stage 28.0 (TID 1301). 2087 bytes result sent to driver,partial,Finished task <*> in stage <*> (TID <*> bytes result sent to driver,0.9815,Running task <*> in stage <*> (TID <*>,0.6251,Got assigned task 273,0.4872,20.38,33
354,"Times: total = 42, boot = 14, init = 28, finish = 0",partial,Times: total = <*> boot = <*> init = <*> finish = <*>,0.9753,Finished task <*> in stage <*> (TID <*> bytes result sent to driver,0.4116,Got assigned task 273,0.2766,20.24,33
355,Got assigned task 1305,partial,Got assigned task <*>,0.9417,Got assigned task 360,0.7587,Got assigned task 590,0.7585,19.65,33
356,Running task 25.0 in stage 28.0 (TID 1305),partial,Running task <*> in stage <*> (TID <*>,0.9335,Finished task <*> in stage <*> (TID <*> bytes result sent to driver,0.6405,Got assigned task <*>,0.4957,20.19,33
357,Got assigned task 1306,partial,Got assigned task <*>,0.9482,Got assigned task 590,0.7708,Got assigned task 360,0.7691,19.86,33
358,Finished task 22.0 in stage 28.0 (TID 1302). 2087 bytes result sent to driver,partial,Finished task <*> in stage <*> (TID <*> bytes result sent to driver,0.9712,Running task <*> in stage <*> (TID <*>,0.6179,Got assigned task 273,0.4784,20.52,33
359,Running task 26.0 in stage 28.0 (TID 1306),partial,Running task <*> in stage <*> (TID <*>,0.9403,Finished task <*> in stage <*> (TID <*> bytes result sent to driver,0.6524,Got assigned task <*>,0.5065,20.35,33
360,"Times: total = 39, boot = 15, init = 23, finish = 1",partial,Times: total = <*> boot = <*> init = <*> finish = <*>,0.9848,Finished task <*> in stage <*> (TID <*> bytes result sent to driver,0.3773,Reading broadcast variable <*> took <*> ms,0.256,20.25,33
361,Found block rdd_42_25 locally,partial,Found block rdd_<*> locally,0.9878,"Block rdd_<*> stored as bytes in memory (estimated size <*> <*>, free <*> <*>)",0.6352,"Partition rdd_<*> not found, computing it",0.5845,19.93,33
362,Got assigned task 1307,partial,Got assigned task <*>,0.9321,Got assigned task 360,0.7518,Got assigned task 590,0.7497,19.91,33
363,Running task 27.0 in stage 28.0 (TID 1307),partial,Running task <*> in stage <*> (TID <*>,0.9411,Finished task <*> in stage <*> (TID <*> bytes result sent to driver,0.6547,Got assigned task <*>,0.4965,20.38,33
364,Finished task 24.0 in stage 28.0 (TID 1304). 2087 bytes result sent to driver,partial,Finished task <*> in stage <*> (TID <*> bytes result sent to driver,0.9797,Running task <*> in stage <*> (TID <*>,0.6339,Got assigned task 273,0.4907,20.49,33
365,"Times: total = 43, boot = 15, init = 27, finish = 1",partial,Times: total = <*> boot = <*> init = <*> finish = <*>,0.9872,Finished task <*> in stage <*> (TID <*> bytes result sent to driver,0.3827,Reading broadcast variable <*> took <*> ms,0.2665,22.0,33
366,Found block rdd_42_26 locally,partial,Found block rdd_<*> locally,0.9871,"Block rdd_<*> stored as bytes in memory (estimated size <*> <*>, free <*> <*>)",0.6275,"Partition rdd_<*> not found, computing it",0.5824,16.23,33
367,Finished task 23.0 in stage 28.0 (TID 1303). 2087 bytes result sent to driver,partial,Finished task <*> in stage <*> (TID <*> bytes result sent to driver,0.982,Running task <*> in stage <*> (TID <*>,0.629,Got assigned task 273,0.4873,16.2,33
368,Got assigned task 1308,partial,Got assigned task <*>,0.9438,Got assigned task 360,0.7746,Got assigned task 590,0.7677,15.39,33
369,Running task 28.0 in stage 28.0 (TID 1308),partial,Running task <*> in stage <*> (TID <*>,0.9314,Finished task <*> in stage <*> (TID <*> bytes result sent to driver,0.648,Got assigned task <*>,0.4825,15.9,33
370,Found block rdd_42_27 locally,partial,Found block rdd_<*> locally,0.9884,"Block rdd_<*> stored as bytes in memory (estimated size <*> <*>, free <*> <*>)",0.6298,"Partition rdd_<*> not found, computing it",0.5968,15.37,33
371,Got assigned task 1309,partial,Got assigned task <*>,0.94,Got assigned task 590,0.7643,Got assigned task 360,0.7518,15.17,33
372,Running task 29.0 in stage 28.0 (TID 1309),partial,Running task <*> in stage <*> (TID <*>,0.9235,Finished task <*> in stage <*> (TID <*> bytes result sent to driver,0.6365,Got assigned task <*>,0.4793,15.73,33
373,Found block rdd_42_28 locally,partial,Found block rdd_<*> locally,0.9849,"Block rdd_<*> stored as bytes in memory (estimated size <*> <*>, free <*> <*>)",0.6292,"Partition rdd_<*> not found, computing it",0.5868,15.03,33
374,Found block rdd_42_29 locally,partial,Found block rdd_<*> locally,0.9783,"Block rdd_<*> stored as bytes in memory (estimated size <*> <*>, free <*> <*>)",0.6287,"Partition rdd_<*> not found, computing it",0.5852,15.0,33
375,"Times: total = 41, boot = 17, init = 23, finish = 1",partial,Times: total = <*> boot = <*> init = <*> finish = <*>,0.9805,Finished task <*> in stage <*> (TID <*> bytes result sent to driver,0.3812,Got assigned task 273,0.2593,15.67,33
376,"Times: total = 41, boot = 17, init = 24, finish = 0",partial,Times: total = <*> boot = <*> init = <*> finish = <*>,0.9851,Finished task <*> in stage <*> (TID <*> bytes result sent to driver,0.4013,Reading broadcast variable <*> took <*> ms,0.2777,15.84,33
377,Finished task 25.0 in stage 28.0 (TID 1305). 2087 bytes result sent to driver,partial,Finished task <*> in stage <*> (TID <*> bytes result sent to driver,0.9755,Running task <*> in stage <*> (TID <*>,0.6124,Got assigned task 273,0.4787,15.78,33
378,Finished task 26.0 in stage 28.0 (TID 1306). 2087 bytes result sent to driver,partial,Finished task <*> in stage <*> (TID <*> bytes result sent to driver,0.9822,Running task <*> in stage <*> (TID <*>,0.6233,Got assigned task 273,0.4864,15.94,33
379,"Times: total = 40, boot = 27, init = 13, finish = 0",partial,Times: total = <*> boot = <*> init = <*> finish = <*>,0.9844,Finished task <*> in stage <*> (TID <*> bytes result sent to driver,0.4006,Running task <*> in stage <*> (TID <*>,0.2784,15.49,33
380,Got assigned task 1310,partial,Got assigned task <*>,0.9425,Got assigned task 590,0.7695,Got assigned task 360,0.7644,15.07,33
381,Running task 30.0 in stage 28.0 (TID 1310),partial,Running task <*> in stage <*> (TID <*>,0.9498,Finished task <*> in stage <*> (TID <*> bytes result sent to driver,0.6421,Got assigned task <*>,0.4594,15.33,33
382,Got assigned task 1311,partial,Got assigned task <*>,0.9351,Got assigned task 273,0.7646,Got assigned task 360,0.7552,15.32,33
383,Running task 31.0 in stage 28.0 (TID 1311),partial,Running task <*> in stage <*> (TID <*>,0.9415,Finished task <*> in stage <*> (TID <*> bytes result sent to driver,0.6547,Got assigned task <*>,0.5118,15.48,33
384,"Times: total = 40, boot = 26, init = 14, finish = 0",partial,Times: total = <*> boot = <*> init = <*> finish = <*>,0.981,Finished task <*> in stage <*> (TID <*> bytes result sent to driver,0.4111,Running task <*> in stage <*> (TID <*>,0.2869,15.4,33
385,Finished task 27.0 in stage 28.0 (TID 1307). 2087 bytes result sent to driver,partial,Finished task <*> in stage <*> (TID <*> bytes result sent to driver,0.9779,Running task <*> in stage <*> (TID <*>,0.6111,Got assigned task 273,0.4827,15.82,33
386,Found block rdd_42_30 locally,partial,Found block rdd_<*> locally,0.9853,"Block rdd_<*> stored as bytes in memory (estimated size <*> <*>, free <*> <*>)",0.6375,"Partition rdd_<*> not found, computing it",0.5825,15.22,33
387,Finished task 28.0 in stage 28.0 (TID 1308). 2087 bytes result sent to driver,partial,Finished task <*> in stage <*> (TID <*> bytes result sent to driver,0.9728,Running task <*> in stage <*> (TID <*>,0.6044,Got assigned task 273,0.4819,15.75,33
388,Got assigned task 1312,partial,Got assigned task <*>,0.9278,Got assigned task 273,0.784,Got assigned task 360,0.75,15.12,33
389,"Times: total = 42, boot = 16, init = 25, finish = 1",partial,Times: total = <*> boot = <*> init = <*> finish = <*>,0.9872,Finished task <*> in stage <*> (TID <*> bytes result sent to driver,0.386,Got assigned task 273,0.259,15.59,33
390,Running task 32.0 in stage 28.0 (TID 1312),partial,Running task <*> in stage <*> (TID <*>,0.9412,Finished task <*> in stage <*> (TID <*> bytes result sent to driver,0.6484,Got assigned task <*>,0.4877,15.35,33
391,Found block rdd_42_31 locally,partial,Found block rdd_<*> locally,0.9867,"Block rdd_<*> stored as bytes in memory (estimated size <*> <*>, free <*> <*>)",0.6341,"Partition rdd_<*> not found, computing it",0.5914,15.39,33
392,Got assigned task 1313,partial,Got assigned task <*>,0.9293,Got assigned task 273,0.7824,Got assigned task 360,0.7545,32.45,33
393,Running task 33.0 in stage 28.0 (TID 1313),partial,Running task <*> in stage <*> (TID <*>,0.941,Finished task <*> in stage <*> (TID <*> bytes result sent to driver,0.6615,Got assigned task <*>,0.5158,22.63,33
394,Finished task 29.0 in stage 28.0 (TID 1309). 2087 bytes result sent to driver,partial,Finished task <*> in stage <*> (TID <*> bytes result sent to driver,0.9757,Running task <*> in stage <*> (TID <*>,0.6068,Got assigned task 273,0.479,24.8,33
395,Found block rdd_42_32 locally,partial,Found block rdd_<*> locally,0.984,"Block rdd_<*> stored as bytes in memory (estimated size <*> <*>, free <*> <*>)",0.6514,"Partition rdd_<*> not found, computing it",0.6006,24.69,33
396,Got assigned task 1314,partial,Got assigned task <*>,0.9425,Got assigned task 273,0.7854,Got assigned task 360,0.765,41.62,33
397,Running task 34.0 in stage 28.0 (TID 1314),partial,Running task <*> in stage <*> (TID <*>,0.941,Finished task <*> in stage <*> (TID <*> bytes result sent to driver,0.6548,Got assigned task <*>,0.5186,26.88,33
398,Found block rdd_42_33 locally,partial,Found block rdd_<*> locally,0.9845,"Block rdd_<*> stored as bytes in memory (estimated size <*> <*>, free <*> <*>)",0.6246,"Partition rdd_<*> not found, computing it",0.591,53.81,33
399,Found block rdd_42_34 locally,partial,Found block rdd_<*> locally,0.9845,"Block rdd_<*> stored as bytes in memory (estimated size <*> <*>, free <*> <*>)",0.6354,"Partition rdd_<*> not found, computing it",0.5867,43.71,33
400,"Times: total = 40, boot = 18, init = 22, finish = 0",partial,Times: total = <*> boot = <*> init = <*> finish = <*>,0.9843,Finished task <*> in stage <*> (TID <*> bytes result sent to driver,0.3858,Reading broadcast variable <*> took <*> ms,0.2645,22.73,33
401,"Times: total = 41, boot = 19, init = 22, finish = 0",partial,Times: total = <*> boot = <*> init = <*> finish = <*>,0.9854,Finished task <*> in stage <*> (TID <*> bytes result sent to driver,0.3991,Reading broadcast variable <*> took <*> ms,0.2774,14.7,33
402,Finished task 30.0 in stage 28.0 (TID 1310). 2087 bytes result sent to driver,partial,Finished task <*> in stage <*> (TID <*> bytes result sent to driver,0.9807,Running task <*> in stage <*> (TID <*>,0.6555,Got assigned task 273,0.4799,15.12,33
403,Finished task 31.0 in stage 28.0 (TID 1311). 2087 bytes result sent to driver,partial,Finished task <*> in stage <*> (TID <*> bytes result sent to driver,0.9737,Running task <*> in stage <*> (TID <*>,0.6136,Got assigned task 273,0.4866,16.67,33
404,"Times: total = 40, boot = 15, init = 25, finish = 0",partial,Times: total = <*> boot = <*> init = <*> finish = <*>,0.9803,Finished task <*> in stage <*> (TID <*> bytes result sent to driver,0.3764,Running task <*> in stage <*> (TID <*>,0.253,15.27,33
405,Got assigned task 1315,partial,Got assigned task <*>,0.9535,Got assigned task 273,0.7769,Got assigned task 360,0.7734,14.61,33
406,Running task 35.0 in stage 28.0 (TID 1315),partial,Running task <*> in stage <*> (TID <*>,0.9332,Finished task <*> in stage <*> (TID <*> bytes result sent to driver,0.6401,Got assigned task <*>,0.4944,14.19,33
407,Got assigned task 1316,partial,Got assigned task <*>,0.9496,Got assigned task 273,0.8005,Got assigned task 360,0.7787,13.66,33
408,Running task 36.0 in stage 28.0 (TID 1316),partial,Running task <*> in stage <*> (TID <*>,0.9424,Finished task <*> in stage <*> (TID <*> bytes result sent to driver,0.6513,Got assigned task 273,0.5122,14.09,33
409,Finished task 32.0 in stage 28.0 (TID 1312). 2087 bytes result sent to driver,partial,Finished task <*> in stage <*> (TID <*> bytes result sent to driver,0.9804,Running task <*> in stage <*> (TID <*>,0.6454,Got assigned task 273,0.4942,14.53,33
410,"Times: total = 42, boot = 16, init = 25, finish = 1",partial,Times: total = <*> boot = <*> init = <*> finish = <*>,0.9873,Finished task <*> in stage <*> (TID <*> bytes result sent to driver,0.3861,Got assigned task 273,0.259,14.19,33
411,Found block rdd_42_35 locally,partial,Found block rdd_<*> locally,0.9833,"Block rdd_<*> stored as bytes in memory (estimated size <*> <*>, free <*> <*>)",0.6334,"Partition rdd_<*> not found, computing it",0.5849,13.71,33
412,Finished task 33.0 in stage 28.0 (TID 1313). 2087 bytes result sent to driver,partial,Finished task <*> in stage <*> (TID <*> bytes result sent to driver,0.9772,Running task <*> in stage <*> (TID <*>,0.6168,Got assigned task 273,0.5004,14.39,33
413,Got assigned task 1317,partial,Got assigned task <*>,0.9381,Got assigned task 273,0.7842,Got assigned task 360,0.759,13.82,33
414,Running task 37.0 in stage 28.0 (TID 1317),partial,Running task <*> in stage <*> (TID <*>,0.9322,Finished task <*> in stage <*> (TID <*> bytes result sent to driver,0.6591,Got assigned task 273,0.5299,13.95,33
415,"Times: total = 40, boot = 14, init = 25, finish = 1",partial,Times: total = <*> boot = <*> init = <*> finish = <*>,0.9843,Finished task <*> in stage <*> (TID <*> bytes result sent to driver,0.3678,Reading broadcast variable <*> took <*> ms,0.2487,14.4,33
416,Found block rdd_42_36 locally,partial,Found block rdd_<*> locally,0.9857,"Block rdd_<*> stored as bytes in memory (estimated size <*> <*>, free <*> <*>)",0.6401,"Partition rdd_<*> not found, computing it",0.591,13.92,33
417,Got assigned task 1318,partial,Got assigned task <*>,0.9369,Got assigned task 273,0.7864,Got assigned task 360,0.7722,13.84,33
418,Finished task 34.0 in stage 28.0 (TID 1314). 2087 bytes result sent to driver,partial,Finished task <*> in stage <*> (TID <*> bytes result sent to driver,0.9736,Running task <*> in stage <*> (TID <*>,0.6002,Got assigned task 273,0.4882,14.48,33
419,Running task 38.0 in stage 28.0 (TID 1318),partial,Running task <*> in stage <*> (TID <*>,0.9342,Finished task <*> in stage <*> (TID <*> bytes result sent to driver,0.6721,Got assigned task 273,0.532,14.03,33
420,Found block rdd_42_37 locally,partial,Found block rdd_<*> locally,0.9882,"Block rdd_<*> stored as bytes in memory (estimated size <*> <*>, free <*> <*>)",0.6284,"Partition rdd_<*> not found, computing it",0.5803,13.85,33
421,Got assigned task 1319,partial,Got assigned task <*>,0.9476,Got assigned task 273,0.7734,Got assigned task 360,0.7651,13.88,33
422,Running task 39.0 in stage 28.0 (TID 1319),partial,Running task <*> in stage <*> (TID <*>,0.9351,Finished task <*> in stage <*> (TID <*> bytes result sent to driver,0.6594,Got assigned task 273,0.5175,14.5,33
423,Found block rdd_42_38 locally,partial,Found block rdd_<*> locally,0.9883,"Block rdd_<*> stored as bytes in memory (estimated size <*> <*>, free <*> <*>)",0.6324,"Partition rdd_<*> not found, computing it",0.5799,14.01,33
424,Found block rdd_42_39 locally,exact,Found block rdd_<*> locally,0.9919,"Block rdd_<*> stored as bytes in memory (estimated size <*> <*>, free <*> <*>)",0.6317,"Partition rdd_<*> not found, computing it",0.5827,13.84,33
425,"Times: total = 41, boot = 23, init = 18, finish = 0",partial,Times: total = <*> boot = <*> init = <*> finish = <*>,0.9811,Finished task <*> in stage <*> (TID <*> bytes result sent to driver,0.3943,Got assigned task 273,0.2677,14.4,33
426,"Times: total = 41, boot = 19, init = 22, finish = 0",partial,Times: total = <*> boot = <*> init = <*> finish = <*>,0.9855,Finished task <*> in stage <*> (TID <*> bytes result sent to driver,0.3991,Reading broadcast variable <*> took <*> ms,0.2774,14.85,33
427,Finished task 35.0 in stage 28.0 (TID 1315). 2087 bytes result sent to driver,partial,Finished task <*> in stage <*> (TID <*> bytes result sent to driver,0.973,Running task <*> in stage <*> (TID <*>,0.6068,Got assigned task 273,0.4911,14.49,33
428,Finished task 36.0 in stage 28.0 (TID 1316). 2087 bytes result sent to driver,partial,Finished task <*> in stage <*> (TID <*> bytes result sent to driver,0.9746,Running task <*> in stage <*> (TID <*>,0.5975,Got assigned task 273,0.4985,14.59,33
429,"Times: total = 38, boot = 14, init = 24, finish = 0",partial,Times: total = <*> boot = <*> init = <*> finish = <*>,0.977,Finished task <*> in stage <*> (TID <*> bytes result sent to driver,0.3945,Reading broadcast variable <*> took <*> ms,0.2669,14.44,33
430,Finished task 37.0 in stage 28.0 (TID 1317). 2087 bytes result sent to driver,partial,Finished task <*> in stage <*> (TID <*> bytes result sent to driver,0.9725,Running task <*> in stage <*> (TID <*>,0.5966,Got assigned task 273,0.5059,14.82,33
431,"Times: total = 42, boot = 19, init = 22, finish = 1",partial,Times: total = <*> boot = <*> init = <*> finish = <*>,0.9874,Finished task <*> in stage <*> (TID <*> bytes result sent to driver,0.3888,Got assigned task 273,0.2609,14.27,33
432,"Times: total = 40, boot = 14, init = 26, finish = 0",partial,Times: total = <*> boot = <*> init = <*> finish = <*>,0.9817,Finished task <*> in stage <*> (TID <*> bytes result sent to driver,0.4109,Running task <*> in stage <*> (TID <*>,0.2864,14.56,33
433,Finished task 38.0 in stage 28.0 (TID 1318). 2087 bytes result sent to driver,partial,Finished task <*> in stage <*> (TID <*> bytes result sent to driver,0.9746,Running task <*> in stage <*> (TID <*>,0.5884,Got assigned task 273,0.5051,14.43,33
434,Finished task 39.0 in stage 28.0 (TID 1319). 2087 bytes result sent to driver,partial,Finished task <*> in stage <*> (TID <*> bytes result sent to driver,0.9792,Running task <*> in stage <*> (TID <*>,0.5962,Got assigned task 273,0.4955,14.24,33
435,Got assigned task 1320,partial,Got assigned task <*>,0.9527,Got assigned task 590,0.7829,Got assigned task 360,0.7515,13.69,33
436,Got assigned task 1321,partial,Got assigned task <*>,0.9437,Got assigned task 590,0.7573,Got assigned task 273,0.7468,13.71,33
437,Running task 0.0 in stage 29.0 (TID 1320),partial,Running task <*> in stage <*> (TID <*>,0.9678,Finished task <*> in stage <*> (TID <*> bytes result sent to driver,0.6445,Got assigned task <*>,0.4972,14.21,33
438,Running task 1.0 in stage 29.0 (TID 1321),partial,Running task <*> in stage <*> (TID <*>,0.955,Finished task <*> in stage <*> (TID <*> bytes result sent to driver,0.6322,Got assigned task <*>,0.5304,14.18,33
439,Got assigned task 1322,partial,Got assigned task <*>,0.9278,Got assigned task 273,0.7592,Got assigned task 590,0.7337,13.76,33
440,Running task 2.0 in stage 29.0 (TID 1322),partial,Running task <*> in stage <*> (TID <*>,0.9418,Finished task <*> in stage <*> (TID <*> bytes result sent to driver,0.6477,Got assigned task <*>,0.5115,14.05,33
441,Got assigned task 1323,partial,Got assigned task <*>,0.9303,Got assigned task 273,0.7589,Got assigned task 590,0.7361,13.58,33
442,Running task 3.0 in stage 29.0 (TID 1323),partial,Running task <*> in stage <*> (TID <*>,0.921,Finished task <*> in stage <*> (TID <*> bytes result sent to driver,0.6164,Got assigned task <*>,0.5003,14.09,33
443,Got assigned task 1324,partial,Got assigned task <*>,0.9316,Got assigned task 273,0.7548,Got assigned task 590,0.7427,13.89,33
444,Running task 4.0 in stage 29.0 (TID 1324),partial,Running task <*> in stage <*> (TID <*>,0.9193,Finished task <*> in stage <*> (TID <*> bytes result sent to driver,0.6002,Got assigned task <*>,0.4874,14.24,33
445,Started reading broadcast variable 40,partial,Started reading broadcast variable <*>,0.9381,Reading broadcast variable <*> took <*> ms,0.7803,"Block broadcast_<*> stored as <*> in memory (estimated size <*> <*>, free <*> <*>)",0.5316,13.89,33
446,"Block broadcast_40_piece0 stored as bytes in memory (estimated size 6.0 <*>, free 874.3 <*>)",partial,"Block broadcast_<*> stored as <*> in memory (estimated size <*> <*>, free <*> <*>)",0.9596,"Block rdd_<*> stored as bytes in memory (estimated size <*> <*>, free <*> <*>)",0.4996,Reading broadcast variable <*> took <*> ms,0.4877,15.34,33
447,Reading broadcast variable 40 took 10 ms,partial,Reading broadcast variable <*> took <*> ms,0.9514,Started reading broadcast variable <*>,0.7632,"Block broadcast_<*> stored as <*> in memory (estimated size <*> <*>, free <*> <*>)",0.5477,13.87,33
448,"Block broadcast_40 stored as values in memory (estimated size 9.9 <*>, free 884.2 <*>)",partial,"Block broadcast_<*> stored as <*> in memory (estimated size <*> <*>, free <*> <*>)",0.9477,Reading broadcast variable <*> took <*> ms,0.5113,"Block rdd_<*> stored as bytes in memory (estimated size <*> <*>, free <*> <*>)",0.4878,14.72,33
449,Found block rdd_42_0 locally,partial,Found block rdd_<*> locally,0.9866,"Block rdd_<*> stored as bytes in memory (estimated size <*> <*>, free <*> <*>)",0.6563,"Partition rdd_<*> not found, computing it",0.607,13.88,33
450,Found block rdd_42_4 locally,partial,Found block rdd_<*> locally,0.9789,"Block rdd_<*> stored as bytes in memory (estimated size <*> <*>, free <*> <*>)",0.6359,"Partition rdd_<*> not found, computing it",0.6085,13.71,33
451,Found block rdd_42_3 locally,partial,Found block rdd_<*> locally,0.9796,"Block rdd_<*> stored as bytes in memory (estimated size <*> <*>, free <*> <*>)",0.6229,"Partition rdd_<*> not found, computing it",0.6081,13.68,33
452,Found block rdd_42_2 locally,partial,Found block rdd_<*> locally,0.9828,"Block rdd_<*> stored as bytes in memory (estimated size <*> <*>, free <*> <*>)",0.6414,"Partition rdd_<*> not found, computing it",0.607,13.86,33
453,Found block rdd_42_1 locally,partial,Found block rdd_<*> locally,0.9866,"Block rdd_<*> stored as bytes in memory (estimated size <*> <*>, free <*> <*>)",0.6472,"Partition rdd_<*> not found, computing it",0.6095,13.7,33
454,"Times: total = 40, boot = -79, init = 118, finish = 1",partial,Times: total = <*> boot = <*> init = <*> finish = <*>,0.9803,Finished task <*> in stage <*> (TID <*> bytes result sent to driver,0.3894,Server created on <*>,0.2739,14.32,33
455,"Times: total = 39, boot = -75, init = 113, finish = 1",partial,Times: total = <*> boot = <*> init = <*> finish = <*>,0.9845,Finished task <*> in stage <*> (TID <*> bytes result sent to driver,0.3909,Running task <*> in stage <*> (TID <*>,0.2647,14.18,33
456,"Times: total = 40, boot = -80, init = 119, finish = 1",partial,Times: total = <*> boot = <*> init = <*> finish = <*>,0.9682,Finished task <*> in stage <*> (TID <*> bytes result sent to driver,0.3786,Server created on <*>,0.2932,14.1,33
457,"Times: total = 41, boot = -85, init = 125, finish = 1",partial,Times: total = <*> boot = <*> init = <*> finish = <*>,0.9771,Finished task <*> in stage <*> (TID <*> bytes result sent to driver,0.3802,Reading broadcast variable <*> took <*> ms,0.2674,14.13,33
458,Finished task 3.0 in stage 29.0 (TID 1323). 2128 bytes result sent to driver,partial,Finished task <*> in stage <*> (TID <*> bytes result sent to driver,0.9729,Running task <*> in stage <*> (TID <*>,0.6655,Got assigned task 273,0.4778,14.82,33
459,"Times: total = 42, boot = -74, init = 115, finish = 1",partial,Times: total = <*> boot = <*> init = <*> finish = <*>,0.9711,Finished task <*> in stage <*> (TID <*> bytes result sent to driver,0.4076,Got assigned task 273,0.287,14.25,33
460,Finished task 4.0 in stage 29.0 (TID 1324). 2128 bytes result sent to driver,partial,Finished task <*> in stage <*> (TID <*> bytes result sent to driver,0.972,Running task <*> in stage <*> (TID <*>,0.6673,Got assigned task 273,0.4798,14.49,33
461,Finished task 0.0 in stage 29.0 (TID 1320). 2128 bytes result sent to driver,partial,Finished task <*> in stage <*> (TID <*> bytes result sent to driver,0.9849,Running task <*> in stage <*> (TID <*>,0.6967,Got assigned task 273,0.4921,14.36,33
462,Finished task 2.0 in stage 29.0 (TID 1322). 2128 bytes result sent to driver,partial,Finished task <*> in stage <*> (TID <*> bytes result sent to driver,0.9812,Running task <*> in stage <*> (TID <*>,0.6719,Got assigned task 273,0.481,14.54,33
463,Finished task 1.0 in stage 29.0 (TID 1321). 2171 bytes result sent to driver,partial,Finished task <*> in stage <*> (TID <*> bytes result sent to driver,0.9649,Running task <*> in stage <*> (TID <*>,0.6138,Got assigned task 273,0.4965,14.54,33
464,Got assigned task 1325,partial,Got assigned task <*>,0.9531,Got assigned task 590,0.7611,Got assigned task 273,0.751,14.12,33
465,Running task 5.0 in stage 29.0 (TID 1325),partial,Running task <*> in stage <*> (TID <*>,0.9558,Finished task <*> in stage <*> (TID <*> bytes result sent to driver,0.6222,Got assigned task <*>,0.5239,14.1,33
466,Got assigned task 1326,partial,Got assigned task <*>,0.9473,Got assigned task 273,0.7767,Got assigned task 590,0.762,13.55,33
467,Running task 6.0 in stage 29.0 (TID 1326),partial,Running task <*> in stage <*> (TID <*>,0.9363,Finished task <*> in stage <*> (TID <*> bytes result sent to driver,0.6227,Got assigned task <*>,0.5056,14.23,33
468,Got assigned task 1327,partial,Got assigned task <*>,0.9481,Got assigned task 273,0.7721,Got assigned task 590,0.7533,13.71,33
469,Running task 7.0 in stage 29.0 (TID 1327),partial,Running task <*> in stage <*> (TID <*>,0.9324,Finished task <*> in stage <*> (TID <*> bytes result sent to driver,0.6157,Got assigned task <*>,0.5064,14.08,33
470,Got assigned task 1328,partial,Got assigned task <*>,0.9469,Got assigned task 273,0.7781,Got assigned task 590,0.7649,13.61,33
471,Running task 8.0 in stage 29.0 (TID 1328),partial,Running task <*> in stage <*> (TID <*>,0.9218,Finished task <*> in stage <*> (TID <*> bytes result sent to driver,0.6131,Got assigned task <*>,0.4928,13.85,33
472,Got assigned task 1329,partial,Got assigned task <*>,0.9588,Got assigned task 590,0.7733,Got assigned task 273,0.7609,13.7,33
473,Running task 9.0 in stage 29.0 (TID 1329),partial,Running task <*> in stage <*> (TID <*>,0.9273,Finished task <*> in stage <*> (TID <*> bytes result sent to driver,0.6133,Got assigned task <*>,0.5117,14.04,33
474,Found block rdd_42_5 locally,partial,Found block rdd_<*> locally,0.9829,"Block rdd_<*> stored as bytes in memory (estimated size <*> <*>, free <*> <*>)",0.6366,"Partition rdd_<*> not found, computing it",0.5926,13.82,33
475,Found block rdd_42_7 locally,partial,Found block rdd_<*> locally,0.9819,"Block rdd_<*> stored as bytes in memory (estimated size <*> <*>, free <*> <*>)",0.6363,"Partition rdd_<*> not found, computing it",0.5961,14.0,33
476,Found block rdd_42_8 locally,partial,Found block rdd_<*> locally,0.9792,"Block rdd_<*> stored as bytes in memory (estimated size <*> <*>, free <*> <*>)",0.6393,"Partition rdd_<*> not found, computing it",0.5933,13.81,33
477,Found block rdd_42_6 locally,partial,Found block rdd_<*> locally,0.9816,"Block rdd_<*> stored as bytes in memory (estimated size <*> <*>, free <*> <*>)",0.6337,"Partition rdd_<*> not found, computing it",0.598,13.82,33
478,Found block rdd_42_9 locally,partial,Found block rdd_<*> locally,0.979,"Block rdd_<*> stored as bytes in memory (estimated size <*> <*>, free <*> <*>)",0.6274,"Partition rdd_<*> not found, computing it",0.5827,14.0,33
479,"Times: total = 39, boot = 18, init = 20, finish = 1",partial,Times: total = <*> boot = <*> init = <*> finish = <*>,0.9831,Finished task <*> in stage <*> (TID <*> bytes result sent to driver,0.3777,Reading broadcast variable <*> took <*> ms,0.2566,14.39,33
480,"Times: total = 41, boot = 16, init = 24, finish = 1",partial,Times: total = <*> boot = <*> init = <*> finish = <*>,0.9835,Finished task <*> in stage <*> (TID <*> bytes result sent to driver,0.3815,Reading broadcast variable <*> took <*> ms,0.2717,14.11,33
481,"Times: total = 43, boot = 25, init = 17, finish = 1",partial,Times: total = <*> boot = <*> init = <*> finish = <*>,0.9797,Finished task <*> in stage <*> (TID <*> bytes result sent to driver,0.38,Reading broadcast variable <*> took <*> ms,0.2684,13.83,33
482,"Times: total = 41, boot = 19, init = 21, finish = 1",partial,Times: total = <*> boot = <*> init = <*> finish = <*>,0.981,Finished task <*> in stage <*> (TID <*> bytes result sent to driver,0.3869,Reading broadcast variable <*> took <*> ms,0.2627,13.91,33
483,"Times: total = 42, boot = 24, init = 17, finish = 1",partial,Times: total = <*> boot = <*> init = <*> finish = <*>,0.9761,Finished task <*> in stage <*> (TID <*> bytes result sent to driver,0.3901,Got assigned task 273,0.2666,14.26,33
484,Finished task 7.0 in stage 29.0 (TID 1327). 2171 bytes result sent to driver,partial,Finished task <*> in stage <*> (TID <*> bytes result sent to driver,0.966,Running task <*> in stage <*> (TID <*>,0.6136,Got assigned task 273,0.5033,14.51,33
485,Finished task 5.0 in stage 29.0 (TID 1325). 2171 bytes result sent to driver,partial,Finished task <*> in stage <*> (TID <*> bytes result sent to driver,0.9689,Running task <*> in stage <*> (TID <*>,0.6231,Got assigned task 273,0.4975,14.56,33
486,Finished task 8.0 in stage 29.0 (TID 1328). 2128 bytes result sent to driver,partial,Finished task <*> in stage <*> (TID <*> bytes result sent to driver,0.9634,Running task <*> in stage <*> (TID <*>,0.656,Got assigned task 273,0.4775,14.47,33
487,Finished task 9.0 in stage 29.0 (TID 1329). 2128 bytes result sent to driver,partial,Finished task <*> in stage <*> (TID <*> bytes result sent to driver,0.9681,Running task <*> in stage <*> (TID <*>,0.652,Got assigned task 273,0.4699,14.38,33
488,Finished task 6.0 in stage 29.0 (TID 1326). 2171 bytes result sent to driver,partial,Finished task <*> in stage <*> (TID <*> bytes result sent to driver,0.9623,Running task <*> in stage <*> (TID <*>,0.6106,Got assigned task 273,0.5019,14.84,33
489,Got assigned task 1330,partial,Got assigned task <*>,0.919,Got assigned task 590,0.7578,Got assigned task 273,0.7174,13.91,33
490,Running task 10.0 in stage 29.0 (TID 1330),partial,Running task <*> in stage <*> (TID <*>,0.9314,Finished task <*> in stage <*> (TID <*> bytes result sent to driver,0.6111,Got assigned task <*>,0.4412,14.12,33
491,Got assigned task 1331,partial,Got assigned task <*>,0.9431,Got assigned task 590,0.7609,Got assigned task 273,0.7489,13.66,33
492,Running task 11.0 in stage 29.0 (TID 1331),partial,Running task <*> in stage <*> (TID <*>,0.9481,Finished task <*> in stage <*> (TID <*> bytes result sent to driver,0.6238,Got assigned task <*>,0.5161,14.12,33
493,Got assigned task 1332,partial,Got assigned task <*>,0.9324,Got assigned task 273,0.7629,Got assigned task 590,0.7434,13.92,33
494,Running task 12.0 in stage 29.0 (TID 1332),partial,Running task <*> in stage <*> (TID <*>,0.9318,Finished task <*> in stage <*> (TID <*> bytes result sent to driver,0.6246,Got assigned task <*>,0.5057,14.09,33
495,Got assigned task 1333,partial,Got assigned task <*>,0.9402,Got assigned task 273,0.7685,Got assigned task 590,0.7483,13.64,33
496,Running task 13.0 in stage 29.0 (TID 1333),partial,Running task <*> in stage <*> (TID <*>,0.9266,Finished task <*> in stage <*> (TID <*> bytes result sent to driver,0.6207,Got assigned task <*>,0.4998,14.04,33
497,Found block rdd_42_10 locally,partial,Found block rdd_<*> locally,0.9841,"Block rdd_<*> stored as bytes in memory (estimated size <*> <*>, free <*> <*>)",0.6411,"Partition rdd_<*> not found, computing it",0.5948,13.82,33
498,Got assigned task 1334,partial,Got assigned task <*>,0.9449,Got assigned task 273,0.7662,Got assigned task 590,0.7591,13.76,33
499,Running task 14.0 in stage 29.0 (TID 1334),partial,Running task <*> in stage <*> (TID <*>,0.931,Finished task <*> in stage <*> (TID <*> bytes result sent to driver,0.6322,Got assigned task <*>,0.4906,14.36,33
500,Found block rdd_42_11 locally,partial,Found block rdd_<*> locally,0.9821,"Block rdd_<*> stored as bytes in memory (estimated size <*> <*>, free <*> <*>)",0.635,"Partition rdd_<*> not found, computing it",0.5954,13.86,33
501,Found block rdd_42_12 locally,partial,Found block rdd_<*> locally,0.9825,"Block rdd_<*> stored as bytes in memory (estimated size <*> <*>, free <*> <*>)",0.638,"Partition rdd_<*> not found, computing it",0.5942,13.83,33
502,Found block rdd_42_14 locally,partial,Found block rdd_<*> locally,0.9858,"Block rdd_<*> stored as bytes in memory (estimated size <*> <*>, free <*> <*>)",0.6311,"Partition rdd_<*> not found, computing it",0.5923,14.21,33
503,Found block rdd_42_13 locally,partial,Found block rdd_<*> locally,0.9843,"Block rdd_<*> stored as bytes in memory (estimated size <*> <*>, free <*> <*>)",0.6291,"Partition rdd_<*> not found, computing it",0.5902,15.76,33
504,"Times: total = 39, boot = 19, init = 19, finish = 1",partial,Times: total = <*> boot = <*> init = <*> finish = <*>,0.9776,Finished task <*> in stage <*> (TID <*> bytes result sent to driver,0.3933,Reading broadcast variable <*> took <*> ms,0.2688,15.28,33
505,"Times: total = 41, boot = 21, init = 19, finish = 1",partial,Times: total = <*> boot = <*> init = <*> finish = <*>,0.9802,Finished task <*> in stage <*> (TID <*> bytes result sent to driver,0.3895,Reading broadcast variable <*> took <*> ms,0.2635,14.33,33
506,Finished task 11.0 in stage 29.0 (TID 1331). 2128 bytes result sent to driver,partial,Finished task <*> in stage <*> (TID <*> bytes result sent to driver,0.9735,Running task <*> in stage <*> (TID <*>,0.6828,Got assigned task <*>,0.4571,14.14,33
507,"Times: total = 39, boot = 15, init = 23, finish = 1",partial,Times: total = <*> boot = <*> init = <*> finish = <*>,0.9852,Finished task <*> in stage <*> (TID <*> bytes result sent to driver,0.3777,Reading broadcast variable <*> took <*> ms,0.2563,14.15,33
508,"Times: total = 42, boot = 18, init = 23, finish = 1",partial,Times: total = <*> boot = <*> init = <*> finish = <*>,0.9818,Finished task <*> in stage <*> (TID <*> bytes result sent to driver,0.3853,Got assigned task 273,0.2701,14.31,33
509,Finished task 10.0 in stage 29.0 (TID 1330). 2128 bytes result sent to driver,partial,Finished task <*> in stage <*> (TID <*> bytes result sent to driver,0.9601,Running task <*> in stage <*> (TID <*>,0.6884,Connecting to driver: spark://CoarseGrainedScheduler@<*>:48069,0.4271,14.47,33
510,"Times: total = 43, boot = 15, init = 27, finish = 1",partial,Times: total = <*> boot = <*> init = <*> finish = <*>,0.9874,Finished task <*> in stage <*> (TID <*> bytes result sent to driver,0.3831,Reading broadcast variable <*> took <*> ms,0.2667,14.24,33
511,Got assigned task 1335,partial,Got assigned task <*>,0.9519,Got assigned task 590,0.7629,Got assigned task 273,0.7552,13.83,33
512,Running task 15.0 in stage 29.0 (TID 1335),partial,Running task <*> in stage <*> (TID <*>,0.9079,Finished task <*> in stage <*> (TID <*> bytes result sent to driver,0.6101,Got assigned task <*>,0.4705,14.22,33
513,Got assigned task 1336,partial,Got assigned task <*>,0.9527,Got assigned task 273,0.7863,Got assigned task 590,0.774,13.8,33
514,Finished task 14.0 in stage 29.0 (TID 1334). 2128 bytes result sent to driver,partial,Finished task <*> in stage <*> (TID <*> bytes result sent to driver,0.9641,Running task <*> in stage <*> (TID <*>,0.6738,Got assigned task 273,0.4551,14.78,33
515,Finished task 12.0 in stage 29.0 (TID 1332). 2128 bytes result sent to driver,partial,Finished task <*> in stage <*> (TID <*> bytes result sent to driver,0.9639,Running task <*> in stage <*> (TID <*>,0.6622,Got assigned task <*>,0.4511,14.8,33
516,Running task 16.0 in stage 29.0 (TID 1336),partial,Running task <*> in stage <*> (TID <*>,0.9187,Finished task <*> in stage <*> (TID <*> bytes result sent to driver,0.6177,Got assigned task <*>,0.4497,14.28,33
517,Finished task 13.0 in stage 29.0 (TID 1333). 2171 bytes result sent to driver,partial,Finished task <*> in stage <*> (TID <*> bytes result sent to driver,0.9658,Running task <*> in stage <*> (TID <*>,0.6306,Got assigned task <*>,0.4874,14.3,33
518,Got assigned task 1337,partial,Got assigned task <*>,0.9498,Got assigned task 273,0.7787,Got assigned task 590,0.7643,13.87,33
519,Running task 17.0 in stage 29.0 (TID 1337),partial,Running task <*> in stage <*> (TID <*>,0.9098,Finished task <*> in stage <*> (TID <*> bytes result sent to driver,0.6207,Got assigned task <*>,0.4843,14.92,33
520,Got assigned task 1338,partial,Got assigned task <*>,0.9431,Got assigned task 273,0.7763,Got assigned task 590,0.7679,13.98,33
521,Running task 18.0 in stage 29.0 (TID 1338),partial,Running task <*> in stage <*> (TID <*>,0.9279,Finished task <*> in stage <*> (TID <*> bytes result sent to driver,0.6216,Got assigned task <*>,0.4658,14.17,33
522,Found block rdd_42_16 locally,partial,Found block rdd_<*> locally,0.9823,"Block rdd_<*> stored as bytes in memory (estimated size <*> <*>, free <*> <*>)",0.6519,"Partition rdd_<*> not found, computing it",0.5923,13.95,33
523,Got assigned task 1339,partial,Got assigned task <*>,0.9432,Got assigned task 590,0.7675,Got assigned task 273,0.7545,13.45,33
524,Running task 19.0 in stage 29.0 (TID 1339),partial,Running task <*> in stage <*> (TID <*>,0.9092,Finished task <*> in stage <*> (TID <*> bytes result sent to driver,0.6117,Got assigned task <*>,0.4518,14.06,33
525,Found block rdd_42_15 locally,partial,Found block rdd_<*> locally,0.9821,"Block rdd_<*> stored as bytes in memory (estimated size <*> <*>, free <*> <*>)",0.629,"Partition rdd_<*> not found, computing it",0.5835,14.01,33
526,Found block rdd_42_17 locally,partial,Found block rdd_<*> locally,0.9828,"Block rdd_<*> stored as bytes in memory (estimated size <*> <*>, free <*> <*>)",0.6336,"Partition rdd_<*> not found, computing it",0.5849,13.88,33
527,Found block rdd_42_18 locally,partial,Found block rdd_<*> locally,0.9865,"Block rdd_<*> stored as bytes in memory (estimated size <*> <*>, free <*> <*>)",0.6313,"Partition rdd_<*> not found, computing it",0.5952,13.65,33
528,Found block rdd_42_19 locally,partial,Found block rdd_<*> locally,0.9859,"Block rdd_<*> stored as bytes in memory (estimated size <*> <*>, free <*> <*>)",0.6329,"Partition rdd_<*> not found, computing it",0.595,13.61,33
529,"Times: total = 40, boot = 20, init = 19, finish = 1",partial,Times: total = <*> boot = <*> init = <*> finish = <*>,0.9783,Finished task <*> in stage <*> (TID <*> bytes result sent to driver,0.3685,Reading broadcast variable <*> took <*> ms,0.2513,13.91,33
530,"Times: total = 40, boot = 20, init = 19, finish = 1",partial,Times: total = <*> boot = <*> init = <*> finish = <*>,0.9784,Finished task <*> in stage <*> (TID <*> bytes result sent to driver,0.3685,Reading broadcast variable <*> took <*> ms,0.2513,14.52,33
531,"Times: total = 39, boot = 18, init = 20, finish = 1",partial,Times: total = <*> boot = <*> init = <*> finish = <*>,0.9836,Finished task <*> in stage <*> (TID <*> bytes result sent to driver,0.3775,Reading broadcast variable <*> took <*> ms,0.2566,14.07,33
532,"Times: total = 41, boot = 27, init = 14, finish = 0",partial,Times: total = <*> boot = <*> init = <*> finish = <*>,0.9854,Finished task <*> in stage <*> (TID <*> bytes result sent to driver,0.4109,Reading broadcast variable <*> took <*> ms,0.2806,14.0,33
533,Finished task 15.0 in stage 29.0 (TID 1335). 2171 bytes result sent to driver,partial,Finished task <*> in stage <*> (TID <*> bytes result sent to driver,0.9568,Running task <*> in stage <*> (TID <*>,0.6228,Got assigned task 273,0.4706,14.63,33
534,Finished task 16.0 in stage 29.0 (TID 1336). 2171 bytes result sent to driver,partial,Finished task <*> in stage <*> (TID <*> bytes result sent to driver,0.9598,Running task <*> in stage <*> (TID <*>,0.6275,Got assigned task 273,0.4756,14.47,33
535,Finished task 18.0 in stage 29.0 (TID 1338). 2128 bytes result sent to driver,partial,Finished task <*> in stage <*> (TID <*> bytes result sent to driver,0.9603,Running task <*> in stage <*> (TID <*>,0.6769,Got assigned task 273,0.4711,14.54,33
536,"Times: total = 41, boot = 15, init = 25, finish = 1",partial,Times: total = <*> boot = <*> init = <*> finish = <*>,0.9813,Finished task <*> in stage <*> (TID <*> bytes result sent to driver,0.3688,Reading broadcast variable <*> took <*> ms,0.2526,14.17,33
537,Finished task 17.0 in stage 29.0 (TID 1337). 2128 bytes result sent to driver,partial,Finished task <*> in stage <*> (TID <*> bytes result sent to driver,0.9622,Running task <*> in stage <*> (TID <*>,0.6485,Got assigned task 273,0.4695,14.61,33
538,Got assigned task 1340,partial,Got assigned task <*>,0.9227,Got assigned task 273,0.7587,Got assigned task 590,0.7566,13.96,33
539,Running task 20.0 in stage 29.0 (TID 1340),partial,Running task <*> in stage <*> (TID <*>,0.9326,Finished task <*> in stage <*> (TID <*> bytes result sent to driver,0.6165,Got assigned task <*>,0.4501,14.04,33
540,Got assigned task 1341,partial,Got assigned task <*>,0.9303,Got assigned task 273,0.7696,Got assigned task 590,0.7462,13.84,33
541,Running task 21.0 in stage 29.0 (TID 1341),partial,Running task <*> in stage <*> (TID <*>,0.9399,Finished task <*> in stage <*> (TID <*> bytes result sent to driver,0.6406,Got assigned task <*>,0.4978,14.38,33
542,Finished task 19.0 in stage 29.0 (TID 1339). 2128 bytes result sent to driver,partial,Finished task <*> in stage <*> (TID <*> bytes result sent to driver,0.959,Running task <*> in stage <*> (TID <*>,0.6652,Got assigned task 273,0.4515,14.81,33
543,Got assigned task 1342,partial,Got assigned task <*>,0.9153,Got assigned task 273,0.7821,Got assigned task 590,0.7287,13.82,33
544,Running task 22.0 in stage 29.0 (TID 1342),partial,Running task <*> in stage <*> (TID <*>,0.9178,Finished task <*> in stage <*> (TID <*> bytes result sent to driver,0.6255,Got assigned task 273,0.4634,13.98,33
545,Got assigned task 1343,partial,Got assigned task <*>,0.9286,Got assigned task 273,0.792,Got assigned task 360,0.7378,13.69,33
546,Running task 23.0 in stage 29.0 (TID 1343),partial,Running task <*> in stage <*> (TID <*>,0.9364,Finished task <*> in stage <*> (TID <*> bytes result sent to driver,0.6463,Got assigned task <*>,0.5076,14.18,33
547,Got assigned task 1344,partial,Got assigned task <*>,0.9307,Got assigned task 273,0.785,Got assigned task 360,0.7473,13.66,33
548,Found block rdd_42_21 locally,exact,Found block rdd_<*> locally,0.9903,"Block rdd_<*> stored as bytes in memory (estimated size <*> <*>, free <*> <*>)",0.6424,"Partition rdd_<*> not found, computing it",0.5988,13.97,33
549,Running task 24.0 in stage 29.0 (TID 1344),partial,Running task <*> in stage <*> (TID <*>,0.9369,Finished task <*> in stage <*> (TID <*> bytes result sent to driver,0.6283,Got assigned task <*>,0.4927,14.32,33
550,Found block rdd_42_20 locally,partial,Found block rdd_<*> locally,0.9856,"Block rdd_<*> stored as bytes in memory (estimated size <*> <*>, free <*> <*>)",0.6475,"Partition rdd_<*> not found, computing it",0.5924,13.91,33
551,Found block rdd_42_22 locally,partial,Found block rdd_<*> locally,0.9842,"Block rdd_<*> stored as bytes in memory (estimated size <*> <*>, free <*> <*>)",0.6342,"Partition rdd_<*> not found, computing it",0.5829,13.98,33
552,Found block rdd_42_23 locally,partial,Found block rdd_<*> locally,0.9874,"Block rdd_<*> stored as bytes in memory (estimated size <*> <*>, free <*> <*>)",0.628,"Partition rdd_<*> not found, computing it",0.588,13.69,33
553,Found block rdd_42_24 locally,partial,Found block rdd_<*> locally,0.9894,"Block rdd_<*> stored as bytes in memory (estimated size <*> <*>, free <*> <*>)",0.6286,"Partition rdd_<*> not found, computing it",0.5959,13.56,33
554,"Times: total = 39, boot = 16, init = 22, finish = 1",partial,Times: total = <*> boot = <*> init = <*> finish = <*>,0.9883,Finished task <*> in stage <*> (TID <*> bytes result sent to driver,0.3852,Reading broadcast variable <*> took <*> ms,0.2751,13.83,33
555,"Times: total = 41, boot = 18, init = 22, finish = 1",partial,Times: total = <*> boot = <*> init = <*> finish = <*>,0.9846,Finished task <*> in stage <*> (TID <*> bytes result sent to driver,0.3752,Got assigned task 273,0.2596,14.28,33
556,"Times: total = 42, boot = 20, init = 21, finish = 1",partial,Times: total = <*> boot = <*> init = <*> finish = <*>,0.9772,Finished task <*> in stage <*> (TID <*> bytes result sent to driver,0.3813,Got assigned task 273,0.2528,14.17,33
557,Finished task 21.0 in stage 29.0 (TID 1341). 2128 bytes result sent to driver,partial,Finished task <*> in stage <*> (TID <*> bytes result sent to driver,0.9812,Running task <*> in stage <*> (TID <*>,0.644,Got assigned task 273,0.4873,14.4,33
558,"Times: total = 43, boot = 15, init = 27, finish = 1",partial,Times: total = <*> boot = <*> init = <*> finish = <*>,0.9875,Finished task <*> in stage <*> (TID <*> bytes result sent to driver,0.383,Reading broadcast variable <*> took <*> ms,0.2667,14.23,33
559,Finished task 22.0 in stage 29.0 (TID 1342). 2171 bytes result sent to driver,partial,Finished task <*> in stage <*> (TID <*> bytes result sent to driver,0.9556,Running task <*> in stage <*> (TID <*>,0.595,Got assigned task 273,0.494,14.45,33
560,Finished task 23.0 in stage 29.0 (TID 1343). 2171 bytes result sent to driver,partial,Finished task <*> in stage <*> (TID <*> bytes result sent to driver,0.9635,Running task <*> in stage <*> (TID <*>,0.5969,Got assigned task 273,0.4995,14.43,33
561,"Times: total = 41, boot = 15, init = 25, finish = 1",partial,Times: total = <*> boot = <*> init = <*> finish = <*>,0.9815,Finished task <*> in stage <*> (TID <*> bytes result sent to driver,0.3688,Reading broadcast variable <*> took <*> ms,0.2526,14.44,33
562,Got assigned task 1345,partial,Got assigned task <*>,0.939,Got assigned task 273,0.7758,Got assigned task 590,0.7549,13.71,33
563,Running task 25.0 in stage 29.0 (TID 1345),partial,Running task <*> in stage <*> (TID <*>,0.9271,Finished task <*> in stage <*> (TID <*> bytes result sent to driver,0.6295,Got assigned task <*>,0.4944,13.83,33
564,Finished task 20.0 in stage 29.0 (TID 1340). 2128 bytes result sent to driver,partial,Finished task <*> in stage <*> (TID <*> bytes result sent to driver,0.9645,Running task <*> in stage <*> (TID <*>,0.6732,Got assigned task 273,0.4615,14.42,33
565,Finished task 24.0 in stage 29.0 (TID 1344). 2128 bytes result sent to driver,partial,Finished task <*> in stage <*> (TID <*> bytes result sent to driver,0.977,Running task <*> in stage <*> (TID <*>,0.6566,Got assigned task 273,0.4868,14.44,33
566,Got assigned task 1346,partial,Got assigned task <*>,0.9355,Got assigned task 273,0.8025,Got assigned task 590,0.7596,13.64,33
567,Running task 26.0 in stage 29.0 (TID 1346),partial,Running task <*> in stage <*> (TID <*>,0.9257,Finished task <*> in stage <*> (TID <*> bytes result sent to driver,0.6364,Got assigned task <*>,0.4994,14.24,33
568,Got assigned task 1347,partial,Got assigned task <*>,0.9242,Got assigned task 273,0.7893,Got assigned task 360,0.7402,13.84,33
569,Running task 27.0 in stage 29.0 (TID 1347),partial,Running task <*> in stage <*> (TID <*>,0.9262,Finished task <*> in stage <*> (TID <*> bytes result sent to driver,0.6348,Got assigned task <*>,0.4869,14.32,33
570,Got assigned task 1348,partial,Got assigned task <*>,0.93,Got assigned task 273,0.7948,Got assigned task 360,0.7553,13.77,33
571,Found block rdd_42_25 locally,partial,Found block rdd_<*> locally,0.988,"Block rdd_<*> stored as bytes in memory (estimated size <*> <*>, free <*> <*>)",0.6352,"Partition rdd_<*> not found, computing it",0.5845,13.77,33
572,Running task 28.0 in stage 29.0 (TID 1348),partial,Running task <*> in stage <*> (TID <*>,0.9191,Finished task <*> in stage <*> (TID <*> bytes result sent to driver,0.6372,Got assigned task 273,0.4836,14.03,33
573,Got assigned task 1349,partial,Got assigned task <*>,0.9262,Got assigned task 273,0.7683,Got assigned task 590,0.754,14.43,33
574,Running task 29.0 in stage 29.0 (TID 1349),partial,Running task <*> in stage <*> (TID <*>,0.9092,Finished task <*> in stage <*> (TID <*> bytes result sent to driver,0.6131,Got assigned task <*>,0.4602,14.31,33
575,Found block rdd_42_26 locally,partial,Found block rdd_<*> locally,0.9871,"Block rdd_<*> stored as bytes in memory (estimated size <*> <*>, free <*> <*>)",0.6275,"Partition rdd_<*> not found, computing it",0.5824,13.82,33
576,Found block rdd_42_28 locally,partial,Found block rdd_<*> locally,0.9852,"Block rdd_<*> stored as bytes in memory (estimated size <*> <*>, free <*> <*>)",0.6292,"Partition rdd_<*> not found, computing it",0.5868,13.87,33
577,Found block rdd_42_27 locally,partial,Found block rdd_<*> locally,0.9887,"Block rdd_<*> stored as bytes in memory (estimated size <*> <*>, free <*> <*>)",0.6298,"Partition rdd_<*> not found, computing it",0.5968,14.09,33
578,Found block rdd_42_29 locally,partial,Found block rdd_<*> locally,0.9785,"Block rdd_<*> stored as bytes in memory (estimated size <*> <*>, free <*> <*>)",0.6287,"Partition rdd_<*> not found, computing it",0.5852,13.83,33
579,"Times: total = 41, boot = 23, init = 17, finish = 1",partial,Times: total = <*> boot = <*> init = <*> finish = <*>,0.9815,Finished task <*> in stage <*> (TID <*> bytes result sent to driver,0.3821,Reading broadcast variable <*> took <*> ms,0.2633,14.32,33
580,"Times: total = 38, boot = 18, init = 20, finish = 0",partial,Times: total = <*> boot = <*> init = <*> finish = <*>,0.9771,Finished task <*> in stage <*> (TID <*> bytes result sent to driver,0.3876,Got assigned task 273,0.256,14.4,33
581,"Times: total = 42, boot = 18, init = 23, finish = 1",partial,Times: total = <*> boot = <*> init = <*> finish = <*>,0.9822,Finished task <*> in stage <*> (TID <*> bytes result sent to driver,0.3853,Got assigned task 273,0.2701,14.3,33
582,"Times: total = 39, boot = 18, init = 20, finish = 1",partial,Times: total = <*> boot = <*> init = <*> finish = <*>,0.9839,Finished task <*> in stage <*> (TID <*> bytes result sent to driver,0.3778,Reading broadcast variable <*> took <*> ms,0.2566,14.38,33
583,Finished task 25.0 in stage 29.0 (TID 1345). 2128 bytes result sent to driver,partial,Finished task <*> in stage <*> (TID <*> bytes result sent to driver,0.9818,Running task <*> in stage <*> (TID <*>,0.6407,Got assigned task 273,0.4825,14.62,33
584,Finished task 28.0 in stage 29.0 (TID 1348). 2128 bytes result sent to driver,partial,Finished task <*> in stage <*> (TID <*> bytes result sent to driver,0.9724,Running task <*> in stage <*> (TID <*>,0.6296,Got assigned task 273,0.4794,14.53,33
585,Finished task 27.0 in stage 29.0 (TID 1347). 2128 bytes result sent to driver,partial,Finished task <*> in stage <*> (TID <*> bytes result sent to driver,0.975,Running task <*> in stage <*> (TID <*>,0.6355,Got assigned task 273,0.4805,14.37,33
586,Finished task 26.0 in stage 29.0 (TID 1346). 2128 bytes result sent to driver,partial,Finished task <*> in stage <*> (TID <*> bytes result sent to driver,0.9785,Running task <*> in stage <*> (TID <*>,0.6485,Got assigned task 273,0.4842,14.48,33
587,Got assigned task 1350,partial,Got assigned task <*>,0.919,Got assigned task 360,0.78,Got assigned task 590,0.7544,13.75,33
588,Running task 30.0 in stage 29.0 (TID 1350),partial,Running task <*> in stage <*> (TID <*>,0.9177,Finished task <*> in stage <*> (TID <*> bytes result sent to driver,0.6096,Got assigned task <*>,0.4236,14.24,33
589,"Times: total = 43, boot = 14, init = 28, finish = 1",partial,Times: total = <*> boot = <*> init = <*> finish = <*>,0.986,Finished task <*> in stage <*> (TID <*> bytes result sent to driver,0.3908,Reading broadcast variable <*> took <*> ms,0.2673,14.53,33
590,Got assigned task 1351,partial,Got assigned task <*>,0.9237,Got assigned task 360,0.7698,Got assigned task 273,0.7357,13.65,33
591,Running task 31.0 in stage 29.0 (TID 1351),partial,Running task <*> in stage <*> (TID <*>,0.9294,Finished task <*> in stage <*> (TID <*> bytes result sent to driver,0.635,Got assigned task <*>,0.4941,14.08,33
592,Got assigned task 1352,partial,Got assigned task <*>,0.9152,Got assigned task 360,0.7666,Got assigned task 273,0.7565,13.64,33
593,Running task 32.0 in stage 29.0 (TID 1352),partial,Running task <*> in stage <*> (TID <*>,0.94,Finished task <*> in stage <*> (TID <*> bytes result sent to driver,0.6344,Got assigned task <*>,0.473,14.16,33
594,Got assigned task 1353,partial,Got assigned task <*>,0.9263,Got assigned task 360,0.7765,Got assigned task 273,0.7619,13.56,33
595,Running task 33.0 in stage 29.0 (TID 1353),partial,Running task <*> in stage <*> (TID <*>,0.9373,Finished task <*> in stage <*> (TID <*> bytes result sent to driver,0.6464,Got assigned task <*>,0.499,14.18,33
596,Found block rdd_42_30 locally,partial,Found block rdd_<*> locally,0.9855,"Block rdd_<*> stored as bytes in memory (estimated size <*> <*>, free <*> <*>)",0.6375,"Partition rdd_<*> not found, computing it",0.5825,13.96,33
597,Finished task 29.0 in stage 29.0 (TID 1349). 2128 bytes result sent to driver,partial,Finished task <*> in stage <*> (TID <*> bytes result sent to driver,0.968,Running task <*> in stage <*> (TID <*>,0.6363,Got assigned task 273,0.4706,14.67,33
598,Got assigned task 1354,partial,Got assigned task <*>,0.9268,Got assigned task 360,0.7817,Got assigned task 273,0.7562,13.9,33
599,Running task 34.0 in stage 29.0 (TID 1354),partial,Running task <*> in stage <*> (TID <*>,0.9242,Finished task <*> in stage <*> (TID <*> bytes result sent to driver,0.6313,Got assigned task <*>,0.4898,14.06,33
600,Found block rdd_42_32 locally,partial,Found block rdd_<*> locally,0.9843,"Block rdd_<*> stored as bytes in memory (estimated size <*> <*>, free <*> <*>)",0.6514,"Partition rdd_<*> not found, computing it",0.6006,13.86,33
