log_id,normalised,match_type,top1_template,top1_score,top2_template,top2_score,top3_template,top3_score,latency_ms,store_size
1,Warning: we failed to resolve data source name bn654 bn655 bn656 bn657 bn658 bn659 bn660 bn661 bn662 bn663 bn664 bn665 bn666 bn667 bn668 bn669 bn670 bn671 bn672 bn673 bn674 bn675 bn676 bn677 bn678 bn679 bn680 bn681 bn682 bn683 bn684 bn685 bn686 bn687 bn688 bn689 bn690 bn691 bn692 bn693 bn694 bn695 bn696 bn697 bn698 bn699 bn700 bn701 bn702 bn703 bn704 bn705 bn706 bn707 bn708 bn709 bn710 bn711 bn712 bn713 bn714 bn715 bn716 bn717 bn718 bn719 bn720 bn721 bn722 bn723 bn724 bn725 bn726 bn727 bn728 bn729 bn730 bn731 bn732 bn733 bn734 bn735 bn736 bn737 bn738 bn739 bn740 bn741 bn742 bn743 bn744 bn745 bn746 bn747 bn748 bn749 bn750 bn751 bn752 bn753 bn754 bn755 bn756 bn757 bn758 bn759 bn760 bn761 bn762 bn763 bn764 bn765 bn766 bn767 bn768,partial,Warning: we failed to resolve data source name <*>,0.9133,Warning: we failed to resolve <*> name dadmin<*> dadmin<*> dadmin4,0.4852,Wait for ready failed before probe !,0.3542,81.59,146
2,Warning: we failed to resolve data source name dadmin2 dadmin3 dadmin4,partial,Warning: we failed to resolve <*> name dadmin<*> dadmin<*> dadmin4,0.9458,Warning: we failed to resolve data source name <*>,0.6044,My unqualified host name <*> unknown; sleeping for retry,0.43,46.03,146
3,"connection from ""#28#""",exact,"connection from ""#28#""",1.0,<*> (Release Date: <*> 2004),0.5101,Received SNMP packet(s) from #34#,0.4894,44.22,146
4,data_thread() got not answer from any [Thunderbird_C6] datasource,exact,data_thread() got not answer from any <*> datasource,0.9902,asking for cache data failed,0.297,"jA<*> to=root, ctladdr=root (0/0), delay<*> xdelay=00:00:00, mailer=relay, pri<*> relay=[<*>] [<*>], dsn=4.0.0, stat=Deferred: Connection refused by [<*>]",0.2907,44.63,146
5,RRD_update (/var/lib/ganglia/rrds/C Nodes/cn776/pkts_out.rrd): illegal attempt to update using time 1131559854 when last update time is 1131559854 (minimum one second step),exact,RRD_update (/var/lib/ganglia/rrds/D Nodes/dn731/pkts_out.rrd): illegal attempt to update using time when<*> when last update time is <*> (minimum one second step),0.9926,rpc.statd startup succeeded,0.3462,kernel time sync <*>,0.3439,47.46,146
6,RRD_update (/var/lib/ganglia/rrds/D Nodes/dn731/pkts_out.rrd): illegal attempt to update using time 1131559854 when last update time is 1131559854 (minimum one second step),exact,RRD_update (/var/lib/ganglia/rrds/D Nodes/dn731/pkts_out.rrd): illegal attempt to update using time when<*> when last update time is <*> (minimum one second step),0.9968,kernel time sync <*>,0.3501,rpc.statd startup succeeded,0.3292,47.95,146
7,RRD_update (/var/lib/ganglia/rrds/unspecified/badmin3/disk_total.rrd): illegal attempt to update using time 1131559854 when last update time is 1131559854 (minimum one second step),partial,RRD_update (/var/lib/ganglia/rrds/D Nodes/dn731/pkts_out.rrd): illegal attempt to update using time when<*> when last update time is <*> (minimum one second step),0.9215,Disk quotas dquot_6.5.1,0.3723,Unknown cmd fd(5) cmd(80081272){00} arg(ffffda44) on /dev/sda,0.3534,47.8,146
8,data_thread() got not answer from any [Thunderbird_A1] datasource,partial,data_thread() got not answer from any <*> datasource,0.9733,"jA<*> to=root, ctladdr=root (0/0), delay<*> xdelay=00:00:00, mailer=relay, pri<*> relay=[<*>] [<*>], dsn=4.0.0, stat=Deferred: Connection refused by [<*>]",0.2868,asking for cache data failed,0.2757,45.09,146
9,data_thread() got not answer from any [Thunderbird_A2] datasource,partial,data_thread() got not answer from any <*> datasource,0.9809,"jA<*> to=root, ctladdr=root (0/0), delay<*> xdelay=00:00:00, mailer=relay, pri<*> relay=[<*>] [<*>], dsn=4.0.0, stat=Deferred: Connection refused by [<*>]",0.2934,asking for cache data failed,0.2878,44.51,146
10,data_thread() got not answer from any [Thunderbird_A3] datasource,partial,data_thread() got not answer from any <*> datasource,0.9864,asking for cache data failed,0.2981,"jA<*> to=root, ctladdr=root (0/0), delay<*> xdelay=00:00:00, mailer=relay, pri<*> relay=[<*>] [<*>], dsn=4.0.0, stat=Deferred: Connection refused by [<*>]",0.2902,44.87,146
11,data_thread() got not answer from any [Thunderbird_A4] datasource,exact,data_thread() got not answer from any <*> datasource,0.9914,"jA<*> to=root, ctladdr=root (0/0), delay<*> xdelay=00:00:00, mailer=relay, pri<*> relay=[<*>] [<*>], dsn=4.0.0, stat=Deferred: Connection refused by [<*>]",0.3026,asking for cache data failed,0.2979,44.47,146
12,data_thread() got not answer from any [Thunderbird_A5] datasource,partial,data_thread() got not answer from any <*> datasource,0.99,asking for cache data failed,0.299,"jA<*> to=root, ctladdr=root (0/0), delay<*> xdelay=00:00:00, mailer=relay, pri<*> relay=[<*>] [<*>], dsn=4.0.0, stat=Deferred: Connection refused by [<*>]",0.2859,44.75,146
13,data_thread() got not answer from any [Thunderbird_A6] datasource,exact,data_thread() got not answer from any <*> datasource,0.9922,asking for cache data failed,0.2937,"jA<*> to=root, ctladdr=root (0/0), delay<*> xdelay=00:00:00, mailer=relay, pri<*> relay=[<*>] [<*>], dsn=4.0.0, stat=Deferred: Connection refused by [<*>]",0.2925,44.63,146
14,data_thread() got not answer from any [Thunderbird_A7] datasource,partial,data_thread() got not answer from any <*> datasource,0.9884,asking for cache data failed,0.2967,"jA<*> to=root, ctladdr=root (0/0), delay<*> xdelay=00:00:00, mailer=relay, pri<*> relay=[<*>] [<*>], dsn=4.0.0, stat=Deferred: Connection refused by [<*>]",0.2914,44.76,146
15,data_thread() got not answer from any [Thunderbird_A8] datasource,partial,data_thread() got not answer from any <*> datasource,0.988,"jA<*> to=root, ctladdr=root (0/0), delay<*> xdelay=00:00:00, mailer=relay, pri<*> relay=[<*>] [<*>], dsn=4.0.0, stat=Deferred: Connection refused by [<*>]",0.3072,asking for cache data failed,0.2966,44.4,146
16,data_thread() got not answer from any [Thunderbird_B1] datasource,partial,data_thread() got not answer from any <*> datasource,0.9853,"jA<*> to=root, ctladdr=root (0/0), delay<*> xdelay=00:00:00, mailer=relay, pri<*> relay=[<*>] [<*>], dsn=4.0.0, stat=Deferred: Connection refused by [<*>]",0.3026,asking for cache data failed,0.2968,44.42,146
17,data_thread() got not answer from any [Thunderbird_B2] datasource,partial,data_thread() got not answer from any <*> datasource,0.9898,"jA<*> to=root, ctladdr=root (0/0), delay<*> xdelay=00:00:00, mailer=relay, pri<*> relay=[<*>] [<*>], dsn=4.0.0, stat=Deferred: Connection refused by [<*>]",0.3048,asking for cache data failed,0.3018,44.77,146
18,data_thread() got not answer from any [Thunderbird_B3] datasource,partial,data_thread() got not answer from any <*> datasource,0.9893,asking for cache data failed,0.3078,"jA<*> to=root, ctladdr=root (0/0), delay<*> xdelay=00:00:00, mailer=relay, pri<*> relay=[<*>] [<*>], dsn=4.0.0, stat=Deferred: Connection refused by [<*>]",0.2991,44.61,146
19,data_thread() got not answer from any [Thunderbird_B4] datasource,exact,data_thread() got not answer from any <*> datasource,0.9921,asking for cache data failed,0.309,"jA<*> to=root, ctladdr=root (0/0), delay<*> xdelay=00:00:00, mailer=relay, pri<*> relay=[<*>] [<*>], dsn=4.0.0, stat=Deferred: Connection refused by [<*>]",0.3062,44.46,146
20,data_thread() got not answer from any [Thunderbird_B5] datasource,partial,data_thread() got not answer from any <*> datasource,0.989,asking for cache data failed,0.3083,"jA<*> to=root, ctladdr=root (0/0), delay<*> xdelay=00:00:00, mailer=relay, pri<*> relay=[<*>] [<*>], dsn=4.0.0, stat=Deferred: Connection refused by [<*>]",0.2909,44.54,146
21,data_thread() got not answer from any [Thunderbird_B6] datasource,exact,data_thread() got not answer from any <*> datasource,0.9923,asking for cache data failed,0.3049,"jA<*> to=root, ctladdr=root (0/0), delay<*> xdelay=00:00:00, mailer=relay, pri<*> relay=[<*>] [<*>], dsn=4.0.0, stat=Deferred: Connection refused by [<*>]",0.2978,44.77,146
22,data_thread() got not answer from any [Thunderbird_B7] datasource,partial,data_thread() got not answer from any <*> datasource,0.9895,asking for cache data failed,0.3055,"jA<*> to=root, ctladdr=root (0/0), delay<*> xdelay=00:00:00, mailer=relay, pri<*> relay=[<*>] [<*>], dsn=4.0.0, stat=Deferred: Connection refused by [<*>]",0.2959,44.34,146
23,data_thread() got not answer from any [Thunderbird_B8] datasource,partial,data_thread() got not answer from any <*> datasource,0.9889,"jA<*> to=root, ctladdr=root (0/0), delay<*> xdelay=00:00:00, mailer=relay, pri<*> relay=[<*>] [<*>], dsn=4.0.0, stat=Deferred: Connection refused by [<*>]",0.3107,asking for cache data failed,0.3075,44.62,146
24,data_thread() got not answer from any [Thunderbird_C1] datasource,partial,data_thread() got not answer from any <*> datasource,0.9886,"jA<*> to=root, ctladdr=root (0/0), delay<*> xdelay=00:00:00, mailer=relay, pri<*> relay=[<*>] [<*>], dsn=4.0.0, stat=Deferred: Connection refused by [<*>]",0.2964,asking for cache data failed,0.2902,44.44,146
25,data_thread() got not answer from any [Thunderbird_C2] datasource,partial,data_thread() got not answer from any <*> datasource,0.9799,asking for cache data failed,0.2943,<*> Connection<*> closed.<*>,0.2905,44.41,146
26,data_thread() got not answer from any [Thunderbird_C4] datasource,exact,data_thread() got not answer from any <*> datasource,0.991,asking for cache data failed,0.3033,"jA<*> to=root, ctladdr=root (0/0), delay<*> xdelay=00:00:00, mailer=relay, pri<*> relay=[<*>] [<*>], dsn=4.0.0, stat=Deferred: Connection refused by [<*>]",0.3027,45.2,146
27,data_thread() got not answer from any [Thunderbird_C5] datasource,partial,data_thread() got not answer from any <*> datasource,0.9891,asking for cache data failed,0.3035,"jA<*> to=root, ctladdr=root (0/0), delay<*> xdelay=00:00:00, mailer=relay, pri<*> relay=[<*>] [<*>], dsn=4.0.0, stat=Deferred: Connection refused by [<*>]",0.2835,45.51,146
28,data_thread() got not answer from any [Thunderbird_C6] datasource,exact,data_thread() got not answer from any <*> datasource,0.9902,asking for cache data failed,0.297,"jA<*> to=root, ctladdr=root (0/0), delay<*> xdelay=00:00:00, mailer=relay, pri<*> relay=[<*>] [<*>], dsn=4.0.0, stat=Deferred: Connection refused by [<*>]",0.2907,44.57,146
29,data_thread() got not answer from any [Thunderbird_C8] datasource,partial,data_thread() got not answer from any <*> datasource,0.9877,"jA<*> to=root, ctladdr=root (0/0), delay<*> xdelay=00:00:00, mailer=relay, pri<*> relay=[<*>] [<*>], dsn=4.0.0, stat=Deferred: Connection refused by [<*>]",0.3039,asking for cache data failed,0.3005,44.72,146
30,data_thread() got not answer from any [Thunderbird_D2] datasource,partial,data_thread() got not answer from any <*> datasource,0.9764,"jA<*> to=root, ctladdr=root (0/0), delay<*> xdelay=00:00:00, mailer=relay, pri<*> relay=[<*>] [<*>], dsn=4.0.0, stat=Deferred: Connection refused by [<*>]",0.2995,asking for cache data failed,0.2893,44.59,146
31,data_thread() got not answer from any [Thunderbird_D4] datasource,partial,data_thread() got not answer from any <*> datasource,0.9834,"jA<*> to=root, ctladdr=root (0/0), delay<*> xdelay=00:00:00, mailer=relay, pri<*> relay=[<*>] [<*>], dsn=4.0.0, stat=Deferred: Connection refused by [<*>]",0.306,asking for cache data failed,0.3035,44.51,146
32,data_thread() got not answer from any [Thunderbird_D5] datasource,partial,data_thread() got not answer from any <*> datasource,0.9874,asking for cache data failed,0.3065,"jA<*> to=root, ctladdr=root (0/0), delay<*> xdelay=00:00:00, mailer=relay, pri<*> relay=[<*>] [<*>], dsn=4.0.0, stat=Deferred: Connection refused by [<*>]",0.2849,44.44,146
33,data_thread() got not answer from any [Thunderbird_D6] datasource,partial,data_thread() got not answer from any <*> datasource,0.988,asking for cache data failed,0.298,"jA<*> to=root, ctladdr=root (0/0), delay<*> xdelay=00:00:00, mailer=relay, pri<*> relay=[<*>] [<*>], dsn=4.0.0, stat=Deferred: Connection refused by [<*>]",0.29,44.4,146
34,data_thread() got not answer from any [Thunderbird_D7] datasource,exact,data_thread() got not answer from any <*> datasource,0.9908,asking for cache data failed,0.3009,"jA<*> to=root, ctladdr=root (0/0), delay<*> xdelay=00:00:00, mailer=relay, pri<*> relay=[<*>] [<*>], dsn=4.0.0, stat=Deferred: Connection refused by [<*>]",0.2937,44.55,146
35,data_thread() got not answer from any [Thunderbird_D8] datasource,partial,data_thread() got not answer from any <*> datasource,0.9876,"jA<*> to=root, ctladdr=root (0/0), delay<*> xdelay=00:00:00, mailer=relay, pri<*> relay=[<*>] [<*>], dsn=4.0.0, stat=Deferred: Connection refused by [<*>]",0.3058,asking for cache data failed,0.3057,44.88,146
36,Warning: we failed to resolve data source name bn782 bn783 bn784 bn785 bn786 bn787 bn788 bn789 bn790 bn791 bn792 bn793 bn794 bn795 bn796 bn797 bn798 bn799 bn800 bn801 bn802 bn803 bn804 bn805 bn806 bn807 bn808 bn809 bn810 bn811 bn812 bn813 bn814 bn815 bn816 bn817 bn818 bn819 bn820 bn821 bn822 bn823 bn824 bn825 bn826 bn827 bn828 bn829 bn830 bn831 bn832 bn833 bn834 bn835 bn836 bn837 bn838 bn839 bn840 bn841 bn842 bn843 bn844 bn845 bn846 bn847 bn848 bn849 bn850 bn851 bn852 bn853 bn854 bn855 bn856 bn857 bn858 bn859 bn860 bn861 bn862 bn863 bn864 bn865 bn866 bn867 bn868 bn869 bn870 bn871 bn872 bn873 bn874 bn875 bn876 bn877 bn878 bn879 bn880 bn881 bn882 bn883 bn884 bn885 bn886 bn887 bn888 bn889 bn890 bn891 bn892 bn893 bn894 bn895 bn896,partial,Warning: we failed to resolve data source name <*>,0.9411,Warning: we failed to resolve <*> name dadmin<*> dadmin<*> dadmin4,0.5178,My unqualified host name <*> unknown; sleeping for retry,0.3629,63.2,146
37,Warning: we failed to resolve data source name bn910 bn911 bn912 bn913 bn914 bn915 bn916 bn917 bn918 bn919 bn920 bn921 bn922 bn923 bn924 bn925 bn926 bn927 bn928 bn929 bn930 bn931 bn932 bn933 bn934 bn935 bn936 bn937 bn938 bn939 bn940 bn941 bn942 bn943 bn944 bn945 bn946 bn947 bn948 bn949 bn950 bn951 bn952 bn953 bn954 bn955 bn956 bn957 bn958 bn959 bn960 bn961 bn962 bn963 bn964 bn965 bn966 bn967 bn968 bn969 bn970 bn971 bn972 bn973 bn974 bn975 bn976 bn977 bn978 bn979 bn980 bn981 bn982 bn983 bn984 bn985 bn986 bn987 bn988 bn989 bn990 bn991 bn992 bn993 bn994 bn995 bn996 bn997 bn998 bn999 bn1000 bn1001 bn1002 bn1003 bn1004 bn1005 bn1006 bn1007 bn1008 bn1009 bn1010 bn1011 bn1012 bn1013 bn1014 bn1015 bn1016 bn1017 bn1018 bn1019 bn1020 bn1021 bn1022 bn1023 bn1024,partial,Warning: we failed to resolve data source name <*>,0.908,Warning: we failed to resolve <*> name dadmin<*> dadmin<*> dadmin4,0.5043,Wait for ready failed before probe !,0.3661,63.03,146
38,Warning: we failed to resolve data source name cn14 cn15 cn16 cn17 cn18 cn19 cn20 cn21 cn22 cn23 cn24 cn25 cn26 cn27 cn28 cn29 cn30 cn31 cn32 cn33 cn34 cn35 cn36 cn37 cn38 cn39 cn40 cn41 cn42 cn43 cn44 cn45 cn46 cn47 cn48 cn49 cn50 cn51 cn52 cn53 cn54 cn55 cn56 cn57 cn58 cn59 cn60 cn61 cn62 cn63 cn64 cn65 cn66 cn67 cn68 cn69 cn70 cn71 cn72 cn73 cn74 cn75 cn76 cn77 cn78 cn79 cn80 cn81 cn82 cn83 cn84 cn85 cn86 cn87 cn88 cn89 cn90 cn91 cn92 cn93 cn94 cn95 cn96 cn97 cn98 cn99 cn100 cn101 cn102 cn103 cn104 cn105 cn106 cn107 cn108 cn109 cn110 cn111 cn112 cn113 cn114 cn115 cn116 cn117 cn118 cn119 cn120 cn121 cn122 cn123 cn124 cn125 cn126 cn127 cn128,partial,Warning: we failed to resolve data source name <*>,0.9291,Warning: we failed to resolve <*> name dadmin<*> dadmin<*> dadmin4,0.5584,My unqualified host name <*> unknown; sleeping for retry,0.3997,62.94,146
39,Warning: we failed to resolve data source name cn142 cn143 cn144 cn145 cn146 cn147 cn148 cn149 cn150 cn151 cn152 cn153 cn154 cn155 cn156 cn157 cn158 cn159 cn160 cn161 cn162 cn163 cn164 cn165 cn166 cn167 cn168 cn169 cn170 cn171 cn172 cn173 cn174 cn175 cn176 cn177 cn178 cn179 cn180 cn181 cn182 cn183 cn184 cn185 cn186 cn187 cn188 cn189 cn190 cn191 cn192 cn193 cn194 cn195 cn196 cn197 cn198 cn199 cn200 cn201 cn202 cn203 cn204 cn205 cn206 cn207 cn208 cn209 cn210 cn211 cn212 cn213 cn214 cn215 cn216 cn217 cn218 cn219 cn220 cn221 cn222 cn223 cn224 cn225 cn226 cn227 cn228 cn229 cn230 cn231 cn232 cn233 cn234 cn235 cn236 cn237 cn238 cn239 cn240 cn241 cn242 cn243 cn244 cn245 cn246 cn247 cn248 cn249 cn250 cn251 cn252 cn253 cn254 cn255 cn256,partial,Warning: we failed to resolve data source name <*>,0.9228,Warning: we failed to resolve <*> name dadmin<*> dadmin<*> dadmin4,0.551,My unqualified host name <*> unknown; sleeping for retry,0.3689,63.81,146
40,Warning: we failed to resolve data source name cn270 cn271 cn272 cn273 cn274 cn275 cn276 cn277 cn278 cn279 cn280 cn281 cn282 cn283 cn284 cn285 cn286 cn287 cn288 cn289 cn290 cn291 cn292 cn293 cn294 cn295 cn296 cn297 cn298 cn299 cn300 cn301 cn302 cn303 cn304 cn305 cn306 cn307 cn308 cn309 cn310 cn311 cn312 cn313 cn314 cn315 cn316 cn317 cn318 cn319 cn320 cn321 cn322 cn323 cn324 cn325 cn326 cn327 cn328 cn329 cn330 cn331 cn332 cn333 cn334 cn335 cn336 cn337 cn338 cn339 cn340 cn341 cn342 cn343 cn344 cn345 cn346 cn347 cn348 cn349 cn350 cn351 cn352 cn353 cn354 cn355 cn356 cn357 cn358 cn359 cn360 cn361 cn362 cn363 cn364 cn365 cn366 cn367 cn368 cn369 cn370 cn371 cn372 cn373 cn374 cn375 cn376 cn377 cn378 cn379 cn380 cn381 cn382 cn383 cn384,partial,Warning: we failed to resolve data source name <*>,0.9553,Warning: we failed to resolve <*> name dadmin<*> dadmin<*> dadmin4,0.5535,My unqualified host name <*> unknown; sleeping for retry,0.3909,62.82,146
41,Warning: we failed to resolve data source name cn398 cn399 cn400 cn401 cn402 cn403 cn404 cn405 cn406 cn407 cn408 cn409 cn410 cn411 cn412 cn413 cn414 cn415 cn416 cn417 cn418 cn419 cn420 cn421 cn422 cn423 cn424 cn425 cn426 cn427 cn428 cn429 cn430 cn431 cn432 cn433 cn434 cn435 cn436 cn437 cn438 cn439 cn440 cn441 cn442 cn443 cn444 cn445 cn446 cn447 cn448 cn449 cn450 cn451 cn452 cn453 cn454 cn455 cn456 cn457 cn458 cn459 cn460 cn461 cn462 cn463 cn464 cn465 cn466 cn467 cn468 cn469 cn470 cn471 cn472 cn473 cn474 cn475 cn476 cn477 cn478 cn479 cn480 cn481 cn482 cn483 cn484 cn485 cn486 cn487 cn488 cn489 cn490 cn491 cn492 cn493 cn494 cn495 cn496 cn497 cn498 cn499 cn500 cn501 cn502 cn503 cn504 cn505 cn506 cn507 cn508 cn509 cn510 cn511 cn512,partial,Warning: we failed to resolve data source name <*>,0.9364,Warning: we failed to resolve <*> name dadmin<*> dadmin<*> dadmin4,0.5474,My unqualified host name <*> unknown; sleeping for retry,0.3901,63.25,146
42,Warning: we failed to resolve data source name cn526 cn527 cn528 cn529 cn530 cn531 cn532 cn533 cn534 cn535 cn536 cn537 cn538 cn539 cn540 cn541 cn542 cn543 cn544 cn545 cn546 cn547 cn548 cn549 cn550 cn551 cn552 cn553 cn554 cn555 cn556 cn557 cn558 cn559 cn560 cn561 cn562 cn563 cn564 cn565 cn566 cn567 cn568 cn569 cn570 cn571 cn572 cn573 cn574 cn575 cn576 cn577 cn578 cn579 cn580 cn581 cn582 cn583 cn584 cn585 cn586 cn587 cn588 cn589 cn590 cn591 cn592 cn593 cn594 cn595 cn596 cn597 cn598 cn599 cn600 cn601 cn602 cn603 cn604 cn605 cn606 cn607 cn608 cn609 cn610 cn611 cn612 cn613 cn614 cn615 cn616 cn617 cn618 cn619 cn620 cn621 cn622 cn623 cn624 cn625 cn626 cn627 cn628 cn629 cn630 cn631 cn632 cn633 cn634 cn635 cn636 cn637 cn638 cn639 cn640,partial,Warning: we failed to resolve data source name <*>,0.9469,Warning: we failed to resolve <*> name dadmin<*> dadmin<*> dadmin4,0.5638,Hash tables configured (established <*> bind <*>,0.3761,62.8,146
43,Warning: we failed to resolve data source name cn654 cn655 cn656 cn657 cn658 cn659 cn660 cn661 cn662 cn663 cn664 cn665 cn666 cn667 cn668 cn669 cn670 cn671 cn672 cn673 cn674 cn675 cn676 cn677 cn678 cn679 cn680 cn681 cn682 cn683 cn684 cn685 cn686 cn687 cn688 cn689 cn690 cn691 cn692 cn693 cn694 cn695 cn696 cn697 cn698 cn699 cn700 cn701 cn702 cn703 cn704 cn705 cn706 cn707 cn708 cn709 cn710 cn711 cn712 cn713 cn714 cn715 cn716 cn717 cn718 cn719 cn720 cn721 cn722 cn723 cn724 cn725 cn726 cn727 cn728 cn729 cn730 cn731 cn732 cn733 cn734 cn735 cn736 cn737 cn738 cn739 cn740 cn741 cn742 cn743 cn744 cn745 cn746 cn747 cn748 cn749 cn750 cn751 cn752 cn753 cn754 cn755 cn756 cn757 cn758 cn759 cn760 cn761 cn762 cn763 cn764 cn765 cn766 cn767 cn768,partial,Warning: we failed to resolve data source name <*>,0.9562,Warning: we failed to resolve <*> name dadmin<*> dadmin<*> dadmin4,0.5894,My unqualified host name <*> unknown; sleeping for retry,0.412,63.18,146
44,Warning: we failed to resolve data source name cn782 cn783 cn784 cn785 cn786 cn787 cn788 cn789 cn790 cn791 cn792 cn793 cn794 cn795 cn796 cn797 cn798 cn799 cn800 cn801 cn802 cn803 cn804 cn805 cn806 cn807 cn808 cn809 cn810 cn811 cn812 cn813 cn814 cn815 cn816 cn817 cn818 cn819 cn820 cn821 cn822 cn823 cn824 cn825 cn826 cn827 cn828 cn829 cn830 cn831 cn832 cn833 cn834 cn835 cn836 cn837 cn838 cn839 cn840 cn841 cn842 cn843 cn844 cn845 cn846 cn847 cn848 cn849 cn850 cn851 cn852 cn853 cn854 cn855 cn856 cn857 cn858 cn859 cn860 cn861 cn862 cn863 cn864 cn865 cn866 cn867 cn868 cn869 cn870 cn871 cn872 cn873 cn874 cn875 cn876 cn877 cn878 cn879 cn880 cn881 cn882 cn883 cn884 cn885 cn886 cn887 cn888 cn889 cn890 cn891 cn892 cn893 cn894 cn895 cn896,partial,Warning: we failed to resolve data source name <*>,0.9411,Warning: we failed to resolve <*> name dadmin<*> dadmin<*> dadmin4,0.5825,My unqualified host name <*> unknown; sleeping for retry,0.4249,63.86,146
45,Warning: we failed to resolve data source name cn910 cn911 cn912 cn913 cn914 cn915 cn916 cn917 cn918 cn919 cn920 cn921 cn922 cn923 cn924 cn925 cn926 cn927 cn928 cn929 cn930 cn931 cn932 cn933 cn934 cn935 cn936 cn937 cn938 cn939 cn940 cn941 cn942 cn943 cn944 cn945 cn946 cn947 cn948 cn949 cn950 cn951 cn952 cn953 cn954 cn955 cn956 cn957 cn958 cn959 cn960 cn961 cn962 cn963 cn964 cn965 cn966 cn967 cn968 cn969 cn970 cn971 cn972 cn973 cn974 cn975 cn976 cn977 cn978 cn979 cn980 cn981 cn982 cn983 cn984 cn985 cn986 cn987 cn988 cn989 cn990 cn991 cn992 cn993 cn994 cn995 cn996 cn997 cn998 cn999 cn1000 cn1001 cn1002 cn1003 cn1004 cn1005 cn1006 cn1007 cn1008 cn1009 cn1010 cn1011 cn1012 cn1013 cn1014 cn1015 cn1016 cn1017 cn1018 cn1019 cn1020 cn1021 cn1022 cn1023 cn1024,partial,Warning: we failed to resolve data source name <*>,0.9537,Warning: we failed to resolve <*> name dadmin<*> dadmin<*> dadmin4,0.5879,My unqualified host name <*> unknown; sleeping for retry,0.4047,63.89,146
46,Warning: we failed to resolve data source name dn14 dn15 dn16 dn17 dn18 dn19 dn20 dn21 dn22 dn23 dn24 dn25 dn26 dn27 dn28 dn29 dn30 dn31 dn32 dn33 dn34 dn35 dn36 dn37 dn38 dn39 dn40 dn41 dn42 dn43 dn44 dn45 dn46 dn47 dn48 dn49 dn50 dn51 dn52 dn53 dn54 dn55 dn56 dn57 dn58 dn59 dn60 dn61 dn62 dn63 dn64 dn65 dn66 dn67 dn68 dn69 dn70 dn71 dn72 dn73 dn74 dn75 dn76 dn77 dn78 dn79 dn80 dn81 dn82 dn83 dn84 dn85 dn86 dn87 dn88 dn89 dn90 dn91 dn92 dn93 dn94 dn95 dn96 dn97 dn98 dn99 dn100 dn101 dn102 dn103 dn104 dn105 dn106 dn107 dn108 dn109 dn110 dn111 dn112 dn113 dn114 dn115 dn116 dn117 dn118 dn119 dn120 dn121 dn122 dn123 dn124 dn125 dn126 dn127 dn128,partial,Warning: we failed to resolve data source name <*>,0.8689,Warning: we failed to resolve <*> name dadmin<*> dadmin<*> dadmin4,0.4952,My unqualified host name <*> unknown; sleeping for retry,0.3747,63.37,146
47,Warning: we failed to resolve data source name dn142 dn143 dn144 dn145 dn146 dn147 dn148 dn149 dn150 dn151 dn152 dn153 dn154 dn155 dn156 dn157 dn158 dn159 dn160 dn161 dn162 dn163 dn164 dn165 dn166 dn167 dn168 dn169 dn170 dn171 dn172 dn173 dn174 dn175 dn176 dn177 dn178 dn179 dn180 dn181 dn182 dn183 dn184 dn185 dn186 dn187 dn188 dn189 dn190 dn191 dn192 dn193 dn194 dn195 dn196 dn197 dn198 dn199 dn200 dn201 dn202 dn203 dn204 dn205 dn206 dn207 dn208 dn209 dn210 dn211 dn212 dn213 dn214 dn215 dn216 dn217 dn218 dn219 dn220 dn221 dn222 dn223 dn224 dn225 dn226 dn227 dn228 dn229 dn230 dn231 dn232 dn233 dn234 dn235 dn236 dn237 dn238 dn239 dn240 dn241 dn242 dn243 dn244 dn245 dn246 dn247 dn248 dn249 dn250 dn251 dn252 dn253 dn254 dn255 dn256,partial,Warning: we failed to resolve data source name <*>,0.8564,Warning: we failed to resolve <*> name dadmin<*> dadmin<*> dadmin4,0.4801,My unqualified host name <*> unknown; sleeping for retry,0.362,63.3,146
48,Warning: we failed to resolve data source name dn270 dn271 dn272 dn273 dn274 dn275 dn276 dn277 dn278 dn279 dn280 dn281 dn282 dn283 dn284 dn285 dn286 dn287 dn288 dn289 dn290 dn291 dn292 dn293 dn294 dn295 dn296 dn297 dn298 dn299 dn300 dn301 dn302 dn303 dn304 dn305 dn306 dn307 dn308 dn309 dn310 dn311 dn312 dn313 dn314 dn315 dn316 dn317 dn318 dn319 dn320 dn321 dn322 dn323 dn324 dn325 dn326 dn327 dn328 dn329 dn330 dn331 dn332 dn333 dn334 dn335 dn336 dn337 dn338 dn339 dn340 dn341 dn342 dn343 dn344 dn345 dn346 dn347 dn348 dn349 dn350 dn351 dn352 dn353 dn354 dn355 dn356 dn357 dn358 dn359 dn360 dn361 dn362 dn363 dn364 dn365 dn366 dn367 dn368 dn369 dn370 dn371 dn372 dn373 dn374 dn375 dn376 dn377 dn378 dn379 dn380 dn381 dn382 dn383 dn384,partial,Warning: we failed to resolve data source name <*>,0.8332,Warning: we failed to resolve <*> name dadmin<*> dadmin<*> dadmin4,0.4464,My unqualified host name <*> unknown; sleeping for retry,0.3165,63.01,146
49,Warning: we failed to resolve data source name dn398 dn399 dn400 dn401 dn402 dn403 dn404 dn405 dn406 dn407 dn408 dn409 dn410 dn411 dn412 dn413 dn414 dn415 dn416 dn417 dn418 dn419 dn420 dn421 dn422 dn423 dn424 dn425 dn426 dn427 dn428 dn429 dn430 dn431 dn432 dn433 dn434 dn435 dn436 dn437 dn438 dn439 dn440 dn441 dn442 dn443 dn444 dn445 dn446 dn447 dn448 dn449 dn450 dn451 dn452 dn453 dn454 dn455 dn456 dn457 dn458 dn459 dn460 dn461 dn462 dn463 dn464 dn465 dn466 dn467 dn468 dn469 dn470 dn471 dn472 dn473 dn474 dn475 dn476 dn477 dn478 dn479 dn480 dn481 dn482 dn483 dn484 dn485 dn486 dn487 dn488 dn489 dn490 dn491 dn492 dn493 dn494 dn495 dn496 dn497 dn498 dn499 dn500 dn501 dn502 dn503 dn504 dn505 dn506 dn507 dn508 dn509 dn510 dn511 dn512,partial,Warning: we failed to resolve data source name <*>,0.8488,Warning: we failed to resolve <*> name dadmin<*> dadmin<*> dadmin4,0.4147,Received SNMP packet(s) from #34#,0.3164,63.01,146
50,Warning: we failed to resolve data source name dn526 dn527 dn528 dn529 dn530 dn531 dn532 dn533 dn534 dn535 dn536 dn537 dn538 dn539 dn540 dn541 dn542 dn543 dn544 dn545 dn546 dn547 dn548 dn549 dn550 dn551 dn552 dn553 dn554 dn555 dn556 dn557 dn558 dn559 dn560 dn561 dn562 dn563 dn564 dn565 dn566 dn567 dn568 dn569 dn570 dn571 dn572 dn573 dn574 dn575 dn576 dn577 dn578 dn579 dn580 dn581 dn582 dn583 dn584 dn585 dn586 dn587 dn588 dn589 dn590 dn591 dn592 dn593 dn594 dn595 dn596 dn597 dn598 dn599 dn600 dn601 dn602 dn603 dn604 dn605 dn606 dn607 dn608 dn609 dn610 dn611 dn612 dn613 dn614 dn615 dn616 dn617 dn618 dn619 dn620 dn621 dn622 dn623 dn624 dn625 dn626 dn627 dn628 dn629 dn630 dn631 dn632 dn633 dn634 dn635 dn636 dn637 dn638 dn639 dn640,partial,Warning: we failed to resolve data source name <*>,0.8679,Warning: we failed to resolve <*> name dadmin<*> dadmin<*> dadmin4,0.4996,Hash tables configured (established <*> bind <*>,0.3454,63.44,146
51,Warning: we failed to resolve data source name dn654 dn655 dn656 dn657 dn658 dn659 dn660 dn661 dn662 dn663 dn664 dn665 dn666 dn667 dn668 dn669 dn670 dn671 dn672 dn673 dn674 dn675 dn676 dn677 dn678 dn679 dn680 dn681 dn682 dn683 dn684 dn685 dn686 dn687 dn688 dn689 dn690 dn691 dn692 dn693 dn694 dn695 dn696 dn697 dn698 dn699 dn700 dn701 dn702 dn703 dn704 dn705 dn706 dn707 dn708 dn709 dn710 dn711 dn712 dn713 dn714 dn715 dn716 dn717 dn718 dn719 dn720 dn721 dn722 dn723 dn724 dn725 dn726 dn727 dn728 dn729 dn730 dn731 dn732 dn733 dn734 dn735 dn736 dn737 dn738 dn739 dn740 dn741 dn742 dn743 dn744 dn745 dn746 dn747 dn748 dn749 dn750 dn751 dn752 dn753 dn754 dn755 dn756 dn757 dn758 dn759 dn760 dn761 dn762 dn763 dn764 dn765 dn766 dn767 dn768,partial,Warning: we failed to resolve data source name <*>,0.9097,Warning: we failed to resolve <*> name dadmin<*> dadmin<*> dadmin4,0.5621,My unqualified host name <*> unknown; sleeping for retry,0.4003,63.02,146
52,Warning: we failed to resolve data source name dn782 dn783 dn784 dn785 dn786 dn787 dn788 dn789 dn790 dn791 dn792 dn793 dn794 dn795 dn796 dn797 dn798 dn799 dn800 dn801 dn802 dn803 dn804 dn805 dn806 dn807 dn808 dn809 dn810 dn811 dn812 dn813 dn814 dn815 dn816 dn817 dn818 dn819 dn820 dn821 dn822 dn823 dn824 dn825 dn826 dn827 dn828 dn829 dn830 dn831 dn832 dn833 dn834 dn835 dn836 dn837 dn838 dn839 dn840 dn841 dn842 dn843 dn844 dn845 dn846 dn847 dn848 dn849 dn850 dn851 dn852 dn853 dn854 dn855 dn856 dn857 dn858 dn859 dn860 dn861 dn862 dn863 dn864 dn865 dn866 dn867 dn868 dn869 dn870 dn871 dn872 dn873 dn874 dn875 dn876 dn877 dn878 dn879 dn880 dn881 dn882 dn883 dn884 dn885 dn886 dn887 dn888 dn889 dn890 dn891 dn892 dn893 dn894 dn895 dn896,partial,Warning: we failed to resolve data source name <*>,0.8769,Warning: we failed to resolve <*> name dadmin<*> dadmin<*> dadmin4,0.4983,My unqualified host name <*> unknown; sleeping for retry,0.3635,62.79,146
53,Warning: we failed to resolve data source name dn910 dn911 dn912 dn913 dn914 dn915 dn916 dn917 dn918 dn919 dn920 dn921 dn922 dn923 dn924 dn925 dn926 dn927 dn928 dn929 dn930 dn931 dn932 dn933 dn934 dn935 dn936 dn937 dn938 dn939 dn940 dn941 dn942 dn943 dn944 dn945 dn946 dn947 dn948 dn949 dn950 dn951 dn952 dn953 dn954 dn955 dn956 dn957 dn958 dn959 dn960 dn961 dn962 dn963 dn964 dn965 dn966 dn967 dn968 dn969 dn970 dn971 dn972 dn973 dn974 dn975 dn976 dn977 dn978 dn979 dn980 dn981 dn982 dn983 dn984 dn985 dn986 dn987 dn988 dn989 dn990 dn991 dn992 dn993 dn994 dn995 dn996 dn997 dn998 dn999 dn1000 dn1001 dn1002 dn1003 dn1004 dn1005 dn1006 dn1007 dn1008 dn1009 dn1010 dn1011 dn1012 dn1013 dn1014 dn1015 dn1016 dn1017 dn1018 dn1019 dn1020 dn1021 dn1022 dn1023 dn1024,partial,Warning: we failed to resolve data source name <*>,0.9149,Warning: we failed to resolve <*> name dadmin<*> dadmin<*> dadmin4,0.5052,Received SNMP packet(s) from #34#,0.373,62.85,146
54,Warning: we failed to resolve trusted host name dadmin3 dadmin4,partial,Warning: we failed to resolve <*> name dadmin<*> dadmin<*> dadmin4,0.9261,My unqualified host name <*> unknown; sleeping for retry,0.5659,unable to qualify my own domain name <*> -- using short name,0.4435,45.3,146
55,gmetad startup succeeded,exact,gmetad startup succeeded,1.0,xinetd startup succeeded,0.412,rpc.statd startup succeeded,0.3996,44.25,146
56,Now running on #29#'s privileges.,exact,Now running on #29#'s privileges.,1.0,"User #29#, coming from #30#, authenticated.",0.5336,"connection from ""#28#""",0.4841,44.3,146
57,"User #29#, coming from #30#, authenticated.",exact,"User #29#, coming from #30#, authenticated.",1.0,Now running on #29#'s privileges.,0.5336,"connection from ""#28#""",0.4779,44.62,146
58,"synchronized to <*>, stratum 3",exact,synchronized to LOCAL<*> stratum <*>,1.0,kernel time sync <*>,0.2751,Registered protocol family <*>,0.2609,44.05,146
59,"synchronized to <*>, stratum 3",exact,synchronized to LOCAL<*> stratum <*>,1.0,kernel time sync <*>,0.2751,Registered protocol family <*>,0.2609,44.29,146
60,data_thread() got not answer from any [Thunderbird_C2] datasource,partial,data_thread() got not answer from any <*> datasource,0.9801,asking for cache data failed,0.2943,<*> Connection<*> closed.<*>,0.2905,44.81,146
61,data_thread() got not answer from any [Thunderbird_D8] datasource,partial,data_thread() got not answer from any <*> datasource,0.9877,"jA<*> to=root, ctladdr=root (0/0), delay<*> xdelay=00:00:00, mailer=relay, pri<*> relay=[<*>] [<*>], dsn=4.0.0, stat=Deferred: Connection refused by [<*>]",0.3058,asking for cache data failed,0.3057,44.72,146
62,Registered protocol family 10,partial,Registered protocol family <*>,0.9739,4.1.0-ioctl <*> initialised: #36#@#37#,0.4081,"apic_id APIC<*> version 32, address <*> GSI <*>",0.3888,44.24,146
63,not allocating divert_blk for non-ethernet device sit0,partial,<*> non-ethernet device <*>,0.9589,probe new device <*> bus 2:slot 14:func 0,0.4037,INT_SRC_OVR (bus 0 bus_irq <*> global_irq <*>,0.3983,44.13,146
64,succeeded,exact,succeeded,1.0,passed.,0.4766,Started working: 1 available service,0.3645,80.34,146
65,Server listening on :: port 22.,exact,Server listening on :: port 22.,1.0,error: Bind to port 22 on <*> failed: Address already in use.,0.5975,<*> Connection<*> closed.<*>,0.3145,84.3,146
66,error: Bind to port 22 on <*> failed: Address already in use.,exact,error: Bind to port 22 on <*> failed: Address already in use.,1.0,Server listening on :: port 22.,0.5975,portmap startup succeeded,0.4153,84.42,146
67,data_thread() got not answer from any [Thunderbird_C5] datasource,partial,data_thread() got not answer from any <*> datasource,0.9892,asking for cache data failed,0.3035,"jA<*> to=root, ctladdr=root (0/0), delay<*> xdelay=00:00:00, mailer=relay, pri<*> relay=[<*>] [<*>], dsn=4.0.0, stat=Deferred: Connection refused by [<*>]",0.2835,83.76,146
68,"synchronized to <*>, stratum 3",exact,synchronized to LOCAL<*> stratum <*>,1.0,kernel time sync <*>,0.2751,Registered protocol family <*>,0.261,84.62,146
69,data_thread() got not answer from any [Thunderbird_B8] datasource,partial,data_thread() got not answer from any <*> datasource,0.9889,"jA<*> to=root, ctladdr=root (0/0), delay<*> xdelay=00:00:00, mailer=relay, pri<*> relay=[<*>] [<*>], dsn=4.0.0, stat=Deferred: Connection refused by [<*>]",0.3107,asking for cache data failed,0.3075,85.3,146
70,Cannot open file /dev/logsurfer for writing (No such file or directory),exact,Cannot open file /dev/logsurfer for writing (No such file or directory),1.0,Changing permissions on special file /dev/logsurfer,0.6689,syslog-ng <*> succeeded<*> starting,0.4371,84.21,146
71,Changing permissions on special file /dev/logsurfer,exact,Changing permissions on special file /dev/logsurfer,1.0,Cannot open file /dev/logsurfer for writing (No such file or directory),0.6689,syslog-ng <*> succeeded<*> starting,0.3028,84.38,146
72,"synchronized to <*>, stratum 3",exact,synchronized to LOCAL<*> stratum <*>,1.0,kernel time sync <*>,0.2751,Registered protocol family <*>,0.261,83.6,146
73,"synchronized to <*>, stratum 3",exact,synchronized to LOCAL<*> stratum <*>,1.0,kernel time sync <*>,0.2751,Registered protocol family <*>,0.261,84.23,146
74,data_thread() got not answer from any [Thunderbird_B1] datasource,partial,data_thread() got not answer from any <*> datasource,0.9853,"jA<*> to=root, ctladdr=root (0/0), delay<*> xdelay=00:00:00, mailer=relay, pri<*> relay=[<*>] [<*>], dsn=4.0.0, stat=Deferred: Connection refused by [<*>]",0.3026,asking for cache data failed,0.2968,84.36,146
75,data_thread() got not answer from any [Thunderbird_D5] datasource,partial,data_thread() got not answer from any <*> datasource,0.9875,asking for cache data failed,0.3065,"jA<*> to=root, ctladdr=root (0/0), delay<*> xdelay=00:00:00, mailer=relay, pri<*> relay=[<*>] [<*>], dsn=4.0.0, stat=Deferred: Connection refused by [<*>]",0.2849,84.46,146
76,data_thread() got not answer from any [Thunderbird_D7] datasource,exact,data_thread() got not answer from any <*> datasource,0.9908,asking for cache data failed,0.3009,"jA<*> to=root, ctladdr=root (0/0), delay<*> xdelay=00:00:00, mailer=relay, pri<*> relay=[<*>] [<*>], dsn=4.0.0, stat=Deferred: Connection refused by [<*>]",0.2937,84.26,146
77,[ib_sm_sweep.c:1831]: ********************** NEW SWEEP ********************,exact,[ib_sm_sweep.c:1831]: ********************** NEW SWEEP ********************,1.0,[ib_sm_sweep.c:1482]: No configuration change required,0.6595,[ib_sm_sweep.c:1455]: No topology change,0.5394,86.44,146
78,"synchronized to <*>, stratum 3",exact,synchronized to LOCAL<*> stratum <*>,1.0,kernel time sync <*>,0.2751,Registered protocol family <*>,0.261,83.74,146
79,data_thread() got not answer from any [Thunderbird_A4] datasource,exact,data_thread() got not answer from any <*> datasource,0.9913,"jA<*> to=root, ctladdr=root (0/0), delay<*> xdelay=00:00:00, mailer=relay, pri<*> relay=[<*>] [<*>], dsn=4.0.0, stat=Deferred: Connection refused by [<*>]",0.3026,asking for cache data failed,0.2979,84.16,146
80,data_thread() got not answer from any [Thunderbird_A5] datasource,partial,data_thread() got not answer from any <*> datasource,0.99,asking for cache data failed,0.299,"jA<*> to=root, ctladdr=root (0/0), delay<*> xdelay=00:00:00, mailer=relay, pri<*> relay=[<*>] [<*>], dsn=4.0.0, stat=Deferred: Connection refused by [<*>]",0.2859,84.43,146
81,data_thread() got not answer from any [Thunderbird_B3] datasource,partial,data_thread() got not answer from any <*> datasource,0.9893,asking for cache data failed,0.3078,"jA<*> to=root, ctladdr=root (0/0), delay<*> xdelay=00:00:00, mailer=relay, pri<*> relay=[<*>] [<*>], dsn=4.0.0, stat=Deferred: Connection refused by [<*>]",0.2991,84.59,146
82,"synchronized to <*>, stratum 3",exact,synchronized to LOCAL<*> stratum <*>,1.0,kernel time sync <*>,0.2751,Registered protocol family <*>,0.261,83.74,146
83,data_thread() got not answer from any [Thunderbird_A1] datasource,partial,data_thread() got not answer from any <*> datasource,0.9732,"jA<*> to=root, ctladdr=root (0/0), delay<*> xdelay=00:00:00, mailer=relay, pri<*> relay=[<*>] [<*>], dsn=4.0.0, stat=Deferred: Connection refused by [<*>]",0.2868,asking for cache data failed,0.2757,85.11,146
84,succeeded,exact,succeeded,1.0,passed.,0.4766,Started working: 1 available service,0.3645,83.55,146
85,xinetd startup succeeded,exact,xinetd startup succeeded,1.0,Reading included configuration file: <*>,0.6848,xinetd Version <*> started with libwrap loadavg options compiled in.,0.6374,84.59,146
86,Reading included configuration file: /etc/xinetd.d/chargen [file=/etc/xinetd.conf] [line=15],partial,Reading included configuration file: <*>,0.8042,xinetd startup succeeded,0.5972,Reading included configuration file: /etc/xinetd.d/krb5-telnet [file=/etc/xinetd.d/krb5-telnet] [line=13],0.5736,85.19,146
87,Reading included configuration file: /etc/xinetd.d/chargen-udp [file=/etc/xinetd.d/chargen-udp] [line=18],fuzzy,Reading included configuration file: <*>,0.7554,Reading included configuration file: /etc/xinetd.d/krb5-telnet [file=/etc/xinetd.d/krb5-telnet] [line=13],0.5159,Reading included configuration file: /etc/xinetd.d/cups-lpd [file=/etc/xinetd.d/cups-lpd] [line=17],0.4971,85.63,146
88,Reading included configuration file: /etc/xinetd.d/cups-lpd [file=/etc/xinetd.d/cups-lpd] [line=17],exact,Reading included configuration file: /etc/xinetd.d/cups-lpd [file=/etc/xinetd.d/cups-lpd] [line=17],1.0,Reading included configuration file: <*>,0.644,xinetd startup succeeded,0.5676,84.84,146
89,Reading included configuration file: /etc/xinetd.d/daytime [file=/etc/xinetd.d/daytime] [line=11],fuzzy,Reading included configuration file: <*>,0.7886,Reading included configuration file: /etc/xinetd.d/krb5-telnet [file=/etc/xinetd.d/krb5-telnet] [line=13],0.6004,Reading included configuration file: /etc/xinetd.d/tftp [file=/etc/xinetd.d/tftp] [line=13],0.5557,85.17,146
90,Reading included configuration file: /etc/xinetd.d/daytime-udp [file=/etc/xinetd.d/daytime-udp] [line=15],fuzzy,Reading included configuration file: <*>,0.7751,Reading included configuration file: /etc/xinetd.d/krb5-telnet [file=/etc/xinetd.d/krb5-telnet] [line=13],0.5579,Reading included configuration file: /etc/xinetd.d/tftp [file=/etc/xinetd.d/tftp] [line=13],0.5471,85.39,146
91,Reading included configuration file: /etc/xinetd.d/echo [file=/etc/xinetd.d/echo] [line=15],partial,Reading included configuration file: <*>,0.8707,Reading included configuration file: /etc/xinetd.d/kshell [file=/etc/xinetd.d/kshell] [line=13],0.7161,Reading included configuration file: /etc/xinetd.d/krb5-telnet [file=/etc/xinetd.d/krb5-telnet] [line=13],0.6818,84.79,146
92,Reading included configuration file: /etc/xinetd.d/echo-udp [file=/etc/xinetd.d/echo-udp] [line=14],partial,Reading included configuration file: <*>,0.8324,Reading included configuration file: /etc/xinetd.d/krb5-telnet [file=/etc/xinetd.d/krb5-telnet] [line=13],0.5989,Reading included configuration file: /etc/xinetd.d/cups-lpd [file=/etc/xinetd.d/cups-lpd] [line=17],0.5745,85.39,146
93,Reading included configuration file: /etc/xinetd.d/eklogin [file=/etc/xinetd.d/eklogin] [line=15],partial,Reading included configuration file: <*>,0.8421,Reading included configuration file: /etc/xinetd.d/krb5-telnet [file=/etc/xinetd.d/krb5-telnet] [line=13],0.6685,Reading included configuration file: /etc/xinetd.d/kshell [file=/etc/xinetd.d/kshell] [line=13],0.6675,85.19,146
94,Reading included configuration file: /etc/xinetd.d/gssftp [file=/etc/xinetd.d/gssftp] [line=13],exact,Reading included configuration file: /etc/xinetd.d/gssftp [file=/etc/xinetd.d/gssftp] [line=13],1.0,Reading included configuration file: <*>,0.6262,Reading included configuration file: /etc/xinetd.d/krb5-telnet [file=/etc/xinetd.d/krb5-telnet] [line=13],0.5262,84.95,146
95,Reading included configuration file: /etc/xinetd.d/klogin [file=/etc/xinetd.d/klogin] [line=14],partial,Reading included configuration file: <*>,0.8629,Reading included configuration file: /etc/xinetd.d/kshell [file=/etc/xinetd.d/kshell] [line=13],0.726,Reading included configuration file: /etc/xinetd.d/krb5-telnet [file=/etc/xinetd.d/krb5-telnet] [line=13],0.6932,63.12,146
96,Reading included configuration file: /etc/xinetd.d/krb5-telnet [file=/etc/xinetd.d/krb5-telnet] [line=13],exact,Reading included configuration file: /etc/xinetd.d/krb5-telnet [file=/etc/xinetd.d/krb5-telnet] [line=13],1.0,Reading included configuration file: <*>,0.7618,Reading included configuration file: /etc/xinetd.d/kshell [file=/etc/xinetd.d/kshell] [line=13],0.6461,46.35,146
97,Reading included configuration file: /etc/xinetd.d/kshell [file=/etc/xinetd.d/kshell] [line=13],exact,Reading included configuration file: /etc/xinetd.d/kshell [file=/etc/xinetd.d/kshell] [line=13],1.0,Reading included configuration file: <*>,0.7285,Reading included configuration file: /etc/xinetd.d/krb5-telnet [file=/etc/xinetd.d/krb5-telnet] [line=13],0.6461,45.45,146
98,Reading included configuration file: /etc/xinetd.d/ktalk [file=/etc/xinetd.d/ktalk] [line=13],partial,Reading included configuration file: <*>,0.82,Reading included configuration file: /etc/xinetd.d/krb5-telnet [file=/etc/xinetd.d/krb5-telnet] [line=13],0.7494,Reading included configuration file: /etc/xinetd.d/kshell [file=/etc/xinetd.d/kshell] [line=13],0.7362,45.49,146
99,Reading included configuration file: /etc/xinetd.d/rsync [file=/etc/xinetd.d/rsync] [line=12],exact,Reading included configuration file: /etc/xinetd.d/rsync [file=/etc/xinetd.d/rsync] [line=12],1.0,Reading included configuration file: <*>,0.6373,xinetd startup succeeded,0.5528,46.22,146
100,Reading included configuration file: /etc/xinetd.d/tftp [file=/etc/xinetd.d/tftp] [line=13],exact,Reading included configuration file: /etc/xinetd.d/tftp [file=/etc/xinetd.d/tftp] [line=13],1.0,Reading included configuration file: <*>,0.67,START: tftp pid=16563 from=<*>,0.6243,45.18,146
101,Reading included configuration file: /etc/xinetd.d/time [file=/etc/xinetd.d/time] [line=18],fuzzy,Reading included configuration file: <*>,0.7915,Reading included configuration file: /etc/xinetd.d/tftp [file=/etc/xinetd.d/tftp] [line=13],0.6055,Reading included configuration file: /etc/xinetd.d/krb5-telnet [file=/etc/xinetd.d/krb5-telnet] [line=13],0.5757,45.3,146
102,Reading included configuration file: /etc/xinetd.d/time-udp [file=/etc/xinetd.d/time-udp] [line=17],fuzzy,Reading included configuration file: <*>,0.7674,Reading included configuration file: /etc/xinetd.d/tftp [file=/etc/xinetd.d/tftp] [line=13],0.6004,Reading included configuration file: /etc/xinetd.d/rsync [file=/etc/xinetd.d/rsync] [line=12],0.5413,49.74,146
103,Started working: 1 available service,exact,Started working: 1 available service,1.0,Version 1.0.6 Starting,0.4548,error: Bind to port 22 on <*> failed: Address already in use.,0.3897,63.24,146
104,removing chargen,exact,removing chargen,1.0,removing printer,0.3975,removing telnet,0.3602,57.83,146
105,removing chargen,exact,removing chargen,1.0,removing printer,0.3975,removing telnet,0.3602,48.67,146
106,removing daytime,exact,removing daytime,1.0,removing time,0.5691,removing telnet,0.3622,56.09,146
107,removing daytime,exact,removing daytime,1.0,removing time,0.5691,removing telnet,0.3622,69.38,146
108,removing echo,exact,removing echo,1.0,removing printer,0.435,removing kshell,0.4252,43.97,146
109,removing echo,exact,removing echo,1.0,removing printer,0.435,removing kshell,0.4252,43.73,146
110,removing eklogin,partial,removing <*>,0.9478,removing kshell,0.4423,removing chargen,0.3235,44.03,146
111,removing ftp,exact,removing ftp,1.0,removing printer,0.402,removing telnet,0.3773,44.44,146
112,removing klogin,partial,removing <*>,0.9289,removing kshell,0.5438,removing ntalk,0.4049,44.03,146
113,removing kshell,exact,removing kshell,1.0,Reading included configuration file: /etc/xinetd.d/kshell [file=/etc/xinetd.d/kshell] [line=13],0.5245,removing <*>,0.5202,43.87,146
114,removing ntalk,exact,removing ntalk,1.0,removing kshell,0.4296,removing time,0.377,43.78,146
115,removing printer,exact,removing printer,1.0,removing echo,0.435,removing ftp,0.402,43.79,146
116,removing rsync,exact,removing rsync,1.0,Reading included configuration file: /etc/xinetd.d/rsync [file=/etc/xinetd.d/rsync] [line=12],0.4643,removing ftp,0.3736,44.13,146
117,removing telnet,exact,removing telnet,1.0,Reading included configuration file: /etc/xinetd.d/krb5-telnet [file=/etc/xinetd.d/krb5-telnet] [line=13],0.464,removing echo,0.3871,43.78,146
118,removing time,exact,removing time,1.0,removing daytime,0.5691,time reset <*> s,0.5267,43.93,146
119,removing time,exact,removing time,1.0,removing daytime,0.5691,time reset <*> s,0.5267,46.04,146
120,xinetd Version 2.3.13 started with libwrap loadavg options compiled in.,exact,xinetd Version <*> started with libwrap loadavg options compiled in.,1.0,xinetd startup succeeded,0.6374,Reading included configuration file: <*>,0.5894,51.08,146
121,"synchronized to <*>, stratum 3",exact,synchronized to LOCAL<*> stratum <*>,1.0,kernel time sync <*>,0.2751,Registered protocol family <*>,0.261,54.33,146
122,[ib_sm_sweep.c:1455]: No topology change,exact,[ib_sm_sweep.c:1455]: No topology change,1.0,[ib_sm_sweep.c:1482]: No configuration change required,0.7019,[ib_sm_sweep.c:1831]: ********************** NEW SWEEP ********************,0.5394,44.85,146
123,[ib_sm_sweep.c:1482]: No configuration change required,exact,[ib_sm_sweep.c:1482]: No configuration change required,1.0,[ib_sm_sweep.c:1455]: No topology change,0.7019,[ib_sm_sweep.c:1831]: ********************** NEW SWEEP ********************,0.6595,44.3,146
124,data_thread() got not answer from any [Thunderbird_B6] datasource,exact,data_thread() got not answer from any <*> datasource,0.9922,asking for cache data failed,0.3049,"jA<*> to=root, ctladdr=root (0/0), delay<*> xdelay=00:00:00, mailer=relay, pri<*> relay=[<*>] [<*>], dsn=4.0.0, stat=Deferred: Connection refused by [<*>]",0.2978,56.13,146
125,data_thread() got not answer from any [Thunderbird_A8] datasource,partial,data_thread() got not answer from any <*> datasource,0.9879,"jA<*> to=root, ctladdr=root (0/0), delay<*> xdelay=00:00:00, mailer=relay, pri<*> relay=[<*>] [<*>], dsn=4.0.0, stat=Deferred: Connection refused by [<*>]",0.3072,asking for cache data failed,0.2966,44.75,146
126,data_thread() got not answer from any [Thunderbird_A3] datasource,partial,data_thread() got not answer from any <*> datasource,0.9864,asking for cache data failed,0.2981,"jA<*> to=root, ctladdr=root (0/0), delay<*> xdelay=00:00:00, mailer=relay, pri<*> relay=[<*>] [<*>], dsn=4.0.0, stat=Deferred: Connection refused by [<*>]",0.2902,44.58,146
127,data_thread() got not answer from any [Thunderbird_C8] datasource,partial,data_thread() got not answer from any <*> datasource,0.9878,"jA<*> to=root, ctladdr=root (0/0), delay<*> xdelay=00:00:00, mailer=relay, pri<*> relay=[<*>] [<*>], dsn=4.0.0, stat=Deferred: Connection refused by [<*>]",0.3039,asking for cache data failed,0.3005,55.45,146
128,"synchronized to <*>, stratum 3",exact,synchronized to LOCAL<*> stratum <*>,1.0,kernel time sync <*>,0.2751,Registered protocol family <*>,0.261,62.53,146
129,"synchronized to <*>, stratum 3",exact,synchronized to LOCAL<*> stratum <*>,1.0,kernel time sync <*>,0.2751,Registered protocol family <*>,0.261,73.79,146
130,[ib_sm_sweep.c:1831]: ********************** NEW SWEEP ********************,exact,[ib_sm_sweep.c:1831]: ********************** NEW SWEEP ********************,1.0,[ib_sm_sweep.c:1482]: No configuration change required,0.6595,[ib_sm_sweep.c:1455]: No topology change,0.5394,76.52,146
131,"synchronized to <*>, stratum 3",exact,synchronized to LOCAL<*> stratum <*>,1.0,kernel time sync <*>,0.2751,Registered protocol family <*>,0.261,80.08,146
132,"synchronized to <*>, stratum 3",exact,synchronized to LOCAL<*> stratum <*>,1.0,kernel time sync <*>,0.2751,Registered protocol family <*>,0.261,69.96,146
133,RRD_update (/var/lib/ganglia/rrds/D Nodes/dn731/pkts_out.rrd): illegal attempt to update using time 1131563473 when last update time is 1131563473 (minimum one second step),exact,RRD_update (/var/lib/ganglia/rrds/D Nodes/dn731/pkts_out.rrd): illegal attempt to update using time when<*> when last update time is <*> (minimum one second step),0.9955,kernel time sync <*>,0.3339,rpc.statd startup succeeded,0.3312,47.49,146
134,data_thread() got not answer from any [Thunderbird_C1] datasource,partial,data_thread() got not answer from any <*> datasource,0.9887,"jA<*> to=root, ctladdr=root (0/0), delay<*> xdelay=00:00:00, mailer=relay, pri<*> relay=[<*>] [<*>], dsn=4.0.0, stat=Deferred: Connection refused by [<*>]",0.2964,asking for cache data failed,0.2902,45.61,146
135,data_thread() got not answer from any [Thunderbird_A6] datasource,exact,data_thread() got not answer from any <*> datasource,0.9921,asking for cache data failed,0.2937,"jA<*> to=root, ctladdr=root (0/0), delay<*> xdelay=00:00:00, mailer=relay, pri<*> relay=[<*>] [<*>], dsn=4.0.0, stat=Deferred: Connection refused by [<*>]",0.2925,44.88,146
136,data_thread() got not answer from any [Thunderbird_C4] datasource,exact,data_thread() got not answer from any <*> datasource,0.9911,asking for cache data failed,0.3033,"jA<*> to=root, ctladdr=root (0/0), delay<*> xdelay=00:00:00, mailer=relay, pri<*> relay=[<*>] [<*>], dsn=4.0.0, stat=Deferred: Connection refused by [<*>]",0.3027,45.01,146
137,data_thread() got not answer from any [Thunderbird_B4] datasource,exact,data_thread() got not answer from any <*> datasource,0.992,asking for cache data failed,0.309,"jA<*> to=root, ctladdr=root (0/0), delay<*> xdelay=00:00:00, mailer=relay, pri<*> relay=[<*>] [<*>], dsn=4.0.0, stat=Deferred: Connection refused by [<*>]",0.3062,44.88,146
138,[ib_sm_sweep.c:1455]: No topology change,exact,[ib_sm_sweep.c:1455]: No topology change,1.0,[ib_sm_sweep.c:1482]: No configuration change required,0.7019,[ib_sm_sweep.c:1831]: ********************** NEW SWEEP ********************,0.5394,45.1,146
139,[ib_sm_sweep.c:1482]: No configuration change required,exact,[ib_sm_sweep.c:1482]: No configuration change required,1.0,[ib_sm_sweep.c:1455]: No topology change,0.7019,[ib_sm_sweep.c:1831]: ********************** NEW SWEEP ********************,0.6595,44.62,146
140,"synchronized to <*>, stratum 3",exact,synchronized to LOCAL<*> stratum <*>,1.0,kernel time sync <*>,0.2751,Registered protocol family <*>,0.261,44.47,146
141,"synchronized to <*>, stratum 3",exact,synchronized to LOCAL<*> stratum <*>,1.0,kernel time sync <*>,0.2751,Registered protocol family <*>,0.261,44.44,146
142,data_thread() got not answer from any [Thunderbird_A7] datasource,partial,data_thread() got not answer from any <*> datasource,0.9883,asking for cache data failed,0.2967,"jA<*> to=root, ctladdr=root (0/0), delay<*> xdelay=00:00:00, mailer=relay, pri<*> relay=[<*>] [<*>], dsn=4.0.0, stat=Deferred: Connection refused by [<*>]",0.2914,44.84,146
143,data_thread() got not answer from any [Thunderbird_B7] datasource,partial,data_thread() got not answer from any <*> datasource,0.9894,asking for cache data failed,0.3055,"jA<*> to=root, ctladdr=root (0/0), delay<*> xdelay=00:00:00, mailer=relay, pri<*> relay=[<*>] [<*>], dsn=4.0.0, stat=Deferred: Connection refused by [<*>]",0.2959,45.27,146
144,"synchronized to <*>, stratum 3",exact,synchronized to LOCAL<*> stratum <*>,1.0,kernel time sync <*>,0.2751,Registered protocol family <*>,0.261,44.43,146
145,data_thread() got not answer from any [Thunderbird_D6] datasource,partial,data_thread() got not answer from any <*> datasource,0.9881,asking for cache data failed,0.298,"jA<*> to=root, ctladdr=root (0/0), delay<*> xdelay=00:00:00, mailer=relay, pri<*> relay=[<*>] [<*>], dsn=4.0.0, stat=Deferred: Connection refused by [<*>]",0.29,44.71,146
146,data_thread() got not answer from any [Thunderbird_B2] datasource,partial,data_thread() got not answer from any <*> datasource,0.9899,"jA<*> to=root, ctladdr=root (0/0), delay<*> xdelay=00:00:00, mailer=relay, pri<*> relay=[<*>] [<*>], dsn=4.0.0, stat=Deferred: Connection refused by [<*>]",0.3048,asking for cache data failed,0.3018,45.06,146
147,data_thread() got not answer from any [Thunderbird_B5] datasource,partial,data_thread() got not answer from any <*> datasource,0.989,asking for cache data failed,0.3083,"jA<*> to=root, ctladdr=root (0/0), delay<*> xdelay=00:00:00, mailer=relay, pri<*> relay=[<*>] [<*>], dsn=4.0.0, stat=Deferred: Connection refused by [<*>]",0.2909,45.17,146
148,data_thread() got not answer from any [Thunderbird_D4] datasource,partial,data_thread() got not answer from any <*> datasource,0.9835,"jA<*> to=root, ctladdr=root (0/0), delay<*> xdelay=00:00:00, mailer=relay, pri<*> relay=[<*>] [<*>], dsn=4.0.0, stat=Deferred: Connection refused by [<*>]",0.306,asking for cache data failed,0.3035,44.78,146
149,"synchronized to <*>, stratum 3",exact,synchronized to LOCAL<*> stratum <*>,1.0,kernel time sync <*>,0.2751,Registered protocol family <*>,0.261,44.34,146
150,data_thread() got not answer from any [Thunderbird_B8] datasource,partial,data_thread() got not answer from any <*> datasource,0.9889,"jA<*> to=root, ctladdr=root (0/0), delay<*> xdelay=00:00:00, mailer=relay, pri<*> relay=[<*>] [<*>], dsn=4.0.0, stat=Deferred: Connection refused by [<*>]",0.3107,asking for cache data failed,0.3075,45.0,146
151,data_thread() got not answer from any [Thunderbird_D7] datasource,exact,data_thread() got not answer from any <*> datasource,0.9908,asking for cache data failed,0.3009,"jA<*> to=root, ctladdr=root (0/0), delay<*> xdelay=00:00:00, mailer=relay, pri<*> relay=[<*>] [<*>], dsn=4.0.0, stat=Deferred: Connection refused by [<*>]",0.2937,44.85,146
152,data_thread() got not answer from any [Thunderbird_D8] datasource,partial,data_thread() got not answer from any <*> datasource,0.9878,"jA<*> to=root, ctladdr=root (0/0), delay<*> xdelay=00:00:00, mailer=relay, pri<*> relay=[<*>] [<*>], dsn=4.0.0, stat=Deferred: Connection refused by [<*>]",0.3058,asking for cache data failed,0.3057,44.93,146
153,"synchronized to <*>, stratum 3",exact,synchronized to LOCAL<*> stratum <*>,1.0,kernel time sync <*>,0.2751,Registered protocol family <*>,0.261,44.34,146
154,"synchronized to <*>, stratum 3",exact,synchronized to LOCAL<*> stratum <*>,1.0,kernel time sync <*>,0.2751,Registered protocol family <*>,0.261,44.35,146
155,"synchronized to <*>, stratum 3",exact,synchronized to LOCAL<*> stratum <*>,1.0,kernel time sync <*>,0.2751,Registered protocol family <*>,0.261,44.28,146
156,data_thread() got not answer from any [Thunderbird_C6] datasource,exact,data_thread() got not answer from any <*> datasource,0.9902,asking for cache data failed,0.297,"jA<*> to=root, ctladdr=root (0/0), delay<*> xdelay=00:00:00, mailer=relay, pri<*> relay=[<*>] [<*>], dsn=4.0.0, stat=Deferred: Connection refused by [<*>]",0.2907,44.99,146
157,"synchronized to <*>, stratum 3",exact,synchronized to LOCAL<*> stratum <*>,1.0,kernel time sync <*>,0.2751,Registered protocol family <*>,0.261,44.56,146
158,data_thread() got not answer from any [Thunderbird_A2] datasource,partial,data_thread() got not answer from any <*> datasource,0.9807,"jA<*> to=root, ctladdr=root (0/0), delay<*> xdelay=00:00:00, mailer=relay, pri<*> relay=[<*>] [<*>], dsn=4.0.0, stat=Deferred: Connection refused by [<*>]",0.2934,asking for cache data failed,0.2878,44.73,146
159,data_thread() got not answer from any [Thunderbird_A4] datasource,exact,data_thread() got not answer from any <*> datasource,0.9914,"jA<*> to=root, ctladdr=root (0/0), delay<*> xdelay=00:00:00, mailer=relay, pri<*> relay=[<*>] [<*>], dsn=4.0.0, stat=Deferred: Connection refused by [<*>]",0.3026,asking for cache data failed,0.2979,45.56,146
160,data_thread() got not answer from any [Thunderbird_C5] datasource,partial,data_thread() got not answer from any <*> datasource,0.9891,asking for cache data failed,0.3035,"jA<*> to=root, ctladdr=root (0/0), delay<*> xdelay=00:00:00, mailer=relay, pri<*> relay=[<*>] [<*>], dsn=4.0.0, stat=Deferred: Connection refused by [<*>]",0.2835,46.07,146
161,"synchronized to <*>, stratum 3",exact,synchronized to LOCAL<*> stratum <*>,1.0,kernel time sync <*>,0.2751,Registered protocol family <*>,0.261,44.64,146
162,data_thread() got not answer from any [Thunderbird_A5] datasource,partial,data_thread() got not answer from any <*> datasource,0.99,asking for cache data failed,0.299,"jA<*> to=root, ctladdr=root (0/0), delay<*> xdelay=00:00:00, mailer=relay, pri<*> relay=[<*>] [<*>], dsn=4.0.0, stat=Deferred: Connection refused by [<*>]",0.2859,45.37,146
163,[ib_sm_sweep.c:1831]: ********************** NEW SWEEP ********************,exact,[ib_sm_sweep.c:1831]: ********************** NEW SWEEP ********************,1.0,[ib_sm_sweep.c:1482]: No configuration change required,0.6595,[ib_sm_sweep.c:1455]: No topology change,0.5394,47.06,146
164,data_thread() got not answer from any [Thunderbird_C2] datasource,partial,data_thread() got not answer from any <*> datasource,0.98,asking for cache data failed,0.2943,<*> Connection<*> closed.<*>,0.2905,45.29,146
165,data_thread() got not answer from any [Thunderbird_B1] datasource,partial,data_thread() got not answer from any <*> datasource,0.9853,"jA<*> to=root, ctladdr=root (0/0), delay<*> xdelay=00:00:00, mailer=relay, pri<*> relay=[<*>] [<*>], dsn=4.0.0, stat=Deferred: Connection refused by [<*>]",0.3026,asking for cache data failed,0.2968,44.46,146
166,data_thread() got not answer from any [Thunderbird_B3] datasource,partial,data_thread() got not answer from any <*> datasource,0.9893,asking for cache data failed,0.3078,"jA<*> to=root, ctladdr=root (0/0), delay<*> xdelay=00:00:00, mailer=relay, pri<*> relay=[<*>] [<*>], dsn=4.0.0, stat=Deferred: Connection refused by [<*>]",0.2991,44.94,146
167,[ib_sm_sweep.c:1455]: No topology change,exact,[ib_sm_sweep.c:1455]: No topology change,1.0,[ib_sm_sweep.c:1482]: No configuration change required,0.7019,[ib_sm_sweep.c:1831]: ********************** NEW SWEEP ********************,0.5394,44.69,146
168,[ib_sm_sweep.c:1482]: No configuration change required,exact,[ib_sm_sweep.c:1482]: No configuration change required,1.0,[ib_sm_sweep.c:1455]: No topology change,0.7019,[ib_sm_sweep.c:1831]: ********************** NEW SWEEP ********************,0.6595,45.58,146
169,session closed for user root,exact,session <*> for user root by (uid=0),0.991,<*> Connection<*> closed.<*>,0.3825,removing <*>,0.3078,44.54,146
170,"jA9JBVPb007417: from=root, size=629060, class=0, nrcpts=1, msgid=<200511091911.jA9JBVPb007417@eadmin1>, relay=#7#@localhost",partial,"jA<*> from=root, size<*> class=0, nrcpts=1, msgid<*> relay=#7#@localhost",0.9831,"jA<*> to=root, ctladdr=root (0/0), delay<*> xdelay=00:00:00, mailer=relay, pri<*> relay=[<*>] [<*>], dsn=4.0.0, stat=Deferred: Connection refused by [<*>]",0.7082,Registered protocol family <*>,0.3812,48.06,146
171,"jA9JBVPb007417: to=root, ctladdr=root (0/0), delay=00:00:00, xdelay=00:00:00, mailer=relay, pri=659060, relay=[<*>] [<*>], dsn=4.0.0, stat=Deferred: Connection refused by [<*>]",exact,"jA<*> to=root, ctladdr=root (0/0), delay<*> xdelay=00:00:00, mailer=relay, pri<*> relay=[<*>] [<*>], dsn=4.0.0, stat=Deferred: Connection refused by [<*>]",0.9959,"jA<*> from=root, size<*> class=0, nrcpts=1, msgid<*> relay=#7#@localhost",0.7036,<*> Connection<*> closed.<*>,0.3744,49.45,146
172,unable to qualify my own domain name (eadmin1) -- using short name,partial,unable to qualify my own domain name <*> -- using short name,0.9139,My unqualified host name <*> unknown; sleeping for retry,0.4396,Started working: 1 available service,0.2706,45.09,146
173,data_thread() got not answer from any [Thunderbird_D5] datasource,partial,data_thread() got not answer from any <*> datasource,0.9875,asking for cache data failed,0.3065,"jA<*> to=root, ctladdr=root (0/0), delay<*> xdelay=00:00:00, mailer=relay, pri<*> relay=[<*>] [<*>], dsn=4.0.0, stat=Deferred: Connection refused by [<*>]",0.2852,44.82,146
174,unable to qualify my own domain name (aadmin1) -- using short name,partial,unable to qualify my own domain name <*> -- using short name,0.9302,My unqualified host name <*> unknown; sleeping for retry,0.4524,Warning: we failed to resolve <*> name dadmin<*> dadmin<*> dadmin4,0.3129,44.76,146
175,unable to qualify my own domain name (badmin1) -- using short name,partial,unable to qualify my own domain name <*> -- using short name,0.9129,My unqualified host name <*> unknown; sleeping for retry,0.5016,Warning: we failed to resolve <*> name dadmin<*> dadmin<*> dadmin4,0.4731,44.66,146
176,"synchronized to <*>, stratum 3",exact,synchronized to LOCAL<*> stratum <*>,1.0,kernel time sync <*>,0.2751,Registered protocol family <*>,0.261,44.74,146
177,unable to qualify my own domain name (cadmin1) -- using short name,partial,unable to qualify my own domain name <*> -- using short name,0.8959,My unqualified host name <*> unknown; sleeping for retry,0.4476,Warning: we failed to resolve <*> name dadmin<*> dadmin<*> dadmin4,0.3905,44.55,146
178,unable to qualify my own domain name (dadmin1) -- using short name,partial,unable to qualify my own domain name <*> -- using short name,0.8915,Warning: we failed to resolve <*> name dadmin<*> dadmin<*> dadmin4,0.6252,My unqualified host name <*> unknown; sleeping for retry,0.4476,44.53,146
179,session closed for user root,exact,session <*> for user root by (uid=0),0.9929,<*> Connection<*> closed.<*>,0.3825,removing <*>,0.3078,44.28,146
180,"jA9JBWxH019649: from=root, size=1596872, class=0, nrcpts=1, msgid=<200511091911.jA9JBWxH019649@aadmin1>, relay=#7#@localhost",partial,"jA<*> from=root, size<*> class=0, nrcpts=1, msgid<*> relay=#7#@localhost",0.9859,"jA<*> to=root, ctladdr=root (0/0), delay<*> xdelay=00:00:00, mailer=relay, pri<*> relay=[<*>] [<*>], dsn=4.0.0, stat=Deferred: Connection refused by [<*>]",0.6957,Registered protocol family <*>,0.3811,48.59,146
181,"jA9JBWxH019649: to=root, ctladdr=root (0/0), delay=00:00:02, xdelay=00:00:00, mailer=relay, pri=1626872, relay=[<*>] [<*>], dsn=4.0.0, stat=Deferred: Connection refused by [<*>]",exact,"jA<*> to=root, ctladdr=root (0/0), delay<*> xdelay=00:00:00, mailer=relay, pri<*> relay=[<*>] [<*>], dsn=4.0.0, stat=Deferred: Connection refused by [<*>]",0.9975,"jA<*> from=root, size<*> class=0, nrcpts=1, msgid<*> relay=#7#@localhost",0.7144,<*> Connection<*> closed.<*>,0.3769,49.62,146
182,session closed for user root,exact,session <*> for user root by (uid=0),0.9942,<*> Connection<*> closed.<*>,0.3825,removing <*>,0.3078,44.4,146
183,"jA9JBWEr014256: from=root, size=1593894, class=0, nrcpts=1, msgid=<200511091911.jA9JBWEr014256@badmin1>, relay=#7#@localhost",partial,"jA<*> from=root, size<*> class=0, nrcpts=1, msgid<*> relay=#7#@localhost",0.9714,"jA<*> to=root, ctladdr=root (0/0), delay<*> xdelay=00:00:00, mailer=relay, pri<*> relay=[<*>] [<*>], dsn=4.0.0, stat=Deferred: Connection refused by [<*>]",0.684,[ib_sm_sweep.c:1482]: No configuration change required,0.3541,47.71,146
184,"jA9JBWEr014256: to=root, ctladdr=root (0/0), delay=00:00:02, xdelay=00:00:00, mailer=relay, pri=1623894, relay=[<*>] [<*>], dsn=4.0.0, stat=Deferred: Connection refused by [<*>]",exact,"jA<*> to=root, ctladdr=root (0/0), delay<*> xdelay=00:00:00, mailer=relay, pri<*> relay=[<*>] [<*>], dsn=4.0.0, stat=Deferred: Connection refused by [<*>]",0.9927,"jA<*> from=root, size<*> class=0, nrcpts=1, msgid<*> relay=#7#@localhost",0.6852,<*> Connection<*> closed.<*>,0.3801,49.36,146
185,data_thread() got not answer from any [Thunderbird_A1] datasource,partial,data_thread() got not answer from any <*> datasource,0.9732,"jA<*> to=root, ctladdr=root (0/0), delay<*> xdelay=00:00:00, mailer=relay, pri<*> relay=[<*>] [<*>], dsn=4.0.0, stat=Deferred: Connection refused by [<*>]",0.2886,asking for cache data failed,0.2757,45.08,146
186,data_thread() got not answer from any [Thunderbird_A8] datasource,partial,data_thread() got not answer from any <*> datasource,0.9879,"jA<*> to=root, ctladdr=root (0/0), delay<*> xdelay=00:00:00, mailer=relay, pri<*> relay=[<*>] [<*>], dsn=4.0.0, stat=Deferred: Connection refused by [<*>]",0.309,asking for cache data failed,0.2966,44.59,146
187,session closed for user root,exact,session <*> for user root by (uid=0),0.9952,<*> Connection<*> closed.<*>,0.3825,removing <*>,0.3078,44.4,146
188,"jA9JBXgf022479: from=root, size=1594553, class=0, nrcpts=1, msgid=<200511091911.jA9JBXgf022479@cadmin1>, relay=#7#@localhost",partial,"jA<*> from=root, size<*> class=0, nrcpts=1, msgid<*> relay=#7#@localhost",0.9784,"jA<*> to=root, ctladdr=root (0/0), delay<*> xdelay=00:00:00, mailer=relay, pri<*> relay=[<*>] [<*>], dsn=4.0.0, stat=Deferred: Connection refused by [<*>]",0.7006,[ib_sm_sweep.c:1482]: No configuration change required,0.3789,47.61,146
189,"jA9JBXgf022479: to=root, ctladdr=root (0/0), delay=00:00:02, xdelay=00:00:00, mailer=relay, pri=1624553, relay=[<*>] [<*>], dsn=4.0.0, stat=Deferred: Connection refused by [<*>]",exact,"jA<*> to=root, ctladdr=root (0/0), delay<*> xdelay=00:00:00, mailer=relay, pri<*> relay=[<*>] [<*>], dsn=4.0.0, stat=Deferred: Connection refused by [<*>]",0.9966,"jA<*> from=root, size<*> class=0, nrcpts=1, msgid<*> relay=#7#@localhost",0.6981,<*> Connection<*> closed.<*>,0.3763,49.14,146
190,"synchronized to <*>, stratum 3",exact,synchronized to LOCAL<*> stratum <*>,1.0,kernel time sync <*>,0.2751,Registered protocol family <*>,0.261,45.6,146
191,"synchronized to <*>, stratum 3",exact,synchronized to LOCAL<*> stratum <*>,1.0,kernel time sync <*>,0.2751,Registered protocol family <*>,0.261,58.66,146
192,session closed for user root,exact,session <*> for user root by (uid=0),0.996,<*> Connection<*> closed.<*>,0.3825,removing <*>,0.3078,51.66,146
193,"jA9JBXVI027337: from=root, size=1597080, class=0, nrcpts=1, msgid=<200511091911.jA9JBXVI027337@dadmin1>, relay=#7#@localhost",partial,"jA<*> from=root, size<*> class=0, nrcpts=1, msgid<*> relay=#7#@localhost",0.9725,"jA<*> to=root, ctladdr=root (0/0), delay<*> xdelay=00:00:00, mailer=relay, pri<*> relay=[<*>] [<*>], dsn=4.0.0, stat=Deferred: Connection refused by [<*>]",0.6951,Warning: we failed to resolve <*> name dadmin<*> dadmin<*> dadmin4,0.3992,64.53,146
194,"jA9JBXVI027337: to=root, ctladdr=root (0/0), delay=00:00:02, xdelay=00:00:00, mailer=relay, pri=1627080, relay=[<*>] [<*>], dsn=4.0.0, stat=Deferred: Connection refused by [<*>]",exact,"jA<*> to=root, ctladdr=root (0/0), delay<*> xdelay=00:00:00, mailer=relay, pri<*> relay=[<*>] [<*>], dsn=4.0.0, stat=Deferred: Connection refused by [<*>]",0.995,"jA<*> from=root, size<*> class=0, nrcpts=1, msgid<*> relay=#7#@localhost",0.7175,<*> Connection<*> closed.<*>,0.3791,61.05,146
195,data_thread() got not answer from any [Thunderbird_B6] datasource,exact,data_thread() got not answer from any <*> datasource,0.9922,asking for cache data failed,0.3049,"jA<*> to=root, ctladdr=root (0/0), delay<*> xdelay=00:00:00, mailer=relay, pri<*> relay=[<*>] [<*>], dsn=4.0.0, stat=Deferred: Connection refused by [<*>]",0.2996,73.79,146
196,data_thread() got not answer from any [Thunderbird_A3] datasource,partial,data_thread() got not answer from any <*> datasource,0.9864,asking for cache data failed,0.2981,"jA<*> to=root, ctladdr=root (0/0), delay<*> xdelay=00:00:00, mailer=relay, pri<*> relay=[<*>] [<*>], dsn=4.0.0, stat=Deferred: Connection refused by [<*>]",0.2917,55.36,146
197,data_thread() got not answer from any [Thunderbird_C8] datasource,partial,data_thread() got not answer from any <*> datasource,0.9878,"jA<*> to=root, ctladdr=root (0/0), delay<*> xdelay=00:00:00, mailer=relay, pri<*> relay=[<*>] [<*>], dsn=4.0.0, stat=Deferred: Connection refused by [<*>]",0.3055,asking for cache data failed,0.3005,44.95,146
198,"synchronized to <*>, stratum 3",exact,synchronized to LOCAL<*> stratum <*>,1.0,kernel time sync <*>,0.2751,Registered protocol family <*>,0.261,44.71,146
199,"synchronized to <*>, stratum 3",exact,synchronized to LOCAL<*> stratum <*>,1.0,kernel time sync <*>,0.2751,Registered protocol family <*>,0.261,44.06,146
200,"synchronized to <*>, stratum 3",exact,synchronized to LOCAL<*> stratum <*>,1.0,kernel time sync <*>,0.2751,Registered protocol family <*>,0.261,44.99,146
201,"synchronized to <*>, stratum 3",exact,synchronized to LOCAL<*> stratum <*>,1.0,kernel time sync <*>,0.2751,Registered protocol family <*>,0.261,44.96,146
202,data_thread() got not answer from any [Thunderbird_C1] datasource,partial,data_thread() got not answer from any <*> datasource,0.9887,"jA<*> to=root, ctladdr=root (0/0), delay<*> xdelay=00:00:00, mailer=relay, pri<*> relay=[<*>] [<*>], dsn=4.0.0, stat=Deferred: Connection refused by [<*>]",0.2979,asking for cache data failed,0.2902,47.32,146
203,data_thread() got not answer from any [Thunderbird_A6] datasource,exact,data_thread() got not answer from any <*> datasource,0.9921,"jA<*> to=root, ctladdr=root (0/0), delay<*> xdelay=00:00:00, mailer=relay, pri<*> relay=[<*>] [<*>], dsn=4.0.0, stat=Deferred: Connection refused by [<*>]",0.2939,asking for cache data failed,0.2937,45.31,146
204,[ib_sm_sweep.c:1831]: ********************** NEW SWEEP ********************,exact,[ib_sm_sweep.c:1831]: ********************** NEW SWEEP ********************,1.0,[ib_sm_sweep.c:1482]: No configuration change required,0.6595,[ib_sm_sweep.c:1455]: No topology change,0.5394,46.9,146
205,"synchronized to <*>, stratum 3",exact,synchronized to LOCAL<*> stratum <*>,1.0,kernel time sync <*>,0.2751,Registered protocol family <*>,0.261,44.48,146
206,data_thread() got not answer from any [Thunderbird_C4] datasource,exact,data_thread() got not answer from any <*> datasource,0.9911,"jA<*> to=root, ctladdr=root (0/0), delay<*> xdelay=00:00:00, mailer=relay, pri<*> relay=[<*>] [<*>], dsn=4.0.0, stat=Deferred: Connection refused by [<*>]",0.3042,asking for cache data failed,0.3033,44.7,146
207,"synchronized to <*>, stratum 3",exact,synchronized to LOCAL<*> stratum <*>,1.0,kernel time sync <*>,0.2751,Registered protocol family <*>,0.261,44.36,146
208,"synchronized to <*>, stratum 3",exact,synchronized to LOCAL<*> stratum <*>,1.0,kernel time sync <*>,0.2751,Registered protocol family <*>,0.261,44.31,146
209,"synchronized to <*>, stratum 3",exact,synchronized to LOCAL<*> stratum <*>,1.0,kernel time sync <*>,0.2751,Registered protocol family <*>,0.261,44.1,146
210,"synchronized to <*>, stratum 3",exact,synchronized to LOCAL<*> stratum <*>,1.0,kernel time sync <*>,0.2751,Registered protocol family <*>,0.261,44.94,146
211,[ib_sm_sweep.c:1455]: No topology change,exact,[ib_sm_sweep.c:1455]: No topology change,1.0,[ib_sm_sweep.c:1482]: No configuration change required,0.7019,[ib_sm_sweep.c:1831]: ********************** NEW SWEEP ********************,0.5394,45.0,146
212,[ib_sm_sweep.c:1482]: No configuration change required,exact,[ib_sm_sweep.c:1482]: No configuration change required,1.0,[ib_sm_sweep.c:1455]: No topology change,0.7019,[ib_sm_sweep.c:1831]: ********************** NEW SWEEP ********************,0.6595,44.64,146
213,data_thread() got not answer from any [Thunderbird_B5] datasource,partial,data_thread() got not answer from any <*> datasource,0.989,asking for cache data failed,0.3083,"jA<*> to=root, ctladdr=root (0/0), delay<*> xdelay=00:00:00, mailer=relay, pri<*> relay=[<*>] [<*>], dsn=4.0.0, stat=Deferred: Connection refused by [<*>]",0.2926,46.5,146
214,data_thread() got not answer from any [Thunderbird_D6] datasource,partial,data_thread() got not answer from any <*> datasource,0.9881,asking for cache data failed,0.298,"jA<*> to=root, ctladdr=root (0/0), delay<*> xdelay=00:00:00, mailer=relay, pri<*> relay=[<*>] [<*>], dsn=4.0.0, stat=Deferred: Connection refused by [<*>]",0.2914,45.85,146
215,"synchronized to <*>, stratum 3",exact,synchronized to LOCAL<*> stratum <*>,1.0,kernel time sync <*>,0.2751,Registered protocol family <*>,0.261,44.4,146
216,"synchronized to <*>, stratum 3",exact,synchronized to LOCAL<*> stratum <*>,1.0,kernel time sync <*>,0.2751,Registered protocol family <*>,0.261,44.08,146
217,data_thread() got not answer from any [Thunderbird_D8] datasource,partial,data_thread() got not answer from any <*> datasource,0.9878,"jA<*> to=root, ctladdr=root (0/0), delay<*> xdelay=00:00:00, mailer=relay, pri<*> relay=[<*>] [<*>], dsn=4.0.0, stat=Deferred: Connection refused by [<*>]",0.3073,asking for cache data failed,0.3057,44.58,146
218,"synchronized to <*>, stratum 3",exact,synchronized to LOCAL<*> stratum <*>,1.0,kernel time sync <*>,0.2751,Registered protocol family <*>,0.261,44.25,146
219,data_thread() got not answer from any [Thunderbird_B2] datasource,partial,data_thread() got not answer from any <*> datasource,0.9898,"jA<*> to=root, ctladdr=root (0/0), delay<*> xdelay=00:00:00, mailer=relay, pri<*> relay=[<*>] [<*>], dsn=4.0.0, stat=Deferred: Connection refused by [<*>]",0.3066,asking for cache data failed,0.3018,45.06,146
220,data_thread() got not answer from any [Thunderbird_B4] datasource,exact,data_thread() got not answer from any <*> datasource,0.992,asking for cache data failed,0.309,"jA<*> to=root, ctladdr=root (0/0), delay<*> xdelay=00:00:00, mailer=relay, pri<*> relay=[<*>] [<*>], dsn=4.0.0, stat=Deferred: Connection refused by [<*>]",0.3079,44.4,146
221,data_thread() got not answer from any [Thunderbird_A4] datasource,exact,data_thread() got not answer from any <*> datasource,0.9914,"jA<*> to=root, ctladdr=root (0/0), delay<*> xdelay=00:00:00, mailer=relay, pri<*> relay=[<*>] [<*>], dsn=4.0.0, stat=Deferred: Connection refused by [<*>]",0.304,asking for cache data failed,0.2979,44.58,146
222,data_thread() got not answer from any [Thunderbird_A7] datasource,partial,data_thread() got not answer from any <*> datasource,0.9883,asking for cache data failed,0.2967,"jA<*> to=root, ctladdr=root (0/0), delay<*> xdelay=00:00:00, mailer=relay, pri<*> relay=[<*>] [<*>], dsn=4.0.0, stat=Deferred: Connection refused by [<*>]",0.2927,44.51,146
223,data_thread() got not answer from any [Thunderbird_B7] datasource,partial,data_thread() got not answer from any <*> datasource,0.9894,asking for cache data failed,0.3055,"jA<*> to=root, ctladdr=root (0/0), delay<*> xdelay=00:00:00, mailer=relay, pri<*> relay=[<*>] [<*>], dsn=4.0.0, stat=Deferred: Connection refused by [<*>]",0.2975,44.57,146
224,data_thread() got not answer from any [Thunderbird_A5] datasource,partial,data_thread() got not answer from any <*> datasource,0.99,asking for cache data failed,0.299,"jA<*> to=root, ctladdr=root (0/0), delay<*> xdelay=00:00:00, mailer=relay, pri<*> relay=[<*>] [<*>], dsn=4.0.0, stat=Deferred: Connection refused by [<*>]",0.2873,44.65,146
225,data_thread() got not answer from any [Thunderbird_C6] datasource,exact,data_thread() got not answer from any <*> datasource,0.9902,asking for cache data failed,0.297,"jA<*> to=root, ctladdr=root (0/0), delay<*> xdelay=00:00:00, mailer=relay, pri<*> relay=[<*>] [<*>], dsn=4.0.0, stat=Deferred: Connection refused by [<*>]",0.2922,44.84,146
226,data_thread() got not answer from any [Thunderbird_B8] datasource,partial,data_thread() got not answer from any <*> datasource,0.9889,"jA<*> to=root, ctladdr=root (0/0), delay<*> xdelay=00:00:00, mailer=relay, pri<*> relay=[<*>] [<*>], dsn=4.0.0, stat=Deferred: Connection refused by [<*>]",0.3125,asking for cache data failed,0.3075,44.89,146
227,data_thread() got not answer from any [Thunderbird_C2] datasource,partial,data_thread() got not answer from any <*> datasource,0.98,asking for cache data failed,0.2943,<*> Connection<*> closed.<*>,0.2905,44.33,146
228,"synchronized to <*>, stratum 3",exact,synchronized to LOCAL<*> stratum <*>,1.0,kernel time sync <*>,0.2751,Registered protocol family <*>,0.261,44.28,146
229,"synchronized to <*>, stratum 3",exact,synchronized to LOCAL<*> stratum <*>,1.0,kernel time sync <*>,0.2751,Registered protocol family <*>,0.261,44.27,146
230,data_thread() got not answer from any [Thunderbird_D4] datasource,partial,data_thread() got not answer from any <*> datasource,0.9835,"jA<*> to=root, ctladdr=root (0/0), delay<*> xdelay=00:00:00, mailer=relay, pri<*> relay=[<*>] [<*>], dsn=4.0.0, stat=Deferred: Connection refused by [<*>]",0.3074,asking for cache data failed,0.3035,44.55,146
231,[ib_sm_sweep.c:1831]: ********************** NEW SWEEP ********************,exact,[ib_sm_sweep.c:1831]: ********************** NEW SWEEP ********************,1.0,[ib_sm_sweep.c:1482]: No configuration change required,0.6595,[ib_sm_sweep.c:1455]: No topology change,0.5394,46.63,146
232,"synchronized to <*>, stratum 3",exact,synchronized to LOCAL<*> stratum <*>,1.0,kernel time sync <*>,0.2751,Registered protocol family <*>,0.261,44.7,146
233,"synchronized to <*>, stratum 3",exact,synchronized to LOCAL<*> stratum <*>,1.0,kernel time sync <*>,0.2751,Registered protocol family <*>,0.261,44.11,146
234,"synchronized to <*>, stratum 3",exact,synchronized to LOCAL<*> stratum <*>,1.0,kernel time sync <*>,0.2751,Registered protocol family <*>,0.261,44.0,146
235,data_thread() got not answer from any [Thunderbird_B3] datasource,partial,data_thread() got not answer from any <*> datasource,0.9893,asking for cache data failed,0.3078,"jA<*> to=root, ctladdr=root (0/0), delay<*> xdelay=00:00:00, mailer=relay, pri<*> relay=[<*>] [<*>], dsn=4.0.0, stat=Deferred: Connection refused by [<*>]",0.3009,44.72,146
236,data_thread() got not answer from any [Thunderbird_D7] datasource,exact,data_thread() got not answer from any <*> datasource,0.9908,asking for cache data failed,0.3009,"jA<*> to=root, ctladdr=root (0/0), delay<*> xdelay=00:00:00, mailer=relay, pri<*> relay=[<*>] [<*>], dsn=4.0.0, stat=Deferred: Connection refused by [<*>]",0.295,44.89,146
237,data_thread() got not answer from any [Thunderbird_A2] datasource,partial,data_thread() got not answer from any <*> datasource,0.9807,"jA<*> to=root, ctladdr=root (0/0), delay<*> xdelay=00:00:00, mailer=relay, pri<*> relay=[<*>] [<*>], dsn=4.0.0, stat=Deferred: Connection refused by [<*>]",0.2951,asking for cache data failed,0.2878,44.63,146
238,data_thread() got not answer from any [Thunderbird_C5] datasource,partial,data_thread() got not answer from any <*> datasource,0.9892,asking for cache data failed,0.3035,"jA<*> to=root, ctladdr=root (0/0), delay<*> xdelay=00:00:00, mailer=relay, pri<*> relay=[<*>] [<*>], dsn=4.0.0, stat=Deferred: Connection refused by [<*>]",0.285,45.91,146
239,data_thread() got not answer from any [Thunderbird_D5] datasource,partial,data_thread() got not answer from any <*> datasource,0.9875,asking for cache data failed,0.3065,"jA<*> to=root, ctladdr=root (0/0), delay<*> xdelay=00:00:00, mailer=relay, pri<*> relay=[<*>] [<*>], dsn=4.0.0, stat=Deferred: Connection refused by [<*>]",0.2863,44.47,146
240,[ib_sm_sweep.c:1455]: No topology change,exact,[ib_sm_sweep.c:1455]: No topology change,1.0,[ib_sm_sweep.c:1482]: No configuration change required,0.7019,[ib_sm_sweep.c:1831]: ********************** NEW SWEEP ********************,0.5394,44.32,146
241,[ib_sm_sweep.c:1482]: No configuration change required,exact,[ib_sm_sweep.c:1482]: No configuration change required,1.0,[ib_sm_sweep.c:1455]: No topology change,0.7019,[ib_sm_sweep.c:1831]: ********************** NEW SWEEP ********************,0.6595,44.33,146
242,"synchronized to <*>, stratum 3",exact,synchronized to LOCAL<*> stratum <*>,1.0,kernel time sync <*>,0.2751,Registered protocol family <*>,0.261,43.95,146
243,data_thread() got not answer from any [Thunderbird_A8] datasource,partial,data_thread() got not answer from any <*> datasource,0.9879,"jA<*> to=root, ctladdr=root (0/0), delay<*> xdelay=00:00:00, mailer=relay, pri<*> relay=[<*>] [<*>], dsn=4.0.0, stat=Deferred: Connection refused by [<*>]",0.3088,asking for cache data failed,0.2966,44.47,146
244,data_thread() got not answer from any [Thunderbird_A1] datasource,partial,data_thread() got not answer from any <*> datasource,0.9733,"jA<*> to=root, ctladdr=root (0/0), delay<*> xdelay=00:00:00, mailer=relay, pri<*> relay=[<*>] [<*>], dsn=4.0.0, stat=Deferred: Connection refused by [<*>]",0.2883,asking for cache data failed,0.2757,44.75,146
245,data_thread() got not answer from any [Thunderbird_B1] datasource,partial,data_thread() got not answer from any <*> datasource,0.9853,"jA<*> to=root, ctladdr=root (0/0), delay<*> xdelay=00:00:00, mailer=relay, pri<*> relay=[<*>] [<*>], dsn=4.0.0, stat=Deferred: Connection refused by [<*>]",0.3042,asking for cache data failed,0.2968,44.31,146
246,"synchronized to <*>, stratum 3",exact,synchronized to LOCAL<*> stratum <*>,1.0,kernel time sync <*>,0.2751,Registered protocol family <*>,0.261,44.31,146
247,"synchronized to <*>, stratum 3",exact,synchronized to LOCAL<*> stratum <*>,1.0,kernel time sync <*>,0.2751,Registered protocol family <*>,0.261,44.42,146
248,"synchronized to <*>, stratum 3",exact,synchronized to LOCAL<*> stratum <*>,1.0,kernel time sync <*>,0.2751,Registered protocol family <*>,0.261,44.23,146
249,data_thread() got not answer from any [Thunderbird_A3] datasource,partial,data_thread() got not answer from any <*> datasource,0.9864,asking for cache data failed,0.2981,"jA<*> to=root, ctladdr=root (0/0), delay<*> xdelay=00:00:00, mailer=relay, pri<*> relay=[<*>] [<*>], dsn=4.0.0, stat=Deferred: Connection refused by [<*>]",0.2917,44.39,146
250,data_thread() got not answer from any [Thunderbird_B6] datasource,exact,data_thread() got not answer from any <*> datasource,0.9922,asking for cache data failed,0.3049,"jA<*> to=root, ctladdr=root (0/0), delay<*> xdelay=00:00:00, mailer=relay, pri<*> relay=[<*>] [<*>], dsn=4.0.0, stat=Deferred: Connection refused by [<*>]",0.2996,44.64,146
251,"synchronized to <*>, stratum 3",exact,synchronized to LOCAL<*> stratum <*>,1.0,kernel time sync <*>,0.2751,Registered protocol family <*>,0.261,44.35,146
252,"synchronized to <*>, stratum 3",exact,synchronized to LOCAL<*> stratum <*>,1.0,kernel time sync <*>,0.2751,Registered protocol family <*>,0.261,44.07,146
253,data_thread() got not answer from any [Thunderbird_C8] datasource,partial,data_thread() got not answer from any <*> datasource,0.9878,"jA<*> to=root, ctladdr=root (0/0), delay<*> xdelay=00:00:00, mailer=relay, pri<*> relay=[<*>] [<*>], dsn=4.0.0, stat=Deferred: Connection refused by [<*>]",0.3055,asking for cache data failed,0.3005,44.47,146
254,[ib_sm_sweep.c:1831]: ********************** NEW SWEEP ********************,exact,[ib_sm_sweep.c:1831]: ********************** NEW SWEEP ********************,1.0,[ib_sm_sweep.c:1482]: No configuration change required,0.6595,[ib_sm_sweep.c:1455]: No topology change,0.5394,46.7,146
255,data_thread() got not answer from any [Thunderbird_A6] datasource,exact,data_thread() got not answer from any <*> datasource,0.9921,"jA<*> to=root, ctladdr=root (0/0), delay<*> xdelay=00:00:00, mailer=relay, pri<*> relay=[<*>] [<*>], dsn=4.0.0, stat=Deferred: Connection refused by [<*>]",0.2939,asking for cache data failed,0.2937,45.72,146
256,"synchronized to <*>, stratum 3",exact,synchronized to LOCAL<*> stratum <*>,1.0,kernel time sync <*>,0.2751,Registered protocol family <*>,0.261,44.34,146
257,"synchronized to <*>, stratum 3",exact,synchronized to LOCAL<*> stratum <*>,1.0,kernel time sync <*>,0.2751,Registered protocol family <*>,0.261,44.82,146
258,data_thread() got not answer from any [Thunderbird_C1] datasource,partial,data_thread() got not answer from any <*> datasource,0.9887,"jA<*> to=root, ctladdr=root (0/0), delay<*> xdelay=00:00:00, mailer=relay, pri<*> relay=[<*>] [<*>], dsn=4.0.0, stat=Deferred: Connection refused by [<*>]",0.2979,asking for cache data failed,0.2902,44.48,146
259,[ib_sm_sweep.c:1455]: No topology change,exact,[ib_sm_sweep.c:1455]: No topology change,1.0,[ib_sm_sweep.c:1482]: No configuration change required,0.7019,[ib_sm_sweep.c:1831]: ********************** NEW SWEEP ********************,0.5394,44.52,146
260,[ib_sm_sweep.c:1482]: No configuration change required,exact,[ib_sm_sweep.c:1482]: No configuration change required,1.0,[ib_sm_sweep.c:1455]: No topology change,0.7019,[ib_sm_sweep.c:1831]: ********************** NEW SWEEP ********************,0.6595,44.14,146
261,data_thread() got not answer from any [Thunderbird_C4] datasource,exact,data_thread() got not answer from any <*> datasource,0.9911,"jA<*> to=root, ctladdr=root (0/0), delay<*> xdelay=00:00:00, mailer=relay, pri<*> relay=[<*>] [<*>], dsn=4.0.0, stat=Deferred: Connection refused by [<*>]",0.3042,asking for cache data failed,0.3033,44.8,146
262,"synchronized to <*>, stratum 3",exact,synchronized to LOCAL<*> stratum <*>,1.0,kernel time sync <*>,0.2751,Registered protocol family <*>,0.261,44.15,146
263,"synchronized to <*>, stratum 3",exact,synchronized to LOCAL<*> stratum <*>,1.0,kernel time sync <*>,0.2751,Registered protocol family <*>,0.261,44.03,146
264,data_thread() got not answer from any [Thunderbird_A4] datasource,exact,data_thread() got not answer from any <*> datasource,0.9914,"jA<*> to=root, ctladdr=root (0/0), delay<*> xdelay=00:00:00, mailer=relay, pri<*> relay=[<*>] [<*>], dsn=4.0.0, stat=Deferred: Connection refused by [<*>]",0.304,asking for cache data failed,0.2979,44.55,146
265,data_thread() got not answer from any [Thunderbird_D8] datasource,partial,data_thread() got not answer from any <*> datasource,0.9877,"jA<*> to=root, ctladdr=root (0/0), delay<*> xdelay=00:00:00, mailer=relay, pri<*> relay=[<*>] [<*>], dsn=4.0.0, stat=Deferred: Connection refused by [<*>]",0.3073,asking for cache data failed,0.3057,44.74,146
266,data_thread() got not answer from any [Thunderbird_B4] datasource,exact,data_thread() got not answer from any <*> datasource,0.992,asking for cache data failed,0.309,"jA<*> to=root, ctladdr=root (0/0), delay<*> xdelay=00:00:00, mailer=relay, pri<*> relay=[<*>] [<*>], dsn=4.0.0, stat=Deferred: Connection refused by [<*>]",0.3079,44.27,146
267,"synchronized to <*>, stratum 3",exact,synchronized to LOCAL<*> stratum <*>,1.0,kernel time sync <*>,0.2751,Registered protocol family <*>,0.261,44.05,146
268,data_thread() got not answer from any [Thunderbird_C2] datasource,partial,data_thread() got not answer from any <*> datasource,0.98,asking for cache data failed,0.2943,<*> Connection<*> closed.<*>,0.2905,44.5,146
269,"synchronized to <*>, stratum 3",exact,synchronized to LOCAL<*> stratum <*>,1.0,kernel time sync <*>,0.2751,Registered protocol family <*>,0.261,43.99,146
270,data_thread() got not answer from any [Thunderbird_B5] datasource,partial,data_thread() got not answer from any <*> datasource,0.989,asking for cache data failed,0.3083,"jA<*> to=root, ctladdr=root (0/0), delay<*> xdelay=00:00:00, mailer=relay, pri<*> relay=[<*>] [<*>], dsn=4.0.0, stat=Deferred: Connection refused by [<*>]",0.2926,44.68,146
271,data_thread() got not answer from any [Thunderbird_D6] datasource,partial,data_thread() got not answer from any <*> datasource,0.988,asking for cache data failed,0.298,"jA<*> to=root, ctladdr=root (0/0), delay<*> xdelay=00:00:00, mailer=relay, pri<*> relay=[<*>] [<*>], dsn=4.0.0, stat=Deferred: Connection refused by [<*>]",0.2914,44.68,146
272,data_thread() got not answer from any [Thunderbird_A7] datasource,partial,data_thread() got not answer from any <*> datasource,0.9883,asking for cache data failed,0.2967,"jA<*> to=root, ctladdr=root (0/0), delay<*> xdelay=00:00:00, mailer=relay, pri<*> relay=[<*>] [<*>], dsn=4.0.0, stat=Deferred: Connection refused by [<*>]",0.2927,44.29,146
273,data_thread() got not answer from any [Thunderbird_B8] datasource,partial,data_thread() got not answer from any <*> datasource,0.9889,"jA<*> to=root, ctladdr=root (0/0), delay<*> xdelay=00:00:00, mailer=relay, pri<*> relay=[<*>] [<*>], dsn=4.0.0, stat=Deferred: Connection refused by [<*>]",0.3125,asking for cache data failed,0.3075,44.43,146
274,data_thread() got not answer from any [Thunderbird_C6] datasource,exact,data_thread() got not answer from any <*> datasource,0.9902,asking for cache data failed,0.297,"jA<*> to=root, ctladdr=root (0/0), delay<*> xdelay=00:00:00, mailer=relay, pri<*> relay=[<*>] [<*>], dsn=4.0.0, stat=Deferred: Connection refused by [<*>]",0.2922,44.39,146
275,data_thread() got not answer from any [Thunderbird_D4] datasource,partial,data_thread() got not answer from any <*> datasource,0.9836,"jA<*> to=root, ctladdr=root (0/0), delay<*> xdelay=00:00:00, mailer=relay, pri<*> relay=[<*>] [<*>], dsn=4.0.0, stat=Deferred: Connection refused by [<*>]",0.3074,asking for cache data failed,0.3035,44.01,146
276,[ib_sm_sweep.c:1831]: ********************** NEW SWEEP ********************,exact,[ib_sm_sweep.c:1831]: ********************** NEW SWEEP ********************,1.0,[ib_sm_sweep.c:1482]: No configuration change required,0.6595,[ib_sm_sweep.c:1455]: No topology change,0.5394,47.26,146
277,data_thread() got not answer from any [Thunderbird_B2] datasource,partial,data_thread() got not answer from any <*> datasource,0.9898,"jA<*> to=root, ctladdr=root (0/0), delay<*> xdelay=00:00:00, mailer=relay, pri<*> relay=[<*>] [<*>], dsn=4.0.0, stat=Deferred: Connection refused by [<*>]",0.3066,asking for cache data failed,0.3018,45.72,146
278,"synchronized to <*>, stratum 3",exact,synchronized to LOCAL<*> stratum <*>,1.0,kernel time sync <*>,0.2751,Registered protocol family <*>,0.261,44.64,146
279,data_thread() got not answer from any [Thunderbird_B7] datasource,partial,data_thread() got not answer from any <*> datasource,0.9894,asking for cache data failed,0.3055,"jA<*> to=root, ctladdr=root (0/0), delay<*> xdelay=00:00:00, mailer=relay, pri<*> relay=[<*>] [<*>], dsn=4.0.0, stat=Deferred: Connection refused by [<*>]",0.2975,44.4,146
280,data_thread() got not answer from any [Thunderbird_D5] datasource,partial,data_thread() got not answer from any <*> datasource,0.9875,asking for cache data failed,0.3065,"jA<*> to=root, ctladdr=root (0/0), delay<*> xdelay=00:00:00, mailer=relay, pri<*> relay=[<*>] [<*>], dsn=4.0.0, stat=Deferred: Connection refused by [<*>]",0.2863,44.44,146
281,data_thread() got not answer from any [Thunderbird_A5] datasource,partial,data_thread() got not answer from any <*> datasource,0.99,asking for cache data failed,0.299,"jA<*> to=root, ctladdr=root (0/0), delay<*> xdelay=00:00:00, mailer=relay, pri<*> relay=[<*>] [<*>], dsn=4.0.0, stat=Deferred: Connection refused by [<*>]",0.2873,44.63,146
282,"synchronized to <*>, stratum 3",exact,synchronized to LOCAL<*> stratum <*>,1.0,kernel time sync <*>,0.2751,Registered protocol family <*>,0.261,46.09,146
283,data_thread() got not answer from any [Thunderbird_A2] datasource,partial,data_thread() got not answer from any <*> datasource,0.9808,"jA<*> to=root, ctladdr=root (0/0), delay<*> xdelay=00:00:00, mailer=relay, pri<*> relay=[<*>] [<*>], dsn=4.0.0, stat=Deferred: Connection refused by [<*>]",0.2951,asking for cache data failed,0.2878,46.0,146
284,[ib_sm_sweep.c:1455]: No topology change,exact,[ib_sm_sweep.c:1455]: No topology change,1.0,[ib_sm_sweep.c:1482]: No configuration change required,0.7019,[ib_sm_sweep.c:1831]: ********************** NEW SWEEP ********************,0.5394,46.05,146
285,[ib_sm_sweep.c:1482]: No configuration change required,exact,[ib_sm_sweep.c:1482]: No configuration change required,1.0,[ib_sm_sweep.c:1455]: No topology change,0.7019,[ib_sm_sweep.c:1831]: ********************** NEW SWEEP ********************,0.6595,46.06,146
286,"synchronized to <*>, stratum 3",exact,synchronized to LOCAL<*> stratum <*>,1.0,kernel time sync <*>,0.2751,Registered protocol family <*>,0.261,45.91,146
287,data_thread() got not answer from any [Thunderbird_B3] datasource,partial,data_thread() got not answer from any <*> datasource,0.9893,asking for cache data failed,0.3078,"jA<*> to=root, ctladdr=root (0/0), delay<*> xdelay=00:00:00, mailer=relay, pri<*> relay=[<*>] [<*>], dsn=4.0.0, stat=Deferred: Connection refused by [<*>]",0.3009,45.43,146
288,data_thread() got not answer from any [Thunderbird_C5] datasource,partial,data_thread() got not answer from any <*> datasource,0.9892,asking for cache data failed,0.3035,"jA<*> to=root, ctladdr=root (0/0), delay<*> xdelay=00:00:00, mailer=relay, pri<*> relay=[<*>] [<*>], dsn=4.0.0, stat=Deferred: Connection refused by [<*>]",0.285,46.02,146
289,data_thread() got not answer from any [Thunderbird_A3] datasource,partial,data_thread() got not answer from any <*> datasource,0.9864,asking for cache data failed,0.2981,"jA<*> to=root, ctladdr=root (0/0), delay<*> xdelay=00:00:00, mailer=relay, pri<*> relay=[<*>] [<*>], dsn=4.0.0, stat=Deferred: Connection refused by [<*>]",0.2917,44.56,146
290,data_thread() got not answer from any [Thunderbird_D7] datasource,exact,data_thread() got not answer from any <*> datasource,0.9908,asking for cache data failed,0.3009,"jA<*> to=root, ctladdr=root (0/0), delay<*> xdelay=00:00:00, mailer=relay, pri<*> relay=[<*>] [<*>], dsn=4.0.0, stat=Deferred: Connection refused by [<*>]",0.295,44.59,146
291,"synchronized to <*>, stratum 3",exact,synchronized to LOCAL<*> stratum <*>,1.0,kernel time sync <*>,0.2751,Registered protocol family <*>,0.261,44.45,146
292,data_thread() got not answer from any [Thunderbird_A1] datasource,partial,data_thread() got not answer from any <*> datasource,0.9733,"jA<*> to=root, ctladdr=root (0/0), delay<*> xdelay=00:00:00, mailer=relay, pri<*> relay=[<*>] [<*>], dsn=4.0.0, stat=Deferred: Connection refused by [<*>]",0.2883,asking for cache data failed,0.2757,44.43,146
293,"synchronized to <*>, stratum 3",exact,synchronized to LOCAL<*> stratum <*>,1.0,kernel time sync <*>,0.2751,Registered protocol family <*>,0.261,44.74,146
294,data_thread() got not answer from any [Thunderbird_A8] datasource,partial,data_thread() got not answer from any <*> datasource,0.9879,"jA<*> to=root, ctladdr=root (0/0), delay<*> xdelay=00:00:00, mailer=relay, pri<*> relay=[<*>] [<*>], dsn=4.0.0, stat=Deferred: Connection refused by [<*>]",0.3088,asking for cache data failed,0.2966,44.74,146
295,data_thread() got not answer from any [Thunderbird_B1] datasource,partial,data_thread() got not answer from any <*> datasource,0.9853,"jA<*> to=root, ctladdr=root (0/0), delay<*> xdelay=00:00:00, mailer=relay, pri<*> relay=[<*>] [<*>], dsn=4.0.0, stat=Deferred: Connection refused by [<*>]",0.3042,asking for cache data failed,0.2968,45.05,146
296,"synchronized to <*>, stratum 3",exact,synchronized to LOCAL<*> stratum <*>,1.0,kernel time sync <*>,0.2751,Registered protocol family <*>,0.261,44.0,146
297,[ib_sm_sweep.c:1831]: ********************** NEW SWEEP ********************,exact,[ib_sm_sweep.c:1831]: ********************** NEW SWEEP ********************,1.0,[ib_sm_sweep.c:1482]: No configuration change required,0.6595,[ib_sm_sweep.c:1455]: No topology change,0.5394,46.74,146
298,"synchronized to <*>, stratum 3",exact,synchronized to LOCAL<*> stratum <*>,1.0,kernel time sync <*>,0.2751,Registered protocol family <*>,0.261,44.45,146
299,"synchronized to <*>, stratum 3",exact,synchronized to LOCAL<*> stratum <*>,1.0,kernel time sync <*>,0.2751,Registered protocol family <*>,0.261,44.18,146
300,"synchronized to <*>, stratum 3",exact,synchronized to LOCAL<*> stratum <*>,1.0,kernel time sync <*>,0.2751,Registered protocol family <*>,0.261,44.37,146
301,data_thread() got not answer from any [Thunderbird_B6] datasource,exact,data_thread() got not answer from any <*> datasource,0.9922,asking for cache data failed,0.3049,"jA<*> to=root, ctladdr=root (0/0), delay<*> xdelay=00:00:00, mailer=relay, pri<*> relay=[<*>] [<*>], dsn=4.0.0, stat=Deferred: Connection refused by [<*>]",0.2996,44.87,146
302,"synchronized to <*>, stratum 3",exact,synchronized to LOCAL<*> stratum <*>,1.0,kernel time sync <*>,0.2751,Registered protocol family <*>,0.261,45.96,146
303,data_thread() got not answer from any [Thunderbird_C8] datasource,partial,data_thread() got not answer from any <*> datasource,0.9878,"jA<*> to=root, ctladdr=root (0/0), delay<*> xdelay=00:00:00, mailer=relay, pri<*> relay=[<*>] [<*>], dsn=4.0.0, stat=Deferred: Connection refused by [<*>]",0.3055,asking for cache data failed,0.3005,44.31,146
304,"synchronized to <*>, stratum 3",exact,synchronized to LOCAL<*> stratum <*>,1.0,kernel time sync <*>,0.2751,Registered protocol family <*>,0.261,44.42,146
305,[ib_sm_sweep.c:1455]: No topology change,exact,[ib_sm_sweep.c:1455]: No topology change,1.0,[ib_sm_sweep.c:1482]: No configuration change required,0.7019,[ib_sm_sweep.c:1831]: ********************** NEW SWEEP ********************,0.5394,44.97,146
306,[ib_sm_sweep.c:1482]: No configuration change required,exact,[ib_sm_sweep.c:1482]: No configuration change required,1.0,[ib_sm_sweep.c:1455]: No topology change,0.7019,[ib_sm_sweep.c:1831]: ********************** NEW SWEEP ********************,0.6595,44.33,146
307,"synchronized to <*>, stratum 3",exact,synchronized to LOCAL<*> stratum <*>,1.0,kernel time sync <*>,0.2751,Registered protocol family <*>,0.261,44.06,146
308,data_thread() got not answer from any [Thunderbird_A6] datasource,exact,data_thread() got not answer from any <*> datasource,0.9921,"jA<*> to=root, ctladdr=root (0/0), delay<*> xdelay=00:00:00, mailer=relay, pri<*> relay=[<*>] [<*>], dsn=4.0.0, stat=Deferred: Connection refused by [<*>]",0.2939,asking for cache data failed,0.2937,44.88,146
309,"synchronized to <*>, stratum 3",exact,synchronized to LOCAL<*> stratum <*>,1.0,kernel time sync <*>,0.2751,Registered protocol family <*>,0.261,44.17,146
310,"synchronized to <*>, stratum 3",exact,synchronized to LOCAL<*> stratum <*>,1.0,kernel time sync <*>,0.2751,Registered protocol family <*>,0.261,43.97,146
311,"synchronized to <*>, stratum 3",exact,synchronized to LOCAL<*> stratum <*>,1.0,kernel time sync <*>,0.2751,Registered protocol family <*>,0.261,43.91,146
312,data_thread() got not answer from any [Thunderbird_B4] datasource,exact,data_thread() got not answer from any <*> datasource,0.992,asking for cache data failed,0.309,"jA<*> to=root, ctladdr=root (0/0), delay<*> xdelay=00:00:00, mailer=relay, pri<*> relay=[<*>] [<*>], dsn=4.0.0, stat=Deferred: Connection refused by [<*>]",0.3079,44.48,146
313,data_thread() got not answer from any [Thunderbird_C1] datasource,partial,data_thread() got not answer from any <*> datasource,0.9887,"jA<*> to=root, ctladdr=root (0/0), delay<*> xdelay=00:00:00, mailer=relay, pri<*> relay=[<*>] [<*>], dsn=4.0.0, stat=Deferred: Connection refused by [<*>]",0.2979,asking for cache data failed,0.2902,44.81,146
314,data_thread() got not answer from any [Thunderbird_B8] datasource,partial,data_thread() got not answer from any <*> datasource,0.9889,"jA<*> to=root, ctladdr=root (0/0), delay<*> xdelay=00:00:00, mailer=relay, pri<*> relay=[<*>] [<*>], dsn=4.0.0, stat=Deferred: Connection refused by [<*>]",0.3125,asking for cache data failed,0.3075,45.16,146
315,data_thread() got not answer from any [Thunderbird_C2] datasource,partial,data_thread() got not answer from any <*> datasource,0.98,asking for cache data failed,0.2943,<*> Connection<*> closed.<*>,0.2905,44.87,146
316,data_thread() got not answer from any [Thunderbird_C4] datasource,exact,data_thread() got not answer from any <*> datasource,0.9911,"jA<*> to=root, ctladdr=root (0/0), delay<*> xdelay=00:00:00, mailer=relay, pri<*> relay=[<*>] [<*>], dsn=4.0.0, stat=Deferred: Connection refused by [<*>]",0.3042,asking for cache data failed,0.3033,44.66,146
317,"synchronized to <*>, stratum 3",exact,synchronized to LOCAL<*> stratum <*>,1.0,kernel time sync <*>,0.2751,Registered protocol family <*>,0.261,44.19,146
318,data_thread() got not answer from any [Thunderbird_A4] datasource,exact,data_thread() got not answer from any <*> datasource,0.9914,"jA<*> to=root, ctladdr=root (0/0), delay<*> xdelay=00:00:00, mailer=relay, pri<*> relay=[<*>] [<*>], dsn=4.0.0, stat=Deferred: Connection refused by [<*>]",0.304,asking for cache data failed,0.2979,45.65,146
319,"synchronized to <*>, stratum 3",exact,synchronized to LOCAL<*> stratum <*>,1.0,kernel time sync <*>,0.2751,Registered protocol family <*>,0.261,44.37,146
320,data_thread() got not answer from any [Thunderbird_D8] datasource,partial,data_thread() got not answer from any <*> datasource,0.9877,"jA<*> to=root, ctladdr=root (0/0), delay<*> xdelay=00:00:00, mailer=relay, pri<*> relay=[<*>] [<*>], dsn=4.0.0, stat=Deferred: Connection refused by [<*>]",0.3073,asking for cache data failed,0.3057,44.47,146
321,"synchronized to <*>, stratum 3",exact,synchronized to LOCAL<*> stratum <*>,1.0,kernel time sync <*>,0.2751,Registered protocol family <*>,0.261,44.1,146
322,data_thread() got not answer from any [Thunderbird_B7] datasource,partial,data_thread() got not answer from any <*> datasource,0.9894,asking for cache data failed,0.3055,"jA<*> to=root, ctladdr=root (0/0), delay<*> xdelay=00:00:00, mailer=relay, pri<*> relay=[<*>] [<*>], dsn=4.0.0, stat=Deferred: Connection refused by [<*>]",0.2975,44.31,146
323,data_thread() got not answer from any [Thunderbird_D4] datasource,partial,data_thread() got not answer from any <*> datasource,0.9836,"jA<*> to=root, ctladdr=root (0/0), delay<*> xdelay=00:00:00, mailer=relay, pri<*> relay=[<*>] [<*>], dsn=4.0.0, stat=Deferred: Connection refused by [<*>]",0.3074,asking for cache data failed,0.3035,44.28,146
324,[ib_sm_sweep.c:1831]: ********************** NEW SWEEP ********************,exact,[ib_sm_sweep.c:1831]: ********************** NEW SWEEP ********************,1.0,[ib_sm_sweep.c:1482]: No configuration change required,0.6595,[ib_sm_sweep.c:1455]: No topology change,0.5394,46.61,146
325,data_thread() got not answer from any [Thunderbird_B5] datasource,partial,data_thread() got not answer from any <*> datasource,0.989,asking for cache data failed,0.3083,"jA<*> to=root, ctladdr=root (0/0), delay<*> xdelay=00:00:00, mailer=relay, pri<*> relay=[<*>] [<*>], dsn=4.0.0, stat=Deferred: Connection refused by [<*>]",0.2926,44.79,146
326,data_thread() got not answer from any [Thunderbird_A7] datasource,partial,data_thread() got not answer from any <*> datasource,0.9883,asking for cache data failed,0.2967,"jA<*> to=root, ctladdr=root (0/0), delay<*> xdelay=00:00:00, mailer=relay, pri<*> relay=[<*>] [<*>], dsn=4.0.0, stat=Deferred: Connection refused by [<*>]",0.2927,44.49,146
327,data_thread() got not answer from any [Thunderbird_C5] datasource,partial,data_thread() got not answer from any <*> datasource,0.9892,asking for cache data failed,0.3035,"jA<*> to=root, ctladdr=root (0/0), delay<*> xdelay=00:00:00, mailer=relay, pri<*> relay=[<*>] [<*>], dsn=4.0.0, stat=Deferred: Connection refused by [<*>]",0.285,74.64,146
328,data_thread() got not answer from any [Thunderbird_D6] datasource,partial,data_thread() got not answer from any <*> datasource,0.988,asking for cache data failed,0.298,"jA<*> to=root, ctladdr=root (0/0), delay<*> xdelay=00:00:00, mailer=relay, pri<*> relay=[<*>] [<*>], dsn=4.0.0, stat=Deferred: Connection refused by [<*>]",0.2914,80.08,146
329,[ib_sm_sweep.c:1455]: No topology change,exact,[ib_sm_sweep.c:1455]: No topology change,1.0,[ib_sm_sweep.c:1482]: No configuration change required,0.7019,[ib_sm_sweep.c:1831]: ********************** NEW SWEEP ********************,0.5394,44.93,146
330,[ib_sm_sweep.c:1482]: No configuration change required,exact,[ib_sm_sweep.c:1482]: No configuration change required,1.0,[ib_sm_sweep.c:1455]: No topology change,0.7019,[ib_sm_sweep.c:1831]: ********************** NEW SWEEP ********************,0.6595,44.97,146
331,data_thread() got not answer from any [Thunderbird_C6] datasource,exact,data_thread() got not answer from any <*> datasource,0.9902,asking for cache data failed,0.297,"jA<*> to=root, ctladdr=root (0/0), delay<*> xdelay=00:00:00, mailer=relay, pri<*> relay=[<*>] [<*>], dsn=4.0.0, stat=Deferred: Connection refused by [<*>]",0.2922,44.7,146
332,data_thread() got not answer from any [Thunderbird_D5] datasource,partial,data_thread() got not answer from any <*> datasource,0.9875,asking for cache data failed,0.3065,"jA<*> to=root, ctladdr=root (0/0), delay<*> xdelay=00:00:00, mailer=relay, pri<*> relay=[<*>] [<*>], dsn=4.0.0, stat=Deferred: Connection refused by [<*>]",0.2863,44.59,146
333,"synchronized to <*>, stratum 3",exact,synchronized to LOCAL<*> stratum <*>,1.0,kernel time sync <*>,0.2751,Registered protocol family <*>,0.261,44.82,146
334,"synchronized to <*>, stratum 3",exact,synchronized to LOCAL<*> stratum <*>,1.0,kernel time sync <*>,0.2751,Registered protocol family <*>,0.261,44.06,146
335,data_thread() got not answer from any [Thunderbird_A3] datasource,partial,data_thread() got not answer from any <*> datasource,0.9863,asking for cache data failed,0.2981,"jA<*> to=root, ctladdr=root (0/0), delay<*> xdelay=00:00:00, mailer=relay, pri<*> relay=[<*>] [<*>], dsn=4.0.0, stat=Deferred: Connection refused by [<*>]",0.2917,44.9,146
336,data_thread() got not answer from any [Thunderbird_A5] datasource,exact,data_thread() got not answer from any <*> datasource,0.99,asking for cache data failed,0.299,"jA<*> to=root, ctladdr=root (0/0), delay<*> xdelay=00:00:00, mailer=relay, pri<*> relay=[<*>] [<*>], dsn=4.0.0, stat=Deferred: Connection refused by [<*>]",0.2873,45.28,146
337,data_thread() got not answer from any [Thunderbird_B2] datasource,partial,data_thread() got not answer from any <*> datasource,0.9898,"jA<*> to=root, ctladdr=root (0/0), delay<*> xdelay=00:00:00, mailer=relay, pri<*> relay=[<*>] [<*>], dsn=4.0.0, stat=Deferred: Connection refused by [<*>]",0.3066,asking for cache data failed,0.3018,44.45,146
338,"synchronized to <*>, stratum 3",exact,synchronized to LOCAL<*> stratum <*>,1.0,kernel time sync <*>,0.2751,Registered protocol family <*>,0.261,44.2,146
339,"synchronized to <*>, stratum 3",exact,synchronized to LOCAL<*> stratum <*>,1.0,kernel time sync <*>,0.2751,Registered protocol family <*>,0.261,44.14,146
340,data_thread() got not answer from any [Thunderbird_A1] datasource,partial,data_thread() got not answer from any <*> datasource,0.9733,"jA<*> to=root, ctladdr=root (0/0), delay<*> xdelay=00:00:00, mailer=relay, pri<*> relay=[<*>] [<*>], dsn=4.0.0, stat=Deferred: Connection refused by [<*>]",0.2883,asking for cache data failed,0.2757,44.48,146
341,data_thread() got not answer from any [Thunderbird_B3] datasource,partial,data_thread() got not answer from any <*> datasource,0.9893,asking for cache data failed,0.3078,"jA<*> to=root, ctladdr=root (0/0), delay<*> xdelay=00:00:00, mailer=relay, pri<*> relay=[<*>] [<*>], dsn=4.0.0, stat=Deferred: Connection refused by [<*>]",0.3009,44.5,146
342,data_thread() got not answer from any [Thunderbird_A2] datasource,partial,data_thread() got not answer from any <*> datasource,0.9808,"jA<*> to=root, ctladdr=root (0/0), delay<*> xdelay=00:00:00, mailer=relay, pri<*> relay=[<*>] [<*>], dsn=4.0.0, stat=Deferred: Connection refused by [<*>]",0.2951,asking for cache data failed,0.2878,44.47,146
343,"synchronized to <*>, stratum 3",exact,synchronized to LOCAL<*> stratum <*>,1.0,kernel time sync <*>,0.2751,Registered protocol family <*>,0.261,44.49,146
344,data_thread() got not answer from any [Thunderbird_B1] datasource,partial,data_thread() got not answer from any <*> datasource,0.9853,"jA<*> to=root, ctladdr=root (0/0), delay<*> xdelay=00:00:00, mailer=relay, pri<*> relay=[<*>] [<*>], dsn=4.0.0, stat=Deferred: Connection refused by [<*>]",0.3042,asking for cache data failed,0.2968,44.95,146
345,"synchronized to <*>, stratum 3",exact,synchronized to LOCAL<*> stratum <*>,1.0,kernel time sync <*>,0.2751,Registered protocol family <*>,0.261,44.43,146
346,data_thread() got not answer from any [Thunderbird_C8] datasource,partial,data_thread() got not answer from any <*> datasource,0.9877,"jA<*> to=root, ctladdr=root (0/0), delay<*> xdelay=00:00:00, mailer=relay, pri<*> relay=[<*>] [<*>], dsn=4.0.0, stat=Deferred: Connection refused by [<*>]",0.3055,asking for cache data failed,0.3005,44.81,146
347,[ib_sm_sweep.c:1831]: ********************** NEW SWEEP ********************,exact,[ib_sm_sweep.c:1831]: ********************** NEW SWEEP ********************,1.0,[ib_sm_sweep.c:1482]: No configuration change required,0.6595,[ib_sm_sweep.c:1455]: No topology change,0.5394,47.02,146
348,"synchronized to <*>, stratum 3",exact,synchronized to LOCAL<*> stratum <*>,1.0,kernel time sync <*>,0.2751,Registered protocol family <*>,0.261,44.41,146
349,data_thread() got not answer from any [Thunderbird_D7] datasource,exact,data_thread() got not answer from any <*> datasource,0.9908,asking for cache data failed,0.3009,"jA<*> to=root, ctladdr=root (0/0), delay<*> xdelay=00:00:00, mailer=relay, pri<*> relay=[<*>] [<*>], dsn=4.0.0, stat=Deferred: Connection refused by [<*>]",0.295,44.65,146
350,"synchronized to <*>, stratum 3",exact,synchronized to LOCAL<*> stratum <*>,1.0,kernel time sync <*>,0.2751,Registered protocol family <*>,0.261,44.19,146
351,"synchronized to <*>, stratum 3",exact,synchronized to LOCAL<*> stratum <*>,1.0,kernel time sync <*>,0.2751,Registered protocol family <*>,0.261,44.39,146
352,"synchronized to <*>, stratum 3",exact,synchronized to LOCAL<*> stratum <*>,1.0,kernel time sync <*>,0.2751,Registered protocol family <*>,0.261,45.79,146
353,data_thread() got not answer from any [Thunderbird_A8] datasource,partial,data_thread() got not answer from any <*> datasource,0.9879,"jA<*> to=root, ctladdr=root (0/0), delay<*> xdelay=00:00:00, mailer=relay, pri<*> relay=[<*>] [<*>], dsn=4.0.0, stat=Deferred: Connection refused by [<*>]",0.3088,asking for cache data failed,0.2966,44.69,146
354,"synchronized to <*>, stratum 3",exact,synchronized to LOCAL<*> stratum <*>,1.0,kernel time sync <*>,0.2751,Registered protocol family <*>,0.261,44.11,146
355,"synchronized to <*>, stratum 3",exact,synchronized to LOCAL<*> stratum <*>,1.0,kernel time sync <*>,0.2751,Registered protocol family <*>,0.261,44.05,146
356,[ib_sm_sweep.c:1455]: No topology change,exact,[ib_sm_sweep.c:1455]: No topology change,1.0,[ib_sm_sweep.c:1482]: No configuration change required,0.7019,[ib_sm_sweep.c:1831]: ********************** NEW SWEEP ********************,0.5394,44.24,146
357,[ib_sm_sweep.c:1482]: No configuration change required,exact,[ib_sm_sweep.c:1482]: No configuration change required,1.0,[ib_sm_sweep.c:1455]: No topology change,0.7019,[ib_sm_sweep.c:1831]: ********************** NEW SWEEP ********************,0.6595,44.77,146
358,"synchronized to <*>, stratum 3",exact,synchronized to LOCAL<*> stratum <*>,1.0,kernel time sync <*>,0.2751,Registered protocol family <*>,0.261,44.28,146
359,data_thread() got not answer from any [Thunderbird_B6] datasource,exact,data_thread() got not answer from any <*> datasource,0.9922,asking for cache data failed,0.3049,"jA<*> to=root, ctladdr=root (0/0), delay<*> xdelay=00:00:00, mailer=relay, pri<*> relay=[<*>] [<*>], dsn=4.0.0, stat=Deferred: Connection refused by [<*>]",0.2996,44.74,146
360,data_thread() got not answer from any [Thunderbird_A6] datasource,exact,data_thread() got not answer from any <*> datasource,0.9921,"jA<*> to=root, ctladdr=root (0/0), delay<*> xdelay=00:00:00, mailer=relay, pri<*> relay=[<*>] [<*>], dsn=4.0.0, stat=Deferred: Connection refused by [<*>]",0.2939,asking for cache data failed,0.2937,44.43,146
361,data_thread() got not answer from any [Thunderbird_C1] datasource,partial,data_thread() got not answer from any <*> datasource,0.9887,"jA<*> to=root, ctladdr=root (0/0), delay<*> xdelay=00:00:00, mailer=relay, pri<*> relay=[<*>] [<*>], dsn=4.0.0, stat=Deferred: Connection refused by [<*>]",0.2979,asking for cache data failed,0.2902,44.55,146
362,data_thread() got not answer from any [Thunderbird_C4] datasource,exact,data_thread() got not answer from any <*> datasource,0.9911,"jA<*> to=root, ctladdr=root (0/0), delay<*> xdelay=00:00:00, mailer=relay, pri<*> relay=[<*>] [<*>], dsn=4.0.0, stat=Deferred: Connection refused by [<*>]",0.3042,asking for cache data failed,0.3033,44.7,146
363,"synchronized to <*>, stratum 3",exact,synchronized to LOCAL<*> stratum <*>,1.0,kernel time sync <*>,0.2751,Registered protocol family <*>,0.261,44.26,146
364,data_thread() got not answer from any [Thunderbird_B8] datasource,partial,data_thread() got not answer from any <*> datasource,0.9889,"jA<*> to=root, ctladdr=root (0/0), delay<*> xdelay=00:00:00, mailer=relay, pri<*> relay=[<*>] [<*>], dsn=4.0.0, stat=Deferred: Connection refused by [<*>]",0.3125,asking for cache data failed,0.3075,44.68,146
365,data_thread() got not answer from any [Thunderbird_D4] datasource,partial,data_thread() got not answer from any <*> datasource,0.9835,"jA<*> to=root, ctladdr=root (0/0), delay<*> xdelay=00:00:00, mailer=relay, pri<*> relay=[<*>] [<*>], dsn=4.0.0, stat=Deferred: Connection refused by [<*>]",0.3074,asking for cache data failed,0.3035,44.48,146
366,data_thread() got not answer from any [Thunderbird_B7] datasource,partial,data_thread() got not answer from any <*> datasource,0.9894,asking for cache data failed,0.3055,"jA<*> to=root, ctladdr=root (0/0), delay<*> xdelay=00:00:00, mailer=relay, pri<*> relay=[<*>] [<*>], dsn=4.0.0, stat=Deferred: Connection refused by [<*>]",0.2975,44.46,146
367,"synchronized to <*>, stratum 3",exact,synchronized to LOCAL<*> stratum <*>,1.0,kernel time sync <*>,0.2751,Registered protocol family <*>,0.261,44.44,146
368,data_thread() got not answer from any [Thunderbird_B4] datasource,exact,data_thread() got not answer from any <*> datasource,0.9921,asking for cache data failed,0.309,"jA<*> to=root, ctladdr=root (0/0), delay<*> xdelay=00:00:00, mailer=relay, pri<*> relay=[<*>] [<*>], dsn=4.0.0, stat=Deferred: Connection refused by [<*>]",0.3079,44.79,146
369,[ib_sm_sweep.c:1831]: ********************** NEW SWEEP ********************,exact,[ib_sm_sweep.c:1831]: ********************** NEW SWEEP ********************,1.0,[ib_sm_sweep.c:1482]: No configuration change required,0.6595,[ib_sm_sweep.c:1455]: No topology change,0.5394,46.79,146
370,"synchronized to <*>, stratum 3",exact,synchronized to LOCAL<*> stratum <*>,1.0,kernel time sync <*>,0.2751,Registered protocol family <*>,0.261,44.56,146
371,data_thread() got not answer from any [Thunderbird_D6] datasource,partial,data_thread() got not answer from any <*> datasource,0.988,asking for cache data failed,0.298,"jA<*> to=root, ctladdr=root (0/0), delay<*> xdelay=00:00:00, mailer=relay, pri<*> relay=[<*>] [<*>], dsn=4.0.0, stat=Deferred: Connection refused by [<*>]",0.2914,45.37,146
372,data_thread() got not answer from any [Thunderbird_C2] datasource,partial,data_thread() got not answer from any <*> datasource,0.98,asking for cache data failed,0.2943,<*> Connection<*> closed.<*>,0.2905,44.54,146
373,data_thread() got not answer from any [Thunderbird_C5] datasource,partial,data_thread() got not answer from any <*> datasource,0.9892,asking for cache data failed,0.3035,"jA<*> to=root, ctladdr=root (0/0), delay<*> xdelay=00:00:00, mailer=relay, pri<*> relay=[<*>] [<*>], dsn=4.0.0, stat=Deferred: Connection refused by [<*>]",0.285,44.65,146
374,"synchronized to <*>, stratum 3",exact,synchronized to LOCAL<*> stratum <*>,1.0,kernel time sync <*>,0.2751,Registered protocol family <*>,0.261,44.12,146
375,"synchronized to <*>, stratum 3",exact,synchronized to LOCAL<*> stratum <*>,1.0,kernel time sync <*>,0.2751,Registered protocol family <*>,0.261,44.22,146
376,data_thread() got not answer from any [Thunderbird_D8] datasource,partial,data_thread() got not answer from any <*> datasource,0.9877,"jA<*> to=root, ctladdr=root (0/0), delay<*> xdelay=00:00:00, mailer=relay, pri<*> relay=[<*>] [<*>], dsn=4.0.0, stat=Deferred: Connection refused by [<*>]",0.3073,asking for cache data failed,0.3057,44.57,146
377,"synchronized to <*>, stratum 3",exact,synchronized to LOCAL<*> stratum <*>,1.0,kernel time sync <*>,0.2751,Registered protocol family <*>,0.261,44.21,146
378,data_thread() got not answer from any [Thunderbird_A4] datasource,exact,data_thread() got not answer from any <*> datasource,0.9914,"jA<*> to=root, ctladdr=root (0/0), delay<*> xdelay=00:00:00, mailer=relay, pri<*> relay=[<*>] [<*>], dsn=4.0.0, stat=Deferred: Connection refused by [<*>]",0.304,asking for cache data failed,0.2979,44.7,146
379,data_thread() got not answer from any [Thunderbird_C6] datasource,exact,data_thread() got not answer from any <*> datasource,0.9902,asking for cache data failed,0.297,"jA<*> to=root, ctladdr=root (0/0), delay<*> xdelay=00:00:00, mailer=relay, pri<*> relay=[<*>] [<*>], dsn=4.0.0, stat=Deferred: Connection refused by [<*>]",0.2922,44.66,146
380,[ib_sm_sweep.c:1455]: No topology change,exact,[ib_sm_sweep.c:1455]: No topology change,1.0,[ib_sm_sweep.c:1482]: No configuration change required,0.7019,[ib_sm_sweep.c:1831]: ********************** NEW SWEEP ********************,0.5394,44.72,146
381,[ib_sm_sweep.c:1482]: No configuration change required,exact,[ib_sm_sweep.c:1482]: No configuration change required,1.0,[ib_sm_sweep.c:1455]: No topology change,0.7019,[ib_sm_sweep.c:1831]: ********************** NEW SWEEP ********************,0.6595,48.88,146
382,"synchronized to <*>, stratum 3",exact,synchronized to LOCAL<*> stratum <*>,1.0,kernel time sync <*>,0.2751,Registered protocol family <*>,0.261,46.01,146
383,"synchronized to <*>, stratum 3",exact,synchronized to LOCAL<*> stratum <*>,1.0,kernel time sync <*>,0.2751,Registered protocol family <*>,0.261,46.13,146
384,"synchronized to <*>, stratum 3",exact,synchronized to LOCAL<*> stratum <*>,1.0,kernel time sync <*>,0.2751,Registered protocol family <*>,0.261,45.56,146
385,data_thread() got not answer from any [Thunderbird_B5] datasource,partial,data_thread() got not answer from any <*> datasource,0.989,asking for cache data failed,0.3083,"jA<*> to=root, ctladdr=root (0/0), delay<*> xdelay=00:00:00, mailer=relay, pri<*> relay=[<*>] [<*>], dsn=4.0.0, stat=Deferred: Connection refused by [<*>]",0.2926,46.21,146
386,"synchronized to <*>, stratum 3",exact,synchronized to LOCAL<*> stratum <*>,1.0,kernel time sync <*>,0.2751,Registered protocol family <*>,0.261,45.8,146
387,"synchronized to <*>, stratum 3",exact,synchronized to LOCAL<*> stratum <*>,1.0,kernel time sync <*>,0.2751,Registered protocol family <*>,0.261,44.25,146
388,"synchronized to <*>, stratum 3",exact,synchronized to LOCAL<*> stratum <*>,1.0,kernel time sync <*>,0.2751,Registered protocol family <*>,0.261,44.14,146
389,"synchronized to <*>, stratum 3",exact,synchronized to LOCAL<*> stratum <*>,1.0,kernel time sync <*>,0.2751,Registered protocol family <*>,0.261,44.43,146
390,"synchronized to <*>, stratum 3",exact,synchronized to LOCAL<*> stratum <*>,1.0,kernel time sync <*>,0.2751,Registered protocol family <*>,0.261,44.95,146
391,data_thread() got not answer from any [Thunderbird_A7] datasource,partial,data_thread() got not answer from any <*> datasource,0.9883,asking for cache data failed,0.2967,"jA<*> to=root, ctladdr=root (0/0), delay<*> xdelay=00:00:00, mailer=relay, pri<*> relay=[<*>] [<*>], dsn=4.0.0, stat=Deferred: Connection refused by [<*>]",0.2927,44.7,146
392,"synchronized to <*>, stratum 3",exact,synchronized to LOCAL<*> stratum <*>,1.0,kernel time sync <*>,0.2751,Registered protocol family <*>,0.261,44.77,146
393,data_thread() got not answer from any [Thunderbird_A5] datasource,exact,data_thread() got not answer from any <*> datasource,0.99,asking for cache data failed,0.299,"jA<*> to=root, ctladdr=root (0/0), delay<*> xdelay=00:00:00, mailer=relay, pri<*> relay=[<*>] [<*>], dsn=4.0.0, stat=Deferred: Connection refused by [<*>]",0.2873,44.64,146
394,data_thread() got not answer from any [Thunderbird_B1] datasource,partial,data_thread() got not answer from any <*> datasource,0.9853,"jA<*> to=root, ctladdr=root (0/0), delay<*> xdelay=00:00:00, mailer=relay, pri<*> relay=[<*>] [<*>], dsn=4.0.0, stat=Deferred: Connection refused by [<*>]",0.3042,asking for cache data failed,0.2968,44.54,146
395,"synchronized to <*>, stratum 3",exact,synchronized to LOCAL<*> stratum <*>,1.0,kernel time sync <*>,0.2751,Registered protocol family <*>,0.261,44.49,146
396,"synchronized to <*>, stratum 3",exact,synchronized to LOCAL<*> stratum <*>,1.0,kernel time sync <*>,0.2751,Registered protocol family <*>,0.261,44.24,146
397,data_thread() got not answer from any [Thunderbird_D5] datasource,partial,data_thread() got not answer from any <*> datasource,0.9875,asking for cache data failed,0.3065,"jA<*> to=root, ctladdr=root (0/0), delay<*> xdelay=00:00:00, mailer=relay, pri<*> relay=[<*>] [<*>], dsn=4.0.0, stat=Deferred: Connection refused by [<*>]",0.2863,44.87,146
398,data_thread() got not answer from any [Thunderbird_D7] datasource,exact,data_thread() got not answer from any <*> datasource,0.9908,asking for cache data failed,0.3009,"jA<*> to=root, ctladdr=root (0/0), delay<*> xdelay=00:00:00, mailer=relay, pri<*> relay=[<*>] [<*>], dsn=4.0.0, stat=Deferred: Connection refused by [<*>]",0.295,44.67,146
399,"synchronized to <*>, stratum 3",exact,synchronized to LOCAL<*> stratum <*>,1.0,kernel time sync <*>,0.2751,Registered protocol family <*>,0.261,44.33,146
400,data_thread() got not answer from any [Thunderbird_A3] datasource,partial,data_thread() got not answer from any <*> datasource,0.9863,asking for cache data failed,0.2981,"jA<*> to=root, ctladdr=root (0/0), delay<*> xdelay=00:00:00, mailer=relay, pri<*> relay=[<*>] [<*>], dsn=4.0.0, stat=Deferred: Connection refused by [<*>]",0.2917,50.65,146
401,data_thread() got not answer from any [Thunderbird_B2] datasource,partial,data_thread() got not answer from any <*> datasource,0.9898,"jA<*> to=root, ctladdr=root (0/0), delay<*> xdelay=00:00:00, mailer=relay, pri<*> relay=[<*>] [<*>], dsn=4.0.0, stat=Deferred: Connection refused by [<*>]",0.3066,asking for cache data failed,0.3018,52.47,146
402,"synchronized to <*>, stratum 3",exact,synchronized to LOCAL<*> stratum <*>,1.0,kernel time sync <*>,0.2751,Registered protocol family <*>,0.261,46.21,146
403,"synchronized to <*>, stratum 3",exact,synchronized to LOCAL<*> stratum <*>,1.0,kernel time sync <*>,0.2751,Registered protocol family <*>,0.261,44.75,146
404,data_thread() got not answer from any [Thunderbird_A1] datasource,partial,data_thread() got not answer from any <*> datasource,0.9733,"jA<*> to=root, ctladdr=root (0/0), delay<*> xdelay=00:00:00, mailer=relay, pri<*> relay=[<*>] [<*>], dsn=4.0.0, stat=Deferred: Connection refused by [<*>]",0.2883,asking for cache data failed,0.2757,44.57,146
405,data_thread() got not answer from any [Thunderbird_A8] datasource,partial,data_thread() got not answer from any <*> datasource,0.9879,"jA<*> to=root, ctladdr=root (0/0), delay<*> xdelay=00:00:00, mailer=relay, pri<*> relay=[<*>] [<*>], dsn=4.0.0, stat=Deferred: Connection refused by [<*>]",0.3088,asking for cache data failed,0.2966,44.55,146
406,data_thread() got not answer from any [Thunderbird_B3] datasource,partial,data_thread() got not answer from any <*> datasource,0.9893,asking for cache data failed,0.3078,"jA<*> to=root, ctladdr=root (0/0), delay<*> xdelay=00:00:00, mailer=relay, pri<*> relay=[<*>] [<*>], dsn=4.0.0, stat=Deferred: Connection refused by [<*>]",0.3009,44.6,146
407,data_thread() got not answer from any [Thunderbird_C8] datasource,partial,data_thread() got not answer from any <*> datasource,0.9878,"jA<*> to=root, ctladdr=root (0/0), delay<*> xdelay=00:00:00, mailer=relay, pri<*> relay=[<*>] [<*>], dsn=4.0.0, stat=Deferred: Connection refused by [<*>]",0.3055,asking for cache data failed,0.3005,44.6,146
408,[ib_sm_sweep.c:1831]: ********************** NEW SWEEP ********************,exact,[ib_sm_sweep.c:1831]: ********************** NEW SWEEP ********************,1.0,[ib_sm_sweep.c:1482]: No configuration change required,0.6595,[ib_sm_sweep.c:1455]: No topology change,0.5394,46.95,146
409,"synchronized to <*>, stratum 3",exact,synchronized to LOCAL<*> stratum <*>,1.0,kernel time sync <*>,0.2751,Registered protocol family <*>,0.261,44.97,146
410,"synchronized to <*>, stratum 3",exact,synchronized to LOCAL<*> stratum <*>,1.0,kernel time sync <*>,0.2751,Registered protocol family <*>,0.261,44.8,146
411,"synchronized to <*>, stratum 3",exact,synchronized to LOCAL<*> stratum <*>,1.0,kernel time sync <*>,0.2751,Registered protocol family <*>,0.261,44.15,146
412,"synchronized to <*>, stratum 3",exact,synchronized to LOCAL<*> stratum <*>,1.0,kernel time sync <*>,0.2751,Registered protocol family <*>,0.261,44.43,146
413,data_thread() got not answer from any [Thunderbird_A2] datasource,partial,data_thread() got not answer from any <*> datasource,0.9808,"jA<*> to=root, ctladdr=root (0/0), delay<*> xdelay=00:00:00, mailer=relay, pri<*> relay=[<*>] [<*>], dsn=4.0.0, stat=Deferred: Connection refused by [<*>]",0.2951,asking for cache data failed,0.2878,45.11,146
414,data_thread() got not answer from any [Thunderbird_B6] datasource,exact,data_thread() got not answer from any <*> datasource,0.9922,asking for cache data failed,0.3049,"jA<*> to=root, ctladdr=root (0/0), delay<*> xdelay=00:00:00, mailer=relay, pri<*> relay=[<*>] [<*>], dsn=4.0.0, stat=Deferred: Connection refused by [<*>]",0.2996,44.97,146
415,[ib_sm_sweep.c:1455]: No topology change,exact,[ib_sm_sweep.c:1455]: No topology change,1.0,[ib_sm_sweep.c:1482]: No configuration change required,0.7019,[ib_sm_sweep.c:1831]: ********************** NEW SWEEP ********************,0.5394,44.25,146
416,[ib_sm_sweep.c:1482]: No configuration change required,exact,[ib_sm_sweep.c:1482]: No configuration change required,1.0,[ib_sm_sweep.c:1455]: No topology change,0.7019,[ib_sm_sweep.c:1831]: ********************** NEW SWEEP ********************,0.6595,44.39,146
417,data_thread() got not answer from any [Thunderbird_B8] datasource,partial,data_thread() got not answer from any <*> datasource,0.9889,"jA<*> to=root, ctladdr=root (0/0), delay<*> xdelay=00:00:00, mailer=relay, pri<*> relay=[<*>] [<*>], dsn=4.0.0, stat=Deferred: Connection refused by [<*>]",0.3125,asking for cache data failed,0.3075,44.63,146
418,data_thread() got not answer from any [Thunderbird_C1] datasource,partial,data_thread() got not answer from any <*> datasource,0.9887,"jA<*> to=root, ctladdr=root (0/0), delay<*> xdelay=00:00:00, mailer=relay, pri<*> relay=[<*>] [<*>], dsn=4.0.0, stat=Deferred: Connection refused by [<*>]",0.2979,asking for cache data failed,0.2902,44.59,146
419,data_thread() got not answer from any [Thunderbird_B7] datasource,partial,data_thread() got not answer from any <*> datasource,0.9894,asking for cache data failed,0.3055,"jA<*> to=root, ctladdr=root (0/0), delay<*> xdelay=00:00:00, mailer=relay, pri<*> relay=[<*>] [<*>], dsn=4.0.0, stat=Deferred: Connection refused by [<*>]",0.2975,44.52,146
420,"synchronized to <*>, stratum 3",exact,synchronized to LOCAL<*> stratum <*>,1.0,kernel time sync <*>,0.2751,Registered protocol family <*>,0.261,44.12,146
421,data_thread() got not answer from any [Thunderbird_A6] datasource,exact,data_thread() got not answer from any <*> datasource,0.9921,"jA<*> to=root, ctladdr=root (0/0), delay<*> xdelay=00:00:00, mailer=relay, pri<*> relay=[<*>] [<*>], dsn=4.0.0, stat=Deferred: Connection refused by [<*>]",0.2939,asking for cache data failed,0.2937,44.59,146
422,data_thread() got not answer from any [Thunderbird_C4] datasource,exact,data_thread() got not answer from any <*> datasource,0.9911,"jA<*> to=root, ctladdr=root (0/0), delay<*> xdelay=00:00:00, mailer=relay, pri<*> relay=[<*>] [<*>], dsn=4.0.0, stat=Deferred: Connection refused by [<*>]",0.3042,asking for cache data failed,0.3033,44.18,146
423,"synchronized to <*>, stratum 3",exact,synchronized to LOCAL<*> stratum <*>,1.0,kernel time sync <*>,0.2751,Registered protocol family <*>,0.261,45.15,146
424,data_thread() got not answer from any [Thunderbird_D6] datasource,partial,data_thread() got not answer from any <*> datasource,0.988,asking for cache data failed,0.298,"jA<*> to=root, ctladdr=root (0/0), delay<*> xdelay=00:00:00, mailer=relay, pri<*> relay=[<*>] [<*>], dsn=4.0.0, stat=Deferred: Connection refused by [<*>]",0.2914,44.68,146
425,[ib_sm_sweep.c:1831]: ********************** NEW SWEEP ********************,exact,[ib_sm_sweep.c:1831]: ********************** NEW SWEEP ********************,1.0,[ib_sm_sweep.c:1482]: No configuration change required,0.6595,[ib_sm_sweep.c:1455]: No topology change,0.5394,46.81,146
426,data_thread() got not answer from any [Thunderbird_D8] datasource,partial,data_thread() got not answer from any <*> datasource,0.9877,"jA<*> to=root, ctladdr=root (0/0), delay<*> xdelay=00:00:00, mailer=relay, pri<*> relay=[<*>] [<*>], dsn=4.0.0, stat=Deferred: Connection refused by [<*>]",0.3073,asking for cache data failed,0.3057,45.07,146
427,data_thread() got not answer from any [Thunderbird_C6] datasource,exact,data_thread() got not answer from any <*> datasource,0.9903,asking for cache data failed,0.297,"jA<*> to=root, ctladdr=root (0/0), delay<*> xdelay=00:00:00, mailer=relay, pri<*> relay=[<*>] [<*>], dsn=4.0.0, stat=Deferred: Connection refused by [<*>]",0.2922,44.56,146
428,"synchronized to <*>, stratum 3",exact,synchronized to LOCAL<*> stratum <*>,1.0,kernel time sync <*>,0.2751,Registered protocol family <*>,0.261,44.85,146
429,data_thread() got not answer from any [Thunderbird_D4] datasource,partial,data_thread() got not answer from any <*> datasource,0.9835,"jA<*> to=root, ctladdr=root (0/0), delay<*> xdelay=00:00:00, mailer=relay, pri<*> relay=[<*>] [<*>], dsn=4.0.0, stat=Deferred: Connection refused by [<*>]",0.3074,asking for cache data failed,0.3035,44.65,146
430,"synchronized to <*>, stratum 3",exact,synchronized to LOCAL<*> stratum <*>,1.0,kernel time sync <*>,0.2751,Registered protocol family <*>,0.261,44.2,146
431,data_thread() got not answer from any [Thunderbird_C5] datasource,partial,data_thread() got not answer from any <*> datasource,0.9892,asking for cache data failed,0.3035,"jA<*> to=root, ctladdr=root (0/0), delay<*> xdelay=00:00:00, mailer=relay, pri<*> relay=[<*>] [<*>], dsn=4.0.0, stat=Deferred: Connection refused by [<*>]",0.285,44.62,146
432,[ib_sm_sweep.c:1455]: No topology change,exact,[ib_sm_sweep.c:1455]: No topology change,1.0,[ib_sm_sweep.c:1482]: No configuration change required,0.7019,[ib_sm_sweep.c:1831]: ********************** NEW SWEEP ********************,0.5394,44.35,146
433,[ib_sm_sweep.c:1482]: No configuration change required,exact,[ib_sm_sweep.c:1482]: No configuration change required,1.0,[ib_sm_sweep.c:1455]: No topology change,0.7019,[ib_sm_sweep.c:1831]: ********************** NEW SWEEP ********************,0.6595,44.06,146
434,data_thread() got not answer from any [Thunderbird_B4] datasource,exact,data_thread() got not answer from any <*> datasource,0.992,asking for cache data failed,0.309,"jA<*> to=root, ctladdr=root (0/0), delay<*> xdelay=00:00:00, mailer=relay, pri<*> relay=[<*>] [<*>], dsn=4.0.0, stat=Deferred: Connection refused by [<*>]",0.3079,44.63,146
435,"synchronized to <*>, stratum 3",exact,synchronized to LOCAL<*> stratum <*>,1.0,kernel time sync <*>,0.2751,Registered protocol family <*>,0.261,44.09,146
436,data_thread() got not answer from any [Thunderbird_C2] datasource,partial,data_thread() got not answer from any <*> datasource,0.98,asking for cache data failed,0.2943,<*> Connection<*> closed.<*>,0.2905,44.96,146
437,data_thread() got not answer from any [Thunderbird_A4] datasource,exact,data_thread() got not answer from any <*> datasource,0.9914,"jA<*> to=root, ctladdr=root (0/0), delay<*> xdelay=00:00:00, mailer=relay, pri<*> relay=[<*>] [<*>], dsn=4.0.0, stat=Deferred: Connection refused by [<*>]",0.304,asking for cache data failed,0.2979,44.97,146
438,data_thread() got not answer from any [Thunderbird_B5] datasource,partial,data_thread() got not answer from any <*> datasource,0.989,asking for cache data failed,0.3083,"jA<*> to=root, ctladdr=root (0/0), delay<*> xdelay=00:00:00, mailer=relay, pri<*> relay=[<*>] [<*>], dsn=4.0.0, stat=Deferred: Connection refused by [<*>]",0.2926,55.81,146
439,"synchronized to <*>, stratum 3",exact,synchronized to LOCAL<*> stratum <*>,1.0,kernel time sync <*>,0.2751,Registered protocol family <*>,0.261,61.54,146
440,data_thread() got not answer from any [Thunderbird_A3] datasource,partial,data_thread() got not answer from any <*> datasource,0.9863,asking for cache data failed,0.2981,"jA<*> to=root, ctladdr=root (0/0), delay<*> xdelay=00:00:00, mailer=relay, pri<*> relay=[<*>] [<*>], dsn=4.0.0, stat=Deferred: Connection refused by [<*>]",0.2917,56.81,146
441,data_thread() got not answer from any [Thunderbird_A5] datasource,exact,data_thread() got not answer from any <*> datasource,0.99,asking for cache data failed,0.299,"jA<*> to=root, ctladdr=root (0/0), delay<*> xdelay=00:00:00, mailer=relay, pri<*> relay=[<*>] [<*>], dsn=4.0.0, stat=Deferred: Connection refused by [<*>]",0.2873,62.6,146
442,data_thread() got not answer from any [Thunderbird_B1] datasource,partial,data_thread() got not answer from any <*> datasource,0.9853,"jA<*> to=root, ctladdr=root (0/0), delay<*> xdelay=00:00:00, mailer=relay, pri<*> relay=[<*>] [<*>], dsn=4.0.0, stat=Deferred: Connection refused by [<*>]",0.3042,asking for cache data failed,0.2968,76.67,146
443,Local disconnected: Connection closed.,partial,<*> Connection<*> closed.<*>,0.9272,"connection from ""#28#""",0.3803,initializing netlink socket (disabled),0.3589,69.82,146
444,connection lost: 'Connection closed.',partial,<*> Connection<*> closed.<*>,0.9008,"connection from ""#28#""",0.4383,My unqualified host name <*> unknown; sleeping for retry,0.4192,48.63,146
445,"synchronized to <*>, stratum 3",exact,synchronized to LOCAL<*> stratum <*>,1.0,kernel time sync <*>,0.2751,Registered protocol family <*>,0.261,45.67,146
446,data_thread() got not answer from any [Thunderbird_A2] datasource,partial,data_thread() got not answer from any <*> datasource,0.9808,"jA<*> to=root, ctladdr=root (0/0), delay<*> xdelay=00:00:00, mailer=relay, pri<*> relay=[<*>] [<*>], dsn=4.0.0, stat=Deferred: Connection refused by [<*>]",0.2951,asking for cache data failed,0.2878,44.77,146
447,data_thread() got not answer from any [Thunderbird_A7] datasource,partial,data_thread() got not answer from any <*> datasource,0.9883,asking for cache data failed,0.2967,"jA<*> to=root, ctladdr=root (0/0), delay<*> xdelay=00:00:00, mailer=relay, pri<*> relay=[<*>] [<*>], dsn=4.0.0, stat=Deferred: Connection refused by [<*>]",0.2927,45.42,146
448,[ib_sm_sweep.c:1831]: ********************** NEW SWEEP ********************,exact,[ib_sm_sweep.c:1831]: ********************** NEW SWEEP ********************,1.0,[ib_sm_sweep.c:1482]: No configuration change required,0.6595,[ib_sm_sweep.c:1455]: No topology change,0.5394,47.83,146
449,data_thread() got not answer from any [Thunderbird_A1] datasource,partial,data_thread() got not answer from any <*> datasource,0.9734,"jA<*> to=root, ctladdr=root (0/0), delay<*> xdelay=00:00:00, mailer=relay, pri<*> relay=[<*>] [<*>], dsn=4.0.0, stat=Deferred: Connection refused by [<*>]",0.2883,asking for cache data failed,0.2757,48.23,146
450,data_thread() got not answer from any [Thunderbird_B6] datasource,exact,data_thread() got not answer from any <*> datasource,0.9922,asking for cache data failed,0.3049,"jA<*> to=root, ctladdr=root (0/0), delay<*> xdelay=00:00:00, mailer=relay, pri<*> relay=[<*>] [<*>], dsn=4.0.0, stat=Deferred: Connection refused by [<*>]",0.2996,44.26,146
451,"synchronized to <*>, stratum 3",exact,synchronized to LOCAL<*> stratum <*>,1.0,kernel time sync <*>,0.2751,Registered protocol family <*>,0.261,45.49,146
452,"synchronized to <*>, stratum 3",exact,synchronized to LOCAL<*> stratum <*>,1.0,kernel time sync <*>,0.2751,Registered protocol family <*>,0.261,52.12,146
453,"synchronized to <*>, stratum 3",exact,synchronized to LOCAL<*> stratum <*>,1.0,kernel time sync <*>,0.2751,Registered protocol family <*>,0.261,47.67,146
454,data_thread() got not answer from any [Thunderbird_D7] datasource,exact,data_thread() got not answer from any <*> datasource,0.9908,asking for cache data failed,0.3009,"jA<*> to=root, ctladdr=root (0/0), delay<*> xdelay=00:00:00, mailer=relay, pri<*> relay=[<*>] [<*>], dsn=4.0.0, stat=Deferred: Connection refused by [<*>]",0.295,44.28,146
455,data_thread() got not answer from any [Thunderbird_D5] datasource,partial,data_thread() got not answer from any <*> datasource,0.9875,asking for cache data failed,0.3065,"jA<*> to=root, ctladdr=root (0/0), delay<*> xdelay=00:00:00, mailer=relay, pri<*> relay=[<*>] [<*>], dsn=4.0.0, stat=Deferred: Connection refused by [<*>]",0.2863,44.5,146
456,"synchronized to <*>, stratum 3",exact,synchronized to LOCAL<*> stratum <*>,1.0,kernel time sync <*>,0.2751,Registered protocol family <*>,0.261,43.43,146
457,data_thread() got not answer from any [Thunderbird_A8] datasource,partial,data_thread() got not answer from any <*> datasource,0.9879,"jA<*> to=root, ctladdr=root (0/0), delay<*> xdelay=00:00:00, mailer=relay, pri<*> relay=[<*>] [<*>], dsn=4.0.0, stat=Deferred: Connection refused by [<*>]",0.3088,asking for cache data failed,0.2966,43.79,146
458,data_thread() got not answer from any [Thunderbird_C8] datasource,partial,data_thread() got not answer from any <*> datasource,0.9878,"jA<*> to=root, ctladdr=root (0/0), delay<*> xdelay=00:00:00, mailer=relay, pri<*> relay=[<*>] [<*>], dsn=4.0.0, stat=Deferred: Connection refused by [<*>]",0.3055,asking for cache data failed,0.3005,43.73,146
459,[ib_sm_sweep.c:1455]: No topology change,exact,[ib_sm_sweep.c:1455]: No topology change,1.0,[ib_sm_sweep.c:1482]: No configuration change required,0.7019,[ib_sm_sweep.c:1831]: ********************** NEW SWEEP ********************,0.5394,43.47,146
460,[ib_sm_sweep.c:1482]: No configuration change required,exact,[ib_sm_sweep.c:1482]: No configuration change required,1.0,[ib_sm_sweep.c:1455]: No topology change,0.7019,[ib_sm_sweep.c:1831]: ********************** NEW SWEEP ********************,0.6595,43.82,146
461,"synchronized to <*>, stratum 3",exact,synchronized to LOCAL<*> stratum <*>,1.0,kernel time sync <*>,0.2751,Registered protocol family <*>,0.261,43.51,146
462,data_thread() got not answer from any [Thunderbird_B2] datasource,partial,data_thread() got not answer from any <*> datasource,0.9898,"jA<*> to=root, ctladdr=root (0/0), delay<*> xdelay=00:00:00, mailer=relay, pri<*> relay=[<*>] [<*>], dsn=4.0.0, stat=Deferred: Connection refused by [<*>]",0.3066,asking for cache data failed,0.3018,43.63,146
463,data_thread() got not answer from any [Thunderbird_B3] datasource,partial,data_thread() got not answer from any <*> datasource,0.9893,asking for cache data failed,0.3078,"jA<*> to=root, ctladdr=root (0/0), delay<*> xdelay=00:00:00, mailer=relay, pri<*> relay=[<*>] [<*>], dsn=4.0.0, stat=Deferred: Connection refused by [<*>]",0.3009,43.71,146
464,data_thread() got not answer from any [Thunderbird_B8] datasource,partial,data_thread() got not answer from any <*> datasource,0.9889,"jA<*> to=root, ctladdr=root (0/0), delay<*> xdelay=00:00:00, mailer=relay, pri<*> relay=[<*>] [<*>], dsn=4.0.0, stat=Deferred: Connection refused by [<*>]",0.3125,asking for cache data failed,0.3075,43.97,146
465,data_thread() got not answer from any [Thunderbird_C1] datasource,partial,data_thread() got not answer from any <*> datasource,0.9887,"jA<*> to=root, ctladdr=root (0/0), delay<*> xdelay=00:00:00, mailer=relay, pri<*> relay=[<*>] [<*>], dsn=4.0.0, stat=Deferred: Connection refused by [<*>]",0.2979,asking for cache data failed,0.2902,43.9,146
466,"synchronized to <*>, stratum 3",exact,synchronized to LOCAL<*> stratum <*>,1.0,kernel time sync <*>,0.2751,Registered protocol family <*>,0.261,43.78,146
467,data_thread() got not answer from any [Thunderbird_B7] datasource,partial,data_thread() got not answer from any <*> datasource,0.9894,asking for cache data failed,0.3055,"jA<*> to=root, ctladdr=root (0/0), delay<*> xdelay=00:00:00, mailer=relay, pri<*> relay=[<*>] [<*>], dsn=4.0.0, stat=Deferred: Connection refused by [<*>]",0.2975,43.72,146
468,data_thread() got not answer from any [Thunderbird_D8] datasource,partial,data_thread() got not answer from any <*> datasource,0.9877,"jA<*> to=root, ctladdr=root (0/0), delay<*> xdelay=00:00:00, mailer=relay, pri<*> relay=[<*>] [<*>], dsn=4.0.0, stat=Deferred: Connection refused by [<*>]",0.3073,asking for cache data failed,0.3057,43.99,146
469,data_thread() got not answer from any [Thunderbird_C6] datasource,exact,data_thread() got not answer from any <*> datasource,0.9902,asking for cache data failed,0.297,"jA<*> to=root, ctladdr=root (0/0), delay<*> xdelay=00:00:00, mailer=relay, pri<*> relay=[<*>] [<*>], dsn=4.0.0, stat=Deferred: Connection refused by [<*>]",0.2922,43.69,146
470,[ib_sm_sweep.c:1831]: ********************** NEW SWEEP ********************,exact,[ib_sm_sweep.c:1831]: ********************** NEW SWEEP ********************,1.0,[ib_sm_sweep.c:1482]: No configuration change required,0.6595,[ib_sm_sweep.c:1455]: No topology change,0.5394,46.37,146
471,"synchronized to <*>, stratum 3",exact,synchronized to LOCAL<*> stratum <*>,1.0,kernel time sync <*>,0.2751,Registered protocol family <*>,0.261,43.43,146
472,data_thread() got not answer from any [Thunderbird_A6] datasource,exact,data_thread() got not answer from any <*> datasource,0.9921,"jA<*> to=root, ctladdr=root (0/0), delay<*> xdelay=00:00:00, mailer=relay, pri<*> relay=[<*>] [<*>], dsn=4.0.0, stat=Deferred: Connection refused by [<*>]",0.2939,asking for cache data failed,0.2937,44.0,146
473,data_thread() got not answer from any [Thunderbird_D4] datasource,partial,data_thread() got not answer from any <*> datasource,0.9835,"jA<*> to=root, ctladdr=root (0/0), delay<*> xdelay=00:00:00, mailer=relay, pri<*> relay=[<*>] [<*>], dsn=4.0.0, stat=Deferred: Connection refused by [<*>]",0.3074,asking for cache data failed,0.3035,43.78,146
474,"synchronized to <*>, stratum 3",exact,synchronized to LOCAL<*> stratum <*>,1.0,kernel time sync <*>,0.2751,Registered protocol family <*>,0.261,43.7,146
475,data_thread() got not answer from any [Thunderbird_B4] datasource,exact,data_thread() got not answer from any <*> datasource,0.992,asking for cache data failed,0.309,"jA<*> to=root, ctladdr=root (0/0), delay<*> xdelay=00:00:00, mailer=relay, pri<*> relay=[<*>] [<*>], dsn=4.0.0, stat=Deferred: Connection refused by [<*>]",0.3079,43.85,146
476,data_thread() got not answer from any [Thunderbird_C4] datasource,exact,data_thread() got not answer from any <*> datasource,0.9911,"jA<*> to=root, ctladdr=root (0/0), delay<*> xdelay=00:00:00, mailer=relay, pri<*> relay=[<*>] [<*>], dsn=4.0.0, stat=Deferred: Connection refused by [<*>]",0.3042,asking for cache data failed,0.3033,43.71,146
477,[ib_sm_sweep.c:1455]: No topology change,exact,[ib_sm_sweep.c:1455]: No topology change,1.0,[ib_sm_sweep.c:1482]: No configuration change required,0.7019,[ib_sm_sweep.c:1831]: ********************** NEW SWEEP ********************,0.5394,43.94,146
478,[ib_sm_sweep.c:1482]: No configuration change required,exact,[ib_sm_sweep.c:1482]: No configuration change required,1.0,[ib_sm_sweep.c:1455]: No topology change,0.7019,[ib_sm_sweep.c:1831]: ********************** NEW SWEEP ********************,0.6595,43.68,146
479,data_thread() got not answer from any [Thunderbird_D6] datasource,partial,data_thread() got not answer from any <*> datasource,0.9881,asking for cache data failed,0.298,"jA<*> to=root, ctladdr=root (0/0), delay<*> xdelay=00:00:00, mailer=relay, pri<*> relay=[<*>] [<*>], dsn=4.0.0, stat=Deferred: Connection refused by [<*>]",0.2914,43.78,146
480,data_thread() got not answer from any [Thunderbird_B5] datasource,partial,data_thread() got not answer from any <*> datasource,0.989,asking for cache data failed,0.3083,"jA<*> to=root, ctladdr=root (0/0), delay<*> xdelay=00:00:00, mailer=relay, pri<*> relay=[<*>] [<*>], dsn=4.0.0, stat=Deferred: Connection refused by [<*>]",0.2926,43.71,146
481,"synchronized to <*>, stratum 3",exact,synchronized to LOCAL<*> stratum <*>,1.0,kernel time sync <*>,0.2751,Registered protocol family <*>,0.261,43.15,146
482,"synchronized to <*>, stratum 3",exact,synchronized to LOCAL<*> stratum <*>,1.0,kernel time sync <*>,0.2751,Registered protocol family <*>,0.261,43.3,146
483,"synchronized to <*>, stratum 3",exact,synchronized to LOCAL<*> stratum <*>,1.0,kernel time sync <*>,0.2751,Registered protocol family <*>,0.261,43.23,146
484,"synchronized to <*>, stratum 3",exact,synchronized to LOCAL<*> stratum <*>,1.0,kernel time sync <*>,0.2751,Registered protocol family <*>,0.261,43.36,146
485,"synchronized to <*>, stratum 3",exact,synchronized to LOCAL<*> stratum <*>,1.0,kernel time sync <*>,0.2751,Registered protocol family <*>,0.261,44.0,146
486,data_thread() got not answer from any [Thunderbird_A4] datasource,exact,data_thread() got not answer from any <*> datasource,0.9914,"jA<*> to=root, ctladdr=root (0/0), delay<*> xdelay=00:00:00, mailer=relay, pri<*> relay=[<*>] [<*>], dsn=4.0.0, stat=Deferred: Connection refused by [<*>]",0.304,asking for cache data failed,0.2979,43.83,146
487,data_thread() got not answer from any [Thunderbird_A5] datasource,partial,data_thread() got not answer from any <*> datasource,0.99,asking for cache data failed,0.299,"jA<*> to=root, ctladdr=root (0/0), delay<*> xdelay=00:00:00, mailer=relay, pri<*> relay=[<*>] [<*>], dsn=4.0.0, stat=Deferred: Connection refused by [<*>]",0.2873,43.67,146
488,data_thread() got not answer from any [Thunderbird_C5] datasource,partial,data_thread() got not answer from any <*> datasource,0.9892,asking for cache data failed,0.3035,"jA<*> to=root, ctladdr=root (0/0), delay<*> xdelay=00:00:00, mailer=relay, pri<*> relay=[<*>] [<*>], dsn=4.0.0, stat=Deferred: Connection refused by [<*>]",0.285,43.83,146
489,"synchronized to <*>, stratum 3",exact,synchronized to LOCAL<*> stratum <*>,1.0,kernel time sync <*>,0.2751,Registered protocol family <*>,0.261,43.2,146
490,data_thread() got not answer from any [Thunderbird_C2] datasource,partial,data_thread() got not answer from any <*> datasource,0.98,asking for cache data failed,0.2943,<*> Connection<*> closed.<*>,0.2905,44.02,146
491,data_thread() got not answer from any [Thunderbird_B1] datasource,partial,data_thread() got not answer from any <*> datasource,0.9853,"jA<*> to=root, ctladdr=root (0/0), delay<*> xdelay=00:00:00, mailer=relay, pri<*> relay=[<*>] [<*>], dsn=4.0.0, stat=Deferred: Connection refused by [<*>]",0.3042,asking for cache data failed,0.2968,43.88,146
492,data_thread() got not answer from any [Thunderbird_A2] datasource,partial,data_thread() got not answer from any <*> datasource,0.9808,"jA<*> to=root, ctladdr=root (0/0), delay<*> xdelay=00:00:00, mailer=relay, pri<*> relay=[<*>] [<*>], dsn=4.0.0, stat=Deferred: Connection refused by [<*>]",0.2951,asking for cache data failed,0.2878,43.73,146
493,data_thread() got not answer from any [Thunderbird_A3] datasource,partial,data_thread() got not answer from any <*> datasource,0.9863,asking for cache data failed,0.2981,"jA<*> to=root, ctladdr=root (0/0), delay<*> xdelay=00:00:00, mailer=relay, pri<*> relay=[<*>] [<*>], dsn=4.0.0, stat=Deferred: Connection refused by [<*>]",0.2917,43.88,146
494,[ib_sm_sweep.c:1831]: ********************** NEW SWEEP ********************,exact,[ib_sm_sweep.c:1831]: ********************** NEW SWEEP ********************,1.0,[ib_sm_sweep.c:1482]: No configuration change required,0.6595,[ib_sm_sweep.c:1455]: No topology change,0.5394,46.05,146
495,"synchronized to <*>, stratum 3",exact,synchronized to LOCAL<*> stratum <*>,1.0,kernel time sync <*>,0.2751,Registered protocol family <*>,0.261,43.62,146
496,data_thread() got not answer from any [Thunderbird_B6] datasource,exact,data_thread() got not answer from any <*> datasource,0.9922,asking for cache data failed,0.3049,"jA<*> to=root, ctladdr=root (0/0), delay<*> xdelay=00:00:00, mailer=relay, pri<*> relay=[<*>] [<*>], dsn=4.0.0, stat=Deferred: Connection refused by [<*>]",0.2996,43.86,146
497,data_thread() got not answer from any [Thunderbird_D7] datasource,exact,data_thread() got not answer from any <*> datasource,0.9908,asking for cache data failed,0.3009,"jA<*> to=root, ctladdr=root (0/0), delay<*> xdelay=00:00:00, mailer=relay, pri<*> relay=[<*>] [<*>], dsn=4.0.0, stat=Deferred: Connection refused by [<*>]",0.295,43.76,146
498,"synchronized to <*>, stratum 3",exact,synchronized to LOCAL<*> stratum <*>,1.0,kernel time sync <*>,0.2751,Registered protocol family <*>,0.261,43.37,146
499,[ib_sm_sweep.c:1455]: No topology change,exact,[ib_sm_sweep.c:1455]: No topology change,1.0,[ib_sm_sweep.c:1482]: No configuration change required,0.7019,[ib_sm_sweep.c:1831]: ********************** NEW SWEEP ********************,0.5394,43.77,146
500,[ib_sm_sweep.c:1482]: No configuration change required,exact,[ib_sm_sweep.c:1482]: No configuration change required,1.0,[ib_sm_sweep.c:1455]: No topology change,0.7019,[ib_sm_sweep.c:1831]: ********************** NEW SWEEP ********************,0.6595,43.73,146
501,data_thread() got not answer from any [Thunderbird_A1] datasource,partial,data_thread() got not answer from any <*> datasource,0.9733,"jA<*> to=root, ctladdr=root (0/0), delay<*> xdelay=00:00:00, mailer=relay, pri<*> relay=[<*>] [<*>], dsn=4.0.0, stat=Deferred: Connection refused by [<*>]",0.2883,asking for cache data failed,0.2757,44.72,146
502,data_thread() got not answer from any [Thunderbird_B2] datasource,partial,data_thread() got not answer from any <*> datasource,0.9899,"jA<*> to=root, ctladdr=root (0/0), delay<*> xdelay=00:00:00, mailer=relay, pri<*> relay=[<*>] [<*>], dsn=4.0.0, stat=Deferred: Connection refused by [<*>]",0.3066,asking for cache data failed,0.3018,45.77,146
503,data_thread() got not answer from any [Thunderbird_A7] datasource,partial,data_thread() got not answer from any <*> datasource,0.9883,asking for cache data failed,0.2967,"jA<*> to=root, ctladdr=root (0/0), delay<*> xdelay=00:00:00, mailer=relay, pri<*> relay=[<*>] [<*>], dsn=4.0.0, stat=Deferred: Connection refused by [<*>]",0.2927,43.91,146
504,data_thread() got not answer from any [Thunderbird_C1] datasource,partial,data_thread() got not answer from any <*> datasource,0.9887,"jA<*> to=root, ctladdr=root (0/0), delay<*> xdelay=00:00:00, mailer=relay, pri<*> relay=[<*>] [<*>], dsn=4.0.0, stat=Deferred: Connection refused by [<*>]",0.2979,asking for cache data failed,0.2902,44.24,146
505,data_thread() got not answer from any [Thunderbird_A8] datasource,partial,data_thread() got not answer from any <*> datasource,0.9879,"jA<*> to=root, ctladdr=root (0/0), delay<*> xdelay=00:00:00, mailer=relay, pri<*> relay=[<*>] [<*>], dsn=4.0.0, stat=Deferred: Connection refused by [<*>]",0.3088,asking for cache data failed,0.2966,43.77,146
506,data_thread() got not answer from any [Thunderbird_B8] datasource,partial,data_thread() got not answer from any <*> datasource,0.9889,"jA<*> to=root, ctladdr=root (0/0), delay<*> xdelay=00:00:00, mailer=relay, pri<*> relay=[<*>] [<*>], dsn=4.0.0, stat=Deferred: Connection refused by [<*>]",0.3125,asking for cache data failed,0.3075,43.73,146
507,data_thread() got not answer from any [Thunderbird_D5] datasource,partial,data_thread() got not answer from any <*> datasource,0.9874,asking for cache data failed,0.3065,"jA<*> to=root, ctladdr=root (0/0), delay<*> xdelay=00:00:00, mailer=relay, pri<*> relay=[<*>] [<*>], dsn=4.0.0, stat=Deferred: Connection refused by [<*>]",0.2863,43.75,146
508,data_thread() got not answer from any [Thunderbird_B3] datasource,partial,data_thread() got not answer from any <*> datasource,0.9893,asking for cache data failed,0.3078,"jA<*> to=root, ctladdr=root (0/0), delay<*> xdelay=00:00:00, mailer=relay, pri<*> relay=[<*>] [<*>], dsn=4.0.0, stat=Deferred: Connection refused by [<*>]",0.3009,43.78,146
509,"synchronized to <*>, stratum 3",exact,synchronized to LOCAL<*> stratum <*>,1.0,kernel time sync <*>,0.2751,Registered protocol family <*>,0.261,43.42,146
510,data_thread() got not answer from any [Thunderbird_C8] datasource,partial,data_thread() got not answer from any <*> datasource,0.9878,"jA<*> to=root, ctladdr=root (0/0), delay<*> xdelay=00:00:00, mailer=relay, pri<*> relay=[<*>] [<*>], dsn=4.0.0, stat=Deferred: Connection refused by [<*>]",0.3055,asking for cache data failed,0.3005,43.86,146
511,"synchronized to <*>, stratum 3",exact,synchronized to LOCAL<*> stratum <*>,1.0,kernel time sync <*>,0.2751,Registered protocol family <*>,0.261,43.5,146
512,data_thread() got not answer from any [Thunderbird_B7] datasource,partial,data_thread() got not answer from any <*> datasource,0.9895,asking for cache data failed,0.3055,"jA<*> to=root, ctladdr=root (0/0), delay<*> xdelay=00:00:00, mailer=relay, pri<*> relay=[<*>] [<*>], dsn=4.0.0, stat=Deferred: Connection refused by [<*>]",0.2975,43.81,146
513,[ib_sm_sweep.c:1831]: ********************** NEW SWEEP ********************,exact,[ib_sm_sweep.c:1831]: ********************** NEW SWEEP ********************,1.0,[ib_sm_sweep.c:1482]: No configuration change required,0.6595,[ib_sm_sweep.c:1455]: No topology change,0.5394,46.13,146
514,data_thread() got not answer from any [Thunderbird_C6] datasource,exact,data_thread() got not answer from any <*> datasource,0.9902,asking for cache data failed,0.297,"jA<*> to=root, ctladdr=root (0/0), delay<*> xdelay=00:00:00, mailer=relay, pri<*> relay=[<*>] [<*>], dsn=4.0.0, stat=Deferred: Connection refused by [<*>]",0.2922,44.62,146
515,data_thread() got not answer from any [Thunderbird_A6] datasource,exact,data_thread() got not answer from any <*> datasource,0.9921,"jA<*> to=root, ctladdr=root (0/0), delay<*> xdelay=00:00:00, mailer=relay, pri<*> relay=[<*>] [<*>], dsn=4.0.0, stat=Deferred: Connection refused by [<*>]",0.2939,asking for cache data failed,0.2937,44.55,146
516,data_thread() got not answer from any [Thunderbird_B4] datasource,exact,data_thread() got not answer from any <*> datasource,0.992,asking for cache data failed,0.309,"jA<*> to=root, ctladdr=root (0/0), delay<*> xdelay=00:00:00, mailer=relay, pri<*> relay=[<*>] [<*>], dsn=4.0.0, stat=Deferred: Connection refused by [<*>]",0.3079,43.64,146
517,data_thread() got not answer from any [Thunderbird_D8] datasource,partial,data_thread() got not answer from any <*> datasource,0.9877,"jA<*> to=root, ctladdr=root (0/0), delay<*> xdelay=00:00:00, mailer=relay, pri<*> relay=[<*>] [<*>], dsn=4.0.0, stat=Deferred: Connection refused by [<*>]",0.3073,asking for cache data failed,0.3057,43.84,146
518,data_thread() got not answer from any [Thunderbird_D4] datasource,partial,data_thread() got not answer from any <*> datasource,0.9835,"jA<*> to=root, ctladdr=root (0/0), delay<*> xdelay=00:00:00, mailer=relay, pri<*> relay=[<*>] [<*>], dsn=4.0.0, stat=Deferred: Connection refused by [<*>]",0.3074,asking for cache data failed,0.3035,43.84,146
519,[ib_sm_sweep.c:1455]: No topology change,exact,[ib_sm_sweep.c:1455]: No topology change,1.0,[ib_sm_sweep.c:1482]: No configuration change required,0.7019,[ib_sm_sweep.c:1831]: ********************** NEW SWEEP ********************,0.5394,43.59,146
520,[ib_sm_sweep.c:1482]: No configuration change required,exact,[ib_sm_sweep.c:1482]: No configuration change required,1.0,[ib_sm_sweep.c:1455]: No topology change,0.7019,[ib_sm_sweep.c:1831]: ********************** NEW SWEEP ********************,0.6595,43.62,146
521,"synchronized to <*>, stratum 3",exact,synchronized to LOCAL<*> stratum <*>,1.0,kernel time sync <*>,0.2751,Registered protocol family <*>,0.261,56.57,146
522,"synchronized to <*>, stratum 3",exact,synchronized to LOCAL<*> stratum <*>,1.0,kernel time sync <*>,0.2751,Registered protocol family <*>,0.261,56.46,146
523,"synchronized to <*>, stratum 3",exact,synchronized to LOCAL<*> stratum <*>,1.0,kernel time sync <*>,0.2751,Registered protocol family <*>,0.261,45.14,146
524,"synchronized to <*>, stratum 3",exact,synchronized to LOCAL<*> stratum <*>,1.0,kernel time sync <*>,0.2751,Registered protocol family <*>,0.261,56.96,146
525,"synchronized to <*>, stratum 3",exact,synchronized to LOCAL<*> stratum <*>,1.0,kernel time sync <*>,0.2751,Registered protocol family <*>,0.261,44.31,146
526,"synchronized to <*>, stratum 3",exact,synchronized to LOCAL<*> stratum <*>,1.0,kernel time sync <*>,0.2751,Registered protocol family <*>,0.261,44.19,146
527,data_thread() got not answer from any [Thunderbird_D6] datasource,partial,data_thread() got not answer from any <*> datasource,0.9881,asking for cache data failed,0.298,"jA<*> to=root, ctladdr=root (0/0), delay<*> xdelay=00:00:00, mailer=relay, pri<*> relay=[<*>] [<*>], dsn=4.0.0, stat=Deferred: Connection refused by [<*>]",0.2914,44.46,146
528,data_thread() got not answer from any [Thunderbird_C2] datasource,partial,data_thread() got not answer from any <*> datasource,0.98,asking for cache data failed,0.2943,<*> Connection<*> closed.<*>,0.2905,44.98,146
529,data_thread() got not answer from any [Thunderbird_B5] datasource,partial,data_thread() got not answer from any <*> datasource,0.989,asking for cache data failed,0.3083,"jA<*> to=root, ctladdr=root (0/0), delay<*> xdelay=00:00:00, mailer=relay, pri<*> relay=[<*>] [<*>], dsn=4.0.0, stat=Deferred: Connection refused by [<*>]",0.2926,44.58,146
530,data_thread() got not answer from any [Thunderbird_C4] datasource,exact,data_thread() got not answer from any <*> datasource,0.9911,"jA<*> to=root, ctladdr=root (0/0), delay<*> xdelay=00:00:00, mailer=relay, pri<*> relay=[<*>] [<*>], dsn=4.0.0, stat=Deferred: Connection refused by [<*>]",0.3042,asking for cache data failed,0.3033,44.57,146
531,"synchronized to <*>, stratum 3",exact,synchronized to LOCAL<*> stratum <*>,1.0,kernel time sync <*>,0.2751,Registered protocol family <*>,0.261,44.43,146
532,"synchronized to <*>, stratum 3",exact,synchronized to LOCAL<*> stratum <*>,1.0,kernel time sync <*>,0.2751,Registered protocol family <*>,0.261,59.62,146
533,data_thread() got not answer from any [Thunderbird_A3] datasource,partial,data_thread() got not answer from any <*> datasource,0.9863,asking for cache data failed,0.2981,"jA<*> to=root, ctladdr=root (0/0), delay<*> xdelay=00:00:00, mailer=relay, pri<*> relay=[<*>] [<*>], dsn=4.0.0, stat=Deferred: Connection refused by [<*>]",0.2917,44.71,146
534,"synchronized to <*>, stratum 3",exact,synchronized to LOCAL<*> stratum <*>,1.0,kernel time sync <*>,0.2751,Registered protocol family <*>,0.261,44.52,146
535,data_thread() got not answer from any [Thunderbird_A5] datasource,partial,data_thread() got not answer from any <*> datasource,0.99,asking for cache data failed,0.299,"jA<*> to=root, ctladdr=root (0/0), delay<*> xdelay=00:00:00, mailer=relay, pri<*> relay=[<*>] [<*>], dsn=4.0.0, stat=Deferred: Connection refused by [<*>]",0.2873,46.07,146
536,data_thread() got not answer from any [Thunderbird_B1] datasource,partial,data_thread() got not answer from any <*> datasource,0.9853,"jA<*> to=root, ctladdr=root (0/0), delay<*> xdelay=00:00:00, mailer=relay, pri<*> relay=[<*>] [<*>], dsn=4.0.0, stat=Deferred: Connection refused by [<*>]",0.3042,asking for cache data failed,0.2968,44.58,146
537,data_thread() got not answer from any [Thunderbird_B6] datasource,exact,data_thread() got not answer from any <*> datasource,0.9922,asking for cache data failed,0.3049,"jA<*> to=root, ctladdr=root (0/0), delay<*> xdelay=00:00:00, mailer=relay, pri<*> relay=[<*>] [<*>], dsn=4.0.0, stat=Deferred: Connection refused by [<*>]",0.2996,48.03,146
538,[ib_sm_sweep.c:1831]: ********************** NEW SWEEP ********************,exact,[ib_sm_sweep.c:1831]: ********************** NEW SWEEP ********************,1.0,[ib_sm_sweep.c:1482]: No configuration change required,0.6595,[ib_sm_sweep.c:1455]: No topology change,0.5394,55.38,146
539,data_thread() got not answer from any [Thunderbird_A4] datasource,exact,data_thread() got not answer from any <*> datasource,0.9914,"jA<*> to=root, ctladdr=root (0/0), delay<*> xdelay=00:00:00, mailer=relay, pri<*> relay=[<*>] [<*>], dsn=4.0.0, stat=Deferred: Connection refused by [<*>]",0.304,asking for cache data failed,0.2979,51.54,146
540,"synchronized to <*>, stratum 3",exact,synchronized to LOCAL<*> stratum <*>,1.0,kernel time sync <*>,0.2751,Registered protocol family <*>,0.261,49.76,146
541,data_thread() got not answer from any [Thunderbird_A2] datasource,partial,data_thread() got not answer from any <*> datasource,0.9808,"jA<*> to=root, ctladdr=root (0/0), delay<*> xdelay=00:00:00, mailer=relay, pri<*> relay=[<*>] [<*>], dsn=4.0.0, stat=Deferred: Connection refused by [<*>]",0.2951,asking for cache data failed,0.2878,47.28,146
542,data_thread() got not answer from any [Thunderbird_C5] datasource,partial,data_thread() got not answer from any <*> datasource,0.9892,asking for cache data failed,0.3035,"jA<*> to=root, ctladdr=root (0/0), delay<*> xdelay=00:00:00, mailer=relay, pri<*> relay=[<*>] [<*>], dsn=4.0.0, stat=Deferred: Connection refused by [<*>]",0.285,59.22,146
543,data_thread() got not answer from any [Thunderbird_D7] datasource,exact,data_thread() got not answer from any <*> datasource,0.9908,asking for cache data failed,0.3009,"jA<*> to=root, ctladdr=root (0/0), delay<*> xdelay=00:00:00, mailer=relay, pri<*> relay=[<*>] [<*>], dsn=4.0.0, stat=Deferred: Connection refused by [<*>]",0.295,59.58,146
544,[ib_sm_sweep.c:1455]: No topology change,exact,[ib_sm_sweep.c:1455]: No topology change,1.0,[ib_sm_sweep.c:1482]: No configuration change required,0.7019,[ib_sm_sweep.c:1831]: ********************** NEW SWEEP ********************,0.5394,53.53,146
545,[ib_sm_sweep.c:1482]: No configuration change required,exact,[ib_sm_sweep.c:1482]: No configuration change required,1.0,[ib_sm_sweep.c:1455]: No topology change,0.7019,[ib_sm_sweep.c:1831]: ********************** NEW SWEEP ********************,0.6595,44.67,146
546,data_thread() got not answer from any [Thunderbird_B8] datasource,partial,data_thread() got not answer from any <*> datasource,0.9889,"jA<*> to=root, ctladdr=root (0/0), delay<*> xdelay=00:00:00, mailer=relay, pri<*> relay=[<*>] [<*>], dsn=4.0.0, stat=Deferred: Connection refused by [<*>]",0.3125,asking for cache data failed,0.3075,44.46,146
547,data_thread() got not answer from any [Thunderbird_A8] datasource,partial,data_thread() got not answer from any <*> datasource,0.9879,"jA<*> to=root, ctladdr=root (0/0), delay<*> xdelay=00:00:00, mailer=relay, pri<*> relay=[<*>] [<*>], dsn=4.0.0, stat=Deferred: Connection refused by [<*>]",0.3088,asking for cache data failed,0.2966,44.58,146
548,data_thread() got not answer from any [Thunderbird_B2] datasource,partial,data_thread() got not answer from any <*> datasource,0.9899,"jA<*> to=root, ctladdr=root (0/0), delay<*> xdelay=00:00:00, mailer=relay, pri<*> relay=[<*>] [<*>], dsn=4.0.0, stat=Deferred: Connection refused by [<*>]",0.3066,asking for cache data failed,0.3018,44.55,146
549,"synchronized to <*>, stratum 3",exact,synchronized to LOCAL<*> stratum <*>,1.0,kernel time sync <*>,0.2751,Registered protocol family <*>,0.261,44.27,146
550,"synchronized to <*>, stratum 3",exact,synchronized to LOCAL<*> stratum <*>,1.0,kernel time sync <*>,0.2751,Registered protocol family <*>,0.261,44.24,146
551,data_thread() got not answer from any [Thunderbird_A7] datasource,partial,data_thread() got not answer from any <*> datasource,0.9883,asking for cache data failed,0.2967,"jA<*> to=root, ctladdr=root (0/0), delay<*> xdelay=00:00:00, mailer=relay, pri<*> relay=[<*>] [<*>], dsn=4.0.0, stat=Deferred: Connection refused by [<*>]",0.2927,44.79,146
552,data_thread() got not answer from any [Thunderbird_C1] datasource,partial,data_thread() got not answer from any <*> datasource,0.9887,"jA<*> to=root, ctladdr=root (0/0), delay<*> xdelay=00:00:00, mailer=relay, pri<*> relay=[<*>] [<*>], dsn=4.0.0, stat=Deferred: Connection refused by [<*>]",0.2979,asking for cache data failed,0.2902,44.23,146
553,"Device: /dev/sda, Temperature changed -2 Celsius to 26 Celsius since last report",exact,"Device: /dev/sda, Temperature changed -2 Celsius to 26 Celsius since last report",1.0,(root) CMD (/projects/tbird/temps/get_temps <*>,0.4099,Unknown cmd fd(5) cmd(80081272){00} arg(ffffda44) on /dev/sda,0.3867,45.52,146
554,data_thread() got not answer from any [Thunderbird_A1] datasource,partial,data_thread() got not answer from any <*> datasource,0.9733,"jA<*> to=root, ctladdr=root (0/0), delay<*> xdelay=00:00:00, mailer=relay, pri<*> relay=[<*>] [<*>], dsn=4.0.0, stat=Deferred: Connection refused by [<*>]",0.2883,asking for cache data failed,0.2757,58.89,146
555,data_thread() got not answer from any [Thunderbird_C8] datasource,partial,data_thread() got not answer from any <*> datasource,0.9878,"jA<*> to=root, ctladdr=root (0/0), delay<*> xdelay=00:00:00, mailer=relay, pri<*> relay=[<*>] [<*>], dsn=4.0.0, stat=Deferred: Connection refused by [<*>]",0.3055,asking for cache data failed,0.3005,59.61,146
556,"synchronized to <*>, stratum 3",exact,synchronized to LOCAL<*> stratum <*>,1.0,kernel time sync <*>,0.2751,Registered protocol family <*>,0.261,61.29,146
557,data_thread() got not answer from any [Thunderbird_B7] datasource,partial,data_thread() got not answer from any <*> datasource,0.9895,asking for cache data failed,0.3055,"jA<*> to=root, ctladdr=root (0/0), delay<*> xdelay=00:00:00, mailer=relay, pri<*> relay=[<*>] [<*>], dsn=4.0.0, stat=Deferred: Connection refused by [<*>]",0.2975,70.14,146
558,data_thread() got not answer from any [Thunderbird_C6] datasource,exact,data_thread() got not answer from any <*> datasource,0.9902,asking for cache data failed,0.297,"jA<*> to=root, ctladdr=root (0/0), delay<*> xdelay=00:00:00, mailer=relay, pri<*> relay=[<*>] [<*>], dsn=4.0.0, stat=Deferred: Connection refused by [<*>]",0.2922,53.0,146
559,"synchronized to <*>, stratum 3",exact,synchronized to LOCAL<*> stratum <*>,1.0,kernel time sync <*>,0.2751,Registered protocol family <*>,0.261,88.2,146
560,data_thread() got not answer from any [Thunderbird_B3] datasource,partial,data_thread() got not answer from any <*> datasource,0.9893,asking for cache data failed,0.3078,"jA<*> to=root, ctladdr=root (0/0), delay<*> xdelay=00:00:00, mailer=relay, pri<*> relay=[<*>] [<*>], dsn=4.0.0, stat=Deferred: Connection refused by [<*>]",0.3009,82.06,146
561,data_thread() got not answer from any [Thunderbird_D5] datasource,partial,data_thread() got not answer from any <*> datasource,0.9874,asking for cache data failed,0.3065,"jA<*> to=root, ctladdr=root (0/0), delay<*> xdelay=00:00:00, mailer=relay, pri<*> relay=[<*>] [<*>], dsn=4.0.0, stat=Deferred: Connection refused by [<*>]",0.2863,48.15,146
562,[ib_sm_sweep.c:1831]: ********************** NEW SWEEP ********************,exact,[ib_sm_sweep.c:1831]: ********************** NEW SWEEP ********************,1.0,[ib_sm_sweep.c:1482]: No configuration change required,0.6595,[ib_sm_sweep.c:1455]: No topology change,0.5394,72.15,146
563,data_thread() got not answer from any [Thunderbird_D8] datasource,partial,data_thread() got not answer from any <*> datasource,0.9877,"jA<*> to=root, ctladdr=root (0/0), delay<*> xdelay=00:00:00, mailer=relay, pri<*> relay=[<*>] [<*>], dsn=4.0.0, stat=Deferred: Connection refused by [<*>]",0.3073,asking for cache data failed,0.3057,55.86,146
564,data_thread() got not answer from any [Thunderbird_B4] datasource,exact,data_thread() got not answer from any <*> datasource,0.992,asking for cache data failed,0.309,"jA<*> to=root, ctladdr=root (0/0), delay<*> xdelay=00:00:00, mailer=relay, pri<*> relay=[<*>] [<*>], dsn=4.0.0, stat=Deferred: Connection refused by [<*>]",0.3079,56.82,146
565,[ib_sm_sweep.c:1455]: No topology change,exact,[ib_sm_sweep.c:1455]: No topology change,1.0,[ib_sm_sweep.c:1482]: No configuration change required,0.7019,[ib_sm_sweep.c:1831]: ********************** NEW SWEEP ********************,0.5394,45.94,146
566,[ib_sm_sweep.c:1482]: No configuration change required,exact,[ib_sm_sweep.c:1482]: No configuration change required,1.0,[ib_sm_sweep.c:1455]: No topology change,0.7019,[ib_sm_sweep.c:1831]: ********************** NEW SWEEP ********************,0.6595,46.46,146
567,data_thread() got not answer from any [Thunderbird_D4] datasource,partial,data_thread() got not answer from any <*> datasource,0.9835,"jA<*> to=root, ctladdr=root (0/0), delay<*> xdelay=00:00:00, mailer=relay, pri<*> relay=[<*>] [<*>], dsn=4.0.0, stat=Deferred: Connection refused by [<*>]",0.3074,asking for cache data failed,0.3035,58.73,146
568,"synchronized to <*>, stratum 3",exact,synchronized to LOCAL<*> stratum <*>,1.0,kernel time sync <*>,0.2751,Registered protocol family <*>,0.261,53.63,146
569,data_thread() got not answer from any [Thunderbird_A6] datasource,exact,data_thread() got not answer from any <*> datasource,0.9921,"jA<*> to=root, ctladdr=root (0/0), delay<*> xdelay=00:00:00, mailer=relay, pri<*> relay=[<*>] [<*>], dsn=4.0.0, stat=Deferred: Connection refused by [<*>]",0.2939,asking for cache data failed,0.2937,44.69,146
570,"synchronized to <*>, stratum 3",exact,synchronized to LOCAL<*> stratum <*>,1.0,kernel time sync <*>,0.2751,Registered protocol family <*>,0.261,44.3,146
571,data_thread() got not answer from any [Thunderbird_C2] datasource,partial,data_thread() got not answer from any <*> datasource,0.98,asking for cache data failed,0.2943,<*> Connection<*> closed.<*>,0.2905,44.53,146
572,"synchronized to <*>, stratum 3",exact,synchronized to LOCAL<*> stratum <*>,1.0,kernel time sync <*>,0.2751,Registered protocol family <*>,0.261,43.99,146
573,data_thread() got not answer from any [Thunderbird_D6] datasource,partial,data_thread() got not answer from any <*> datasource,0.9881,asking for cache data failed,0.298,"jA<*> to=root, ctladdr=root (0/0), delay<*> xdelay=00:00:00, mailer=relay, pri<*> relay=[<*>] [<*>], dsn=4.0.0, stat=Deferred: Connection refused by [<*>]",0.2914,44.74,146
574,"synchronized to <*>, stratum 3",exact,synchronized to LOCAL<*> stratum <*>,1.0,kernel time sync <*>,0.2751,Registered protocol family <*>,0.261,44.51,146
575,"synchronized to <*>, stratum 3",exact,synchronized to LOCAL<*> stratum <*>,1.0,kernel time sync <*>,0.2751,Registered protocol family <*>,0.261,44.17,146
576,"synchronized to <*>, stratum 3",exact,synchronized to LOCAL<*> stratum <*>,1.0,kernel time sync <*>,0.2751,Registered protocol family <*>,0.261,44.09,146
577,data_thread() got not answer from any [Thunderbird_A5] datasource,partial,data_thread() got not answer from any <*> datasource,0.99,asking for cache data failed,0.299,"jA<*> to=root, ctladdr=root (0/0), delay<*> xdelay=00:00:00, mailer=relay, pri<*> relay=[<*>] [<*>], dsn=4.0.0, stat=Deferred: Connection refused by [<*>]",0.2873,44.43,146
578,"synchronized to <*>, stratum 3",exact,synchronized to LOCAL<*> stratum <*>,1.0,kernel time sync <*>,0.2751,Registered protocol family <*>,0.261,44.31,146
579,data_thread() got not answer from any [Thunderbird_A4] datasource,exact,data_thread() got not answer from any <*> datasource,0.9914,"jA<*> to=root, ctladdr=root (0/0), delay<*> xdelay=00:00:00, mailer=relay, pri<*> relay=[<*>] [<*>], dsn=4.0.0, stat=Deferred: Connection refused by [<*>]",0.304,asking for cache data failed,0.2979,44.78,146
580,data_thread() got not answer from any [Thunderbird_C4] datasource,exact,data_thread() got not answer from any <*> datasource,0.9911,"jA<*> to=root, ctladdr=root (0/0), delay<*> xdelay=00:00:00, mailer=relay, pri<*> relay=[<*>] [<*>], dsn=4.0.0, stat=Deferred: Connection refused by [<*>]",0.3042,asking for cache data failed,0.3033,44.95,146
581,"synchronized to <*>, stratum 3",exact,synchronized to LOCAL<*> stratum <*>,1.0,kernel time sync <*>,0.2751,Registered protocol family <*>,0.261,44.07,146
582,data_thread() got not answer from any [Thunderbird_B1] datasource,partial,data_thread() got not answer from any <*> datasource,0.9853,"jA<*> to=root, ctladdr=root (0/0), delay<*> xdelay=00:00:00, mailer=relay, pri<*> relay=[<*>] [<*>], dsn=4.0.0, stat=Deferred: Connection refused by [<*>]",0.3042,asking for cache data failed,0.2968,44.41,146
583,[ib_sm_sweep.c:1831]: ********************** NEW SWEEP ********************,exact,[ib_sm_sweep.c:1831]: ********************** NEW SWEEP ********************,1.0,[ib_sm_sweep.c:1482]: No configuration change required,0.6595,[ib_sm_sweep.c:1455]: No topology change,0.5394,46.66,146
584,data_thread() got not answer from any [Thunderbird_A3] datasource,partial,data_thread() got not answer from any <*> datasource,0.9863,asking for cache data failed,0.2981,"jA<*> to=root, ctladdr=root (0/0), delay<*> xdelay=00:00:00, mailer=relay, pri<*> relay=[<*>] [<*>], dsn=4.0.0, stat=Deferred: Connection refused by [<*>]",0.2917,45.08,146
585,data_thread() got not answer from any [Thunderbird_B5] datasource,partial,data_thread() got not answer from any <*> datasource,0.989,asking for cache data failed,0.3083,"jA<*> to=root, ctladdr=root (0/0), delay<*> xdelay=00:00:00, mailer=relay, pri<*> relay=[<*>] [<*>], dsn=4.0.0, stat=Deferred: Connection refused by [<*>]",0.2926,44.56,146
586,"synchronized to <*>, stratum 3",exact,synchronized to LOCAL<*> stratum <*>,1.0,kernel time sync <*>,0.2751,Registered protocol family <*>,0.261,44.27,146
587,"synchronized to <*>, stratum 3",exact,synchronized to LOCAL<*> stratum <*>,1.0,kernel time sync <*>,0.2751,Registered protocol family <*>,0.261,44.19,146
588,data_thread() got not answer from any [Thunderbird_B2] datasource,partial,data_thread() got not answer from any <*> datasource,0.9899,"jA<*> to=root, ctladdr=root (0/0), delay<*> xdelay=00:00:00, mailer=relay, pri<*> relay=[<*>] [<*>], dsn=4.0.0, stat=Deferred: Connection refused by [<*>]",0.3066,asking for cache data failed,0.3018,44.99,146
589,data_thread() got not answer from any [Thunderbird_B6] datasource,exact,data_thread() got not answer from any <*> datasource,0.9922,asking for cache data failed,0.3049,"jA<*> to=root, ctladdr=root (0/0), delay<*> xdelay=00:00:00, mailer=relay, pri<*> relay=[<*>] [<*>], dsn=4.0.0, stat=Deferred: Connection refused by [<*>]",0.2996,44.75,146
590,data_thread() got not answer from any [Thunderbird_A8] datasource,partial,data_thread() got not answer from any <*> datasource,0.9879,"jA<*> to=root, ctladdr=root (0/0), delay<*> xdelay=00:00:00, mailer=relay, pri<*> relay=[<*>] [<*>], dsn=4.0.0, stat=Deferred: Connection refused by [<*>]",0.3088,asking for cache data failed,0.2966,44.39,146
591,[ib_sm_sweep.c:1455]: No topology change,exact,[ib_sm_sweep.c:1455]: No topology change,1.0,[ib_sm_sweep.c:1482]: No configuration change required,0.7019,[ib_sm_sweep.c:1831]: ********************** NEW SWEEP ********************,0.5394,44.42,146
592,[ib_sm_sweep.c:1482]: No configuration change required,exact,[ib_sm_sweep.c:1482]: No configuration change required,1.0,[ib_sm_sweep.c:1455]: No topology change,0.7019,[ib_sm_sweep.c:1831]: ********************** NEW SWEEP ********************,0.6595,44.6,146
593,"synchronized to <*>, stratum 3",exact,synchronized to LOCAL<*> stratum <*>,1.0,kernel time sync <*>,0.2751,Registered protocol family <*>,0.261,44.14,146
594,"synchronized to <*>, stratum 3",exact,synchronized to LOCAL<*> stratum <*>,1.0,kernel time sync <*>,0.2751,Registered protocol family <*>,0.261,43.98,146
595,"synchronized to <*>, stratum 3",exact,synchronized to LOCAL<*> stratum <*>,1.0,kernel time sync <*>,0.2751,Registered protocol family <*>,0.261,44.1,146
596,"synchronized to <*>, stratum 3",exact,synchronized to LOCAL<*> stratum <*>,1.0,kernel time sync <*>,0.2751,Registered protocol family <*>,0.261,44.38,146
597,data_thread() got not answer from any [Thunderbird_D7] datasource,exact,data_thread() got not answer from any <*> datasource,0.9908,asking for cache data failed,0.3009,"jA<*> to=root, ctladdr=root (0/0), delay<*> xdelay=00:00:00, mailer=relay, pri<*> relay=[<*>] [<*>], dsn=4.0.0, stat=Deferred: Connection refused by [<*>]",0.295,44.7,146
598,"synchronized to <*>, stratum 3",exact,synchronized to LOCAL<*> stratum <*>,1.0,kernel time sync <*>,0.2751,Registered protocol family <*>,0.261,44.33,146
599,"synchronized to <*>, stratum 3",exact,synchronized to LOCAL<*> stratum <*>,1.0,kernel time sync <*>,0.2751,Registered protocol family <*>,0.261,44.64,146
600,"synchronized to <*>, stratum 3",exact,synchronized to LOCAL<*> stratum <*>,1.0,kernel time sync <*>,0.2751,Registered protocol family <*>,0.261,45.0,146
